date,variant,selected_k,risk_alpha,risk_q_floor_kwh,planned_cost_yuan,emergency_cost_yuan,total_cost_yuan,planned_q_kwh,planned_q_sha256,day_ahead_virtual_next_day_value_yuan,actual_x_kwh,unused_plan_kwh,emergency_kwh,curtailment_kwh,soc_start_kwh,soc_end_kwh,max_balance_residual_kwh,max_simultaneous_cd_kwh2,max_x_minus_q_kwh,mean_mpc_solve_seconds,total_mpc_solve_seconds,terminal_virtual_next_day_value_yuan,estimated_334_day_runtime_hours,pass,effective_scenario_count
2025-01-01,fixed_k8_rolling_risk_quantile,1,,0.0,34886.96347102393,137976.12297302607,172863.08644405002,60085.88773715367,f6e9397008a93f4f2e686a120e86ba596293de38b0618676ef28c72e9ea741d8,30602.704684660228,60064.67043574818,21.217301405490957,36788.27004909357,0.0,6000.0,8110.865510770157,2.2737367544323206e-13,0.0,0.0,0.014043858192962944,2.022315579786664,30745.54399034483,0.18762594545798492,True,1
2025-01-02,fixed_k8_rolling_risk_quantile,1,,0.0,72451.0156160491,2202.5677616305907,74653.5833776797,111387.48831119042,1a8a63332c818c2ebeb61b6f82a836d4059e887e1bc8ef7bf0d8846aa73304e9,69117.02845226438,94959.77045073087,16427.717860459547,681.6322270903876,162.7667,8110.865510770157,8460.773572297821,1.7053025658242404e-12,0.0,0.0,0.013901354429536796,2.0017950378532987,69102.48379224094,0.1857220951786116,True,1
2025-01-03,fixed_k8_rolling_risk_quantile,1,,0.0,72576.78545334458,0.0,72576.78545334458,111300.5662226817,b85c656e383fea2d798706471a0773517bbcf5cd44561d1ecf9e4f0ab0bca66c,69400.18225526938,57071.98970416741,54228.57651851427,0.0,8309.696616666664,8460.773572297821,10799.999999751853,1.3500311979441904e-13,0.0,0.0,0.013304405362658953,1.9158343722228892,68359.56332043617,0.1777468556451236,True,1
2025-01-04,fixed_k8_rolling_risk_quantile,1,,0.0,59374.450581526806,1.262005505111574e-07,59374.45058165301,92866.19002556067,410ed57747ac2d0ececc3b9f74032a5bd6cd3ba5594b7dbbcf04cc8742db369e,57223.799039355166,52672.61564648943,40193.57437907124,5.9027385646004404e-08,7020.67762118079,10799.999999751853,10681.172146270479,1.4210854715202004e-13,0.0,0.0,0.012903959478232233,1.8581701648654416,56233.16488643232,0.17239689862918264,True,1
2025-01-05,fixed_k8_rolling_risk_quantile,1,,0.0,59216.442797804186,3487.7479210798006,62704.19071888398,92564.17451161274,510d18e9f33324425c86973095b873d989da081eaf66bca6ac0d6996cb1ec40f,57015.7984312217,90079.25196562402,2484.922545988725,1133.5787709535548,0.0039833333333333335,10681.172146270479,8355.938454917909,1.7053025658242404e-12,0.0,0.0,0.013007116627300598,1.873024794331286,57048.35684540851,0.17377507814073598,True,1
2025-01-06,fixed_k8_rolling_risk_quantile,1,,0.0,59101.66816359169,4674.900977583132,63776.56914117482,93567.77152035321,b110068c5a7549b9a04c4ec99ead6fba4dff7c3a01b56ce9252b769758f394ec,55878.08569598883,91980.9440439044,1586.82747644882,1320.027135641351,0.0,8355.938454917909,8439.007312540829,2.2737367544323206e-13,0.0,0.0,0.01304107435478525,1.8779147070890758,55873.28749947158,0.17422875337993093,True,1
2025-01-07,fixed_k8_rolling_risk_quantile,1,,0.0,58884.408546394305,12393.903761628228,71278.31230802253,93163.08503710544,a4d2b44a52d119fb2f0a505c6cfe95df16365db96b5de320a5c53dc0a035ecf5,68299.72480638664,91574.30277709119,1588.78226001425,3703.4312155711814,0.0,8439.007312540829,8518.544983030455,1.7053025658242404e-12,0.0,0.0,0.012979864036525315,1.8691004212596454,68259.31134975885,0.1734109835279782,True,1
2025-01-08,fixed_k8_rolling_risk_quantile,1,,0.0,71609.08278783591,60.069405519975064,71669.15219335588,109628.41640928839,8d7bd28aca9f519b47479c8d68842136b11a98576c4d5c00863b914dcc7237dd,68711.3509029466,92333.59568708719,17294.82072220119,28.23331672667995,0.0023,8518.544983030455,9242.143712947072,2.2737367544323206e-13,0.0,0.0,0.013391278972954347,1.928344172105426,68346.93284294894,0.17890748707867007,True,1
2025-01-09,fixed_k8_rolling_risk_quantile,1,,0.0,71406.85908543615,24.591695201190156,71431.45078063734,108963.90943695782,38287f84ac1508dbc33493d66d1e9c515b3d97646a9add16d8ec65a3acfa22ad,31898.632848713456,93090.52563546109,15873.383801496742,5.940740476190399,0.0023,9242.143712947072,9159.757240606938,2.2737367544323206e-13,0.0,0.0,0.012914904493098019,1.8597462470061146,31571.09831850966,0.1725431240277895,True,1
2025-01-10,fixed_k8_rolling_risk_quantile,1,,0.0,34656.03719702203,0.0,34656.03719702203,62724.91885386174,9fdb339a26fb60bcd7c0d883076a0346a145bc4db71eb0415938448282b4a161,31919.434345436817,49665.71284293981,13059.206010921931,0.0,2429.3712251851885,9159.757240606938,9323.699207058438,2.2737367544323206e-13,0.0,0.0,0.012817020582183937,1.845650963834487,31518.523277372067,0.1712353949779774,True,1
2025-01-11,fixed_k8_rolling_risk_quantile,1,,0.0,24343.54893431571,3799.687714202779,28143.23664851849,46641.74573714935,515ab1e9384b5e59452c986223639bd9021985bf214b4c8063d80fb9f21aacc5,56345.36579402044,45005.30313002213,1636.442607127215,1400.482551665079,502.4092380952398,9323.699207058438,8368.563718991634,1.7053025658242404e-12,0.0,0.0,0.012860205707612395,1.851869621896185,56372.24293897573,0.17181234825370162,True,1
2025-01-12,fixed_k8_rolling_risk_quantile,1,,0.0,59008.08666595548,6235.101180103868,65243.18784605935,93483.72715476606,610fc18dbbaf58613bee25f36d296838fe760bd97cf5665bdb03bddcebb37e96,55026.37689500886,91670.79187269091,1812.9352820751574,1914.265470383237,0.0,8368.563718991634,8523.749147348884,1.7053025658242404e-12,0.0,0.0,0.012753125556224,1.836450080096256,55027.89057145395,0.17038175743115264,True,1
2025-01-13,fixed_k8_rolling_risk_quantile,1,,0.0,58311.16105629018,3739.937964787514,62051.099021077694,92509.26188367873,e023eb144d95f760f6e506cfa483890d0e98590389f448fe7e8a14b9c72327b9,55205.92177536769,89259.5655805552,3249.69630312355,1144.7658283702467,0.0,8523.749147348884,8173.690137351283,1.7053025658242404e-12,0.0,0.0,0.012907133716604827,1.8586272551910952,55320.49049471311,0.1724393064538405,True,1
2025-01-14,fixed_k8_rolling_risk_quantile,1,,0.0,58215.9644712383,4883.039619534311,63099.004090772614,92620.05293173812,7064b4b39e0b37f9a6cb5164bc02101fe864fa09068007792e211599939c49f2,54987.07239223736,90461.8549151553,2158.1980165828304,1348.4935332808864,0.0,8173.690137351283,8132.41291615766,1.7053025658242404e-12,0.0,0.0,0.013698919618642927,1.9726444250845816,55120.21553548268,0.1830175661050695,True,1
2025-01-15,fixed_k8_rolling_risk_quantile,1,,0.0,57967.17651327277,7918.795083678362,65885.97159695113,92225.97000267787,dc9cf69716c6c9e63081a1ab3959d2ff57a81a4e6c7a8f40ed0bbf8e627f08fe,54934.717444958456,90811.86065860406,1414.109344073815,2090.1469949844495,0.0,8132.41291615766,8321.633777538129,3.410605131648481e-12,0.0,0.0,0.013249561035182624,1.907936789066298,54982.712693338006,0.17701413543003985,True,1
2025-01-16,fixed_k8_rolling_risk_quantile,1,,0.0,58174.513550273914,7523.369901467317,65697.88345174123,92442.10553872961,e5b888e2345f60c068f9a0255b2cd340e237fc3ccc6441c882b4477255ceadb9,20459.77680518139,89692.83333610155,2749.2722026280517,1861.649950796637,0.0,8321.633777538129,8291.571099636329,1.1368683772161603e-13,0.0,0.0,0.013008487250772305,1.873222164111212,20521.30002145576,0.173793389670318,True,1
2025-01-17,fixed_k8_rolling_risk_quantile,1,,0.0,24057.758110929986,2351.6147097989706,26409.372820728957,46724.60696981364,644cb2a1af6607558b053cd5e821cc9817bd38ef9ee72f1dd744bc7e934dacde,20913.87699616668,45299.03652079866,1425.5704490149835,863.8311995200272,1593.0095783068798,8291.571099636329,8200.383441564083,1.1368683772161603e-13,0.0,0.0,0.01287733450792277,1.854336169140879,21016.433939197217,0.17204118902584822,True,1
2025-01-18,fixed_k8_rolling_risk_quantile,1,,0.0,34440.93331610346,73.93132448333293,34514.86464058679,62674.912323315104,75be0bf6e7ba51d0239957698f21749a0ea535e9b93575a4d47be8b0a87fcdc9,67174.11067090093,49522.26733471053,13152.644988604567,34.54406666666648,3581.265921191343,8200.383441564083,9389.919702569357,1.1368683772161603e-13,0.0,0.0,0.012791436339992086,1.8419668329588603,66743.56842834629,0.17089358950229427,True,1
2025-01-19,fixed_k8_rolling_risk_quantile,1,,0.0,69750.63105647366,0.0,69750.63105647366,107036.31763279518,7c9a11b796e169777b92ca2f025f368d130f1e0e100ef0aeb617b5fda9534aa3,66838.91873304712,90804.04931779587,16232.268314999299,0.0,357.1782666666666,9389.919702569357,9060.858119853425,1.1368683772161603e-13,0.0,0.0,0.012956637770508274,1.8657558389531914,66555.6691044338,0.17310068061399053,True,1
2025-01-20,fixed_k8_rolling_risk_quantile,1,,0.0,69564.18306250346,70.19484401583944,69634.37790651931,106919.15068166322,2309c33d04986b42b87480d1e7eb5808cd5977af5c98b6613666d730f521f8cc,66704.28569190377,90235.89374483857,16683.256936824662,17.897708393361476,0.0,9060.858119853425,9129.282197056122,2.2737367544323206e-13,0.0,0.0,0.013584108854047372,1.9561116749828216,66390.39723149544,0.18148369429007288,True,1
2025-01-21,fixed_k8_rolling_risk_quantile,1,,0.0,69642.32181543394,46.73686453333313,69689.05867996727,106996.92354826318,f69ca6ed156b92872191b5958b52a979ee52482205ee4542b8004913107b9469,66836.19879284874,85741.89794982664,21255.025598436525,7.5914666666666335,148.38935000000015,9129.282197056122,9319.569463380953,2.2737367544323206e-13,0.0,0.0,0.012952693284710727,1.8651878329983447,66437.13562934106,0.1730479822837353,True,1
2025-01-22,fixed_k8_rolling_risk_quantile,1,,0.0,69165.8374768518,111.50456358571392,69277.3420404375,106108.56527721329,28887db9295198f71dff6937bf7549816ece2d182acfa40e1897400b5458b4fb,66524.00860566465,90514.28112934086,15594.284147872422,17.60179523809518,0.0,9319.569463380953,8852.758421906534,1.4210854715202004e-13,0.0,0.0,0.013088550944303279,1.8847513359796721,66333.94155112245,0.1748630406158918,True,1
2025-01-23,fixed_k8_rolling_risk_quantile,1,,0.0,69408.77920802817,152.8514505623019,69561.63065859047,106672.34277398436,edc0cf7ac42dbac2084b17942a034accf53fef404b7dd168c9d084091aef8fd3,30197.273261138227,91946.32714500798,14726.015628976382,67.92931507936521,0.0,8852.758421906534,9182.01169509766,2.2737367544323206e-13,0.0,0.0,0.013122604144478424,1.889654996804893,29859.77366431157,0.17531799137023174,True,1
2025-01-24,fixed_k8_rolling_risk_quantile,1,,0.0,22252.13102289418,1808.7449283452447,24060.875951239424,43211.56164866234,4131cda973b27cf6c33a197fb18d940c6e8d69a9715483e4cad36d130c680afd,19543.772380862487,42131.20241361412,1080.3592350482215,665.4761267195787,1955.4511820987682,9182.01169509766,8304.002867458972,1.1368683772161603e-13,0.0,0.0,0.012922390367950558,1.8608242129848804,19599.701399688885,0.17264313531581946,True,1
2025-01-25,fixed_k8_rolling_risk_quantile,1,,0.0,22630.562193880367,1206.0943963116106,23836.65659019198,43959.88188949429,38dc5e136fc5187886b103183ec30d73fd45959f8472a9561c7eb203f3c8b04a,53154.39060476897,42733.26629640586,1226.6155930884288,463.47473388272294,2724.6735006172835,8304.002867458972,8390.667789453773,1.1368683772161603e-13,0.0,0.0,0.013572760424317999,1.9544775011017919,53171.3210923929,0.18133207926888847,True,1
2025-01-26,fixed_k8_rolling_risk_quantile,1,,0.0,55935.395234477604,7586.678962205106,63522.07419668271,89002.15421948778,435801c6acbff8836dca513ce94dfbb5bc8785103e17036a10a572115b074c8b,52707.84584911265,87471.5048282852,1530.6493912025921,2660.203670808512,0.0,8390.667789453773,8319.556378724761,1.7053025658242404e-12,0.0,0.0,0.01334163107013511,1.9211948740994558,52756.77591057118,0.17824419109700507,True,1
2025-01-27,fixed_k8_rolling_risk_quantile,1,,0.0,55764.09443576925,2975.6726856448413,58739.767121414094,88893.649242388,7fd2c8c4a28399a4f1361e92428a8ddf779f1045ddb238150737851036898514,52335.82251721786,85542.68520065243,3350.9640417355545,971.6101566512684,0.0,8319.556378724761,8292.194637957627,1.7053025658242404e-12,0.0,0.0,0.013031776062133658,1.8765757529472467,52397.06514616449,0.17410452819010566,True,1
2025-01-28,fixed_k8_rolling_risk_quantile,1,,0.0,55236.03557430519,8488.290175146874,63724.325749452066,88280.35738362416,7f2b0f5e9e6ac956274e42ba71501f977b6503f1330bff5a8a4339c9d5a8d089,52305.22442292653,86805.04547853112,1475.3119050930472,2772.1561496386075,0.0,8292.194637957627,8316.96591248313,3.410605131648481e-12,0.0,0.0,0.013001072978416536,1.872154508891981,52355.320173759195,0.1736943349916449,True,1
2025-01-29,fixed_k8_rolling_risk_quantile,8,0.6,1981.8872027777784,55579.588418092215,391.93028051425944,55971.51869860647,85760.82655914639,020b614504381a2e6903bb4bdd0bbf34331e1c3261e2cf190111f5bdace74585,68144.3880451985,79612.05882504773,6148.767734098654,183.14533617191424,0.0,8316.96591248313,4857.414365462816,2.2737367544323206e-13,0.0,0.0,0.013127603283768016,1.8903748728625942,68057.15478162761,0.17538477987114068,True,8
2025-01-30,fixed_k8_rolling_risk_quantile,8,0.6,1322.0915767857146,55883.913934118056,2512.991957041778,58396.90589115983,88008.9803918639,7ba699621284fc051228eba403d2c832d82544ec6be65e6670ce54eaeac5d15f,27772.8031361729,85004.66060723172,3004.319784632161,647.7903916092898,6.083333333333485,4857.414365462816,4485.955901330252,2.2737367544323206e-13,0.0,0.0,0.01334902079300567,1.9222589941928163,27823.925717674607,0.17834291779455574,True,8
2025-01-31,fixed_k8_rolling_risk_quantile,8,0.6,1376.594875396826,21063.455707775945,1015.4012083712985,22078.856916147244,39628.768378921195,5efb84ef5ff0c1d090eb6b24367cbb74aadd1abfae2212b4ab3c4138f027f335,26525.587242504294,38232.44455216347,1396.3238267577262,462.0783559003811,9.29797664639409e-07,4485.955901330252,2644.8679035906453,1.1368683772161603e-13,0.0,0.0,0.013047855360532089,1.8788911719166208,26762.840163529054,0.1743193476167087,True,8
2025-02-01,fixed_k8_rolling_risk_quantile,8,0.6,844.0082470238099,22181.758171098518,0.0,22181.758171098518,42329.70875734525,e5b3895d7948f47e18995437888b1cbae897557a384bf7535a946ffd92a19d09,60625.87476591128,39883.71606872315,2445.9926886220983,0.0,1960.90471706089,2644.8679035906453,4384.9993670834965,1.1368683772161603e-13,0.0,0.0,0.01636240595063201,2.3561864568910096,60256.518109142184,0.21860174350044367,True,8
2025-02-02,fixed_k8_rolling_risk_quantile,8,0.6,879.9320648809531,57265.53291438207,0.0,57265.53291438207,92552.23264507586,ecde4df1adfa0fa3fed8bb31c6824d1105410f4dd815bedbf76061acbe8bed1d,57986.337265533635,86318.29039572405,6233.942249351809,0.0,0.0,4384.9993670834965,9929.346676742747,1.1368683772161603e-13,0.0,0.0,0.013277425653440231,1.9119492940953933,57612.124810553294,0.17738640672996148,True,8
2025-02-03,fixed_k8_rolling_risk_quantile,8,0.6,896.2246023809531,53950.01137790018,0.0,53950.01137790018,85599.59710734812,9138c5970dab00f21ccee973ede86bc0a49420eb51802c3b2853946607f7db4e,55532.25853016701,81798.99626301593,3800.600844332195,0.0,0.0,9929.346676742747,9337.29928180096,2.2737367544323206e-13,0.0,0.0,0.012859842590437943,1.8518173330230638,55294.922646366125,0.17180749700825093,True,8
2025-02-04,fixed_k8_rolling_risk_quantile,8,0.6,808.7768773809534,53932.5117692688,3569.572336301711,57502.08410557051,86013.3192693349,6f90f1e80a46f6b78a41c54acac8c0a20220a04f8ffc224a2089e2dc007018ea,53433.348831678784,82246.89190256482,3766.427366770066,955.2231133083462,0.0,9337.29928180096,9002.102639014283,2.2737367544323206e-13,0.0,0.0,0.014298433195007319,2.058974380081054,53224.17569998478,0.19102706748529777,True,8
2025-02-05,fixed_k8_rolling_risk_quantile,8,0.6,603.7745597222228,53918.12933475457,1543.395117109407,55461.52445186398,86050.38798483492,5bba27509521d397f381b4786f630163c7cce93a85b4e8234e383c5cd8c10c97,51230.32798789181,82598.02875247228,3452.3592323626426,330.06293912395836,0.0,9002.102639014283,8936.600231675251,2.2737367544323206e-13,0.0,0.0,0.01444003268584816,2.079364706762135,51032.99104209964,0.19291883668293142,True,8
2025-02-06,fixed_k8_rolling_risk_quantile,8,0.6,556.6572480158725,54519.35179292233,0.0,54519.35179292233,87009.92021601525,6c63673b3c376aeb9eccbdf28adc11b438f84c61f86a11e79220335eb1152636,17708.461339543395,82869.79617183142,4140.124044183822,0.0,0.0023,8936.600231675251,9291.884574381787,1.6697754290362354e-13,0.0,0.0,0.013178300076712427,1.8976752110465895,17505.455277783236,0.17606208902487802,True,8
2025-02-07,fixed_k8_rolling_risk_quantile,8,0.6,708.2582313492071,20530.14660945241,0.0,20530.14660945241,39709.1916629634,d69a24894b0c64ed87139820027f5f120c423d96794d303a9a07ce2da3252602,17620.311456517127,36271.38170498496,3437.8099579784366,0.0,3244.4930891744802,9291.884574381787,8742.99361862564,1.1368683772161603e-13,0.0,0.0,0.013072923867892113,1.882501036976464,17450.497404437592,0.1746542628750386,True,8
2025-02-08,fixed_k8_rolling_risk_quantile,8,0.6,1124.294388492064,20327.479768610232,995.6773681306008,21323.157136740832,39264.8469561511,e3ea8f4f8a94a12a101fe0b3cd2b4875fe7c4f84c1f7b39b8ce0c16c2597c854,50242.29542507945,36572.55870299267,2692.2882531584373,307.9985500617994,3445.1042855539363,8742.99361862564,8870.962573081992,1.1368683772161603e-13,0.0,0.0,0.013165898715871864,1.8958894150855485,50010.36663872118,0.17589640684404811,True,8
2025-02-09,fixed_k8_rolling_risk_quantile,8,0.6,869.5187672619053,52738.158296761685,3574.5718675273997,56312.73016428908,84680.27400499345,5ebbc65a3cb78d68abd5f0e75f8e30856c693cb4ed03bdf76074fa22448f37c0,50204.58876092991,80563.4646528523,4116.809352141165,1197.5321329019982,0.020583333333333332,8870.962573081992,8787.953480471522,2.2737367544323206e-13,0.0,0.0,0.014192278908618997,2.0436881628411356,49975.237977426594,0.1896088462191498,True,8
2025-02-10,fixed_k8_rolling_risk_quantile,8,0.6,957.3596037698428,53059.1310076724,2437.354239793326,55496.485247465724,85210.88184901385,ecd2334821523f62de739cccb4b4331b6e744a160f61f56439d564781fb74bb7,50119.210456763096,75662.54944293272,9548.332406081126,854.0133986661968,292.04101808078303,8787.953480471522,8724.709991626654,2.2737367544323206e-13,0.0,0.0,0.014415928755422809,2.0758937407808844,49903.88517681134,0.19259680817244873,True,8
2025-02-11,fixed_k8_rolling_risk_quantile,8,0.6,1103.58056984127,52520.01468416415,2398.135990615599,54918.15067477975,84669.49629483107,90474b4f111d0dd689a80759e37e9d2e1e06f9f4208937efc5cc38c3e8db2af0,49583.17285535071,76902.08894642397,7767.407348407085,844.1509570700365,194.7092956972693,8724.709991626654,8940.447508458125,2.2737367544323206e-13,0.0,0.0,0.013126054117795624,1.8901517929625697,49426.394742339835,0.17536408301374953,True,8
2025-02-12,fixed_k8_rolling_risk_quantile,8,0.6,787.580337301589,51960.799318453326,3708.1508239780037,55668.95014243133,83645.1800992119,c06735c4002b4247e5b884d8650c9c9bc89b9e09728abc2b077487f823c96e20,49010.14781587655,76164.78453245884,7480.39556675305,1177.8817010770742,78.82418921956145,8940.447508458125,8833.543865069676,2.2737367544323206e-13,0.0,0.0,0.013124901639255566,1.8899858360528015,48929.76527246195,0.17534868590045435,True,8
2025-02-13,fixed_k8_rolling_risk_quantile,8,0.6,651.4993297619055,51063.48015273324,2315.2325366321434,53378.712689365384,81861.7158807778,dea2607ad2638eba4107c0ffdce3eccae4f7089c35e86715ecf06396ec20fbec,16523.38482013949,71838.894099605,10022.82178117281,811.2237339285715,575.2799740470126,8833.543865069676,7725.310343497949,2.2737367544323206e-13,0.0,0.0,0.01426902138902935,2.0547390800202265,16386.986445337316,0.19063412575743213,True,8
2025-02-14,fixed_k8_rolling_risk_quantile,8,0.6,1131.065011904762,18537.567797764375,1602.4791205151848,20140.04691827956,35678.71103553722,a7cb6fd909c9c95519d7e01b1c2b720f895947d49dfa61a318c788b635a029d9,16614.462406391525,33490.85244030603,2187.858595231191,689.2745191713349,3614.358311064167,7725.310343497949,6840.289772400655,1.1368683772161603e-13,0.0,0.0,0.014100473700940105,2.030468212935375,16579.49910052372,0.1883823286445598,True,8
2025-02-15,fixed_k8_rolling_risk_quantile,8,0.6,925.3025317460322,19381.263506709718,2059.9408276446243,21441.20433435434,37831.74915343163,2123f8e1f48b3edcb73983799a533c9239daa36a0637098d4bf49337d7f9c44d,46370.523889420365,36249.695076300646,1582.0540771309786,672.9248858039787,4157.543340109798,6840.289772400655,8576.054444926765,1.1368683772161603e-13,0.0,0.0,0.013041498242374574,1.8779757469019387,46443.72079677206,0.17423441651812432,True,8
2025-02-16,fixed_k8_rolling_risk_quantile,8,0.6,1019.38703095238,49267.49257975971,4337.072750755638,53604.56533051535,80075.04750767567,8decccfd8af4d3de0349a467ced2858e5e5f97843716c51b47b156213c724c6f,46123.62072694144,76463.69902244527,3611.348485230408,1036.1004680362928,0.0,8576.054444926765,8546.392498823683,1.5276668818842154e-13,0.0,0.0,0.013192755161071545,1.8997567431943025,46164.389804796505,0.17625520895191585,True,8
2025-02-17,fixed_k8_rolling_risk_quantile,8,0.6,685.6193125000008,48931.83046457385,1721.0393619445288,50652.869826518385,79626.92280857098,b4785e0e96a59899fed4f9275cfdf2ef0be41ee2638ea496f0ab20efba409e88,45516.41213501379,73033.76105499122,6593.161753579755,584.7757336211921,493.82039234639524,8546.392498823683,8496.981360482863,1.7053025658242404e-13,0.0,0.0,0.013138934923618863,1.8920066290011164,45587.05581226138,0.175536170579548,True,8
2025-02-18,fixed_k8_rolling_risk_quantile,8,0.6,926.2357978174607,48432.89513663028,3768.266211280864,52201.16134791114,79105.42485334218,4e6623dac4e31a8eac56eee4e5e2b34f04bff639237a96ea65f02bd2cdf6654b,45239.97155018817,73190.89912274084,5914.525730601324,1247.0299565923528,78.80808333333303,8496.981360482863,8659.466437218927,2.2737367544323206e-13,0.0,0.0,0.013223691270670516,1.9042115429765545,45232.662420296176,0.1766685153761581,True,8
2025-02-19,fixed_k8_rolling_risk_quantile,8,0.6,725.9081898809527,48054.547510912955,5756.154443396644,53810.701954309596,78556.26324349892,dff9bc29f9e880336b24d569f499336d1c8c9d0e2e79f22086c52521f55f7315,44975.905058179436,73244.64327791074,5311.619965588184,1603.7420598481954,94.83161482793324,8659.466437218927,8342.806478191818,1.4566126083082054e-13,0.0,0.0,0.013234829265760103,1.9058154142694548,45109.11532961349,0.17681731899055497,True,8
2025-02-20,fixed_k8_rolling_risk_quantile,8,0.6,740.8753938492068,46963.84466007301,2105.696070733172,49069.540730806184,76097.60605183084,5f96f0e26f428dadc8eaa2410bf1a2701aae365f4f163a5de5ee68774b056af7,15722.11483750717,70674.39555236665,5423.210499464178,547.1787642545912,278.16019814888534,8342.806478191818,6329.7652085569625,2.2737367544323206e-13,0.0,0.0,0.013219530916911835,1.9036124520353042,15689.715985922932,0.1766129330499421,True,8
2025-02-21,fixed_k8_rolling_risk_quantile,8,0.6,412.97694662698393,17446.910340607676,344.7113072128251,17791.621647820502,33914.6022764792,84188c450fc2b8b3284e827c74da1675e6a1b29a58117aadfa9622ced9d591b8,15376.93356323433,32768.94894596919,1145.6533305100147,138.37626625793393,6101.278951061895,6329.7652085569625,5958.620992475274,1.1368683772161603e-13,0.0,0.0,0.012557154839265018,1.8082302968541626,15374.060648997649,0.16776358865258065,True,8
2025-02-22,fixed_k8_rolling_risk_quantile,8,0.6,393.92197539682473,18330.7879460741,5420.808281968562,23751.59622804266,36274.42700992895,d8b59661952913c39c18dfae345397cdf9a662691bc82043143d8bc1f7eef59e,43279.30202115443,35567.10853463448,707.318475294473,1572.8933591363214,5183.685655389928,5958.620992475274,8324.754686597076,1.1368683772161603e-13,0.0,0.0,0.01298813827068241,1.870291910978267,43438.827930735395,0.17352152729631698,True,8
2025-02-23,fixed_k8_rolling_risk_quantile,8,0.6,444.1056196428574,46596.264670583834,2651.197414806527,49247.46208539036,76568.11466158925,0fc0f7ad0a2b646097587d3f12387d94a2ccc5ae188d044b30bfb2251f313487,43196.92042197441,73022.16958125963,3545.945080329603,894.8937539279481,144.85153567706215,8324.754686597076,8386.134704457569,1.1368683772161603e-13,0.0,0.0,0.013230692687809804,1.9052197470446117,43299.60732235908,0.17676205430913897,True,8
2025-02-24,fixed_k8_rolling_risk_quantile,8,0.6,444.1056196428566,46092.87751388819,4059.92606525898,50152.80357914717,75905.47802490933,8e05f6ea421690a1fc992ddaadf965fa32e84de351223ae4af2c7447fddae029,42838.514353241015,69892.94689636178,6012.531128547542,1144.0540842456226,713.4961221666714,8386.134704457569,8454.893341994459,1.1368683772161603e-13,0.0,0.0,0.01312228616471758,1.8896092077193316,42910.62640009383,0.17531374316062687,True,8
2025-02-25,fixed_k8_rolling_risk_quantile,8,0.6,338.09815158730214,45806.12620189543,4210.618484597867,50016.74468649329,75501.41296338792,03617c44b4a107d13fc9f579b0b2bd39565d0749a87c8387ad86b79a694c70cd,42455.9621562913,67870.54609924805,7630.866864139865,1218.6339802074094,1372.742775449706,8454.893341994459,8373.190284941942,1.333546606474556e-10,0.0,0.0,0.013659408540762443,1.9669548298697919,42604.69078028951,0.18248969810458623,True,8
2025-02-26,fixed_k8_rolling_risk_quantile,8,0.6,63.75750416666676,44681.53266129662,5831.924163393238,50513.456824689856,73444.84855490751,1ba1a4a7bb0ede40e47a577bdea323f74976bc1cd1fd86b91199552df35b3567,41454.297995304136,69905.90822512029,3538.9403297872213,1497.8858205475015,295.28508333333343,8373.190284941942,8620.31132437141,2.2737367544323206e-13,0.0,0.0,0.013301691855506052,1.9154436271928716,41585.08800615933,0.17771060318956086,True,8
2025-02-27,fixed_k8_rolling_risk_quantile,8,0.6,38.188211309523695,42890.38199772187,8659.823146576882,51550.20514429876,69626.52367251404,69764943cc1a4df0525cf1378fe63ea08d28d857cd4d29064e1d2240ef6cfa79,14487.922106354546,64535.30311730689,5091.22055520716,2110.3838161073704,550.6562996050197,8620.31132437141,5813.9707802276125,2.2737367544323206e-13,0.0,0.0,0.013201933459640713,1.9010784181882627,14587.00119377361,0.17637783102079993,True,8
2025-02-28,fixed_k8_rolling_risk_quantile,8,0.6,146.62537380952364,16104.763664615923,3076.752055691829,19181.51572030775,31413.29192269402,31bf4463b1daa38e161c7e9a3fad44bef9f93a70b87b2e06326c991e11a11e88,14524.147960241797,30791.743274784836,621.5486479091887,962.5345776472432,7866.565031611725,5813.9707802276125,4886.635084744465,1.1368683772161603e-13,0.0,0.0,0.012773063584164548,1.839321156119695,14765.655083832236,0.17064812948443836,True,8
2025-03-01,fixed_k8_rolling_risk_quantile,8,0.6,219.70278809523836,17644.78647802888,2282.0673132992993,19926.85379132818,35216.77963139463,5f1899ca7a245870944dbed53e7cf0eb857f9503f5972544ba1ca1a83f636767,39488.15513659522,34262.43139926665,954.3482321279876,515.6990909788638,5995.988303935944,4886.635084744465,8310.994688809047,1.1368683772161603e-13,0.0,0.0,0.012869733250328055,1.85324158804724,39726.76006471755,0.17193963622438282,True,8
2025-03-02,fixed_k8_rolling_risk_quantile,8,0.6,229.6454208333338,42762.67993271818,24480.096977267636,67242.77690998581,70599.7816679442,56405720447df15ea7429a76018d8ae4795292867068f8d9d9f198a2d7fdc06f,39800.13564515711,67506.10134907512,3093.6803188690815,7268.8252288486765,27.420749999999998,8310.994688809047,8398.665836702707,2.2737367544323206e-13,0.0,0.0,0.012760303533367632,1.837483708804939,39916.98254444709,0.17047765520579156,True,8
2025-03-03,fixed_k8_rolling_risk_quantile,8,0.6,236.70709285714304,43319.6849783602,18559.600527789902,61879.2855061501,71686.35999088384,b5c847d5838ae19b9572f43257ac4f32ec6ab873923ecc7a18e91420ba7b98c2,40646.24320641911,69153.70986430578,2532.650126578053,5103.305195290657,0.0,8398.665836702707,8409.786782804424,1.1368683772161603e-13,0.0,0.0,0.013104529437744835,1.8870522390352562,40760.09872716844,0.17507651328827098,True,8
2025-03-04,fixed_k8_rolling_risk_quantile,8,0.6,272.27447261904797,43655.032183842864,5665.106391489398,49320.13857533226,71866.52494983505,ad3ccdca97d7acc0714a53df35813f1eab8d0628fb00b0dc231e71cd9d39630e,41851.19744104466,69863.67192374618,2002.8530260888715,1529.781101933972,242.02556963469135,8409.786782804424,8276.443520825207,1.7053025658242404e-13,0.0,0.0,0.013120710646237259,1.8893823330581654,42015.93476524757,0.17529269423372978,True,8
2025-03-05,fixed_k8_rolling_risk_quantile,8,0.6,185.1925005952379,42958.056429981065,2606.289298996963,45564.34572897803,70737.51231683487,6cfb7650d0408c642f8fe1e575711461210f1b2939a085ed96b50892be337000,41539.582156519886,67715.23976880574,3022.2725480291306,728.0473033469377,367.6284166666669,8276.443520825207,8176.108057593137,1.7053025658242404e-13,0.0,0.0,0.013130896416947103,1.8908490840403829,41622.82295840073,0.1754287761304133,True,8
2025-03-06,fixed_k8_rolling_risk_quantile,8,0.6,272.2744726190479,42918.97178944131,2847.765481210018,45766.73727065133,69520.63391942426,fe4201349f083cce42d6fe723c5d7c27cf4866a563e8d36d8c99706c702e2d2d,14216.704137274395,64633.30932748145,4887.324591942813,668.9028064348681,768.3115673963093,8176.108057593137,4962.2647928084725,2.2737367544323206e-13,0.0,0.0,0.013619049423545625,1.96114311699057,14411.007760217619,0.18195050029856955,True,8
2025-03-07,fixed_k8_rolling_risk_quantile,8,0.6,293.8193625000001,15598.875790861772,2253.938682074622,17852.814472936392,30456.122211944257,7b81c1a4ff8089b4427bd4c4624ff54cda2cb489fddb115cd1d3c43eb11efcaa,14287.63004811622,29680.58740207718,775.5348098670763,601.6132745248792,8451.009830992154,4962.2647928084725,4447.810204858908,1.1368683772161603e-13,0.0,0.0,0.013545691286304241,1.9505795452278107,14485.62809893863,0.18097043558502465,True,8
2025-03-08,fixed_k8_rolling_risk_quantile,8,0.6,293.8193625000002,17337.876631092953,574.3586497026483,17912.2352807956,34531.48940741292,ba0283742b27f3e27783239014188c7462fbb6d813cf228acd997692110228ac,41989.81558727211,34128.473970396684,403.0154370162319,262.9268382489192,9510.410320996194,4447.810204858908,8579.485716941754,1.1368683772161603e-13,0.0,0.0,0.013068899333625773,1.8819215040421113,42049.80999534988,0.17460049509724032,True,8
2025-03-09,fixed_k8_rolling_risk_quantile,8,0.6,234.43331071428577,43397.33230075675,459.94610248143124,43857.27840323818,71361.41178855117,f576ec04aecf7d84107d78aecad953cb2effd98c7dc808b61b8f11a7564693df,41315.002259967856,65940.70530502399,5420.706483527183,208.0064114748484,1007.2766244930226,8579.485716941754,8398.522175330028,2.2737367544323206e-13,0.0,0.0,0.013092236334867065,1.8852820322208572,41432.90411039306,0.17491227743382398,True,8
2025-03-10,fixed_k8_rolling_risk_quantile,8,0.6,157.27737499999967,42319.706140768365,5501.007022491514,47820.713163259876,69899.0595010633,a761661b03cbb2fa4ad141b2bd6524028b83e8399f5a8a5f19762814bd3ce26a,40913.981351302544,68210.04364314135,1689.0158579219453,1720.0113008709513,101.27596666666682,8398.522175330028,8123.400830493127,2.2737367544323206e-13,0.0,0.0,0.01442000408335136,2.076480588002596,41075.465574801485,0.19265125455357418,True,8
2025-03-11,fixed_k8_rolling_risk_quantile,8,0.6,78.15643511904841,40909.60964128026,4659.962549498103,45569.57219077836,67597.88928224417,14e82aeb7dbb5cf39993110ceb8eed1a37857a694827ecaabd3da73ca4f4c6dc,39849.7314780116,65386.070527600954,2211.818754643225,1225.4663404385863,522.5459255434179,8123.400830493127,8304.611960162181,2.1671553440683056e-13,0.0,0.0,0.01408729047074707,2.028569827787578,39943.98394814262,0.18820620068918087,True,8
2025-03-12,fixed_k8_rolling_risk_quantile,8,0.6,96.71012559523876,40625.96023178475,2592.1131004899453,43218.0733322747,66997.65301053939,2ea60330d0f2d72f985bf7acddd4c228395f14e16186fe3393d730dc0f29c449,38632.726983824025,64877.38629172821,2120.266718811192,622.7519011118908,1269.213590349034,8304.611960162181,8164.646537218493,1.6342482922482304e-13,0.0,0.0,0.012548616903788772,1.8070008341455832,38778.98221136731,0.167649521834618,True,8
2025-03-13,fixed_k8_rolling_risk_quantile,8,0.6,109.29770535714385,38361.784333251235,14472.48063461082,52834.26496786205,62081.64653051176,f0d1c29f629d064b2f813bbaff78a99fec06b5d93c71bbf21d490622f2995a62,13673.187249074947,60964.59606967155,1117.050460840215,4512.088148832701,0.0,8164.646537218493,4253.401538050875,2.2737367544323206e-13,0.0,0.0,0.016284742778225336,2.3450029600644484,13806.607424371885,0.2175641635170905,True,8
2025-03-14,fixed_k8_rolling_risk_quantile,8,0.6,144.59516309523872,14769.610900738719,2150.7773234131,16920.38822415182,28751.31763891036,d8cdb62d7aded6f03f8e193159f38abb47c5fbb7add9473b102e657158af745c,13805.775746989097,28679.668380471034,71.64925843932326,629.0123179695884,12270.008387235266,4253.401538050875,3851.632376585371,1.1368683772161603e-13,0.0,0.0,0.013200999074090052,1.9009438666689675,13967.378464845122,0.1763653476298431,True,8
2025-03-15,fixed_k8_rolling_risk_quantile,8,0.6,344.69211666666735,16837.108808024066,2457.995534741544,19295.10434276561,33708.78253123003,7d7075a5e94cfbf31f9246b1133df375a7573273f098139435aa2ee8b10a2b76,37959.17301327671,33301.63805813109,407.14447309894393,952.6653293989277,7587.164032014077,3851.632376585371,7936.758031557204,1.1368683772161603e-13,0.0,0.0,0.01305350493647792,1.8797047108528204,38167.00474454967,0.174394825951345,True,8
2025-03-16,fixed_k8_rolling_risk_quantile,8,0.6,344.6921166666675,40038.257915087495,9986.463588164599,50024.72150325209,66570.72496733764,2662c3d78568bee14c0e66af8766df2af4e741e22a316aea25cbfa5f646b3d4d,37996.75415953242,63653.598236401405,2917.126730936232,2737.9383138217263,845.0047833333326,7936.758031557204,8188.193074068284,1.4921397450962104e-13,0.0,0.0,0.013144201068725023,1.8927649538964033,38028.51521328785,0.1756065262781663,True,8
2025-03-17,fixed_k8_rolling_risk_quantile,8,0.6,438.43176071428513,40896.55634971955,324.0817609932463,41220.638110712796,67843.59022171606,7394f8151c6b19f7e92aeb6c0d9dbea8ae24440dfdcb3f23d34e409fbf177d83,38910.73710545925,61927.756205219746,5915.8340164963265,155.0770274273071,2030.478538361306,8188.193074068284,8537.647773783725,2.2382096176443156e-13,0.0,0.0,0.01365535013933873,1.9663704200647771,38836.426892172734,0.18243547786156544,True,8
2025-03-18,fixed_k8_rolling_risk_quantile,8,0.6,295.59047797619166,39843.06414516052,5590.501264694464,45433.565409854986,66196.17796068302,f44d6ff2365fd98459e7cee4055984ebe2b11bce4bc884c719631fcaadb53d04,38114.39085520979,62849.75980927856,3346.4181514044676,1144.5796022416644,1050.6662941442378,8537.647773783725,8381.485735891769,2.2737367544323206e-13,0.0,0.0,0.014338649916276659,2.064765587943839,38131.255840323014,0.19156436288145617,True,8
2025-03-19,fixed_k8_rolling_risk_quantile,8,0.6,359.30013333333443,39897.90553234409,3606.3560801879744,43504.261612532064,66292.92869013877,15c470324aa21f15eeddfe9e15540a93d82c397af4f3e9964823f0087b2e25c0,37727.05823784147,62582.34341133597,3710.5852788028087,759.6521448387745,1560.1878722837384,8381.485735891769,8729.735374695227,1.6697754290362354e-13,0.0,0.0,0.014384702536416525,2.0713971652439795,37585.37425661161,0.19217962588652476,True,8
2025-03-20,fixed_k8_rolling_risk_quantile,8,0.6,331.71082500000125,37401.1667745014,6420.832825195075,43821.99959969647,60546.18586774015,be8ea83e8f4a85ce7d38e891cf83eee0a2fa110c64168da5038aa5626ce7fef1,13492.651671962914,58145.8946118162,2400.2912559239435,1512.7832699823666,561.1439658443481,8729.735374695227,3906.768141517428,2.2737367544323206e-13,0.0,0.0,0.014621524561233754,2.1054995368176606,13489.57224020169,0.19534356813808296,True,8
2025-03-21,fixed_k8_rolling_risk_quantile,8,0.6,419.7673357142868,14289.596102276886,525.7122613394158,14815.308363616303,28166.389553747642,6656cad883b29851876e8d1fd8bf847d87decc74bff621c695f6234abc72b6e3,13659.048607246976,27760.619719548282,405.769834199359,239.97954624857027,14843.568234100803,3906.768141517428,3620.422859280836,1.1368683772161603e-13,0.0,0.0,0.015424740458911401,2.2211626260832418,13687.726071539337,0.20607453253105631,True,8
2025-03-22,fixed_k8_rolling_risk_quantile,8,0.6,410.38107916666735,16470.381231015155,5988.0050642669985,22458.386295282155,33225.56076807424,0d7381f94c753f51548f809bfd49cdfb75603e4e07e6d4cdc86c1ae06deab2c0,35698.483767141624,32623.7909782666,601.7697898076431,1922.1738206351552,12239.4266262665,3620.422859280836,8437.595402014593,1.1368683772161603e-13,0.0,0.0,0.013910334160148826,2.003088119061431,35656.169540315655,0.1858420643795883,True,8
2025-03-23,fixed_k8_rolling_risk_quantile,8,0.6,377.43275059523853,37814.62573163845,4797.709219770584,42612.33495140904,62649.82468457544,2fa6e62de15cebd984e5084eb68b4c3828cbeaf6fa8b7b1b2dfb6627d7a6053e,35232.29376424938,60316.090246187356,2333.73443838808,1586.6567033732106,1098.6118525831098,8437.595402014593,8496.032607988338,1.3500311979441904e-13,0.0,0.0,0.01316541749131122,1.8958201187488157,35252.70999648441,0.1758899776839179,True,8
2025-03-24,fixed_k8_rolling_risk_quantile,8,0.6,493.2921345238093,37289.36966839824,6513.292495627323,43802.66216402556,61746.304542688624,5d71205aacd78e14de87ba3e1c63bdaaa4ade4365ed627c0f1c810d8c1fc1c01,34839.24291417868,59394.47361839393,2351.830924294698,1887.3967798680014,1305.5263075901423,8496.032607988338,8502.794347181914,1.5987211554602254e-13,0.0,0.0,0.013344300390195308,1.9215792561881244,34759.60375022435,0.17827985321300932,True,8
2025-03-25,fixed_k8_rolling_risk_quantile,8,0.6,493.2921345238095,37233.419038607724,9281.390506853411,46514.80954546113,61763.83412413989,f88a3421209658e6a6521f205e80fe7c322b8ffe4b0adb9f0fd10d51472eb68a,35003.15325518319,60297.129671233815,1466.7044529060674,2410.110034132623,198.882380517737,8502.794347181914,8138.847692102379,1.7053025658242404e-13,0.0,0.0,0.013690953358996517,1.9714972836954985,35085.667722245555,0.18291113687619348,True,8
2025-03-26,fixed_k8_rolling_risk_quantile,8,0.6,562.9966589285718,37691.840518603014,3094.7581548903336,40786.59867349335,62727.98778459155,d0e4d8c2614136d56dd6d8fac1d339e923c762c505a6a7dc8e0a1f38a13f2ee0,35484.802934645595,59327.08716194959,3400.9006226419538,1020.8114225173367,2518.6029765406797,8138.847692102379,8448.800137312151,1.5987211554602254e-13,0.0,0.0,0.014069987541814852,2.0260782060213387,35423.290641697924,0.18797503355864642,True,8
2025-03-27,fixed_k8_rolling_risk_quantile,8,0.6,538.3124071428579,35183.28099855863,7992.652075736515,43175.93307429514,56837.58393491231,2f35e3fbd0d608537d09cdea61abc229643bcd205a75210009b42eb152dc361c,13028.811450772613,54071.083610927584,2766.500323984728,2197.097770492721,588.8581412221863,8448.800137312151,3741.410073523845,1.4210854715202004e-13,0.0,0.0,0.013423311640306364,1.9329568762041163,12977.318805935654,0.17933544351449301,True,8
2025-03-28,fixed_k8_rolling_risk_quantile,8,0.6,644.0095886904767,13487.323034996143,2699.846143064615,16187.169178060758,26574.862460498356,449d96d8a6221abe0a759e296e04a95e1ef93e530869cef7270e0820d2606dc7,13154.579974098162,26208.606035771765,366.256424726593,861.412421439907,15280.637901759497,3741.410073523845,3380.5461917302678,1.1368683772161603e-13,0.0,0.0,0.014323634006965827,2.062603297003079,13081.894403612914,0.19136375033306346,True,8
2025-03-29,fixed_k8_rolling_risk_quantile,8,0.6,323.198616666667,15816.951136333382,2260.761999435631,18077.713135769012,32264.69955385182,a0af31761b3567e2e2200e52ad02fa3c418b3de32650030ffe1f0e90cf73f857,34090.55339661364,31935.223468728527,329.47608512329157,754.0866945716814,18597.46142385251,3380.5461917302678,8159.403587658914,1.1368683772161603e-13,0.0,0.0,0.014734409139540125,2.121754916093778,34192.401104403274,0.19685170610425606,True,8
2025-03-30,fixed_k8_rolling_risk_quantile,8,0.6,356.5279773809532,35684.25502175124,7125.223835004999,42809.478856756235,59629.61310505391,551b8a28386e6b59047a4365736ba4fa0eca913b78a4ac54732fe294c56db93c,33011.91273654047,56791.450690611695,2838.1624144422112,2191.4370133960397,1275.1461929509092,8159.403587658914,8607.30875571136,1.2967404927621828e-13,0.0,0.0,0.014513824673688051,2.0899907530110795,32947.520796057855,0.19390469764047238,True,8
2025-03-31,fixed_k8_rolling_risk_quantile,8,0.6,395.39871547619134,35134.53102130689,13263.295037311891,48397.82605861878,58722.85454638955,6ab9b0fe47fae96275a211c1474df46cc99bc7a6d382229900821aebc058db7a,32185.359903233406,56901.675163674176,1821.1793827153688,4134.661205604271,1901.1363246269827,8607.30875571136,8910.2443036916,1.1368683772161603e-13,0.0,0.0,0.014240734396783713,2.0506657531368546,32109.02468358125,0.1902562115410304,True,8
2025-04-01,fixed_k8_rolling_risk_quantile,8,0.6,373.0275845238108,34777.20077674581,15455.696194640504,50232.89697138632,58132.51085126354,6294e1b68e1e60b24f089467feae9b3dac2afe47b4af6c954dc431f6d7526c9b,31958.03850302255,57043.341215999266,1089.1696352642748,5405.036241002281,675.5804751879552,8910.2443036916,8550.473045421353,1.4210854715202004e-13,0.0,0.0,0.013648259784127327,1.965349408914335,31982.322157420163,0.18234075071594108,True,8
2025-04-02,fixed_k8_rolling_risk_quantile,8,0.6,402.66706607142885,34719.78342934085,21911.83425875416,56631.61768809501,57913.68734202486,3c67ead741fdfb7661c4fb5f9025eee813993a6844f9da95611f5ca70ba20369,32094.07902923698,56131.18330178815,1782.5040402367174,6118.449935202785,16.968333568740515,8550.473045421353,8469.960535172537,1.5276668818842154e-13,0.0,0.0,0.014286379333700298,2.057238624052843,32100.873784378,0.190866027898236,True,8
2025-04-03,fixed_k8_rolling_risk_quantile,8,0.6,350.4750434523819,32947.10463537657,11691.883886381427,44638.988521758,53532.82471442032,84095ab870dcee90e45d2640c5d0bcbf092dff98b3bf53403792b7e7a17a4f08,12619.769236479173,50453.05218655835,3079.7725278619655,3120.2229972965015,1776.1002536605965,8469.960535172537,2809.0831169007038,1.2079226507921703e-13,0.0,0.0,0.014894671841223802,2.1448327451362275,12687.723745939094,0.19899281579875,True,8
2025-04-04,fixed_k8_rolling_risk_quantile,8,0.6,398.9830303571436,13140.122625996708,2465.793330723795,15605.915956720502,26417.721555753968,ce5a77694a4cc4be9895e137b4626aa0c45b2a4f7ba488ea854fdf74a0ff016e,12733.738189154103,25917.49786946661,500.22368628735535,847.6378957024119,18728.14713031833,2809.0831169007038,3128.6014266166244,1.1368683772161603e-13,0.0,0.0,0.014130564193086078,2.034801243804395,12668.662158432391,0.18878433761963,True,8
2025-04-05,fixed_k8_rolling_risk_quantile,8,0.6,478.2041708333328,15783.022946296285,7693.179462219735,23476.20240851602,32423.803880301373,b9c994da4f7e8a719c3e2b392cede3f07c087e66672d0ff49567df106a11f595,31966.82901945669,32071.75553910737,352.0483411940091,2293.1423849549083,15677.478192728362,3128.6014266166244,8222.587234944724,1.1368683772161603e-13,0.0,0.0,0.013382855043245299,1.927131126227323,32129.65936979311,0.1787949433777572,True,8
2025-04-06,fixed_k8_rolling_risk_quantile,8,0.6,555.0213107142861,35261.74580138549,4092.936961761564,39354.68276314706,59318.73460714919,e8bbe715b3e397b0eb3569587dcb42adbf1d6aa82aa2520a78055dcc2b5b1932,32047.534405742368,57348.49886396592,1970.235743183273,1279.813576773443,1627.7939761151297,8222.587234944724,8848.034420197786,1.7053025658242404e-13,0.0,0.0,0.013550656229401485,1.951294497033814,31933.70163591428,0.18103676722480386,True,8
2025-04-07,fixed_k8_rolling_risk_quantile,8,0.6,663.8543922619056,34842.09593960314,4268.9049443066815,39111.00088390982,58405.86287171637,c4e65d69bb93b53472a564074f87a6797112d4bc307c96bfe5dc867730fbd2a5,32122.65463099384,56661.748964016166,1744.113907700193,1479.7841792475215,2947.602781603595,8848.034420197786,8901.135452400687,1.6342482922482304e-13,0.0,0.0,0.013175718743190777,1.897303499019472,32029.974194332255,0.1760276024090288,True,8
2025-04-08,fixed_k8_rolling_risk_quantile,8,0.6,402.6512577380952,34421.46770777395,7597.670252844679,42019.137960618624,57735.148244178614,5169d7068e707d9caa7558d2b4f1c6e4a142b4c44061bc1e853d91da6b5103cb,31540.517379879602,54976.87901051036,2758.2692336682558,1876.9603939567705,1197.215888544546,8901.135452400687,8286.23337817189,2.2737367544323206e-13,0.0,0.0,0.013159643209696191,1.8949886221962515,31675.52128720454,0.17581283328154113,True,8
2025-04-09,fixed_k8_rolling_risk_quantile,8,0.6,491.03055773809524,34345.584569155,15658.591471717367,50004.176040872364,57537.29067491628,834b64c6c5f95767418f4e7a2535be19e805afe4c790fdf87adfbab3d4f217ab,31378.68821943595,56535.34618783301,1001.9444870832634,5012.810295898289,408.55860023541027,8286.23337817189,8351.079183577345,1.5631940186722204e-13,0.0,0.0,0.013547278049777055,1.950808039167896,31431.228724919496,0.18099163474502145,True,8
2025-04-10,fixed_k8_rolling_risk_quantile,8,0.6,623.9226708333337,31935.76899593202,5423.421796290646,37359.19079222267,51534.16539108996,e891fce28c64ba101741496589ce0fb9d5752e4638f96a6d80a4834700966622,12489.408050325786,49444.95188761929,2089.2135034706776,1396.0882703891357,374.342808600616,8351.079183577345,2735.0088840478866,1.1368683772161603e-13,0.0,0.0,0.013897388021481069,2.001223875093274,12497.884975070143,0.18566910396698708,True,8
2025-04-11,fixed_k8_rolling_risk_quantile,8,0.6,639.8193351190486,12934.929705273273,1374.9152730946853,14309.844978367957,26121.769052848853,544dddafebd2bf289c38cf14493c838117f2dd9ebe8c2d8d20f5c51dc79319cb,12729.01163685928,25479.039491389518,642.7295614593367,527.519854687018,19544.941590079354,2735.0088840478866,2622.8595222881686,1.1368683772161603e-13,0.0,0.0,0.01573774852861081,2.266235788119957,12745.953009940802,0.21025632034224045,True,8
2025-04-12,fixed_k8_rolling_risk_quantile,8,0.6,640.8780732142852,15723.517381619871,2842.5955018914783,18566.11288351135,32554.88987700692,7f1de8d1dff815e57ddcaccd244d4db83bd56d5c723f831802a1fde64f0d542f,31417.825436563948,32000.332515944476,554.55736106244,880.3791921664647,16467.207898436463,2622.8595222881686,8479.76599083546,1.1368683772161603e-13,0.0,0.0,0.013576395826829766,1.9550009990634862,31401.926109042142,0.18138064824644567,True,8
2025-04-13,fixed_k8_rolling_risk_quantile,8,0.6,599.5850065476186,32791.118287012796,5338.857818410675,38129.97610542347,54428.3992709328,db57a5a7c4a75576ac5779d6faf08639eff905052d0c1e6c462cd0dd7d9654ce,31149.451501956122,54051.80678318931,376.59248774348663,2054.4443957924273,0.0,8479.76599083546,8325.220927992421,1.3855583347321954e-13,0.0,0.0,0.012683137750476211,1.8263718360685743,31147.08384094745,0.16944672034636218,True,8
2025-04-14,fixed_k8_rolling_risk_quantile,8,0.6,673.8414535714278,32542.465424204347,3888.076174181295,36430.541598385644,54115.36046357469,50fa63fa5b8a22a7b8eec138ad0b4d777a3e786551ae4a31c6c1cbfb956a82bf,31467.880481762804,52702.86621444574,1412.4942491289498,1769.3343643729854,18.251916543443826,8325.220927992421,8291.184071393454,1.6853185513809876e-13,0.0,0.0,0.012657948785191466,1.8227446250675712,31480.746684220045,0.16911019577015798,True,8
2025-04-15,fixed_k8_rolling_risk_quantile,8,0.6,744.0032875,32743.981629888316,3639.8374447239403,36383.81907461226,54359.990392294814,18bbc15abacd4254ab4e9b7dbdab380b76d50494377d680471b078fb9dd0de97,31203.932350844025,53775.87242501574,584.117967279079,1079.1390386795906,2739.1234840396364,8291.184071393454,8417.048709472148,1.5987211554602254e-13,0.0,0.0,0.012487828173309228,1.7982472569565289,31187.258661628133,0.1668373843954113,True,8
2025-04-16,fixed_k8_rolling_risk_quantile,8,0.6,709.0951386904761,32324.127207722777,10259.757018069708,42583.884225792484,53602.32404386983,5c0ce621d0882e1813c05cb8de70b0d6c01285cd7c60d2516dc529a53ee78332,31002.079710917977,53476.84769159736,125.47635227246917,4070.3374976474197,0.0,8417.048709472148,8249.445090474535,1.3500311979441904e-13,0.0,0.0,0.013708881339981518,1.9740789129573386,31044.095413729396,0.18315065470215308,True,8
2025-04-17,fixed_k8_rolling_risk_quantile,8,0.6,786.9045869047611,29650.87972143887,5464.849189504513,35115.728910943384,47246.82388894775,0476b3dc760b7a0c772eda3d79e5cf90738b56f640d0b8cf4c3c23874956538c,12269.790920143489,47203.19355774497,43.630331202786394,1645.8632956932993,4.77382741337351e-07,8249.445090474535,2608.134637150425,1.3500311979441904e-13,0.0,0.0,0.01428916724883796,2.0576400838326663,12232.862149893905,0.19090327444447516,True,8
2025-04-18,fixed_k8_rolling_risk_quantile,8,0.6,938.1578017857139,12810.362405099206,1669.7397879051966,14480.102193004403,25860.398221694133,9f0b99765b51b706ea0d11e64848ad66cfe4a5bdde8bc4b05e985f10ea4d1024,12525.667670320963,25360.628453593818,499.76976810031726,536.9612724967612,18137.83144901533,2608.134637150425,2771.531571102161,1.1368683772161603e-13,0.0,0.0,0.014536855009888919,2.0933071214240044,12387.528782709627,0.19421238293211596,True,8
2025-04-19,fixed_k8_rolling_risk_quantile,8,0.6,1182.8480220238089,15504.950938670225,438.4198977995844,15943.370836469809,32230.73288166436,4a243e33e44796d5eb64b4b94f6c50871ae0418132a33d3d5b053fa2cf2b0b08,30675.8972523649,31330.31388347911,900.4189981852526,135.61001437769937,17050.74243993481,2771.531571102161,8846.941254764311,1.1368683772161603e-13,0.0,0.0,0.013814498832693466,1.989287831907859,30533.475140373088,0.1845617044047847,True,8
2025-04-20,fixed_k8_rolling_risk_quantile,8,0.6,1035.227513095237,32606.104552234574,6070.832299571217,38676.93685180579,54362.614366066126,d35c1153dec787557d946ff2eb6acbeb4c554a6eb08832eda7b4f30c327eae15,30328.741794544116,52664.36740608176,1698.246959984368,1412.4678206171384,554.0625786463918,8846.941254764311,8575.269819194391,1.3500311979441904e-13,0.0,0.0,0.013739976873087775,1.9785566697246395,30256.51904613464,0.18356609102445268,True,8
2025-04-21,fixed_k8_rolling_risk_quantile,8,0.6,799.7963589285716,32326.014695225967,176.82947739237304,32502.84417261834,54112.61326910976,a1c94273ca9bbc44290ff27a8226b31f6f9f236b67664f062cfa6b6a18991475,30483.03837232646,51910.035229440866,2202.578039668891,84.00160663179547,1904.8037699581953,8575.269819194391,8312.066136264953,1.1546319456101628e-13,0.0,0.0,0.01312719790318321,1.8903164980583824,30538.52385822028,0.1753793639865277,True,8
2025-04-22,fixed_k8_rolling_risk_quantile,8,0.6,787.171879761905,32452.891889511826,8272.074597394096,40724.96648690592,53951.81123598924,ed83c5575457ebb580ed6a4a255bbeb63443c38769f4e7396d52aa37ea3697dc,30201.049278554045,52137.30930624893,1814.5019297403187,2696.616487954748,715.4835997288524,8312.066136264953,8452.692436659197,1.1368683772161603e-13,0.0,0.0,0.014309182283492797,2.060522248822963,30144.552377433258,0.1911706753074638,True,8
2025-04-23,fixed_k8_rolling_risk_quantile,8,0.6,930.928495833334,32320.281909776568,5464.967458461648,37785.24936823822,54074.048960504384,a0c1cb2505850cea11cf2d49360a1f40e66f26dbe9ab6059df48fc51e2148708,30390.817200930866,52604.01777606124,1470.0311844431476,1963.880435221797,1128.3207599961675,8452.692436659197,8676.287887573882,1.2789769243681803e-13,0.0,0.0,0.013041157986056836,1.8779267499921843,30252.684361934455,0.1742298706937193,True,8
2025-04-24,fixed_k8_rolling_risk_quantile,8,0.6,958.9903339285711,29309.71293061872,121.89374269888553,29431.606673317605,47004.31733133709,36c5dcefe4b79ba247417d1c63803c578ace0ebe861631de655cb4c423cc1d5a,11984.278691464779,44300.15924263487,2704.158088702219,49.589273790838085,2132.6513707332747,8676.287887573882,2361.1135567143583,2.2737367544323206e-13,0.0,0.0,0.014877732089492687,2.142393420886947,11967.207708183847,0.1987665007156223,True,8
2025-04-25,fixed_k8_rolling_risk_quantile,8,0.6,733.1311226190475,11913.83570515141,0.0,11913.83570515141,24773.449718474887,a64cb343ae93e8244217f8e13f833682a8cd0f53f34a375be33b87f0d651edfc,11773.021314687292,24126.91430331309,646.5354151617998,0.0,21038.717665256016,2361.1135567143583,2250.102043537068,1.1368683772161603e-13,0.0,0.0,0.013098994203068691,1.8862551652418915,11787.251759746518,0.1750025625529977,True,8
2025-04-26,fixed_k8_rolling_risk_quantile,8,0.6,1791.8582976190455,15551.529859784214,4423.889131086595,19975.418990870807,32589.666847908247,9abe515b3693b79d9209e15a32efe65a7c62e52a39374663539ec6f8c0e0f004,29003.16648099057,31258.024153737264,1331.6426941709808,1115.5929504885294,24973.61065298074,2250.102043537068,8107.365949674263,1.1368683772161603e-13,0.0,0.0,0.013410517076206614,1.9311144589737523,29178.370791606892,0.17916450813812035,True,8
2025-04-27,fixed_k8_rolling_risk_quantile,8,0.6,1900.1479357142837,31420.9513819022,9853.575824295762,41274.52720619796,52636.43678634438,e63c8083e305b9c7a5caea31c17ef74c165163605348ea9fea00c66de5b15c02,28682.768259651475,50550.20082812459,2086.2359582197864,2290.158671960693,2399.9754560065767,8107.365949674263,8201.527988189033,1.471600619140645e-13,0.0,0.0,0.014108182021421575,2.0315782110847067,28743.124705748858,0.18848531180619224,True,8
2025-04-28,fixed_k8_rolling_risk_quantile,8,0.6,1900.1868642857116,31076.648746994106,24594.23955733255,55670.888304326654,51763.29837434981,b2db0f4fc7d459d5f31960938be103664e42e9b85ae5a823f024c44cc357d3bd,28842.05662535139,50640.48257456213,1122.8157997876865,7438.017482585639,137.12014999999997,8201.527988189033,7786.935015480926,1.4364898159868744e-13,0.0,0.0,0.01411630321510731,2.032747662975453,28871.127110040256,0.18859381095383368,True,8
2025-04-29,fixed_k8_rolling_risk_quantile,8,0.6,1906.8329261904748,32212.733649972197,5144.664400539943,37357.39805051214,54032.66403602926,e0aa3584582c1326318e9d1d236139e9f70b2cbe28ebc5c4d519e49f01652a28,29822.56811685712,51635.47307976518,2397.190956264076,1242.3197246487753,3052.352159286092,7786.935015480926,8465.816228701453,1.2789769243681803e-13,0.0,0.0,0.01363492334652013,1.9634289618988987,29748.028190542096,0.18216257590950893,True,8
2025-04-30,fixed_k8_rolling_risk_quantile,8,0.6,1296.618909523808,30905.470698609188,4596.9939807899045,35502.46467939909,51211.670544487366,b7084ee3a90b66140cbf944a60d304630e79591cbbb340cc422f295266b8ed4c,29314.242954441208,49409.53183594748,1802.1387085398924,1991.2160543816753,1650.0365059570902,8465.816228701453,8256.657559040417,2.2737367544323206e-13,0.0,0.0,0.01564524131329866,2.252914749115007,29264.18351942853,0.20902042394567008,True,8
2025-05-01,fixed_k8_rolling_risk_quantile,8,0.6,1255.857067261903,27909.886179437985,20029.425341214774,47939.31152065276,44286.541396725384,b34864fb2866fc7393ca1416e41fa4e62a99ee3b5dd1dc54ba1b234f19f482eb,11873.936474281983,43674.39249410942,612.14890261596,3835.7798726971996,1886.5237449007732,8256.657559040417,1349.307680059038,1.1368683772161603e-13,0.0,0.0,0.014279417556382314,2.0562361281190533,12235.559969909658,0.19077301855326773,True,8
2025-05-02,fixed_k8_rolling_risk_quantile,8,0.6,1255.857095833332,12643.188636610717,25790.27913277445,38433.46776938517,26016.347770159642,aed8561ec48880aeaeae7958f34bcb3f28b27d44bef60ed2301d7ca0ad941104,11822.186304135797,25406.979359234658,609.3684109249846,5914.225727354383,15805.547548876717,1349.307680059038,1379.4326867341813,1.1368683772161603e-13,0.0,0.0,0.013976181478938088,2.0125701329670846,12279.371304227667,0.18672178455861285,True,8
2025-05-03,fixed_k8_rolling_risk_quantile,8,0.6,1264.8190583333314,15503.832950037042,15451.21685917075,30955.04980920779,32617.053909144597,b48f38e3de57f31c0b54bd0134526b12464b0a8c4b4ca6d9ba6b62fff86bf998,29777.76994884009,31954.009820388528,663.0440887560726,3216.53453240184,18566.636066666666,1379.4326867341813,7639.987188811145,1.1368683772161603e-13,0.0,0.0,0.013701835047767317,1.9730642468784936,30152.10711447388,0.18305651623817135,True,8
2025-05-04,fixed_k8_rolling_risk_quantile,8,0.6,1055.2755077380943,31601.763782049267,14553.615163448996,46155.37894549826,53146.1514084696,4b2407d05035479e862c35c9abdeb3bd6631293b33014edb05fbb2b05816ca38,30086.430979865545,52270.189352750895,875.9620557187136,3166.9578563559485,2116.8156957781466,7639.987188811145,7551.99565289667,2.2737367544323206e-13,0.0,0.0,0.01365959320860889,1.9669814220396802,30415.857637340312,0.18249216526701478,True,8
2025-05-05,fixed_k8_rolling_risk_quantile,8,0.6,1137.091580357143,31958.493410840478,20540.704356145925,52499.1977669864,52944.334117845545,8e99fc7eb175239cf37bc0aeebfa8cdeb47ef05fab66aef0c24e34384007362e,30485.202237362853,52192.03004952736,752.3040683181937,4120.409161285722,69.87745184906885,7551.99565289667,6959.191702403795,2.2737367544323206e-13,0.0,0.0,0.014134846868627291,2.03541794908233,30778.51867619359,0.1888415541648606,True,8
2025-05-06,fixed_k8_rolling_risk_quantile,8,0.6,974.2796404761897,31914.779408887563,18393.376337011818,50308.15574589938,52917.07815959828,c121c5af63fadeb40ddedd5ae3018db972aca7d2415f7620cce54abc17576c40,30145.304846997748,52000.082839130715,916.9953204675645,3827.8679306840104,1246.550671749996,6959.191702403795,6933.151075118497,1.3855583347321954e-13,0.0,0.0,0.013076836244686597,1.88306441923487,30513.774790451054,0.17470653222901295,True,8
2025-05-07,fixed_k8_rolling_risk_quantile,8,0.6,974.2796404761895,32255.382083538185,22666.628511785424,54922.010595323605,53983.450104736476,d0e1e48c5d3105b64825811535969e18ccdceb76a9c3cdce894991203fa338c1,30643.231993048652,52937.479707603066,1045.9703971334131,4777.5667453224005,172.82993783249893,6933.151075118497,7598.566884936711,1.7053025658242404e-13,0.0,0.0,0.014114195325924407,2.0324441269331146,30918.575332475084,0.18856564955435007,True,8
2025-05-08,fixed_k8_rolling_risk_quantile,8,0.6,1117.077379166666,30386.039396845423,18238.121374115395,48624.16077096082,48052.06147932753,74009cd8e5831fd2f2d341a848aa905505202eaff94e6dd638a8bd78c3d160b2,12814.841618329996,46957.385716026474,1094.6757633010502,5194.042571374304,568.4120870158433,7598.566884936711,1837.4180749596726,2.2737367544323206e-13,0.0,0.0,0.012301476861264544,1.7714126680220943,13030.278260786205,0.1643477308664943,True,8
2025-05-09,fixed_k8_rolling_risk_quantile,8,0.6,985.0107523809515,13184.559769207264,9218.076445324643,22402.636214531907,26373.902696148438,4a21c6331caa2af7be5bb81a2dc83ee03b4ac0d3931de69ba6b16361c0a48baf,12463.254270192412,25584.16912431504,789.7335718333936,1878.9434003524852,17604.253456307328,1837.4180749596726,2018.4157991015384,1.1368683772161603e-13,0.0,0.0,0.013375528981365884,1.9260761733166873,12695.263919330375,0.17869706719104822,True,8
2025-05-10,fixed_k8_rolling_risk_quantile,8,0.6,1103.8502702380952,15553.084921119946,14477.136016275399,30030.220937395345,31955.928902291398,e22b3f1c8cdfc72614969c164fe89eda9c641f6eafbb16a250c60f716f725563,30590.75186632089,31117.517397554697,838.4115047366985,3213.515470339756,15778.579682033313,2018.4157991015384,7058.181590219186,1.1368683772161603e-13,0.0,0.0,0.01533503244415139,2.2082446719578,31059.499546130286,0.20487603345386257,True,8
2025-05-11,fixed_k8_rolling_risk_quantile,8,0.6,1115.84972797619,33001.621670814406,15010.428494666729,48012.05016548114,55005.5351920909,877835337b6eb174077d8929520d25a6a1c23661a2b684f68bdba25e856f5dba,31677.95822594069,54491.70832907158,513.8268630193195,3560.05805448071,128.87823356881265,7058.181590219186,7700.528149503819,1.1368683772161603e-13,0.0,0.0,0.015801519630460663,2.2754188267863356,31960.363971017643,0.21110830226295446,True,8
2025-05-12,fixed_k8_rolling_risk_quantile,8,0.6,1509.6012839285725,34939.96580474243,4087.1462517974524,39027.11205653988,57672.4949591021,397d25b75623d3e8ece3f4072c797df15ee6286da1fc0b8bba49cefdec54f593,32828.77866679947,55942.44147707156,1730.053482030523,637.7080752089531,3133.6679629818623,7700.528149503819,7637.5083538354465,1.1368683772161603e-13,0.0,0.0,0.01379100030681002,1.9859040441806428,33344.96171961828,0.18424776409898186,True,8
2025-05-13,fixed_k8_rolling_risk_quantile,8,0.6,2108.055767857143,34964.57407540431,0.0,34964.57407540431,56398.64284168926,83cfc27ca2d71c2eccaddfc8e805293fbc5b34e921ab4d600e74b69791bdc2d8,33188.468334319325,55539.200266907596,859.4425747816673,0.0,94.27896666666652,7637.5083538354465,8197.341767967455,1.1368683772161603e-13,0.0,0.0,0.0137632896126484,1.9819137042213697,33404.523257006054,0.18387754922498264,True,8
2025-05-14,fixed_k8_rolling_risk_quantile,8,0.6,2910.092995833333,34376.6516107511,0.0,34376.6516107511,56244.21435517126,2fad1459a262d1f7b9c6154f88607d10bd3b76ea5cdddd627784524793da8d11,33375.315373995996,55332.982685528244,911.2316696430182,0.0,838.3292130638454,8197.341767967455,7945.644071542892,1.1368683772161603e-13,0.0,0.0,0.014628784799949952,2.106545011192793,33654.50788882981,0.19544056492733136,True,8
2025-05-15,fixed_k8_rolling_risk_quantile,8,0.6,2474.19978452381,31484.307671728882,2322.9655822448717,33807.273253973755,49119.20228105069,179a0c82e9abb357bdefcdf9fa5b8445b2c1e53b3ef826323c445686524d8e3f,14057.083401012886,48889.21111828479,229.99116276589257,549.0159213344039,1166.6226762533706,7945.644071542892,2026.6601786641534,2.2737367544323206e-13,0.0,0.0,0.015153743924100935,2.1821391250705346,14180.720091582974,0.20245401882598849,True,8
2025-05-16,fixed_k8_rolling_risk_quantile,8,0.6,2910.0929958333327,14810.116706686193,160.9046770870428,14971.021383773235,27778.921600898168,885e2be043bc6d873c1ed46f24a83efa9943f2aa06aeb523f770bc766faa171c,14464.303773778036,26342.08204156279,1436.839559335378,74.24713443599727,22120.05833670305,2026.6601786641534,2453.940690671774,1.1368683772161603e-13,0.0,0.0,0.014165240457764917,2.039794625918148,14629.42274112402,0.1892476125157393,True,8
2025-05-17,fixed_k8_rolling_risk_quantile,8,0.6,2637.4637113095228,16691.892688508102,7062.842561837705,23754.735250345806,32524.940616517626,3f55608b03a8950dcd05cdeba70ffda0452bf250470bd3620ab4fd6984c673d0,32751.763316678254,31604.790570592788,920.1500459248379,1742.6605731002946,17079.021889021875,2453.940690671774,6890.069116618186,2.2737367544323206e-13,0.0,0.0,0.015424381416879542,2.221110924030654,33139.03785239172,0.20606973572951068,True,8
2025-05-18,fixed_k8_rolling_risk_quantile,8,0.6,2623.3134505952376,35246.303059003854,3668.9341575876724,38915.23721659153,57509.02981132858,964183e0b8655683902dc8a49441b44ed4a66c509565e59e9431d0e40776e1ce,32825.46354223366,55978.98746597431,1530.0423453542803,1616.4095744350193,2.3540979299241371e-07,6890.069116618186,8970.881633739373,1.1368683772161603e-13,0.0,0.0,0.014505104471229262,2.088735043857014,32634.848654383637,0.19378819573562295,True,8
2025-05-19,fixed_k8_rolling_risk_quantile,8,0.6,2591.452495833333,34296.13138693617,0.0,34296.13138693617,55488.000239953064,b4983341a61018d37dae742edfbac66df0a8245af5ba4817046cc439716b2028,32556.214019671123,52516.3235977641,2971.6766421889633,0.0,3422.4627827477125,8970.881633739373,8897.98908028885,1.3145040611561853e-13,0.0,0.0,0.013493468747684447,1.9430594996665604,32415.58083753219,0.18027274246906422,True,8
2025-05-20,fixed_k8_rolling_risk_quantile,8,0.6,2834.5492738095227,34203.61633773416,8181.8351147304475,42385.45145246461,55158.15614762159,236700c150905927e58bb3d92018eecf6a1f2874aac1747dd0590673e946ccad,33630.17018211082,53608.201384010084,1549.9547636114976,2712.4468137075587,375.79888614065294,8897.98908028885,8614.432677523077,1.5631940186722204e-13,0.0,0.0,0.013576552089741907,1.9550235009228345,33676.27060407481,0.18138273591895188,True,8
2025-05-21,fixed_k8_rolling_risk_quantile,8,0.6,2897.8062535714294,34840.981023040316,2759.3688354370297,37600.34985847735,56518.15736637435,c5e5c1bf35795ad9fc3dacd1d06eebdcd0a6cd13a44c3a9436f969457639a640,34153.9577678796,54437.70250946558,2080.454856908776,662.3466761744578,2090.119982336259,8614.432677523077,8604.598111080264,2.2737367544323206e-13,0.0,0.0,0.013977219597816455,2.0127196220855694,34246.744970370324,0.18673565382682783,True,8
2025-05-22,fixed_k8_rolling_risk_quantile,8,0.6,4562.6474125,33282.38158970676,0.0,33282.38158970676,49945.82910017298,dff8ba0dc6be48b334eb401e4b9dc988b950bf2a3f2d56cf09ab184719c28e3c,16502.704564710148,48330.65157735704,1615.177522815943,0.0,675.0293407265291,8604.598111080264,4080.4327373162682,2.2737367544323206e-13,0.0,0.0,0.01524715593768633,2.1955904550268315,15809.038005909018,0.20370200332748936,True,8
2025-05-23,fixed_k8_rolling_risk_quantile,8,0.6,4562.644307738095,15989.677219133393,237.77209942487877,16227.449318558272,27946.53521687698,dde0dcd3b85fe330e5aab14cb4ca5838aa7b4ed6f1322faa619fb0908cd4b279,16532.767854808855,26728.898945899167,1217.6362709778143,72.85231193897971,19553.38110937029,4080.4327373162682,3678.1129067653997,1.1368683772161603e-13,0.0,0.0,0.01554671352096193,2.238726747018518,16106.349645414684,0.20770409264005138,True,8
2025-05-24,fixed_k8_rolling_risk_quantile,8,0.6,3266.406807142858,17787.0410786611,739.8208906530358,18526.861969314134,33129.11683521979,e909ee81250ddf82e2608dfa8ede7f23d22381cfd816e71ffd0d98a44a639803,34590.44825781256,31488.668297259985,1640.4485379598095,340.7892065594376,21056.74073013888,3678.1129067653997,9191.875261342904,1.1368683772161603e-13,0.0,0.0,0.014140116910210863,2.036176835070364,34167.395136065184,0.18891196192041712,True,8
2025-05-25,fixed_k8_rolling_risk_quantile,8,0.6,3521.478889880954,34375.2771097705,0.0,34375.2771097705,54418.44154663311,8b142f334a8414a7d6be76dcb0bb4f381b5828fad946524006130212e341e5b3,34259.261893649564,52224.30794448509,2194.133602148025,0.0,2485.8303989636997,9191.875261342904,8808.479904770014,1.4566126083082054e-13,0.0,0.0,0.017323406825097563,2.494570582814049,33830.47087639273,0.23144071518330342,True,8
2025-05-26,fixed_k8_rolling_risk_quantile,8,0.6,3359.4118124999995,34083.851034354826,9560.358679592184,43644.20971394701,54049.42045780195,0f618787be372de4bd9c0093143fb9ebb5a99979baf02ed62327a1e57074e407,34024.75198740085,52371.34373452848,1678.0767232734677,3913.6754279772745,0.0,8808.479904770014,8777.8754667091,1.4210854715202004e-13,0.0,0.0,0.013256283814270218,1.9089048692549113,33593.01971599143,0.1771039517586501,True,8
2025-05-27,fixed_k8_rolling_risk_quantile,8,0.6,3130.1396226190473,34957.59024608984,0.0,34957.59024608984,56013.32268629172,0d581a5991f1b6bb3e2be2a48e4ccfa20854d12f4a47dc4956922ff2491ab9f7,33156.8812276493,53056.16449571114,2957.158190580589,0.0,1288.1335464472074,8777.8754667091,9524.279750492255,1.5987211554602254e-13,0.0,0.0,0.014682729409994662,2.114313035039231,32716.855519031404,0.19616126491752867,True,8
2025-05-28,fixed_k8_rolling_risk_quantile,8,0.6,3425.819488095238,34652.485932492695,4470.320111860784,39122.80604435348,53907.248817200205,1f3d10321547cc5be65f19ba5aacaf8ad68c459cb90a9857260c3cdb2c06b869,34378.31504087416,51866.18332253924,2041.0654946609643,2049.691786667955,1012.6335216258091,9524.279750492255,8456.686670892652,1.1368683772161603e-13,0.0,0.0,0.01496297863943457,2.154668924078578,33787.230019277034,0.19990539462284587,True,8
2025-05-29,fixed_k8_rolling_risk_quantile,8,0.6,3548.847510119049,32868.33955953663,5384.294944188096,38252.63450372473,49574.260861449206,a7df84a609b95f522aec551025304a973b0a3538152b29ee4419b5edae7d9bee,16122.059561157186,48823.88702673599,750.3738347132135,1855.4751939505013,2.503075933191212e-07,8456.686670892652,3604.4738249523825,1.4344081478157023e-13,0.0,0.0,0.014477687790228325,2.084787041792879,15627.911062497113,0.19342190887745042,True,8
2025-05-30,fixed_k8_rolling_risk_quantile,8,0.6,3561.0539994047645,15286.954710292819,7911.654004077829,23198.608714370646,27553.2018956776,63f5ecae6d2a694daaf97f4c37aa3d008c4a14b60508f35a5f24d1d9aaec1567,16099.752209558332,25735.695222828726,1817.5066728488705,2064.0632899489506,19982.20725617808,3604.4738249523825,3629.740174081168,1.1368683772161603e-13,0.0,0.0,0.014102884533511113,2.0308153728256,15601.575031284094,0.18841453736770847,True,8
2025-05-31,fixed_k8_rolling_risk_quantile,8,0.6,3190.4520696428567,17837.206651158966,6311.593399748192,24148.800050907157,33797.12837899354,81c269ca7d73be7540db546f765193b318ce113590bd7107d10e5857b5ba1de7,33174.830214917485,32156.75379492328,1640.3745840702554,1916.3113460791424,17875.198118332788,3629.740174081168,9864.077449418879,1.1368683772161603e-13,0.0,0.0,0.012913372944644329,1.8595257040287834,32493.254868301417,0.17252266254044824,True,8
2025-06-01,fixed_k8_rolling_risk_quantile,8,0.6,3275.1350744047622,35461.23509656738,48353.359647057965,83814.59474362535,56486.70651559367,8e098bb4d94e2801602ace86e967f14f8417e65e94234be33dfdfbc1b61d33e3,33072.40813496993,56486.70651441712,1.1765613407987985e-06,14274.478853702456,0.0,9864.077449418879,7449.904366304698,1.1368683772161603e-13,0.0,0.0,0.013253355583300517,1.9084832039952744,33580.30558609043,0.1770648305928949,True,8
2025-06-02,fixed_k8_rolling_risk_quantile,8,0.6,3883.438538690476,37553.91304354321,38035.39831766331,75589.31136120652,61015.690215298695,634bb7e0c3ea451ac98641f60893ac9c02be328848992a37aee928e6f8e1ef5d,35889.682418910714,60835.402388653405,180.28782664530047,10081.95530204403,108.0949907404327,7449.904366304698,7593.653447218915,1.5276668818842154e-13,0.0,0.0,0.013951755173062944,2.009052744921064,36456.71629585791,0.18639544911212094,True,8
2025-06-03,fixed_k8_rolling_risk_quantile,8,0.6,4530.716295833334,39110.593373233714,26790.08055182368,65900.6739250574,62474.360198316404,b1e4b09ccf6c22408c66271507d01f0af69e8adf9847158de0d56d3a789f5ecb,37735.40496747226,62438.46802365804,35.892174658360545,8155.882896637089,0.0,7593.653447218915,7989.684728641857,1.4210854715202004e-13,0.0,0.0,0.013293101318898456,1.9142065899213776,38221.84133712644,0.17759583362048337,True,8
2025-06-04,fixed_k8_rolling_risk_quantile,8,0.6,4315.255684523809,39656.47234862634,26982.16286173796,66638.6352103643,63504.31455543324,a0aadc2a6e1f757613949acfd3ad8e8a0524679487f2ff9a021de04d8bd6b4f8,38416.286597335595,63296.45660142839,207.8579540048422,8094.8525352890365,141.4469207520505,7989.684728641857,7709.918686486322,2.2737367544323206e-13,0.0,0.0,0.013347869257914782,1.9220931731397286,38980.68917406917,0.1783275332857415,True,8
2025-06-05,fixed_k8_rolling_risk_quantile,8,0.6,4375.386245238095,37815.687710851584,26604.647065979392,64420.334776830976,59395.97783580793,1ff08806b88d1be05d67453c7c66cd0d5c2edec7985ab640515c78328f3f6625,17611.78009704689,58888.76566704275,507.21216876517457,7602.554254044024,34.77233080546267,7709.918686486322,1200.0000000632635,2.2737367544323206e-13,0.0,0.0,0.016043853537161742,2.310314909351291,18257.36337556267,0.2143458832564809,True,8
2025-06-06,fixed_k8_rolling_risk_quantile,8,0.6,4629.960628571429,20005.49493085324,31824.222213797904,51829.71714465115,34562.00995174296,24d37061dd02eef0573f875e2a03dd22b13b97b86987eaa8fafb2fc79596dcb3,19413.25417462308,32673.677785617954,1888.3321661250038,8039.040029818243,8604.349153379562,1200.0000000632635,1341.9725158275448,1.1368683772161603e-13,0.0,0.0,0.014045442979194276,2.0225437890039757,20448.550419378553,0.18764711820203553,True,8
2025-06-07,fixed_k8_rolling_risk_quantile,8,0.6,3430.336439880952,20169.16176570289,26677.22076988674,46846.382535589626,38222.79240239259,598e8654f073bbeac0ebcc0d438d85cf836da4580a7702a526c3d0ad8fe9e6ab,44323.513050210015,37603.65339717793,619.1390052146546,6812.649527424384,5598.866066627865,1341.9725158275448,7517.072415452565,1.1368683772161603e-13,0.0,0.0,0.01408208102192374,2.0278196671570186,45014.2693678143,0.18813660245290117,True,8
2025-06-08,fixed_k8_rolling_risk_quantile,8,0.6,4693.109155952381,50249.891507435445,1448.464267036896,51698.355774472344,80132.76301874092,3916c19f9bbc80bf83e2f73de5f293055dbec01a6876c1da91b1075d0e053af9,48624.41956469851,69382.75086674129,10750.012151999634,384.1708668968643,3022.462542583879,7517.072415452565,7536.45266745024,2.2737367544323206e-13,0.0,0.0,0.01444379165129956,2.0799059977871366,49144.457767099586,0.19296905646136212,True,8
2025-06-09,fixed_k8_rolling_risk_quantile,8,0.6,4621.898319642858,49277.508158373064,8762.438439494983,58039.946597868046,78799.93577405259,556b59f6877ed62ff92e76b96dd1e3f02bee29d1c31c96a403ff399f196335c2,48247.40975314712,71345.23301225726,7454.702761795339,1871.334280163604,708.5057333333336,7536.45266745024,7308.28271475474,2.2737367544323206e-13,0.0,0.0,0.014307774901479005,2.0603195858129766,48833.64034001894,0.1911518726837595,True,8
2025-06-10,fixed_k8_rolling_risk_quantile,8,0.6,4191.162709523809,49876.00098233322,4939.38604321947,54815.38702555269,79626.91594097178,553cee7cce4143e634d416597d4d6986742ac7b8153e13702371d1f400ddf13b,48243.68900512666,72844.00583758151,6782.910103390256,1086.1728916495472,755.1805402425404,7308.28271475474,7070.663858831027,1.1368683772161603e-13,0.0,0.0,0.01368252698658681,1.9702838860685006,48943.453127650595,0.18279856054079976,True,8
2025-06-11,fixed_k8_rolling_risk_quantile,8,0.6,4092.3040244047615,45978.044818049835,20250.82831617981,66228.87313422965,73788.53736091618,134b6f85255701b2a91a9e90bcd799c1f3f5e5e31c1e0a37213e8872a67ca587,47322.76044163115,73509.46026622121,279.0770946949662,4926.709547924712,0.0,7070.663858831027,7274.471551365533,2.2737367544323206e-13,0.0,0.0,0.01328909955615624,1.9136303360864986,48167.490169048266,0.17754237007024737,True,8
2025-06-12,fixed_k8_rolling_risk_quantile,8,0.6,4842.084685119047,47821.52139257315,5629.75629070832,53451.27768328147,74207.65766542454,59761812c8373487ebf7722d632ec93a0e6ad523f511b22ef7147e38f941806a,21552.69542606159,68039.34568605004,6168.311979374503,1095.4222187591847,566.3282999999999,7274.471551365533,1754.1238810027849,2.2737367544323206e-13,0.0,0.0,0.013981863368422233,2.0133883250528015,22354.23612038511,0.18679769460212103,True,8
2025-06-13,fixed_k8_rolling_risk_quantile,8,0.6,7167.489026190477,22827.855217180186,961.5642664496513,23789.419483629837,38257.60457438312,c209a26dadf453a7b919d669131c724a9494d688863bfcc4be2ab57a544736ee,22315.585006391448,35717.01666704405,2540.5879073390747,427.6071093351599,6041.4569797630775,1754.1238810027849,2304.685403856764,1.1368683772161603e-13,0.0,0.0,0.013951031861425791,2.008948588045314,22821.094224019216,0.18638578566864858,True,8
2025-06-14,fixed_k8_rolling_risk_quantile,8,0.6,7134.983424404763,24735.271742232755,114.39649997315072,24849.668242205906,42642.986089586,3544a7be879317f3dd7d1d51017d951ae547784d819a488530d6467ba64833a7,51354.17875279262,40933.87968571474,1709.1064038712634,52.55955404092894,8828.494380911223,2304.685403856764,6904.806306905728,1.1368683772161603e-13,0.0,0.0,0.013026450451636466,1.8758088650356513,51879.870094208825,0.1740333780338632,True,8
2025-06-15,fixed_k8_rolling_risk_quantile,8,0.6,7123.0667785714295,51641.29165311241,972.1569485660954,52613.4486016785,81602.91062772935,beb13e59e08be132b01649de919aa4528f82af4519f480c101373da3df9f63a7,51049.7047989569,74010.72165051862,7592.188977210728,212.4187911926754,7.506116666666912,6904.806306905728,8625.749958759781,2.2737367544323206e-13,0.0,0.0,0.012720675347130358,1.8317772499867715,50790.13188060997,0.16994822263766157,True,8
2025-06-16,fixed_k8_rolling_risk_quantile,8,0.6,7123.066778571429,51260.09118598382,1316.3872943641345,52576.478480347956,80344.98364775833,67ce3f89d844eb0a30f028e467ffba31294d993b0c2a311a5a4932cc585af15a,51769.30359041976,74705.47494984674,5639.508697911586,425.17864853890615,572.8857795652082,8625.749958759781,8581.430783718179,2.2737367544323206e-13,0.0,0.0,0.013212536985924494,1.902605325973127,51528.46247769747,0.17651949413195123,True,8
2025-06-17,fixed_k8_rolling_risk_quantile,8,0.6,7573.510255952381,51587.80731363833,1969.2511557951063,53557.05846943344,80805.69348551825,beb0c0ae86a03d1fe5dc869809c72d082bbdb94a29754068b75bd230441de450,52064.51056522304,75044.09016814029,5761.603317377964,525.7896922729441,109.53658333333328,8581.430783718179,7480.840003577475,2.2737367544323206e-13,0.0,0.0,0.012653006068729964,1.8220328738971148,52351.015595308505,0.1690441610782323,True,8
2025-06-18,fixed_k8_rolling_risk_quantile,8,0.6,7807.650395833334,52984.66362902048,557.9697167166672,53542.633345737144,83844.05348439298,52da899cdcfcae58ed53d8e52170a38cea2386437dba76cd5e9e44bad236c078,52629.91242800474,73853.60703729693,9990.446447096068,156.65709794968268,240.69562681280308,7480.840003577475,8559.385745196789,2.2737367544323206e-13,0.0,0.0,0.013294979165544242,1.9144769998383708,52367.597465935716,0.17762092165167107,True,8
2025-06-19,fixed_k8_rolling_risk_quantile,8,0.6,7517.728605357142,49983.73409639369,442.41207063242496,50426.14616702611,76940.76559904314,8e00e3783f2a01dc563f0748cf8f3695736d220e349fe80af85275910691bca3,23635.19156507098,66522.4052224849,10418.360376558234,96.1526069093764,1660.5262666666665,8559.385745196789,3761.271257040373,2.2737367544323206e-13,0.0,0.0,0.015259056964472014,2.19730420288397,23398.953843270334,0.2038610010453461,True,8
2025-06-20,fixed_k8_rolling_risk_quantile,8,0.6,7517.728605357142,23000.078021463873,1.2634047853055107e-07,23000.078021590212,37487.24208542917,ee7b21dba8ffa54948cbc66b87a2fa7866c78f87a252b9c753eb1272dfd1b00f,23623.4440468552,33734.5844255616,3752.65765986757,5.909283373739527e-08,10029.888336633809,3761.271257040373,3950.3524669380668,1.1368683772161603e-13,0.0,0.0,0.014114075207746483,2.0324268299154937,23358.32155777747,0.18856404477549302,True,8
2025-06-21,fixed_k8_rolling_risk_quantile,8,0.6,7438.05962142857,25035.400109354385,6.860032350798114,25042.260141705185,42246.76236846414,942f6aed3e6e521275f6237484ecf7d964e6eb2a267f358aa3d396c211d6c336,52641.97597588504,38321.26843390282,3925.4939345613175,2.4036553436573627,12396.169744487379,3950.3524669380668,9129.515746254401,1.1368683772161603e-13,0.0,0.0,0.012501446195933063,1.800208252214361,52122.654029706246,0.1670193211776657,True,8
2025-06-22,fixed_k8_rolling_risk_quantile,8,0.6,7440.693609523809,53280.1825068483,0.0,53280.1825068483,83223.28109056337,356bd8246d4aca3f1a9239e14a4391691be9abf1325ae4bf8e8134f624feb886,52138.21541398295,70475.28228765956,12747.998802903796,0.0,1097.0106333333329,9129.515746254401,9479.085882922735,2.2737367544323206e-13,0.0,0.0,0.013141847812423495,1.8924260849889833,51415.50051301743,0.1755750867739779,True,8
2025-06-23,fixed_k8_rolling_risk_quantile,8,0.6,7935.346089285714,51336.06407231644,0.0,51336.06407231644,80193.68538611002,0be86c763b82a38654673d4ad179bcdc8748017955a67f96566a247fd452a8fc,51228.39747969565,70153.44943351476,10040.235952595262,0.0,1632.8029047545806,9479.085882922735,9224.354508605882,2.2737367544323206e-13,0.0,0.0,0.013561481222495786,1.9528532960393932,50625.3343343394,0.1811813891325437,True,8
2025-06-24,fixed_k8_rolling_risk_quantile,8,0.6,7685.381116071429,50906.983558634034,15103.82429134978,66010.80784998382,79796.95315543674,98e1827019020e50274a3c873d63f7cc5afeb9b3b8842739a3efaa01a5ce2018,50730.213596504116,75022.35144862437,4774.601706812377,3225.2974602261374,0.0,9224.354508605882,9372.576837683308,2.2737367544323206e-13,0.0,0.0,0.013420719590309696,1.9325836210045964,50064.044371369535,0.17930081372653756,True,8
2025-06-25,fixed_k8_rolling_risk_quantile,8,0.6,8094.566972619046,52576.45671753433,924.6899667629705,53501.1466842973,82563.11284709198,0af830aeee46630260ebb34a8ca0e3b4969196281b3e8cebeae47bdd4e3903d0,51468.902410597795,72050.35433485259,10512.758512239394,215.65057584028943,25.335216666666838,9372.576837683308,9384.726910257124,1.2789769243681803e-13,0.0,0.0,0.013087044855233721,1.884534459153656,50769.98969264322,0.17484291926592252,True,8
2025-06-26,fixed_k8_rolling_risk_quantile,8,0.6,8094.566972619046,50645.659042979234,762.3764964393783,51408.03553941861,77403.71724638734,4a715157310892e05587259b23c0984da9232c279f780c611a73d6fcf3f77b53,24191.697192677173,63859.235628350914,13544.481618036425,158.61503468131616,272.7025463426958,9384.726910257124,4123.406642030625,2.2737367544323206e-13,0.0,0.0,0.014927056139438517,2.1494960840791464,23636.410101599093,0.1994254700228986,True,8
2025-06-27,fixed_k8_rolling_risk_quantile,8,0.6,7798.436169642857,23321.586828422565,207.51487209042955,23529.101700512994,37785.88666460591,3dbfb6f42bab5a4eee0c3a174db556a07cc2719579748b118523a2aa8722a983,23979.363964371034,33399.50886388168,4386.377800724231,52.908859339120596,11601.125138989792,4123.406642030625,5002.843083545283,1.1368683772161603e-13,0.0,0.0,0.014608613353630062,2.103640322922729,23128.20964117435,0.19517107440449763,True,8
2025-06-28,fixed_k8_rolling_risk_quantile,8,0.6,7952.0137041666685,25844.065271024963,292.03512534297647,26136.10039636794,43563.63325972301,714592791f8d91a8487e7c6089b28ebb9d526b626e585f07e3e4cfba4ae9c038,52222.847482553305,39543.71472561409,4019.918534108918,78.33108672619056,10769.522757243336,5002.843083545283,10589.591105590549,1.1368683772161603e-13,0.0,0.0,0.013059337348143648,1.8805445781326853,51311.9697863626,0.17447274697119913,True,8
2025-06-29,fixed_k8_rolling_risk_quantile,8,0.6,7214.807458928572,53858.25973607285,0.0,53858.25973607285,83624.97975302205,a581c76b6063961a9986c34e8bc609002aa38d4dec3b31ca0a6631d85ef463ca,52716.365481305096,72136.61741517873,11488.36233784331,0.0,1072.3971166666665,10589.591105590549,10692.90615314746,2.2737367544323206e-13,0.0,0.0,0.013212336506007382,1.902576456865063,51653.43445048779,0.17651681572025862,True,8
2025-06-30,fixed_k8_rolling_risk_quantile,8,0.6,7077.510272619047,52531.09316821855,75.96703190701697,52607.06020012556,81459.08218152923,abfca9ca790d6fbda1167160aba1ae0113d2be5fc0b8f3c4900df75f37201cd3,52542.14227492378,71838.96031896757,9620.121862561664,17.66675163596193,506.03657041645835,10692.90615314746,10352.974670976026,1.5631940186722204e-13,0.0,0.0,0.013155243064627738,1.8943550013063941,51676.04567493174,0.17575404734342656,True,8
2025-07-01,fixed_k8_rolling_risk_quantile,8,0.6,7424.667596428572,52699.77912005567,3093.99765043781,55793.77677049348,82280.12954265747,e33d1444d29a908d7b12dadd06bca7078022d3951675667b1f4466cf4b676465,52407.25532113468,76468.79663936251,5811.3329032949405,1204.3739226057962,234.5656814365994,10352.974670976026,7008.533002273674,2.2737367544323206e-13,0.0,0.0,0.013088650798737136,1.8847657150181476,53045.52712425969,0.17486437467112814,True,8
2025-07-02,fixed_k8_rolling_risk_quantile,8,0.6,7018.01291607143,52384.09733893086,7745.041019192249,60129.138358123106,83250.38214515812,eb4ab0b9ad583f7733fdbcdedf157b8b62befc84dfb379b05b1c235461f12110,50989.531755499185,73708.62400707198,9541.758138086137,3001.0180224742007,2053.9764882171785,7008.533002273674,6967.457419089169,2.2737367544323206e-13,0.0,0.0,0.013398551478935082,1.9293914129666518,51685.7420418374,0.1790046477585727,True,8
2025-07-03,fixed_k8_rolling_risk_quantile,8,0.6,7018.228089285714,45900.83611790417,20252.602615864038,66153.43873376821,70094.34601765993,5a686bc07bdd1ad13b5cf324ff8b4095b73de464d8b73fd6aaeedd5e165a6249,23872.3853290033,70094.3460157389,1.921040947649999e-06,5937.579427272041,2.503052556335206e-07,6967.457419089169,1523.9978369258886,2.2737367544323206e-13,0.0,0.0,0.013749379042565124,1.9799105821293779,24485.43482210566,0.18369170400867005,True,8
2025-07-04,fixed_k8_rolling_risk_quantile,8,0.6,7018.228089285714,23707.0277339811,15989.789633257542,39696.81736723864,39038.4017595505,a4b1ab72279238209f9cf429b294d153a58802267295a4d8a7a4f5574b6109d9,23897.593221096962,38324.50238808431,713.8993714661912,4466.557824648355,13042.391960383526,1523.9978369258886,1248.7819683473676,1.1368683772161603e-13,0.0,0.0,0.013363550305156322,1.9243512439425103,24658.904110462787,0.17853703207688845,True,8
2025-07-05,fixed_k8_rolling_risk_quantile,8,0.6,6753.268414285713,25615.683738933567,13728.736571296877,39344.420310230445,44586.981610807816,d01da205028074d12a82c95108328c6a19d3003cb083c1847928516f79ac1d94,47511.624192043106,43819.90897164378,767.0726391640346,3523.2005101905397,12618.123188150916,1248.7819683473676,5748.37673989528,1.1368683772161603e-13,0.0,0.0,0.014396202842059816,2.0730532092566136,48111.66386705047,0.19233326996991915,True,8
2025-07-06,fixed_k8_rolling_risk_quantile,8,0.6,6311.508048214284,46976.43862001621,34871.38375475456,81847.82237477077,73427.22644752674,76d915b88ef3c2f016b95e997ef332ba8fe9e3f3954ff69487685cc7f99fcfd9,45870.78848605795,71704.54996893142,1722.6764785953292,9198.018706314268,4.698194624452867e-07,5748.37673989528,4971.237276891855,2.2737367544323206e-13,0.0,0.0,0.014957407352792669,2.1538666588021442,46469.750807921235,0.19983096223331004,True,8
2025-07-07,fixed_k8_rolling_risk_quantile,8,0.6,6217.397535714285,46422.49060469512,13465.546998373939,59888.03760306906,72979.33244301073,ad9052a8e04bc3a92147eeeff18c2679bcf57a086d467dfbd220d075ca7462c4,47264.34910207628,71371.40579325795,1607.9266497527904,4182.162537963528,260.5047030270262,4971.237276891855,5107.1720923829425,2.2737367544323206e-13,0.0,0.0,0.014097047798713902,2.029974883014802,47998.98087828179,0.18833655859081774,True,8
2025-07-08,fixed_k8_rolling_risk_quantile,8,0.6,5989.70581488095,47787.74034758062,21416.952100986484,69204.6924485671,74748.41469046046,9dabd4823f05e5ea50cc91ac2df5d5f000a567c6b2cb067953850ca4dc5a3a65,46128.862930984345,72176.08991287698,2572.3247775834734,5651.210660237346,4.681522796090576e-07,5107.1720923829425,5518.988414310805,1.5276668818842154e-13,0.0,0.0,0.013701547486562049,1.973022838064935,46569.98674611686,0.18305267442046896,True,8
2025-07-09,fixed_k8_rolling_risk_quantile,8,0.6,5995.500980952381,47591.686346905255,14087.993372512065,61679.67971941732,73926.65688384013,6367da20b82111a22f588ceee60fd377afaa27e3c75a12dda3b040009dbf74ce,46352.82625217248,71559.74158092214,2366.9153029179906,4703.7079873627945,401.5332800726035,5518.988414310805,5508.579033809997,2.2737367544323206e-13,0.0,0.0,0.013644579868115316,1.9648195010086056,46796.143485490575,0.18229158703802062,True,8
2025-07-10,fixed_k8_rolling_risk_quantile,8,0.6,5752.484038095239,45930.123460149916,10336.952478133888,56267.0759382838,69878.0071048996,532aa1d41a2ed728e1a93a96dca5dec28e7a5bb8673613496e2985f96add203f,24034.615950999505,68021.36139194467,1856.6457129549206,2877.7634046086055,7.53817445797722e-07,5508.579033809997,1879.8389440310248,2.2737367544323206e-13,0.0,0.0,0.013687632796467774,1.9710191226913594,24510.776274920907,0.18286677416080946,True,8
2025-07-11,fixed_k8_rolling_risk_quantile,8,0.6,7206.185124404761,25085.506464663074,8024.220071345427,33109.7265360085,42226.47825734485,e90703a543027100258cbf2098ad39c8329b111c3924b302b9f50609aa107b1b,24521.45228077714,40691.49615641956,1534.9821009252819,2053.248766228954,8999.440124114144,1879.8389440310248,1914.9304501792967,1.1368683772161603e-13,0.0,0.0,0.012626488139479383,1.818214292085031,24910.130897059837,0.16868988154344455,True,8
2025-07-12,fixed_k8_rolling_risk_quantile,8,0.6,6959.607373214287,26274.111396563992,8977.999724626588,35252.11112119058,45343.74411214222,ec5df991d4cdc651c72ead2f45fd52824a9b5f6e1e8bcb58896f267d3c15969b,45417.13530556443,44285.1455378182,1058.5985743240208,2001.3831752544813,10294.03897379042,1914.9304501792967,5482.454920542116,1.1368683772161603e-13,0.0,0.0,0.018523374394539535,2.6673659128136933,45964.03947730129,0.2474722819110482,True,8
2025-07-13,fixed_k8_rolling_risk_quantile,8,0.6,7936.621563690476,48822.886784800976,1654.1290339897246,50477.0158187907,76095.63701469752,58481a2324b44a0638e78f7b8931880f0ad4f74d762c7be08e65f56548aee0c3,47394.51852059988,73075.55694251976,3020.0800721777623,490.82028674007347,1112.6007151129425,5482.454920542116,6810.930834350975,1.7053025658242404e-13,0.0,0.0,0.014117356203011392,2.0328992932336405,47598.157318015554,0.1886078788722322,True,8
2025-07-14,fixed_k8_rolling_risk_quantile,8,0.6,9043.605971428571,48531.181735515835,3165.9704541824835,51697.15218969832,76377.5579430055,e1b265bbde06eb2af51a912b9e74826bf3700a8fccc15bc0be280729e1f47474,48981.72205762636,74397.23071791936,1980.3272250861223,772.2912182205869,462.41963356876784,6810.930834350975,7924.089945903552,2.2737367544323206e-13,0.0,0.0,0.014737619215035616,2.122217166965129,49145.72887821647,0.19689459271287585,True,8
2025-07-15,fixed_k8_rolling_risk_quantile,8,0.6,8828.015213690474,50854.04074408069,6129.225064189604,56983.26580827029,79543.01796608717,58c57822bf9e61faf60fb71695838bf53337e7e6a2f68204c8ed5d6198412e63,48425.22971977653,75746.818959706,3796.199006381169,2136.011599126161,1876.4985393002203,7924.089945903552,9417.660876678849,2.2737367544323206e-13,0.0,0.0,0.013573699014159502,1.9546126580389682,47947.08536903179,0.18134461882917094,True,8
2025-07-16,fixed_k8_rolling_risk_quantile,8,0.6,7288.954925,48136.95551271642,3587.7344580241524,51724.689970740576,73899.34334425775,0efa9f21145f60321f2c335a1fff5abef02b44536cd3fe2940830a24216a83de,49311.83845246938,71729.16548885698,2170.1778554007747,999.8794796237394,780.2492438420697,9417.660876678849,7529.115563609995,1.7053025658242404e-13,0.0,0.0,0.013832377050170585,1.9918622952245641,49225.20041885093,0.184800557390279,True,8
2025-07-17,fixed_k8_rolling_risk_quantile,8,0.6,10036.107435714286,49075.41699137741,2612.19293871411,51687.60993009152,74832.18828687578,50559662c20ed37de6093a5bbb1800fc12b7aef306f94d6b40b03b2deec02e36,27429.919801485827,70816.70036788369,4015.4879189920857,613.9767571538041,1306.0188166666665,7529.115563609995,3346.530638198227,2.2737367544323206e-13,0.0,0.0,0.013754642040617505,1.9806684538489208,27124.190356789015,0.18376201766264988,True,8
2025-07-18,fixed_k8_rolling_risk_quantile,8,0.6,9731.580357738094,27065.268111706482,1681.8122729093186,28747.0803846158,44430.59029931222,aed844d644afc7ff6f0003f7d48e0866342dab896aa895482792b2d98cb516be,27417.77770663461,41291.634619666496,3138.955679645724,496.72901091092467,9157.176687236502,3346.530638198227,3544.5897667397335,1.1368683772161603e-13,0.0,0.0,0.01344049365212009,1.935431085905293,27041.45173960406,0.1795649951923244,True,8
2025-07-19,fixed_k8_rolling_risk_quantile,8,0.6,9731.580357738094,29096.050879908897,0.0,29096.050879908897,49467.434589262804,e39d1389dba0d03e5b5594a178ef2d9ee47f192a6b37101741a82511b593d1c6,49130.58620962882,46063.096005191524,3404.338584071277,0.0,13092.32332361776,3544.5897667397335,7884.236566601275,1.1368683772161603e-13,0.0,0.0,0.012969997097873906,1.8676795820938423,48989.803874847385,0.17327916122759537,True,8
2025-07-20,fixed_k8_rolling_risk_quantile,8,0.6,10087.940121428572,50876.71702956938,1610.0282220295535,52486.745251598935,79507.21994721194,893920ad5254cd25666cc8f36b185507ff243961017ecf3e846b5e0ae90f1b3e,48838.03561015867,75617.52088868083,3889.699058531109,507.0077553273443,748.6998666666666,7884.236566601275,9362.763270742644,2.2737367544323206e-13,0.0,0.0,0.013290469033058293,1.9138275407603942,48303.98884834605,0.17756066628165879,True,8
2025-07-21,fixed_k8_rolling_risk_quantile,8,0.6,9910.889251190478,50565.79403597195,2315.628647452706,52881.42268342466,78660.82533276267,62502eef37f70fa610b1725d861506c4860b81ec6c7c55bbb694786f0908b48b,51579.86997324292,75949.20656077078,2711.6187719919026,636.3373827784732,1127.5098522828698,9362.763270742644,9036.183966216015,2.2737367544323206e-13,0.0,0.0,0.013232117548088555,1.905424926924752,51146.91481881,0.1767810904424631,True,8
2025-07-22,fixed_k8_rolling_risk_quantile,8,0.6,10219.621785714287,53711.23713156173,1375.8290206919828,55087.06615225371,83248.30171391476,5f92c7165e1c01e109d7e505971d9b88c8156fa391869f579e827a33d451bf9b,51442.5126811723,76586.6930863285,6661.608627586253,411.4695288381798,492.92953333333344,9036.183966216015,10023.689470955132,2.2737367544323206e-13,0.0,0.0,0.013860766742760057,1.9959504109574482,50610.12330649977,0.18517984368327436,True,8
2025-07-23,fixed_k8_rolling_risk_quantile,8,0.6,10136.214886309526,53350.152910833094,0.0,53350.152910833094,82832.84353968903,5b54173cd8d04804170046263b60fde4dbdd6d1ec659e1bd1ac5af8abb0a9fb9,51287.5556370233,78063.61609837471,4769.2274413143305,0.0,1496.0334132073604,10023.689470955132,10514.827362424654,1.1368683772161603e-13,0.0,0.0,0.013166119756230424,1.8959212448971812,50510.161574151214,0.17589935994323846,True,8
2025-07-24,fixed_k8_rolling_risk_quantile,8,0.6,9152.2817625,50753.1497073813,3282.6039585242934,54035.75366590559,76384.27670937846,4507f92795fbdf3afc685b337080b55c19a9b3170868411ab3f64aba6b758711,28792.082425424484,70095.53906258622,6288.737646792239,942.9215442664835,1565.5969500000003,10514.827362424654,4935.909244302347,2.2737367544323206e-13,0.0,0.0,0.013644085375037522,1.9647482940054033,27889.758155619624,0.1822849806105013,True,8
2025-07-25,fixed_k8_rolling_risk_quantile,8,0.6,10469.753564285715,28616.583041481543,0.0,28616.583041481543,45881.1125830897,f2dec4c0ef36a32cfe803a899354cd83fa00a28aa6f6648af7105cac40f66886,30439.27127121507,40298.18537529053,5582.927207799169,0.0,12468.426148875105,4935.909244302347,5072.604226894577,1.1368683772161603e-13,0.0,0.0,0.014130831325221353,2.034839710831875,29447.379919113067,0.1887879065049573,True,8
2025-07-26,fixed_k8_rolling_risk_quantile,8,0.6,8576.79426011905,30720.85565625513,0.0,30720.85565625513,51174.07033260622,e0bbc9b4f458ce3cef71a1eb66a2dae406f686670450a127de506ad8f44516d5,52562.5092675777,45730.10737624637,5443.962956359847,0.0,10900.202364531267,5072.604226894577,9943.205755178433,1.1368683772161603e-13,0.0,0.0,0.014216130793607186,2.0471228342794348,51802.05107073839,0.189927507402592,True,8
2025-07-27,fixed_k8_rolling_risk_quantile,8,0.6,9357.879818452384,52620.91524446268,0.0,52620.91524446268,80589.52906794772,64933aa755b9fe9b07f37eb8e3c450ccd34baa9c22780723f974af1f387fc59d,53247.80219497143,76462.13715168394,4127.39191626378,0.0,0.0,9943.205755178433,10799.999999751853,1.1368683772161603e-13,0.0,0.0,0.01417936920936174,2.0418291661480907,52324.96798820763,0.18943637263707286,True,8
2025-07-28,fixed_k8_rolling_risk_quantile,8,0.6,9498.550789880954,52595.02507265254,4027.30687324266,56622.3319458952,80339.12325325931,d777cd0b53404fa4f5e3ca43938eee9c5fc6d3b246ed7579d43843f648a07437,56142.69160921177,77635.82600584681,2703.2972474125136,1697.3328344643814,0.0,10799.999999751853,10320.405680379405,2.2737367544323206e-13,0.0,0.0,0.013578009000613948,1.9552332960884087,55435.37871045799,0.18140220024820236,True,8
2025-07-29,fixed_k8_rolling_risk_quantile,8,0.6,9973.008214285714,56858.58673588916,0.0,56858.58673588916,86209.1830874139,db5c31a4aaf11d4132c44921ee630cb695c65bdac322d50589048f8632d36f11,57089.8710797254,78295.70850550898,7913.4745819049185,0.0,0.0,10320.405680379405,10799.999999752728,2.2737367544323206e-13,0.0,0.0,0.013146320061221357,1.8930700888158754,55954.627623346736,0.17563483601791732,True,8
2025-07-30,fixed_k8_rolling_risk_quantile,8,0.6,9647.24671607143,55466.3377105035,0.0,55466.3377105035,83754.94802754594,5cea40dca18e2efa872a16a2bc6d4f39ae960a66fb87a349f1ebad660ce68aa4,57410.44210597651,76451.34794728678,7303.600080259161,0.0,1236.133283333333,10799.999999752728,10162.00807116166,1.5631940186722204e-13,0.0,0.0,0.013468796605795634,1.9395067112345714,56074.91063191399,0.17994312265342968,True,8
2025-07-31,fixed_k8_rolling_risk_quantile,8,0.6,9057.505155357145,54511.45908819718,0.0,54511.45908819718,80757.5052489554,fc9c5cde55765513a69f2cbfc8009d01217aa1037f7add82f2de6b828a20a7df,32583.768772196578,72890.39425722034,7867.110991735068,0.0,637.4584666666665,10162.00807116166,6238.94824665549,2.2737367544323206e-13,0.0,0.0,0.013570827270086738,1.9541991268924903,31287.0772517483,0.1813062523283588,True,8
2025-08-01,fixed_k8_rolling_risk_quantile,8,0.6,9735.480895833334,31096.33732208634,0.0,31096.33732208634,48443.96596552903,42e2e71e86ab383b3cd22748f32bcc13861e88b6f241f7d77e6e931f6931e45a,32556.84799763308,40884.88857242933,7559.0773930997075,0.0,17949.60000253639,6238.94824665549,6775.931545307666,1.1368683772161603e-13,0.0,0.0,0.013320472744453582,1.9181480752013158,31193.10577691365,0.17796151586589987,True,8
2025-08-02,fixed_k8_rolling_risk_quantile,8,0.6,9463.492404761906,31838.873017770013,0.0,31838.873017770013,50995.658728042006,e0562784bc998384dec696407edfeb4db3041354c10d2cd0b802a067d986cc1f,56851.83242510899,43134.63547399604,7861.023254045975,0.0,17568.122933242263,6775.931545307666,10031.081866684994,1.1368683772161603e-13,0.0,0.0,0.012979148762396007,1.868997421785025,55454.38567640648,0.17340142746561066,True,8
2025-08-03,fixed_k8_rolling_risk_quantile,8,0.6,8856.070577976192,54335.76299372336,0.0,54335.76299372336,81780.95914688177,9be5b3e4d88b7f6b5a8336bbd2ac3293a145364a109c1686ae89780a6505afd6,56712.73024007167,68911.46237838459,12869.496768497173,0.0,6342.0614227998885,10031.081866684994,8439.18254320046,1.4921397450962104e-13,0.0,0.0,0.013145753834881665,1.8929885522229597,55796.120886046345,0.17562727123401903,True,8
2025-08-04,fixed_k8_rolling_risk_quantile,8,0.6,5865.920933333335,51680.395361820774,222.69898372950314,51903.09434555028,79406.02287744514,9c0eecb051d6e80ae578f29039688eb1429bd4e7f20bdf9ecedfbb29c73a2ca7,52702.08715064864,70708.74116757282,8697.281709872328,78.03047783094013,3472.6014966727535,8439.18254320046,8821.260183766726,1.6697754290362354e-13,0.0,0.0,0.013188651013276993,1.899165745911887,51839.13424795885,0.17620037753738063,True,8
2025-08-05,fixed_k8_rolling_risk_quantile,8,0.6,6258.390945238096,51176.520047882485,0.0,51176.520047882485,78411.89700028375,6259a3f880b60f5a6c5481cbf37aa555b48585ed3ac6afb80ed71e561feb770f,51435.495984531924,69150.09508963485,9261.801910648901,0.0,2688.1377432232466,8821.260183766726,8642.05389551258,1.2079226507921703e-13,0.0,0.0,0.013640793387417539,1.9642742477881256,50634.08851429446,0.18224099965589832,True,8
2025-08-06,fixed_k8_rolling_risk_quantile,8,0.6,3087.1058470238086,48849.77037790945,4838.745755496842,53688.516133406294,74817.34172731708,a4944a84ee67aa35c0732bc2d285772a2936ecb6e1a523b3226c7d467a4dd6e2,48684.590328836326,69742.90119059954,5074.440536717536,1357.783370072082,1531.091809951854,8642.05389551258,8504.51726806696,2.2737367544323206e-13,0.0,0.0,0.01561892907799726,2.2491257872316055,48597.50452946406,0.2086688924820434,True,8
2025-08-07,fixed_k8_rolling_risk_quantile,8,0.6,3082.4714547619033,44457.59693488883,0.0,44457.59693488883,66069.89038949882,a7110596413001bbde2a2fdc691839a0714908e45dae4edaf079a40ababbff5a,26333.288251364324,62262.060036233794,3807.830353265028,0.0,1955.9049614740056,8504.51726806696,3988.2315527381156,1.632860513467449e-13,0.0,0.0,0.013239790520148946,1.9065298349014483,25949.817065780004,0.17688360134918993,True,8
2025-08-08,fixed_k8_rolling_risk_quantile,8,0.6,1871.3143499999983,24106.31109996575,1295.4757401250477,25401.786840090797,39746.8018815556,16011297f2648d58b65ea9db6dab11f7354d7434b65eed5d0c5971e8a91c41a9,25393.37454339057,37729.01209550825,2017.7897860473531,312.4444531410521,20562.515589497827,3988.2315527381156,4472.083257024366,1.1368683772161603e-13,0.0,0.0,0.013451195888895503,1.9369722080009524,24983.657779964862,0.17970797707564393,True,8
2025-08-09,fixed_k8_rolling_risk_quantile,8,0.6,1328.1273708333329,25137.479810368288,1094.0848058499957,26231.564616218282,43486.234059419075,f415709534aee8218522e71b2dc9625725bba971e3425348f5250a8c64d5c645,44881.6746572186,41576.33797967729,1909.8960797417765,269.6912587912957,17771.466664842137,4472.083257024366,8120.331318567128,1.1368683772161603e-13,0.0,0.0,0.012889173617723928,1.8560410009522457,44688.35671344417,0.17219935953279167,True,8
2025-08-10,fixed_k8_rolling_risk_quantile,8,0.6,1215.3568934523792,44081.6518601312,5842.132602750654,49923.78446288185,67841.79618838512,4feb91e99618ea446f1860e8d24e0ebd5e520807e86444c717ba1de3b872f48c,44432.80197379251,66026.12708576482,1815.6691026203162,1835.726311872168,1032.5880861955156,8120.331318567128,7983.02095999156,2.2737367544323206e-13,0.0,0.0,0.01384067683991614,1.993057464947924,44362.401758654334,0.18491144258127962,True,8
2025-08-11,fixed_k8_rolling_risk_quantile,8,0.6,1241.0820529761886,44528.90690340655,2763.5013650445217,47292.408268451065,68796.8073259557,3c4b5209f33897f3c637e32a36e278d591e3be40e1582c5d7adb9d535350c255,44386.561425294356,66151.23061185978,2645.576714095924,566.307170175066,269.415077777538,7983.02095999156,8101.42574586417,1.5876189252139739e-13,0.0,0.0,0.01392676443659487,2.0054540788696613,44237.33727138052,0.18606157287290748,True,8
2025-08-12,fixed_k8_rolling_risk_quantile,8,0.6,2330.6043827380963,47070.17151226995,2864.9035479236436,49935.075060193594,73020.65254041573,71b777740f9273496f592b2ab966a2d775866a8be2bcb33be27f6769d6c2e5d5,44923.335902029256,69212.31231970919,3808.34022070653,716.686948708036,653.1535297916158,8101.42574586417,7978.683703474401,2.2737367544323206e-13,0.0,0.0,0.013192947555176538,1.8997844479454216,45001.62657861523,0.17625777933715855,True,8
2025-08-13,fixed_k8_rolling_risk_quantile,8,0.6,2712.319177380953,47982.6917202655,975.9167968357301,48958.60851710123,73289.17707588428,27616d73f39932562e9483187a5627eaa13b76bd84310947ee11da327590a3b3,45534.35117989339,69100.20494384255,4188.9721320417275,426.59965097021035,694.5633504684927,7978.683703474401,9044.002623781978,1.4210854715202004e-13,0.0,0.0,0.013276449923675196,1.9118087890092283,45009.923950374214,0.17737337098030062,True,8
2025-08-14,fixed_k8_rolling_risk_quantile,8,0.6,1272.958010119048,43841.59741476316,4492.268736327261,48333.86615109042,65910.3635686707,744d33d844decb2d41b6dec6cb571c7aa491dfd7bdda13017f71ffe034632054,24416.01865661029,62161.93806385157,3748.425504819105,862.0306870840868,1660.8522404511948,9044.002623781978,3023.7313516393697,2.2737367544323206e-13,0.0,0.0,0.01330782493641891,1.9163267908443231,24435.689616265445,0.17779254115055665,True,8
2025-08-15,fixed_k8_rolling_risk_quantile,8,0.6,1533.882269047617,23306.145254006547,2444.396386314213,25750.54164032076,39372.37849155681,811264751acbeb7c04b849b21f51f665e5d722cbb8e980ee607439ec809d6f43,24254.789168273383,37873.28358681685,1499.0949047399629,575.2952373901379,20026.948253697585,3023.7313516393697,3077.368626973977,1.1368683772161603e-13,0.0,0.0,0.013745533578912728,1.9793568353634328,24034.589473857162,0.18364032861427404,True,8
2025-08-16,fixed_k8_rolling_risk_quantile,8,0.6,1254.3083976190464,25978.07664455476,594.1936105893419,26572.270255144103,44882.44419018121,7406f37a8d65db9fdf4d378722154fc39240296db228ca177d329707990c01fa,43323.06756914477,44057.849155839205,824.5950343420049,229.4341398886525,20280.316937606454,3077.368626973977,8599.231064184965,1.1368683772161603e-13,0.0,0.0,0.013565188076326094,1.9533870829909574,43413.192113784076,0.1812309126997166,True,8
2025-08-17,fixed_k8_rolling_risk_quantile,8,0.6,1627.2803732142852,45385.18635835106,1483.0851572404713,46868.27151559153,69565.0626020296,19cd04eac7d0f9e69c21e636bb9f0218f12d79fb0517674bcd84b6b21921fad5,43535.51946718832,66598.38198583582,2966.680616193782,401.2110247733916,1820.0603523258385,8599.231064184965,8890.666285634881,1.5631940186722204e-13,0.0,0.0,0.013777386039792974,1.9839435897301883,43443.94088909023,0.18406587749163414,True,8
2025-08-18,fixed_k8_rolling_risk_quantile,8,0.6,893.0724101190478,44008.61534692878,4464.273801254174,48472.889148182956,68374.90739271228,ddb41f5a91538fe22830b658825a27dca9f232998528f29d75c8506f178779b8,41837.23651044014,65562.21721310058,2812.6901796117113,918.4335207363124,836.0980338041434,8890.666285634881,8354.094803324184,2.2737367544323206e-13,0.0,0.0,0.013789581034264605,1.985699668934103,41957.11245432723,0.18422880261777513,True,8
2025-08-19,fixed_k8_rolling_risk_quantile,8,0.6,892.0930053571424,44343.75697822978,1475.642283601252,45819.39926183103,69045.30491509773,a2d2f29af3f8ced9df244ba2daa0f56850a8f6b7b47c0645af64002a040c6e6c,41843.391901569186,66286.17572498978,2759.129190107946,368.60552661785175,542.3188870150695,8354.094803324184,8409.045797142262,1.6697754290362354e-13,0.0,0.0,0.01359977457003778,1.9583675380854402,41986.973614583185,0.18169298825570473,True,8
2025-08-20,fixed_k8_rolling_risk_quantile,8,0.6,792.419825595239,43244.732217464654,23540.578181193647,66785.3103986583,67314.06497181764,0362b370aad36f1729877594cd66cc7c97e5b7a571cb80f45eddc4f70b922be5,40813.62427127077,65181.13857626886,2132.9263955487763,7026.783889768527,2.354133812332293e-07,8409.045797142262,8052.681266713588,2.2737367544323206e-13,0.0,0.0,0.01436964894350644,2.0692294478649274,40911.609957582936,0.19197850988524603,True,8
2025-08-21,fixed_k8_rolling_risk_quantile,8,0.6,885.1639660714283,41203.099138281264,7896.165132780791,49099.26427106206,62215.28905336138,0841a33cc7de6d698ed20b197166746f55cea79cd66ab1c87c3af0681e5dc0bd,22857.945645289758,60258.22567714665,1957.0633762147359,2715.428586102999,1174.1438287184515,8052.681266713588,2521.4543917987357,2.2737367544323206e-13,0.0,0.0,0.014902808687111246,2.1460044509440195,22947.26378720944,0.19910152405980625,True,8
2025-08-22,fixed_k8_rolling_risk_quantile,8,0.6,605.3286041666676,22183.63831124053,12797.470680233213,34981.108991473746,38200.30446785159,4a6496f25750e1e583e27f998373890aba48f6d4029b909a513ab1a4cd41127a,21817.995671224046,37573.631081019426,626.673386832163,3469.7867003388105,18703.772765240974,2521.4543917987357,2373.662388167476,1.1368683772161603e-13,0.0,0.0,0.013671227146712935,1.9686567091266625,21986.10888154978,0.1826475946800848,True,8
2025-08-23,fixed_k8_rolling_risk_quantile,8,0.6,710.5846178571423,25576.83961288041,897.5057909152681,26474.345403795676,45058.27246265994,be4ba4f07061f939dea75535e84091fa5c4f2630fa681cc488260cdc021ae32d,41769.51740789409,44699.35917416579,358.91328849415004,329.36489702257614,15262.19617161993,2373.662388167476,8053.976116990628,2.2737367544323206e-13,0.0,0.0,0.013042065972210063,1.8780574999982491,41950.57713500033,0.17424200138872645,True,8
2025-08-24,fixed_k8_rolling_risk_quantile,8,0.6,1073.5489428571432,45825.02863055448,5433.48121258176,51258.50984313624,71479.87386950839,dfebd48418b7bdbe15d7c65455fe41a38f32d90727259988c950169ec149121f,42963.03113861878,68291.17349550931,3188.700373999076,1246.1603425736885,3047.5647175987983,8053.976116990628,8984.205752777323,3.028688411177427e-13,0.0,0.0,0.013145986931097772,1.893022118078079,42861.26963885201,0.17563038539946624,True,8
2025-08-25,fixed_k8_rolling_risk_quantile,8,0.6,795.3211428571432,45130.98801380185,15842.147506598674,60973.13552040052,70273.74974993273,8db99322e8c699ad1115614adc73635d0845d6e09d6fc485f0235da10e7ab21c,42491.851627457436,68319.43339461237,1954.3163553203476,4771.4824071057565,1084.5557501097148,8984.205752777323,8337.358446272425,2.2737367544323206e-13,0.0,0.0,0.014341798353699333,2.065218962932704,42480.02514107215,0.1916064260054231,True,8
2025-08-26,fixed_k8_rolling_risk_quantile,8,0.6,1021.9677809523815,45491.05522573147,4904.645783358802,50395.70100909027,70740.42736727302,11646073ff450fa424d74ec233a8600ccedcb801181e120ec05600974b3ce62d,43048.01900326327,68234.14535247267,2506.282014800346,1098.576735668467,1561.6012221261938,8337.358446272425,8719.375418299654,2.2737367544323206e-13,0.0,0.0,0.012814332188200852,1.8452638351009227,42942.51669306372,0.1711994780343634,True,8
2025-08-27,fixed_k8_rolling_risk_quantile,8,0.6,876.204916666667,45410.503748683775,9410.062391249334,54820.56613993311,70481.87357284187,2e59ef7c558e2da1ab50116a998adc356e16790dcab5813cddca9a92e4e3abe5,42844.73483480533,68118.92432902419,2362.9492438176835,2027.7007529399048,832.3574872351362,8719.375418299654,8271.132542977999,1.6342482922482304e-13,0.0,0.0,0.01433671877142236,2.0644875030848198,42929.138074767216,0.1915385627862027,True,8
2025-08-28,fixed_k8_rolling_risk_quantile,8,0.6,890.3887946428574,42927.54825943169,15953.935104712311,58881.483364144005,64250.55525346586,03a676476e67cdfdc774ab3ed39ee26e76ba49bab84a50dc8570e77e6dc9803f,23187.84275631147,61365.25378873169,2885.301464734178,5286.585230379333,83.03144568517062,8271.132542977999,2507.5353322677456,1.1368683772161603e-13,0.0,0.0,0.0133245830339648,1.9187399568909314,23259.916123695995,0.17801642933376974,True,8
2025-08-29,fixed_k8_rolling_risk_quantile,8,0.6,906.8877767857143,23780.717221568048,2942.912338292453,26723.6295598605,39994.2835902641,b065e8b2a996c25c4927824d9ed31717778f5cd333675a73cf9408a5ad260c96,22944.933169291988,39038.42340126391,955.86018900019,754.7890436016788,15679.21001856017,2507.5353322677456,2782.8509646557795,1.1368683772161603e-13,0.0,0.0,0.016742718771234247,2.4109515030577313,22929.610682074377,0.2236827227836895,True,8
2025-08-30,fixed_k8_rolling_risk_quantile,8,0.6,1117.837729166667,26147.10509165636,2363.205239426457,28510.31033108282,45697.925858355346,6b5216234c4b4313c8682d5818d1024cac02c9d65f91c662457775d4b1ff142b,43880.351695710226,45052.092849409484,645.8330089458625,844.6741063424304,20648.49208646736,2782.8509646557795,7984.732192419181,1.1368683772161603e-13,0.0,0.0,0.012974793342436897,1.8683702413109131,44066.363845194144,0.17334323905495694,True,8
2025-08-31,fixed_k8_rolling_risk_quantile,8,0.6,1149.582033928572,46218.297285724875,3350.57192348695,49568.86920921182,71521.50127798234,b3027a9443c5840cb51b13461a14948f6e9294e5acbe4b9ce5b113afba3fba2d,43601.47226885029,69416.00784927452,2105.493428707812,1217.834973633469,1080.534355181258,7984.732192419181,9014.56744685316,1.4210854715202004e-13,0.0,0.0,0.01333225521698801,1.9198447512462735,43287.73658959407,0.17811892969895982,True,8
2025-09-01,fixed_k8_rolling_risk_quantile,8,0.6,1055.8634999999986,46262.37886236785,0.0,46262.37886236785,71923.45297990482,aefe873a4a45c52612d134310b450f4b3fdfb55170e06e0e467f6a5119fe0d8a,43772.634849323775,61225.87099493326,10697.581984971552,0.0,4292.455062488118,9014.56744685316,10799.999999751853,1.6608936448392342e-13,0.0,0.0,0.01599073320095259,2.302665580937173,42674.713075202824,0.21363619556472663,True,8
2025-09-02,fixed_k8_rolling_risk_quantile,8,0.6,1200.18237202381,43682.18638607085,0.0,43682.18638607085,66156.39007001577,d53fa14ca5e53bebe31638b0723a7bf9b170624fa1249ef985358125b2f07230,43932.51041237027,58743.1262427694,7413.2638272463555,0.0,3131.733127309984,10799.999999751853,10625.040684884101,1.5631940186722204e-13,0.0,0.0,0.013107643805091761,1.8875007079332136,42190.839077985234,0.17511812123602594,True,8
2025-09-03,fixed_k8_rolling_risk_quantile,8,0.6,1370.3824702380948,44672.69314762854,0.0,44672.69314762854,68435.08501176632,999d610b4cba0469e7a2600bf240cf93e7cd6ca95c146ec4db19ec1604a7607e,43357.507906306426,60788.50366477444,7646.581346991871,0.0,3482.6121008365744,10625.040684884101,10799.999999754671,1.1368683772161603e-13,0.0,0.0,0.012574550355364207,1.8107352511724457,42323.381860386035,0.1679959927476658,True,8
2025-09-04,fixed_k8_rolling_risk_quantile,8,0.6,1366.794860714285,42353.49041954357,0.0,42353.49041954357,62776.48941742104,74aa8cc7471dd19b688c8162afc05ca6047cf0e1e6313a0f8f49a6781e870fa5,23104.10908915431,56630.27408528833,6146.215332132718,0.0,4732.668266982765,10799.999999754671,7268.577143447275,1.5987211554602254e-13,0.0,0.0,0.01514196787643919,2.1804433742072433,21387.850826326085,0.20229669082922758,True,8
2025-09-05,fixed_k8_rolling_risk_quantile,8,0.6,1170.9456494047622,22185.387927954886,0.0,22185.387927954886,36101.185267907334,85699d341efbea31a74c6760146ab76cf153d0a8c89f72664626523830475e0c,23142.45144220447,30624.898169339518,5476.287098567816,0.0,22235.726242576413,7268.577143447275,7445.075915488138,1.1368683772161603e-13,0.0,0.0,0.014003443230750336,2.0164958252280485,21495.714761383355,0.1870860015628245,True,8
2025-09-06,fixed_k8_rolling_risk_quantile,8,0.6,1248.924561309524,23481.199179461815,0.0,23481.199179461815,38876.03639090776,235e65459d565fa8ac672adde2df347971008696442ba9ae5b82ec8ae742e469,43754.76332294855,33646.54670286363,5229.489688044128,0.0,21477.94455613965,7445.075915488138,10374.01456470773,1.1368683772161603e-13,0.0,0.0,0.012387390380455245,1.7837842147855554,41979.17793670118,0.1654955354828821,True,8
2025-09-07,fixed_k8_rolling_risk_quantile,8,0.6,1851.1723404761906,43849.90024380543,635.1158705250451,44485.01611433047,65795.37712697075,95b369f7a5523df689cef919ed4e497b6869ebc46a7bd2373f87e6c76aa87cd2,41512.99719620668,58498.2843813919,7297.092745578853,266.72554777300024,1685.8040680246959,10374.01456470773,10787.612181569886,1.7053025658242404e-13,0.0,0.0,0.012997770174479228,1.871678905125009,39728.72176672688,0.1736502095310425,True,8
2025-09-08,fixed_k8_rolling_risk_quantile,8,0.6,987.6218988095242,41029.404888575664,7671.520769876487,48700.92565845215,62083.73921581923,df0febe8ca04382212543d03ef2007914c070f3e06f58479bbadd43336dffdf4,41388.3451291295,59423.06146544931,2660.67775036992,2222.050919875144,1760.9160911892156,10787.612181569886,9583.870958064641,2.2737367544323206e-13,0.0,0.0,0.012441915805336774,1.7916358759684954,40180.661833354054,0.16622399515929928,True,8
2025-09-09,fixed_k8_rolling_risk_quantile,8,0.6,1003.5238636904769,42242.17570343455,0.0,42242.17570343455,64214.156666763294,22f9bb2de5ac51509820a42369e990264ee242ae2659e92be36e424ccd0844a1,42219.08023520993,59662.312970282546,4551.843696480746,0.0,5562.156708546842,9583.870958064641,8993.193435044119,1.5631940186722204e-13,0.0,0.0,0.013472451672997623,1.9400330409116577,41120.64966488743,0.17999195435124823,True,8
2025-09-10,fixed_k8_rolling_risk_quantile,8,0.6,663.9879922619073,41846.16233475114,15189.668489569798,57035.83082432094,63273.579136040804,3d55331b4958c376a19b2a4fec3ba92dca68c9394e67bd2240bbb605e1d987c9,41548.99788475659,59863.793635289054,3409.7855007517383,3731.160454924703,661.9466509369892,8993.193435044119,8919.18923621937,1.1368683772161603e-13,0.0,0.0,0.013514414063441412,1.9460756251355633,40793.963178196835,0.18055257188757726,True,8
2025-09-11,fixed_k8_rolling_risk_quantile,8,0.6,655.6251494047631,40763.64703461353,2503.20832844086,43266.85536305439,60381.92889049743,a9b53ae80050425a6ba89054418f31d5fca32fd824246a64094868f91e923374,21174.438441976872,55118.289142483954,5263.6397480134865,479.45817148755043,4126.982782018222,8919.18923621937,5464.378501446084,1.8474111129762605e-13,0.0,0.0,0.013699945048655435,1.9727920870063826,20469.75459022151,0.18303126585003662,True,8
2025-09-12,fixed_k8_rolling_risk_quantile,8,0.6,655.2434827380964,20109.91199727686,1112.1086443359945,21222.020641612857,33422.79938065288,31e1eea4823c1a0ca2a22c765d60e77ad4c4ec70335e179939fa6bfa43ad648c,21127.56554202857,30603.148748748477,2819.6506319044083,288.85589085258675,18450.739944173252,5464.378501446084,5091.453186862153,1.1368683772161603e-13,0.0,0.0,0.013561583036587561,1.9528679572686087,20585.36402558032,0.18118274936880982,True,8
2025-09-13,fixed_k8_rolling_risk_quantile,8,0.6,634.0199250000007,22410.93635497767,357.4775825039046,22768.413937481575,38079.84303334329,0302cd978eb915476bd97e71b6d46dec8e79ee4c93682f8a7601ac5586c22aa4,41976.81076178615,35247.37034780007,2832.472685543219,89.93833097486437,22087.8830231901,5091.453186862153,8884.392841264678,1.1368683772161603e-13,0.0,0.0,0.012841543964087678,1.8491823308286257,41175.0340644248,0.1715630273602114,True,8
2025-09-14,fixed_k8_rolling_risk_quantile,8,0.6,1022.6648059523825,42580.535976483465,2700.8386886632975,45281.37466514676,64363.11883462309,54fa7568d526e1e789a72c5ad3b482ff84ad09003aeee26aca8a2d699b7164be,39922.82393608713,61463.719137075175,2899.3996975479195,531.2629653998547,1235.9814222016375,8884.392841264678,7942.720990435618,1.2079226507921703e-13,0.0,0.0,0.01418455377804801,2.0425757440389134,39535.557417577715,0.1895056384747214,True,8
2025-09-15,fixed_k8_rolling_risk_quantile,8,0.6,1284.2058369047631,41389.901409184546,2102.384275632661,43492.28568481721,63284.63593334392,1d90683631f82a0f23607cadc6596f8e8c685a9016e46eeded48e8f1e99d36f5,40294.78028183189,60118.406607769284,3166.2293255746326,566.1325460542412,4053.0117060731104,7942.720990435618,7761.753001619134,1.3500311979441904e-13,0.0,0.0,0.014304890296544828,2.0599042027024552,39997.11076257683,0.1911133343618389,True,8
2025-09-16,fixed_k8_rolling_risk_quantile,8,0.6,532.6085315476189,40879.46969784751,2455.159918497252,43334.62961634476,62580.373232739905,ba56d7d01033f71b88597ff154479cbc92a564ae1977e41a6b82131d9e012566,39747.33118638979,60764.21239634093,1816.1608363989765,794.7843891592274,1907.156192889845,7761.753001619134,6247.496076286148,1.2789769243681803e-13,0.0,0.0,0.014524876972548858,2.0915822840470355,40223.86116520516,0.19405235635325274,True,8
2025-09-17,fixed_k8_rolling_risk_quantile,8,0.6,899.161580952381,41588.63385568022,2425.225533192554,44013.85938887278,64645.447957490294,4145ae81b283c12e0de9c14ea398d647cc68f22ed2d805c9f210b1a44cc22fa1,40087.96991894085,62769.889245897546,1875.5587115927501,530.4042040682107,70.54303403608586,6247.496076286148,7666.867282710111,1.5631940186722204e-13,0.0,0.0,0.013417920096091822,1.9321804938372225,39977.94235612016,0.17926341248378674,True,8
2025-09-18,fixed_k8_rolling_risk_quantile,8,0.6,572.524099404763,36221.82152184361,6476.606960912588,42698.42848275619,56002.97964118665,50729bcbe9b3b8689c2e841486d9bbc94135d68fff6b96e729ef866241431279,18213.64628349679,54590.027721356484,1412.95191983016,1561.8678794595244,908.3556312335206,7666.867282710111,2316.6771084006878,2.2737367544323206e-13,0.0,0.0,0.014668771151264082,2.1123030457820278,18600.457669338903,0.19597478258088813,True,8
2025-09-19,fixed_k8_rolling_risk_quantile,8,0.6,675.7188678571436,17140.396541949747,7238.135111754219,24378.531653703965,31448.549220342014,31005ee9c3274bc93cf5b9fa8214be03f9e682c867d29d92c16235e8181fa187,17560.4192504334,30049.17966472153,1399.3695556204868,2061.539029728402,14515.003292423455,2316.6771084006878,2514.54991590657,1.1368683772161603e-13,0.0,0.0,0.012880280653512778,1.85476041410584,17875.522792597738,0.17208054953093072,True,8
2025-09-20,fixed_k8_rolling_risk_quantile,8,0.6,675.4141654761914,19497.480406304865,8776.402223815074,28273.882630119937,36887.80470878836,ad6432f8e8e3eb3434f2bf1eb98e3cac7065a8f97379fc9c59f45b9e83b69ea5,38699.34950324761,35941.661542108326,946.1431666800321,2188.061615825517,15334.7243659767,2514.54991590657,8048.487460256196,1.1368683772161603e-13,0.0,0.0,0.012816164646008273,1.8455277090251911,38818.142610116825,0.1712239596706705,True,8
2025-09-21,fixed_k8_rolling_risk_quantile,8,0.6,1222.1290434523817,41450.63343228377,816.1584740394019,42266.791906323175,64203.29282008493,72bb21cc27d2a08d54e6e97764dd09ba00215b11bbe5cb33516e3d0bce3b11ad,38350.58983504508,60890.39517316832,3312.897646916618,376.73295005601784,1705.3403390188005,8048.487460256196,7658.6117150959835,2.2737367544323206e-13,0.0,0.0,0.012981462400704104,1.869330585701391,38246.15032961054,0.17343233767340685,True,8
2025-09-22,fixed_k8_rolling_risk_quantile,8,0.6,1108.1487982142867,38996.42257126677,8389.498941048516,47385.92151231528,60900.43997922593,61a4285b48543de92e973bbc673e7f861ddcb7fc59d6598d1889d098ae082e6d,38567.64246561899,59410.54209708044,1489.8978821454818,1927.2187103770611,915.8010340360901,7658.6117150959835,5773.777513257695,1.3500311979441904e-13,0.0,0.0,0.012537875922336954,1.8054541328165215,39199.23179709438,0.1675060223224217,True,8
2025-09-23,fixed_k8_rolling_risk_quantile,8,0.6,1117.8474690476187,40591.010985523026,8424.292588770924,49015.303574293954,64826.215006670536,27457b44a4e3c4a50ee6fd67097b6b6cbf221ed2d98ad807b5740faa15067963,37174.138193281164,63500.865058150055,1325.3499485204925,2038.3148586599486,5.3004171351576375,5773.777513257695,7231.173026888116,2.2737367544323206e-13,0.0,0.0,0.013558175127198209,1.952377218316542,37497.04889604706,0.18113721969936805,True,8
2025-09-24,fixed_k8_rolling_risk_quantile,8,0.6,1074.8074946428571,39961.5956296052,4854.118137149425,44815.71376675463,63396.01736336981,9f8386ce57aaa030f72f6888562afac2f07fdbc4b17c3051d98464d07d0afc92,37583.3697088369,61889.47540612584,1506.5419572439594,1625.2366410987752,266.3423771179963,7231.173026888116,7465.504562600163,2.2737367544323206e-13,0.0,0.0,0.013146507867430855,1.893097132910043,37813.65323383673,0.1756373451088762,True,8
2025-09-25,fixed_k8_rolling_risk_quantile,8,0.6,742.6760232142868,37847.98752062293,5134.990510627452,42982.978031250386,58388.70868273468,f3c1432c2f1d311388c33a028cd2215e6a31da054548f679b6626b3431410ddd,16924.212941968704,56679.109197397636,1709.5994853370441,1394.0416622243838,1204.131244318024,7465.504562600163,2365.916008397401,1.6342482922482304e-13,0.0,0.0,0.01317853965418989,1.897709710203344,17396.73785710314,0.1760652897799769,True,8
2025-09-26,fixed_k8_rolling_risk_quantile,8,0.6,727.563638690476,17791.66131149957,980.7431814342679,18772.404492933838,32252.171970546286,cd5c38c8af99f25ae22d9a5ddf96d0b1ca3a9dbeaa9b3a0802f9fc9ba9a75892,17111.100333058905,30999.091574270256,1253.080396276031,450.5062553950062,12510.959415287016,2365.916008397401,2261.989971383599,1.1368683772161603e-13,0.0,0.0,0.012977485271120612,1.8687578790413681,17543.13541064771,0.17337920322217137,True,8
2025-09-27,fixed_k8_rolling_risk_quantile,8,0.6,741.22560654762,20204.566622774,12975.376744465084,33179.94336723909,37422.40892998464,5e2bd332e8dc906c240cc4e434e7e6bea59d79fd2a0e5a1c300f2da6dfc7346c,37423.25086664256,36033.63776587471,1388.7711641099243,3468.2613943454817,15804.291783333334,2261.989971383599,6610.8638178875,1.1368683772161603e-13,0.0,0.0,0.013468784118433379,1.9395049130544066,37977.17632282159,0.17994295582226996,True,8
2025-09-28,fixed_k8_rolling_risk_quantile,8,0.6,887.5496922619062,40571.713752281736,8133.473459663141,48705.187211944874,64695.168700027694,f52cd1279f46288813dda6f0251d2c8985ce514c38f2ec3654ac80f7aed33924,35293.38088628319,63548.25386787961,1146.914832148079,2271.5439686606396,0.2758171351631829,6610.8638178875,6935.5921945020045,1.7053025658242404e-13,0.0,0.0,0.013044675013588858,1.8784332019567955,35741.29513723223,0.17427685818154715,True,8
2025-09-29,fixed_k8_rolling_risk_quantile,8,0.6,1068.1952244047618,39042.1779836481,14008.506511125883,53050.68449477398,62918.41994100003,340df5ad3f21e13fea75d12cefc0891b8237e079817bd1d707984c822f5a4e0b,36836.942187386594,61640.64397240868,1277.7759685913509,2991.595503754749,649.058962718679,6935.5921945020045,6234.169753691173,1.5631940186722204e-13,0.0,0.0,0.013017746778334387,1.8745555360801518,37414.45892250252,0.17391709695854743,True,8
2025-09-30,fixed_k8_rolling_risk_quantile,8,0.6,1127.1754619047629,40120.110260597125,19393.034846656796,59513.14510725392,64756.04446768132,788eb23013ed685f872ffc00c561e2f5a99c33eacdcf72cde57728e36dbbcce6,36727.0071707083,63326.376631045074,1429.6678366362428,4718.6916915843085,36.15880023425795,6234.169753691173,6782.935431399082,2.2737367544323206e-13,0.0,0.0,0.013081406527716253,1.8837225399911404,37167.35117248802,0.17476759121028915,True,8
2025-10-01,fixed_k8_rolling_risk_quantile,8,0.6,1705.3164422619052,40440.437629869775,1234.9782673735058,41675.41589724328,64146.60277386669,d8b6be5231f4997174dbefa049bb316844a4ef6a3ba5f4d5557c294261bc99e5,38769.50374354499,59793.28418010351,4353.31859376318,562.2930524331166,6987.974823324712,6782.935431399082,8709.786004649668,1.2789769243681803e-13,0.0,0.0,0.013363413161237582,1.9243314952182118,38269.52316304811,0.1785351998341341,True,8
2025-10-02,fixed_k8_rolling_risk_quantile,8,0.6,1705.3164422619054,36795.21362343227,970.6120239108104,37765.82564734308,56072.0551798683,97320f3c701ad6f6897368bb63c20e736fc376b21bf4a4a8246fa90ab1512f0f,17167.259068258736,52519.395967316945,3552.659212551347,429.39740825901436,3972.4413559389372,8709.786004649668,4433.375718964263,2.2737367544323206e-13,0.0,0.0,0.013253411125535623,1.9084912020771299,16628.1880499619,0.17706557263715594,True,8
2025-10-03,fixed_k8_rolling_risk_quantile,8,0.6,1398.0149988095236,16646.734841379766,352.7477267160914,16999.482568095857,29646.406692348635,b858dbfc519ae947cb1ef984d6b7ac73c62f4f4c269b5c16e3638d04fb1e63b6,17246.412661943516,27933.340958393666,1713.065733954967,153.4418480117356,19028.220909393425,4433.375718964263,4383.832786023231,1.1368683772161603e-13,0.0,0.0,0.012890671264459443,1.85625666208216,16759.868511937857,0.17221936809317817,True,8
2025-10-04,fixed_k8_rolling_risk_quantile,8,0.6,1678.7917857142852,18519.970528778962,2139.6904539287357,20659.660982707697,33944.57686905583,dc40c5c9aa12a55dcc46f61130010dc3b5791de13652d1a9da5a202b5d778d64,37080.025253461085,32709.7507565253,1234.8261125305344,695.2016955952381,15163.908844243782,4383.832786023231,8030.001032450028,1.1368683772161603e-13,0.0,0.0,0.013457633977547326,1.937899292766815,36801.87405290686,0.1797939899400323,True,8
2025-10-05,fixed_k8_rolling_risk_quantile,8,0.6,1678.7917857142852,38527.98470054178,1546.189370533998,40074.17407107578,60710.49239848528,bd4055321c74e2b6d687477873d99d0fad185f492f686ce186022aea5e09c042,36618.83234997683,59199.96859352504,1510.5238049602435,712.9584459298237,1544.7811369060232,8030.001032450028,9783.054443820032,1.5631940186722204e-13,0.0,0.0,0.013085930256743773,1.8843739569711033,36162.25427878562,0.1748280282300968,True,8
2025-10-06,fixed_k8_rolling_risk_quantile,8,0.6,873.3610744047608,37233.110899181476,3545.25914971194,40778.37004889342,58313.6426588398,d6fa01bda61458e8d90ac3b18e44535f69d38f2d63e9c9c1e7aaf70047d81441,36020.26508276121,58002.183402335475,311.45925650432605,1216.1300624681985,527.9333774286658,9783.054443820032,8901.65538319921,1.3500311979441904e-13,0.0,0.0,0.01294343864639005,1.8638551650801674,35991.24226157504,0.17292434031577109,True,8
2025-10-07,fixed_k8_rolling_risk_quantile,8,0.6,865.887461904762,36864.92405263536,7632.726073887432,44497.65012652279,58092.398399062986,afdbee1a64c1d6579c25f39bc355ebc616e36804c4d72f8df1d48f0248d4443a,34720.33605524643,57314.273270236976,778.1251288260094,2263.3705194696204,294.89533427032376,8901.65538319921,8588.035825175197,1.4210854715202004e-13,0.0,0.0,0.013414055846927416,1.9316240419575479,34367.854625985696,0.17921178611495028,True,8
2025-10-08,fixed_k8_rolling_risk_quantile,8,0.6,1854.563904166666,36286.71216759761,5602.411712610107,41889.12388020771,57874.171178441735,bd5086217495779432e1d1e9ba0c631fb572d8f0b00751e8ccaa8ad3ef8903f5,34051.19868180784,56288.74400750915,1585.427170932584,2040.7234011202186,853.7005106948318,8588.035825175197,7704.883497773773,2.2737367544323206e-13,0.0,0.0,0.01311215948691016,1.888150966115063,34239.02625650151,0.17517845074511973,True,8
2025-10-09,fixed_k8_rolling_risk_quantile,8,0.6,1937.3156333333336,35006.79137908526,4026.0687014145315,39032.86008049979,54298.28383480634,89419738d01e10876e0492fc82bb7692ccc81fba949a1f93d0709e7b1df560f2,15817.309321566616,52980.01802889656,1318.2658059097869,1010.3296201369874,1234.4447092784567,7704.883497773773,3020.8293251262307,2.2737367544323206e-13,0.0,0.0,0.01248473552954642,1.7978019162546843,16012.023868455606,0.16679606667474015,True,8
2025-10-10,fixed_k8_rolling_risk_quantile,8,0.6,1907.6593148809525,16651.7158580467,1806.8877991827997,18458.6036572295,30575.325431238627,946c05b143564abe3cad7b98550feb9470364574d8df4718c5f04c83207e292d,16186.702695218117,28668.750555715917,1906.5748755227094,629.7264261991736,19079.04070231065,3020.8293251262307,2529.413982927303,1.1368683772161603e-13,0.0,0.0,0.014557029021590197,2.0962121791089885,16678.17034207251,0.19448190772844504,True,8
2025-10-11,fixed_k8_rolling_risk_quantile,8,0.6,1947.3709059523815,19140.491239945506,1442.2546843009,20582.745924246407,36087.062465989315,7029b0a3d97215d67a3bffe07a487ab47881fcaf766ba8705232fd3e24460884,34905.462863767476,34118.989827105615,1968.0726388836993,473.4586815583583,14814.787507930008,2529.413982927303,6609.652962274583,1.1368683772161603e-13,0.0,0.0,0.012941913208123879,1.8636355019698385,35423.82605359444,0.17290396046053502,True,8
2025-10-12,fixed_k8_rolling_risk_quantile,8,0.6,885.5026910714281,38939.50228731275,5561.434029195866,44500.93631650862,63693.80997304307,362bd4eea104a7d60db8d12dc2ecd8dea053eb54e8962a398a2345e0e1bed36c,35049.99920774577,62219.98700360194,1473.8229694411307,1697.0856353732133,1281.3659056662718,6609.652962274583,8634.503444907461,2.0605739337042905e-13,0.0,0.0,0.012993993957934435,1.8711351299425587,35126.23842640719,0.17359975927800406,True,8
2025-10-13,fixed_k8_rolling_risk_quantile,8,0.6,805.6037440476193,38552.12763477236,3611.93011752605,42164.05775229841,62309.045617990596,b9a33e53d0403f4a3aea632bac03e75a421604a23cbf82bb5a137d9e301f723f,35389.071122388894,59607.51499026805,2701.53062772255,1100.3140261137742,1865.9020373863677,8634.503444907461,8503.277265492348,2.2737367544323206e-13,0.0,0.0,0.013299625911814574,1.9151461313012987,35568.39512866909,0.17768300218184271,True,8
2025-10-14,fixed_k8_rolling_risk_quantile,8,0.6,1281.8666988095242,39114.042397360325,7820.79479359698,46934.8371909573,61742.98672517746,682772c1d2bf11bbcca74670956dda44e3ffa788d086172f7af6110f1b0ec918,35117.25425696204,60079.86327537341,1663.123449804052,2175.33462746471,6.865904221587456,8503.277265492348,8088.759578219848,1.1368683772161603e-13,0.0,0.0,0.013430832679457834,1.934039905841928,35338.37698433451,0.17943592459755664,True,8
2025-10-15,fixed_k8_rolling_risk_quantile,8,0.6,1416.5369333333338,38369.05189241472,10775.049895745698,49144.10178816042,61425.59085603058,3cca31860633a8fa98fb1aab68307993712cebf132172c53de0a9bb5970f263f,35580.04345666892,60268.082138515696,1157.5087175148956,3246.3923622812836,7.062134841362422e-07,8088.759578219848,7717.920815457394,1.1368683772161603e-13,0.0,0.0,0.012789658250363168,1.8417107880522963,35869.71761790089,0.17086983422485194,True,8
2025-10-16,fixed_k8_rolling_risk_quantile,8,0.6,1309.9299601190476,37173.21145337936,13443.31427675893,50616.52573013829,58032.17784742376,0d920e4ed7ebc588d40d862259cc2a2f101b12e46b5c2c810bb17258c9518acf,15636.735797711332,56900.738315838695,1131.4395315850645,3596.593989364751,10.668365178484322,7717.920815457394,3452.5232397115183,2.2737367544323206e-13,0.0,0.0,0.012790428007671531,1.8418216331047006,15880.714024329389,0.17088011818249166,True,8
2025-10-17,fixed_k8_rolling_risk_quantile,8,0.6,938.2504999999994,16102.345559261457,3698.0962230808864,19800.441782342343,31078.70025752609,3f6c27c5d036893dc560ad246155f919eb9685217287e4683c8ab72ef4f38c98,15068.667939077564,30067.52433745904,1011.1759200670488,992.08297819784,13776.27567014275,3452.5232397115183,3303.9738711303003,1.1368683772161603e-13,0.0,0.0,0.01844328412476494,2.655832913966151,15489.41737579789,0.24640227590685956,True,8
2025-10-18,fixed_k8_rolling_risk_quantile,8,0.6,1153.3504422619044,18577.446042619653,2016.470390088169,20593.91643270782,36593.22354852868,824404366e553f7f4b56f103b5e8bede99e62fe116147fb370c6ea7d61227016,37023.20989260196,35668.409797460234,924.8137510684465,620.8638669576009,13973.827692627097,3303.9738711303003,7863.882641647459,1.1368683772161603e-13,0.0,0.0,0.016657815938136384,2.3987254950916395,37382.615053514484,0.2225484209335021,True,8
2025-10-19,fixed_k8_rolling_risk_quantile,8,0.6,1129.1483136904758,40010.09002468771,11533.655597720066,51543.745622407776,65298.36238571762,ad2e53f6a3b458f43ddbec9b9dbbc4c06f566e6b08e24ab7e63914552f3685e3,37504.490712353654,63539.50664810385,1758.8557376137728,2959.642010155786,293.23340070505594,7863.882641647459,8097.469900218845,1.4921397450962104e-13,0.0,0.0,0.012685980034196595,1.8267811249243096,37723.90971992428,0.1694846932568665,True,8
2025-10-20,fixed_k8_rolling_risk_quantile,8,0.6,1169.449420833333,40789.404104100075,8769.175761025905,49558.57986512598,66142.45448423189,c86c4ac20527741cce6f3dd6f39eec3be05959ff99131508b6b8449cb787b811,37867.388699031944,64366.11250059263,1776.341983639259,2092.8344124030878,54.60089736633301,8097.469900218845,8049.134024579518,1.4921397450962104e-13,0.0,0.0,0.012776291700396946,1.8397860048571602,38098.159449717234,0.17069125711730318,True,8
2025-10-21,fixed_k8_rolling_risk_quantile,8,0.6,1917.4561232142848,42260.659630065966,7096.739169411757,49357.39879947772,67271.81970318663,b5c5d3a211b31aebcf981add47e2f55f884c19d6dd0db52e6f14345e7e5547b7,38196.336685428956,66159.34047011883,1112.4792330678074,2211.8164384241027,0.0,8049.134024579518,7968.32672994555,1.4210854715202004e-13,0.0,0.0,0.013207006979023895,1.901809004979441,38463.21170079064,0.17644561323975924,True,8
2025-10-22,fixed_k8_rolling_risk_quantile,8,0.6,1943.4395351190474,41127.3289056678,8199.451846626403,49326.7807522942,66356.18700191675,5c58cd5b38c3c9e09e95d959d772b1d1c635d0fd53b21e465dde112ce1565aca,38284.18826136169,65154.23568122646,1201.9513206902898,1797.277086649916,0.09096666666666665,7968.32672994555,7341.031285899259,1.4210854715202004e-13,0.0,0.0,0.01324199679766025,1.906847538863076,38764.78642328793,0.17691307721674093,True,8
2025-10-23,fixed_k8_rolling_risk_quantile,8,0.6,2000.2167803571442,39945.79034580682,6834.093905145564,46779.88425095238,63953.96537004062,f35e63e680fbb54e12a8bb816e0ef3a9ddfe807b4aa706d36ff959b100f78289,15081.816612547795,61631.66266204412,2322.302707996492,1361.2776987733412,1148.6474199860036,7341.031285899259,3973.813356666813,1.4921397450962104e-13,0.0,0.0,0.013632633117797215,1.963099168962799,15279.465947605924,0.1821319784537708,True,8
2025-10-24,fixed_k8_rolling_risk_quantile,8,0.6,2067.7985999999996,16257.143991813995,9785.906224310687,26043.050216124684,31156.204996247863,d5ece70f9d523952a4afdb10bef2c0c3f6869073d40871caa6f6f3389287b45e,15405.51109067938,29545.203709014953,1611.001287232907,1983.9978895266336,12169.403206089111,3973.813356666813,3442.1947241715975,1.1368683772161603e-13,0.0,0.0,0.013458995624508438,1.938095369929215,15838.776747353955,0.17981218154343273,True,8
2025-10-25,fixed_k8_rolling_risk_quantile,8,0.6,2226.2889000000005,19787.728087260337,455.91555369482364,20243.64364095516,37359.178502606606,2c4affeeda80e026f7440386e319655be1c20fbc0e612c650a4a94c86696a6b0,39376.46757380219,35918.422766603806,1440.7557360027977,205.04248891358296,11450.392447866194,3442.1947241715975,7078.549908636323,1.1368683772161603e-13,0.0,0.0,0.01293193056153541,1.862198000861099,40022.18928540592,0.17277059230211309,True,8
2025-10-26,fixed_k8_rolling_risk_quantile,8,0.6,2323.321071428572,43368.7144159303,420.45983507596225,43789.17425100626,69768.45895963146,53cc05673e33a199e063964d314715cba49c37a5cf8decab584a919be83121eb,40494.47798236436,67677.1195477737,2091.339411857756,197.18202546278704,676.9283499999999,7078.549908636323,7719.613091312405,1.1368683772161603e-13,0.0,0.0,0.014228480633189773,2.048901211179327,40775.40465600451,0.19009250125941535,True,8
2025-10-27,fixed_k8_rolling_risk_quantile,8,0.6,1817.130126785713,43448.791136842556,4370.603611197906,47819.39474804046,69165.3932308314,dd819cf1dbd6c150fdae91c480a60f879604c70712ed916649f0c4081403ad70,40223.934967612746,66042.70913250808,3122.6840983233133,850.4426558120896,1688.2199170147358,7719.613091312405,7479.327046864457,1.5987211554602254e-13,0.0,0.0,0.013138035306231663,1.8918770840973593,40670.916545909444,0.17552415169125501,True,8
2025-10-28,fixed_k8_rolling_risk_quantile,8,0.6,2019.6094964285721,42835.16519465843,3448.776519831969,46283.9417144904,68607.62737460325,db463051a533717b52a7cc0f0b95677a837092c30b4c8b2fd95674098c11e629,39662.04740204579,67427.2059544142,1180.4214201890588,639.0451160279291,134.21402856175362,7479.327046864457,7425.2082372301375,1.7053025658242404e-13,0.0,0.0,0.014427039049122767,2.0774936230736785,40048.85598470771,0.19274524169628016,True,8
2025-10-29,fixed_k8_rolling_risk_quantile,8,0.6,1980.151527380952,41809.19820968732,20123.613848158984,61932.8120578463,67504.64345823499,3bbbd80123f6f91370f49be271243bc5382f514b4dabc267ba619412b144cbd5,39233.04803255827,66358.5635263267,1146.0799319082857,4889.083189807644,0.0,7425.2082372301375,7337.748060997588,2.2737367544323206e-13,0.0,0.0,0.01321334284067335,1.9027213690569624,39824.51005988576,0.17653026035139596,True,8
2025-10-30,fixed_k8_rolling_risk_quantile,8,0.6,2172.234671428571,41162.59194203086,3424.031858364994,44586.62380039585,64986.67211045318,eb38612b79272e18dbbe0a7b617b186ec6726efe72764c7571bf55fbefab8d09,16166.000231460617,62947.85001949271,2038.8220909604672,740.4008832851175,1027.4921294877718,7337.748060997588,3401.1434333394313,2.2737367544323206e-13,0.0,0.0,0.013614750007036491,1.9605240010132547,16672.186526461188,0.18189306009400752,True,8
2025-10-31,fixed_k8_rolling_risk_quantile,8,0.6,2211.4703267857153,17625.868555424502,7153.748526981383,24779.617082405886,32948.67794815745,2ce783f11b87238c00d29b160d615021a2c1a486eb025b006dc243d2e011f4f8,16372.291039162388,31794.9462631136,1153.7316850438465,1351.3048519773904,8125.474535140307,3401.1434333394313,3081.416078953692,2.2737367544323206e-13,0.0,0.0,0.012963682598233895,1.866770294145681,16979.865643907993,0.17319479951240485,True,8
2025-11-01,fixed_k8_rolling_risk_quantile,8,0.6,2434.246704166667,19820.567274238663,3430.032284062886,23250.59955830155,37758.69590529949,c3d39f189e01737d7250f8593e9fa8c07767487f801e2ba80540df56cc93593f,41472.95503399726,36280.62763827697,1478.068267022516,798.0304871576143,9240.260372155411,3081.416078953692,6712.037677754985,1.1368683772161603e-13,0.0,0.0,0.012976984389347813,1.8686857520660851,42115.93391970611,0.17337251144168678,True,8
2025-11-02,fixed_k8_rolling_risk_quantile,8,0.6,2748.889804761906,44396.396191248496,4664.728466193993,49061.12465744249,71660.56165113744,bf4620d3df09b1ab559cb09936c5fef6b3692d50ae0e93487438a79e149896e8,41688.03837675896,71011.8815031061,648.6801480313447,820.1855863415506,0.011483333333333333,6712.037677754985,7606.832044820255,1.7053025658242404e-13,0.0,0.0,0.0128429797148581,1.8493890789395664,41871.574729619446,0.17158220899050422,True,8
2025-11-03,fixed_k8_rolling_risk_quantile,8,0.6,2836.2057517857183,44548.49388136431,1811.5027727307345,46359.99665409504,71385.46354596173,8f5dcd18b18ede27535ef3a7ea5efb2fa8968ca9a3e7b9c8a820f3bb6a0a787c,41868.42347822391,70809.7111355683,575.7524103934346,630.0655277162103,24.907466666666615,7606.832044820255,7477.707360495528,1.6697754290362354e-13,0.0,0.0,0.012833515927721036,1.848026293591829,42108.19316031818,0.17145577279435303,True,8
2025-11-04,fixed_k8_rolling_risk_quantile,8,0.6,2813.7009339285732,44820.86462626528,3442.6425080961567,48263.50713436143,71894.48021535439,2a21175c118812209eb6537a0abc497f68e6974cda6a22dbeb0b46ebd10134c5,42444.027747770495,69302.78174268376,2591.698472670637,566.9966693279601,552.8428172435342,7477.707360495528,7210.310950427674,2.2737367544323206e-13,0.0,0.0,0.012822506103071242,1.8464408788422588,42712.20185978439,0.1713086815370318,True,8
2025-11-05,fixed_k8_rolling_risk_quantile,8,0.6,2745.7712648809556,45732.51850973588,986.3504427249669,46718.86895246084,73739.73315025732,492d57ad1a424d09619854834459cad5ad5b42fc1ae6b56243e38732173162ca,42190.98576114116,72704.7301091534,1035.003041103915,215.07360988451217,15.175182721455034,7210.310950427674,8250.12687406328,2.2737367544323206e-13,0.0,0.0,0.012681612819910192,1.8261522460670676,42349.77853590787,0.16942634727400016,True,8
2025-11-06,fixed_k8_rolling_risk_quantile,8,0.6,2838.660975000002,43856.00699001667,8620.79772997804,52476.80471999471,69132.082831378,c5113850a9cb91148a72e76fa45caec76f0d1713a2269f596f841d578352dec9,16929.17436259413,67568.16908576566,1563.9137456123221,2353.930481655663,0.0,8250.12687406328,4864.157512711349,1.1368683772161603e-13,0.0,0.0,0.013196972430402335,1.9003640299779363,17058.662434673068,0.1763115516701752,True,8
2025-11-07,fixed_k8_rolling_risk_quantile,8,0.6,2799.9450321428585,18525.748741530024,2149.6960466539213,20675.444788183944,34083.80065922097,7332041d45a316fb6da26015ddba4d4d45e81cadb2b1761ebd30f52abe797e51,16955.54592812126,32345.432433124446,1738.3682260965284,580.0617067255125,8455.00515794266,4864.157512711349,4449.840542053487,1.1368683772161603e-13,0.0,0.0,0.012564481742932307,1.809285370982252,17171.05143409351,0.1678614760855756,True,8
2025-11-08,fixed_k8_rolling_risk_quantile,8,0.6,2835.6349672619062,20353.367637027593,72.10366550691828,20425.47130253451,38546.890351650596,98bc07f2cb26ad50ed98791f384f77cde4fe2a4a6c8adbb474636dea288fda2d,42951.91562648196,37103.05925811709,1443.8310935335014,33.46128548297362,7698.245437091214,4449.840542053487,8306.768191920704,1.1368683772161603e-13,0.0,0.0,0.012518105896459828,1.8026072490902152,43156.27121434246,0.1672418947767033,True,8
2025-11-09,fixed_k8_rolling_risk_quantile,8,0.6,2687.1622589285707,46024.45762811627,5579.379337521004,51603.83696563728,73396.47619055085,c69677c61ccc006cba3ba52e129120b5724f72955a3be34fecd3c9a881aacdae,43178.03301331357,72364.45963650754,1032.0165540432943,1322.494649651274,200.03083333333348,8306.768191920704,8322.91226901966,1.1368683772161603e-13,0.0,0.0,0.012639706875941355,1.820117790135555,43204.57988008982,0.1688664838625765,True,8
2025-11-10,fixed_k8_rolling_risk_quantile,8,0.6,2686.098525595239,46271.12591352758,9875.997236006308,56147.12314953389,73780.89147923714,61ddf95a76609bcc6b8d791d34c5212afbfc3a78b2d4a64f9ac4a44eaa5e2ef9,43320.789037914314,73349.79799996736,431.0934792697831,2658.3610784087678,0.0,8322.91226901966,8307.797721098263,2.2737367544323206e-13,0.0,0.0,0.012731065984553425,1.8332735017756931,43352.160210825445,0.17008704155363374,True,8
2025-11-11,fixed_k8_rolling_risk_quantile,8,0.6,2672.397069642859,46550.8832043378,2782.0702410056683,49332.95344534347,74182.78950035272,080be96d8f46c1d3d1095f097c8dc8a28eb907f0b5134894347b6ac11ca68234,43728.245265641905,73041.07165976395,1141.7178405887812,511.53258833458864,93.34350161346842,8307.797721098263,8112.576839591393,1.1368683772161603e-13,0.0,0.0,0.012717893208496712,1.8313766220235266,43825.646570257755,0.1699110532655161,True,8
2025-11-12,fixed_k8_rolling_risk_quantile,8,0.6,2669.023479166668,46958.79481033702,1514.490336073217,48473.28514641024,74799.91565158688,ba16175bf05df868e51c921a9e1ff853c8bcf41c5039802f944d1b912844e110,43911.65758429556,73091.98984612906,1707.9258054578188,277.37117511000264,193.0480190560494,8112.576839591393,8194.310518259257,1.1368683772161603e-13,0.0,0.0,0.01270995543766023,1.8302335830230732,43969.098372953384,0.16980500464714068,True,8
2025-11-13,fixed_k8_rolling_risk_quantile,8,0.6,2680.184917857143,45931.728973859026,5175.818411451162,51107.54738531019,72171.80651037423,756dec259d1dd2754772feec88f0c36bc74f0753772b65617b70a76ccb8ee05e,17125.130482483328,70734.34211237902,1437.4643979951982,1295.9791245118727,180.67061666666655,8194.310518259257,5731.613658031006,2.2737367544323206e-13,0.0,0.0,0.01450138574303613,2.0881995469972026,17198.125028897943,0.19373851352696267,True,8
2025-11-14,fixed_k8_rolling_risk_quantile,8,0.6,2772.684929761904,18765.56491391497,4026.296305621055,22791.861219536022,34430.52928696294,0e8d6b3d1d24923656c47f04e52804e30aa3386b65cf72eb807338eecdadad81,17135.32629130856,33547.10893257328,883.4203543896638,1202.4688980143858,5978.581745083138,5731.613658031006,5311.35460881066,1.1368683772161603e-13,0.0,0.0,0.014351158548177208,2.066566830937518,17207.650974266446,0.1917314782036475,True,8
2025-11-15,fixed_k8_rolling_risk_quantile,8,0.6,2772.684929761904,20185.559176333627,2570.1145704144265,22755.673746748053,37904.67705346171,2e127bce255f57a36f976c613c56842e35127a12ce48093ca4a2f1d0c556ebc5,45385.96959845095,37088.326311258716,816.3507422029909,699.3481949691954,4925.288536820077,5311.35460881066,8184.543935629716,1.1368683772161603e-13,0.0,0.0,0.013397509790795285,1.9292414098745212,45490.92846630095,0.17899073080502503,True,8
2025-11-16,fixed_k8_rolling_risk_quantile,8,0.6,2772.058670238095,48054.97367079844,3170.1540182893714,51225.127689087814,76391.2679121707,dd7c08de2ec87cab720eecfe213920176acceea144dfe297b3a41456c3860a9d,45965.31277288652,75543.19649455613,848.0714176145781,945.8520389744003,6.645840073701553,8184.543935629716,8016.556786299171,2.2737367544323206e-13,0.0,0.0,0.013983865716404075,2.0136766631621867,46083.65450415846,0.18682444597115844,True,8
2025-11-17,fixed_k8_rolling_risk_quantile,8,0.6,2767.7002976190447,48875.3135847994,0.0,48875.3135847994,77604.5965979576,a7a55839052d16ba27ec88213dd86cc36baa92841d2ddacc5f44b31865cdb837,45894.03510056888,75297.74766642656,2306.8489315310458,0.0,79.45556138428105,8016.556786299171,8394.635957819768,1.2789769243681803e-13,0.0,0.0,0.013151193333922291,1.8937718400848098,45877.101964842965,0.1756999429412018,True,8
2025-11-18,fixed_k8_rolling_risk_quantile,8,0.6,2328.45858095238,48522.27623457812,3705.0086844373795,52227.2849190155,76877.28729754174,a27c90e180dfd48193ab00370eaf061814fa3b4eb9ddf6e009fce7b5f456f9d3,46023.43453522082,75459.54129150706,1417.7460060346768,1259.6588514460323,0.0,8394.635957819768,8125.845433005782,2.2737367544323206e-13,0.0,0.0,0.013682877568094732,1.9703343698056415,46094.91748306429,0.18280324430974562,True,8
2025-11-19,fixed_k8_rolling_risk_quantile,8,0.6,2640.328955357142,48921.02389762337,2127.525227384008,51048.549125007376,77989.09505513037,bc4471d8a108f76a7d47a30d531221f981ab089c31a9e9b8e060724f3cd68c76,46146.04838150636,77100.56318533632,888.5318697940406,671.8238279451402,0.0,8125.845433005782,8237.915279399842,2.2737367544323206e-13,0.0,0.0,0.014260467902002145,2.053507377888309,46238.056991423335,0.19051985117074866,True,8
2025-11-20,fixed_k8_rolling_risk_quantile,8,0.6,2722.635980357142,47867.56110592469,2720.6193095593835,50588.18041548407,75719.29569586704,d10904ace693033cd25d0d5c55f646d86bf931c67427b99d9e36133ee185273b,17442.693650769386,74097.47247176702,1621.8232241000228,743.6690667743569,15.251400000000103,8237.915279399842,6152.255931981444,1.6697754290362354e-13,0.0,0.0,0.014287011597843957,2.05732967008953,17461.596696874414,0.19087447494719526,True,8
2025-11-21,fixed_k8_rolling_risk_quantile,8,0.6,2822.476950595238,19707.83709575037,988.4273859405175,20696.264481690887,36207.93372156884,49a852df83854a6384b4bfbf307229395bfec1b7d7e561bf48ecd17329209a17,17352.057727784348,34944.42478303229,1263.5089385365484,411.70069356150634,4333.6675339417025,6152.255931981444,6662.194930495124,1.1368683772161603e-13,0.0,0.0,0.014202757277719988,2.045197047991678,17220.37427448552,0.18974883723033903,True,8
2025-11-22,fixed_k8_rolling_risk_quantile,8,0.6,2714.4866511904756,20227.278721922445,1137.1180349556698,21364.396756878115,37696.022797933576,8b7a34d1fe75d9fbe8dd55516bb12ae7d9588de2876a00eb02f9b227797c3b27,46956.61902033925,36310.84154460269,1385.1812533308776,398.67247495885636,3198.365253678179,6662.194930495124,8202.292897649157,1.1368683772161603e-13,0.0,0.0,0.014213917812109381,2.046804164943751,47003.15016888212,0.18989794196978133,True,8
2025-11-23,fixed_k8_rolling_risk_quantile,8,0.6,3047.931733928573,49637.82925512003,3634.310376693232,53272.13963181326,79187.58709018647,ceef246672e6c89d79eda16b323c241ccd4d9959d6b46333fc9de5df553f094c,47166.016264299295,76850.06508780301,2337.5220023834463,1038.006679132153,307.4923605460979,8202.292897649157,8281.571445153779,1.7053025658242404e-13,0.0,0.0,0.014439368061074574,2.0792690007947385,47189.923530203225,0.1929099572959563,True,8
2025-11-24,fixed_k8_rolling_risk_quantile,8,0.6,2932.860294642858,49688.073993052625,672.6679299390684,50360.74192299169,79273.64365775153,7172426034183d0020e9206ac05bbf2149aef3b5d11b65f036d3d46e7544adaf,47247.21856115704,76207.79733634938,3065.846321402164,143.8860923895716,287.3817500329281,8281.571445153779,8053.583376322263,1.1368683772161603e-13,0.0,0.0,0.013240137999471498,1.9065798719238956,47325.59069008767,0.1768882436729392,True,8
2025-11-25,fixed_k8_rolling_risk_quantile,8,0.6,3100.3472571428583,49737.90191097824,1390.6590957706146,51128.56100674885,79435.60160428367,127514467889d5e9063b7c96835f8c29a9e0fa40cf473e5b346a2b4c60282b90,47370.57676537833,78002.6720274114,1432.929576872271,565.3629540517974,0.0,8053.583376322263,8165.248524611068,2.2737367544323206e-13,0.0,0.0,0.013642144923829215,1.964468869031407,47390.3219746441,0.1822590561823583,True,8
2025-11-26,fixed_k8_rolling_risk_quantile,8,0.6,2909.9639136904793,49958.35981336929,2498.73672121556,52457.096534584845,79671.03976887622,2ae638e5e8bbf8c40dce59bdc978c98b84474b25181e1bf257e0151f4035a213,47494.55953945484,78691.8957049807,979.1440638955266,701.3220855191636,0.0,8165.248524611068,8479.077599297392,2.2737367544323206e-13,0.0,0.0,0.013662754908283305,1.967436706792796,47434.19879145188,0.18253440557466497,True,8
2025-11-27,fixed_k8_rolling_risk_quantile,8,0.6,2948.6778726190505,49164.101273768436,2123.430244134834,51287.53151790327,77683.27693090928,fc8da34b3da7dce97ee11357be3a2d9f021028fb3aef622aad142fbf66c385a2,17442.358434086127,75642.89013420677,2040.386796702502,540.9861956076934,0.0,8479.077599297392,6769.544539082996,2.2737367544323206e-13,0.0,0.0,0.014528597465363823,2.0921180350123905,17412.48303498739,0.19410206213726067,True,8
2025-11-28,fixed_k8_rolling_risk_quantile,8,0.6,3010.794755357144,20100.36902059636,660.538194388005,20760.907214984367,36696.41314014164,5e86e2d59ddf4ab702e21dbcd1fe33788258b3a6a3244b83e241261d411cbf3e,17803.830003775245,35339.22794056439,1357.185199577245,252.94081123463917,2838.0914193879094,6769.544539082996,6890.365712873646,2.2737367544323206e-13,0.0,0.0,0.014196328709052372,2.0442713341035414,17784.446031077558,0.1896629515529397,True,8
2025-11-29,fixed_k8_rolling_risk_quantile,8,0.6,2785.019063690479,20397.41553757604,9090.98790000589,29488.40343758193,37945.406786120984,7c46a53ec9d72f6174f9b328944c499d3978b80e3ca54a0bc228914ac9554e11,47734.74488644333,36709.932896615326,1235.4738895056566,3183.9929355281542,1916.685183333333,6890.365712873646,8166.574466392061,1.1368683772161603e-13,0.0,0.0,0.013163664943931508,1.8955677519261371,47741.56845946462,0.17586656365092496,True,8
2025-11-30,fixed_k8_rolling_risk_quantile,8,0.6,3046.9337875000037,51119.759477708605,6223.199609095555,57342.95908680416,81254.93733851111,0203e6e3feb25862a5b11a222e29e8456a4d2c99f9275e491d28f594b6f58916,48313.32803875806,80687.64256708998,567.2947714211401,1983.469990776109,0.0,8166.574466392061,8180.6258473637545,1.1368683772161603e-13,0.0,0.0,0.013121391187774457,1.8894803310395218,48327.39201442243,0.17530178626866674,True,8
2025-12-01,fixed_k8_rolling_risk_quantile,8,0.6,3195.038227380952,51608.72425725644,25162.59000675889,76771.31426401532,82120.98086968681,2ae1800eaab4e3c7b914722d8135c065e3931953c134f46344bb98a5f852a879,48668.547923557686,81734.5252582932,386.45561139361496,6968.328975799592,0.0,8180.6258473637545,8101.0075274657875,2.2737367544323206e-13,0.0,0.0,0.013195146937303233,1.9001011589716654,48798.27463647546,0.1762871630823712,True,8
2025-12-02,fixed_k8_rolling_risk_quantile,8,0.6,2869.0450636904798,52096.15749551173,32065.5775242315,84161.73501974324,82530.04679601933,fe91aed6c6c0986a177b53740340635cbb7a069cd3cf64ab2ffc7a37333d8139,49485.97100037931,82091.04186828778,439.0049277315601,8991.793334008296,0.0,8101.0075274657875,8090.6276172590315,2.2737367544323206e-13,0.0,0.0,0.015454394070022519,2.225432746083243,49553.897362269774,0.20647070477550086,True,8
2025-12-03,fixed_k8_rolling_risk_quantile,8,0.6,3088.676063095239,52827.24192868171,20397.292814223434,73224.53474290515,83526.91274094347,98e3fa7155546814a2ab86745bc985e207508cec04843155be76d98e9b228aaa,50147.69037290621,82908.1518565022,618.7608844412599,6667.648507196032,0.0,8090.6276172590315,8012.076049670913,2.2737367544323206e-13,0.0,0.0,0.01312508247186391,1.890011875948403,50254.145473806675,0.17535110182410182,True,8
2025-12-04,fixed_k8_rolling_risk_quantile,8,0.6,3540.408157142856,52910.53819000951,19139.43540063544,72049.97359064495,83308.02062720168,c787338754698984e3374b035148358f2b10e3700e35bbd06d40d453cf3ab97c,19035.232417287098,82939.64567982001,368.37494738168294,5656.760284645512,0.0,8012.076049670913,7446.91899183131,2.2737367544323206e-13,0.0,0.0,0.014334883125330735,2.064223170047626,19149.973271221304,0.19151403855441862,True,8
2025-12-05,fixed_k8_rolling_risk_quantile,8,0.6,3651.212189285713,21608.49332808275,13001.11434655177,34609.60767463452,39069.95155184883,db51612cd1b015842b0dc49fb235f3ccdb7d8a45fcc844877ba005f15fcd1049,20226.8894451484,39020.91847113466,49.0330807141799,4175.946854602499,0.0,7446.91899183131,7535.72925559235,1.1368683772161603e-13,0.0,0.0,0.014223116923757415,2.0481288370210677,20449.400236100737,0.19002084210139905,True,8
2025-12-06,fixed_k8_rolling_risk_quantile,8,0.6,4522.3942065476185,24252.880594212016,9690.996088611428,33943.876682823444,44850.44003313191,89bd61ad110b2d27535844da5e3731afeefea446a8132b40a1f4ff8fb1b87a58,54751.29374938026,43059.56093525178,1790.8790978801364,3355.824148863925,0.0,7535.72925559235,8382.289518350057,1.1368683772161603e-13,0.0,0.0,0.012508941797932494,1.801287618902279,54908.342547222295,0.16711946242037812,True,8
2025-12-07,fixed_k8_rolling_risk_quantile,8,0.6,4332.398194047619,57243.26250388424,8927.204855494707,66170.46735937895,90175.35617937705,1f83de5588aa8066f577112a21bebbdc3780815eb6b5c00ae8c4dac8504e701f,55659.74291952932,87651.5172538515,2523.8389255255443,2263.047884435579,0.005633333333333332,8382.289518350057,8321.24718877773,1.5987211554602254e-13,0.0,0.0,0.012605542791384828,1.8151981619594153,55783.47009615431,0.1684100516929013,True,8
2025-12-08,fixed_k8_rolling_risk_quantile,8,0.6,3678.4364446428563,55386.462969838576,9724.964625283024,65111.4275951216,87283.9470236696,2d609ebf936d2bea6856d0916816f81b6a47dc2bc49f6ced9a7f67b47ac90724,54287.448274676266,86938.61909924337,345.3279244262193,3746.5723000400867,0.0,8321.24718877773,8584.631413400977,2.2737367544323206e-13,0.0,0.0,0.012648234375875391,1.8213457501260564,54278.27061243966,0.16898041126169522,True,8
2025-12-09,fixed_k8_rolling_risk_quantile,8,0.6,4147.564668452382,58673.02682344451,4028.2843041786937,62701.3111276232,92161.29171598965,0787167579c37544b9983394f61dfe6cfa1799c6c87ab1cc25a09ca7daf58e6d,56420.51963827029,88855.28425197006,3306.0074640195944,838.316534416699,0.005083333333333333,8584.631413400977,8461.42350403708,2.2737367544323206e-13,0.0,0.0,0.0130419404289973,1.8780394217756111,56525.84454287939,0.17424032413140392,True,8
2025-12-10,fixed_k8_rolling_risk_quantile,8,0.6,4283.993839880953,58658.22487222287,3646.7476063779027,62304.97247860077,92214.45990529048,b31b123a470528781e8815797ef5e0dd80fabadfb80667ea1bf98c2539e557c3,56655.04009871328,89806.85653735534,2407.6033679351285,975.2589947552369,0.0,8461.42350403708,8450.772933390916,2.2737367544323206e-13,0.0,0.0,0.013540596644816105,1.9498459168535192,56797.5611559078,0.18090237117474317,True,8
2025-12-11,fixed_k8_rolling_risk_quantile,8,0.6,4316.571260119047,58885.742840412946,2177.027654016572,61062.77049442952,92322.38519173104,37720917670b3b620ac567efb7a0b1bfa7a18d24ef6b68e6a0a02276c6e42bee,22195.740196389896,87923.84526423705,4398.539927493996,514.8706037617884,0.005783333333333333,8450.772933390916,8619.34456502842,2.2737367544323206e-13,0.0,0.0,0.013680562806257512,1.9700010441010818,22205.62556707325,0.18277231909160035,True,8
2025-12-12,fixed_k8_rolling_risk_quantile,8,0.6,4150.176487500001,24655.55532381229,5277.071961316184,29932.627285128474,45803.47527639691,1a2145103fb7311d3ee1691c6b9e3a217ec8733f4309fc00645a7b17f3d39824,22270.65250946672,43413.79948566789,2389.6757907290116,1796.3396010607285,0.0054666666666666665,8619.34456502842,8311.482290321364,1.1368683772161603e-13,0.0,0.0,0.0155789844187287,2.2433737562969327,22463.06231572819,0.20813523183421542,True,8
2025-12-13,fixed_k8_rolling_risk_quantile,8,0.6,5060.16556904762,25393.10928423078,4891.970118167646,30285.079402398427,46993.194854105226,52eb8f635dcebf75dd839ee262f479464ab5d27705024d5b38bd2ca1ce66ca8e,56663.39998839198,44653.55247448445,2339.642379620774,1386.1113877754383,0.0060999999999999995,8311.482290321364,8714.249194462478,2.2737367544323206e-13,0.0,0.0,0.013045092318861862,1.878493293916108,56606.70947514671,0.17428243337999447,True,8
2025-12-14,fixed_k8_rolling_risk_quantile,8,0.6,5568.3848702380965,59355.59189846112,2437.5812051200564,61793.173103581175,93089.81195401472,85d7cd5507877652728d0dba97de56ceb353c52b69b87b0ef4a12de615cdd50d,57587.104069071676,90472.67093660927,2617.141017405449,556.5698033783247,0.0,8714.249194462478,8565.546359296877,2.2737367544323206e-13,0.0,0.0,0.012729403668547294,1.8330341282708105,57605.001650452716,0.17006483301179187,True,8
2025-12-15,fixed_k8_rolling_risk_quantile,8,0.6,5217.221986309527,60419.51334687168,2325.315700612114,62744.82904748379,94779.12962136575,ecd2a69754ab99dc2c18a52cf347180122a77be1f37790bdd42bfb602cd10295,58011.97785692394,91456.4462683135,3322.683353052237,570.5437599638879,0.0049,8565.546359296877,8749.77921041763,2.2737367544323206e-13,0.0,0.0,0.013512421582264424,1.9457887078460772,57960.695168530154,0.18052595233905272,True,8
2025-12-16,fixed_k8_rolling_risk_quantile,8,0.6,5648.948945833334,60726.499755092955,1720.2695668201068,62446.76932191306,95070.85676405026,7d459a880214247490ce541dcf09e7c3e36fdc7babd1fb01abee76c7bde45208,58075.90722204813,91114.06972209271,3956.7870419575497,390.8307666388805,0.0056166666666666665,8749.77921041763,8476.895192642587,2.2737367544323206e-13,0.0,0.0,0.01391695431306693,2.004041421081638,58098.63918772273,0.18593050962257418,True,8
2025-12-17,fixed_k8_rolling_risk_quantile,8,0.7,6851.714591666667,60839.18393399515,1076.3328543366335,61915.516788331784,95381.07857202168,dcca50b2005df0ef9262cc945db4da581dc4da798d457f7ad2973c2c99e5d17d,58682.95490169268,90347.95697648915,5033.121595532519,409.9674915366069,0.0,8476.895192642587,8740.578835862421,2.2737367544323206e-13,0.0,0.0,0.013024489036171063,1.875526421208633,58639.496496749045,0.1740071735232454,True,8
2025-12-18,fixed_k8_rolling_risk_quantile,8,0.7,6849.400535714286,60745.010980082705,720.853848821411,61465.864828904116,94829.85645452685,f1d4c012c9ef04ffc75b1b87bee7faa92d3dcc9e9769fdcb6b281df4df58e60e,24185.77156462577,89576.61735414126,5253.239100385606,174.19377724066015,0.0,8740.578835862421,8778.163017055595,2.2737367544323206e-13,0.0,0.0,0.013696485834063625,1.9722939601051621,24126.807778366183,0.18298505074309004,True,8
2025-12-19,fixed_k8_rolling_risk_quantile,8,0.7,6842.258341071429,26670.20111068863,505.91953253012315,27176.120643218754,48796.29335877331,2d4bee14043e598c06577eed06188b1567475e7cc1f7e74a0df769878c736cc1,24051.841902451622,44591.20238486956,4205.090973903753,110.35396742096759,440.5869372623969,8778.163017055595,8315.931485720666,1.1368683772161603e-13,0.0,0.0,0.012892761285709438,1.856557625142159,24236.018530709982,0.17224729077707807,True,8
2025-12-20,fixed_k8_rolling_risk_quantile,8,0.7,7025.218025595239,27686.69975354602,44.84906861824812,27731.54882216427,50846.89105075454,befbcc79db223056b46743143af26c86267fee94ca3e5912a954d19436ffb356,58850.36188419047,46371.25472774454,4475.63632301,9.247230642937756,1267.207475533791,8315.931485720666,8725.35249102087,1.1368683772161603e-13,0.0,0.0,0.013349407407683126,1.9223146667063702,58821.033976634935,0.17834808296664656,True,8
2025-12-21,fixed_k8_rolling_risk_quantile,8,0.7,7056.793673214285,60987.96545569323,246.21142634387508,61234.17688203711,95206.22173998009,d60d839565928ce2ffd23bd0127ba69a61c1928dd34c1dc7c8baccb620577be8,59820.80351412392,91508.474876803,3697.7468631770844,67.48556973484409,0.005266666666666667,8725.35249102087,8933.975341506828,2.2737367544323206e-13,0.0,0.0,0.012723504041989346,1.832184582046466,59734.68916162863,0.16998601400097768,True,8
2025-12-22,fixed_k8_rolling_risk_quantile,8,0.7,6807.594312499998,60717.239460383855,1803.0787044045026,62520.318164788354,95058.74659760867,6366ce5e3bf6334fc9cdf32b5ed1b77037d670b7cd0634b79e9405610bcdbb86,59493.05968368848,90512.82093485478,4545.925662753878,414.8297408506613,0.0049499999999999995,8933.975341506828,8630.547011491275,2.2737367544323206e-13,0.0,0.0,0.012730823173923354,1.8332385370449629,59455.980475391305,0.170083797603616,True,8
2025-12-23,fixed_k8_rolling_risk_quantile,8,0.7,6807.5943124999985,60929.417271437465,193.059243661682,61122.476515099144,95367.85655921481,8b992a9ef1de45048a580aca0feb707795d3f4409ec472210c501dfb0a900cbe,59059.804768538874,89510.49880320468,5857.357756010135,84.98517283366644,0.005349999999999999,8630.547011491275,8704.779166344864,2.2737367544323206e-13,0.0,0.0,0.01269622136007658,1.8282558758510277,58989.54512114365,0.16962151737062311,True,8
2025-12-24,fixed_k8_rolling_risk_quantile,8,0.7,6978.0030065476185,60446.38813399675,0.0,60446.38813399675,94764.93817839699,2fd44f7af450863a3a59b2397e41cb252fc2c0137b93123b1539867949a311be,58961.68923428106,90164.78066979046,4600.157508606523,0.0,0.005533333333333333,8704.779166344864,8629.72506904943,2.2737367544323206e-13,0.0,0.0,0.013128025694742165,1.8904357000428718,58966.38395743804,0.17539042328175533,True,8
2025-12-25,fixed_k8_rolling_risk_quantile,8,0.7,6804.617624999999,60773.83766651147,571.9356089874912,61345.77327549896,94845.23742048637,6adaa726ff6aba830d91bafe048b4ff7034ae470be493442cb31b28755ad29a5,24757.01549585688,89795.2992776806,5049.938142805765,257.11836034924596,0.0052,8629.72506904943,8629.324655892648,2.2737367544323206e-13,0.0,0.0,0.013523816598939852,1.9474295902473386,24733.78977194521,0.18067818976183642,True,8
2025-12-26,fixed_k8_rolling_risk_quantile,8,0.7,6865.183013690475,26659.225003832475,0.0,26659.225003832475,48495.94200320354,b3e7121a1ce28355e2d8d604f28362dfb05f36d5dd6514d94041763bf270ddd0,24779.14121747308,45937.29263688919,2558.6493663143474,0.0,772.0932197879558,8629.324655892648,8968.624376602826,1.1368683772161603e-13,0.0,0.0,0.01295358015239698,1.865315541945165,24623.285174832425,0.17305983083602364,True,8
2025-12-27,fixed_k8_rolling_risk_quantile,8,0.7,7491.874203571428,28130.01574749289,0.0,28130.01574749289,51416.62619892311,0163227d80fd319961a2f3b9df051f1670c2ac9dd6306784f0eb048be1fce282,59991.55898288965,45874.7501242165,5541.876074706613,0.0,869.8285270910606,8968.624376602826,8906.495726588317,1.1368683772161603e-13,0.0,0.0,0.013192831596421052,1.8997677498846315,59875.57113534139,0.17625623012818525,True,8
2025-12-28,fixed_k8_rolling_risk_quantile,8,0.7,6718.664610714285,60768.610060803374,318.749882833036,61087.35994363641,95094.31619631001,2667f0ca3f1cd91404ad4e9d1a26c4352e88d4eb4db54ee116e08e947a2ca2a6,60701.4937747486,88996.58007610723,6097.736120202762,149.32427624820144,0.0048,8906.495726588317,8990.528792502124,1.4210854715202004e-13,0.0,0.0,0.013196967562786691,1.9003633290412836,60517.64237804621,0.1763114866388302,True,8
2025-12-29,fixed_k8_rolling_risk_quantile,8,0.7,6555.631610119047,61749.65664165876,0.0,61749.65664165876,96557.06739942622,853ac17df7ba3189796efb174e327fd5174c76d2855125835bbc93cad3acda0c,60969.96307370978,89488.59765647573,7068.469742950491,0.0,0.006333333333333333,8990.528792502124,8741.873612381318,2.2737367544323206e-13,0.0,0.0,0.01303437992343485,1.8769507089746185,60922.26126295945,0.1741393157770896,True,8
2025-12-30,fixed_k8_rolling_risk_quantile,8,0.7,6189.883626190475,61912.93678654621,0.0,61912.93678654621,96724.86820733495,4d5fd7abdbb27c636f69ec6c9a4fb91d2602158d619936653d2e57b7523b6f38,59884.75919190849,88744.38785265893,7980.480354676036,0.0,0.0059166666666666656,8741.873612381318,9057.916406706565,2.2737367544323206e-13,0.0,0.0,0.013263949667614523,1.9100087521364912,59707.10815853087,0.17720636755933003,True,8
2025-12-31,fixed_k8_rolling_risk_quantile,8,0.6,4681.157404761904,57974.199786508645,1111.072245634028,59085.272032142675,88459.54525785244,cef1477ec353d5e1ada1dbdf0612d8269a389e53fd9fb7a9a29272dc3c7cc391,0.0,82613.35624126041,5846.189016592029,206.38509140817166,0.005883333333333332,9057.916406706565,1200.0000000493028,2.2737367544323206e-13,0.0,0.0,0.008029518209190832,1.1562506221234798,0.0,0.10727436327478952,True,8
