date,strategy,year_end_boundary,year_end_soc_kwh,total_cost_yuan,settlement_cost_yuan,emergency_cost_yuan,emergency_kwh,curtailment_kwh,charge_kwh,discharge_kwh,soc_start_kwh,soc_end_kwh,g0_kwh,g_final_kwh,planned_energy_cost_yuan,max_balance_residual_kwh
2025-01-01,M1_M6,A_q2_aligned,1200.0,109065.8031569203,50072.71899571351,58993.08416120678,15561.800448533715,0.0,28985.609396958098,24084.505645618065,6000.0,8110.865465597771,78575.94517410586,81395.69062087862,47376.582180411584,2.2737367544323206e-13
2025-01-02,M1_M6,A_q2_aligned,1200.0,109974.63501225744,49529.63009353244,60445.004918725,16145.970850278758,0.0,26693.691171150607,23954.008939785195,8110.865465597771,8184.981995734686,80567.79100656098,79491.55608319503,49305.82207684658,2.2737367544323206e-13
2025-01-03,M1_M6,A_q2_aligned,1200.0,46598.26156966747,46511.57672929247,86.68484037500042,45.94975000000022,3537.7082166666673,15675.116589322934,11626.781025876848,8184.981995734686,10799.999999753241,77611.57270181412,73360.97226547699,47433.777115576566,4.945377440890297e-12
2025-01-04,M1_M6,A_q2_aligned,1200.0,46387.1209644412,46387.120964315,1.2620181899336557e-07,5.9027978949188764e-08,3859.519783333333,12915.160271536482,11648.77326099181,10799.999999753241,10773.511690471723,73212.75778969133,72984.20514562911,45143.49502487243,1.1368683772161603e-13
2025-01-05,M1_M6,A_q2_aligned,1200.0,108748.181254679,46293.120161068946,62455.06109361006,16561.302885480818,0.0,24299.91384194906,24321.863650761094,10773.511690471723,8188.938737574247,73802.75776275554,74486.0488409159,45418.65478762322,1.7053025658242404e-12
2025-01-06,M1_M6,A_q2_aligned,1200.0,105757.98809945644,48032.19715760963,57725.790941846804,15416.326966834948,0.0,25790.00898618315,23137.22266789166,8188.938737574247,8266.715399000459,77468.96411737353,77874.36627023159,47312.9345198374,2.2737367544323206e-13
2025-01-07,M1_M6,A_q2_aligned,1200.0,107877.21153077943,50386.13950766068,57491.07202311876,15292.34882449222,0.0,26920.348400152827,24236.941949200973,8266.715399000459,8257.620278340959,75518.4389180176,80002.25616166831,45913.78622112687,1.7053025658242404e-12
2025-01-08,M1_M6,A_q2_aligned,1200.0,64911.59999693632,61183.29087916485,3728.30911777147,1253.0262946430742,0.0,26172.926007861635,23079.00666221693,8257.620278340959,8760.028980842611,99752.05955125223,93022.46393056097,63542.23070187174,1.7053025658242404e-12
2025-01-09,M1_M6,A_q2_aligned,1200.0,64760.06628064261,60377.110807461926,4382.955473180684,1482.2499557427043,0.0023,25354.01852719862,22962.609144676368,8760.028980842611,8608.24759026316,92856.76403290669,93589.62139313406,58781.908939222114,2.2737367544323206e-13
2025-01-10,M1_M6,A_q2_aligned,1200.0,31285.354885976543,25636.822251660255,5648.532634316288,1927.9996562789552,0.0017666666666666666,20017.71207672383,18144.292229230858,8608.24759026316,8472.953377280635,52486.243707486195,46386.62087117701,27338.390477801913,1.1368683772161603e-13
2025-01-11,M1_M6,A_q2_aligned,1200.0,27471.641286297738,24501.921727316803,2969.7195589809344,1132.994720801384,84.88696651947043,20205.11466433,18109.025595248597,8472.953377280635,8552.619165435339,46859.311495034286,46642.23364745159,24283.681293316524,1.1368683772161603e-13
2025-01-12,M1_M6,A_q2_aligned,1200.0,64745.551353302144,62794.715363717885,1950.8359895842555,664.9977021356807,0.0,24241.538927447014,21755.868060481094,8552.619165435339,8617.46374986898,95227.14869119207,96482.2458995189,60226.74512415708,1.7053025658242404e-12
2025-01-13,M1_M6,A_q2_aligned,1200.0,60793.927553564536,59036.55781490191,1757.369738662625,554.0028112314194,0.0,24774.488612834793,22526.6949656112,8617.46374986898,8375.385898881403,94468.84594758262,92375.93235610137,59831.586137130675,1.7053025658242404e-12
2025-01-14,M1_M6,A_q2_aligned,1200.0,62947.17050528055,58405.295221242646,4541.875284037898,1352.3457257253194,0.0,25525.534797353226,23100.75646614969,8375.385898881403,8240.699066305815,92928.72297431863,92135.18930772442,58640.5749981471,2.2737367544323206e-13
2025-01-15,M1_M6,A_q2_aligned,1200.0,63944.94756167641,60005.81694599759,3939.1306156788232,1019.4876725811124,0.0,26476.296432843446,23635.35550550355,8240.699066305815,8444.46705131494,89685.0845878307,93241.74475261357,56309.9446737123,3.410605131648481e-12
2025-01-16,M1_M6,A_q2_aligned,1200.0,62633.541502811204,58511.00443817575,4122.53706463546,1178.8174104095954,0.0,25298.888208631874,22745.435094401306,8444.46705131494,8469.305997479392,89375.22679072435,91449.01187088188,56181.36703538528,3.410605131648481e-12
2025-01-17,M1_M6,A_q2_aligned,1200.0,25713.866294242864,23669.53950449326,2044.326789749603,685.1116813046704,900.4922739339629,19302.36241407584,17516.41625270171,8469.305997479392,8317.21089858816,45767.886424331955,45715.7220942368,23589.628580801185,1.1368683772161603e-13
2025-01-18,M1_M6,A_q2_aligned,1200.0,27310.022972609324,24617.80353175741,2692.2194408519117,845.2884734548984,488.9758286722832,19644.69837170436,17526.51504584936,8317.21089858816,8479.239142366072,49383.111900625954,46176.330943887224,25459.762408112874,1.1368683772161603e-13
2025-01-19,M1_M6,A_q2_aligned,1200.0,61328.9343192587,59816.24433839314,1512.6899808655592,473.7207745044691,0.0,25832.878146502648,23269.2631786029,8479.239142366072,8458.502141102379,88769.60260607954,92646.12393140548,55617.59867280693,1.9326762412674725e-12
2025-01-20,M1_M6,A_q2_aligned,1200.0,62681.95423083508,57134.1135049366,5547.8407258984835,1644.009930670586,0.0,25589.619282112257,22997.91380093204,8458.502141102379,8493.016876458516,88926.8898456778,90081.3473434297,55917.65992399184,3.410605131648481e-12
2025-01-21,M1_M6,A_q2_aligned,1200.0,57903.02358637772,55692.1078074357,2210.9157789420215,674.6462554891708,0.0,24110.88818177471,21487.650832155396,8493.016876458516,8716.641063663885,89297.01359829924,88212.17376264257,55922.31746902856,3.410605131648481e-12
2025-01-22,M1_M6,A_q2_aligned,1200.0,60298.18518479066,58256.657435240806,2041.527749549849,586.7598228941072,0.0,25317.67305886909,23180.273327087794,8716.641063663885,8300.941140500903,92392.04512966443,92003.03173598662,58071.105776056575,1.7053025658242404e-12
2025-01-23,M1_M6,A_q2_aligned,1200.0,62488.214340972205,59462.57970958172,3025.6346313904846,1022.4720897895039,0.0,25562.549327330693,22708.56780479209,8300.941140500903,8614.772521760962,89985.01119345796,92540.28036154312,56263.68507830385,1.7053025658242404e-12
2025-01-24,M1_M6,A_q2_aligned,1200.0,23822.157293415046,22692.218969824742,1129.9383235903028,437.20956572021066,515.9861853584459,19284.686737235606,17568.85034878277,8614.772521760962,8390.638413246908,40457.615964983546,42654.34213750523,20965.191237936608,1.1368683772161603e-13
2025-01-25,M1_M6,A_q2_aligned,1200.0,23277.42805505146,22639.813958344424,637.6140967070354,262.4341859885184,1567.0903498206621,19682.2974724992,17518.937583227613,8390.638413246908,8596.323642893769,40701.165307374955,42817.561367050424,21036.410239817917,1.1368683772161603e-13
2025-01-26,M1_M6,A_q2_aligned,1200.0,61486.45837555158,58929.045688579696,2557.412686971881,793.7571263069657,0.0,24793.338796221415,22300.81354618955,8596.323642893769,8610.228568211658,95626.44696581367,91827.37678140344,60129.28289879996,2.2737367544323206e-13
2025-01-27,M1_M6,A_q2_aligned,1200.0,57205.07391735597,55692.04562145771,1513.0282958982548,451.26224434696906,0.0,23920.6621356693,21584.20692385593,8610.228568211658,8551.609425376699,85027.263868765,87507.53292414399,52957.783979274725,2.2737367544323206e-13
2025-01-28,M1_M6,A_q2_aligned,1200.0,60375.05219958232,56398.184414644675,3976.8677849376477,1148.0923053530285,0.0,25406.89845822401,22922.15993099159,8551.609425376699,8492.631557098677,91059.09680311449,89537.18059832702,56553.03993913394,1.7053025658242404e-12
2025-01-29,M1_M6,A_q2_aligned,1200.0,56939.05370543641,53598.56262389364,3340.4910815427693,957.5554663979343,0.0,23351.35357804931,20673.912146368886,8492.631557098677,8853.45384055082,83899.67450912451,85477.55576688833,51666.27990432599,1.7053025658242404e-12
2025-01-30,M1_M6,A_q2_aligned,1200.0,57964.68931705311,56332.91734698245,1631.7719700706602,394.1469750590312,6.083333333333485,23721.44022634456,21656.524144733055,8853.45384055082,8529.607155725344,84119.8614455507,87864.26686591824,52471.14669945986,1.1368683772161603e-13
2025-01-31,M1_M6,A_q2_aligned,1200.0,24063.104765508477,22507.891871049644,1555.2128944588317,527.2762805580358,1147.2359879128505,19381.447884231784,17280.983289831136,8529.607155725344,8700.707254473818,39659.36162322205,42659.31137749209,20268.315904132294,1.1368683772161603e-13
2025-02-01,M1_M6,A_q2_aligned,1200.0,21628.037901915268,21613.373678752767,14.664223162499887,6.737524999999948,2387.8095548638817,18144.519587539275,16018.931697625823,8700.707254473818,9028.673322600971,41165.13371396368,41146.82090856691,21606.708705447003,1.1368683772161603e-13
2025-02-02,M1_M6,A_q2_aligned,1200.0,53945.89694612629,53691.046523048324,254.85042307796903,98.47087868410227,0.0,22505.048312906227,20290.979829660355,9028.673322600971,8990.26603945429,86656.42653089974,85191.93837931601,53912.40000596101,2.2737367544323206e-13
2025-02-03,M1_M6,A_q2_aligned,1200.0,55423.30721863321,54218.50095573763,1204.8062628955709,312.8169344164851,0.0,23428.391722359134,21200.271598203395,8990.26603945429,8869.341545141051,89220.03043240668,85382.29766720597,55536.03023463523,1.1368683772161603e-13
2025-02-04,M1_M6,A_q2_aligned,1200.0,56851.685542237086,56470.647431050544,381.038111186544,88.58979343465529,0.0,23613.326229287057,21160.737145555326,8869.341545141051,8965.5343009222,91544.53544185014,88411.69250838779,57456.14127332208,2.2737367544323206e-13
2025-02-05,M1_M6,A_q2_aligned,1200.0,55652.52697436259,54959.89756630425,692.6294080583415,145.32604166666852,2.052500000000009,22820.422405254496,20498.62790850715,8965.5343009222,9007.43685818613,86330.84703263504,87356.53906332236,53838.36246826482,2.2737367544323206e-13
2025-02-06,M1_M6,A_q2_aligned,1200.0,56468.41435407025,55720.01949350168,748.3948605685728,176.3374540356032,0.0023,23180.76181374563,20863.735494847275,9007.43685818613,9006.330205967884,92098.32516708608,86338.45494286856,57803.20838074097,1.1368683772161603e-13
2025-02-07,M1_M6,A_q2_aligned,1200.0,20998.930200538125,20900.343267569588,98.58693296853846,29.937941001589888,4497.971357658672,17895.227919119905,16412.12333429764,9006.330205967884,8683.337055651647,41932.10139512202,39571.79424144723,21613.340190037645,1.1368683772161603e-13
2025-02-08,M1_M6,A_q2_aligned,1200.0,19983.662254353643,19361.79459802031,621.8676563333335,136.20886666666672,2041.812770177236,18492.25999121872,16303.5329822458,8683.337055651647,9041.20254200384,36794.87492803272,37316.487293784405,18727.20119970037,1.1368683772161603e-13
2025-02-09,M1_M6,A_q2_aligned,1200.0,55045.11294133144,54712.35544183491,332.75749949653004,78.21524583333388,0.020583333333333332,22280.327128484285,20311.790690704744,9041.20254200384,8767.669450821428,86777.90116985119,86437.89946507606,54063.61485871015,1.1368683772161603e-13
2025-02-10,M1_M6,A_q2_aligned,1200.0,51192.67930126113,50411.63113835071,781.0481629104146,261.280109722221,80.18030416666707,22416.391512826558,20167.726935935276,8767.669450821428,8775.074899639874,83179.6906449169,80037.41440859018,51408.63378325844,2.2737367544323206e-13
2025-02-11,M1_M6,A_q2_aligned,1200.0,51443.29459294,50657.168380874034,786.1262120659703,202.5019708333324,123.28266666666644,22780.904261873493,20650.158635069867,8775.074899639874,8619.759843828824,84005.71878821607,79936.16092687032,52145.10634054899,1.1368683772161603e-13
2025-02-12,M1_M6,A_q2_aligned,1200.0,52074.888399444666,50616.895687956974,1457.99271148769,347.6564557601524,32.53666666666646,23500.938576768018,21019.57318926132,8619.759843828824,8758.132185894561,84165.61550423631,79908.79959779119,52165.768610298706,2.2737367544323206e-13
2025-02-13,M1_M6,A_q2_aligned,1200.0,48637.995865543984,48146.92108542107,491.07478012291523,120.47909166666588,157.64389999999975,21325.152361204884,19559.319343633906,8758.132185894561,8371.6151898612,78568.21506736774,76657.20050335015,48132.470595224346,1.7053025658242404e-12
2025-02-14,M1_M6,A_q2_aligned,1200.0,19767.87520235369,18874.77592109536,893.0992812583308,199.02041527777698,3657.5190726463725,16809.78163956012,15588.196886951617,8371.6151898612,7887.372015883609,35450.18027972556,36166.88294308105,17966.900930532633,1.1368683772161603e-13
2025-02-15,M1_M6,A_q2_aligned,1200.0,20239.08218334336,19048.31277689075,1190.7694064526079,329.2432307909839,4499.946584265953,18264.139047731325,15872.684172023954,7887.372015883609,8482.977495705338,36581.332960311105,36977.06950098541,18776.56214650351,1.1368683772161603e-13
2025-02-16,M1_M6,A_q2_aligned,1200.0,53103.017893096985,49782.97134867711,3320.0465444198753,974.8704335784205,18.369183333333304,22986.11660249657,20552.233166214384,8482.977495705338,8625.566467504996,84387.31988474741,78030.50619888326,52006.825281748155,3.410605131648481e-12
2025-02-17,M1_M6,A_q2_aligned,1200.0,50272.56378787383,48734.20465192913,1538.3591359446964,416.2618421527512,207.79652361111158,21320.783184221706,19285.494076006937,8625.566467504996,8523.541681776931,84321.40655998557,75640.50994105951,51518.27650838349,1.5143442055887135e-13
2025-02-18,M1_M6,A_q2_aligned,1200.0,50110.35105711795,47718.477154878,2391.873902239953,574.2593704806814,129.8809702109428,21636.181293015456,19389.29672726948,8523.541681776931,8611.312212380279,75144.26742686059,77343.4507919641,45929.555568384545,1.7053025658242404e-12
2025-02-19,M1_M6,A_q2_aligned,1200.0,49866.74059862127,47171.20020829755,2695.5403903237197,721.9454498475043,73.13008333333465,22508.41666264293,20502.358043287015,8611.312212380279,8353.288225438178,75312.32402018322,76212.50655533854,46099.6270082859,1.1368683772161603e-13
2025-02-20,M1_M6,A_q2_aligned,1200.0,48128.02842825528,46416.95011325058,1711.0783150047007,403.47436562790284,242.6941458333371,20748.901516010497,19763.391583153112,8353.288225438178,7204.980649050705,77306.74648426482,74328.38274056937,47192.22204826119,1.1368683772161603e-13
2025-02-21,M1_M6,A_q2_aligned,1200.0,18409.04668826311,17119.53082256275,1289.515865700362,321.54610011814526,6218.144244405628,16355.827986855118,15050.495516371058,7204.980649050705,6856.86623733913,33473.4426994268,33688.94987944903,16825.695372123315,1.1368683772161603e-13
2025-02-22,M1_M6,A_q2_aligned,1200.0,19707.28591648382,18056.82340808952,1650.4625083942976,417.184133945914,3748.5237469464655,18557.05323399065,15109.474181998126,6856.86623733913,8534.848480585806,35398.72297663523,35421.28052405089,17846.076686056243,1.1368683772161603e-13
2025-02-23,M1_M6,A_q2_aligned,1200.0,49471.74747756572,46124.73665267516,3347.0108248905567,1012.4835744526841,160.73707500000023,22364.454876486812,20160.69736854258,8534.848480585806,8500.392324594,76980.72804961063,74436.20879258559,46601.06954226278,1.1368683772161603e-13
2025-02-24,M1_M6,A_q2_aligned,1200.0,47421.70761933149,45394.387567787606,2027.3200515438853,448.13537603358606,707.6518686076605,20723.044928377065,18649.829314062707,8500.392324594,8501.352730957778,73539.04110409129,73812.27731501833,45154.80745036054,1.6342482922482304e-13
2025-02-25,M1_M6,A_q2_aligned,1200.0,46930.21924337781,44121.92882492999,2808.290418447818,682.7977875775964,443.1460041666653,21221.51920434686,19121.200022254423,8501.352730957778,8478.339004051113,76337.38370462756,69967.35213345836,46251.19726391829,1.7053025658242404e-13
2025-02-26,M1_M6,A_q2_aligned,1200.0,46881.58535618221,44245.96263795812,2635.62271822409,675.9125657418059,493.64067231871826,21803.923899108668,19620.00521589403,8478.339004051113,8482.056043563682,69264.62369443214,72191.79087785124,41641.46326353727,1.1879386363489175e-13
2025-02-27,M1_M6,A_q2_aligned,1200.0,44896.16195467496,42715.7676538715,2180.394300803454,479.7782401686185,272.40617260809483,19843.633954229044,19628.259259701474,8482.056043563682,6617.378226919812,68499.21221372424,68712.47888997712,41912.540667635476,1.1368683772161603e-13
2025-02-28,M1_M6,A_q2_aligned,1200.0,17882.707000257837,16344.758899672312,1537.9481005855241,403.85382015959703,7296.092089621676,16044.61172209541,14967.699184231928,6617.378226919812,6061.293139904854,31965.279199985496,32000.613585781,16200.48738482571,1.1368683772161603e-13
2025-03-01,M1_M6,A_q2_aligned,1200.0,19911.137455850934,18245.555033682846,1665.5824221680896,380.0380954177786,7482.399187579904,17862.06840191509,13834.385096437589,6061.293139904854,8424.016790560543,37148.70887204408,36190.09736084223,18557.117086316048,1.1368683772161603e-13
2025-03-02,M1_M6,A_q2_aligned,1200.0,51616.49070660479,49095.80968008106,2520.6810265237286,498.9055535394699,9.991250000000036,22781.307418332042,20553.999676667976,8424.016790560543,8370.444644541343,78751.96305784634,79115.72972335225,47785.97640821196,2.2737367544323206e-13
2025-03-03,M1_M6,A_q2_aligned,1200.0,51619.15322319571,48641.78846009534,2977.3647631003682,799.70251242847,143.18612500000063,22585.311899369124,20298.291721941176,8370.444644541343,8400.474674109248,81307.41068023679,76675.18971287165,49385.17354937712,1.1368683772161603e-13
2025-03-04,M1_M6,A_q2_aligned,1200.0,48280.298711159325,45310.55762182571,2969.74108933361,815.4732879230569,371.47075541982827,21245.09294985962,19239.52578459003,8400.474674109248,8275.098660890937,71945.38106110095,73831.88188791618,43618.22241062802,2.2737367544323206e-13
2025-03-05,M1_M6,A_q2_aligned,1200.0,48179.361835039665,44262.38166664529,3916.980168394371,994.9038101223326,367.6284166666669,20902.45654241799,18581.733032594893,8275.098660890937,8518.043652180359,76132.66029193396,71169.98854712647,45860.23582262172,1.1368683772161603e-13
2025-03-06,M1_M6,A_q2_aligned,1200.0,43415.62446744221,41784.765858993625,1630.858608448589,338.4337423423349,701.127062499999,18156.6056174373,18924.562422727526,8518.043652180359,5794.671824782179,68087.36122974289,68149.19084241553,41387.70117128829,1.7053025658242404e-13
2025-03-07,M1_M6,A_q2_aligned,1200.0,18936.148486079754,16471.065045603984,2465.083440475769,665.7351789157372,9185.064260334593,14556.76289502946,13294.55632571268,5794.671824782179,5590.736833427599,32324.797427134363,32050.1432953076,16580.332453163635,1.1368683772161603e-13
2025-03-08,M1_M6,A_q2_aligned,1200.0,17841.730540542267,17391.243970207837,450.4865703344287,134.2824018125217,10306.512748611072,18064.293981754465,13565.52415642482,5590.736833427599,8428.712828880236,33888.29811613832,34712.595667198635,16816.350140141298,1.1368683772161603e-13
2025-03-09,M1_M6,A_q2_aligned,1200.0,44853.8006283058,42575.0939169669,2278.706711338901,606.5896900671642,311.44316419753017,20579.825609864456,18531.08247590001,8428.712828880236,8418.973617658767,74182.33359188626,67772.07355349507,44367.977690074506,1.7053025658242404e-12
2025-03-10,M1_M6,A_q2_aligned,1200.0,46585.58875764257,43461.27811108426,3124.3106465583023,783.1924538831134,413.29766250000097,20842.607112450194,18762.999216439035,8418.973617658767,8414.069119768452,71009.97915544946,72023.1596411866,42148.841244648094,1.1368683772161603e-13
2025-03-11,M1_M6,A_q2_aligned,1200.0,44961.51165159631,42352.66358642075,2608.848065175557,660.4488141911795,719.1784446535639,21061.5428617598,18884.4611148381,8414.069119768452,8488.83322797133,62462.30422366109,68483.0765411453,37696.78053765175,1.829647544582258e-13
2025-03-12,M1_M6,A_q2_aligned,1200.0,43594.62197948325,41591.054186750465,2003.567792732783,478.33001485530883,758.603979166668,20463.36184614729,18549.188539150502,8488.83322797133,8349.521322839732,72069.68087365637,66479.93769977966,43240.44576619639,1.1368683772161603e-13
2025-03-13,M1_M6,A_q2_aligned,1200.0,45387.06050600511,42330.46900849048,3056.5914975146284,609.6185837233695,62.847459722224826,16677.773866681437,18167.37197192152,8349.521322839732,5021.35532856489,68503.50810980641,68719.7711003171,41684.52581792752,1.3500311979441904e-13
2025-03-14,M1_M6,A_q2_aligned,1200.0,16554.56910560415,15421.655787976582,1132.9133176275686,293.2201388005086,12248.35442777778,14216.594833370908,12952.43854039093,5021.35532856489,4855.332388474374,29782.83883158827,30349.9164288439,14815.782283685903,1.1368683772161603e-13
2025-03-15,M1_M6,A_q2_aligned,1200.0,18786.82156031244,16788.196752779415,1998.624807533027,515.149420312884,7534.071944868595,18126.072031926175,13103.067674081296,4855.332388474374,8239.388122616032,33293.850871782284,33720.84758798279,16212.303108677599,1.1368683772161603e-13
2025-03-16,M1_M6,A_q2_aligned,1200.0,42770.68106261437,41665.15730995276,1105.523752661612,276.64969506431476,491.35029999999784,21098.997738887578,18722.52613877035,8239.388122616032,8520.37949958689,68332.53245355394,68410.22838767289,41077.12877399492,2.2737367544323206e-13
2025-03-17,M1_M6,A_q2_aligned,1200.0,40569.3661893026,38205.52350710985,2363.8426821927505,776.084409212599,279.8273967592605,20204.518452083143,18131.73284640309,8520.37949958689,8575.544126791016,63811.63443432529,60529.010227541134,37525.349335721745,1.1368683772161603e-13
2025-03-18,M1_M6,A_q2_aligned,1200.0,43002.863821475185,41360.89696204902,1641.966859426167,357.4294792868114,643.8888347222234,20612.78454694517,18683.718042757482,8575.544126791016,8436.180494292677,72453.85150117113,65697.49604586241,43554.89396221573,3.410605131648481e-12
2025-03-19,M1_M6,A_q2_aligned,1200.0,42046.541849943605,39543.993947838695,2502.5479021049123,881.6308704781444,1057.6941783950647,20810.4686731321,18533.90479769864,8436.180494292677,8642.273516613219,59354.632025508734,63967.48390957933,35804.43580593145,1.8829382497642655e-13
2025-03-20,M1_M6,A_q2_aligned,1200.0,43897.12264115161,37911.917966517416,5985.204674634193,1898.4760381110539,0.8765666666666667,16408.54866297714,18620.62273935313,8642.273516613219,4580.929809402141,62991.30980963344,59271.81630035416,38597.61745882158,2.2737367544323206e-13
2025-03-21,M1_M6,A_q2_aligned,1200.0,16651.508334514743,14044.387276572239,2607.121057942505,716.0106754996337,15243.515531715642,14066.226109489098,13109.774004416468,4580.929809402141,4106.408431402384,28073.587025026776,28010.751141322093,13967.58235748783,1.1368683772161603e-13
2025-03-22,M1_M6,A_q2_aligned,1200.0,17580.40853858136,16568.591429986416,1011.8171085949417,371.55692580619296,11332.388608398416,18349.688940319425,12310.08498279805,4106.408431402384,8538.482941546814,33837.38177406179,33516.25240438991,16711.31366411245,1.1368683772161603e-13
2025-03-23,M1_M6,A_q2_aligned,1200.0,41303.52723273462,39211.61209492719,2091.9151378074257,479.9940440461392,1162.5929236111083,20186.73185394977,18282.41501565672,8538.482941546814,8417.940767633847,68153.95917876181,63592.768876203205,40819.54580829953,2.2737367544323206e-13
2025-03-24,M1_M6,A_q2_aligned,1200.0,40307.23174638106,37980.17403606834,2327.0577103127243,693.4627428112428,700.5106813851753,20625.68371983835,18441.850738790024,8417.940767633847,8545.764889038404,64175.82343555914,61707.82235432572,38028.28027555399,1.2789769243681803e-13
2025-03-25,M1_M6,A_q2_aligned,1200.0,43475.41760112015,39885.53749416683,3589.8801069533215,976.6500103299711,15.335233333333306,20642.055330565767,18778.844184243564,8545.764889038404,8333.898202708619,71363.11560866219,62559.616246803314,42496.70452622528,1.7053025658242404e-12
2025-03-26,M1_M6,A_q2_aligned,1200.0,37749.59421762546,36651.685864334664,1097.9083532907944,331.57356571403557,975.3581707445471,19992.11921824148,17950.151558641286,8333.898202708619,8378.96670751302,61230.47172803168,59203.653340743665,36690.168235012905,1.4883100627080256e-13
2025-03-27,M1_M6,A_q2_aligned,1200.0,39698.307554955114,35370.52173370144,4327.78582125367,1482.58308373948,71.36046666666284,15787.053062977062,18368.875892940727,8378.96670751302,3993.384980912578,60490.36389331937,55549.20547184234,36874.25163096716,1.491002402723592e-13
2025-03-28,M1_M6,A_q2_aligned,1200.0,14802.51255777103,14011.130065895306,791.3824918757231,281.16882231877094,15932.842261180322,13923.149509582658,12601.27159803295,3993.384980912578,3919.1378221892132,28370.599358746596,28317.603638089695,14012.707153338348,1.1368683772161603e-13
2025-03-29,M1_M6,A_q2_aligned,1200.0,17398.082685197885,15863.191677695086,1534.8910075027989,430.66516297522946,18793.13979195038,18343.2014994165,12259.122715733176,3919.1378221892132,8398.776751718882,31927.6361638476,32352.000818936867,15286.563820227464,1.1368683772161603e-13
2025-03-30,M1_M6,A_q2_aligned,1200.0,41882.150591902006,35359.01177548847,6523.138816413535,2109.1837780024125,13.641773611109599,20034.02988654381,17945.676551440396,8398.776751718882,8488.322279318658,63441.457900405585,55856.50315241539,37393.66268453941,1.1368683772161603e-13
2025-03-31,M1_M6,A_q2_aligned,1200.0,40409.06123538554,36075.51982704665,4333.541408338893,1324.3744040994068,537.2436813271623,19486.84329076147,17408.11444175971,8488.322279318658,8625.401239381354,54452.63475355197,58741.936728308894,32952.01489985107,1.7053025658242404e-13
2025-04-01,M1_M6,A_q2_aligned,1200.0,42161.845147399574,38177.29939216611,3984.545755233466,1148.423981218457,714.4975763888876,18929.38870089203,17223.381916369945,8625.401239381354,8428.35751999549,67112.92583029554,62656.9089083653,39066.00301216279,1.7053025658242404e-12
2025-04-02,M1_M6,A_q2_aligned,1200.0,41329.84815850367,37547.06282151758,3782.785336986089,1009.1548522920311,448.47109768518305,19445.491500508346,17536.52397793612,8428.35751999549,8390.85119143281,63697.893782356194,63238.53665057392,37508.62378537505,1.4210854715202004e-13
2025-04-03,M1_M6,A_q2_aligned,1200.0,36750.08712544667,34840.57539217891,1909.511733267761,630.9279995000122,838.5910398148175,14960.366206927545,18100.476454665913,8390.85119143281,3503.923300999702,59681.54092055415,53889.66711324843,36695.70694414989,1.1368683772161603e-13
2025-04-04,M1_M6,A_q2_aligned,1200.0,14364.543546899533,12782.771019336018,1581.7725275635148,547.3740715933137,18705.778446916727,13343.898930431818,12111.734347805952,3503.923300999702,3396.1683625208802,26162.019115867384,26191.495561590986,12726.102535555976,1.1368683772161603e-13
2025-04-05,M1_M6,A_q2_aligned,1200.0,23256.524326443316,15284.013450177139,7972.510876266177,2334.195356917173,15053.601988142394,18541.977595337754,11985.955575139044,3396.1683625208802,8352.326303033688,31398.956908399326,31693.895075988672,14899.587975593462,1.1368683772161603e-13
2025-04-06,M1_M6,A_q2_aligned,1200.0,38006.575457284096,35921.698791891664,2084.876665392435,604.8374659736019,1072.9838046296252,19933.043867294153,17857.245199511402,8352.326303033688,8439.282910389224,61279.905358104654,57935.01839445285,35655.36050231739,1.1368683772161603e-13
2025-04-07,M1_M6,A_q2_aligned,1200.0,35677.022825130494,33399.33745825075,2277.6853668797403,704.8010802600716,173.067359722222,19155.478192836315,17230.822101653335,8439.282910389224,8448.883871972565,53277.17084857146,55171.03639430546,31457.837233863647,1.1368683772161603e-13
2025-04-08,M1_M6,A_q2_aligned,1200.0,39596.5671407574,35319.21494462028,4277.352196137119,1059.2954392210652,894.5696283950622,19711.163655223718,17917.810937948278,8448.883871972565,8261.504534092132,61973.85178583896,56880.02821319865,36711.33492100492,1.1368683772161603e-13
2025-04-09,M1_M6,A_q2_aligned,1200.0,40344.718214604625,36726.713123146255,3618.005091458366,962.7296354512268,642.1188622661999,20281.99124923969,18192.470395844688,8261.504534092132,8326.14331143442,60654.97743805885,61834.24744846609,35766.447845340954,1.1368683772161603e-13
2025-04-10,M1_M6,A_q2_aligned,1200.0,37121.49628444865,32925.66846362654,4195.827820822108,1115.8554443758144,500.9468690774661,14815.15796316056,17990.765569874893,8326.14331143442,3417.1042120843076,53569.417309902405,52211.34000255629,33161.48731894487,2.2737367544323206e-13
2025-04-11,M1_M6,A_q2_aligned,1200.0,17089.548027843313,12204.101659979879,4885.446367863436,1372.3482727283188,19771.64645815902,12976.62941292964,12110.167577734483,3417.1042120843076,2962.5783371333105,24530.354643809806,24928.093447510488,11689.40523737248,1.1368683772161603e-13
2025-04-12,M1_M6,A_q2_aligned,1200.0,17031.43308227866,15255.149128269708,1776.2839540089526,589.1244068530699,15575.413541069254,18371.520971677903,11333.271486663847,2962.5783371333105,8445.01636311543,32002.548148672602,31514.61295432874,15381.572960261989,1.1368683772161603e-13
2025-04-13,M1_M6,A_q2_aligned,1200.0,36484.001779246486,33480.43972395593,3003.562055290554,760.8546485475649,175.76372993827192,19636.636893214178,17636.46439683457,8445.01636311543,8483.5000247686,56171.194864627774,56295.04841181281,33035.701824285774,2.2737367544323206e-13
2025-04-14,M1_M6,A_q2_aligned,1200.0,41322.33085527322,33269.32406845277,8053.006786820452,2272.0129808651645,1563.1100479194415,18495.06092154233,16741.473194774793,8483.5000247686,8382.39319008119,59259.4968911929,53801.03002734085,35159.52990094102,1.1368683772161603e-13
2025-04-15,M1_M6,A_q2_aligned,1200.0,36613.502893464465,31934.58119108504,4678.921702379429,1122.7558219837474,778.9955342592577,18308.40739996943,16373.027672286982,8382.39319008119,8492.586958539348,51035.622199802616,52853.92610389163,30199.872043034236,1.1368683772161603e-13
2025-04-16,M1_M6,A_q2_aligned,1200.0,37945.14617394148,34257.42082327396,3687.725350667519,1119.1778124204466,90.82629166666754,18966.592448039788,17258.671779360197,8492.586958539348,8293.639030909302,57477.705245266865,57081.06653893556,33270.68535267125,1.1368683772161603e-13
2025-04-17,M1_M6,A_q2_aligned,1200.0,36242.67111648262,31267.61635284121,4975.054763641409,1302.9601723479593,282.3630577868814,13351.240261252948,16937.174997979775,8293.639030909302,3106.387634194935,46061.350748358476,49137.425592092535,28912.367668877265,1.7053025658242404e-13
2025-04-18,M1_M6,A_q2_aligned,1200.0,15864.991270126404,11834.531671185561,4030.4595989408435,1280.9873136819313,18256.117993634023,12887.662838323486,11718.206720107213,3106.387634194935,2980.6236770753635,24566.464711562352,24675.87179442968,11696.512298453788,1.1368683772161603e-13
2025-04-19,M1_M6,A_q2_aligned,1200.0,16075.45109031617,14633.41374045148,1442.03734986469,536.1243273263304,17083.33430057847,18356.811267718374,11436.510272206195,2980.6236770753635,8340.283617530646,30369.631129133948,30891.359434155063,13906.379828066341,1.1368683772161603e-13
2025-04-20,M1_M6,A_q2_aligned,1200.0,35625.84712216076,32726.04368355156,2899.803438609203,988.7353821698807,188.69007083333383,19458.968516508237,17255.643335581553,8340.283617530646,8611.636902451817,52653.07508865185,54233.43630985417,31280.848603878003,1.1368683772161603e-13
2025-04-21,M1_M6,A_q2_aligned,1200.0,36429.13905013524,31536.4224725589,4892.71657757634,1320.2412877396055,2809.473691947054,17620.310627035564,16136.106748180042,8611.636902451817,8318.78133682844,55830.88726431751,51764.47285390213,32703.757953460503,1.1368683772161603e-13
2025-04-22,M1_M6,A_q2_aligned,1200.0,37515.35593263521,32438.44233771527,5076.913594919942,1563.929654733468,225.51233472222245,18478.526278582394,16546.68935620402,8318.78133682844,8407.308556283782,51448.03638367082,53716.87046966478,30232.03235443817,1.1368683772161603e-13
2025-04-23,M1_M6,A_q2_aligned,1200.0,36843.99604735925,32813.348358325966,4030.6476890332815,1195.4639868254335,1080.0231237654284,18248.213791115326,16416.658827619205,8407.308556283782,8414.406377441192,49245.668861285565,53618.8366691637,29167.620471180893,1.1368683772161603e-13
2025-04-24,M1_M6,A_q2_aligned,1200.0,32642.654604469084,29928.23489929262,2714.4197051764636,678.4544973272309,3623.6409967204495,11656.52911416716,15987.84251798394,8414.406377441192,2620.095118320868,43984.24389633244,47081.45946664006,27150.303846701187,1.1368683772161603e-13
2025-04-25,M1_M6,A_q2_aligned,1200.0,13927.079987491205,11286.678246477262,2640.4017410139422,776.9207045401719,20983.902570954295,12242.140232187121,11319.82062400992,2620.095118320868,2301.8704635157424,23879.75488448601,23518.44486939904,11406.92468089283,1.1368683772161603e-13
2025-04-26,M1_M6,A_q2_aligned,1200.0,16247.364656123424,14297.46491528228,1949.8997408411433,650.0037196294909,23357.7130309797,17961.176774925243,10921.109876034236,2301.8704635157424,7829.478288144336,30008.280865810313,30278.23315423377,13941.330980447452,1.1368683772161603e-13
2025-04-27,M1_M6,A_q2_aligned,1200.0,36837.51608252008,31807.76072746057,5029.755355059511,1299.5528159249066,1769.173986882716,18262.45629971326,16694.20075412171,7829.478288144336,7557.532861351295,48841.39522706205,51554.17520731764,29033.288194624256,1.1368683772161603e-13
2025-04-28,M1_M6,A_q2_aligned,1200.0,38136.67862636517,35565.74743751001,2570.931188855161,670.4304573103615,332.76916172839435,19097.931022813806,17173.68857917037,7557.532861351295,7572.763804482417,58888.859645540964,59624.18077747681,34096.74938836989,1.1945999744966684e-13
2025-04-29,M1_M6,A_q2_aligned,1200.0,33657.59506563349,30912.994762007205,2744.6003036262846,672.7595403732623,1420.850965486903,16897.12669639211,15424.507129282143,7572.763804482417,7343.927581714123,48784.456930961336,50157.09094157086,29220.225975427107,1.1368683772161603e-13
2025-04-30,M1_M6,A_q2_aligned,1200.0,34728.45167310372,29714.288503295746,5014.163169807976,1600.637585639346,164.04937159421104,17850.3621416651,16430.53186070687,7343.927581714123,6958.966727065631,47770.012208650005,48642.56841579173,28813.311426010165,1.5631940186722204e-13
2025-05-01,M1_M6,A_q2_aligned,1200.0,46049.011971106214,30841.77330129684,15207.238669809372,2955.0706525067953,3311.5602559797053,12447.180619459925,16552.568706833812,6958.966727065631,1319.4596752243845,44757.5925043743,48104.58664134583,27833.0740815452,1.1368683772161603e-13
2025-05-02,M1_M6,A_q2_aligned,1200.0,25411.30706453298,12647.999404025186,12763.307660507791,2769.7224405422126,12812.625335088234,13112.78844822037,11629.339073136221,1319.4596752243845,1500.9433490867914,26140.832755756604,26013.845753440015,12633.625947593584,1.1368683772161603e-13
2025-05-03,M1_M6,A_q2_aligned,1200.0,27750.03054306178,14706.394018287372,13043.636524774409,2694.0109006933208,17320.693953664886,18888.73475221151,10920.300726880145,1500.9433490867914,7909.362852838287,31604.632718858655,31729.108821263664,14532.470211879365,1.1368683772161603e-13
2025-05-04,M1_M6,A_q2_aligned,1200.0,49343.543086617385,30476.683732716072,18866.859353901316,3949.7367474812445,1648.5842264506564,16485.56807896675,15050.210206109208,7909.362852838287,7684.631443022978,53105.78608659272,51161.98459930393,31152.841080151255,1.1368683772161603e-13
2025-05-05,M1_M6,A_q2_aligned,1200.0,49796.68234393999,32292.238539628976,17504.443804311017,3653.7074012596217,379.7429443767259,19224.174682183526,17239.437289625508,7684.631443022978,7750.322411197214,54931.07208694679,54340.37349254673,32596.621542542263,1.4210854715202004e-13
2025-05-06,M1_M6,A_q2_aligned,1200.0,49108.17900712027,31520.37397329272,17587.805033827553,3727.601894585787,189.0676752477832,18650.863374868073,16975.889269764833,7750.322411197214,7549.926522733447,48636.0171954142,51180.65239462978,28829.145014968435,2.2737367544323206e-13
2025-05-07,M1_M6,A_q2_aligned,1200.0,49054.68211314025,33392.59923308668,15662.082880053566,3031.383157991815,338.93352346236696,18557.71075993606,16520.18417963531,7549.926522733447,7741.513646361151,51644.99080658106,54876.2992445559,30866.43739568357,1.616484723854228e-13
2025-05-08,M1_M6,A_q2_aligned,1200.0,43873.69710221628,30551.841515626445,13321.855586589838,2841.2526795980243,251.89886111111315,12394.898633745333,16642.006814323104,7741.513646361151,1958.1315047898552,50327.501258828896,49827.204952800574,29983.829934251422,1.1368683772161603e-13
2025-05-09,M1_M6,A_q2_aligned,1200.0,24648.31305161325,12288.352076220428,12359.960975392825,2917.5268773876987,17702.37224231824,12426.05360554506,10873.851869253875,1958.1315047898552,2284.474739010251,24553.742726355697,25091.296406931484,11543.260333892153,1.1368683772161603e-13
2025-05-10,M1_M6,A_q2_aligned,1200.0,25502.075204974524,14666.19899451921,10835.876210455313,2421.7506430212457,13806.127823109331,18028.20988134506,10862.60489493177,2284.474739010251,7937.345417032073,30614.230827409265,31012.149876943025,14103.153821029373,1.1368683772161603e-13
2025-05-11,M1_M6,A_q2_aligned,1200.0,47279.81377946266,32200.613196513827,15079.200582948835,3190.080608777256,0.0,17837.4878954092,16055.41054763607,7937.345417032073,7935.583562711219,54153.34552506357,54193.46396413718,31238.09184721653,1.1368683772161603e-13
2025-05-12,M1_M6,A_q2_aligned,1200.0,44974.46110406853,32905.518589528525,12068.942514540006,2539.785847588911,1124.6346842592611,18302.9093592441,16343.207879866997,7935.583562711219,8071.994252894788,47542.8182964472,52838.35497232231,28267.34452635133,1.1368683772161603e-13
2025-05-13,M1_M6,A_q2_aligned,1200.0,43505.04174004735,32822.833886440116,10682.207853607235,2019.3861934954111,370.168530555559,17884.13784190248,15930.115694037982,8071.994252894788,8246.560795822823,56173.08573401406,54185.65857779201,32062.461584533838,1.2789769243681803e-13
2025-05-14,M1_M6,A_q2_aligned,1200.0,45198.3280727475,32462.056662924406,12736.271409823095,2642.425827313265,807.7134560654523,17241.338217375695,15736.549277831484,8246.560795822823,8015.3509888787175,53805.17502110712,53540.6486588568,32000.21943575291,1.1368683772161603e-13
2025-05-15,M1_M6,A_q2_aligned,1200.0,37532.054208247915,30723.521781359043,6808.532426888874,1732.209909530296,368.166928799743,11747.808420725407,16441.012097986702,8015.3509888787175,1829.9522036442884,46536.97983645227,47204.44725272067,29900.27079422592,2.2737367544323206e-13
2025-05-16,M1_M6,A_q2_aligned,1200.0,19541.40466756925,11879.178383570186,7662.226283999067,1849.1243421195093,21948.551434843812,11694.042335323018,10832.26283171728,1829.9522036442884,1505.6872665902463,24419.602376367162,24034.14911324701,11938.043492829309,1.1368683772161603e-13
2025-05-17,M1_M6,A_q2_aligned,1200.0,24798.56613416742,14859.108712741725,9939.457421425694,2245.9678706397453,15122.766269405633,18132.684734009654,10236.960286053614,1505.6872665902463,7917.158815687974,31348.982927325265,31376.583152548985,14734.454596061922,2.2737367544323206e-13
2025-05-18,M1_M6,A_q2_aligned,1200.0,40199.04403643497,32974.32074405491,7224.723292380065,1756.7031709591388,1124.922667129631,18097.14524468152,16168.30975245492,7917.158815687974,8042.723340754699,57833.513788250224,55348.70704498638,33572.22905638169,1.1368683772161603e-13
2025-05-19,M1_M6,A_q2_aligned,1200.0,38391.803881465436,31206.170218122188,7185.633663343247,1283.96200942732,3281.819949209032,17007.807951091443,15203.658263993084,8042.723340754699,8151.68372005265,51499.46022186085,51928.529574104236,30309.60874283361,2.2737367544323206e-13
2025-05-20,M1_M6,A_q2_aligned,1200.0,42896.962556352475,33349.1658216232,9547.79673472927,1857.79439813522,277.8139059177934,17042.5389756742,15539.061361790958,8151.68372005265,7940.046934523947,50756.5529390267,54970.336170093025,30145.78073411112,1.3145040611561853e-13
2025-05-21,M1_M6,A_q2_aligned,1200.0,41978.86675007419,33957.28857987873,8021.578170195451,1650.3280150152937,876.7071222222207,18362.118567903442,16542.551984901336,7940.046934523947,7922.501275374635,48480.25946190453,53495.73754926174,29298.136007159723,1.1368683772161603e-13
2025-05-22,M1_M6,A_q2_aligned,1200.0,34959.055587820105,29517.419143809668,5441.636444010439,1267.6458433245457,867.846713170856,11076.780708576242,15462.309551901359,7922.501275374635,2132.152772907119,45160.6891836286,46301.16889242954,28724.023077238744,1.2789769243681803e-13
2025-05-23,M1_M6,A_q2_aligned,1200.0,16272.382948801904,12775.7734608512,3496.609487950703,948.928853259147,17989.718715238963,11861.306579202588,10883.124191440478,2132.152772907119,1912.9560498431931,24195.59596864489,24977.369113820278,11678.38607921448,1.1368683772161603e-13
2025-05-24,M1_M6,A_q2_aligned,1200.0,18804.596155230174,14822.602189955152,3981.9939652750213,1094.9955935473977,20499.672687696733,17920.394710097524,10579.977145308301,1912.9560498431931,7761.460081885341,31148.24591208056,30830.497793599687,14939.215423444548,1.1368683772161603e-13
2025-05-25,M1_M6,A_q2_aligned,1200.0,37685.53645373714,31413.298729215916,6272.237724521229,1398.1298252988436,2830.8318671722564,15882.232747016895,14669.97370611526,7761.460081885341,7365.158982695924,51525.09933918561,51685.064818220635,30701.276176354957,1.1368683772161603e-13
2025-05-26,M1_M6,A_q2_aligned,1200.0,41790.628787995316,36541.14231906689,5249.48646892843,1259.8589549745154,1210.7979319444457,17384.224505656934,16082.326013161004,7365.158982695924,6905.022329118494,49380.422375319846,57175.72935405239,30101.35066398377,2.2737367544323206e-13
2025-05-27,M1_M6,A_q2_aligned,1200.0,38697.42043124703,31881.377075313023,6816.04335593401,1488.861003938095,803.2119958333302,16745.367602885723,15772.106935579526,6905.022329118494,6165.812421635717,47615.92076235874,50986.628529593974,29164.700379111957,1.1368683772161603e-13
2025-05-28,M1_M6,A_q2_aligned,1200.0,37575.364546170385,33719.38471315681,3855.9798330135745,972.3075158129717,1754.585123611109,18656.223317216234,15785.274870452726,6165.812421635717,7225.519193229326,55750.392754113724,56576.93450675839,32667.784335340555,1.1368683772161603e-13
2025-05-29,M1_M6,A_q2_aligned,1200.0,38735.56197182728,32155.26919210064,6580.292779726637,1630.036149160746,747.7434813271607,13067.130836077478,16434.36902458452,7225.519193229326,2298.7419623879373,48230.985818128946,51265.54349970119,29853.04986226497,2.2737367544323206e-13
2025-05-30,M1_M6,A_q2_aligned,1200.0,15819.161301348066,13045.308599014517,2773.8527023335478,815.5426886565485,18130.72830675746,11962.804909309207,10944.170913391052,2298.7419623879373,2111.4861148592413,25053.413489727638,25410.30672485291,12559.202144735244,1.1368683772161603e-13
2025-05-31,M1_M6,A_q2_aligned,1200.0,17534.583418170456,16324.690668815343,1209.8927493551141,534.3355462828389,16647.185873264472,18377.712365953037,10775.99281074325,2111.4861148592413,8187.221115632467,33946.077997627,32815.1004419302,16845.233269182278,1.1368683772161603e-13
2025-06-01,M1_M6,A_q2_aligned,1200.0,70864.66688825299,40743.556778933766,30121.11010931923,7083.241010176309,6.455213053185862,19889.71138777727,18796.93561869127,8187.221115632467,7242.548250058303,69999.24224939871,66732.64315006978,41553.25573711797,1.1368683772161603e-13
2025-06-02,M1_M6,A_q2_aligned,1200.0,70656.12940941835,40210.32360625056,30445.805803167794,7621.109087419731,0.0,20555.674210859223,18613.369891415776,7242.548250058303,7123.158458043181,72045.67087003129,63025.92170565139,42757.91136035576,1.1368683772161603e-13
2025-06-03,M1_M6,A_q2_aligned,1200.0,67634.52277487984,39581.87126334103,28052.651511538807,6704.8323265092,138.05738333333352,20651.90158216975,18393.034796715758,7123.158458043181,7327.311548579312,65875.93242263416,66336.29883281142,38708.69446968104,1.7053025658242404e-12
2025-06-04,M1_M6,A_q2_aligned,1200.0,67032.54030769053,42195.48389620753,24837.056411483005,6273.510775627852,176.14436666666666,20060.40864180486,18132.697875048583,7327.311548579312,7244.744376178184,76178.63530303625,65639.2045649903,45366.33071927235,1.1368683772161603e-13
2025-06-05,M1_M6,A_q2_aligned,1200.0,68181.646665812,37273.805646117384,30907.841019694624,7719.34258036788,270.48781666666696,15584.166094436641,19760.29751559731,7244.744376178184,1200.0,58368.77285527992,60012.31368011542,34926.054596484,2.2737367544323206e-13
2025-06-06,M1_M6,A_q2_aligned,1200.0,47884.888943891936,16215.142688040567,31669.74625585137,7686.730611710529,5950.631009933728,13037.2316004036,11733.50844030322,1200.0,1200.000000063271,29398.254115086584,30447.750357175646,15329.014851493786,1.1368683772161603e-13
2025-06-07,M1_M6,A_q2_aligned,1200.0,45830.91686374479,19284.090866648676,26546.825997096108,6365.048472045025,5837.783033333332,19142.403518533403,11390.626702583484,1200.000000063271,7353.30371700691,37090.32991626537,38376.32242569522,17912.719919731804,1.1368683772161603e-13
2025-06-08,M1_M6,A_q2_aligned,1200.0,60052.29995662175,39220.71540108665,20831.5845555351,4998.905301410368,565.1553685185175,18788.716705990882,16821.07354207107,7353.30371700691,7446.877087069547,64709.89329673062,63296.97520327008,38170.73381225779,2.2737367544323206e-13
2025-06-09,M1_M6,A_q2_aligned,1200.0,64416.34435122074,42332.01676527503,22084.327585945706,5295.805578853885,55.529475000001334,21051.995587764042,18900.211704411413,7446.877087069547,7495.981276710027,72941.95024104303,68022.87829340599,43899.234104400864,1.1368683772161603e-13
2025-06-10,M1_M6,A_q2_aligned,1200.0,61450.49881009478,42419.13137520033,19031.367434894444,4932.807978330883,227.4659157407398,21576.097523973596,19485.040492387037,7495.981276710027,7425.828549295551,67126.48896837479,69235.27055926842,40093.909192155756,1.1368683772161603e-13
2025-06-11,M1_M6,A_q2_aligned,1200.0,66684.12545195338,46262.947273393176,20421.178178560207,4682.989851579864,0.0,23954.52155312954,21399.339868652303,7425.828549295551,7594.198256544027,72733.34042577365,74731.50291275747,44036.981531911515,1.5631940186722204e-13
2025-06-12,M1_M6,A_q2_aligned,1200.0,61268.60746152687,39611.6369929034,21656.970468623473,5126.403071051896,110.64240478394751,16598.536951723814,20481.773702367944,7594.198256544027,1751.2678948445805,64160.13319071209,64085.03848240407,39570.64139255714,1.7053025658242404e-13
2025-06-13,M1_M6,A_q2_aligned,1200.0,37132.65625390221,16540.58966711489,20592.06658678732,4741.333036531823,6085.4171636374185,12984.620793267448,11629.196022021726,1751.2678948445805,1811.3118442173907,29687.678625195535,31156.695155536672,15376.142493428615,1.1368683772161603e-13
2025-06-14,M1_M6,A_q2_aligned,1200.0,41604.396601654735,18133.879747214796,23470.516854439935,5705.170851482835,7478.32495852881,17961.714776578672,10803.363047105438,1811.3118442173907,7463.546117587986,35671.01894409329,35278.026547892354,18158.960033096548,1.1368683772161603e-13
2025-06-15,M1_M6,A_q2_aligned,1200.0,54637.78683593205,44171.95513063394,10465.831705298106,2315.504115240571,0.0,22433.60635935786,19859.76603300073,7463.546117587986,7811.902298307573,66971.33572622517,71751.10668672953,40537.629328646275,1.1368683772161603e-13
2025-06-16,M1_M6,A_q2_aligned,1200.0,61395.49090186326,44156.6033599832,17238.887541880056,4256.606068446898,118.12966666666671,22783.66686045038,20229.3586106645,7811.902298307573,8102.770245817434,69683.19862575355,71943.15376979217,42115.42970942268,1.4921397450962104e-13
2025-06-17,M1_M6,A_q2_aligned,1200.0,59554.9218664372,45466.01879786611,14088.90306857109,3325.1651569223345,0.0,23358.470793864028,21304.76309362743,8102.770245817434,7805.369227237704,71222.57144136226,73827.91698654238,43310.70371159033,2.2737367544323206e-13
2025-06-18,M1_M6,A_q2_aligned,1200.0,56131.91576581544,44431.91176185185,11700.004003963597,2583.496541297584,102.74125000000004,20725.427943660372,18525.38911199325,7805.369227237704,7939.761850743442,72198.62576419601,72833.36966295034,43438.19077381947,1.2390088954816747e-13
2025-06-19,M1_M6,A_q2_aligned,1200.0,55518.740025633815,40543.30168235136,14975.438343282458,4002.2718781798785,369.78081111111146,14326.285865758495,18692.693250721037,7939.761850743442,1827.0412163072115,61153.1489847859,61127.89458128567,37688.68871329657,1.1368683772161603e-13
2025-06-20,M1_M6,A_q2_aligned,1200.0,25978.815476745356,16251.306617351202,9727.508859394155,2385.450444426062,8581.926958993037,12060.613129025849,11110.420081427914,1827.0412163072115,1557.3323832008966,30353.059485818223,29827.068953798298,16508.81347703859,1.1368683772161603e-13
2025-06-21,M1_M6,A_q2_aligned,1200.0,24825.941774903586,19134.82099192383,5691.120782979758,1455.0985497252655,11139.713197337725,19006.98002929725,10969.319656133104,1557.3323832008966,8026.258718096332,37161.74115003425,37375.385159242425,18996.524196854458,1.1368683772161603e-13
2025-06-22,M1_M6,A_q2_aligned,1200.0,49460.303999639014,42953.88524236932,6506.418757269696,1979.0466311267455,81.63041944444443,20560.63363572237,18339.668194340815,8026.258718096332,8200.080770353585,67254.31189964508,68471.31175450652,40342.51066140087,2.2737367544323206e-13
2025-06-23,M1_M6,A_q2_aligned,1200.0,50527.230424981906,42423.470666568974,8103.759758412933,2031.4485258271798,688.5637220401497,21078.69343226744,18991.94576179873,8200.080770353585,8177.8165723842085,67979.34096381426,69108.74404009111,41630.5329248756,2.2737367544323206e-13
2025-06-24,M1_M6,A_q2_aligned,1200.0,56116.08151496479,48795.75649437868,7320.3250205861095,2041.4547877462014,43.546666666666624,23329.274039364955,20939.364340643177,8177.8165723842085,8237.881184992419,79463.00176996668,77551.27724576076,48667.24648687513,2.2737367544323206e-13
2025-06-25,M1_M6,A_q2_aligned,1200.0,50869.70358602396,45455.05808840047,5414.645497623497,1325.9428593275625,0.0,20756.360353769902,18745.340985662682,8237.881184992419,8169.769237198509,70446.14375295621,73492.07664054459,42060.62056898106,1.1368683772161603e-13
2025-06-26,M1_M6,A_q2_aligned,1200.0,46233.35464245283,41047.62529798194,5185.729344470896,1279.9819348458875,179.9912713775652,14105.124118021344,18687.635481832374,8169.769237198509,1852.5675030386847,60644.88039245529,64087.82077296886,38354.71863961918,1.1435297153639112e-13
2025-06-27,M1_M6,A_q2_aligned,1200.0,23195.543120113733,17336.309516196263,5859.233603917468,1478.7431861131859,11041.985659455855,12624.587301958296,11022.018743824416,1852.5675030386847,2211.0747400027576,32737.817544151567,31362.546805286132,17939.69587758779,2.2737367544323206e-13
2025-06-28,M1_M6,A_q2_aligned,1200.0,22206.0422177769,20030.618942230718,2175.42327554618,652.8451258416513,8485.106348880936,18303.424750600847,10787.635279107228,2211.0747400027576,8204.062081633812,37811.36960972946,37745.718354498975,19880.882459191904,1.1368683772161603e-13
2025-06-29,M1_M6,A_q2_aligned,1200.0,50152.94714111547,45500.20805082355,4652.739090291914,1529.228264969142,57.480400000000145,20322.06573382211,17761.96556108871,8204.062081633812,8760.510793691856,67565.16786763372,72012.77062146677,40847.458489182885,2.2737367544323206e-13
2025-06-30,M1_M6,A_q2_aligned,1200.0,47607.1845489227,45046.112153997536,2561.072394925164,704.7547146134677,97.35411666666664,20237.931561733276,18545.132503720095,8760.510793691856,8411.612379605387,72942.38782977486,73152.26092703696,44530.085516584375,1.1368683772161603e-13
2025-07-01,M1_M6,A_q2_aligned,1200.0,87160.94481755665,41910.492489379365,45250.452328177285,12473.624918480673,27.277674445363537,20335.398588690477,19472.204178639517,8411.612379605387,7177.95995711299,63563.30929253668,67283.39120110298,38778.503807281464,2.2737367544323206e-13
2025-07-02,M1_M6,A_q2_aligned,1200.0,82838.24937822329,39132.2089772043,43706.040401018996,12089.84549390293,0.0,18857.154184833882,17039.539853890587,7177.95995711299,7106.175107859255,60893.12862856459,62632.53520511249,37906.00780029612,1.4921397450962104e-13
2025-07-03,M1_M6,A_q2_aligned,1200.0,83274.34765992805,40719.18459248144,42555.163067446614,11460.354390464407,10.191457531573743,16373.915063797142,20339.61323754416,7106.175107859255,1200.0,62931.15536982838,64344.55782720086,39477.983522156166,2.2737367544323206e-13
2025-07-04,M1_M6,A_q2_aligned,1200.0,58336.20212914078,16867.24136303158,41468.9607661092,10892.845142886728,12132.53300829452,12500.761764307968,11250.685587816122,1200.0,1200.0,31323.425092444235,31370.63150903729,16800.780547965198,1.1368683772161603e-13
2025-07-05,M1_M6,A_q2_aligned,1200.0,63566.717678377485,20175.747744554654,43390.96993382283,11237.610161090346,13899.995312461186,18570.883726053467,11101.252714520788,1200.0,7116.139401274128,38864.930639896345,38922.09613121007,20069.647892035864,1.1368683772161603e-13
2025-07-06,M1_M6,A_q2_aligned,1200.0,87309.30349920591,46117.42455101981,41191.878948186095,10693.711867898353,79.67468694320226,22135.714527877062,19986.248166522655,7116.139401274128,7048.56670175994,62893.72497227192,71330.15963330302,39132.97001952637,2.2737367544323206e-13
2025-07-07,M1_M6,A_q2_aligned,1200.0,75334.71926786409,40638.14842693249,34696.5708409316,9954.754399361267,0.0,19158.556853621776,17271.912413887614,7048.56670175994,7017.775345268218,63877.31686310335,65356.25380408643,39444.08179497052,2.2737367544323206e-13
2025-07-08,M1_M6,A_q2_aligned,1200.0,76507.04402875181,44662.76157785427,31844.28245089754,8897.031487629258,0.0,22000.702889096123,19302.39882999405,7017.775345268218,7542.9598522752485,71261.1385637795,69375.06792311255,43561.15545383412,2.2737367544323206e-13
2025-07-09,M1_M6,A_q2_aligned,1200.0,72044.0278913879,42891.78155549374,29152.246335894153,7846.279170594766,0.0,20731.96963371281,18631.360130329827,7542.9598522752485,7571.855206571081,70902.3845021589,68313.05535109463,43155.372312107655,1.1368683772161603e-13
2025-07-10,M1_M6,A_q2_aligned,1200.0,71325.75478375626,38648.20679069091,32677.547993065353,9301.556214176515,0.0,13614.427762524883,18297.85759828191,7571.855206571081,1200.0,57110.55193835693,58896.32316678528,37254.45180313098,2.2737367544323206e-13
2025-07-11,M1_M6,A_q2_aligned,1200.0,49572.68377942429,19190.54587564086,30382.13790378343,8120.7286662843635,8396.809109918831,13050.080712857773,11745.07264151188,1200.0,1200.0,35121.569998948224,34099.86566545152,19668.39397453549,1.1368683772161603e-13
2025-07-12,M1_M6,A_q2_aligned,1200.0,47743.96075713889,23100.290671966566,24643.67008517233,6289.271870902539,9748.188558333331,18719.705915278253,10985.070262093588,1200.0,7379.79158450903,40815.55621351569,42378.59937558839,21462.920712490195,1.1368683772161603e-13
2025-07-13,M1_M6,A_q2_aligned,1200.0,71486.10270665442,41531.953337326006,29954.149369328417,7564.486629098527,0.0,19783.31531898971,17744.396165024085,7379.79158450903,7443.656545757063,69196.58654549168,63742.152926506955,43647.4415732863,2.2737367544323206e-13
2025-07-14,M1_M6,A_q2_aligned,1200.0,72801.2602178779,40906.31049181672,31894.949726061186,8604.185360572039,0.0,18884.128275058516,16937.258497959287,7443.656545757063,7505.275581017304,65265.062199379274,65150.36363483366,39813.39660532252,1.1368683772161603e-13
2025-07-15,M1_M6,A_q2_aligned,1200.0,66520.22651932912,43664.45226091615,22855.77425841297,6358.1164741115,0.0,19487.80712145432,16975.63288952555,7505.275581017304,8099.144494848798,72287.67388116344,69082.9453205787,44434.692506114734,1.1368683772161603e-13
2025-07-16,M1_M6,A_q2_aligned,1200.0,61560.663871346,43596.61849041652,17964.045380929478,4976.606156038919,0.0,18502.31477643266,16995.783459591148,8099.144494848798,7736.85271474891,68099.2874459281,68737.15698304665,43074.06537143938,1.4210854715202004e-13
2025-07-17,M1_M6,A_q2_aligned,1200.0,60609.89122267857,41663.75388513456,18946.13733754401,5515.154406066502,0.0,14664.700533747018,19031.187434843283,7736.85271474891,1588.3762247997986,60483.07953931281,62939.22953526194,38928.60144373847,1.1368683772161603e-13
2025-07-18,M1_M6,A_q2_aligned,1200.0,39669.9072040694,20666.603572531236,19003.30363153816,4981.34907112998,8187.741549999999,12622.919855602677,11406.098103959015,1588.3762247997986,1540.4463898274269,37214.67221507721,35704.4851984286,21211.492707825862,2.2737367544323206e-13
2025-07-19,M1_M6,A_q2_aligned,1200.0,41525.7840547917,23932.197001567434,17593.58705322427,4485.234481559757,12237.16609301674,18454.147488173676,10678.397980356314,1540.4463898274269,7791.568098395996,44208.3141722921,42781.38304152314,24441.159050273185,1.1368683772161603e-13
2025-07-20,M1_M6,A_q2_aligned,1200.0,59958.85176923059,44346.40936667687,15612.442402553725,4210.885603887773,0.0,19479.46641293406,17486.20388603439,7791.568098395996,7839.335235963806,72057.46985212776,70245.7413663221,43870.86323467595,1.1368683772161603e-13
2025-07-21,M1_M6,A_q2_aligned,1200.0,60723.102795397375,46025.97306514836,14697.129730249013,4210.388230979162,162.48129999999827,20373.582173542076,18146.224347208678,7839.335235963806,8039.612408935681,72888.74309078867,72410.23375545244,45116.18435625144,2.2737367544323206e-13
2025-07-22,M1_M6,A_q2_aligned,1200.0,55942.26906612557,48137.66128538335,7804.607780742219,2145.8038608301695,148.36427445366397,20292.611545382875,18170.83548179215,8039.612408935681,8137.131685645356,72197.14017619904,76190.10581672333,45118.50299188383,2.2737367544323206e-13
2025-07-23,M1_M6,A_q2_aligned,1200.0,61866.52157645317,48493.903360794255,13372.618215658911,4297.975647686442,36.56398888889015,20534.537458926687,18344.6187531203,8137.131685645356,8280.978383688996,82164.1470689749,72662.13973639088,51148.558953869826,1.7053025658242404e-12
2025-07-24,M1_M6,A_q2_aligned,1200.0,52359.009242122775,46188.71349718579,6170.29574493699,1845.4554669584059,0.0,13553.556971179725,17720.34618295049,8280.978383688996,2460.126556491862,74952.4460849845,68042.65395549746,48295.83391530154,2.2737367544323206e-13
2025-07-25,M1_M6,A_q2_aligned,1200.0,28521.537709935146,21552.352109668023,6969.185600267124,1871.4005387111977,11281.023251350078,12209.232159124,11213.545656673723,2460.126556491862,2222.706214081522,37273.233464839635,37144.88366153609,21439.87167295668,1.1368683772161603e-13
2025-07-26,M1_M6,A_q2_aligned,1200.0,31488.03367605098,24517.584336087864,6970.449339963119,1803.7512298411723,9755.365774961185,18710.34289182999,11113.270195192206,2222.706214081522,8258.48065980165,44026.47535338669,44377.69584458259,23960.240048267435,1.1368683772161603e-13
2025-07-27,M1_M6,A_q2_aligned,1200.0,56576.58769910955,47445.11113076798,9131.476568341566,2720.3021563250804,479.5290128767154,20963.19143264704,18910.08425519056,8258.48065980165,8212.931248425883,73554.13538944768,73950.87818381158,45312.23644189822,2.2737367544323206e-13
2025-07-28,M1_M6,A_q2_aligned,1200.0,58832.38003669583,48866.938550620296,9965.441486075531,2884.855400758166,153.54469185962373,21061.357190513536,18993.013239006676,8212.931248425883,8173.095227677806,76694.63583464883,77885.28479025656,47302.69364693434,1.1368683772161603e-13
2025-07-29,M1_M6,A_q2_aligned,1200.0,56028.54853383242,53484.680047482296,2543.8684863501267,632.6770274003597,38.79874999999956,20748.685443644976,18049.608614713023,8173.095227677806,8831.068532204372,77137.72350213936,83206.38875161321,48161.59568949873,1.7053025658242404e-13
2025-07-30,M1_M6,A_q2_aligned,1200.0,54932.337978154304,52732.077997792076,2200.259980362229,631.1485012484686,1019.7797958333376,19931.75376511493,17833.02985425513,8831.068532204372,8942.326456282093,69491.13876863578,79459.55556135601,43971.18687635989,2.2737367544323206e-13
2025-07-31,M1_M6,A_q2_aligned,1200.0,50703.995399987616,48013.724923484595,2690.27047650302,747.2824055926387,473.93407083333375,14849.95870510169,18677.324231940736,8942.326456282093,3342.6058664226584,67558.59159873483,72480.49196961182,43425.90348027792,1.1368683772161603e-13
2025-08-01,M1_M6,A_q2_aligned,1200.0,26027.950526654262,22509.922210066416,3518.028316587848,964.5374775089996,15929.82916344989,12942.264786555628,11613.65741723679,3342.6058664226584,3378.8465072497124,39126.106639862235,38055.78891401876,22993.607473618675,2.2737367544323206e-13
2025-08-02,M1_M6,A_q2_aligned,1200.0,30723.778336705735,25877.912251089423,4845.866085616313,1351.2249980870886,16846.533675887113,18840.994266988248,11688.219243274987,3378.8465072497124,8932.5182202874,46236.967157626445,45417.37406104835,26199.810985460805,2.2737367544323206e-13
2025-08-03,M1_M6,A_q2_aligned,1200.0,46989.74194519314,41208.32003318889,5781.421912004254,1448.583336804575,496.5870582945178,18601.72104056422,17205.81929015677,8932.5182202874,8443.134297746523,63997.09681201562,64079.52395388337,41110.37302254357,2.2737367544323206e-13
2025-08-04,M1_M6,A_q2_aligned,1200.0,51756.791604739454,44810.235258438384,6946.556346301069,1707.0818376181496,950.4735399691388,17916.26900999242,15645.884519078838,8443.134297746523,8947.789108153911,69030.4136852439,68655.76377126834,44493.282009608025,1.7053025658242404e-12
2025-08-05,M1_M6,A_q2_aligned,1200.0,45902.94101234044,44687.9850211742,1214.955991166236,346.1748394892263,1264.689806944442,18182.763747644763,16482.688884057556,8947.789108153911,8823.193775422573,66734.77191767446,69339.89534934747,42871.44334350624,1.3500311979441904e-13
2025-08-06,M1_M6,A_q2_aligned,1200.0,48909.56659672746,47378.45892978982,1531.107666937645,413.5666652790501,885.9617783950646,17990.483024575988,16228.90476925237,8823.193775422573,8783.696877763485,74352.90491395505,72402.38074105902,48198.24246740206,1.4210854715202004e-13
2025-08-07,M1_M6,A_q2_aligned,1200.0,45716.16452031403,43626.502141455465,2089.6623788585666,566.2568582285048,2003.0759458333312,12051.174113360308,16368.806027831533,8783.696877763485,2962.207939193395,69821.41311245976,62220.891279279014,44380.352230159304,1.1368683772161603e-13
2025-08-08,M1_M6,A_q2_aligned,1200.0,23842.789102921888,22291.205774982307,1551.5833279395804,313.8457930555551,20634.30961971427,12678.042062190469,11191.328070334166,2962.207939193395,3192.959114097707,38710.70339320469,38649.04506773998,22272.706536976657,1.1368683772161603e-13
2025-08-09,M1_M6,A_q2_aligned,1200.0,25963.16288093049,25162.681376633675,800.4815042968164,182.40541460967188,17668.202870794517,18573.95832066851,11427.377236174423,3192.959114097707,8768.249902178604,44915.86717338592,44906.05157093281,25161.127919281054,1.1368683772161603e-13
2025-08-10,M1_M6,A_q2_aligned,1200.0,45879.16006505933,44016.57056046244,1862.5895045968914,543.0073639963846,119.48162359183681,17256.732590100426,15554.230590203653,8768.249902178604,8743.825250494647,69580.9876352488,67863.40435036899,44674.93496007299,1.1368683772161603e-13
2025-08-11,M1_M6,A_q2_aligned,1200.0,47363.83395874582,45214.272807965644,2149.5611507801764,493.8151499196903,2273.910621604932,18587.385069283166,16741.017860175045,8743.825250494647,8730.784757586616,68283.64575158778,70403.34648987987,42933.87600392939,1.1368683772161603e-13
2025-08-12,M1_M6,A_q2_aligned,1200.0,49200.68533700692,46615.566415026195,2585.1189219807284,705.7738529538291,1144.0173583333349,17557.599858669026,15853.72922744069,8730.784757586616,8676.088575261918,74229.47317740394,71934.51460891785,46305.981986052706,1.1368683772161603e-13
2025-08-13,M1_M6,A_q2_aligned,1200.0,48359.7439111479,44880.38772736767,3479.35618378023,933.5948665262185,938.4255033950617,17775.03875478325,15741.824639737553,8676.088575261918,8945.630834615318,66895.41841200764,70098.90100666438,42145.07697000746,2.2737367544323206e-13
2025-08-14,M1_M6,A_q2_aligned,1200.0,45428.20386131713,43747.98376803826,1680.2200932788724,426.13123630433495,1460.037322530863,12620.194130489232,17145.40586732964,8945.630834615318,2845.3535747734577,61615.376446593706,65141.350521717046,40955.94251786875,1.5987211554602254e-13
2025-08-15,M1_M6,A_q2_aligned,1200.0,25466.037111977097,22612.077273775638,2853.9598382014588,906.3184186959181,19949.22047450007,12593.244766831513,11387.246228686225,2845.3535747734577,2789.143100058191,39338.30206477832,38251.020611382344,23071.277141414095,1.1368683772161603e-13
2025-08-16,M1_M6,A_q2_aligned,1200.0,28823.160827875377,26303.64933370739,2519.511494167985,624.9690189971485,19684.524587695487,18862.833100759624,11251.771479466955,2789.143100058191,8823.589287717208,47104.972240579424,44670.643545497274,27177.29634413621,1.1368683772161603e-13
2025-08-17,M1_M6,A_q2_aligned,1200.0,47809.24535155171,44574.59206081989,3234.6532907318274,694.7860868623955,1793.070277637316,18155.675806212254,16339.851115331461,8823.589287717208,8823.860305727218,71592.36050184858,67944.8088763824,44594.554220413374,1.1368683772161603e-13
2025-08-18,M1_M6,A_q2_aligned,1200.0,47632.32423123135,43822.11320627633,3810.211024955025,948.5160398963955,1702.0898435185172,18651.829622364323,16849.833045242645,8823.860305727218,8757.256007702157,68848.05801391993,68598.9005794152,43906.66532302966,1.6342482922482304e-13
2025-08-19,M1_M6,A_q2_aligned,1200.0,46447.4548338228,43588.090692380014,2859.3641414427807,714.3797126535505,1619.9613633565996,17492.86013339929,15868.946535394543,8757.256007702157,8625.10187829689,67820.50235000467,68282.65275599797,43254.40393719234,1.5631940186722204e-13
2025-08-20,M1_M6,A_q2_aligned,1200.0,51993.006179338256,48065.00288789155,3928.0032914467115,1020.2127988218465,999.9213641975322,20042.836495886597,18035.010486808067,8625.10187829689,8628.835853056586,76735.62183603892,74348.3630708195,47375.417255778164,1.1368683772161603e-13
2025-08-21,M1_M6,A_q2_aligned,1200.0,45402.51960665579,42200.604961796336,3201.9146448594565,838.2408969696041,1550.1696435185197,11870.20790190436,15899.23786950024,8628.835853056586,3130.635591172581,66480.47290509142,63619.96391408715,42681.77827727038,1.1368683772161603e-13
2025-08-22,M1_M6,A_q2_aligned,1200.0,27126.493886563607,22413.87489837942,4712.618988184186,1242.5036057884872,16474.13091791146,12820.835519178003,11814.612146521866,3130.635591172581,2839.8534304361797,38762.3617315335,38029.18862267932,22673.41503077612,1.1368683772161603e-13
2025-08-23,M1_M6,A_q2_aligned,1200.0,27591.940582281444,25525.200284428905,2066.740297852539,685.0198623218828,15010.551914775999,18385.033912665072,11165.878718042866,2839.8534304361797,8511.558428734988,44120.09585037838,44998.4529665789,24252.966426460825,1.1368683772161603e-13
2025-08-24,M1_M6,A_q2_aligned,1200.0,47725.944079965295,45121.63500655893,2604.309073406366,619.5959787584264,2364.6511600629265,18596.143161177504,16435.78449510196,8511.558428734988,8828.57080849945,67955.18217428736,69370.44544650632,43860.231132394256,2.2737367544323206e-13
2025-08-25,M1_M6,A_q2_aligned,1200.0,54207.71656027937,51472.64892770261,2735.067632576754,841.6946563474686,387.76412361110914,18852.467471965487,16913.96177250502,8828.57080849945,8884.710673482165,89688.17567144032,74427.87062932795,56105.08111063959,1.1368683772161603e-13
2025-08-26,M1_M6,A_q2_aligned,1200.0,46649.54527120363,44939.05843729168,1710.4868339119525,525.9315163888912,211.1369581790132,18800.130425994532,16909.553796284934,8884.710673482165,8895.845671992047,68344.07789836309,69245.6163896023,44310.64513348132,1.6342482922482304e-13
2025-08-27,M1_M6,A_q2_aligned,1200.0,49879.18941139946,48167.833971950844,1711.3554394486134,398.5881666666674,1966.3811035493848,18920.807116168104,17229.752519558988,8895.845671992047,8683.945541125626,69461.94967570559,73946.6796833925,44216.00977184849,1.1368683772161603e-13
2025-08-28,M1_M6,A_q2_aligned,1200.0,50173.78402098209,45996.90384429718,4176.880176684916,1264.3899805132698,108.31965416666577,14614.49241505519,18190.112851564973,8683.945541125626,3374.4079026258532,62853.36933139517,68495.39871172972,40576.896171750035,1.1368683772161603e-13
2025-08-29,M1_M6,A_q2_aligned,1200.0,24944.57291614466,23764.111872300666,1180.4610438439968,319.4229141861762,14986.115079022387,13478.685551563602,12149.602599901315,3374.4079026258532,3354.6061378718205,40913.14722234207,40157.33614821003,24097.983557050404,1.1368683772161603e-13
2025-08-30,M1_M6,A_q2_aligned,1200.0,27549.053119869117,25324.93395677899,2224.1191630901267,699.7198798704306,19364.94591504477,18126.747926887852,11494.845489363153,3354.6061378718205,8434.518111381982,45278.21915231988,44549.27855370731,25605.71761895896,1.1368683772161603e-13
2025-08-31,M1_M6,A_q2_aligned,1200.0,50149.9933945711,46323.8791895378,3826.114205033297,948.784590114612,1454.268552014135,19267.957509655513,16726.6081707768,8434.518111381982,9082.314472060025,68438.28152630234,71461.45335221621,44154.3306771629,1.4832579608992091e-13
2025-09-01,M1_M6,A_q2_aligned,1200.0,46906.610515041364,46895.887863529555,10.722651511809469,5.775734722224092,3981.4430398148156,16843.547564121392,13529.653236284932,9082.314472060025,10799.999999751853,77754.27577630515,71053.93703806109,48184.88634384618,1.1368683772161603e-13
2025-09-02,M1_M6,A_q2_aligned,1200.0,44803.47134530073,44803.471344219346,1.081378810795286e-06,3.7889960654181684e-07,2488.8053486111085,18354.036988708103,16518.633289837286,10799.999999751853,10799.999999751853,66038.86164565981,68386.65538911251,41971.861841970094,1.2789769243681803e-13
2025-09-03,M1_M6,A_q2_aligned,1200.0,45198.669295524436,45198.66929406568,1.458754304167087e-06,5.111262453283416e-07,2570.0076435185224,16521.871046959775,14869.68394248284,10799.999999751853,10799.999999520966,70805.1614393738,68796.55868401332,45044.83249021994,4.3570480556809343e-08
2025-09-04,M1_M6,A_q2_aligned,1200.0,41906.521294982944,41906.521294982944,0.0,0.0,2359.17842407407,13941.534437827626,16035.183724719373,10799.999999520966,7123.533113425542,63273.292559293186,61382.289751543256,42396.638690158594,1.1368683772161603e-13
2025-09-05,M1_M6,A_q2_aligned,1200.0,21346.183124880685,21336.637464886444,9.545659994240513,3.359964799099089,21296.53846422427,14551.70686508776,13081.182850308247,7123.533113425542,7139.71694242547,35858.26065672215,34901.94476452147,21689.989435903764,1.1368683772161603e-13
2025-09-06,M1_M6,A_q2_aligned,1200.0,23891.33178606742,23830.661549200755,60.67023686666779,21.257966666667226,20829.62886086064,18077.69068124704,12797.472210498192,7139.71694242547,10799.99999975326,41532.681282715894,41134.67630859601,23902.158038964953,1.1368683772161603e-13
2025-09-07,M1_M6,A_q2_aligned,1200.0,45316.70204099036,45316.70204099036,3.353761712787673e-12,1.5686443932589677e-12,2139.367474074072,18076.8984274007,16269.208584661963,10799.99999975326,10799.999999751853,65614.797741044,69385.02512464639,42476.65730825541,1.1368683772161603e-13
2025-09-08,M1_M6,A_q2_aligned,1200.0,46360.94925372878,46175.89367117395,185.0555825548304,77.0342874859613,1429.18155324074,18249.642983010483,16424.678684708106,10799.999999751853,10799.99999975326,71020.98949728838,70705.13065120672,44532.39395868117,1.7053025658242404e-13
2025-09-09,M1_M6,A_q2_aligned,1200.0,41887.41619814948,41887.41619814948,0.0,0.0,2665.9572396216786,19249.463902539836,17324.517512287184,10799.99999975326,10799.999999751853,61265.42122177141,63427.56039287374,39613.89752253922,1.1368683772161603e-13
2025-09-10,M1_M6,A_q2_aligned,1200.0,46291.94884049524,46241.849239131814,50.09960136342518,17.62529318587491,246.37308440405678,19718.354902891948,17915.701890171968,10799.999999751853,10621.666009982164,72511.63184169104,71060.57177818971,45225.4914686522,1.1368683772161603e-13
2025-09-11,M1_M6,A_q2_aligned,1200.0,41217.28108634432,41217.28108634432,0.0,0.0,2511.8566796296263,14283.006883033506,16845.354169591414,10621.666009982164,6415.153696482181,66342.79719460488,58519.59846574387,43394.5998396953,1.1368683772161603e-13
2025-09-12,M1_M6,A_q2_aligned,1200.0,20868.77508494032,20868.77508494032,0.0,0.0,17899.805329127852,14451.14755670116,12729.601340089768,6415.153696482181,6706.538040982949,35190.51320291081,35329.45717161391,20693.804621691146,1.1368683772161603e-13
2025-09-13,M1_M6,A_q2_aligned,1200.0,22953.99658893879,22953.996588938786,3.240074875066057e-12,1.5154700070467993e-12,21392.6842464118,18618.30540599038,12873.075873900805,6706.538040982949,10799.99999975326,40283.38777991064,40425.55867833335,22789.450550062393,1.1368683772161603e-13
2025-09-14,M1_M6,A_q2_aligned,1200.0,46842.837709697415,46798.657718377974,44.17999131944387,20.354494444444178,2412.490005546243,18253.023790436648,16529.165569384186,10799.99999975326,10693.06846822987,75964.41139865253,70998.81614438523,48289.81030733747,1.7053025658242404e-13
2025-09-15,M1_M6,A_q2_aligned,1200.0,41444.49978533106,39981.63712773105,1462.8626576000079,335.9726986111132,1354.8407374611784,19546.386820437314,18131.316882073726,10693.06846822987,10124.313073474925,60825.75761444217,61717.73263523594,39013.52245884924,1.1368683772161603e-13
2025-09-16,M1_M6,A_q2_aligned,1200.0,44039.89514808614,44004.6178498674,35.27729821874886,14.829104166666298,2131.3207324074097,18620.701492004217,17012.948191497773,10124.313073474925,9856.23957706513,73160.42255634154,67430.24555865326,45531.78518555222,1.1368683772161603e-13
2025-09-17,M1_M6,A_q2_aligned,1200.0,44212.39720269443,43495.440515744434,716.956686949998,301.1108666666658,638.7352655749853,19183.1587340139,17099.93323855238,9856.23957706513,10030.069581660982,69065.98139737523,66834.69779327222,43881.564875937,1.1368683772161603e-13
2025-09-18,M1_M6,A_q2_aligned,1200.0,42709.839551471574,42640.26845715907,69.57109431250105,32.351125000000486,1847.0983263888907,14838.642269901246,17660.656483521852,10030.069581660982,5491.275181612993,56818.61395126722,63386.57627883917,37536.026228236435,1.7053025658242404e-13
2025-09-19,M1_M6,A_q2_aligned,1200.0,20043.204624758197,20013.871221417725,29.333403340472245,11.57546621500156,13547.475218560958,14697.145480110337,12437.980255086597,5491.275181612993,6323.429261520352,34536.02621977389,34288.79534404869,20008.72351831926,1.1368683772161603e-13
2025-09-20,M1_M6,A_q2_aligned,1200.0,22551.236215322657,21835.753184474044,715.4830308486137,198.9535819444452,14180.771711072299,19398.076713324066,13352.124846007153,6323.429261520352,10651.685281650973,39190.206192817255,38656.84583123529,21973.65717407211,1.1368683772161603e-13
2025-09-21,M1_M6,A_q2_aligned,1200.0,42549.75163114266,42543.61334715516,6.138283987503811,2.7945750000017346,1749.5317236111111,17780.663024334404,16716.092738495856,10651.685281650973,9899.594443685253,67883.64962278232,66650.46538985659,42715.306073442094,1.7053025658242404e-12
2025-09-22,M1_M6,A_q2_aligned,1200.0,44939.05683345152,41752.56806700222,3186.4887664493026,1185.8410402777781,495.2634291666654,19165.71294135399,17947.381122569866,9899.594443685253,9163.585412234912,69770.90641876124,63126.72153341827,43809.556495320314,1.1368683772161603e-13
2025-09-23,M1_M6,A_q2_aligned,1200.0,43163.69696692258,42451.12119580344,712.5757711191416,204.87024444444194,199.8740924382653,20285.949881560577,18297.755122569866,9163.585412234912,9120.999831516487,69102.3488518689,66926.53374245217,43125.40425146962,1.1368683772161603e-13
2025-09-24,M1_M6,A_q2_aligned,1200.0,43854.29594433841,41926.45094918377,1927.844995154644,670.0015079593613,492.35651499143614,20113.257948583498,17830.24495746632,9120.999831516487,9407.383281944174,61015.17352958367,65201.61233897178,38415.2680176461,1.1368683772161603e-13
2025-09-25,M1_M6,A_q2_aligned,1200.0,42716.73423567448,41606.862991597445,1109.8712440770303,306.50300428688365,2207.4160763888885,14275.43141953697,17222.687873013267,9407.383281944174,4795.939605830192,60381.350525996444,63095.40756264511,38881.446540287245,1.687538997430238e-13
2025-09-26,M1_M6,A_q2_aligned,1200.0,19132.231661133505,18657.570052274066,474.6616088594378,178.76128597068512,11667.92095352446,14385.403807445959,12394.469940682784,4795.939605830192,5378.213465983219,33973.926174128384,32616.075635663005,19245.660149019066,1.1368683772161603e-13
2025-09-27,M1_M6,A_q2_aligned,1200.0,22325.14895198521,20891.19545501785,1433.9534969673605,409.512916666667,13311.096784683408,18862.120162821262,13262.946494618267,5378.213465983219,9292.01869429363,37418.441268598166,37845.98768321713,20320.532592095304,1.1368683772161603e-13
2025-09-28,M1_M6,A_q2_aligned,1200.0,45691.39594619015,44375.420826985566,1315.9751192045828,337.72297262774646,754.6879833333322,20177.463793554947,18301.502611616444,9292.01869429363,9142.563973515524,65414.96899979761,69792.29295877834,40772.965970845675,1.1368683772161603e-13
2025-09-29,M1_M6,A_q2_aligned,1200.0,48502.11358433924,40152.017427034894,8350.096157304342,2383.388689697099,0.21134999999999998,19838.80883629428,18500.12433078306,9142.563973515524,8462.46727586727,66324.4332923049,62574.69595475012,41269.50308360523,1.2789769243681803e-13
2025-09-30,M1_M6,A_q2_aligned,1200.0,48302.73949045886,43560.104509228746,4742.634981230111,1489.0919815371958,137.94067083333172,21536.602927150903,19219.5684986484,8462.46727586727,8634.67873581721,65640.02650614096,68160.46660196113,41209.755852769944,2.2737367544323206e-13
2025-10-01,M1_M6,A_q2_aligned,1200.0,38141.6893127168,37676.01315982097,465.6761528958339,205.72736111111124,3754.7533083333356,20517.62728017228,16956.832644618265,8634.67873581721,10225.338032378828,61744.63654842242,59233.482720641216,38232.41861109256,1.2789769243681803e-13
2025-10-02,M1_M6,A_q2_aligned,1200.0,38015.990728326986,36796.263650025605,1219.7270783013846,404.960029283027,1756.7506228144744,14752.724359384409,17078.59709513114,10225.338032378828,6218.579212553186,62077.372820611265,52514.58805467523,39666.05695243343,1.1368683772161603e-13
2025-10-03,M1_M6,A_q2_aligned,1200.0,18343.61679112781,15879.31856542781,2464.298225700001,757.593611111111,19068.611190238964,14857.06866451115,13244.702022913592,6218.579212553186,6352.0903383490295,28563.922207506334,28869.46651921482,15435.820534476383,1.1368683772161603e-13
2025-10-04,M1_M6,A_q2_aligned,1200.0,21434.53976426208,18380.105298001665,3054.4344662604162,943.2669402777783,15324.082844405628,19060.883362523135,13488.134030555015,6352.0903383490295,10217.090389736644,34893.11866488232,34302.76585937361,18657.61943880977,1.1368683772161603e-13
2025-10-05,M1_M6,A_q2_aligned,1200.0,40241.790257632245,39137.08253625985,1104.7077213724,439.30166203621695,936.4346110722961,19045.50308452035,17172.78259853988,10217.090389736644,10183.53881089366,66138.5035182781,59153.40951268136,40789.734909659375,1.7053025658242404e-12
2025-10-06,M1_M6,A_q2_aligned,1200.0,41098.566441614355,38369.009924068174,2729.5565175461843,906.4656228982253,79.32007587524613,19311.310829786667,17570.46497819358,10183.53881089366,9982.96056547013,57751.305812917046,60083.481386073174,36517.911651550596,1.6697754290362354e-13
2025-10-07,M1_M6,A_q2_aligned,1200.0,41100.04819036187,40287.960009114424,812.0881812474455,302.7158529303834,722.487597408543,19593.141884159464,17442.109416463343,9982.96056547013,10185.049376008003,60382.93830113203,62841.57304682234,37603.55501795619,1.1368683772161603e-13
2025-10-08,M1_M6,A_q2_aligned,1200.0,39449.85401889496,36704.39477581765,2745.459243077309,784.0669716862254,65.02513333333124,19169.51882023434,17691.60096562958,10185.049376008003,9722.266877021397,57190.42147849998,58622.21803145512,35616.75116514255,1.1368683772161603e-13
2025-10-09,M1_M6,A_q2_aligned,1200.0,41160.41391518871,37208.924127633916,3951.4897875547886,1000.1769728582776,881.9417902389634,15237.021571192612,17610.905485069867,9722.266877021397,5613.850423389486,63005.33246220669,54135.00437634241,39816.081284666,1.1368683772161603e-13
2025-10-10,M1_M6,A_q2_aligned,1200.0,18990.839950550322,16093.476135331908,2897.363815218415,833.3382103236423,19085.91531455684,14794.093222378766,13101.545134926502,5613.850423389486,5838.518408640595,30520.40080176794,29812.930741199412,16397.671811013388,1.1368683772161603e-13
2025-10-11,M1_M6,A_q2_aligned,1200.0,19186.263892941846,18143.20901304127,1043.0548799005783,339.50930006010356,14221.74029672044,19053.067141989606,13466.769985099256,5838.518408640595,9718.62302337936,34898.27026303114,34682.36853807834,18241.894275940955,1.7053025658242404e-12
2025-10-12,M1_M6,A_q2_aligned,1200.0,40939.28487166544,37920.79501408947,3018.4898575759717,904.2205363809429,52.47159027778193,19634.158944546183,17815.35374429192,9718.62302337936,9566.18996748229,61222.572025648115,60888.25339521062,37651.47197682143,1.1368683772161603e-13
2025-10-13,M1_M6,A_q2_aligned,1200.0,43662.04975166224,38730.94203345474,4931.107718207499,1604.1497413562658,285.18656781768493,20010.988138577763,18024.394494740707,9566.18996748229,9550.900175777802,63596.38153031498,59004.92531062539,39311.71759339323,1.7053025658242404e-13
2025-10-14,M1_M6,A_q2_aligned,1200.0,45313.90859623079,41326.19783725883,3987.710758971962,1284.777715433534,853.6982791278471,20442.901927804884,18339.390408336654,9550.900175777802,9613.324935241195,66694.97001091653,63995.89741608185,41347.82756648601,1.1368683772161603e-13
2025-10-15,M1_M6,A_q2_aligned,1200.0,46371.48137839217,40402.58053052004,5968.9008478721325,2114.200019965451,17.01058333333335,20509.722036906474,18759.197100696147,9613.324935241195,9296.625707903975,68541.10864172954,62886.11513941144,42109.74418956438,1.1368683772161603e-13
2025-10-16,M1_M6,A_q2_aligned,1200.0,42939.85995052997,39213.115989054975,3726.7439614749965,1152.778388650598,647.3513831790156,17240.05339168621,19090.647469050244,9296.625707903975,5528.667081586597,60722.2715546915,61124.53543532791,38401.66369400917,1.1368683772161603e-13
2025-10-17,M1_M6,A_q2_aligned,1200.0,17746.01771074946,16231.423582864834,1514.5941278846262,427.0508117049473,12437.144007130784,14828.913712507989,13545.815154828912,5528.667081586597,5318.066964579916,28919.694798424178,29925.407183897856,14936.828621908013,1.1368683772161603e-13
2025-10-18,M1_M6,A_q2_aligned,1200.0,20154.21497101557,18503.644043083907,1650.5709279316657,521.4583991073783,12648.066045882137,18824.04355173478,12861.261849053953,5318.066964579916,9619.162341606441,35675.84605964978,34731.137856759175,18797.01784844986,1.1368683772161603e-13
2025-10-19,M1_M6,A_q2_aligned,1200.0,46287.08068063062,40609.645455108664,5677.435225521959,1764.8965877316891,0.03223333333333333,21036.105551765548,19397.005884203507,9619.162341606441,9129.524874003657,66289.69702225355,64580.760706972535,41185.60907967533,1.1368683772161603e-13
2025-10-20,M1_M6,A_q2_aligned,1200.0,45533.05762758946,43037.623269246265,2495.4343583431923,665.9286684300307,85.44817299382666,20953.12910202919,18855.94834007712,9129.524874003657,9131.49376262327,71200.17680877027,67659.23994759782,44385.09829954307,2.2737367544323206e-13
2025-10-21,M1_M6,A_q2_aligned,1200.0,46387.02507017118,43452.7626020987,2934.262468072475,853.3024183944934,190.39036388888894,21374.826369082148,19102.738651377294,9131.49376262327,9273.379975939388,70070.82192629827,69378.12402457841,43157.52847184872,1.1368683772161603e-13
2025-10-22,M1_M6,A_q2_aligned,1200.0,45321.40751562735,41649.7198367892,3671.6876788381514,921.0049872019231,164.5262027777777,20448.48587784056,18933.077495775113,9273.379975939388,8715.30099762642,65915.24449265181,67093.89447246122,40670.549609614114,1.5987211554602254e-13
2025-10-23,M1_M6,A_q2_aligned,1200.0,48444.97281255893,42252.953947092254,6192.018865466678,1979.9703583371154,1.6408666666670229,18001.709228059073,19239.45438870854,8715.30099762642,5513.056276234042,73558.5685022466,60858.65737850964,45663.923276870555,3.410605131648481e-12
2025-10-24,M1_M6,A_q2_aligned,1200.0,19170.39655970999,16175.584830778482,2994.8117289315082,833.2198206711414,11603.484126388888,15201.73316811267,13894.93680147372,5513.056276234042,5288.137221992451,30553.00476737054,30918.170296045555,15856.736028551184,1.1368683772161603e-13
2025-10-25,M1_M6,A_q2_aligned,1200.0,20176.952932228967,17938.641847623076,2238.31108460589,735.8696323812455,10533.522169444444,18593.628934192267,13417.126841705569,5288.137221992451,8784.70895028575,34727.90204543012,34936.87356753365,17726.043233819382,1.1368683772161603e-13
2025-10-26,M1_M6,A_q2_aligned,1200.0,49396.552865830774,42650.956633931324,6745.596231899449,2240.588259042603,38.777354166666626,21477.614951329982,19038.81943780554,8784.70895028575,9091.485741855178,71529.24174791932,65493.39748417421,43852.151074008645,1.1368683772161603e-13
2025-10-27,M1_M6,A_q2_aligned,1200.0,44404.35527265182,43074.480293398556,1329.8749792532624,381.94096476779583,487.4167814814753,21113.1134024685,19157.711950625355,9091.485741855178,8927.14228948905,64777.38755805603,67786.43682372032,40129.639614623244,1.1368683772161603e-13
2025-10-28,M1_M6,A_q2_aligned,1200.0,45855.87673694944,43134.603934593455,2721.2728023559825,963.2079852090891,65.39780972222167,20638.953413125368,18586.995813405563,8927.14228948905,8914.558804971857,64704.66287341957,68142.63827766804,40064.191939175485,1.1368683772161603e-13
2025-10-29,M1_M6,A_q2_aligned,1200.0,48256.06696691508,44228.18375793529,4027.883208979798,980.1236914561521,87.84685833333376,21382.022598462587,19728.076685826854,8914.558804971857,8404.107795445658,71964.7691492508,71403.65086279692,43803.62679937282,2.2737367544323206e-13
2025-10-30,M1_M6,A_q2_aligned,1200.0,44800.33704100802,40068.181812328316,4732.1552286797,1677.319792918512,0.029933333333333333,18560.460390849737,19503.512891904153,8404.107795445658,5453.59886808142,60625.909085851876,62804.86902747392,37766.86023246773,1.1368683772161603e-13
2025-10-31,M1_M6,A_q2_aligned,1200.0,20168.855113427395,16682.072474019857,3486.7826394075378,993.0449110016136,6649.632234777499,15633.521415774092,13910.824791711477,5453.59886808142,5621.562700492777,32329.74971296286,31569.12676314189,16976.30358971334,2.2737367544323206e-13
2025-11-01,M1_M6,A_q2_aligned,1200.0,21490.54098440483,18134.208131492887,3356.3328529119417,989.9585132393698,8546.168854207766,18521.491898637552,13820.651393687755,5621.562700492777,8624.347002630204,34558.96068506692,35319.721643168334,17607.552064772415,1.1368683772161603e-13
2025-11-02,M1_M6,A_q2_aligned,1200.0,49371.73587814787,44577.80890061766,4793.926977530209,1153.7685441673898,242.16008379629568,21898.715188171365,19844.2744337201,8624.347002630204,8481.590442412295,69608.33133930711,71191.89888837782,42787.07750039057,1.7053025658242404e-13
2025-11-03,M1_M6,A_q2_aligned,1200.0,50051.63735743456,44458.727065240746,5592.910292193819,1420.4559749589862,206.57937475414863,21745.544687131543,19424.516130483862,8481.590442412295,8635.987687768598,74853.06324366372,71348.96780258736,45570.10884026303,1.7053025658242404e-12
2025-11-04,M1_M6,A_q2_aligned,1200.0,49354.14489895332,43459.736395325104,5894.408503628215,1371.3044212380264,352.08570416666856,20756.627718840755,18846.762639232365,8635.987687768598,8461.22157497164,68688.58736353849,70216.41561952076,42001.91836449427,1.1368683772161603e-13
2025-11-05,M1_M6,A_q2_aligned,1200.0,52357.16502894131,45269.158515323885,7088.0065136174235,1946.1731913518963,233.55123333333304,21973.09466678789,19686.854253341433,8461.22157497164,8554.963023725317,77113.82851841868,70937.39549669425,47181.7034292954,1.7053025658242404e-12
2025-11-06,M1_M6,A_q2_aligned,1200.0,49020.811634434634,44408.46501530709,4612.346619127547,1227.2279518063447,0.0,19305.326772804732,20284.687478033968,8554.963023725317,5487.666078064567,68813.45296942838,70386.31763186245,42567.048338174114,1.1368683772161603e-13
2025-11-07,M1_M6,A_q2_aligned,1200.0,20196.83482306567,16885.42310348893,3311.4117195767385,912.7715256044294,7847.8575490352605,16675.586446783298,14793.800021642572,5487.666078064567,5713.48198617913,32139.221471791225,32465.485212924985,16458.47973646516,1.1368683772161603e-13
2025-11-08,M1_M6,A_q2_aligned,1200.0,20481.183559901317,18921.974883788742,1559.2086761125765,501.0441351758036,7877.7135179579755,18899.284208157915,14361.443101823823,5713.48198617913,8504.627030009458,34987.074047980124,36414.649522950815,17810.572005120794,1.1368683772161603e-13
2025-11-09,M1_M6,A_q2_aligned,1200.0,49589.20683896846,45539.09482616231,4050.1120128061443,1227.1964889094506,306.1186694444454,22429.208192733033,20249.60480663607,8504.627030009458,8437.884595198546,74180.9908533278,73484.53265494513,45419.26290639638,1.7053025658242404e-12
2025-11-10,M1_M6,A_q2_aligned,1200.0,52703.55548126553,48431.82958106541,4271.72590020012,1117.3390500552432,37.76593333333335,22703.95049681767,20423.934657414728,8437.884595198546,8448.025798001365,74989.89699297624,76964.73819857485,46156.694905150114,1.1368683772161603e-13
2025-11-11,M1_M6,A_q2_aligned,1200.0,50307.59209734547,46468.41959817038,3839.172499175091,928.7147436550893,51.462866666665946,22405.222799709703,20264.163995938405,8448.025798001365,8343.182088405067,77263.43767336715,73600.79471663124,47773.34838651973,1.7053025658242404e-12
2025-11-12,M1_M6,A_q2_aligned,1200.0,50367.67420325024,46756.33443842767,3611.339764822568,911.7245220439347,1.9741833333334853,22740.705243944914,20351.87395894274,8343.182088405067,8464.15055158294,73817.00524736404,74637.70871826004,45221.11878749809,1.7053025658242404e-13
2025-11-13,M1_M6,A_q2_aligned,1200.0,50787.757276961944,45260.28965090487,5527.4676260570695,1556.2669206142434,93.0465736111124,20053.656838965282,20106.251932024396,8464.15055158294,6294.869421426409,69133.92086508761,71413.93851609214,43022.9137536286,1.3145040611561853e-13
2025-11-14,M1_M6,A_q2_aligned,1200.0,21759.62466834891,19276.055184070596,2483.5694842783173,753.9330833993354,6561.472598753779,16291.362385810473,14720.528120079689,6294.869421426409,6233.413745997032,32586.168462637663,35306.3769720944,17050.754452186935,1.1368683772161603e-13
2025-11-15,M1_M6,A_q2_aligned,1200.0,21213.36428144041,18414.400000095826,2798.964281344583,810.4197917003969,3964.8170589917017,19070.773231228308,15071.982000012124,6233.413745997032,8438.273800339397,36091.37810167673,35663.356952838585,18585.244484773055,1.1368683772161603e-13
2025-11-16,M1_M6,A_q2_aligned,1200.0,52299.55131354767,48410.67756955675,3888.873743990925,1063.097562620384,25.849400000000088,23047.885666025744,20819.536533061164,8438.273800339397,8357.69956255628,74267.87179815474,76777.64943947134,45705.78999322711,2.2737367544323206e-13
2025-11-17,M1_M6,A_q2_aligned,1200.0,51384.16121407446,49291.61759223257,2092.54362184189,658.4626029629587,99.91132222222008,22844.079297776494,20314.536472934244,8357.69956255628,8616.094430019784,71304.79930570169,77042.50947958705,44075.853851340966,1.474376176702208e-13
2025-11-18,M1_M6,A_q2_aligned,1200.0,52818.91331964622,47239.48303676356,5579.430282882662,1654.8642075779553,0.0,23102.373651229478,20986.040230393017,8616.094430019784,8411.701726274552,74752.61262666524,75923.34294582135,45901.341998906166,2.2737367544323206e-13
2025-11-19,M1_M6,A_q2_aligned,1200.0,53472.69657828329,50695.55201435728,2777.1445639260155,823.0751407865428,0.0,22640.24353967458,20468.17665066299,8411.701726274552,8314.77004723601,74134.05388446285,78992.30414059224,45592.7128994824,1.7053025658242404e-12
2025-11-20,M1_M6,A_q2_aligned,1200.0,51587.19916997617,47316.675587592916,4270.523582383257,1105.1470818668827,7.495416666666642,21745.72860236292,21418.270694185674,8314.77004723601,6367.739931016243,71642.58811620536,74642.35294315807,44370.5001945357,1.1368683772161603e-13
2025-11-21,M1_M6,A_q2_aligned,1200.0,20000.312459821464,17929.550042593874,2070.7624172275914,736.2502803313484,3464.0083081401963,16602.318099798387,14725.95727800408,6367.739931016243,6595.5599129412985,33342.49481161973,33760.63591248548,17430.809905705148,1.1368683772161603e-13
2025-11-22,M1_M6,A_q2_aligned,1200.0,21358.19852366713,18855.16943739078,2503.029086276351,800.7149636586977,3197.29387037037,18979.04008053749,15403.937694618264,6595.5599129412985,8363.482233606177,36956.12467021035,36492.59324891088,18924.311239687773,1.1368683772161603e-13
2025-11-23,M1_M6,A_q2_aligned,1200.0,52313.747446417736,49509.36354211948,2804.383904298259,836.615317795246,188.1224631026619,22882.410434189682,20546.997107776442,8363.482233606177,8413.206185836822,74714.43386182096,77786.22655159955,46072.95806962934,2.2737367544323206e-13
2025-11-24,M1_M6,A_q2_aligned,1200.0,51619.40272000204,47414.513751568484,4204.888968433561,1217.5478978027954,56.001483333333226,23513.504249699334,21294.63742303949,8413.206185836822,8273.556211411911,73593.44029394208,75724.04645738234,45414.04524170445,1.1368683772161603e-13
2025-11-25,M1_M6,A_q2_aligned,1200.0,52715.25031227882,50958.9238248923,1756.3264873865182,595.8520027032697,18.663206944445406,23522.59970820591,21090.39175532492,8273.556211411911,8357.828783960294,84855.77868485339,79075.85055377331,52939.747615912325,1.7053025658242404e-12
2025-11-26,M1_M6,A_q2_aligned,1200.0,53433.7794162208,51256.36520077198,2177.4142154488227,590.6913924929065,2.9483333333332666,23589.994892632058,21126.113193984766,8357.828783960294,8468.384339855103,80023.04181771632,80680.6354891925,49304.86365660903,1.7053025658242404e-12
2025-11-27,M1_M6,A_q2_aligned,1200.0,51379.785831498695,49349.594049232524,2030.1917822661708,581.7336483323643,0.0,21672.78787884378,21051.04244238991,8468.384339855103,6839.249143097164,75422.27834323201,77659.04311953731,46915.0701815707,1.7053025658242404e-12
2025-11-28,M1_M6,A_q2_aligned,1200.0,20653.909134685244,17911.300534601723,2742.608600083521,826.6316894267427,1951.940204436491,17309.059688949004,15587.978155800658,6839.249143097164,6828.893278535468,34126.092937310925,34222.06737899986,17801.064673301113,1.1368683772161603e-13
2025-11-29,M1_M6,A_q2_aligned,1200.0,22007.9220701406,21309.0296346151,698.8924355254999,280.3125370024183,1537.2629604194647,19038.61341632202,15766.792263976906,6828.893278535468,8270.849528344004,43713.55808160904,40069.46924383664,22128.587804499166,1.1368683772161603e-13
2025-11-30,M1_M6,A_q2_aligned,1200.0,55390.0720140438,52752.08079591458,2637.991218129217,750.7746417267792,0.0,24822.293819598915,22287.600247460672,8270.849528344004,8326.151640530623,80834.65929598566,83142.23943394318,49891.698576427734,3.410605131648481e-12
2025-12-01,M1_M6,A_q2_aligned,1200.0,79358.12462376733,51536.331530632895,27821.793093134434,7781.243541859948,0.0,25784.420243682907,23321.557280107423,8326.151640530623,8204.320613221176,84065.38170777733,81085.62769536475,52614.527437182216,2.2737367544323206e-13
2025-12-02,M1_M6,A_q2_aligned,1200.0,79043.15385792172,53526.244922295184,25516.908935626532,7012.070302330581,0.0,25644.395103824674,23021.232493240343,8204.320613221176,8266.220195855913,87255.3811745816,84340.50387679445,54401.46855159922,1.7053025658242404e-12
2025-12-03,M1_M6,A_q2_aligned,1200.0,74193.1176076721,54441.38844626121,19751.729161410887,5843.685343247713,0.0,25891.992368223713,23379.313730294816,8266.220195855913,8185.560402381399,77346.60680941529,83974.47633591347,47919.20024346353,2.2737367544323206e-13
2025-12-04,M1_M6,A_q2_aligned,1200.0,79710.0581761023,52774.47480086723,26935.583375235077,7495.9664495808265,0.0,24880.85376332663,22489.090472905,8185.560402381399,8084.02800889564,84742.56165523363,81764.47439388593,53215.44918726044,2.2737367544323206e-13
2025-12-05,M1_M6,A_q2_aligned,1200.0,35218.65057006833,20377.055385813306,14841.59518425502,4837.721893692482,0.0,19140.885864205724,17302.362762619327,8084.02800889564,8004.374994038671,36872.809140707024,38402.89200517448,19098.251263129012,1.1368683772161603e-13
2025-12-06,M1_M6,A_q2_aligned,1200.0,34504.02431852167,21543.96625809744,12960.058060424224,4907.947221376327,0.0,20476.972512916414,18270.928413818998,8004.374994038671,8171.28722716343,39958.83821252331,41011.305109578665,20598.274690573573,1.1368683772161603e-13
2025-12-07,M1_M6,A_q2_aligned,1200.0,79006.86035934978,53391.85281892853,25615.007540421262,7388.590516563486,0.0,25786.289860799327,23184.012682300578,8171.28722716343,8196.21461069323,87684.66875414242,82954.50193350218,54943.06160980355,1.7053025658242404e-12
2025-12-08,M1_M6,A_q2_aligned,1200.0,66093.46229713086,55657.785680797555,10435.676616333298,3248.013003045731,0.0,26500.436795724127,23684.891526058273,8196.21461069323,8370.668604384859,89016.9042661695,88102.02601514923,55723.670538500024,3.410605131648481e-12
2025-12-09,M1_M6,A_q2_aligned,1200.0,72662.74872073985,54338.51123213706,18324.237488602783,4940.2305142552905,0.0,26238.815110852036,23577.611222774573,8370.668604384859,8410.009844047197,87869.62963317624,85212.0294143778,55025.09604438334,2.2737367544323206e-13
2025-12-10,M1_M6,A_q2_aligned,1200.0,71563.14763754011,54559.834670747776,17003.312966792335,4849.873769846791,0.0,25953.9662934215,23512.61334820111,8410.009844047197,8247.633543717782,83851.698925515,86110.99135143787,52298.324689427725,1.7053025658242404e-12
2025-12-11,M1_M6,A_q2_aligned,1200.0,67668.2639835429,53772.40573446437,13895.858249078527,3915.603767556406,0.0,25258.24995475012,22698.631780510237,8247.633543717782,8283.254681809203,87338.36037904178,84843.3151118108,54604.24024138078,3.410605131648481e-12
2025-12-12,M1_M6,A_q2_aligned,1200.0,30832.659549836346,22689.00031983206,8143.659230004285,3175.054766087881,0.0,20050.60279184187,18114.853952110443,8283.254681809203,8210.194009617346,40077.29198703584,42793.1734864881,20511.687162317474,1.1368683772161603e-13
2025-12-13,M1_M6,A_q2_aligned,1200.0,33231.499156476224,21683.703174623723,11547.7959818525,4534.235231879374,0.0,20543.049412979643,18345.92784636817,8210.194009617346,8360.735950860555,41619.05756375214,41587.51468735509,21169.991456160977,2.9331204132176936e-11
2025-12-14,M1_M6,A_q2_aligned,1200.0,72503.38093532264,55967.35204732674,16536.028887995897,4462.948200090144,0.0,25991.41442794783,23401.43787809496,8360.735950860555,8351.075305457876,82940.69897019847,87194.03938151193,51708.76025368382,1.7053025658242404e-12
2025-12-15,M1_M6,A_q2_aligned,1200.0,68489.50861145603,57697.86345662412,10791.645154831906,3028.9884426857716,0.0,25937.669140265883,23307.004706145563,8351.075305457876,8389.968706627229,84318.55152026139,89457.7109864066,52516.03587618908,1.7053025658242404e-12
2025-12-16,M1_M6,A_q2_aligned,1200.0,66645.5414933241,56326.80796137873,10318.73353194537,3028.3392532087696,0.0,25653.74399822779,23209.209043127463,8389.968706627229,8262.592747789582,89485.0577452262,88966.00145772286,56463.47389023147,1.7053025658242404e-12
2025-12-17,M1_M6,A_q2_aligned,1200.0,68666.88836373405,55506.05765905511,13160.830704678934,3788.0247633087542,0.0,25853.317452166448,23149.635054246668,8262.592747789582,8387.345289492752,90195.11013048876,87200.33933465231,56536.9422079184,3.410605131648481e-12
2025-12-18,M1_M6,A_q2_aligned,1200.0,65967.98582476919,55437.73146522553,10530.25435954366,3176.9182844628053,0.0,25811.70593236425,23245.10662561757,8387.345289492752,8371.98580491062,85425.79587143836,87013.02230497357,53766.53771990761,1.7053025658242404e-12
2025-12-19,M1_M6,A_q2_aligned,1200.0,31576.312593317765,22242.396821939987,9333.915771377779,2965.0877213615563,0.0,19668.039375453554,17828.57252157683,8371.98580491062,8237.760733245186,39386.39763141198,41962.24172171195,20499.674609218124,2.2737367544323206e-13
2025-12-20,M1_M6,A_q2_aligned,1200.0,30817.6897705693,21730.64170117923,9087.048069390072,3139.1085494271993,0.0,20420.78493174028,18319.698509519803,8237.760733245186,8299.960551843978,42568.27196958971,41961.50269736423,21930.70036502663,1.1368683772161603e-13
2025-12-21,M1_M6,A_q2_aligned,1200.0,70223.7905987232,56434.05437138929,13789.736227333904,3994.9191954322473,0.0,25770.21199620611,23017.105152392804,8299.960551843978,8485.5711181463,88558.88026896364,88614.18424248428,55518.291429892684,1.7053025658242404e-12
2025-12-22,M1_M6,A_q2_aligned,1200.0,64170.88586788085,57174.223252024305,6996.662615856538,2033.8830405098352,0.0,25958.780895836124,23430.47450572392,8485.5711181463,8414.344292913616,88082.7806319271,89881.47160620334,55471.499215609656,2.2737367544323206e-13
2025-12-23,M1_M6,A_q2_aligned,1200.0,62027.51769224084,56512.620807787396,5514.896884453445,1699.8367967989172,0.005349999999999999,25979.684728454493,23312.178606538095,8414.344292913616,8487.643410979521,90565.20250956948,88643.81247401892,57026.35523599236,1.7053025658242404e-12
2025-12-24,M1_M6,A_q2_aligned,1200.0,63748.56973523133,56492.549769271,7256.019965960333,1936.0824838369394,0.0,25582.84149809003,23112.39041572057,8487.643410979521,8395.059228650156,89184.51217507865,89325.26356516797,56291.0508950801,1.7053025658242404e-12
2025-12-25,M1_M6,A_q2_aligned,1200.0,65314.510279333444,56557.5696907081,8756.940588625343,2470.7665473412144,0.0052,25695.287932839296,23132.217264177187,8395.059228650156,8388.251767577445,85788.17687164416,88793.58153295687,53685.66513013276,1.7053025658242404e-12
2025-12-26,M1_M6,A_q2_aligned,1200.0,28489.626912798303,22879.792365907597,5609.834546890705,2089.8567186869263,10.019716484627793,20471.32999570819,18219.06038641759,8388.251767577445,8604.48474031062,41611.01184682408,43401.884306187254,21541.453788209335,1.1368683772161603e-13
2025-12-27,M1_M6,A_q2_aligned,1200.0,27485.75847914172,22958.095333954956,4527.663145186764,1717.2727549039323,127.73529565127299,19948.709502450503,18052.847896585496,8604.48474031062,8500.11972768364,43193.195388810345,44124.16559958905,22135.100774226532,1.1368683772161603e-13
2025-12-28,M1_M6,A_q2_aligned,1200.0,61054.218437255746,56021.120960910266,5033.097476345478,1519.1251521214294,0.0048,25136.96545283185,22477.220101716408,8500.11972768364,8654.068686342851,88652.5961300797,88643.49781976562,55807.4522833626,1.7053025658242404e-12
2025-12-29,M1_M6,A_q2_aligned,1200.0,60174.17541561604,58622.63311237504,1551.5423032409974,454.2310815139276,0.0,24870.818424128185,22663.185823093147,8654.068686342851,8359.503321956205,89071.86245927337,91992.2829363305,55696.824663472966,1.7053025658242404e-12
2025-12-30,M1_M6,A_q2_aligned,1200.0,60616.92264690591,56867.19946884092,3749.7231780649904,1192.5811800077036,0.0,24862.916409502817,22232.656797358053,8359.503321956205,8511.2588883189,90492.0139547915,89149.02323304853,56912.88150356585,2.2737367544323206e-13
2025-12-31,M1_M6,A_q2_aligned,1200.0,58792.742944709775,55276.447170170286,3516.295774539486,950.2049540183325,0.005883333333333332,18700.37854920442,23766.409889309696,8511.2588883189,1200.0,84431.06967310094,84324.94915225556,54548.157236732266,1.7053025658242404e-12
