date,planned_cost_yuan,emergency_cost_yuan,total_cost_yuan,planned_q_kwh,planned_q_sha256,actual_x_kwh,unused_plan_kwh,emergency_kwh,curtailment_kwh,soc_start_kwh,soc_end_kwh,max_balance_residual_kwh,max_simultaneous_cd_kwh2,max_x_minus_q_kwh,mean_mpc_solve_seconds,total_mpc_solve_seconds,pass,used_full_day_actual_lp,future_actuals_in_optimizer,forecast_mode,risk_alpha,scenario_k,risk_q_floor_kwh,load_fallback,pv_fallback,load_source_dates,pv_source_dates,residual_pool_end_date,medoid_dates,has_scenario_specific_battery,day_ahead_solve_seconds,day_ahead_expected_emergency_cost_yuan,day_ahead_virtual_next_day_value_yuan,period,soc_source,requested_k,calibration_date,fallback_reason,include_value_cuts,day_ahead_variable_shapes
2025-02-01,22635.41597617302,175.30268500144302,22810.718661174462,43977.28170280717,1ec5f327a1c951655ddbac0a1e1ebca6e38a52d277aff11ca52cad13d4a1e00f,41108.30328591871,2868.9784168884603,47.08741355253934,1901.5712270367808,6000.0,8965.095890984883,1.1368683772161603e-13,0.0,0.0,0.01379167882664155,1.9860017510363832,True,False,False,m3,0.6,8,1207.4062033333348,False,False,2025-01-04;2025-01-11;2025-01-18;2025-01-25,2025-01-25;2025-01-26;2025-01-27;2025-01-28;2025-01-29;2025-01-30;2025-01-31,2025-01-31,2025-01-04;2025-01-05;2025-01-07;2025-01-18;2025-01-19;2025-01-20;2025-01-22;2025-01-29,False,0.009211125026922673,0.0,51234.08672282717,feb_dec_output,registered_boundary_E_INITIAL_6000,8,2025-01-29,nan,True,"{""q"": [144], ""emergency"": [144], ""terminal_value"": [], ""x"": [144], ""soc"": [145], ""charge"": [144], ""discharge"": [144], ""curtailment"": [144]}"
2025-02-02,54108.80052299257,158.58784058550657,54267.38836357807,86651.17576194857,8233cc9fd78626a3233b907f987f25c2b4357dce9265186e868b85372acb876a,80466.22903965396,6184.946722294615,74.16123629752673,0.0,8965.095890984883,8939.304252441529,2.2737367544323206e-13,0.0,0.0,0.013884536702486608,1.9993732851580717,True,False,False,m3,0.6,8,1283.0607247222238,False,False,2025-01-05;2025-01-12;2025-01-19;2025-01-26,2025-01-26;2025-01-27;2025-01-28;2025-01-29;2025-01-30;2025-01-31;2025-02-01,2025-02-01,2025-01-05;2025-01-07;2025-01-18;2025-01-19;2025-01-20;2025-01-22;2025-01-29;2025-02-01,False,0.009813708020374179,0.0,50995.49504949379,feb_dec_output,registered_boundary_E_INITIAL_6000,8,2025-01-29,nan,True,"{""q"": [144], ""emergency"": [144], ""terminal_value"": [], ""x"": [144], ""soc"": [145], ""charge"": [144], ""discharge"": [144], ""curtailment"": [144]}"
2025-02-03,53602.55552078277,528.3402903430554,54130.895811125825,85958.25576204242,b7ac09e530fa21e14bca923b9f1976c218c9b6570df42854bcc5678c8cd15d7a,82120.9060634947,3837.3496985477336,228.25251388826186,0.0,8939.304252441529,8801.66560480819,2.2737367544323206e-13,0.0,0.0,0.013849131666777086,1.9942749600159004,True,False,False,m3,0.6,8,1238.601501944446,False,False,2025-01-06;2025-01-13;2025-01-20;2025-01-27,2025-01-27;2025-01-28;2025-01-29;2025-01-30;2025-01-31;2025-02-01;2025-02-02,2025-02-02,2025-01-06;2025-01-07;2025-01-18;2025-01-19;2025-01-20;2025-01-22;2025-01-29;2025-02-01,False,0.009348290972411633,0.0,50691.69969713208,feb_dec_output,registered_boundary_E_INITIAL_6000,8,2025-01-29,nan,True,"{""q"": [144], ""emergency"": [144], ""terminal_value"": [], ""x"": [144], ""soc"": [145], ""charge"": [144], ""discharge"": [144], ""curtailment"": [144]}"
2025-02-04,53591.78450209859,3952.6448128859047,57544.429314984496,86138.61559550709,7516b502891eb1fe3ead9cd0db5d4cb710a7d0ad5ea393a4b9ff58d7e7c96480,82645.81816131837,3492.797434188717,1083.6959442950952,0.0,8801.66560480819,8901.21530059959,2.2737367544323206e-13,0.0,0.0,0.01383685102175352,1.992506547132507,True,False,False,m3,0.6,8,1019.7667747222235,False,False,2025-01-07;2025-01-14;2025-01-21;2025-01-28,2025-01-28;2025-01-29;2025-01-30;2025-01-31;2025-02-01;2025-02-02;2025-02-03,2025-02-03,2025-01-07;2025-01-08;2025-01-09;2025-01-18;2025-01-20;2025-01-22;2025-01-29;2025-02-01,False,0.00959587498800829,0.0,50459.17070091631,feb_dec_output,registered_boundary_E_INITIAL_6000,8,2025-01-29,nan,True,"{""q"": [144], ""emergency"": [144], ""terminal_value"": [], ""x"": [144], ""soc"": [145], ""charge"": [144], ""discharge"": [144], ""curtailment"": [144]}"
2025-02-05,53775.38839474496,877.9320661776933,54653.32046092265,86286.83839535597,87237c0dd33b4f88a01b661048a198162dd605c4d54057e6453c474fadc07f06,82817.51487823157,3469.3235171244187,255.94602912059366,0.0,8901.21530059959,8904.56305959917,2.2737367544323206e-13,0.0,0.0,0.013912431058593534,2.003390072437469,True,False,False,m3,0.6,8,654.7527821825408,False,False,2025-01-08;2025-01-15;2025-01-22;2025-01-29,2025-01-29;2025-01-30;2025-01-31;2025-02-01;2025-02-02;2025-02-03;2025-02-04,2025-02-04,2025-01-08;2025-01-09;2025-01-18;2025-01-20;2025-01-22;2025-01-29;2025-02-01;2025-02-04,False,0.009170000033918768,0.0,50976.89092183186,feb_dec_output,registered_boundary_E_INITIAL_6000,8,2025-01-29,nan,True,"{""q"": [144], ""emergency"": [144], ""terminal_value"": [], ""x"": [144], ""soc"": [145], ""charge"": [144], ""discharge"": [144], ""curtailment"": [144]}"
2025-02-06,54049.15140571898,190.4291658826197,54239.5805716016,86555.79982749668,141f80ed78c61ec9823ed05d59dbc0e2591fb956569d86df8e7f0f8ffa3eec35,82479.45523493188,4076.344592564808,34.55969238095247,0.0023,8904.56305959917,8859.032847023713,1.5631940186722204e-13,0.0,0.0,0.01431974509048612,2.0620432930300012,True,False,False,m3,0.6,8,741.3358759126996,False,False,2025-01-09;2025-01-16;2025-01-23;2025-01-30,2025-01-30;2025-01-31;2025-02-01;2025-02-02;2025-02-03;2025-02-04;2025-02-05,2025-02-05,2025-01-09;2025-01-18;2025-01-20;2025-01-22;2025-01-29;2025-02-01;2025-02-04;2025-02-05,False,0.009427749959286302,0.0,17753.374680546764,feb_dec_output,registered_boundary_E_INITIAL_6000,8,2025-01-29,nan,True,"{""q"": [144], ""emergency"": [144], ""terminal_value"": [], ""x"": [144], ""soc"": [145], ""charge"": [144], ""discharge"": [144], ""curtailment"": [144]}"
2025-02-07,20639.3949311249,0.0,20639.3949311249,40034.898411142334,000d9ae87de33dd965f1a88a8498a7ce52c758ea09ee56f9e5d30ea734d83e2c,36618.14992026909,3416.748490873243,0.0,3321.6710683872507,8859.032847023713,8556.328890495817,1.1368683772161603e-13,0.0,0.0,0.013676778588382553,1.9694561167270876,True,False,False,m3,0.6,8,575.6509507539683,False,False,2025-01-10;2025-01-17;2025-01-24;2025-01-31,2025-01-31;2025-02-01;2025-02-02;2025-02-03;2025-02-04;2025-02-05;2025-02-06,2025-02-06,2025-01-17;2025-01-20;2025-01-22;2025-01-28;2025-01-29;2025-01-31;2025-02-04;2025-02-06,False,0.009540833008941263,0.0,17114.90692236212,feb_dec_output,registered_boundary_E_INITIAL_6000,8,2025-01-29,nan,True,"{""q"": [144], ""emergency"": [144], ""terminal_value"": [], ""x"": [144], ""soc"": [145], ""charge"": [144], ""discharge"": [144], ""curtailment"": [144]}"
2025-02-08,19996.559724220293,2183.981481879004,22180.541206099297,38488.002435504466,fc2537b53cdd30a6854d1b2850dcc47f0f8265abdbb2ac44d4348fc1d4f9b1b4,36106.6417761364,2381.360659368066,707.3958056807073,3234.7025372079556,8556.328890495817,8842.780703935668,1.1368683772161603e-13,0.0,0.0,0.013667736110316278,1.9681539998855442,True,False,False,m3,0.6,8,1242.024861825396,False,False,2025-01-11;2025-01-18;2025-01-25;2025-02-01,2025-02-01;2025-02-02;2025-02-03;2025-02-04;2025-02-05;2025-02-06;2025-02-07,2025-02-07,2025-01-11;2025-01-12;2025-01-13;2025-01-14;2025-01-17;2025-01-21;2025-01-28;2025-02-07,False,0.009085500030778348,0.0,49302.2649332168,feb_dec_output,registered_boundary_E_INITIAL_6000,8,2025-01-29,nan,True,"{""q"": [144], ""emergency"": [144], ""terminal_value"": [], ""x"": [144], ""soc"": [145], ""charge"": [144], ""discharge"": [144], ""curtailment"": [144]}"
2025-02-09,51953.02332980567,4975.977927115499,56929.00125692117,83636.75029287189,59c14bfb1e0a5c7267131a2742da62292d1e60d2ad36f03f98cfa4c6f3bc587e,80121.42413557226,3515.3261572996366,1631.7675414398923,0.020583333333333332,8842.780703935668,8683.743380169746,2.2737367544323206e-13,0.0,0.0,0.013934848375356523,2.0066181660513394,True,False,False,m3,0.6,8,1390.8070064682536,False,False,2025-01-12;2025-01-19;2025-01-26;2025-02-02,2025-02-02;2025-02-03;2025-02-04;2025-02-05;2025-02-06;2025-02-07;2025-02-08,2025-02-08,2025-01-12;2025-01-13;2025-01-14;2025-01-17;2025-01-21;2025-01-28;2025-02-07;2025-02-08,False,0.009423125011380762,0.0,49136.965682855574,feb_dec_output,registered_boundary_E_INITIAL_6000,8,2025-01-29,nan,True,"{""q"": [144], ""emergency"": [144], ""terminal_value"": [], ""x"": [144], ""soc"": [145], ""charge"": [144], ""discharge"": [144], ""curtailment"": [144]}"
2025-02-10,52265.571057492816,1802.642357008128,54068.21341450095,84195.2523366606,e87b0e12e162c7d8f9e829fbd78f3b4b2bf1979b89870c387cae1f8b6b3cff71,76002.02167034202,8193.230666318603,620.804115718367,266.8054105239105,8683.743380169746,8671.544525932648,2.2737367544323206e-13,0.0,0.0,0.013899742847570451,2.001562970050145,True,False,False,m3,0.6,8,1383.3517549999992,False,False,2025-01-13;2025-01-20;2025-01-27;2025-02-03,2025-02-03;2025-02-04;2025-02-05;2025-02-06;2025-02-07;2025-02-08;2025-02-09,2025-02-09,2025-01-13;2025-01-14;2025-01-21;2025-01-28;2025-01-31;2025-02-07;2025-02-08;2025-02-09,False,0.009718417015392333,0.0,48891.80973732536,feb_dec_output,registered_boundary_E_INITIAL_6000,8,2025-01-29,nan,True,"{""q"": [144], ""emergency"": [144], ""terminal_value"": [], ""x"": [144], ""soc"": [145], ""charge"": [144], ""discharge"": [144], ""curtailment"": [144]}"
2025-02-11,51109.64764503003,2690.731280267713,53800.378925297744,82685.34992498634,c475c8696ca9c2522eaa0fe059b8be403659a24e7394b7e655e702096d223039,76560.74680778144,6124.60311720489,894.7368853453046,151.68970289142456,8671.544525932648,8546.976944911179,2.2737367544323206e-13,0.0,0.0,0.013894954568564167,2.00087345787324,True,False,False,m3,0.6,8,1243.938907976189,False,False,2025-01-14;2025-01-21;2025-01-28;2025-02-04,2025-02-04;2025-02-05;2025-02-06;2025-02-07;2025-02-08;2025-02-09;2025-02-10,2025-02-10,2025-01-14;2025-01-17;2025-01-28;2025-01-29;2025-01-31;2025-02-07;2025-02-08;2025-02-10,False,0.009818958002142608,0.0,48075.31276458842,feb_dec_output,registered_boundary_E_INITIAL_6000,8,2025-01-29,nan,True,"{""q"": [144], ""emergency"": [144], ""terminal_value"": [], ""x"": [144], ""soc"": [145], ""charge"": [144], ""discharge"": [144], ""curtailment"": [144]}"
2025-02-12,50743.795919754506,5782.9870386262955,56526.782958380805,82093.58164971283,85433d833f1fe9cec0c3e4e010835acbc1a9240b451717e0cfbda978940cd95b,75774.94554205643,6318.636107656394,1820.9279590411338,35.81428333333327,8546.976944911179,8644.73104015955,2.2737367544323206e-13,0.0,0.0,0.013367783526822071,1.9249608278623782,True,False,False,m3,0.7,8,2417.750651626984,False,False,2025-01-15;2025-01-22;2025-01-29;2025-02-05,2025-02-05;2025-02-06;2025-02-07;2025-02-08;2025-02-09;2025-02-10;2025-02-11,2025-02-11,2025-01-17;2025-01-28;2025-01-29;2025-01-31;2025-02-02;2025-02-07;2025-02-08;2025-02-10,False,0.009591290960088372,0.0,47718.206260605184,feb_dec_output,registered_boundary_E_INITIAL_6000,8,2025-02-12,nan,True,"{""q"": [144], ""emergency"": [144], ""terminal_value"": [], ""x"": [144], ""soc"": [145], ""charge"": [144], ""discharge"": [144], ""curtailment"": [144]}"
2025-02-13,50128.87718064849,18.522172196322295,50147.39935284481,80704.69264007862,3a98459efb49e207a6f64e53985b3f433c82a200c2c963227650fc6c8e3542b9,73105.96951020282,7598.723129875805,4.646806873136551,544.7648833333333,8644.73104015955,7900.871709525909,2.2737367544323206e-13,0.0,0.0,0.013839356150128879,1.9928672856185585,True,False,False,m3,0.7,8,2393.268407222223,False,False,2025-01-16;2025-01-23;2025-01-30;2025-02-06,2025-02-06;2025-02-07;2025-02-08;2025-02-09;2025-02-10;2025-02-11;2025-02-12,2025-02-12,2025-01-27;2025-01-28;2025-01-29;2025-02-01;2025-02-02;2025-02-07;2025-02-08;2025-02-10,False,0.009806124959141016,0.0,17049.546177996785,feb_dec_output,registered_boundary_E_INITIAL_6000,8,2025-02-12,nan,True,"{""q"": [144], ""emergency"": [144], ""terminal_value"": [], ""x"": [144], ""soc"": [145], ""charge"": [144], ""discharge"": [144], ""curtailment"": [144]}"
2025-02-14,19417.37685567788,1959.5078153464628,21376.884671024345,36901.576575054525,fa8989bfba5299a9fc39bb225c6de97ac61c5eb0098b3b37eaf65af57357cd02,34585.260432196534,2316.3161428579897,709.3229382727374,4376.999113487428,7900.871709525909,7332.9667701454355,1.1368683772161603e-13,0.0,0.0,0.013672166660803163,1.9687919991556555,True,False,False,m3,0.7,8,2405.213763333333,False,False,2025-01-17;2025-01-24;2025-01-31;2025-02-07,2025-02-07;2025-02-08;2025-02-09;2025-02-10;2025-02-11;2025-02-12;2025-02-13,2025-02-13,2025-01-27;2025-01-28;2025-01-29;2025-02-01;2025-02-02;2025-02-07;2025-02-08;2025-02-13,False,0.009232208016328514,0.0,16676.849440363883,feb_dec_output,registered_boundary_E_INITIAL_6000,8,2025-02-12,nan,True,"{""q"": [144], ""emergency"": [144], ""terminal_value"": [], ""x"": [144], ""soc"": [145], ""charge"": [144], ""discharge"": [144], ""curtailment"": [144]}"
2025-02-15,19064.63030979637,3785.284560004504,22849.914869800872,37050.282419156945,2a579e589adc374e42451d3db50b7bbbc95ed8836d36b51eff8721bb471fee4a,35425.40123252002,1624.8811866369274,1002.4253692757825,4415.918816191839,7332.9667701454355,8378.85932685367,1.1368683772161603e-13,0.0,0.0,0.013716818888901293,1.9752219200017862,True,False,False,m3,0.7,8,970.1446434523791,False,False,2025-01-18;2025-01-25;2025-02-01;2025-02-08,2025-02-08;2025-02-09;2025-02-10;2025-02-11;2025-02-12;2025-02-13;2025-02-14,2025-02-14,2025-01-28;2025-01-29;2025-01-31;2025-02-01;2025-02-02;2025-02-07;2025-02-08;2025-02-13,False,0.009988499979954213,0.0,45067.16217604019,feb_dec_output,registered_boundary_E_INITIAL_6000,8,2025-02-12,nan,True,"{""q"": [144], ""emergency"": [144], ""terminal_value"": [], ""x"": [144], ""soc"": [145], ""charge"": [144], ""discharge"": [144], ""curtailment"": [144]}"
2025-02-16,48107.28731019804,9485.541838852516,57592.82914905055,78506.13303515437,862c53c598788def4bd01bc973afd527be6a34310c849226ecf45483c9b57c64,75173.72024240953,3332.412792744827,2509.4872561175926,0.059649999999999995,8378.85932685367,8471.53330868119,1.7053025658242404e-13,0.0,0.0,0.013884798893640336,1.9994110406842083,True,False,False,m3,0.7,8,962.7321699999987,False,False,2025-01-19;2025-01-26;2025-02-02;2025-02-09,2025-02-09;2025-02-10;2025-02-11;2025-02-12;2025-02-13;2025-02-14;2025-02-15,2025-02-15,2025-01-28;2025-01-29;2025-01-31;2025-02-01;2025-02-02;2025-02-07;2025-02-08;2025-02-10,False,0.009369166975375265,0.0,44955.333078179654,feb_dec_output,registered_boundary_E_INITIAL_6000,8,2025-02-12,nan,True,"{""q"": [144], ""emergency"": [144], ""terminal_value"": [], ""x"": [144], ""soc"": [145], ""charge"": [144], ""discharge"": [144], ""curtailment"": [144]}"
2025-02-17,48177.54093059305,3212.826090750408,51390.36702134346,78624.48249563691,07035ca29f8ac65c48ac7f47503f794a1c4c71bdb9a89a7fd174d304834c32ee,72657.07031067656,5967.412184960344,890.4628595255649,329.3222087545219,8471.53330868119,8470.544098035456,2.2737367544323206e-13,0.0,0.0,0.013871900180674857,1.9975536260171793,True,False,False,m3,0.7,8,1047.9838250793637,False,False,2025-01-20;2025-01-27;2025-02-03;2025-02-10,2025-02-10;2025-02-11;2025-02-12;2025-02-13;2025-02-14;2025-02-15;2025-02-16,2025-02-16,2025-01-28;2025-01-29;2025-01-31;2025-02-01;2025-02-02;2025-02-07;2025-02-08;2025-02-13,False,0.009819375001825392,0.0,44853.333254801306,feb_dec_output,registered_boundary_E_INITIAL_6000,8,2025-02-12,nan,True,"{""q"": [144], ""emergency"": [144], ""terminal_value"": [], ""x"": [144], ""soc"": [145], ""charge"": [144], ""discharge"": [144], ""curtailment"": [144]}"
2025-02-18,47480.396536459564,8609.072697028205,56089.46923348777,77655.57365873428,e0874da84bc53297ce457aa0d938492ee3dc64a72e1e92d26ec60668033e76c8,71923.10382590709,5732.469832827202,2459.252440015245,78.80808333333303,8470.544098035456,8562.736470924017,2.2737367544323206e-13,0.0,0.0,0.013834265028789459,1.992134164145682,True,False,False,m3,0.7,8,1047.7056911904747,False,False,2025-01-21;2025-01-28;2025-02-04;2025-02-11,2025-02-11;2025-02-12;2025-02-13;2025-02-14;2025-02-15;2025-02-16;2025-02-17,2025-02-17,2025-01-28;2025-01-29;2025-01-31;2025-02-01;2025-02-02;2025-02-07;2025-02-08;2025-02-13,False,0.00958904204890132,0.0,44314.80146597306,feb_dec_output,registered_boundary_E_INITIAL_6000,8,2025-02-12,nan,True,"{""q"": [144], ""emergency"": [144], ""terminal_value"": [], ""x"": [144], ""soc"": [145], ""charge"": [144], ""discharge"": [144], ""curtailment"": [144]}"
2025-02-19,47082.9362886333,9565.698390058526,56648.63467869182,77028.35434296494,788ef3aa09b7a0f725e5582b7ed96ba5df3bd2a224158c7b681f5522aab8eaab,72222.96287707069,4805.391465894239,2714.390616765132,130.5331082194066,8562.736470924017,8278.531034379039,1.580957587066223e-13,0.0,0.0,0.01394120866138514,2.00753404723946,True,False,False,m3,0.7,8,1360.078767857141,False,False,2025-01-22;2025-01-29;2025-02-05;2025-02-12,2025-02-12;2025-02-13;2025-02-14;2025-02-15;2025-02-16;2025-02-17;2025-02-18,2025-02-18,2025-01-27;2025-01-28;2025-01-29;2025-01-31;2025-02-02;2025-02-07;2025-02-08;2025-02-13,False,0.00965795898810029,0.0,44058.84068963318,feb_dec_output,registered_boundary_E_INITIAL_6000,8,2025-02-12,nan,True,"{""q"": [144], ""emergency"": [144], ""terminal_value"": [], ""x"": [144], ""soc"": [145], ""charge"": [144], ""discharge"": [144], ""curtailment"": [144]}"
2025-02-20,46441.52435401174,3541.7350127938703,49983.25936680561,75557.1923822637,eca3e3acc802057385c94378a8e66fc16a3a71ef9eb1ffcf741bf8580abfcf21,70869.5069312267,4687.685451037,1032.2753878632877,134.63250003672235,8278.531034379039,6996.322435829966,2.2737367544323206e-13,0.0,0.0,0.013874037639955835,1.9978614201536402,True,False,False,m3,0.7,8,1064.4591761111094,False,False,2025-01-23;2025-01-30;2025-02-06;2025-02-13,2025-02-13;2025-02-14;2025-02-15;2025-02-16;2025-02-17;2025-02-18;2025-02-19,2025-02-19,2025-01-27;2025-01-28;2025-01-31;2025-02-01;2025-02-07;2025-02-08;2025-02-11;2025-02-13,False,0.009907833999022841,0.0,15586.50401030138,feb_dec_output,registered_boundary_E_INITIAL_6000,8,2025-02-12,nan,True,"{""q"": [144], ""emergency"": [144], ""terminal_value"": [], ""x"": [144], ""soc"": [145], ""charge"": [144], ""discharge"": [144], ""curtailment"": [144]}"
2025-02-21,17738.993124612036,1040.100235131654,18779.09335974369,34456.50392351605,cc960257cce69699b2d522a17bea914d41da44fe2c19c1b92b6110a33e16afce,33069.82184639167,1386.6820771243752,250.4127293744287,6595.783528224826,6996.322435829966,6529.8949548952405,1.1368683772161603e-13,0.0,0.0,0.013633335346336631,1.963200289872475,True,False,False,m3,0.7,8,798.0698015476175,False,False,2025-01-24;2025-01-31;2025-02-07;2025-02-14,2025-02-14;2025-02-15;2025-02-16;2025-02-17;2025-02-18;2025-02-19;2025-02-20,2025-02-20,2025-01-29;2025-01-31;2025-02-01;2025-02-02;2025-02-04;2025-02-07;2025-02-09;2025-02-18,False,0.009448791039176285,0.0,15248.365089003462,feb_dec_output,registered_boundary_E_INITIAL_6000,8,2025-02-12,nan,True,"{""q"": [144], ""emergency"": [144], ""terminal_value"": [], ""x"": [144], ""soc"": [145], ""charge"": [144], ""discharge"": [144], ""curtailment"": [144]}"
2025-02-22,18411.64754066411,6540.567874202377,24952.21541486649,36174.28563496216,1384961efc40c4f4990322a64627ad1e37726f4a1ff21d333bd4562dfd01b4d2,35249.74523968813,924.5403952740307,1839.920905567269,5725.45627667844,6529.8949548952405,8324.236440442874,1.1368683772161603e-13,0.0,0.0,0.013687829282490484,1.9710474166786298,True,False,False,m3,0.7,8,1057.5116247222215,False,False,2025-01-25;2025-02-01;2025-02-08;2025-02-15,2025-02-15;2025-02-16;2025-02-17;2025-02-18;2025-02-19;2025-02-20;2025-02-21,2025-02-21,2025-01-25;2025-01-27;2025-01-31;2025-02-04;2025-02-08;2025-02-09;2025-02-13;2025-02-21,False,0.0098774170037359,0.0,42396.72803230806,feb_dec_output,registered_boundary_E_INITIAL_6000,8,2025-02-12,nan,True,"{""q"": [144], ""emergency"": [144], ""terminal_value"": [], ""x"": [144], ""soc"": [145], ""charge"": [144], ""discharge"": [144], ""curtailment"": [144]}"
2025-02-23,45764.028643807935,6609.20728762498,52373.235931432915,75184.10765981826,1c91ae0775ae362e16a7e011d28062c3e28245763af01c4b421c80ec1da76601,71786.47115148309,3397.6365083351775,2059.7155961246617,125.41475723079648,8324.236440442874,8358.10411425153,1.6342482922482304e-13,0.0,0.0,0.013980592861723077,2.013205372088123,True,False,False,m3,0.7,8,897.4282496825383,False,False,2025-01-26;2025-02-02;2025-02-09;2025-02-16,2025-02-16;2025-02-17;2025-02-18;2025-02-19;2025-02-20;2025-02-21;2025-02-22,2025-02-22,2025-01-27;2025-01-31;2025-02-07;2025-02-08;2025-02-09;2025-02-13;2025-02-21;2025-02-22,False,0.00944879202870652,0.0,42456.87409868438,feb_dec_output,registered_boundary_E_INITIAL_6000,8,2025-02-12,nan,True,"{""q"": [144], ""emergency"": [144], ""terminal_value"": [], ""x"": [144], ""soc"": [145], ""charge"": [144], ""discharge"": [144], ""curtailment"": [144]}"
2025-02-24,45516.82439095556,4215.677494229445,49732.501885185,74881.60729847473,02ece7aea59da3bf6dc7d152efc13257db3711302268974fb822ae791afe2d57,69912.21095119428,4969.3963472804435,1073.7262114936752,640.7366331851454,8358.10411425153,8462.168535330364,2.2737367544323206e-13,0.0,0.0,0.013840554087235231,1.9930397885618731,True,False,False,m3,0.7,8,1231.5954081349178,False,False,2025-01-27;2025-02-03;2025-02-10;2025-02-17,2025-02-17;2025-02-18;2025-02-19;2025-02-20;2025-02-21;2025-02-22;2025-02-23,2025-02-23,2025-01-27;2025-01-29;2025-01-31;2025-02-07;2025-02-08;2025-02-13;2025-02-21;2025-02-22,False,0.00958379200892523,0.0,42353.815310328326,feb_dec_output,registered_boundary_E_INITIAL_6000,8,2025-02-12,nan,True,"{""q"": [144], ""emergency"": [144], ""terminal_value"": [], ""x"": [144], ""soc"": [145], ""charge"": [144], ""discharge"": [144], ""curtailment"": [144]}"
2025-02-25,44989.86827946511,1093.4923583021632,46083.36063776728,73999.43976132266,33a9809e3ade7dd8f1c824f444127c0a29769695b6377fded715815e06340a19,68728.53013109333,5270.909630229315,254.39693726140354,1308.1465028118891,8462.168535330364,8327.975529131912,2.2737367544323206e-13,0.0,0.0,0.013879628124414012,1.9986664499156177,True,False,False,m3,0.7,8,1182.0045509523788,False,False,2025-01-28;2025-02-04;2025-02-11;2025-02-18,2025-02-18;2025-02-19;2025-02-20;2025-02-21;2025-02-22;2025-02-23;2025-02-24,2025-02-24,2025-01-31;2025-02-07;2025-02-08;2025-02-12;2025-02-13;2025-02-21;2025-02-22;2025-02-24,False,0.009807207970879972,0.0,41933.955717018966,feb_dec_output,registered_boundary_E_INITIAL_6000,8,2025-02-12,nan,True,"{""q"": [144], ""emergency"": [144], ""terminal_value"": [], ""x"": [144], ""soc"": [145], ""charge"": [144], ""discharge"": [144], ""curtailment"": [144]}"
2025-02-26,44178.56447641376,8258.416799311402,52436.981275725164,72917.43636484073,a70cae1ca322f4cafd6165991459794cb2ef0bd1a280b4cf0244677351da4b6b,68639.63899382026,4277.797371020468,2483.4019223792434,102.6256166666667,8327.975529131912,8468.95665210532,1.603162047558726e-13,0.0,0.0,0.013777096621197416,1.9839019134524278,True,False,False,m3,0.6,8,228.2791247619038,False,False,2025-01-29;2025-02-05;2025-02-12;2025-02-19,2025-02-19;2025-02-20;2025-02-21;2025-02-22;2025-02-23;2025-02-24;2025-02-25,2025-02-25,2025-01-31;2025-02-04;2025-02-07;2025-02-08;2025-02-09;2025-02-10;2025-02-17;2025-02-21,False,0.009513666969724,0.0,40810.50463266023,feb_dec_output,registered_boundary_E_INITIAL_6000,8,2025-02-26,nan,True,"{""q"": [144], ""emergency"": [144], ""terminal_value"": [], ""x"": [144], ""soc"": [145], ""charge"": [144], ""discharge"": [144], ""curtailment"": [144]}"
2025-02-27,42724.59630869338,9479.618214830823,52204.2145235242,69930.89010084301,d202a6f3acb0c1cdb0d0479664aac35c6e540ca76eaaf4367e4caf844c41585c,65282.29140168938,4648.598699153621,2342.7947474632115,696.4470055492287,8468.95665210532,6433.893753254607,1.4210854715202004e-13,0.0,0.0,0.013906190116459684,2.0024913767701946,True,False,False,m3,0.6,8,173.29035011904762,False,False,2025-01-30;2025-02-06;2025-02-13;2025-02-20,2025-02-20;2025-02-21;2025-02-22;2025-02-23;2025-02-24;2025-02-25;2025-02-26,2025-02-26,2025-01-31;2025-02-04;2025-02-07;2025-02-08;2025-02-09;2025-02-10;2025-02-18;2025-02-21,False,0.010005583986639977,0.0,14539.925003359042,feb_dec_output,registered_boundary_E_INITIAL_6000,8,2025-02-26,nan,True,"{""q"": [144], ""emergency"": [144], ""terminal_value"": [], ""x"": [144], ""soc"": [145], ""charge"": [144], ""discharge"": [144], ""curtailment"": [144]}"
2025-02-28,16563.74185857534,4304.946378074628,20868.68823664997,32579.17488034512,d49d776ea01cfb1a7711b7314334727d736d605319e754988ef51beb6e79ffbb,31726.29901368085,852.8758666642665,1240.8979489440085,8455.392895020579,6433.893753254607,6084.189354945582,1.1368683772161603e-13,0.0,0.0,0.015125813343022147,2.1781171213951893,True,False,False,m3,0.6,8,173.29035011904728,False,False,2025-01-31;2025-02-07;2025-02-14;2025-02-21,2025-02-21;2025-02-22;2025-02-23;2025-02-24;2025-02-25;2025-02-26;2025-02-27,2025-02-27,2025-01-31;2025-02-04;2025-02-07;2025-02-08;2025-02-09;2025-02-10;2025-02-18;2025-02-21,False,0.008856416039634496,0.0,14475.944590084633,feb_dec_output,registered_boundary_E_INITIAL_6000,8,2025-02-26,nan,True,"{""q"": [144], ""emergency"": [144], ""terminal_value"": [], ""x"": [144], ""soc"": [145], ""charge"": [144], ""discharge"": [144], ""curtailment"": [144]}"
2025-03-01,17573.710430444622,3276.4928965117197,20850.20332695634,35025.56196867438,7f4cce2443dca00671605915ab2a0f0a14f35595c22399955ec0d345eafd3ccb,33234.44593795832,1791.1160307160603,811.3135800718771,6394.059909098351,6084.189354945582,8435.632119623013,1.1368683772161603e-13,0.0,0.0,0.014167282973277098,2.040088748151902,True,False,False,m3,0.6,8,186.91824857142797,False,False,2025-02-01;2025-02-08;2025-02-15;2025-02-22,2025-02-22;2025-02-23;2025-02-24;2025-02-25;2025-02-26;2025-02-27;2025-02-28,2025-02-28,2025-02-03;2025-02-04;2025-02-07;2025-02-08;2025-02-10;2025-02-14;2025-02-18;2025-02-21,False,0.009393499989528209,0.0,39637.59717093081,feb_dec_output,registered_boundary_E_INITIAL_6000,8,2025-02-26,nan,True,"{""q"": [144], ""emergency"": [144], ""terminal_value"": [], ""x"": [144], ""soc"": [145], ""charge"": [144], ""discharge"": [144], ""curtailment"": [144]}"
2025-03-02,43396.12502875781,23006.667294067058,66402.79232282487,71698.02676486783,caba168b7288449c103ed68ae04a192fe79ecd4ae1c0ec17d8679d950be8b4ae,67674.13870876233,4023.888056105501,6908.194424406269,0.0,8435.632119623013,8381.089373556812,2.2737367544323206e-13,0.0,0.0,0.014178829856165167,2.041751499287784,True,False,False,m3,0.6,8,215.96166488095162,False,False,2025-02-02;2025-02-09;2025-02-16;2025-02-23,2025-02-23;2025-02-24;2025-02-25;2025-02-26;2025-02-27;2025-02-28;2025-03-01,2025-03-01,2025-02-04;2025-02-07;2025-02-09;2025-02-10;2025-02-15;2025-02-18;2025-02-21;2025-03-01,False,0.009448542026802897,0.0,40052.40090890371,feb_dec_output,registered_boundary_E_INITIAL_6000,8,2025-02-26,nan,True,"{""q"": [144], ""emergency"": [144], ""terminal_value"": [], ""x"": [144], ""soc"": [145], ""charge"": [144], ""discharge"": [144], ""curtailment"": [144]}"
2025-03-03,44288.78748878632,14616.12919191162,58904.91668069794,73292.13966462071,58317bd64739e1ebb3c669240e4c344725c776af88036206ac33d465b0c8282f,70309.03627103326,2983.1033935874475,4059.3018131277304,0.0,8381.089373556812,8488.17294624916,1.6342482922482304e-13,0.0,0.0,0.01340521611564327,1.930351120652631,True,False,False,m3,0.6,8,344.4551333333329,False,False,2025-02-03;2025-02-10;2025-02-17;2025-02-24,2025-02-24;2025-02-25;2025-02-26;2025-02-27;2025-02-28;2025-03-01;2025-03-02,2025-03-02,2025-02-07;2025-02-10;2025-02-14;2025-02-18;2025-02-21;2025-02-22;2025-03-01;2025-03-02,False,0.00902145798318088,0.0,41144.178288667004,feb_dec_output,registered_boundary_E_INITIAL_6000,8,2025-02-26,nan,True,"{""q"": [144], ""emergency"": [144], ""terminal_value"": [], ""x"": [144], ""soc"": [145], ""charge"": [144], ""discharge"": [144], ""curtailment"": [144]}"
2025-03-04,45312.287575929164,5208.313487582487,50520.601063511655,74688.12785473981,3dd4f7bab07b9fd8b85a491d5e65fdc95d705f6cea89b2291a7cd82d1f20b001,69885.2166840798,4802.911170660001,1623.120020409901,426.2653270699657,8488.17294624916,8263.292477342156,1.1368683772161603e-13,0.0,0.0,0.013861555811066259,1.9960640367935412,True,False,False,m3,0.6,8,301.9348177380947,False,False,2025-02-04;2025-02-11;2025-02-18;2025-02-25,2025-02-25;2025-02-26;2025-02-27;2025-02-28;2025-03-01;2025-03-02;2025-03-03,2025-03-03,2025-02-04;2025-02-09;2025-02-10;2025-02-15;2025-02-18;2025-02-21;2025-03-02;2025-03-03,False,0.009201500040944666,0.0,42254.17133938691,feb_dec_output,registered_boundary_E_INITIAL_6000,8,2025-02-26,nan,True,"{""q"": [144], ""emergency"": [144], ""terminal_value"": [], ""x"": [144], ""soc"": [145], ""charge"": [144], ""discharge"": [144], ""curtailment"": [144]}"
2025-03-05,45760.131981339204,3749.458491903494,49509.5904732427,75511.30919183194,06fccb314d3bab7b757438e4f15db113b9ae14d9029155fee01737baa05651a9,67808.54782699069,7702.761364841245,1206.5369964797387,693.6049502354061,8263.292477342156,8423.49492754476,1.2789769243681803e-13,0.0,0.0,0.013907670126678163,2.0027044982416555,True,False,False,m3,0.6,8,424.118078214285,False,False,2025-02-05;2025-02-12;2025-02-19;2025-02-26,2025-02-26;2025-02-27;2025-02-28;2025-03-01;2025-03-02;2025-03-03;2025-03-04,2025-03-04,2025-02-07;2025-02-09;2025-02-10;2025-02-15;2025-02-18;2025-02-21;2025-03-02;2025-03-03,False,0.008987834036815912,0.0,42307.8937043927,feb_dec_output,registered_boundary_E_INITIAL_6000,8,2025-02-26,nan,True,"{""q"": [144], ""emergency"": [144], ""terminal_value"": [], ""x"": [144], ""soc"": [145], ""charge"": [144], ""discharge"": [144], ""curtailment"": [144]}"
2025-03-06,44043.40948624653,4634.672735100382,48678.08222134691,71940.4700367114,84fb45c3f3f31a69a2f5e36aec191baa5f283bf7a8cc4aae4ef4064262e105b4,64896.419206318256,7044.050830393155,1324.909487335518,784.6721886525313,8423.49492754476,6059.706936769366,1.7053025658242404e-13,0.0,0.0,0.013871707792633161,1.9975259221391752,True,False,False,m3,0.6,8,300.9105042857139,False,False,2025-02-06;2025-02-13;2025-02-20;2025-02-27,2025-02-27;2025-02-28;2025-03-01;2025-03-02;2025-03-03;2025-03-04;2025-03-05,2025-03-05,2025-02-07;2025-02-09;2025-02-10;2025-02-14;2025-02-18;2025-02-21;2025-03-02;2025-03-03,False,0.009527708985842764,0.0,14208.670369957399,feb_dec_output,registered_boundary_E_INITIAL_6000,8,2025-02-26,nan,True,"{""q"": [144], ""emergency"": [144], ""terminal_value"": [], ""x"": [144], ""soc"": [145], ""charge"": [144], ""discharge"": [144], ""curtailment"": [144]}"
2025-03-07,16040.85553624242,3384.243593272353,19425.099129514772,31577.587734289227,9533c55e42d631cfa7ce9d91560c2c0adcc75146cdb05e50fb9a6599f15009cf,29773.109677785695,1804.4780565035358,959.6296752820163,8867.848377234213,6059.706936769366,5554.492350327989,1.1368683772161603e-13,0.0,0.0,0.014148357628679756,2.037363498529885,True,False,False,m3,0.6,8,398.19771499999956,False,False,2025-02-07;2025-02-14;2025-02-21;2025-02-28,2025-02-28;2025-03-01;2025-03-02;2025-03-03;2025-03-04;2025-03-05;2025-03-06,2025-03-06,2025-02-09;2025-02-14;2025-02-18;2025-02-21;2025-02-25;2025-03-01;2025-03-02;2025-03-06,False,0.009884374972898513,0.0,14141.443998531837,feb_dec_output,registered_boundary_E_INITIAL_6000,8,2025-02-26,nan,True,"{""q"": [144], ""emergency"": [144], ""terminal_value"": [], ""x"": [144], ""soc"": [145], ""charge"": [144], ""discharge"": [144], ""curtailment"": [144]}"
2025-03-08,17254.591611320953,420.16283011895035,17674.754441439905,34399.34777188723,bfe66f4d38f8a7636a2761907547a6c7335cc3dbb8724073dac5e4bc69221d24,32976.25540789742,1423.0923639898083,141.96316996340437,9514.061986434368,5554.492350327989,8464.968009085924,1.1368683772161603e-13,0.0,0.0,0.013607860201672237,1.9595318690408021,True,False,False,m3,0.6,8,337.9000072619045,False,False,2025-02-08;2025-02-15;2025-02-22;2025-03-01,2025-03-01;2025-03-02;2025-03-03;2025-03-04;2025-03-05;2025-03-06;2025-03-07,2025-03-07,2025-02-09;2025-02-14;2025-02-21;2025-02-25;2025-03-02;2025-03-03;2025-03-06;2025-03-07,False,0.008898958039935678,0.0,40423.243132389514,feb_dec_output,registered_boundary_E_INITIAL_6000,8,2025-02-26,nan,True,"{""q"": [144], ""emergency"": [144], ""terminal_value"": [], ""x"": [144], ""soc"": [145], ""charge"": [144], ""discharge"": [144], ""curtailment"": [144]}"
2025-03-09,42862.1482605333,1345.801828549157,44207.95008908246,71066.57697863656,d4e083e386adff61d8a8090f212fd26afef544c6c03bbd84171ebafffafe26ad,65998.45417265416,5068.1228059824025,381.83059603753986,1095.831736069192,8464.968009085924,8406.709876821895,1.1723955140041653e-13,0.0,0.0,0.01386428129586016,1.996456506603863,True,False,False,m3,0.6,8,255.31459869047558,False,False,2025-02-09;2025-02-16;2025-02-23;2025-03-02,2025-03-02;2025-03-03;2025-03-04;2025-03-05;2025-03-06;2025-03-07;2025-03-08,2025-03-08,2025-02-09;2025-02-10;2025-02-14;2025-02-17;2025-02-18;2025-02-21;2025-03-02;2025-03-03,False,0.00947120803175494,0.0,39540.904296808716,feb_dec_output,registered_boundary_E_INITIAL_6000,8,2025-02-26,nan,True,"{""q"": [144], ""emergency"": [144], ""terminal_value"": [], ""x"": [144], ""soc"": [145], ""charge"": [144], ""discharge"": [144], ""curtailment"": [144]}"
2025-03-10,41982.646187365564,8842.575418053028,50825.22160541859,69769.0271156381,a66e005c543a18513041f0d7eecb03c302d695f70c1f0402ff7aedbfa95e0403,67517.54710744382,2251.4800081942903,2675.106300172592,101.27596666666682,8406.709876821895,8409.777602745902,1.1368683772161603e-13,0.0,0.0,0.013865939794211753,1.9966953303664923,True,False,False,m3,0.6,8,375.87472071428516,False,False,2025-02-10;2025-02-17;2025-02-24;2025-03-03,2025-03-03;2025-03-04;2025-03-05;2025-03-06;2025-03-07;2025-03-08;2025-03-09,2025-03-09,2025-02-10;2025-02-12;2025-02-14;2025-02-21;2025-02-28;2025-03-01;2025-03-02;2025-03-03,False,0.009414915984962136,0.0,38915.72742464118,feb_dec_output,registered_boundary_E_INITIAL_6000,8,2025-02-26,nan,True,"{""q"": [144], ""emergency"": [144], ""terminal_value"": [], ""x"": [144], ""soc"": [145], ""charge"": [144], ""discharge"": [144], ""curtailment"": [144]}"
2025-03-11,42190.26367913097,4204.40868187129,46394.67236100226,70309.03837755404,54bb0b7b70c3851eccd496575ae99ddf75dc87693dd41fa3785f44302d0f5799,65379.84205673155,4929.196320822489,1181.0425589447502,605.3827460317121,8409.777602745902,8454.467631387566,2.2737367544323206e-13,0.0,0.0,0.013860098085489072,1.9958541243104264,True,False,False,m3,0.6,8,270.8050548809515,False,False,2025-02-11;2025-02-18;2025-02-25;2025-03-04,2025-03-04;2025-03-05;2025-03-06;2025-03-07;2025-03-08;2025-03-09;2025-03-10,2025-03-10,2025-02-14;2025-02-18;2025-02-21;2025-02-24;2025-03-01;2025-03-02;2025-03-07;2025-03-10,False,0.009129374986514449,0.0,39081.281698525825,feb_dec_output,registered_boundary_E_INITIAL_6000,8,2025-02-26,nan,True,"{""q"": [144], ""emergency"": [144], ""terminal_value"": [], ""x"": [144], ""soc"": [145], ""charge"": [144], ""discharge"": [144], ""curtailment"": [144]}"
2025-03-12,41898.25586224711,2732.919208367729,44631.17507061484,69817.57030258412,9acd7e9be61ab97e216657ef4f2ece364de958a0fe0f176fbe3fda52e02cee1f,64993.87089052716,4823.6994120569625,647.0686385210124,1369.424808966774,8454.467631387566,8334.063167914866,1.5631940186722204e-13,0.0,0.0,0.01388713916458073,1.9997480396996252,True,False,False,m3,0.6,8,324.64890011904754,False,False,2025-02-12;2025-02-19;2025-02-26;2025-03-05,2025-03-05;2025-03-06;2025-03-07;2025-03-08;2025-03-09;2025-03-10;2025-03-11,2025-03-11,2025-02-14;2025-02-18;2025-02-21;2025-02-24;2025-03-01;2025-03-02;2025-03-07;2025-03-10,False,0.009123958006966859,0.0,38460.09844961023,feb_dec_output,registered_boundary_E_INITIAL_6000,8,2025-03-12,nan,True,"{""q"": [144], ""emergency"": [144], ""terminal_value"": [], ""x"": [144], ""soc"": [145], ""charge"": [144], ""discharge"": [144], ""curtailment"": [144]}"
2025-03-13,39645.22647907732,13046.071958970213,52691.29843804753,65121.43783472191,4c7637bc67fa86c5985abe8bb523b54b54ad905d7b0e78820abe59487e61f8d0,62676.34129552985,2445.0965391920618,3418.485207684807,0.18491666666666665,8334.063167914866,5027.422237295076,1.4210854715202004e-13,0.0,0.0,0.012858904161273839,1.8516821992234327,True,False,False,m3,0.6,8,389.108790357143,False,False,2025-02-13;2025-02-20;2025-02-27;2025-03-06,2025-03-06;2025-03-07;2025-03-08;2025-03-09;2025-03-10;2025-03-11;2025-03-12,2025-03-12,2025-02-14;2025-02-18;2025-02-21;2025-02-22;2025-03-01;2025-03-02;2025-03-10;2025-03-12,False,0.008726707950700074,0.0,13638.246703458097,feb_dec_output,registered_boundary_E_INITIAL_6000,8,2025-03-12,nan,True,"{""q"": [144], ""emergency"": [144], ""terminal_value"": [], ""x"": [144], ""soc"": [145], ""charge"": [144], ""discharge"": [144], ""curtailment"": [144]}"
2025-03-14,15115.153917953383,3035.243607401175,18150.397525354558,29820.290201574357,3e2db374912e9cf6464a936a7e0a31375f90b5f00d0e63ed699cce3b89a3a446,28544.571823819653,1275.7183777547036,866.0046858092576,12234.832348914904,5027.422237295076,4734.778817671023,1.1368683772161603e-13,0.0,0.0,0.013591703129754428,1.9572052506846376,True,False,False,m3,0.6,8,423.8136678571428,False,False,2025-02-14;2025-02-21;2025-02-28;2025-03-07,2025-03-07;2025-03-08;2025-03-09;2025-03-10;2025-03-11;2025-03-12;2025-03-13,2025-03-13,2025-02-14;2025-02-18;2025-02-21;2025-03-01;2025-03-02;2025-03-10;2025-03-12;2025-03-13,False,0.0092899160226807,0.0,13682.722938472856,feb_dec_output,registered_boundary_E_INITIAL_6000,8,2025-03-12,nan,True,"{""q"": [144], ""emergency"": [144], ""terminal_value"": [], ""x"": [144], ""soc"": [145], ""charge"": [144], ""discharge"": [144], ""curtailment"": [144]}"
2025-03-15,16765.169905872946,3542.0443685053283,20307.214274378275,33700.15416843345,84758a93731c05ca40a6a90fc501ac316a7ccc7cef1fb0796afaed1fcd9f1044,32631.508012955062,1068.64615547839,1004.0199357345757,7580.980172334871,4734.778817671023,8228.599948688308,1.1368683772161603e-13,0.0,0.0,0.013678151639598783,1.9696538361022249,True,False,False,m3,0.6,8,415.4846739285714,False,False,2025-02-15;2025-02-22;2025-03-01;2025-03-08,2025-03-08;2025-03-09;2025-03-10;2025-03-11;2025-03-12;2025-03-13;2025-03-14,2025-03-14,2025-02-15;2025-02-18;2025-02-21;2025-03-01;2025-03-02;2025-03-10;2025-03-12;2025-03-13,False,0.009072625020053238,0.0,37079.72755344988,feb_dec_output,registered_boundary_E_INITIAL_6000,8,2025-03-12,nan,True,"{""q"": [144], ""emergency"": [144], ""terminal_value"": [], ""x"": [144], ""soc"": [145], ""charge"": [144], ""discharge"": [144], ""curtailment"": [144]}"
2025-03-16,40547.58850217001,10356.093372607047,50903.68187477706,67950.33732525975,58c90c1e9c882aa661652b330e0612a0d57e99edb04a56e691aa2b8fb96f65e0,63472.85245456648,4477.4848706932735,2995.0787546440606,845.0047833333326,8228.599948688308,8537.782695131082,1.2079226507921703e-13,0.0,0.0,0.01391579980231149,2.0038751715328544,True,False,False,m3,0.6,8,398.41502749999916,False,False,2025-02-16;2025-02-23;2025-03-02;2025-03-09,2025-03-09;2025-03-10;2025-03-11;2025-03-12;2025-03-13;2025-03-14;2025-03-15,2025-03-15,2025-02-16;2025-02-18;2025-02-19;2025-02-21;2025-03-01;2025-03-02;2025-03-03;2025-03-12,False,0.009003708022646606,0.0,37213.01480099957,feb_dec_output,registered_boundary_E_INITIAL_6000,8,2025-03-12,nan,True,"{""q"": [144], ""emergency"": [144], ""terminal_value"": [], ""x"": [144], ""soc"": [145], ""charge"": [144], ""discharge"": [144], ""curtailment"": [144]}"
2025-03-17,40113.83723068709,1152.1470617628956,41265.98429244998,67244.5190724516,40f705c7afa980065fdf9e76b4c18e9ef1a58f6318d6c1ada4ec414030742d17,61301.50651059741,5943.012561854193,367.5452100760677,1865.7930902810585,8537.782695131082,8567.708610783237,1.4210854715202004e-13,0.0,0.0,0.013885079568151722,1.9994514578138478,True,False,False,m3,0.6,8,426.34589321428473,False,False,2025-02-17;2025-02-24;2025-03-03;2025-03-10,2025-03-10;2025-03-11;2025-03-12;2025-03-13;2025-03-14;2025-03-15;2025-03-16,2025-03-16,2025-02-18;2025-02-21;2025-03-01;2025-03-02;2025-03-10;2025-03-12;2025-03-13;2025-03-15,False,0.00965554203139618,0.0,36933.440731715644,feb_dec_output,registered_boundary_E_INITIAL_6000,8,2025-03-12,nan,True,"{""q"": [144], ""emergency"": [144], ""terminal_value"": [], ""x"": [144], ""soc"": [145], ""charge"": [144], ""discharge"": [144], ""curtailment"": [144]}"
2025-03-18,38983.00893357991,7468.639951153717,46451.64888473363,65494.404464754894,990c24468a473c5aa4cce1b603843b55f1e0b01a14117d196455ad0f195609cf,62175.70726955039,3318.6971952045105,1649.128686139884,856.8765994829124,8567.708610783237,8407.215750253343,1.3500311979441904e-13,0.0,0.0,0.013929937296375606,2.0059109706780873,True,False,False,m3,0.6,8,426.3452116666665,False,False,2025-02-18;2025-02-25;2025-03-04;2025-03-11,2025-03-11;2025-03-12;2025-03-13;2025-03-14;2025-03-15;2025-03-16;2025-03-17,2025-03-17,2025-02-18;2025-02-21;2025-03-01;2025-03-02;2025-03-10;2025-03-12;2025-03-13;2025-03-15,False,0.009730958030559123,0.0,36068.46332216644,feb_dec_output,registered_boundary_E_INITIAL_6000,8,2025-03-12,nan,True,"{""q"": [144], ""emergency"": [144], ""terminal_value"": [], ""x"": [144], ""soc"": [145], ""charge"": [144], ""discharge"": [144], ""curtailment"": [144]}"
2025-03-19,39073.50022512968,4798.631707770548,43872.13193290023,65587.51812035343,f181cc0353edcb7939bcc42556d9595addc81d2374f0200b99f85509b0fc3ec1,61966.88742341855,3620.6306969348807,1128.951948967875,1398.7711554985215,8407.215750253343,8608.549672985304,1.192379528447418e-13,0.0,0.0,0.013978244529425865,2.0128672122373246,True,False,False,m3,0.6,8,619.6148552380951,False,False,2025-02-19;2025-02-26;2025-03-05;2025-03-12,2025-03-12;2025-03-13;2025-03-14;2025-03-15;2025-03-16;2025-03-17;2025-03-18,2025-03-18,2025-02-21;2025-02-22;2025-03-01;2025-03-02;2025-03-10;2025-03-12;2025-03-13;2025-03-16,False,0.009041208017151803,0.0,35831.202321709876,feb_dec_output,registered_boundary_E_INITIAL_6000,8,2025-03-12,nan,True,"{""q"": [144], ""emergency"": [144], ""terminal_value"": [], ""x"": [144], ""soc"": [145], ""charge"": [144], ""discharge"": [144], ""curtailment"": [144]}"
2025-03-20,36786.52598260546,8588.611219202,45375.13720180746,60262.46622638276,7207a7826d935bcb4726c5e5ee37b93d0f8778aea8723609b94a1bd70773fb12,57928.003792660245,2334.4624337225246,2459.942031706236,439.01368333333323,8608.549672985304,4525.113688324153,2.2737367544323206e-13,0.0,0.0,0.01339074450798863,1.9282672091503628,True,False,False,m3,0.6,8,540.8959438095237,False,False,2025-02-20;2025-02-27;2025-03-06;2025-03-13,2025-03-13;2025-03-14;2025-03-15;2025-03-16;2025-03-17;2025-03-18;2025-03-19,2025-03-19,2025-02-21;2025-02-22;2025-02-27;2025-03-01;2025-03-02;2025-03-12;2025-03-15;2025-03-16,False,0.009242917003575712,0.0,13116.941889958684,feb_dec_output,registered_boundary_E_INITIAL_6000,8,2025-03-12,nan,True,"{""q"": [144], ""emergency"": [144], ""terminal_value"": [], ""x"": [144], ""soc"": [145], ""charge"": [144], ""discharge"": [144], ""curtailment"": [144]}"
2025-03-21,14400.293571190417,1319.3315440368294,15719.625115227247,28540.73465193516,0660908b9bfcc37253998fde472313951947cd81cbb0731c2fcbc240f6d0fefc,27578.866768025542,961.8678839096194,314.5917585563328,14830.301357760647,4525.113688324153,4137.712271496436,1.1368683772161603e-13,0.0,0.0,0.01317234835935071,1.8968181637465023,True,False,False,m3,0.6,8,610.1134504761897,False,False,2025-02-21;2025-02-28;2025-03-07;2025-03-14,2025-03-14;2025-03-15;2025-03-16;2025-03-17;2025-03-18;2025-03-19;2025-03-20,2025-03-20,2025-02-21;2025-03-01;2025-03-02;2025-03-10;2025-03-12;2025-03-13;2025-03-16;2025-03-20,False,0.00902599998516962,0.0,13409.510435202068,feb_dec_output,registered_boundary_E_INITIAL_6000,8,2025-03-12,nan,True,"{""q"": [144], ""emergency"": [144], ""terminal_value"": [], ""x"": [144], ""soc"": [145], ""charge"": [144], ""discharge"": [144], ""curtailment"": [144]}"
2025-03-22,16624.452644964425,5701.705196610246,22326.15784157467,33582.126414276805,897aa07e4585beef0a1148ac60b5b371119f2d09617dda6746c9750508ce3723,32597.231934950298,984.8944793265129,1707.6927117137354,12330.849955238747,4137.712271496436,8631.625531814594,1.1368683772161603e-13,0.0,0.0,0.01375819995397857,1.9811807933729142,True,False,False,m3,0.6,8,725.4999728571413,False,False,2025-02-22;2025-03-01;2025-03-08;2025-03-15,2025-03-15;2025-03-16;2025-03-17;2025-03-18;2025-03-19;2025-03-20;2025-03-21,2025-03-21,2025-02-27;2025-03-01;2025-03-02;2025-03-08;2025-03-12;2025-03-15;2025-03-16;2025-03-20,False,0.008888167038094252,0.0,34277.95508350666,feb_dec_output,registered_boundary_E_INITIAL_6000,8,2025-03-12,nan,True,"{""q"": [144], ""emergency"": [144], ""terminal_value"": [], ""x"": [144], ""soc"": [145], ""charge"": [144], ""discharge"": [144], ""curtailment"": [144]}"
2025-03-23,37450.09444012417,6487.540336598056,43937.634776722225,62662.48729796386,d29c4ce7a9e6c44f76a68b8f1bb95816efff6dc3625d0fbe6aa093b953a42902,59770.59765708085,2891.889640883017,2030.0916677224568,1244.562798289678,8631.625531814594,8429.401004679019,2.2737367544323206e-13,0.0,0.0,0.013980724220244965,2.013224287715275,True,False,False,m3,0.6,8,769.0252648809516,False,False,2025-02-23;2025-03-02;2025-03-09;2025-03-16,2025-03-16;2025-03-17;2025-03-18;2025-03-19;2025-03-20;2025-03-21;2025-03-22,2025-03-22,2025-03-01;2025-03-02;2025-03-10;2025-03-12;2025-03-13;2025-03-16;2025-03-19;2025-03-20,False,0.009402249997947365,0.0,34339.610497394155,feb_dec_output,registered_boundary_E_INITIAL_6000,8,2025-03-12,nan,True,"{""q"": [144], ""emergency"": [144], ""terminal_value"": [], ""x"": [144], ""soc"": [145], ""charge"": [144], ""discharge"": [144], ""curtailment"": [144]}"
2025-03-24,37156.01222033799,6785.209549403071,43941.22176974106,62344.84830883204,a5842a8ce25840357ed4af60861a8efe72db5513ff61ea324fed59cc6d953a08,59438.27152876871,2906.576780063327,2044.22294918134,1385.6987252738325,8429.401004679019,8506.267120342904,2.2737367544323206e-13,0.0,0.0,0.014134533270811921,2.0353727909969166,True,False,False,m3,0.6,8,643.9690739285712,False,False,2025-02-24;2025-03-03;2025-03-10;2025-03-17,2025-03-17;2025-03-18;2025-03-19;2025-03-20;2025-03-21;2025-03-22;2025-03-23,2025-03-23,2025-03-01;2025-03-02;2025-03-12;2025-03-15;2025-03-16;2025-03-19;2025-03-20;2025-03-23,False,0.010274874977767467,0.0,33744.906766772954,feb_dec_output,registered_boundary_E_INITIAL_6000,8,2025-03-12,nan,True,"{""q"": [144], ""emergency"": [144], ""terminal_value"": [], ""x"": [144], ""soc"": [145], ""charge"": [144], ""discharge"": [144], ""curtailment"": [144]}"
2025-03-25,36676.62731315371,11279.651064008249,47956.27837716196,61633.69110379885,14ab7330fb68289687be948ac24f88e51735616aec7e7490dc13762ef787360e,59837.46973707498,1796.2213667238652,3245.2766912451852,321.3385980597586,8506.267120342904,8323.32376582091,1.1368683772161603e-13,0.0,0.0,0.014365662618931511,2.0686554171261378,True,False,False,m3,0.6,8,643.969073928571,False,False,2025-02-25;2025-03-04;2025-03-11;2025-03-18,2025-03-18;2025-03-19;2025-03-20;2025-03-21;2025-03-22;2025-03-23;2025-03-24,2025-03-24,2025-03-01;2025-03-02;2025-03-12;2025-03-15;2025-03-16;2025-03-19;2025-03-20;2025-03-23,False,0.015358874981757253,0.0,33659.87374877645,feb_dec_output,registered_boundary_E_INITIAL_6000,8,2025-03-12,nan,True,"{""q"": [144], ""emergency"": [144], ""terminal_value"": [], ""x"": [144], ""soc"": [145], ""charge"": [144], ""discharge"": [144], ""curtailment"": [144]}"
2025-03-26,36975.92821610444,3156.6574336182343,40132.58564972267,62166.19955096346,0b0caa9161046f4fcf9fe067ae098f763ab14f983f43c8a624108cd9d93a578a,58542.8055656904,3623.3939852730546,1081.6300786788017,2036.2379031776804,8323.32376582091,8360.72795593879,1.1368683772161603e-13,0.0,0.0,0.014200503456878424,2.044872497790493,True,False,False,m3,0.6,8,854.1268547619039,False,False,2025-02-26;2025-03-05;2025-03-12;2025-03-19,2025-03-19;2025-03-20;2025-03-21;2025-03-22;2025-03-23;2025-03-24;2025-03-25,2025-03-25,2025-03-02;2025-03-03;2025-03-12;2025-03-15;2025-03-16;2025-03-19;2025-03-20;2025-03-23,False,0.009923125035129488,0.0,33899.55351772104,feb_dec_output,registered_boundary_E_INITIAL_6000,8,2025-03-26,nan,True,"{""q"": [144], ""emergency"": [144], ""terminal_value"": [], ""x"": [144], ""soc"": [145], ""charge"": [144], ""discharge"": [144], ""curtailment"": [144]}"
2025-03-27,34519.510076916136,9889.773819384523,44409.28389630066,56474.368882304945,f972d68af6add37f5ccc14fe62f264c27bde3bc0e8070e6e615a0b70424e3c06,53691.975801840184,2782.3930804647666,2890.0971731488135,533.5155000000004,8360.72795593879,3989.277371255974,1.6342482922482304e-13,0.0,0.0,0.015404585398856498,2.218260297435336,True,False,False,m3,0.6,8,678.2545865476186,False,False,2025-02-27;2025-03-06;2025-03-13;2025-03-20,2025-03-20;2025-03-21;2025-03-22;2025-03-23;2025-03-24;2025-03-25;2025-03-26,2025-03-26,2025-03-02;2025-03-03;2025-03-05;2025-03-12;2025-03-15;2025-03-19;2025-03-20;2025-03-23,False,0.009538832993712276,0.0,12778.17138021233,feb_dec_output,registered_boundary_E_INITIAL_6000,8,2025-03-26,nan,True,"{""q"": [144], ""emergency"": [144], ""terminal_value"": [], ""x"": [144], ""soc"": [145], ""charge"": [144], ""discharge"": [144], ""curtailment"": [144]}"
2025-03-28,14035.835253243833,1861.088718179305,15896.923971423137,28071.46875487898,ddfae48227a27bd1c1e33e9318b574893798e72e46e3ea0f86c57c8c0f4beb47,26906.270921783766,1165.1978330952168,481.34023160214224,15333.440731363802,3989.277371255974,3861.0721965319167,1.1368683772161603e-13,0.0,0.0,0.013455129925003147,1.937538709200453,True,False,False,m3,0.6,8,882.5725654761891,False,False,2025-02-28;2025-03-07;2025-03-14;2025-03-21,2025-03-21;2025-03-22;2025-03-23;2025-03-24;2025-03-25;2025-03-26;2025-03-27,2025-03-27,2025-03-01;2025-03-02;2025-03-05;2025-03-12;2025-03-15;2025-03-19;2025-03-20;2025-03-23,False,0.0090142089757137,0.0,13007.37814686823,feb_dec_output,registered_boundary_E_INITIAL_6000,8,2025-03-26,nan,True,"{""q"": [144], ""emergency"": [144], ""terminal_value"": [], ""x"": [144], ""soc"": [145], ""charge"": [144], ""discharge"": [144], ""curtailment"": [144]}"
2025-03-29,16088.388806876528,1773.3512099171119,17861.74001679364,32947.46743170903,3ee9b9ae1b2bc8a242d04d75b4dbd49a51f4740f7f276363b7a8746cdb5f4aa0,32134.75287400241,812.7145577066256,423.25823232596304,18683.122522072852,3861.0721965319167,8442.93955126968,1.1368683772161603e-13,0.0,0.0,0.013631228953373566,1.9628969692857936,True,False,False,m3,0.6,8,729.3214192857129,False,False,2025-03-01;2025-03-08;2025-03-15;2025-03-22,2025-03-22;2025-03-23;2025-03-24;2025-03-25;2025-03-26;2025-03-27;2025-03-28,2025-03-28,2025-03-01;2025-03-02;2025-03-05;2025-03-12;2025-03-15;2025-03-19;2025-03-20;2025-03-23,False,0.009220415959134698,0.0,32627.358581105145,feb_dec_output,registered_boundary_E_INITIAL_6000,8,2025-03-26,nan,True,"{""q"": [144], ""emergency"": [144], ""terminal_value"": [], ""x"": [144], ""soc"": [145], ""charge"": [144], ""discharge"": [144], ""curtailment"": [144]}"
2025-03-30,35051.612259188965,8144.957901619568,43196.57016080854,58717.63697212883,788e842f8cbddb1e0d82c6f9873855e0b33d719095d6e2b2da0bc05189c9349a,55981.306697267944,2736.33027486089,2347.279803050975,999.1845782097931,8442.93955126968,8486.90960259257,1.2434497875801753e-13,0.0,0.0,0.013859508948371513,1.9957692885654978,True,False,False,m3,0.6,8,372.6323982142859,False,False,2025-03-02;2025-03-09;2025-03-16;2025-03-23,2025-03-23;2025-03-24;2025-03-25;2025-03-26;2025-03-27;2025-03-28;2025-03-29,2025-03-29,2025-03-02;2025-03-05;2025-03-08;2025-03-12;2025-03-15;2025-03-19;2025-03-20;2025-03-23,False,0.009304917010013014,0.0,31742.595369248607,feb_dec_output,registered_boundary_E_INITIAL_6000,8,2025-03-26,nan,True,"{""q"": [144], ""emergency"": [144], ""terminal_value"": [], ""x"": [144], ""soc"": [145], ""charge"": [144], ""discharge"": [144], ""curtailment"": [144]}"
2025-03-31,34568.89970278177,14612.165027497926,49181.06473027969,57940.72275987603,458f783e32feeab6b7961134bdacf61a3f6c02cb701d45c032da432b5a7a3cfe,56127.53381519529,1813.1889446807354,4643.806120521777,1781.9276556747457,8486.90960259257,8605.011947276993,1.4210854715202004e-13,0.0,0.0,0.013843073734379787,1.9934026177506894,True,False,False,m3,0.6,8,377.84622857142836,False,False,2025-03-03;2025-03-10;2025-03-17;2025-03-24,2025-03-24;2025-03-25;2025-03-26;2025-03-27;2025-03-28;2025-03-29;2025-03-30,2025-03-30,2025-03-03;2025-03-05;2025-03-08;2025-03-12;2025-03-15;2025-03-19;2025-03-20;2025-03-23,False,0.009221750020515174,0.0,31419.052254988925,feb_dec_output,registered_boundary_E_INITIAL_6000,8,2025-03-26,nan,True,"{""q"": [144], ""emergency"": [144], ""terminal_value"": [], ""x"": [144], ""soc"": [145], ""charge"": [144], ""discharge"": [144], ""curtailment"": [144]}"
2025-04-01,34603.43230207315,16641.806294884373,51245.238596957526,58053.65340466796,ecf358624d78c455a354f75a8d8dd0ad70090d1bcf5ba942ef85994076bd0f48,56386.48397512984,1667.1694295381076,6022.423370925877,429.68756666666695,8605.011947276993,8426.69289064091,1.5631940186722204e-13,0.0,0.0,0.013881485537341278,1.998933917377144,True,False,False,m3,0.6,8,351.8059341666668,False,False,2025-03-04;2025-03-11;2025-03-18;2025-03-25,2025-03-25;2025-03-26;2025-03-27;2025-03-28;2025-03-29;2025-03-30;2025-03-31,2025-03-31,2025-03-05;2025-03-08;2025-03-12;2025-03-15;2025-03-19;2025-03-20;2025-03-23;2025-03-31,False,0.00942691700765863,0.0,31483.42429886726,feb_dec_output,registered_boundary_E_INITIAL_6000,8,2025-03-26,nan,True,"{""q"": [144], ""emergency"": [144], ""terminal_value"": [], ""x"": [144], ""soc"": [145], ""charge"": [144], ""discharge"": [144], ""curtailment"": [144]}"
2025-04-02,35029.37946901642,21409.520153628153,56438.899622644574,59012.672259772065,999d8c84c6bf10156ab15a30ff0494a4816bb1e55fddfbd1d62d13207be1adc3,56459.194922462164,2553.477337309886,5852.2283556427365,0.0,8426.69289064091,8385.802672296895,1.4210854715202004e-13,0.0,0.0,0.013950419255302727,2.0088603727635927,True,False,False,m3,0.6,8,371.3231999999995,False,False,2025-03-05;2025-03-12;2025-03-19;2025-03-26,2025-03-26;2025-03-27;2025-03-28;2025-03-29;2025-03-30;2025-03-31;2025-04-01,2025-04-01,2025-03-05;2025-03-08;2025-03-12;2025-03-15;2025-03-19;2025-03-20;2025-03-31;2025-04-01,False,0.009085291996598244,0.0,32031.198763216013,feb_dec_output,registered_boundary_E_INITIAL_6000,8,2025-03-26,nan,True,"{""q"": [144], ""emergency"": [144], ""terminal_value"": [], ""x"": [144], ""soc"": [145], ""charge"": [144], ""discharge"": [144], ""curtailment"": [144]}"
2025-04-03,33369.39059443452,11399.302565153183,44768.693159587696,54934.99833851619,a69f9112a9547a6bfe32434e783e1f9026b60c4f6dec5eb2c65a586627e961b6,51495.53477050516,3439.4635680110214,3101.7449848204965,1953.0710208459861,8385.802672296895,3496.7466317045246,2.2737367544323206e-13,0.0,0.0,0.013352555247870946,1.9227679556934163,True,False,False,m3,0.6,8,510.2901420238087,False,False,2025-03-06;2025-03-13;2025-03-20;2025-03-27,2025-03-27;2025-03-28;2025-03-29;2025-03-30;2025-03-31;2025-04-01;2025-04-02,2025-04-02,2025-03-07;2025-03-08;2025-03-12;2025-03-15;2025-03-19;2025-03-23;2025-03-31;2025-04-01,False,0.009110042010433972,0.0,12400.277397124348,feb_dec_output,registered_boundary_E_INITIAL_6000,8,2025-03-26,nan,True,"{""q"": [144], ""emergency"": [144], ""terminal_value"": [], ""x"": [144], ""soc"": [145], ""charge"": [144], ""discharge"": [144], ""curtailment"": [144]}"
2025-04-04,13358.281108658823,1137.1837499485923,14495.464858607414,26991.827007623026,c632e1654a0a06f99e3faccbe8746498c8c10b34e9d4b517fd518b41415ddaac,26369.98089340531,621.8461142177138,285.92660264012,18770.021236957185,3496.7466317045246,3620.035042957202,1.1368683772161603e-13,0.0,0.0,0.01358834372917449,1.9567214970011264,True,False,False,m3,0.6,8,368.500371666666,False,False,2025-03-07;2025-03-14;2025-03-21;2025-03-28,2025-03-28;2025-03-29;2025-03-30;2025-03-31;2025-04-01;2025-04-02;2025-04-03,2025-04-03,2025-03-07;2025-03-08;2025-03-12;2025-03-15;2025-03-19;2025-03-24;2025-03-31;2025-04-01,False,0.00930991698987782,0.0,12544.691144497921,feb_dec_output,registered_boundary_E_INITIAL_6000,8,2025-03-26,nan,True,"{""q"": [144], ""emergency"": [144], ""terminal_value"": [], ""x"": [144], ""soc"": [145], ""charge"": [144], ""discharge"": [144], ""curtailment"": [144]}"
2025-04-05,15529.68153443465,8060.402299446664,23590.083833881316,32211.44811947084,d5fb238b2efc15093425a4582a4ffebbd477c548a8450bcc6275b2ec0afebed7,31821.824077375895,389.62404209494525,2257.7180891334347,15698.426094902416,3620.035042957202,8353.988936913704,1.1368683772161603e-13,0.0,0.0,0.013579857942709673,1.955499543750193,True,False,False,m3,0.6,8,501.611310238095,False,False,2025-03-08;2025-03-15;2025-03-22;2025-03-29,2025-03-29;2025-03-30;2025-03-31;2025-04-01;2025-04-02;2025-04-03;2025-04-04,2025-04-04,2025-03-08;2025-03-12;2025-03-15;2025-03-19;2025-03-20;2025-03-24;2025-03-31;2025-04-01,False,0.008960291976109147,0.0,31424.943174900065,feb_dec_output,registered_boundary_E_INITIAL_6000,8,2025-03-26,nan,True,"{""q"": [144], ""emergency"": [144], ""terminal_value"": [], ""x"": [144], ""soc"": [145], ""charge"": [144], ""discharge"": [144], ""curtailment"": [144]}"
2025-04-06,34813.5796442091,5300.395206344865,40113.97485055397,58841.336669827666,b0447637b82b0d39ec6b37020aaaf1b1f65a5098d7f995489a20fd244dcf3e5b,56408.7931574878,2432.543512339867,1682.3728199966233,1626.8261850341828,8353.988936913704,8445.02271548298,1.4210854715202004e-13,0.0,0.0,0.013902406204579165,2.0019464934594,True,False,False,m3,0.6,8,774.9119385714278,False,False,2025-03-09;2025-03-16;2025-03-23;2025-03-30,2025-03-30;2025-03-31;2025-04-01;2025-04-02;2025-04-03;2025-04-04;2025-04-05,2025-04-05,2025-03-12;2025-03-15;2025-03-19;2025-03-20;2025-03-23;2025-03-31;2025-04-01;2025-04-04,False,0.009963667020201683,0.0,31302.666067068665,feb_dec_output,registered_boundary_E_INITIAL_6000,8,2025-03-26,nan,True,"{""q"": [144], ""emergency"": [144], ""terminal_value"": [], ""x"": [144], ""soc"": [145], ""charge"": [144], ""discharge"": [144], ""curtailment"": [144]}"
2025-04-07,34214.28328629354,7504.832575864588,41719.11586215813,57764.91226486853,363c49e2b9d0ee05679cd3fec98b8baa65f5a2a8747ce7f0b33464c65dc0d515,55356.50876247816,2408.4035023903675,2717.028027659252,2982.1872564189134,8445.02271548298,8375.777685907451,1.6542323066914832e-13,0.0,0.0,0.014083896683183007,2.028081122378353,True,False,False,m3,0.6,8,900.5404315476184,False,False,2025-03-10;2025-03-17;2025-03-24;2025-03-31,2025-03-31;2025-04-01;2025-04-02;2025-04-03;2025-04-04;2025-04-05;2025-04-06,2025-04-06,2025-03-12;2025-03-15;2025-03-19;2025-03-20;2025-03-23;2025-03-24;2025-03-31;2025-04-04,False,0.009738958964589983,0.0,31311.8298696111,feb_dec_output,registered_boundary_E_INITIAL_6000,8,2025-03-26,nan,True,"{""q"": [144], ""emergency"": [144], ""terminal_value"": [], ""x"": [144], ""soc"": [145], ""charge"": [144], ""discharge"": [144], ""curtailment"": [144]}"
2025-04-08,34135.67399724409,7881.949494489633,42017.62349173373,57504.70099815731,36e409f395915e20ea149b15ec7326ba5f79857136fc6f98007cbb1c27fb413e,55066.57771450262,2438.1232836546783,1883.3685751774601,735.917770230443,8375.777685907451,8285.994700924843,1.6209256159527285e-13,0.0,0.0,0.014013664069756892,2.0179676260449924,True,False,False,m3,0.6,8,754.215797380952,False,False,2025-03-11;2025-03-18;2025-03-25;2025-04-01,2025-04-01;2025-04-02;2025-04-03;2025-04-04;2025-04-05;2025-04-06;2025-04-07,2025-04-07,2025-03-12;2025-03-15;2025-03-19;2025-03-20;2025-03-23;2025-03-24;2025-03-31;2025-04-07,False,0.010162166028749198,0.0,30898.80153452374,feb_dec_output,registered_boundary_E_INITIAL_6000,8,2025-03-26,nan,True,"{""q"": [144], ""emergency"": [144], ""terminal_value"": [], ""x"": [144], ""soc"": [145], ""charge"": [144], ""discharge"": [144], ""curtailment"": [144]}"
2025-04-09,34010.77871854141,18072.59078895636,52083.36950749777,57239.60986929532,3b21377d18b700bc6a3e7a1991541f8bd2df6d7fc9313b610d06fb650e4a77b6,55847.08634133389,1392.5235279614285,5854.38403325549,408.55859999999984,8285.994700924843,8459.132992997467,1.1368683772161603e-13,0.0,0.0,0.013661981763208233,1.9673253739019856,True,False,False,m2,0.6,8,489.46109999999896,False,False,2025-03-12;2025-03-19;2025-03-26;2025-04-02,2025-04-02;2025-04-03;2025-04-04;2025-04-05;2025-04-06;2025-04-07;2025-04-08,2025-04-08,2025-03-14;2025-03-15;2025-03-20;2025-03-23;2025-03-28;2025-03-29;2025-03-31;2025-04-07,False,0.00921833299798891,0.0,30772.847330695527,feb_dec_output,registered_boundary_E_INITIAL_6000,8,2025-04-09,nan,True,"{""q"": [144], ""emergency"": [144], ""terminal_value"": [], ""x"": [144], ""soc"": [145], ""charge"": [144], ""discharge"": [144], ""curtailment"": [144]}"
2025-04-10,31862.70603697407,7056.137513177166,38918.843550151236,51911.154700752966,7c8b237d4504327f82f47fb0422a6654ebbf89cc3b67f3150d3b367a30cb9fe7,49588.24196158564,2322.912739167326,1955.2831022890737,394.89496457922627,8459.132992997467,3481.4631575544645,1.3677947663381929e-13,0.0,0.0,0.013639147584197216,1.964037252124399,True,False,False,m2,0.6,8,641.0930416666675,False,False,2025-03-13;2025-03-20;2025-03-27;2025-04-03,2025-04-03;2025-04-04;2025-04-05;2025-04-06;2025-04-07;2025-04-08;2025-04-09,2025-04-09,2025-03-15;2025-03-16;2025-03-19;2025-03-20;2025-03-24;2025-03-29;2025-03-31;2025-04-01,False,0.009048707957845181,0.0,12258.3310982911,feb_dec_output,registered_boundary_E_INITIAL_6000,8,2025-04-09,nan,True,"{""q"": [144], ""emergency"": [144], ""terminal_value"": [], ""x"": [144], ""soc"": [145], ""charge"": [144], ""discharge"": [144], ""curtailment"": [144]}"
2025-04-11,13060.259425947093,651.8071386996471,13712.06656464674,26490.46184232195,a1644ea586fb40eeb602b9642cac12ef235fe452d425e639089366eb8b89dcea,25743.96769245812,746.4941498638323,163.0184733173762,19614.07773803845,3481.4631575544645,3131.9032287331124,1.1368683772161603e-13,0.0,0.0,0.013975102785479976,2.0124148011091165,True,False,False,m2,0.6,8,611.7877166666675,False,False,2025-03-14;2025-03-21;2025-03-28;2025-04-04,2025-04-04;2025-04-05;2025-04-06;2025-04-07;2025-04-08;2025-04-09;2025-04-10,2025-04-10,2025-03-16;2025-03-19;2025-03-20;2025-03-24;2025-03-29;2025-03-31;2025-04-01;2025-04-02,False,0.009287958033382893,0.0,12515.524769424013,feb_dec_output,registered_boundary_E_INITIAL_6000,8,2025-04-09,nan,True,"{""q"": [144], ""emergency"": [144], ""terminal_value"": [], ""x"": [144], ""soc"": [145], ""charge"": [144], ""discharge"": [144], ""curtailment"": [144]}"
2025-04-12,15840.384087551794,3038.4493142446363,18878.83340179643,32649.853758039004,e111ad791ead36d019334f7b9763e4ae8c131acdca8584e36cea335374ad18f7,31621.894816351603,1027.958941687393,906.6272584539731,16590.20759340332,3131.9032287331124,8506.800228068763,1.1368683772161603e-13,0.0,0.0,0.013954539310765944,2.009453660750296,True,False,False,m2,0.6,8,910.1485749999989,False,False,2025-03-15;2025-03-22;2025-03-29;2025-04-05,2025-04-05;2025-04-06;2025-04-07;2025-04-08;2025-04-09;2025-04-10;2025-04-11,2025-04-11,2025-03-20;2025-03-28;2025-03-29;2025-03-31;2025-04-01;2025-04-02;2025-04-04;2025-04-07,False,0.009415667038410902,0.0,30875.576337857638,feb_dec_output,registered_boundary_E_INITIAL_6000,8,2025-04-09,nan,True,"{""q"": [144], ""emergency"": [144], ""terminal_value"": [], ""x"": [144], ""soc"": [145], ""charge"": [144], ""discharge"": [144], ""curtailment"": [144]}"
2025-04-13,33856.983284516886,5207.259251624117,39064.242536141,56805.56169224472,c676099e92ba08ca2ea5b0ac569e418b020310cad0ce3d1274dcd0e270f84825,54631.189857765756,2174.371834478963,1546.7268232443348,46.40630000000003,8506.800228068763,8478.042879491744,1.6342482922482304e-13,0.0,0.0,0.014918826935980987,2.148311078781262,True,False,False,m2,0.6,8,934.7348249999992,False,False,2025-03-16;2025-03-23;2025-03-30;2025-04-06,2025-04-06;2025-04-07;2025-04-08;2025-04-09;2025-04-10;2025-04-11;2025-04-12,2025-04-12,2025-03-20;2025-03-28;2025-03-29;2025-03-31;2025-04-01;2025-04-02;2025-04-04;2025-04-07,False,0.010122083011083305,0.0,30334.360489632818,feb_dec_output,registered_boundary_E_INITIAL_6000,8,2025-04-09,nan,True,"{""q"": [144], ""emergency"": [144], ""terminal_value"": [], ""x"": [144], ""soc"": [145], ""charge"": [144], ""discharge"": [144], ""curtailment"": [144]}"
2025-04-14,33408.75737161965,4959.460677611078,38368.21804923072,56435.44992238435,6ed224c482c0053f5b76eaa0979f3676020cd4b5d259ae57452194c76b2c63f5,53717.230214614494,2718.2197077698515,1581.2839264850904,906.0759390902772,8478.042879491744,8449.850947851048,1.6342482922482304e-13,0.0,0.0,0.01477773495045969,2.1279938328661956,True,False,False,m2,0.6,8,810.5258499999989,False,False,2025-03-17;2025-03-24;2025-03-31;2025-04-07,2025-04-07;2025-04-08;2025-04-09;2025-04-10;2025-04-11;2025-04-12;2025-04-13,2025-04-13,2025-03-20;2025-03-28;2025-03-29;2025-03-31;2025-04-01;2025-04-02;2025-04-04;2025-04-07,False,0.010332832986023277,0.0,30576.581827497852,feb_dec_output,registered_boundary_E_INITIAL_6000,8,2025-04-09,nan,True,"{""q"": [144], ""emergency"": [144], ""terminal_value"": [], ""x"": [144], ""soc"": [145], ""charge"": [144], ""discharge"": [144], ""curtailment"": [144]}"
2025-04-15,33435.81029837063,6407.621926863579,39843.4322252342,56308.49898592112,47c4db3b4b87f04f691803de046a4d5e59de7fbd137c4816893fead3d99a1fbd,53495.931069606944,2812.5679163141767,1884.97891722866,3379.6427847355444,8449.850947851048,8484.92866007708,1.1368683772161603e-13,0.0,0.0,0.014121682283681972,2.033522248850204,True,False,False,m2,0.6,8,859.2103999999998,False,False,2025-03-18;2025-03-25;2025-04-01;2025-04-08,2025-04-08;2025-04-09;2025-04-10;2025-04-11;2025-04-12;2025-04-13;2025-04-14,2025-04-14,2025-03-19;2025-03-20;2025-03-24;2025-03-31;2025-04-01;2025-04-02;2025-04-04;2025-04-07,False,0.01000337500590831,0.0,30233.890875692072,feb_dec_output,registered_boundary_E_INITIAL_6000,8,2025-04-09,nan,True,"{""q"": [144], ""emergency"": [144], ""terminal_value"": [], ""x"": [144], ""soc"": [145], ""charge"": [144], ""discharge"": [144], ""curtailment"": [144]}"
2025-04-16,33300.4520727255,9903.16938504596,43203.621457771456,56058.57910660311,208a714d27b6fd756a5ac6cc1ae5f11b14e43f73c6dc622d6e7269febf5a0eb7,54036.71487464714,2021.864231955964,3490.7922368107656,14.100966666666666,8484.92866007708,8332.931946546863,1.1368683772161603e-13,0.0,0.0,0.014065193272270134,2.025387831206899,True,False,False,m2,0.6,8,678.9927583333325,False,False,2025-03-19;2025-03-26;2025-04-02;2025-04-09,2025-04-09;2025-04-10;2025-04-11;2025-04-12;2025-04-13;2025-04-14;2025-04-15,2025-04-15,2025-03-20;2025-03-24;2025-03-28;2025-03-31;2025-04-01;2025-04-02;2025-04-04;2025-04-15,False,0.009638332994654775,0.0,30164.538122487822,feb_dec_output,registered_boundary_E_INITIAL_6000,8,2025-04-09,nan,True,"{""q"": [144], ""emergency"": [144], ""terminal_value"": [], ""x"": [144], ""soc"": [145], ""charge"": [144], ""discharge"": [144], ""curtailment"": [144]}"
2025-04-17,30788.40018718988,6035.84028542548,36824.24047261536,50224.59269978731,17d3ebd20dc8b8897037f33048f81bd4db5d98ebd6325f7adebd88a9aa7e75d0,48119.014606518125,2105.5780932691846,1629.9853201168448,395.69509431268153,8332.931946546863,3208.809472641119,2.2737367544323206e-13,0.0,0.0,0.014027604144858843,2.0199749968596734,True,False,False,m2,0.6,8,964.7998999999998,False,False,2025-03-20;2025-03-27;2025-04-03;2025-04-10,2025-04-10;2025-04-11;2025-04-12;2025-04-13;2025-04-14;2025-04-15;2025-04-16,2025-04-16,2025-03-20;2025-03-24;2025-03-28;2025-03-31;2025-04-01;2025-04-02;2025-04-04;2025-04-15,False,0.009248874965123832,0.0,12158.875984454127,feb_dec_output,registered_boundary_E_INITIAL_6000,8,2025-04-09,nan,True,"{""q"": [144], ""emergency"": [144], ""terminal_value"": [], ""x"": [144], ""soc"": [145], ""charge"": [144], ""discharge"": [144], ""curtailment"": [144]}"
2025-04-18,12752.820797978226,1720.2885199081759,14473.109317886401,25839.174018980695,042e8dd0cf71cbfa0a9f0e4177240755b3d00041add63f434e7e4c7b70a34cc3,25162.540771992026,676.6332469886704,497.1688319174581,18088.744025506778,3208.809472641119,3141.770273287513,5.684341886080802e-14,0.0,0.0,0.013689412661834568,1.9712754233041778,True,False,False,m2,0.6,8,1145.5602833333326,False,False,2025-03-21;2025-03-28;2025-04-04;2025-04-11,2025-04-11;2025-04-12;2025-04-13;2025-04-14;2025-04-15;2025-04-16;2025-04-17,2025-04-17,2025-03-28;2025-03-31;2025-04-01;2025-04-02;2025-04-04;2025-04-10;2025-04-15;2025-04-16,False,0.009611750021576881,0.0,12265.35626764739,feb_dec_output,registered_boundary_E_INITIAL_6000,8,2025-04-09,nan,True,"{""q"": [144], ""emergency"": [144], ""terminal_value"": [], ""x"": [144], ""soc"": [145], ""charge"": [144], ""discharge"": [144], ""curtailment"": [144]}"
2025-04-19,15177.772880644272,340.8925479726317,15518.665428616903,31730.262649335786,b0fb39a2439af5505f66243f41648864314bac45be05216574fa9574eb94abf3,30732.48600150982,997.7766478259657,94.28655852016283,17100.807266689408,3141.770273287513,8491.52762237424,1.1368683772161603e-13,0.0,0.0,0.013831633914378472,1.9917552836705,True,False,False,m2,0.6,8,1145.5602833333326,False,False,2025-03-22;2025-03-29;2025-04-05;2025-04-12,2025-04-12;2025-04-13;2025-04-14;2025-04-15;2025-04-16;2025-04-17;2025-04-18,2025-04-18,2025-03-28;2025-03-31;2025-04-01;2025-04-02;2025-04-04;2025-04-10;2025-04-15;2025-04-16,False,0.00913012499222532,0.0,29845.356708789026,feb_dec_output,registered_boundary_E_INITIAL_6000,8,2025-04-09,nan,True,"{""q"": [144], ""emergency"": [144], ""terminal_value"": [], ""x"": [144], ""soc"": [145], ""charge"": [144], ""discharge"": [144], ""curtailment"": [144]}"
2025-04-20,32683.35171654165,5032.321710327284,37715.67342686893,54870.20822661916,f66d70ed3a42425dd77f02f20842fe474b9cd45d6ed4b0e411cc96ad1811ddde,52895.6399928507,1974.5682337684523,1603.4027540383606,498.85703333009775,8491.52762237424,8646.986196672406,1.4566126083082054e-13,0.0,0.0,0.017342128442881705,2.4972664957749657,True,False,False,m2,0.6,8,1005.4984416666662,False,False,2025-03-23;2025-03-30;2025-04-06;2025-04-13,2025-04-13;2025-04-14;2025-04-15;2025-04-16;2025-04-17;2025-04-18;2025-04-19,2025-04-19,2025-03-25;2025-03-28;2025-03-31;2025-04-01;2025-04-02;2025-04-04;2025-04-10;2025-04-15,False,0.009638458024710417,0.0,29271.419299412635,feb_dec_output,registered_boundary_E_INITIAL_6000,8,2025-04-09,nan,True,"{""q"": [144], ""emergency"": [144], ""terminal_value"": [], ""x"": [144], ""soc"": [145], ""charge"": [144], ""discharge"": [144], ""curtailment"": [144]}"
2025-04-21,32303.507211637614,2423.3940997118975,34726.90131134951,54201.63812331659,4f7132676e8e0bfdd593599ac4714abcfcc1650e1113f5eeb9c05f73fb716044,51747.419179658995,2454.218943657599,832.7658124141635,2629.50386561409,8646.986196672406,8323.104058635556,1.4210854715202004e-13,0.0,0.0,0.014876945040062614,2.1422800857690163,True,False,False,m2,0.6,8,1078.2106166666663,False,False,2025-03-24;2025-03-31;2025-04-07;2025-04-14,2025-04-14;2025-04-15;2025-04-16;2025-04-17;2025-04-18;2025-04-19;2025-04-20,2025-04-20,2025-03-25;2025-03-28;2025-03-31;2025-04-01;2025-04-02;2025-04-10;2025-04-11;2025-04-15,False,0.010760249977465719,0.0,29599.83959858014,feb_dec_output,registered_boundary_E_INITIAL_6000,8,2025-04-09,nan,True,"{""q"": [144], ""emergency"": [144], ""terminal_value"": [], ""x"": [144], ""soc"": [145], ""charge"": [144], ""discharge"": [144], ""curtailment"": [144]}"
2025-04-22,32523.343432260044,7964.809351440073,40488.15278370012,54141.73985139827,46514c8e5771e43b6187c4356ffe68e25119e6e30e75fe5243ec4ded07ccd0ff,51968.73656473155,2173.003286666717,2744.301664857984,727.3982643960945,8323.104058635556,8335.004827813877,1.2168044349891716e-13,0.0,0.0,0.014032418991620135,2.0206683347932994,True,False,False,m2,0.6,8,1103.5040166666668,False,False,2025-03-25;2025-04-01;2025-04-08;2025-04-15,2025-04-15;2025-04-16;2025-04-17;2025-04-18;2025-04-19;2025-04-20;2025-04-21,2025-04-21,2025-03-25;2025-03-28;2025-03-31;2025-04-01;2025-04-02;2025-04-10;2025-04-11;2025-04-15,False,0.010145542037207633,0.0,29424.17870167315,feb_dec_output,registered_boundary_E_INITIAL_6000,8,2025-04-09,nan,True,"{""q"": [144], ""emergency"": [144], ""terminal_value"": [], ""x"": [144], ""soc"": [145], ""charge"": [144], ""discharge"": [144], ""curtailment"": [144]}"
2025-04-23,32144.721122503823,6650.007420766281,38794.7285432701,53480.67661137066,dc1c349c32f0b59817fc705b62a07cb7a2a7199f28471c74484d0ef7e0068153,51902.11920228788,1578.5574090827745,2438.398924053167,1013.4910939831308,8335.004827813877,8438.850236496755,1.2612133559741778e-13,0.0,0.0,0.014313915773527697,2.0612038713879883,True,False,False,m3,0.6,8,1347.9125209523781,False,False,2025-03-26;2025-04-02;2025-04-09;2025-04-16,2025-04-16;2025-04-17;2025-04-18;2025-04-19;2025-04-20;2025-04-21;2025-04-22,2025-04-22,2025-03-27;2025-03-28;2025-03-31;2025-04-01;2025-04-02;2025-04-11;2025-04-15;2025-04-16,False,0.00892279198160395,0.0,28981.0281908458,feb_dec_output,registered_boundary_E_INITIAL_6000,8,2025-04-23,nan,True,"{""q"": [144], ""emergency"": [144], ""terminal_value"": [], ""x"": [144], ""soc"": [145], ""charge"": [144], ""discharge"": [144], ""curtailment"": [144]}"
2025-04-24,29170.288182645287,1457.7270774495562,30628.015260094842,46746.29233047222,a7abaf60781a669ca82ee43045abf06170a699306155dbfd18c6ced95eb59e20,44758.002314809244,1988.2900156629703,345.3374349904594,2432.914125714994,8438.850236496755,2552.2415233076968,1.4210854715202004e-13,0.0,0.0,0.014108379931308769,2.0316067101084627,True,False,False,m3,0.6,8,1314.2305404761862,False,False,2025-03-27;2025-04-03;2025-04-10;2025-04-17,2025-04-17;2025-04-18;2025-04-19;2025-04-20;2025-04-21;2025-04-22;2025-04-23,2025-04-23,2025-03-27;2025-03-28;2025-04-01;2025-04-02;2025-04-07;2025-04-11;2025-04-16;2025-04-22,False,0.009298958000726998,0.0,11920.846690780532,feb_dec_output,registered_boundary_E_INITIAL_6000,8,2025-04-23,nan,True,"{""q"": [144], ""emergency"": [144], ""terminal_value"": [], ""x"": [144], ""soc"": [145], ""charge"": [144], ""discharge"": [144], ""curtailment"": [144]}"
2025-04-25,12216.617915877669,242.60361299951362,12459.221528877182,25056.950168069714,15efb782481e1f7784877f67c684a214ce5bcc51074a9993ef3e4ea4c09e5063,24026.635049907673,1030.315118162041,66.6262128398759,21109.016395755098,2552.2415233076968,2314.026031507055,1.1368683772161603e-13,0.0,0.0,0.014245140576854788,2.0513002430670895,True,False,False,m3,0.6,8,1194.2126288095214,False,False,2025-03-28;2025-04-04;2025-04-11;2025-04-18,2025-04-18;2025-04-19;2025-04-20;2025-04-21;2025-04-22;2025-04-23;2025-04-24,2025-04-24,2025-03-28;2025-04-01;2025-04-02;2025-04-05;2025-04-07;2025-04-10;2025-04-11;2025-04-22,False,0.009901457990054041,0.0,11863.973942195851,feb_dec_output,registered_boundary_E_INITIAL_6000,8,2025-04-23,nan,True,"{""q"": [144], ""emergency"": [144], ""terminal_value"": [], ""x"": [144], ""soc"": [145], ""charge"": [144], ""discharge"": [144], ""curtailment"": [144]}"
2025-04-26,14633.84035854831,7821.086116024309,22454.926474572618,31061.657865458514,a64fe8fed77a4ad6e15f638b9d4ee7e2127b650ec0be964b189c23bba837ba83,30332.98290932712,728.6749561313989,2116.1874842934717,25430.943364801456,2314.026031507055,7788.231233615029,1.1368683772161603e-13,0.0,0.0,0.014961919548821041,2.15451641503023,True,False,False,m3,0.6,8,1314.9197411904736,False,False,2025-03-29;2025-04-05;2025-04-12;2025-04-19,2025-04-19;2025-04-20;2025-04-21;2025-04-22;2025-04-23;2025-04-24;2025-04-25,2025-04-25,2025-04-01;2025-04-02;2025-04-05;2025-04-07;2025-04-08;2025-04-11;2025-04-14;2025-04-22,False,0.009987875004298985,0.0,27302.906795799172,feb_dec_output,registered_boundary_E_INITIAL_6000,8,2025-04-23,nan,True,"{""q"": [144], ""emergency"": [144], ""terminal_value"": [], ""x"": [144], ""soc"": [145], ""charge"": [144], ""discharge"": [144], ""curtailment"": [144]}"
2025-04-27,29877.387634678344,11899.104244117067,41776.49187879541,49806.786824020346,a37b692880b9625827ae5aed0a10ef642d954c6839b6d42b7dd82c68f2ca07c6,49157.13311188518,649.6537121351639,2761.589843498611,1901.9044871940548,7788.231233615029,7448.430508552673,1.4921397450962104e-13,0.0,0.0,0.01765597455475169,2.5424603358842432,True,False,False,m3,0.6,8,1084.0870765476166,False,False,2025-03-30;2025-04-06;2025-04-13;2025-04-20,2025-04-20;2025-04-21;2025-04-22;2025-04-23;2025-04-24;2025-04-25;2025-04-26,2025-04-26,2025-04-01;2025-04-06;2025-04-07;2025-04-11;2025-04-16;2025-04-19;2025-04-22;2025-04-26,False,0.00931816705269739,0.0,27531.78240764087,feb_dec_output,registered_boundary_E_INITIAL_6000,8,2025-04-23,nan,True,"{""q"": [144], ""emergency"": [144], ""terminal_value"": [], ""x"": [144], ""soc"": [145], ""charge"": [144], ""discharge"": [144], ""curtailment"": [144]}"
2025-04-28,30523.236544934105,26152.4415880621,56675.67813299621,50852.16177397406,d795005b95c74e88750a14f9d179b9a2ae7a3fd5ac98687900c4e86ca3829386,50251.20161704388,600.9601569301816,8342.347129201413,137.12014999999997,7448.430508552673,7506.831831473886,1.3500311979441904e-13,0.0,0.0,0.01563492655703966,2.251429424213711,True,False,False,m3,0.6,8,1084.155127738094,False,False,2025-03-31;2025-04-07;2025-04-14;2025-04-21,2025-04-21;2025-04-22;2025-04-23;2025-04-24;2025-04-25;2025-04-26;2025-04-27,2025-04-27,2025-04-01;2025-04-06;2025-04-07;2025-04-11;2025-04-16;2025-04-19;2025-04-22;2025-04-26,False,0.011460417008493096,0.0,27758.484823615243,feb_dec_output,registered_boundary_E_INITIAL_6000,8,2025-04-23,nan,True,"{""q"": [144], ""emergency"": [144], ""terminal_value"": [], ""x"": [144], ""soc"": [145], ""charge"": [144], ""discharge"": [144], ""curtailment"": [144]}"
2025-04-29,31597.64310419739,5678.62013805678,37276.263242254165,52733.41549499474,d5132d4f687be39c34da275be314ec4bea4d738ce10c50035c70ef714b72dfc4,51599.00998286196,1134.4055121327885,1519.720732828794,3078.820838324683,7506.831831473886,8409.329517620386,1.545430450278218e-13,0.0,0.0,0.015452590555570269,2.225173040002119,True,False,False,m3,0.6,8,1008.2240092857112,False,False,2025-04-01;2025-04-08;2025-04-15;2025-04-22,2025-04-22;2025-04-23;2025-04-24;2025-04-25;2025-04-26;2025-04-27;2025-04-28,2025-04-28,2025-04-01;2025-04-02;2025-04-06;2025-04-11;2025-04-15;2025-04-17;2025-04-19;2025-04-28,False,0.01069141598418355,0.0,28272.568658629254,feb_dec_output,registered_boundary_E_INITIAL_6000,8,2025-04-23,nan,True,"{""q"": [144], ""emergency"": [144], ""terminal_value"": [], ""x"": [144], ""soc"": [145], ""charge"": [144], ""discharge"": [144], ""curtailment"": [144]}"
2025-04-30,30786.14092764897,6368.214711365284,37154.355639014255,51146.898721667545,a89351f95fc257bbd16bb2c0124cf4ec8f8bd8c53097cda8f9890d7bb0865802,48657.82789270846,2489.0708289590725,2641.1827900805492,1970.6149451525941,8409.329517620386,7778.707488133221,1.1368683772161603e-13,0.0,0.0,0.014936045716846516,2.1507905832258984,True,False,False,m3,0.6,8,990.2664034523782,False,False,2025-04-02;2025-04-09;2025-04-16;2025-04-23,2025-04-23;2025-04-24;2025-04-25;2025-04-26;2025-04-27;2025-04-28;2025-04-29,2025-04-29,2025-04-06;2025-04-08;2025-04-11;2025-04-13;2025-04-15;2025-04-16;2025-04-23;2025-04-28,False,0.010251333005726337,0.0,28095.134241254054,feb_dec_output,registered_boundary_E_INITIAL_6000,8,2025-04-23,nan,True,"{""q"": [144], ""emergency"": [144], ""terminal_value"": [], ""x"": [144], ""soc"": [145], ""charge"": [144], ""discharge"": [144], ""curtailment"": [144]}"
2025-05-01,28214.28264381233,18597.373271605695,46811.65591541803,45164.102315484655,ec2d5cea17517b7aff2c12f2145d84bea8a6d0e6aabfde38d8ad97ce8a784bf0,44261.77485556899,902.327459915663,3537.514215604713,1757.990341682551,7778.707488133221,1325.7779702947748,1.580957587066223e-13,0.0,0.0,0.014455880160514627,2.0816467431141064,True,False,False,m3,0.6,8,866.3508333333311,False,False,2025-04-03;2025-04-10;2025-04-17;2025-04-24,2025-04-24;2025-04-25;2025-04-26;2025-04-27;2025-04-28;2025-04-29;2025-04-30,2025-04-30,2025-04-06;2025-04-08;2025-04-11;2025-04-13;2025-04-15;2025-04-16;2025-04-28;2025-04-30,False,0.009867334039881825,0.0,11526.60630688191,feb_dec_output,registered_boundary_E_INITIAL_6000,8,2025-04-23,nan,True,"{""q"": [144], ""emergency"": [144], ""terminal_value"": [], ""x"": [144], ""soc"": [145], ""charge"": [144], ""discharge"": [144], ""curtailment"": [144]}"
2025-05-02,12334.87607382335,26428.126837619726,38763.00291144308,25664.590849413096,adb323a3c99f20fa4fedf041c7c6bcece1f27e62dd3426c5ad85afc9772638b1,25341.32876792395,323.2620814891424,6240.450272726255,15808.086164492703,1325.7779702947748,1559.4515645839128,1.1368683772161603e-13,0.0,0.0,0.014250214687005306,2.052030914928764,True,False,False,m3,0.6,8,866.350813095236,False,False,2025-04-04;2025-04-11;2025-04-18;2025-04-25,2025-04-25;2025-04-26;2025-04-27;2025-04-28;2025-04-29;2025-04-30;2025-05-01,2025-05-01,2025-04-06;2025-04-08;2025-04-11;2025-04-13;2025-04-15;2025-04-16;2025-04-28;2025-04-30,False,0.009257833007723093,0.0,11553.94383333424,feb_dec_output,registered_boundary_E_INITIAL_6000,8,2025-04-23,nan,True,"{""q"": [144], ""emergency"": [144], ""terminal_value"": [], ""x"": [144], ""soc"": [145], ""charge"": [144], ""discharge"": [144], ""curtailment"": [144]}"
2025-05-03,15783.079685159222,15098.724729639025,30881.804414798247,32820.56617668562,d6b2198d4a0119c04ad632114d6d2de860e29acff1a42d23092364bd4dae2b07,32130.8940220395,689.6721546461198,3419.7183750305103,18778.55563581233,1559.4515645839128,7909.469018274053,1.1368683772161603e-13,0.0,0.0,0.013647163194238802,1.9651914999703877,True,False,False,m3,0.6,8,1494.781325595236,False,False,2025-04-05;2025-04-12;2025-04-19;2025-04-26,2025-04-26;2025-04-27;2025-04-28;2025-04-29;2025-04-30;2025-05-01;2025-05-02,2025-05-02,2025-04-06;2025-04-11;2025-04-13;2025-04-15;2025-04-17;2025-04-19;2025-04-30;2025-05-02,False,0.009275250020436943,0.0,28473.640225946685,feb_dec_output,registered_boundary_E_INITIAL_6000,8,2025-04-23,nan,True,"{""q"": [144], ""emergency"": [144], ""terminal_value"": [], ""x"": [144], ""soc"": [145], ""charge"": [144], ""discharge"": [144], ""curtailment"": [144]}"
2025-05-04,31573.480921991,15217.922061561516,46791.402983552514,53320.5288327537,6e8297157260e9e5f9967466e97d10115d87677737222b4c99d2a923456dea64,51630.62819774487,1689.9006350088341,3288.8258379832455,1716.7625892320182,7909.469018274053,7698.801894105709,1.1368683772161603e-13,0.0,0.0,0.014650372663810331,2.1096536635886878,True,False,False,m3,0.6,8,997.2787733333332,False,False,2025-04-06;2025-04-13;2025-04-20;2025-04-27,2025-04-27;2025-04-28;2025-04-29;2025-04-30;2025-05-01;2025-05-02;2025-05-03,2025-05-03,2025-04-06;2025-04-09;2025-04-11;2025-04-13;2025-04-15;2025-04-19;2025-04-28;2025-04-30,False,0.009667541016824543,0.0,28641.03617381408,feb_dec_output,registered_boundary_E_INITIAL_6000,8,2025-04-23,nan,True,"{""q"": [144], ""emergency"": [144], ""terminal_value"": [], ""x"": [144], ""soc"": [145], ""charge"": [144], ""discharge"": [144], ""curtailment"": [144]}"
2025-05-05,31974.562427980887,21171.06027034441,53145.6226983253,53381.85962497947,794fe1e459cbfa761caeef2b75b28cd86dd17b667facbebbff0eef8ddd865017,52105.9970467446,1275.8625782348724,4667.981780870831,0.0,7698.801894105709,7569.390261511335,1.1368683772161603e-13,0.0,0.0,0.0153483937914037,2.2101687059621327,True,False,False,m3,0.6,8,1707.3586348809508,False,False,2025-04-07;2025-04-14;2025-04-21;2025-04-28,2025-04-28;2025-04-29;2025-04-30;2025-05-01;2025-05-02;2025-05-03;2025-05-04,2025-05-04,2025-04-09;2025-04-11;2025-04-15;2025-04-19;2025-04-22;2025-04-25;2025-04-27;2025-04-28,False,0.010632416000589728,0.0,28569.20063222984,feb_dec_output,registered_boundary_E_INITIAL_6000,8,2025-04-23,nan,True,"{""q"": [144], ""emergency"": [144], ""terminal_value"": [], ""x"": [144], ""soc"": [145], ""charge"": [144], ""discharge"": [144], ""curtailment"": [144]}"
2025-05-06,31843.613159664386,14915.867610050685,46759.48076971507,53528.39632028356,0ee5226cafc6f37e630eb1f9564768ea3fd729333d35f3f0bd02b3e96e8c16dc,52412.976814574096,1115.4195057094557,3276.2976464541807,979.6044688812015,7569.390261511335,7521.532345192696,2.2737367544323206e-13,0.0,0.0,0.016141370957888687,2.324357417935971,True,False,False,m3,0.6,8,1371.7329392857118,False,False,2025-04-08;2025-04-15;2025-04-22;2025-04-29,2025-04-29;2025-04-30;2025-05-01;2025-05-02;2025-05-03;2025-05-04;2025-05-05,2025-05-05,2025-04-09;2025-04-11;2025-04-15;2025-04-19;2025-04-22;2025-04-25;2025-04-27;2025-04-28,False,0.010109833034221083,0.0,28536.85565015928,feb_dec_output,registered_boundary_E_INITIAL_6000,8,2025-04-23,nan,True,"{""q"": [144], ""emergency"": [144], ""terminal_value"": [], ""x"": [144], ""soc"": [145], ""charge"": [144], ""discharge"": [144], ""curtailment"": [144]}"
2025-05-07,31859.656461367285,21774.662281124023,53634.318742491305,53746.59171362805,a4f4383fffac97968ff98cd6718c8060ca816fc06d7d701a0a786b22ea32a06d,52473.946191869,1272.6455217590424,4957.864501205753,300.4129602697118,7521.532345192696,7720.610057006179,1.7053025658242404e-13,0.0,0.0,0.015311482389531901,2.2048534640925936,True,False,False,m3,0.6,8,1371.7329392857112,False,False,2025-04-09;2025-04-16;2025-04-23;2025-04-30,2025-04-30;2025-05-01;2025-05-02;2025-05-03;2025-05-04;2025-05-05;2025-05-06,2025-05-06,2025-04-09;2025-04-11;2025-04-15;2025-04-19;2025-04-22;2025-04-25;2025-04-27;2025-04-28,False,0.010229916020762175,0.0,29436.920418994556,feb_dec_output,registered_boundary_E_INITIAL_6000,8,2025-05-07,nan,True,"{""q"": [144], ""emergency"": [144], ""terminal_value"": [], ""x"": [144], ""soc"": [145], ""charge"": [144], ""discharge"": [144], ""curtailment"": [144]}"
2025-05-08,30361.531264681285,17499.3186594057,47860.849924086986,48249.819617731526,29fa9445676b3af6a48f7a85be808bf5a9c5b2ca66f0474774169fb2191cd01e,47010.10318094937,1239.7164367821495,5170.923777362819,531.1334585154777,7720.610057006179,2022.781700754268,2.2737367544323206e-13,0.0,0.0,0.01477322278515203,2.127344081061892,True,False,False,m3,0.6,8,1487.7182465476167,False,False,2025-04-10;2025-04-17;2025-04-24;2025-05-01,2025-05-01;2025-05-02;2025-05-03;2025-05-04;2025-05-05;2025-05-06;2025-05-07,2025-05-07,2025-04-11;2025-04-19;2025-04-22;2025-04-25;2025-04-26;2025-04-27;2025-04-28;2025-04-29,False,0.010319000051822513,0.0,12984.611341061034,feb_dec_output,registered_boundary_E_INITIAL_6000,8,2025-05-07,nan,True,"{""q"": [144], ""emergency"": [144], ""terminal_value"": [], ""x"": [144], ""soc"": [145], ""charge"": [144], ""discharge"": [144], ""curtailment"": [144]}"
2025-05-09,13247.32218283833,9168.393840480257,22415.716023318586,26531.022768165287,7a5aa3fc8bd8f019ddf6f57e242cd465b03810e8bc9700f3af2e2fcd2655c171,25767.881307845753,763.1414603195308,2108.507865002052,17828.47662592902,2022.781700754268,2357.6174680399295,1.1368683772161603e-13,0.0,0.0,0.014130290180118108,2.0347617859370075,True,False,False,m3,0.6,8,1322.7818105952358,False,False,2025-04-11;2025-04-18;2025-04-25;2025-05-02,2025-05-02;2025-05-03;2025-05-04;2025-05-05;2025-05-06;2025-05-07;2025-05-08,2025-05-08,2025-04-11;2025-04-15;2025-04-19;2025-04-22;2025-04-25;2025-04-27;2025-04-28;2025-04-30,False,0.00923441699706018,0.0,12722.85869289613,feb_dec_output,registered_boundary_E_INITIAL_6000,8,2025-05-07,nan,True,"{""q"": [144], ""emergency"": [144], ""terminal_value"": [], ""x"": [144], ""soc"": [145], ""charge"": [144], ""discharge"": [144], ""curtailment"": [144]}"
2025-05-10,15988.426328849644,12475.009662203092,28463.435991052735,32770.04905042073,bcc3f31cef595dc69974146c320fc1b612628db6a480ef3432ac8c9a2f2a4fae,32011.992616407428,758.0564340133031,3040.091130696759,15895.710614980184,2357.6174680399295,7876.190580597012,1.1368683772161603e-13,0.0,0.0,0.01308480237720586,1.8842115423176438,True,False,False,m3,0.6,8,1506.1353838095206,False,False,2025-04-12;2025-04-19;2025-04-26;2025-05-03,2025-05-03;2025-05-04;2025-05-05;2025-05-06;2025-05-07;2025-05-08;2025-05-09,2025-05-09,2025-04-19;2025-04-22;2025-04-24;2025-04-25;2025-04-26;2025-04-27;2025-04-28;2025-04-29,False,0.008727499982342124,0.0,29448.281621884435,feb_dec_output,registered_boundary_E_INITIAL_6000,8,2025-05-07,nan,True,"{""q"": [144], ""emergency"": [144], ""terminal_value"": [], ""x"": [144], ""soc"": [145], ""charge"": [144], ""discharge"": [144], ""curtailment"": [144]}"
2025-05-11,33280.225927317864,14657.222918100426,47937.44884541829,55817.716837578875,f0a5ae04915fca64e007bdfb826ee86bdc354db17d70b5a9332ccfd58730ee39,54698.78896358946,1118.9278739894148,3778.2830194878456,1103.619220072222,7876.190580597012,8016.9107904701195,1.616484723854228e-13,0.0,0.0,0.01451534579124806,2.090209793939721,True,False,False,m3,0.6,8,1370.7304714285683,False,False,2025-04-13;2025-04-20;2025-04-27;2025-05-04,2025-05-04;2025-05-05;2025-05-06;2025-05-07;2025-05-08;2025-05-09;2025-05-10,2025-05-10,2025-04-15;2025-04-19;2025-04-22;2025-04-24;2025-04-25;2025-04-27;2025-04-28;2025-05-10,False,0.010134000040125102,0.0,30053.014906660632,feb_dec_output,registered_boundary_E_INITIAL_6000,8,2025-05-07,nan,True,"{""q"": [144], ""emergency"": [144], ""terminal_value"": [], ""x"": [144], ""soc"": [145], ""charge"": [144], ""discharge"": [144], ""curtailment"": [144]}"
2025-05-12,33490.8233649491,9303.103861761192,42793.92722671029,56278.23818197567,d74bc62e6fa6b7f13b9db3cf5d22ff9c098421c06e6f5fe61591f0b3fbe90549,55215.164693205865,1063.0734887698059,1807.5786168497043,3259.184627650418,8016.9107904701195,8257.787569210992,2.2737367544323206e-13,0.0,0.0,0.015263887482029127,2.1979997974121943,True,False,False,m3,0.6,8,1580.2052055952345,False,False,2025-04-14;2025-04-21;2025-04-28;2025-05-05,2025-05-05;2025-05-06;2025-05-07;2025-05-08;2025-05-09;2025-05-10;2025-05-11,2025-05-11,2025-04-16;2025-04-17;2025-04-19;2025-04-22;2025-04-24;2025-04-26;2025-04-28;2025-04-29,False,0.010981125000398606,0.0,30071.774361370917,feb_dec_output,registered_boundary_E_INITIAL_6000,8,2025-05-07,nan,True,"{""q"": [144], ""emergency"": [144], ""terminal_value"": [], ""x"": [144], ""soc"": [145], ""charge"": [144], ""discharge"": [144], ""curtailment"": [144]}"
2025-05-13,32901.84072185761,6311.22599444038,39213.06671629799,54906.790667794136,cfb7bc3b9fd7f1aaa06094ebce56df96e0d2d1d906c89911fbf87086172dbf06,53879.00126849968,1027.7893992944544,1197.453346959352,222.024172797755,8257.787569210992,8233.374665841045,2.2737367544323206e-13,0.0,0.0,0.014441726228849601,2.0796085769543424,True,False,False,m3,0.6,8,1602.346560357139,False,False,2025-04-15;2025-04-22;2025-04-29;2025-05-06,2025-05-06;2025-05-07;2025-05-08;2025-05-09;2025-05-10;2025-05-11;2025-05-12,2025-05-12,2025-04-15;2025-04-16;2025-04-19;2025-04-22;2025-04-24;2025-04-27;2025-04-28;2025-05-12,False,0.00992483296431601,0.0,29934.2718799296,feb_dec_output,registered_boundary_E_INITIAL_6000,8,2025-05-07,nan,True,"{""q"": [144], ""emergency"": [144], ""terminal_value"": [], ""x"": [144], ""soc"": [145], ""charge"": [144], ""discharge"": [144], ""curtailment"": [144]}"
2025-05-14,32937.57202258278,7789.582589183943,40727.154611766724,54914.295287882705,a54ba62b2bfb642eda65cee9633dcb79c9dff2f75e4a341563e3fde50e9464c9,53660.7836255152,1253.5116623674994,1745.981403663838,939.7024870165232,8233.374665841045,7977.574091185253,1.3677947663381929e-13,0.0,0.0,0.014437110228755046,2.0789438729407266,True,False,False,m3,0.6,8,2343.4570374999957,False,False,2025-04-16;2025-04-23;2025-04-30;2025-05-07,2025-05-07;2025-05-08;2025-05-09;2025-05-10;2025-05-11;2025-05-12;2025-05-13,2025-05-13,2025-04-17;2025-04-22;2025-04-26;2025-04-28;2025-04-29;2025-05-10;2025-05-12;2025-05-13,False,0.009946834004949778,0.0,30421.048078922588,feb_dec_output,registered_boundary_E_INITIAL_6000,8,2025-05-07,nan,True,"{""q"": [144], ""emergency"": [144], ""terminal_value"": [], ""x"": [144], ""soc"": [145], ""charge"": [144], ""discharge"": [144], ""curtailment"": [144]}"
2025-05-15,30604.272236169643,7879.032973122234,38483.30520929188,48401.20266831716,89042b2559bbb02b45b8af65acb7d3616c4590aae4ded37232e4ef5550badcc2,47496.8648607325,904.3378075846595,2001.5564891225088,1110.6348627511672,7977.574091185253,2182.3163609432427,2.2737367544323206e-13,0.0,0.0,0.01379495923538343,1.986474129895214,True,False,False,m3,0.6,8,2343.457037499996,False,False,2025-04-17;2025-04-24;2025-05-01;2025-05-08,2025-05-08;2025-05-09;2025-05-10;2025-05-11;2025-05-12;2025-05-13;2025-05-14,2025-05-14,2025-04-17;2025-04-22;2025-04-26;2025-04-28;2025-04-29;2025-05-10;2025-05-12;2025-05-13,False,0.009515915997326374,0.0,13262.451898193432,feb_dec_output,registered_boundary_E_INITIAL_6000,8,2025-05-07,nan,True,"{""q"": [144], ""emergency"": [144], ""terminal_value"": [], ""x"": [144], ""soc"": [145], ""charge"": [144], ""discharge"": [144], ""curtailment"": [144]}"
2025-05-16,13682.672088659872,2489.393845786262,16172.065934446135,26358.576445234074,83f5b030f815783cac4055dd31f8107295717733aa53fa585826ffccfed7e1e7,24953.614629345884,1404.9618158881872,617.6792044113374,22264.36253487364,2182.3163609432427,1581.3960635892304,1.1368683772161603e-13,0.0,0.0,0.014899939520950688,2.145591291016899,True,False,False,m3,0.6,8,2662.7238184523767,False,False,2025-04-18;2025-04-25;2025-05-02;2025-05-09,2025-05-09;2025-05-10;2025-05-11;2025-05-12;2025-05-13;2025-05-14;2025-05-15,2025-05-15,2025-04-22;2025-04-26;2025-04-27;2025-04-28;2025-04-29;2025-05-10;2025-05-12;2025-05-13,False,0.009633915964514017,0.0,13579.489715691761,feb_dec_output,registered_boundary_E_INITIAL_6000,8,2025-05-07,nan,True,"{""q"": [144], ""emergency"": [144], ""terminal_value"": [], ""x"": [144], ""soc"": [145], ""charge"": [144], ""discharge"": [144], ""curtailment"": [144]}"
2025-05-17,16521.132344360594,10196.664538095021,26717.796882455616,33146.80603174378,bb1e00ed849021c94c1e198ca5c40b484d09ef5651a6f03f8e06baad7f558b64,32081.094383644653,1065.711648099129,2752.325046364001,17213.573104800515,1581.3960635892304,7299.520463906513,1.1368683772161603e-13,0.0,0.0,0.015906932232610416,2.2905982414959,True,False,False,m3,0.6,8,2623.6283872619015,False,False,2025-04-19;2025-04-26;2025-05-03;2025-05-10,2025-05-10;2025-05-11;2025-05-12;2025-05-13;2025-05-14;2025-05-15;2025-05-16,2025-05-16,2025-04-22;2025-04-26;2025-04-27;2025-04-28;2025-04-29;2025-05-10;2025-05-12;2025-05-13,False,0.011164250026922673,0.0,29632.210160222654,feb_dec_output,registered_boundary_E_INITIAL_6000,8,2025-05-07,nan,True,"{""q"": [144], ""emergency"": [144], ""terminal_value"": [], ""x"": [144], ""soc"": [145], ""charge"": [144], ""discharge"": [144], ""curtailment"": [144]}"
2025-05-18,33161.806091693754,8111.158612381114,41272.96470407487,54712.02485392668,050380b836d7e46bae33c072e2a3e88d43c7f9439a1dba695200d48efc95225b,53548.3461379482,1163.6787159784822,3042.045671194568,206.73068542414129,7299.520463906513,8173.476243618202,1.1368683772161603e-13,0.0,0.0,0.015830853626539465,2.279642922221683,True,False,False,m3,0.6,8,2318.8684386904724,False,False,2025-04-20;2025-04-27;2025-05-04;2025-05-11,2025-05-11;2025-05-12;2025-05-13;2025-05-14;2025-05-15;2025-05-16;2025-05-17,2025-05-17,2025-04-22;2025-04-27;2025-04-28;2025-05-10;2025-05-12;2025-05-13;2025-05-16;2025-05-17,False,0.010404667002148926,0.0,29458.6112119566,feb_dec_output,registered_boundary_E_INITIAL_6000,8,2025-05-07,nan,True,"{""q"": [144], ""emergency"": [144], ""terminal_value"": [], ""x"": [144], ""soc"": [145], ""charge"": [144], ""discharge"": [144], ""curtailment"": [144]}"
2025-05-19,32656.098421700754,4445.860797856747,37101.9592195575,54019.86732182927,23951fb375e8ce11e2aad2fd4bc78da48abfcd7d24263cbb29baaeb45877483e,51967.63209930583,2052.2352225234436,978.3075612741263,3808.063990277901,8173.476243618202,8120.688962452627,1.6178506576552997e-13,0.0,0.0,0.014512249701510882,2.089763957017567,True,False,False,m3,0.6,8,2271.943902857139,False,False,2025-04-21;2025-04-28;2025-05-05;2025-05-12,2025-05-12;2025-05-13;2025-05-14;2025-05-15;2025-05-16;2025-05-17;2025-05-18,2025-05-18,2025-04-23;2025-04-27;2025-04-28;2025-05-08;2025-05-10;2025-05-12;2025-05-13;2025-05-16,False,0.010246457997709513,0.0,29465.002227617046,feb_dec_output,registered_boundary_E_INITIAL_6000,8,2025-05-07,nan,True,"{""q"": [144], ""emergency"": [144], ""terminal_value"": [], ""x"": [144], ""soc"": [145], ""charge"": [144], ""discharge"": [144], ""curtailment"": [144]}"
2025-05-20,31838.405373712783,14335.467629649716,46173.8730033625,52048.495785254505,c5949c35a365a8bc1ed9449acf4b2b165045aa87d34b71e38e0613196697d097,51217.343819546935,831.1519657075651,4400.745794525053,247.41350641876187,8120.688962452627,7295.881123016519,1.1368683772161603e-13,0.0,0.0,0.015936721005143935,2.2948878247407265,True,False,False,m3,0.6,8,2591.0934158333293,False,False,2025-04-22;2025-04-29;2025-05-06;2025-05-13,2025-05-13;2025-05-14;2025-05-15;2025-05-16;2025-05-17;2025-05-18;2025-05-19,2025-05-19,2025-04-23;2025-04-27;2025-05-02;2025-05-08;2025-05-12;2025-05-13;2025-05-16;2025-05-19,False,0.010325499984901398,0.0,29426.199240042864,feb_dec_output,registered_boundary_E_INITIAL_6000,8,2025-05-07,nan,True,"{""q"": [144], ""emergency"": [144], ""terminal_value"": [], ""x"": [144], ""soc"": [145], ""charge"": [144], ""discharge"": [144], ""curtailment"": [144]}"
2025-05-21,32241.419539684302,11409.12530808967,43650.54484777397,53627.12053756503,05e237018bdd72487781a3b22e32713cdac1a906607e9bcb58c95f2e509b41cb,52587.4365180857,1039.6840194793342,2774.8378344819243,2133.4302867161014,7295.881123016519,7538.898947904867,1.4210854715202004e-13,0.0,0.0,0.015446846347913379,2.2243458740995266,True,False,False,m1,0.6,8,2897.8062535714294,False,False,2025-04-23;2025-04-30;2025-05-07;2025-05-14,2025-05-14;2025-05-15;2025-05-16;2025-05-17;2025-05-18;2025-05-19;2025-05-20,2025-05-20,2025-04-27;2025-05-02;2025-05-05;2025-05-08;2025-05-12;2025-05-13;2025-05-16;2025-05-19,False,0.010318041022401303,0.0,29393.552789079797,feb_dec_output,registered_boundary_E_INITIAL_6000,8,2025-05-21,nan,True,"{""q"": [144], ""emergency"": [144], ""terminal_value"": [], ""x"": [144], ""soc"": [145], ""charge"": [144], ""discharge"": [144], ""curtailment"": [144]}"
2025-05-22,30106.7598083525,7877.251616149972,37984.011424502474,46994.45912596003,f9874aae319b6fd5ca49fbfff5bf4d7125b3cfc32411954427f00971052177e5,46556.569564391175,437.8895615688485,1715.5956140765925,961.9237540017992,7538.898947904867,2696.139175263545,2.2737367544323206e-13,0.0,0.0,0.01467613720807195,2.113363757962361,True,False,False,m1,0.6,8,4562.6474125,False,False,2025-04-24;2025-05-01;2025-05-08;2025-05-15,2025-05-15;2025-05-16;2025-05-17;2025-05-18;2025-05-19;2025-05-20;2025-05-21,2025-05-21,2025-05-02;2025-05-05;2025-05-07;2025-05-12;2025-05-13;2025-05-16;2025-05-19;2025-05-20,False,0.010115374985616654,0.0,14034.286776931938,feb_dec_output,registered_boundary_E_INITIAL_6000,8,2025-05-21,nan,True,"{""q"": [144], ""emergency"": [144], ""terminal_value"": [], ""x"": [144], ""soc"": [145], ""charge"": [144], ""discharge"": [144], ""curtailment"": [144]}"
2025-05-23,14016.444306761263,4847.4317857432015,18863.876092504463,26282.97940884538,e3432ed27d5c01cd9cc8e0662e381c704f0e302629bbfb65cb5b845dc04f3610,25005.460104278103,1277.5193045672731,1279.9213597084595,19360.27575066431,2696.139175263545,1973.6494464199695,1.1368683772161603e-13,0.0,0.0,0.014771086534488454,2.1270364609663375,True,False,False,m1,0.6,8,4562.644307738095,False,False,2025-04-25;2025-05-02;2025-05-09;2025-05-16,2025-05-16;2025-05-17;2025-05-18;2025-05-19;2025-05-20;2025-05-21;2025-05-22,2025-05-22,2025-05-02;2025-05-05;2025-05-07;2025-05-12;2025-05-13;2025-05-16;2025-05-19;2025-05-20,False,0.01013679098105058,0.0,14176.698944851758,feb_dec_output,registered_boundary_E_INITIAL_6000,8,2025-05-21,nan,True,"{""q"": [144], ""emergency"": [144], ""terminal_value"": [], ""x"": [144], ""soc"": [145], ""charge"": [144], ""discharge"": [144], ""curtailment"": [144]}"
2025-05-24,16438.816913294235,2369.5837213803925,18808.40063467463,32759.09876788951,8e4d71f2e210ec0e966db9025fdc1fab17b2db8918161371c63a22ba26762a33,31363.68017488679,1395.4185930027215,611.3886204427654,20991.00760266955,1973.6494464199695,7730.8926826575125,1.1368683772161603e-13,0.0,0.0,0.016735365184205066,2.4098925865255296,True,False,False,m1,0.6,8,3266.406807142858,False,False,2025-04-26;2025-05-03;2025-05-10;2025-05-17,2025-05-17;2025-05-18;2025-05-19;2025-05-20;2025-05-21;2025-05-22;2025-05-23,2025-05-23,2025-04-27;2025-05-02;2025-05-05;2025-05-08;2025-05-12;2025-05-13;2025-05-16;2025-05-19,False,0.010277875000610948,0.0,29731.39189694852,feb_dec_output,registered_boundary_E_INITIAL_6000,8,2025-05-21,nan,True,"{""q"": [144], ""emergency"": [144], ""terminal_value"": [], ""x"": [144], ""soc"": [145], ""charge"": [144], ""discharge"": [144], ""curtailment"": [144]}"
2025-05-25,31877.14629157213,5117.970935787426,36995.11722735956,51840.15220253961,bd09833277203f11b48d6cc15ebade4bf7c7d484c0b18ef8d1a045ce9c558296,50902.23512521728,937.9170773223382,1077.3431178987644,2367.8720075361853,7730.8926826575125,7208.840331196858,1.1368683772161603e-13,0.0,0.0,0.01650469354273001,2.3766758701531217,True,False,False,m1,0.6,8,3521.478889880954,False,False,2025-04-27;2025-05-04;2025-05-11;2025-05-18,2025-05-18;2025-05-19;2025-05-20;2025-05-21;2025-05-22;2025-05-23;2025-05-24,2025-05-24,2025-04-27;2025-05-02;2025-05-06;2025-05-08;2025-05-12;2025-05-13;2025-05-19;2025-05-21,False,0.01124637498287484,0.0,29400.197873064484,feb_dec_output,registered_boundary_E_INITIAL_6000,8,2025-05-21,nan,True,"{""q"": [144], ""emergency"": [144], ""terminal_value"": [], ""x"": [144], ""soc"": [145], ""charge"": [144], ""discharge"": [144], ""curtailment"": [144]}"
2025-05-26,31355.235101723643,16243.208415014391,47598.443516738036,50922.083614084884,d564834ffbf8d1532e32d703c8da7d05c0a63614ee779575821735af85511bf4,50380.36184138121,541.7217727036774,5581.705745766517,191.61889383840295,7208.840331196858,6687.200523606735,2.2737367544323206e-13,0.0,0.0,0.02797191173764683,4.0279552902211435,True,False,False,m1,0.6,8,3359.4118124999995,False,False,2025-04-28;2025-05-05;2025-05-12;2025-05-19,2025-05-19;2025-05-20;2025-05-21;2025-05-22;2025-05-23;2025-05-24;2025-05-25,2025-05-25,2025-05-02;2025-05-06;2025-05-08;2025-05-12;2025-05-13;2025-05-15;2025-05-19;2025-05-21,False,0.011538834020029753,0.0,29453.09528789564,feb_dec_output,registered_boundary_E_INITIAL_6000,8,2025-05-21,nan,True,"{""q"": [144], ""emergency"": [144], ""terminal_value"": [], ""x"": [144], ""soc"": [145], ""charge"": [144], ""discharge"": [144], ""curtailment"": [144]}"
2025-05-27,32568.021291224723,5678.669067098408,38246.69035832313,53494.03974099932,c195fc9f3f0235664b6c9f18288e1680b648b0bdc13d77f81b738f5a3334e7c8,51347.657519513785,2146.382221485528,1486.6377088480651,1241.594927652322,6687.200523606735,7226.132944095618,2.2737367544323206e-13,0.0,0.0,0.018036264194152964,2.597222043958027,True,False,False,m1,0.6,8,3130.1396226190473,False,False,2025-04-29;2025-05-06;2025-05-13;2025-05-20,2025-05-20;2025-05-21;2025-05-22;2025-05-23;2025-05-24;2025-05-25;2025-05-26,2025-05-26,2025-05-02;2025-05-06;2025-05-08;2025-05-12;2025-05-13;2025-05-15;2025-05-21;2025-05-26,False,0.012485833023674786,0.0,29712.570127840416,feb_dec_output,registered_boundary_E_INITIAL_6000,8,2025-05-21,nan,True,"{""q"": [144], ""emergency"": [144], ""terminal_value"": [], ""x"": [144], ""soc"": [145], ""charge"": [144], ""discharge"": [144], ""curtailment"": [144]}"
2025-05-28,31857.780825307444,13519.942507842858,45377.7233331503,51831.49144500644,9fffd6eb7b1a816b37191ea652a77fd3c95a2ae7798d9f951eb78d1667f18af8,50972.321467339534,859.1699776668994,4570.0925598092,1706.671007718467,7226.132944095618,7117.497499588263,1.1368683772161603e-13,0.0,0.0,0.01655709520855453,2.384221710031852,True,False,False,m1,0.6,8,3425.819488095238,False,False,2025-04-30;2025-05-07;2025-05-14;2025-05-21,2025-05-21;2025-05-22;2025-05-23;2025-05-24;2025-05-25;2025-05-26;2025-05-27,2025-05-27,2025-05-02;2025-05-06;2025-05-07;2025-05-12;2025-05-13;2025-05-19;2025-05-20;2025-05-26,False,0.011516166036017239,0.0,29942.777627693424,feb_dec_output,registered_boundary_E_INITIAL_6000,8,2025-05-21,nan,True,"{""q"": [144], ""emergency"": [144], ""terminal_value"": [], ""x"": [144], ""soc"": [145], ""charge"": [144], ""discharge"": [144], ""curtailment"": [144]}"
2025-05-29,30223.192316011806,14995.431470304073,45218.623786315875,47236.09316215778,02a6ab3e98902eb63a1f0146ac6a85d061b1a52813d651186e76ca67e8b27b22,47132.03035092392,104.06281123385597,4458.721869893548,369.0901266756293,7117.497499588263,2775.5904324741446,1.2079226507921703e-13,0.0,0.0,0.015289249173494883,2.2016518809832633,True,False,False,m1,0.6,8,3548.847510119049,False,False,2025-05-01;2025-05-08;2025-05-15;2025-05-22,2025-05-22;2025-05-23;2025-05-24;2025-05-25;2025-05-26;2025-05-27;2025-05-28,2025-05-28,2025-05-01;2025-05-02;2025-05-08;2025-05-09;2025-05-12;2025-05-13;2025-05-16;2025-05-26,False,0.010204958030954003,0.0,13833.82550621459,feb_dec_output,registered_boundary_E_INITIAL_6000,8,2025-05-21,nan,True,"{""q"": [144], ""emergency"": [144], ""terminal_value"": [], ""x"": [144], ""soc"": [145], ""charge"": [144], ""discharge"": [144], ""curtailment"": [144]}"
2025-05-30,13837.599435681594,11926.158845807748,25763.75828148934,26343.68005431104,1a1b93288cc2bfd74e429b66ab2f21b801d958a2583a38902a6ffb7836e620f6,24405.733369462097,1937.9466848489462,3068.8805323415877,19884.45794877672,2775.5904324741446,2566.9111118820056,1.1368683772161603e-13,0.0,0.0,0.015154430583707936,2.182238004053943,True,False,False,m1,0.6,8,3561.0539994047645,False,False,2025-05-02;2025-05-09;2025-05-16;2025-05-23,2025-05-23;2025-05-24;2025-05-25;2025-05-26;2025-05-27;2025-05-28;2025-05-29,2025-05-29,2025-05-02;2025-05-06;2025-05-08;2025-05-09;2025-05-12;2025-05-13;2025-05-16;2025-05-26,False,0.01043725002091378,0.0,14059.007642741213,feb_dec_output,registered_boundary_E_INITIAL_6000,8,2025-05-21,nan,True,"{""q"": [144], ""emergency"": [144], ""terminal_value"": [], ""x"": [144], ""soc"": [145], ""charge"": [144], ""discharge"": [144], ""curtailment"": [144]}"
2025-05-31,16465.425659084518,9057.567904146552,25522.99356323107,32507.855212798615,1cf47c976a1792938cc1e02d29451ea29ed415a0e40387e5e57bae71537873d2,30849.37481809513,1658.4803947034854,2584.406223529222,18003.464913406242,2566.9111118820056,8104.584350435879,1.1368683772161603e-13,0.0,0.0,0.016332817408611946,2.3519257068401203,True,False,False,m1,0.6,8,3190.4520696428567,False,False,2025-05-03;2025-05-10;2025-05-17;2025-05-24,2025-05-24;2025-05-25;2025-05-26;2025-05-27;2025-05-28;2025-05-29;2025-05-30,2025-05-30,2025-05-06;2025-05-08;2025-05-09;2025-05-10;2025-05-12;2025-05-13;2025-05-16;2025-05-23,False,0.010192624991759658,0.0,30151.27556668668,feb_dec_output,registered_boundary_E_INITIAL_6000,8,2025-05-21,nan,True,"{""q"": [144], ""emergency"": [144], ""terminal_value"": [], ""x"": [144], ""soc"": [145], ""charge"": [144], ""discharge"": [144], ""curtailment"": [144]}"
2025-06-01,33273.428089260604,60195.224168408735,93468.65225766934,54326.49618671388,744d566fe9612c91e00462ad93aabdc6c849681553bf8995b8c689e26fc6bc77,54305.33676410743,21.159422606450335,17706.77018282185,0.0,8104.584350435879,6866.885415114226,1.3500311979441904e-13,0.0,0.0,0.01667729136816989,2.4015299570164643,True,False,False,m1,0.6,8,3275.1350744047622,False,False,2025-05-04;2025-05-11;2025-05-18;2025-05-25,2025-05-25;2025-05-26;2025-05-27;2025-05-28;2025-05-29;2025-05-30;2025-05-31,2025-05-31,2025-05-06;2025-05-08;2025-05-09;2025-05-10;2025-05-12;2025-05-13;2025-05-16;2025-05-23,False,0.010932749952189624,0.0,29946.5091194606,feb_dec_output,registered_boundary_E_INITIAL_6000,8,2025-05-21,nan,True,"{""q"": [144], ""emergency"": [144], ""terminal_value"": [], ""x"": [144], ""soc"": [145], ""charge"": [144], ""discharge"": [144], ""curtailment"": [144]}"
2025-06-02,34752.18593656516,49739.10581649702,84491.29175306219,57548.96853294788,edfb85c493dca7651040b68a86506957d103ef8097631e9b3fada75d4530639c,57534.625966300446,14.342566647440435,13324.179151134293,0.0,6866.885415114226,6997.417375694819,2.2737367544323206e-13,0.0,0.0,0.01511886459694425,2.177116501959972,True,False,False,m1,0.6,8,3883.438538690476,False,False,2025-05-05;2025-05-12;2025-05-19;2025-05-26,2025-05-26;2025-05-27;2025-05-28;2025-05-29;2025-05-30;2025-05-31;2025-06-01,2025-06-01,2025-05-06;2025-05-08;2025-05-09;2025-05-10;2025-05-12;2025-05-13;2025-05-23;2025-06-01,False,0.010644165973644704,0.0,31157.72047116166,feb_dec_output,registered_boundary_E_INITIAL_6000,8,2025-05-21,nan,True,"{""q"": [144], ""emergency"": [144], ""terminal_value"": [], ""x"": [144], ""soc"": [145], ""charge"": [144], ""discharge"": [144], ""curtailment"": [144]}"
2025-06-03,35498.99195442902,41079.4429699676,76578.43492439661,58518.15751267504,d6c8e96aab035ed4097394451cd9564214ef28652265e20b6ad9ca60a4291228,58511.33400723479,6.823505440255076,11975.707971250624,0.0,6997.417375694819,7201.570466947363,1.1368683772161603e-13,0.0,0.0,0.015210752901313955,2.1903484177892096,True,False,False,m1,0.6,8,4530.716295833334,False,False,2025-05-06;2025-05-13;2025-05-20;2025-05-27,2025-05-27;2025-05-28;2025-05-29;2025-05-30;2025-05-31;2025-06-01;2025-06-02,2025-06-02,2025-05-06;2025-05-07;2025-05-08;2025-05-12;2025-05-13;2025-05-29;2025-06-01;2025-06-02,False,0.010321290988940746,0.0,31787.611934510136,feb_dec_output,registered_boundary_E_INITIAL_6000,8,2025-05-21,nan,True,"{""q"": [144], ""emergency"": [144], ""terminal_value"": [], ""x"": [144], ""soc"": [145], ""charge"": [144], ""discharge"": [144], ""curtailment"": [144]}"
2025-06-04,36826.68006342252,36108.809869958415,72935.48993338094,61625.63517952679,f1b46b653cf4e0910b75478fea9610dd8ddeba264335bc6bf4db9abcacd61a7c,61625.635178589815,9.36978040044778e-07,10068.839702197965,0.0,7201.570466947363,7230.248479493221,2.2737367544323206e-13,0.0,0.0,0.015293519390171342,2.2022667921846732,True,False,False,m3,0.6,8,2585.5854015476166,False,False,2025-05-07;2025-05-14;2025-05-21;2025-05-28,2025-05-28;2025-05-29;2025-05-30;2025-05-31;2025-06-01;2025-06-02;2025-06-03,2025-06-03,2025-05-08;2025-05-12;2025-05-13;2025-05-19;2025-05-23;2025-05-29;2025-06-01;2025-06-02,False,0.010546290955971926,0.0,33051.66682448257,feb_dec_output,registered_boundary_E_INITIAL_6000,8,2025-06-04,nan,True,"{""q"": [144], ""emergency"": [144], ""terminal_value"": [], ""x"": [144], ""soc"": [145], ""charge"": [144], ""discharge"": [144], ""curtailment"": [144]}"
2025-06-05,34522.56426845108,39761.00502108452,74283.5692895356,55776.40842833673,1dfd3a3b17ad7e833140cc5c2411d3a15ac293a373463c092152776360e97f76,55736.65325071306,39.75517762366685,11341.845874305607,77.45093962645674,7230.248479493221,1200.0,1.5498713423767185e-13,0.0,0.0,0.01526360763899801,2.1979595000157133,True,False,False,m3,0.6,8,2772.0923759523785,False,False,2025-05-08;2025-05-15;2025-05-22;2025-05-29,2025-05-29;2025-05-30;2025-05-31;2025-06-01;2025-06-02;2025-06-03;2025-06-04,2025-06-04,2025-05-12;2025-05-13;2025-05-19;2025-05-20;2025-05-23;2025-05-29;2025-06-01;2025-06-02,False,0.010504250007215887,0.0,14019.57385447813,feb_dec_output,registered_boundary_E_INITIAL_6000,8,2025-06-04,nan,True,"{""q"": [144], ""emergency"": [144], ""terminal_value"": [], ""x"": [144], ""soc"": [145], ""charge"": [144], ""discharge"": [144], ""curtailment"": [144]}"
2025-06-06,14571.227506977488,46985.43426640618,61556.66177338366,27949.13848104318,632e3c112921e8e1fc4ebc6525d2584b0ec0328fa7a5c1f09f0260d40d514e21,27470.181030807613,478.9574502355714,12488.91816162564,7824.6590351740415,1200.0,1200.0,1.1368683772161603e-13,0.0,0.0,0.015476523933709055,2.228619446454104,True,False,False,m3,0.6,8,2517.5892047619027,False,False,2025-05-09;2025-05-16;2025-05-23;2025-05-30,2025-05-30;2025-05-31;2025-06-01;2025-06-02;2025-06-03;2025-06-04;2025-06-05,2025-06-05,2025-05-12;2025-05-13;2025-05-19;2025-05-20;2025-05-23;2025-05-29;2025-06-01;2025-06-02,False,0.009806250047404319,0.0,14139.383382975037,feb_dec_output,registered_boundary_E_INITIAL_6000,8,2025-06-04,nan,True,"{""q"": [144], ""emergency"": [144], ""terminal_value"": [], ""x"": [144], ""soc"": [145], ""charge"": [144], ""discharge"": [144], ""curtailment"": [144]}"
2025-06-07,18415.423508136293,32128.121433431177,50543.54494156747,36152.316699283736,545b2333d3461239103d6ad94816937d38fa42f7f9e58f334473b80351a6e2a9,35695.008014898194,457.30868438553233,8403.088233486029,5274.311008165713,1200.0,7325.78025571553,1.1368683772161603e-13,0.0,0.0,0.01504050111462776,2.1658321605063975,True,False,False,m3,0.6,8,3250.910719761902,False,False,2025-05-10;2025-05-17;2025-05-24;2025-05-31,2025-05-31;2025-06-01;2025-06-02;2025-06-03;2025-06-04;2025-06-05;2025-06-06,2025-06-06,2025-05-12;2025-05-13;2025-05-19;2025-05-20;2025-05-23;2025-05-29;2025-06-01;2025-06-02,False,0.010383875051047653,0.0,38374.44933712382,feb_dec_output,registered_boundary_E_INITIAL_6000,8,2025-06-04,nan,True,"{""q"": [144], ""emergency"": [144], ""terminal_value"": [], ""x"": [144], ""soc"": [145], ""charge"": [144], ""discharge"": [144], ""curtailment"": [144]}"
2025-06-08,42957.24162438712,10983.008050927598,53940.24967531471,71372.67894300303,c5b561c7be7452b030260cbecb00efc4b1c4da7115846e41fe8eed847c1d6243,66871.07273727376,4501.606205729266,2329.982646746742,1967.3536431346713,7325.78025571553,7602.77115204213,2.2737367544323206e-13,0.0,0.0,0.015451429736357467,2.2250058820354752,True,False,False,m3,0.6,8,3575.9904866666634,False,False,2025-05-11;2025-05-18;2025-05-25;2025-06-01,2025-06-01;2025-06-02;2025-06-03;2025-06-04;2025-06-05;2025-06-06;2025-06-07,2025-06-07,2025-05-12;2025-05-13;2025-05-19;2025-05-20;2025-05-23;2025-06-01;2025-06-02;2025-06-03,False,0.01078583300113678,0.0,38954.08164998349,feb_dec_output,registered_boundary_E_INITIAL_6000,8,2025-06-04,nan,True,"{""q"": [144], ""emergency"": [144], ""terminal_value"": [], ""x"": [144], ""soc"": [145], ""charge"": [144], ""discharge"": [144], ""curtailment"": [144]}"
2025-06-09,41554.417676234545,20990.61022189258,62545.027898127126,68907.75274883906,14e7fb85fe7665f18f288bdf8d1bc865f4a07cd16df3d033151fef729a76aa28,68222.79212980409,684.9606190349826,5007.85218592372,103.26352560534264,7602.77115204213,7697.808999254793,2.2737367544323206e-13,0.0,0.0,0.017822599500100803,2.5664543280145153,True,False,False,m3,0.6,8,3739.0860495238057,False,False,2025-05-12;2025-05-19;2025-05-26;2025-06-02,2025-06-02;2025-06-03;2025-06-04;2025-06-05;2025-06-06;2025-06-07;2025-06-08,2025-06-08,2025-05-12;2025-05-13;2025-05-20;2025-05-23;2025-06-01;2025-06-02;2025-06-03;2025-06-08,False,0.010052874975372106,0.0,38203.00685443194,feb_dec_output,registered_boundary_E_INITIAL_6000,8,2025-06-04,nan,True,"{""q"": [144], ""emergency"": [144], ""terminal_value"": [], ""x"": [144], ""soc"": [145], ""charge"": [144], ""discharge"": [144], ""curtailment"": [144]}"
2025-06-10,41750.40680807637,18576.920402973752,60327.32721105012,69131.47236651448,dd529b9ba8f747cebe25adb2ad6f521118b608ccf03203724b6a76ae49e88a61,69012.42820946261,119.04415705187444,4796.8617507884765,161.7786380095015,7697.808999254793,7624.815765749813,1.1368683772161603e-13,0.0,0.0,0.016485361424404092,2.3738920451141894,True,False,False,m3,0.6,8,3275.5979182142814,False,False,2025-05-13;2025-05-20;2025-05-27;2025-06-03,2025-06-03;2025-06-04;2025-06-05;2025-06-06;2025-06-07;2025-06-08;2025-06-09,2025-06-09,2025-05-13;2025-05-19;2025-05-20;2025-05-23;2025-06-01;2025-06-02;2025-06-03;2025-06-08,False,0.010985417000483721,0.0,38153.63933271303,feb_dec_output,registered_boundary_E_INITIAL_6000,8,2025-06-04,nan,True,"{""q"": [144], ""emergency"": [144], ""terminal_value"": [], ""x"": [144], ""soc"": [145], ""charge"": [144], ""discharge"": [144], ""curtailment"": [144]}"
2025-06-11,42190.58411928124,36288.8792051754,78479.46332445664,69643.92525464247,7e4ebaa65d97ee45320d5cbb8ea647f80c1b3b681a57775d652ffcfc9aa7102e,69320.87255777523,323.0526968672451,9126.682344555187,0.0,7624.815765749813,7763.962373054347,2.2737367544323206e-13,0.0,0.0,0.015912244210388355,2.2913631662959233,True,False,False,m3,0.6,8,4516.861031309521,False,False,2025-05-14;2025-05-21;2025-05-28;2025-06-04,2025-06-04;2025-06-05;2025-06-06;2025-06-07;2025-06-08;2025-06-09;2025-06-10,2025-06-10,2025-05-20;2025-05-21;2025-05-23;2025-05-25;2025-06-01;2025-06-02;2025-06-03;2025-06-08,False,0.011555082979612052,0.0,38774.38710632248,feb_dec_output,registered_boundary_E_INITIAL_6000,8,2025-06-04,nan,True,"{""q"": [144], ""emergency"": [144], ""terminal_value"": [], ""x"": [144], ""soc"": [145], ""charge"": [144], ""discharge"": [144], ""curtailment"": [144]}"
2025-06-12,40171.90423763289,19606.448384387608,59778.352622020495,64231.50512698678,6a746c29001050b5b62c1ef15810326c01135cf921d70c0e407cc9f0b3e68e60,63447.50599825733,783.9991287294439,4936.286313248971,90.91563333333306,7763.962373054347,1768.3715623057183,1.4210854715202004e-13,0.0,0.0,0.0158005836355086,2.2752840435132384,True,False,False,m3,0.6,8,3669.952994761901,False,False,2025-05-15;2025-05-22;2025-05-29;2025-06-05,2025-06-05;2025-06-06;2025-06-07;2025-06-08;2025-06-09;2025-06-10;2025-06-11,2025-06-11,2025-05-19;2025-05-20;2025-05-22;2025-05-23;2025-05-29;2025-06-01;2025-06-07;2025-06-08,False,0.011414999957196414,0.0,17138.86082223294,feb_dec_output,registered_boundary_E_INITIAL_6000,8,2025-06-04,nan,True,"{""q"": [144], ""emergency"": [144], ""terminal_value"": [], ""x"": [144], ""soc"": [145], ""charge"": [144], ""discharge"": [144], ""curtailment"": [144]}"
2025-06-13,18301.63527216872,13066.102807709278,31367.738079878,32873.013484697934,b7080248232f65ef9688e1576dd785c3a0d4c7f22f130bf99b5ff4f1dd59b023,31749.441219475048,1123.5722652228849,2994.6377372720303,5112.1333468892,1768.3715623057183,1779.9849904094244,1.1368683772161603e-13,0.0,0.0,0.015524444180805909,2.235519962036051,True,False,False,m3,0.6,8,5807.318798809521,False,False,2025-05-16;2025-05-23;2025-05-30;2025-06-06,2025-06-06;2025-06-07;2025-06-08;2025-06-09;2025-06-10;2025-06-11;2025-06-12,2025-06-12,2025-05-20;2025-05-21;2025-05-25;2025-05-29;2025-06-01;2025-06-07;2025-06-08;2025-06-12,False,0.010326291958335787,0.0,17664.727032995685,feb_dec_output,registered_boundary_E_INITIAL_6000,8,2025-06-04,nan,True,"{""q"": [144], ""emergency"": [144], ""terminal_value"": [], ""x"": [144], ""soc"": [145], ""charge"": [144], ""discharge"": [144], ""curtailment"": [144]}"
2025-06-14,21458.127035666956,12583.915173884034,34042.042209550986,39960.57621807374,224cedbcd6952cbb79e1c20b89a704b143e8bfd556843bfd02cd15883e90955a,38789.875995280774,1170.7002227929534,3270.138519477664,8409.552914024576,1779.9849904094244,7706.750555852366,1.1368683772161603e-13,0.0,0.0,0.014840308446259264,2.137004416261334,True,False,False,m3,0.6,8,6417.0426957142845,False,False,2025-05-17;2025-05-24;2025-05-31;2025-06-07,2025-06-07;2025-06-08;2025-06-09;2025-06-10;2025-06-11;2025-06-12;2025-06-13,2025-06-13,2025-05-20;2025-05-21;2025-05-25;2025-06-01;2025-06-03;2025-06-07;2025-06-08;2025-06-12,False,0.010193416033871472,0.0,41615.29918421761,feb_dec_output,registered_boundary_E_INITIAL_6000,8,2025-06-04,nan,True,"{""q"": [144], ""emergency"": [144], ""terminal_value"": [], ""x"": [144], ""soc"": [145], ""charge"": [144], ""discharge"": [144], ""curtailment"": [144]}"
2025-06-15,45093.15754155585,4194.738405756853,49287.8959473127,73691.54537259303,9f4aa3610ac38e1bc6b4bdcbf709c6645654da571c810902a73b7cb5a1787146,72359.94533915413,1331.6000334388896,912.3427683117065,0.0,7706.750555852366,8306.21543861573,2.2737367544323206e-13,0.0,0.0,0.014630492763293054,2.1067909579141997,True,False,False,m3,0.6,8,6198.593069642855,False,False,2025-05-18;2025-05-25;2025-06-01;2025-06-08,2025-06-08;2025-06-09;2025-06-10;2025-06-11;2025-06-12;2025-06-13;2025-06-14,2025-06-14,2025-05-19;2025-05-22;2025-06-01;2025-06-02;2025-06-03;2025-06-07;2025-06-08;2025-06-12,False,0.010768291016574949,0.0,41283.05945729493,feb_dec_output,registered_boundary_E_INITIAL_6000,8,2025-06-04,nan,True,"{""q"": [144], ""emergency"": [144], ""terminal_value"": [], ""x"": [144], ""soc"": [145], ""charge"": [144], ""discharge"": [144], ""curtailment"": [144]}"
2025-06-16,44459.60130364416,12147.116406627007,56606.717710271165,72467.47627588615,ac66294648fdcb349a75c55a67323966090a6734c89742a0876336bb96df520e,71437.43702835031,1030.0392475358472,3378.501756926292,0.0,8306.21543861573,8333.825135405566,2.2737367544323206e-13,0.0,0.0,0.015124209161311027,2.1778861192287877,True,False,False,m3,0.6,8,6237.790714285711,False,False,2025-05-19;2025-05-26;2025-06-02;2025-06-09,2025-06-09;2025-06-10;2025-06-11;2025-06-12;2025-06-13;2025-06-14;2025-06-15,2025-06-15,2025-05-21;2025-05-27;2025-06-01;2025-06-02;2025-06-03;2025-06-07;2025-06-08;2025-06-12,False,0.010089292016346008,0.0,41071.06347286026,feb_dec_output,registered_boundary_E_INITIAL_6000,8,2025-06-04,nan,True,"{""q"": [144], ""emergency"": [144], ""terminal_value"": [], ""x"": [144], ""soc"": [145], ""charge"": [144], ""discharge"": [144], ""curtailment"": [144]}"
2025-06-17,44327.70256749571,17254.08155910528,61581.78412660099,72392.77948525424,d3b8ba7a7f703c7c09f91f9146ad51d2ca03246eb2dd93c4bbc8b8321ed8ca9e,71998.36429714627,394.41518810795503,4500.7500731012915,0.0,8333.825135405566,8036.0174804157905,2.2737367544323206e-13,0.0,0.0,0.015216580428791026,2.1911875817459077,True,False,False,m3,0.6,8,6223.228958214284,False,False,2025-05-20;2025-05-27;2025-06-03;2025-06-10,2025-06-10;2025-06-11;2025-06-12;2025-06-13;2025-06-14;2025-06-15;2025-06-16,2025-06-16,2025-05-22;2025-06-01;2025-06-02;2025-06-03;2025-06-06;2025-06-07;2025-06-08;2025-06-12,False,0.010377417027484626,0.0,41289.03831090681,feb_dec_output,registered_boundary_E_INITIAL_6000,8,2025-06-04,nan,True,"{""q"": [144], ""emergency"": [144], ""terminal_value"": [], ""x"": [144], ""soc"": [145], ""charge"": [144], ""discharge"": [144], ""curtailment"": [144]}"
2025-06-18,43990.67537579469,10587.544170927013,54578.21954672171,72178.17735382581,84b36bbfb3f0133d975df304d14aaeeaa90db8ccd536ff6489e413627ad4581a,70607.20014416774,1570.9772096580768,2111.765354603688,0.0,8036.0174804157905,7939.761896997163,2.2737367544323206e-13,0.0,0.0,0.01517854365859724,2.1857102868380025,True,False,False,m1,0.6,8,7807.650395833334,False,False,2025-05-21;2025-05-28;2025-06-04;2025-06-11,2025-06-11;2025-06-12;2025-06-13;2025-06-14;2025-06-15;2025-06-16;2025-06-17,2025-06-17,2025-05-22;2025-05-29;2025-06-01;2025-06-02;2025-06-04;2025-06-07;2025-06-08;2025-06-12,False,0.010759250028058887,0.0,40697.89937882003,feb_dec_output,registered_boundary_E_INITIAL_6000,8,2025-06-18,nan,True,"{""q"": [144], ""emergency"": [144], ""terminal_value"": [], ""x"": [144], ""soc"": [145], ""charge"": [144], ""discharge"": [144], ""curtailment"": [144]}"
2025-06-19,40902.9020274988,11556.259110929754,52459.16113842855,65001.85798089602,0c0c0cd16344a25de84aad76f9c1e951e0abf3703d6bcbfe61dc9dcdf154081f,62152.80887051008,2849.049110385941,2664.0799559622174,1045.4002821916013,7939.761896997163,1822.0663408237363,2.2737367544323206e-13,0.0,0.0,0.01573369497378331,2.2656520762247965,True,False,False,m1,0.6,8,7517.728605357142,False,False,2025-05-22;2025-05-29;2025-06-05;2025-06-12,2025-06-12;2025-06-13;2025-06-14;2025-06-15;2025-06-16;2025-06-17;2025-06-18,2025-06-18,2025-05-25;2025-05-29;2025-06-01;2025-06-02;2025-06-04;2025-06-07;2025-06-08;2025-06-12,False,0.011250624957028776,0.0,18214.848107474176,feb_dec_output,registered_boundary_E_INITIAL_6000,8,2025-06-18,nan,True,"{""q"": [144], ""emergency"": [144], ""terminal_value"": [], ""x"": [144], ""soc"": [145], ""charge"": [144], ""discharge"": [144], ""curtailment"": [144]}"
2025-06-20,18758.96541070242,7218.627255124364,25977.592665826785,32978.01534702488,3b91a7d9fd435da756089c9e7606e440b46074a03e6a9e39830dd4f3e03dcf7e,31013.391587130754,1964.6237598941284,1819.314654476018,9422.524161939189,1822.0663408237363,1610.9749110286016,1.1368683772161603e-13,0.0,0.0,0.01544070454959486,2.22346145514166,True,False,False,m1,0.6,8,7517.728605357142,False,False,2025-05-23;2025-05-30;2025-06-06;2025-06-13,2025-06-13;2025-06-14;2025-06-15;2025-06-16;2025-06-17;2025-06-18;2025-06-19,2025-06-19,2025-05-25;2025-05-29;2025-06-01;2025-06-02;2025-06-04;2025-06-07;2025-06-08;2025-06-12,False,0.009896625007968396,0.0,18309.6785982446,feb_dec_output,registered_boundary_E_INITIAL_6000,8,2025-06-18,nan,True,"{""q"": [144], ""emergency"": [144], ""terminal_value"": [], ""x"": [144], ""soc"": [145], ""charge"": [144], ""discharge"": [144], ""curtailment"": [144]}"
2025-06-21,21675.144385798554,4743.038090516629,26418.18247631518,39963.97229177507,78e0a5972ca2217bcdd360d6739553bee5e995a8eff71956421e8f8438d931c1,37782.918963717566,2181.053328057505,1418.1654385046,11895.85697527009,1610.9749110286016,8026.258763714298,1.1368683772161603e-13,0.0,0.0,0.014755719880971204,2.1248236628598534,True,False,False,m1,0.6,8,7438.05962142857,False,False,2025-05-24;2025-05-31;2025-06-07;2025-06-14,2025-06-14;2025-06-15;2025-06-16;2025-06-17;2025-06-18;2025-06-19;2025-06-20,2025-06-20,2025-05-25;2025-05-29;2025-06-01;2025-06-02;2025-06-04;2025-06-07;2025-06-08;2025-06-12,False,0.009857833967544138,0.0,40965.357131317476,feb_dec_output,registered_boundary_E_INITIAL_6000,8,2025-06-18,nan,True,"{""q"": [144], ""emergency"": [144], ""terminal_value"": [], ""x"": [144], ""soc"": [145], ""charge"": [144], ""discharge"": [144], ""curtailment"": [144]}"
2025-06-22,43856.54623329392,6907.85137188014,50764.39760517406,71263.84407220581,5e07247cd4b11623bb030e07de77fd187da7ee9e1cacda7c931db9a56cee2083,68445.6141706647,2818.229901541098,1864.386051300517,639.9090268282932,8026.258763714298,8390.154273459,1.1368683772161603e-13,0.0,0.0,0.015115824346139561,2.176678705844097,True,False,False,m1,0.6,8,7440.693609523809,False,False,2025-05-25;2025-06-01;2025-06-08;2025-06-15,2025-06-15;2025-06-16;2025-06-17;2025-06-18;2025-06-19;2025-06-20;2025-06-21,2025-06-21,2025-05-25;2025-05-29;2025-06-01;2025-06-02;2025-06-04;2025-06-07;2025-06-08;2025-06-12,False,0.01095874997554347,0.0,40309.59464528633,feb_dec_output,registered_boundary_E_INITIAL_6000,8,2025-06-18,nan,True,"{""q"": [144], ""emergency"": [144], ""terminal_value"": [], ""x"": [144], ""soc"": [145], ""charge"": [144], ""discharge"": [144], ""curtailment"": [144]}"
2025-06-23,43401.97639598715,7605.082797426365,51007.059193413515,70256.41872570117,8d6bf44e4ddcf3fa3f30553f8371e4ab3a1e5ba182cbfa59196ae42fcb76bcd4,67853.45079111791,2402.9679345832546,1688.3070859580876,657.2607098298828,8390.154273459,8281.497000947335,1.1368683772161603e-13,0.0,0.0,0.015280451969172444,2.200385083560832,True,False,False,m1,0.6,8,7935.346089285714,False,False,2025-05-26;2025-06-02;2025-06-09;2025-06-16,2025-06-16;2025-06-17;2025-06-18;2025-06-19;2025-06-20;2025-06-21;2025-06-22,2025-06-22,2025-05-29;2025-06-02;2025-06-04;2025-06-07;2025-06-08;2025-06-12;2025-06-18;2025-06-21,False,0.01012620801338926,0.0,40116.81112093953,feb_dec_output,registered_boundary_E_INITIAL_6000,8,2025-06-18,nan,True,"{""q"": [144], ""emergency"": [144], ""terminal_value"": [], ""x"": [144], ""soc"": [145], ""charge"": [144], ""discharge"": [144], ""curtailment"": [144]}"
2025-06-24,42900.2897535397,33025.629293722974,75925.91904726267,69605.89730176012,52b669930cee322d79fd735c24042b73b326e18b18318044f62ce3c7dea9d73e,69206.6651576694,399.23214409071534,9284.02284917363,0.0,8281.497000947335,8369.95619736975,2.2737367544323206e-13,0.0,0.0,0.016137337378798595,2.323776582546998,True,False,False,m1,0.6,8,7685.381116071429,False,False,2025-05-27;2025-06-03;2025-06-10;2025-06-17,2025-06-17;2025-06-18;2025-06-19;2025-06-20;2025-06-21;2025-06-22;2025-06-23,2025-06-23,2025-05-29;2025-06-02;2025-06-04;2025-06-07;2025-06-08;2025-06-12;2025-06-18;2025-06-21,False,0.01044041698332876,0.0,39664.71508309695,feb_dec_output,registered_boundary_E_INITIAL_6000,8,2025-06-18,nan,True,"{""q"": [144], ""emergency"": [144], ""terminal_value"": [], ""x"": [144], ""soc"": [145], ""charge"": [144], ""discharge"": [144], ""curtailment"": [144]}"
2025-06-25,43179.54168106666,12914.446829528824,56093.98851059548,70062.25687808474,0b179e6171ae5d690b44782457723af5f26aff4e3423b0e24672ee1fce5af095,68655.51884677811,1406.7380313066183,4031.609976940469,25.335216666666838,8369.95619736975,8527.695484365648,1.1368683772161603e-13,0.0,0.0,0.015190489273663843,2.1874304554075934,True,False,False,m1,0.6,8,8094.566972619046,False,False,2025-05-28;2025-06-04;2025-06-11;2025-06-18,2025-06-18;2025-06-19;2025-06-20;2025-06-21;2025-06-22;2025-06-23;2025-06-24,2025-06-24,2025-05-29;2025-06-02;2025-06-04;2025-06-07;2025-06-08;2025-06-12;2025-06-18;2025-06-21,False,0.010810083011165261,0.0,40143.133999402846,feb_dec_output,registered_boundary_E_INITIAL_6000,8,2025-06-18,nan,True,"{""q"": [144], ""emergency"": [144], ""terminal_value"": [], ""x"": [144], ""soc"": [145], ""charge"": [144], ""discharge"": [144], ""curtailment"": [144]}"
2025-06-26,40439.601860939576,8697.066055574536,49136.66791651411,63140.91762169964,5ec2670f30d555ad1bb04adfe5f207d4b1e60068d010eb7ab805edc225dce04d,60012.32759037716,3128.5900313224865,2550.4903831479896,137.17131360449952,8527.695484365648,1714.3637007196885,2.2737367544323206e-13,0.0,0.0,0.01492033016822663,2.1485275442246348,True,False,False,m1,0.6,8,8094.566972619046,False,False,2025-05-29;2025-06-05;2025-06-12;2025-06-19,2025-06-19;2025-06-20;2025-06-21;2025-06-22;2025-06-23;2025-06-24;2025-06-25,2025-06-25,2025-05-29;2025-06-02;2025-06-04;2025-06-07;2025-06-08;2025-06-12;2025-06-18;2025-06-21,False,0.010205833008512855,0.0,19114.519795396343,feb_dec_output,registered_boundary_E_INITIAL_6000,8,2025-06-18,nan,True,"{""q"": [144], ""emergency"": [144], ""terminal_value"": [], ""x"": [144], ""soc"": [145], ""charge"": [144], ""discharge"": [144], ""curtailment"": [144]}"
2025-06-27,19291.71386843418,2773.9862875016324,22065.700155935814,33724.69885124583,91b94e2c563708c0992a17b7ee8fb4105ab8759b909497808dd7b92cfedcb8e3,31509.898666302277,2214.8001849435504,719.956004491838,11012.340336101659,1714.3637007196885,1941.5009562771731,2.2737367544323206e-13,0.0,0.0,0.016988660629269563,2.446367130614817,True,False,False,m1,0.6,8,7798.436169642857,False,False,2025-05-30;2025-06-06;2025-06-13;2025-06-20,2025-06-20;2025-06-21;2025-06-22;2025-06-23;2025-06-24;2025-06-25;2025-06-26,2025-06-26,2025-06-02;2025-06-04;2025-06-07;2025-06-08;2025-06-12;2025-06-18;2025-06-21;2025-06-25,False,0.010414874996058643,0.0,18930.633898521286,feb_dec_output,registered_boundary_E_INITIAL_6000,8,2025-06-18,nan,True,"{""q"": [144], ""emergency"": [144], ""terminal_value"": [], ""x"": [144], ""soc"": [145], ""charge"": [144], ""discharge"": [144], ""curtailment"": [144]}"
2025-06-28,22370.514141256266,4017.747207705772,26388.261348962038,40950.672861535226,0aba8d09505af21743d531ff6d12b3b079f1fcc31ddb6d9aaccf001891a16a2b,39030.0932314465,1920.5796300887237,967.9254312416083,10146.162218129499,1941.5009562771731,8489.118516381772,1.1368683772161603e-13,0.0,0.0,0.016375000899845164,2.3580001295777038,True,False,False,m1,0.6,8,7952.0137041666685,False,False,2025-05-31;2025-06-07;2025-06-14;2025-06-21,2025-06-21;2025-06-22;2025-06-23;2025-06-24;2025-06-25;2025-06-26;2025-06-27,2025-06-27,2025-06-02;2025-06-04;2025-06-07;2025-06-08;2025-06-12;2025-06-15;2025-06-20;2025-06-21,False,0.012938083033077419,0.0,41159.46279430289,feb_dec_output,registered_boundary_E_INITIAL_6000,8,2025-06-18,nan,True,"{""q"": [144], ""emergency"": [144], ""terminal_value"": [], ""x"": [144], ""soc"": [145], ""charge"": [144], ""discharge"": [144], ""curtailment"": [144]}"
2025-06-29,44504.477493711034,5882.257818966558,50386.73531267759,71951.52845306703,5090a1cf95221a8ba7253c915237064e28496b748dfa862ae869ad33aa1688fa,69792.99597016108,2158.532482905951,1946.444495214472,57.480400000000145,8489.118516381772,8909.801217929898,2.2737367544323206e-13,0.0,0.0,0.015490610251112634,2.2306478761602193,True,False,False,m1,0.6,8,7214.807458928572,False,False,2025-06-01;2025-06-08;2025-06-15;2025-06-22,2025-06-22;2025-06-23;2025-06-24;2025-06-25;2025-06-26;2025-06-27;2025-06-28,2025-06-28,2025-06-02;2025-06-04;2025-06-07;2025-06-08;2025-06-12;2025-06-21;2025-06-25;2025-06-27,False,0.010469833039678633,0.0,41385.692719666804,feb_dec_output,registered_boundary_E_INITIAL_6000,8,2025-06-18,nan,True,"{""q"": [144], ""emergency"": [144], ""terminal_value"": [], ""x"": [144], ""soc"": [145], ""charge"": [144], ""discharge"": [144], ""curtailment"": [144]}"
2025-06-30,44491.46912854993,6927.742463149203,51419.21159169913,71847.51664906638,996ad8d6325359483cabcce530ddbefd0adc4ad16760a49ce8288e04af124c5f,69496.35177111754,2351.1648779488537,2018.961395312587,97.35411666666664,8909.801217929898,8484.783990654305,1.1368683772161603e-13,0.0,0.0,0.014836602451396175,2.136470753001049,True,False,False,m1,0.6,8,7077.510272619047,False,False,2025-06-02;2025-06-09;2025-06-16;2025-06-23,2025-06-23;2025-06-24;2025-06-25;2025-06-26;2025-06-27;2025-06-28;2025-06-29,2025-06-29,2025-06-02;2025-06-04;2025-06-07;2025-06-08;2025-06-12;2025-06-21;2025-06-25;2025-06-27,False,0.009873875009361655,0.0,41409.15789629612,feb_dec_output,registered_boundary_E_INITIAL_6000,8,2025-06-18,nan,True,"{""q"": [144], ""emergency"": [144], ""terminal_value"": [], ""x"": [144], ""soc"": [145], ""charge"": [144], ""discharge"": [144], ""curtailment"": [144]}"
2025-07-01,44839.90180258297,27817.838934702297,72657.74073728526,72655.55720226541,c5280bc18a02ec3ea62208233089cbda5c25ec73265755d3fa86907392b0ee03,71953.8148898526,701.742312412805,7620.922184887638,15.47078072166343,8484.783990654305,7177.960003137957,2.2737367544323206e-13,0.0,0.0,0.015016127306605793,2.162322332151234,True,False,False,m1,0.6,8,7424.667596428572,False,False,2025-06-03;2025-06-10;2025-06-17;2025-06-24,2025-06-24;2025-06-25;2025-06-26;2025-06-27;2025-06-28;2025-06-29;2025-06-30,2025-06-30,2025-06-04;2025-06-07;2025-06-08;2025-06-12;2025-06-15;2025-06-18;2025-06-21;2025-06-28,False,0.010252041043713689,0.0,41597.91843179145,feb_dec_output,registered_boundary_E_INITIAL_6000,8,2025-06-18,nan,True,"{""q"": [144], ""emergency"": [144], ""terminal_value"": [], ""x"": [144], ""soc"": [145], ""charge"": [144], ""discharge"": [144], ""curtailment"": [144]}"
2025-07-02,44306.130558305114,28078.073516975368,72384.20407528049,72324.8298521254,c8ae20e490672d47d6984ef8fa75e7d48fd635276a0683b04755f1edf38f5c8e,68675.52495245842,3649.3048996669672,7376.221241191735,1408.895128488381,7177.960003137957,7106.175153706233,1.1368683772161603e-13,0.0,0.0,0.015095109961597094,2.1736958344699815,True,False,False,m1,0.6,8,7018.01291607143,False,False,2025-06-04;2025-06-11;2025-06-18;2025-06-25,2025-06-25;2025-06-26;2025-06-27;2025-06-28;2025-06-29;2025-06-30;2025-07-01,2025-07-01,2025-06-04;2025-06-07;2025-06-08;2025-06-12;2025-06-15;2025-06-18;2025-06-19;2025-06-28,False,0.010522791009861976,0.0,40740.50664926939,feb_dec_output,registered_boundary_E_INITIAL_6000,8,2025-07-02,nan,True,"{""q"": [144], ""emergency"": [144], ""terminal_value"": [], ""x"": [144], ""soc"": [145], ""charge"": [144], ""discharge"": [144], ""curtailment"": [144]}"
2025-07-03,40649.04873547813,42130.1852650372,82779.23400051534,63858.74074689825,7be6f3f841271884a1c6d809f048f583227d3edddbdd194c1ffad672ca77c88a,63635.25332240948,223.48742448876308,12070.295322544922,0.0,7106.175153706233,1200.0000000632704,2.2737367544323206e-13,0.0,0.0,0.01556164468719443,2.2408768349559978,True,False,False,m1,0.6,8,7018.228089285714,False,False,2025-06-05;2025-06-12;2025-06-19;2025-06-26,2025-06-26;2025-06-27;2025-06-28;2025-06-29;2025-06-30;2025-07-01;2025-07-02,2025-07-02,2025-06-07;2025-06-08;2025-06-12;2025-06-15;2025-06-18;2025-06-19;2025-06-28;2025-07-02,False,0.011104167031589895,0.0,19237.273731572808,feb_dec_output,registered_boundary_E_INITIAL_6000,8,2025-07-02,nan,True,"{""q"": [144], ""emergency"": [144], ""terminal_value"": [], ""x"": [144], ""soc"": [145], ""charge"": [144], ""discharge"": [144], ""curtailment"": [144]}"
2025-07-04,19856.785446826005,32188.627416048992,52045.412862875,34722.94900637311,ef470d5aaad5aabac92e3d45299a21c1e0b4aef74d303fd02ca5e0628297fadc,34081.81108649468,641.1379198784276,8741.627875701046,12693.419757395784,1200.0000000632704,1200.0000000632717,1.1368683772161603e-13,0.0,0.0,0.015257548285767876,2.197086953150574,True,False,False,m1,0.6,8,7018.228089285714,False,False,2025-06-06;2025-06-13;2025-06-20;2025-06-27,2025-06-27;2025-06-28;2025-06-29;2025-06-30;2025-07-01;2025-07-02;2025-07-03,2025-07-03,2025-06-07;2025-06-08;2025-06-12;2025-06-15;2025-06-18;2025-06-19;2025-06-28;2025-07-02,False,0.01015516696497798,0.0,19210.34226410692,feb_dec_output,registered_boundary_E_INITIAL_6000,8,2025-07-02,nan,True,"{""q"": [144], ""emergency"": [144], ""terminal_value"": [], ""x"": [144], ""soc"": [145], ""charge"": [144], ""discharge"": [144], ""curtailment"": [144]}"
2025-07-05,22194.315041631915,32398.99763661357,54593.312678245486,41273.67043557947,14e436bb4709ffd524e13cfe47c733f7d51a54df72b2cb51a8e65a7a5165f403,40677.81215673879,595.8582788406768,8411.078944515106,12830.570723092262,1200.0000000632717,7116.139452410006,1.1368683772161603e-13,0.0,0.0,0.015323965611767361,2.2066510480945,True,False,False,m1,0.6,8,6753.268414285713,False,False,2025-06-07;2025-06-14;2025-06-21;2025-06-28,2025-06-28;2025-06-29;2025-06-30;2025-07-01;2025-07-02;2025-07-03;2025-07-04,2025-07-04,2025-06-07;2025-06-08;2025-06-12;2025-06-13;2025-06-18;2025-06-25;2025-06-27;2025-07-01,False,0.010650500014889985,0.0,38390.66791080692,feb_dec_output,registered_boundary_E_INITIAL_6000,8,2025-07-02,nan,True,"{""q"": [144], ""emergency"": [144], ""terminal_value"": [], ""x"": [144], ""soc"": [145], ""charge"": [144], ""discharge"": [144], ""curtailment"": [144]}"
2025-07-06,41469.804257994256,52143.2918368456,93613.09609483986,67546.97826187353,bf9f5f3ccbc83f60d31a4798ef18c3b0251503e19496e077f2444f967ebe7f5d,67511.29093689276,35.68732498077793,14425.319829602178,0.0,7116.139452410006,7048.5667478111045,2.2737367544323206e-13,0.0,0.0,0.01512735217329464,2.178338712954428,True,False,False,m1,0.6,8,6311.508048214284,False,False,2025-06-08;2025-06-15;2025-06-22;2025-06-29,2025-06-29;2025-06-30;2025-07-01;2025-07-02;2025-07-03;2025-07-04;2025-07-05,2025-07-05,2025-06-12;2025-06-13;2025-06-15;2025-06-18;2025-06-24;2025-06-27;2025-07-01;2025-07-05,False,0.010920375003479421,0.0,37675.919037447326,feb_dec_output,registered_boundary_E_INITIAL_6000,8,2025-07-02,nan,True,"{""q"": [144], ""emergency"": [144], ""terminal_value"": [], ""x"": [144], ""soc"": [145], ""charge"": [144], ""discharge"": [144], ""curtailment"": [144]}"
2025-07-07,41260.28669901604,31010.13601510095,72270.42271411698,66924.7575196891,02363378bae018da88736501d9bcf433f5206bd355d5610067973dac1abc1bfb,66786.89489589879,137.86262379030677,8551.815171155613,96.4596850985623,7048.5667478111045,7017.775391106237,2.2737367544323206e-13,0.0,0.0,0.015019523167009337,2.1628113360493444,True,False,False,m1,0.6,8,6217.397535714285,False,False,2025-06-09;2025-06-16;2025-06-23;2025-06-30,2025-06-30;2025-07-01;2025-07-02;2025-07-03;2025-07-04;2025-07-05;2025-07-06,2025-07-06,2025-06-12;2025-06-13;2025-06-18;2025-06-21;2025-06-24;2025-06-25;2025-06-27;2025-07-01,False,0.010804958001244813,0.0,39871.83700990613,feb_dec_output,registered_boundary_E_INITIAL_6000,8,2025-07-02,nan,True,"{""q"": [144], ""emergency"": [144], ""terminal_value"": [], ""x"": [144], ""soc"": [145], ""charge"": [144], ""discharge"": [144], ""curtailment"": [144]}"
2025-07-08,42733.872981458946,36183.32388063693,78917.19686209588,68985.09058390869,3016402d5772a9182135a67e1206ea6c196924333d251329f06ac02d88adc3af,68288.6111269333,696.4794569753753,10118.03111436442,156.17075358044409,7017.775391106237,7542.959898352902,1.1368683772161603e-13,0.0,0.0,0.014923528993676882,2.148988175089471,True,False,False,m1,0.6,8,5989.70581488095,False,False,2025-06-10;2025-06-17;2025-06-24;2025-07-01,2025-07-01;2025-07-02;2025-07-03;2025-07-04;2025-07-05;2025-07-06;2025-07-07,2025-07-07,2025-06-12;2025-06-13;2025-06-15;2025-06-18;2025-06-21;2025-06-24;2025-06-27;2025-07-01,False,0.010341749992221594,0.0,38785.868019339214,feb_dec_output,registered_boundary_E_INITIAL_6000,8,2025-07-02,nan,True,"{""q"": [144], ""emergency"": [144], ""terminal_value"": [], ""x"": [144], ""soc"": [145], ""charge"": [144], ""discharge"": [144], ""curtailment"": [144]}"
2025-07-09,42418.379334224024,29261.133610197605,71679.51294442163,67887.33882913803,46bd3bbc46ae2e45095f0f5d47f898d52558b214228307bc36fbfe8405baa00a,67678.11662796678,209.22220117124255,8508.72091912088,0.0,7542.959898352902,7670.676429511651,2.2737367544323206e-13,0.0,0.0,0.014460772491778092,2.0823512388160452,True,False,False,m1,0.6,8,5995.500980952381,False,False,2025-06-11;2025-06-18;2025-06-25;2025-07-02,2025-07-02;2025-07-03;2025-07-04;2025-07-05;2025-07-06;2025-07-07;2025-07-08,2025-07-08,2025-06-12;2025-06-13;2025-06-15;2025-06-18;2025-06-21;2025-06-24;2025-06-28;2025-07-01,False,0.009882582991849631,0.0,38968.67769178266,feb_dec_output,registered_boundary_E_INITIAL_6000,8,2025-07-02,nan,True,"{""q"": [144], ""emergency"": [144], ""terminal_value"": [], ""x"": [144], ""soc"": [145], ""charge"": [144], ""discharge"": [144], ""curtailment"": [144]}"
2025-07-10,39741.451667936344,25807.944410311673,65549.39607824801,61325.10668849708,81b024c8cf8a54fd0ba7814f06cac58cd2543ae90fa1c23f359fc5c76345622c,61081.79033528531,243.3163532117661,7116.061597071349,108.57304343862751,7670.676429511651,1239.4973069695754,2.2737367544323206e-13,0.0,0.0,0.015404079556093266,2.2181874560774304,True,False,False,m1,0.6,8,5752.484038095239,False,False,2025-06-12;2025-06-19;2025-06-26;2025-07-03,2025-07-03;2025-07-04;2025-07-05;2025-07-06;2025-07-07;2025-07-08;2025-07-09,2025-07-09,2025-06-12;2025-06-13;2025-06-15;2025-06-18;2025-06-21;2025-06-24;2025-06-28;2025-07-01,False,0.010779540985822678,0.0,19703.98800060176,feb_dec_output,registered_boundary_E_INITIAL_6000,8,2025-07-02,nan,True,"{""q"": [144], ""emergency"": [144], ""terminal_value"": [], ""x"": [144], ""soc"": [145], ""charge"": [144], ""discharge"": [144], ""curtailment"": [144]}"
2025-07-11,20239.516025668003,28584.789465337635,48824.30549100564,35535.81389278966,98ed331614c38cb7be848cc2164e2499c457b3a32a18814983e7f5ceb84587c4,34588.32210165581,947.4917911338515,8157.407437297882,9016.252143740574,1239.4973069695754,1200.0000000632572,1.1368683772161603e-13,0.0,0.0,0.015165277502496287,2.1837999603594653,True,False,False,m1,0.6,8,7206.185124404761,False,False,2025-06-13;2025-06-20;2025-06-27;2025-07-04,2025-07-04;2025-07-05;2025-07-06;2025-07-07;2025-07-08;2025-07-09;2025-07-10,2025-07-10,2025-06-13;2025-06-17;2025-06-18;2025-06-22;2025-06-24;2025-06-25;2025-07-01;2025-07-10,False,0.010017708991654217,0.0,19598.86625028944,feb_dec_output,registered_boundary_E_INITIAL_6000,8,2025-07-02,nan,True,"{""q"": [144], ""emergency"": [144], ""terminal_value"": [], ""x"": [144], ""soc"": [145], ""charge"": [144], ""discharge"": [144], ""curtailment"": [144]}"
2025-07-12,23115.551859229177,26737.396254110372,49852.948113339546,42631.32175211387,dd613e81df0f8812cb134aebe995bef76f805dcd6e59d2fee63f729f0ee036b4,41988.97349647133,642.3482556425466,6980.174008713751,10161.166873509444,1200.0000000632572,7379.791630567559,1.1368683772161603e-13,0.0,0.0,0.014584749687249618,2.100203954963945,True,False,False,m1,0.6,8,6959.607373214287,False,False,2025-06-14;2025-06-21;2025-06-28;2025-07-05,2025-07-05;2025-07-06;2025-07-07;2025-07-08;2025-07-09;2025-07-10;2025-07-11,2025-07-11,2025-06-17;2025-06-18;2025-06-21;2025-06-22;2025-06-24;2025-06-25;2025-07-01;2025-07-10,False,0.009991583996452391,0.0,38536.786388869936,feb_dec_output,registered_boundary_E_INITIAL_6000,8,2025-07-02,nan,True,"{""q"": [144], ""emergency"": [144], ""terminal_value"": [], ""x"": [144], ""soc"": [145], ""charge"": [144], ""discharge"": [144], ""curtailment"": [144]}"
2025-07-13,42508.44122957856,20684.67537862326,63193.11660820182,68183.8883751089,885dd91ec992f02775e25dc53abf12c70450a18359b294a5458f900b3843ec78,67216.84370108962,967.0446740192874,5014.740654980537,1000.6799813755283,7379.791630567559,7443.656591610949,1.1368683772161603e-13,0.0,0.0,0.014868416117274642,2.1410519208875485,True,False,False,m1,0.6,8,7936.621563690476,False,False,2025-06-15;2025-06-22;2025-06-29;2025-07-06,2025-07-06;2025-07-07;2025-07-08;2025-07-09;2025-07-10;2025-07-11;2025-07-12,2025-07-12,2025-06-17;2025-06-18;2025-06-21;2025-06-24;2025-06-25;2025-07-01;2025-07-03;2025-07-10,False,0.00997024995740503,0.0,38826.912054799395,feb_dec_output,registered_boundary_E_INITIAL_6000,8,2025-07-02,nan,True,"{""q"": [144], ""emergency"": [144], ""terminal_value"": [], ""x"": [144], ""soc"": [145], ""charge"": [144], ""discharge"": [144], ""curtailment"": [144]}"
2025-07-14,41916.911218698966,26654.56578200629,68571.47700070526,66825.23817521436,3270290403e3c31557725b8d551fef38840c12ad9382399d7bf782d2447a11ed,66756.29156071367,68.94661450068543,6896.744341488314,0.0,7443.656591610949,7505.275626863946,2.2737367544323206e-13,0.0,0.0,0.015356652223999845,2.2113579202559777,True,False,False,m1,0.6,8,9043.605971428571,False,False,2025-06-16;2025-06-23;2025-06-30;2025-07-07,2025-07-07;2025-07-08;2025-07-09;2025-07-10;2025-07-11;2025-07-12;2025-07-13,2025-07-13,2025-06-17;2025-06-18;2025-06-22;2025-06-24;2025-07-01;2025-07-10;2025-07-11;2025-07-12,False,0.010401832987554371,0.0,40889.201440721816,feb_dec_output,registered_boundary_E_INITIAL_6000,8,2025-07-02,nan,True,"{""q"": [144], ""emergency"": [144], ""terminal_value"": [], ""x"": [144], ""soc"": [145], ""charge"": [144], ""discharge"": [144], ""curtailment"": [144]}"
2025-07-15,44366.69731936749,19433.074603343804,63799.7719227113,70520.86206283963,7885c57446cb3963ff5ec1b97c6a9b451ea97296b912dbdc27426f73fb85dda0,70066.49914597826,454.36291686136815,5758.903981683157,641.1416427993407,7505.275626863946,8099.14454069824,1.1368683772161603e-13,0.0,0.0,0.015048970804653235,2.1670517958700657,True,False,False,m1,0.6,8,8828.015213690474,False,False,2025-06-17;2025-06-24;2025-07-01;2025-07-08,2025-07-08;2025-07-09;2025-07-10;2025-07-11;2025-07-12;2025-07-13;2025-07-14,2025-07-14,2025-06-17;2025-06-18;2025-06-22;2025-06-24;2025-07-01;2025-07-10;2025-07-11;2025-07-12,False,0.011023541039321572,0.0,40370.21691122193,feb_dec_output,registered_boundary_E_INITIAL_6000,8,2025-07-02,nan,True,"{""q"": [144], ""emergency"": [144], ""terminal_value"": [], ""x"": [144], ""soc"": [145], ""charge"": [144], ""discharge"": [144], ""curtailment"": [144]}"
2025-07-16,43205.82192427413,20021.736915673122,63227.558839947254,68952.7563110933,96aaf157b19c34dee850bb4f6ec1f175be75b79ed86c9818fd13a135103c3b7d,68707.98246340064,244.7738476926542,5395.711979296491,539.053653940847,8099.14454069824,7698.658990810412,2.2737367544323206e-13,0.0,0.0,0.016535879923240928,2.3811667089466937,True,False,False,m2,0.6,8,7403.047299999998,False,False,2025-06-18;2025-06-25;2025-07-02;2025-07-09,2025-07-09;2025-07-10;2025-07-11;2025-07-12;2025-07-13;2025-07-14;2025-07-15,2025-07-15,2025-06-18;2025-06-22;2025-06-24;2025-06-25;2025-07-02;2025-07-06;2025-07-10;2025-07-13,False,0.010588541976176202,0.0,40148.42691356667,feb_dec_output,registered_boundary_E_INITIAL_6000,8,2025-07-16,nan,True,"{""q"": [144], ""emergency"": [144], ""terminal_value"": [], ""x"": [144], ""soc"": [145], ""charge"": [144], ""discharge"": [144], ""curtailment"": [144]}"
2025-07-17,40991.716603921865,20252.294841591745,61244.011445513606,62128.05626683797,efedf950ed90480a910e9e99ebd2fc81f3f24449b9202893a14b561389d1cb3d,62053.561477513,74.494789324978,5853.227045422119,0.0,7698.658990810412,1254.7235302673873,1.1368683772161603e-13,0.0,0.0,0.014944114799113272,2.151952531072311,True,False,False,m2,0.6,8,10139.642566666666,False,False,2025-06-19;2025-06-26;2025-07-03;2025-07-10,2025-07-10;2025-07-11;2025-07-12;2025-07-13;2025-07-14;2025-07-15;2025-07-16,2025-07-16,2025-06-23;2025-06-24;2025-06-29;2025-07-03;2025-07-10;2025-07-11;2025-07-13;2025-07-15,False,0.01117537496611476,0.0,21803.874164367484,feb_dec_output,registered_boundary_E_INITIAL_6000,8,2025-07-16,nan,True,"{""q"": [144], ""emergency"": [144], ""terminal_value"": [], ""x"": [144], ""soc"": [145], ""charge"": [144], ""discharge"": [144], ""curtailment"": [144]}"
2025-07-18,22522.17218911132,16312.642335783858,38834.81452489518,38566.52190074281,a212b7b35cdae959b0b2fca487f217a07e6adfbdb78869750c164971dee21537,37405.48898666408,1161.0329140787305,4389.82101302091,9175.127347399568,1254.7235302673873,1342.610261813611,1.1368683772161603e-13,0.0,0.0,0.014655244788931062,2.110355249606073,True,False,False,m2,0.6,8,10139.642566666666,False,False,2025-06-20;2025-06-27;2025-07-04;2025-07-11,2025-07-11;2025-07-12;2025-07-13;2025-07-14;2025-07-15;2025-07-16;2025-07-17,2025-07-17,2025-06-23;2025-06-24;2025-06-29;2025-07-03;2025-07-10;2025-07-11;2025-07-13;2025-07-15,False,0.010112542018759996,0.0,21930.484966212945,feb_dec_output,registered_boundary_E_INITIAL_6000,8,2025-07-16,nan,True,"{""q"": [144], ""emergency"": [144], ""terminal_value"": [], ""x"": [144], ""soc"": [145], ""charge"": [144], ""discharge"": [144], ""curtailment"": [144]}"
2025-07-19,25543.400006431955,16272.23128902775,41815.63129545971,45569.97443901579,f1b021c24c09fae921eaf538a06bf93eb1e6a48173a9e17dade2a18f395379ab,43607.591191283296,1962.3832477324868,4071.8740076367662,12537.024904130423,1342.610261813611,7768.684798476053,1.1368683772161603e-13,0.0,0.0,0.014648909736731892,2.1094430020893924,True,False,False,m2,0.6,8,9831.251508333335,False,False,2025-06-21;2025-06-28;2025-07-05;2025-07-12,2025-07-12;2025-07-13;2025-07-14;2025-07-15;2025-07-16;2025-07-17;2025-07-18,2025-07-18,2025-06-22;2025-06-30;2025-07-03;2025-07-06;2025-07-10;2025-07-13;2025-07-15;2025-07-18,False,0.009586874977685511,0.0,40066.161839201806,feb_dec_output,registered_boundary_E_INITIAL_6000,8,2025-07-16,nan,True,"{""q"": [144], ""emergency"": [144], ""terminal_value"": [], ""x"": [144], ""soc"": [145], ""charge"": [144], ""discharge"": [144], ""curtailment"": [144]}"
2025-07-20,43410.106854553414,18657.7075076911,62067.81436224451,68164.75883813624,50c61a8f7a02d1f691d079f9d02b16b46ece905f508b8fc434e9933e908ce6ba,67918.66261102182,246.09622711441727,5985.8270862853715,0.0,7768.684798476053,7739.673716652903,1.1368683772161603e-13,0.0,0.0,0.01452179109239498,2.091137917304877,True,False,False,m2,0.6,8,9616.328183333335,False,False,2025-06-22;2025-06-29;2025-07-06;2025-07-13,2025-07-13;2025-07-14;2025-07-15;2025-07-16;2025-07-17;2025-07-18;2025-07-19,2025-07-19,2025-06-29;2025-07-02;2025-07-10;2025-07-11;2025-07-13;2025-07-16;2025-07-18;2025-07-19,False,0.0101189169799909,0.0,40201.738084167366,feb_dec_output,registered_boundary_E_INITIAL_6000,8,2025-07-16,nan,True,"{""q"": [144], ""emergency"": [144], ""terminal_value"": [], ""x"": [144], ""soc"": [145], ""charge"": [144], ""discharge"": [144], ""curtailment"": [144]}"
2025-07-21,43943.90271225544,23488.432721984347,67432.3354342398,69002.29111507237,6157d93247073326f4650e9d00f86dfb2454be62329165ec2d94a9cc81eeea28,68979.31518819838,22.975926873994126,7245.994674589252,0.0,7739.673716652903,8071.740408235799,1.1368683772161603e-13,0.0,0.0,0.014888082765941767,2.1438839182956144,True,False,False,m2,0.6,8,8360.873558333333,False,False,2025-06-23;2025-06-30;2025-07-07;2025-07-14,2025-07-14;2025-07-15;2025-07-16;2025-07-17;2025-07-18;2025-07-19;2025-07-20,2025-07-20,2025-06-25;2025-07-02;2025-07-10;2025-07-13;2025-07-16;2025-07-18;2025-07-19;2025-07-20,False,0.010549083992373198,0.0,43947.40877782065,feb_dec_output,registered_boundary_E_INITIAL_6000,8,2025-07-16,nan,True,"{""q"": [144], ""emergency"": [144], ""terminal_value"": [], ""x"": [144], ""soc"": [145], ""charge"": [144], ""discharge"": [144], ""curtailment"": [144]}"
2025-07-22,47758.81273781308,7574.85426708827,55333.66700490135,75108.01927249503,1cd4026cfeda91029ac8d773bcb79cef9c2fcd0478233b7269622fcd0f44ab0c,73906.74879244642,1201.2704800485972,2195.5196539439844,0.0,8071.740408235799,8465.873362766322,1.1368683772161603e-13,0.0,0.0,0.015303327292106891,2.203679130063392,True,False,False,m2,0.6,8,8105.512725,False,False,2025-06-24;2025-07-01;2025-07-08;2025-07-15,2025-07-15;2025-07-16;2025-07-17;2025-07-18;2025-07-19;2025-07-20;2025-07-21,2025-07-21,2025-06-25;2025-07-02;2025-07-10;2025-07-13;2025-07-16;2025-07-18;2025-07-19;2025-07-20,False,0.01022150000790134,0.0,44288.868864598786,feb_dec_output,registered_boundary_E_INITIAL_6000,8,2025-07-16,nan,True,"{""q"": [144], ""emergency"": [144], ""terminal_value"": [], ""x"": [144], ""soc"": [145], ""charge"": [144], ""discharge"": [144], ""curtailment"": [144]}"
2025-07-23,47474.01885739784,9256.640972010442,56730.65982940828,74630.97463323062,79409cd44ee91c7faccc33db569c5c569d75d4a2eeee9738691ecd9aa3f8f9cb,73657.5474052919,973.4272279387258,2851.3420423394687,351.4014882309457,8465.873362766322,8420.029878786208,1.1368683772161603e-13,0.0,0.0,0.015205404272516413,2.1895782152423635,True,False,False,m2,0.6,8,8927.204158333334,False,False,2025-06-25;2025-07-02;2025-07-09;2025-07-16,2025-07-16;2025-07-17;2025-07-18;2025-07-19;2025-07-20;2025-07-21;2025-07-22,2025-07-22,2025-06-25;2025-07-02;2025-07-06;2025-07-10;2025-07-13;2025-07-16;2025-07-19;2025-07-20,False,0.01093633403070271,0.0,44276.75511949722,feb_dec_output,registered_boundary_E_INITIAL_6000,8,2025-07-16,nan,True,"{""q"": [144], ""emergency"": [144], ""terminal_value"": [], ""x"": [144], ""soc"": [145], ""charge"": [144], ""discharge"": [144], ""curtailment"": [144]}"
2025-07-24,45055.616101723994,10111.270618958533,55166.88672068252,68362.26053281306,12c796af8d9cb661de7b1408cb9259cee1f739e6a031d50d7ddf2b28950a9a9a,67065.51916399677,1296.741368816301,2955.56608684497,763.1142087243032,8420.029878786208,2552.2365270060354,2.2737367544323206e-13,0.0,0.0,0.015001335952547379,2.1601923771668226,True,False,False,m2,0.6,8,9491.709025,False,False,2025-06-26;2025-07-03;2025-07-10;2025-07-17,2025-07-17;2025-07-18;2025-07-19;2025-07-20;2025-07-21;2025-07-22;2025-07-23,2025-07-23,2025-07-02;2025-07-06;2025-07-10;2025-07-11;2025-07-13;2025-07-16;2025-07-19;2025-07-20,False,0.010627791984006763,0.0,24667.441766967033,feb_dec_output,registered_boundary_E_INITIAL_6000,8,2025-07-16,nan,True,"{""q"": [144], ""emergency"": [144], ""terminal_value"": [], ""x"": [144], ""soc"": [145], ""charge"": [144], ""discharge"": [144], ""curtailment"": [144]}"
2025-07-25,24733.61031152748,6463.671798022531,31197.28210955001,41523.812141641654,a4ad5f1e2f2be066fbbe93efd290fe287cc477d1883b089df377fd00e511a5bc,39065.26696220378,2458.5451794378714,1287.342837837409,12140.428086531942,2552.2365270060354,3077.2340248308337,6.966649479522857e-14,0.0,0.0,0.014625726300841456,2.1061045873211697,True,False,False,m2,0.6,8,7843.532675000001,False,False,2025-06-27;2025-07-04;2025-07-11;2025-07-18,2025-07-18;2025-07-19;2025-07-20;2025-07-21;2025-07-22;2025-07-23;2025-07-24,2025-07-24,2025-07-02;2025-07-10;2025-07-11;2025-07-13;2025-07-16;2025-07-19;2025-07-20;2025-07-24,False,0.009709499950986356,0.0,24802.596661697276,feb_dec_output,registered_boundary_E_INITIAL_6000,8,2025-07-16,nan,True,"{""q"": [144], ""emergency"": [144], ""terminal_value"": [], ""x"": [144], ""soc"": [145], ""charge"": [144], ""discharge"": [144], ""curtailment"": [144]}"
2025-07-26,27861.926192144627,5589.582292111776,33451.5084842564,48162.843193698805,5373d8a1f2f3016c3d1d4abbeb413e6946f38bb32f81bd68a3d354a641240250,45495.88265194749,2666.9605417513117,1418.3708967374375,10944.068574133704,3077.2340248308337,9003.786846722234,1.1368683772161603e-13,0.0,0.0,0.014588700854397353,2.100772923033219,True,False,False,m2,0.6,8,7925.199891666667,False,False,2025-06-28;2025-07-05;2025-07-12;2025-07-19,2025-07-19;2025-07-20;2025-07-21;2025-07-22;2025-07-23;2025-07-24;2025-07-25,2025-07-25,2025-07-02;2025-07-11;2025-07-13;2025-07-14;2025-07-18;2025-07-19;2025-07-20;2025-07-24,False,0.009634124988224357,0.0,44218.66039404564,feb_dec_output,registered_boundary_E_INITIAL_6000,8,2025-07-16,nan,True,"{""q"": [144], ""emergency"": [144], ""terminal_value"": [], ""x"": [144], ""soc"": [145], ""charge"": [144], ""discharge"": [144], ""curtailment"": [144]}"
2025-07-27,47066.10010878007,6738.227721312864,53804.32783009293,73865.48546135431,bd66b9d9875003760bc85f8f7313a226a90dd0a0328962ebfcb8e363034b1d79,72909.9002708562,955.5851904981105,2431.976547561171,51.30620334086514,9003.786846722234,8541.403664656196,1.1368683772161603e-13,0.0,0.0,0.015077845501057001,2.1712097521522082,True,False,False,m2,0.6,8,7310.336591666668,False,False,2025-06-29;2025-07-06;2025-07-13;2025-07-20,2025-07-20;2025-07-21;2025-07-22;2025-07-23;2025-07-24;2025-07-25;2025-07-26,2025-07-26,2025-07-02;2025-07-07;2025-07-11;2025-07-13;2025-07-18;2025-07-19;2025-07-24;2025-07-26,False,0.009944292018190026,0.0,44314.6821996499,feb_dec_output,registered_boundary_E_INITIAL_6000,8,2025-07-16,nan,True,"{""q"": [144], ""emergency"": [144], ""terminal_value"": [], ""x"": [144], ""soc"": [145], ""charge"": [144], ""discharge"": [144], ""curtailment"": [144]}"
2025-07-28,47604.96229006376,15841.379451656925,63446.34174172069,74979.86421649028,aa97ce3eea6fdb85337d072c43c5722852fcad3e1d5544464d64071fcfc20ee2,74385.80381002335,594.0604064669441,5533.092547272731,0.0,8541.403664656196,8449.553486369892,1.1368683772161603e-13,0.0,0.0,0.015186023185783092,2.186787338752765,True,False,False,m2,0.6,8,6863.432049999999,False,False,2025-06-30;2025-07-07;2025-07-14;2025-07-21,2025-07-21;2025-07-22;2025-07-23;2025-07-24;2025-07-25;2025-07-26;2025-07-27,2025-07-27,2025-06-30;2025-07-02;2025-07-07;2025-07-13;2025-07-18;2025-07-19;2025-07-24;2025-07-26,False,0.010328917007427663,0.0,45658.078591153986,feb_dec_output,registered_boundary_E_INITIAL_6000,8,2025-07-16,nan,True,"{""q"": [144], ""emergency"": [144], ""terminal_value"": [], ""x"": [144], ""soc"": [145], ""charge"": [144], ""discharge"": [144], ""curtailment"": [144]}"
2025-07-29,49079.33791068192,8829.011854070508,57908.34976475243,77473.15410081975,23c66b856e8ce1d40e9cf9676e9815473e3080dbcad2f528737cb332ca25b85e,75379.44586402841,2093.7082367913395,3184.009803387187,74.1232222833307,8449.553486369892,8873.859030416781,1.1368683772161603e-13,0.0,0.0,0.014915742460289039,2.1478669142816216,True,False,False,m2,0.6,8,7090.418883333334,False,False,2025-07-01;2025-07-08;2025-07-15;2025-07-22,2025-07-22;2025-07-23;2025-07-24;2025-07-25;2025-07-26;2025-07-27;2025-07-28,2025-07-28,2025-07-02;2025-07-07;2025-07-11;2025-07-13;2025-07-19;2025-07-24;2025-07-26;2025-07-28,False,0.010698458005208522,0.0,45779.867940587035,feb_dec_output,registered_boundary_E_INITIAL_6000,8,2025-07-16,nan,True,"{""q"": [144], ""emergency"": [144], ""terminal_value"": [], ""x"": [144], ""soc"": [145], ""charge"": [144], ""discharge"": [144], ""curtailment"": [144]}"
2025-07-30,49546.55556844695,3591.7444209865744,53138.29998943352,78375.91623615715,f8454fffef833a940f1c2adfc3a9c13d0d1aa9659a0170d0a38f8f51cd6d86ac,75978.43079690551,2397.4854392516454,1167.4439761845038,1062.7133900539268,8873.859030416781,8872.678059900285,1.7053025658242404e-13,0.0,0.0,0.01634161691739185,2.3531928361044265,True,False,False,m3,0.6,8,9294.74859869047,False,False,2025-07-02;2025-07-09;2025-07-16;2025-07-23,2025-07-23;2025-07-24;2025-07-25;2025-07-26;2025-07-27;2025-07-28;2025-07-29,2025-07-29,2025-07-02;2025-07-03;2025-07-05;2025-07-07;2025-07-16;2025-07-19;2025-07-24;2025-07-28,False,0.01054137502796948,0.0,46250.03242852315,feb_dec_output,registered_boundary_E_INITIAL_6000,8,2025-07-30,nan,True,"{""q"": [144], ""emergency"": [144], ""terminal_value"": [], ""x"": [144], ""soc"": [145], ""charge"": [144], ""discharge"": [144], ""curtailment"": [144]}"
2025-07-31,46597.03356490853,4248.846970694091,50845.88053560262,71705.66805594091,48983282e4b03f63f36c875e9c211e083772408d693c956b79cfea1f3aad4acb,69780.64819480106,1925.019861139842,1162.3525118565094,304.4138838698357,8872.678059900285,3112.9525510450558,2.2737367544323206e-13,0.0,0.0,0.015146325504045106,2.181070872582495,True,False,False,m3,0.6,8,5611.168345357138,False,False,2025-07-03;2025-07-10;2025-07-17;2025-07-24,2025-07-24;2025-07-25;2025-07-26;2025-07-27;2025-07-28;2025-07-29;2025-07-30,2025-07-30,2025-07-05;2025-07-07;2025-07-11;2025-07-16;2025-07-19;2025-07-24;2025-07-26;2025-07-28,False,0.010808459017425776,0.0,24603.802301044565,feb_dec_output,registered_boundary_E_INITIAL_6000,8,2025-07-30,nan,True,"{""q"": [144], ""emergency"": [144], ""terminal_value"": [], ""x"": [144], ""soc"": [145], ""charge"": [144], ""discharge"": [144], ""curtailment"": [144]}"
2025-08-01,24961.76365654761,4175.425799913292,29137.189456460903,41773.67478229239,f60c6b2a9ca4771c83f9c8080dcdd444c57b8e615cd24daf087129456fef1669,39003.27999589266,2770.394786399731,817.6575382424645,16840.69156525521,3112.9525510450558,3628.8460660492565,2.2737367544323206e-13,0.0,0.0,0.014291424212488992,2.057965086598415,True,False,False,m3,0.6,8,5775.420106785711,False,False,2025-07-04;2025-07-11;2025-07-18;2025-07-25,2025-07-25;2025-07-26;2025-07-27;2025-07-28;2025-07-29;2025-07-30;2025-07-31,2025-07-31,2025-07-05;2025-07-07;2025-07-11;2025-07-19;2025-07-21;2025-07-24;2025-07-26;2025-07-28,False,0.010284499963745475,0.0,25016.3397786802,feb_dec_output,registered_boundary_E_INITIAL_6000,8,2025-07-30,nan,True,"{""q"": [144], ""emergency"": [144], ""terminal_value"": [], ""x"": [144], ""soc"": [145], ""charge"": [144], ""discharge"": [144], ""curtailment"": [144]}"
2025-08-02,27382.819428443043,3115.2316705702265,30498.051099013268,47506.951281878355,5ed45e4c30dd0ddcc31d7511cedfb3e9dafb5f1f2ce06db5313674f1e5576d80,44199.31345020604,3307.6378316723085,547.8423488472824,16527.455059764874,3628.8460660492565,9341.486438527738,1.1368683772161603e-13,0.0,0.0,0.014596811000147782,2.1019407840212807,True,False,False,m3,0.6,8,5375.3269324999965,False,False,2025-07-05;2025-07-12;2025-07-19;2025-07-26,2025-07-26;2025-07-27;2025-07-28;2025-07-29;2025-07-30;2025-07-31;2025-08-01,2025-08-01,2025-07-07;2025-07-11;2025-07-13;2025-07-19;2025-07-21;2025-07-24;2025-07-26;2025-07-28,False,0.009842125000432134,0.0,44855.96280215889,feb_dec_output,registered_boundary_E_INITIAL_6000,8,2025-07-30,nan,True,"{""q"": [144], ""emergency"": [144], ""terminal_value"": [], ""x"": [144], ""soc"": [145], ""charge"": [144], ""discharge"": [144], ""curtailment"": [144]}"
2025-08-03,46789.76702785067,1803.6565819572734,48593.42360980794,73281.31812941481,101d44ce2a63294d14542516b6daf24ceba45ff008ce221128fce2d469f7e005,68104.81915456464,5176.498974850176,305.5932643046333,4846.380567812024,9341.486438527738,8361.5706442698,1.1368683772161603e-13,0.0,0.0,0.014970012702785121,2.1556818292010576,True,False,False,m3,0.6,8,5009.995298571426,False,False,2025-07-06;2025-07-13;2025-07-20;2025-07-27,2025-07-27;2025-07-28;2025-07-29;2025-07-30;2025-07-31;2025-08-01;2025-08-02,2025-08-02,2025-07-11;2025-07-13;2025-07-14;2025-07-19;2025-07-21;2025-07-24;2025-07-26;2025-07-28,False,0.010483542049769312,0.0,44119.12032844457,feb_dec_output,registered_boundary_E_INITIAL_6000,8,2025-07-30,nan,True,"{""q"": [144], ""emergency"": [144], ""terminal_value"": [], ""x"": [144], ""soc"": [145], ""charge"": [144], ""discharge"": [144], ""curtailment"": [144]}"
2025-08-04,46010.76380415787,1487.374158912651,47498.13796307052,71950.07213809792,d3b75dc9e5946511cf1bcbb32159ad8b00b2176eb5a2744093da955a69d7546b,68811.60660949402,3138.4655286039065,290.04175739922636,1448.0363218062237,8361.5706442698,8844.89138462403,1.1368683772161603e-13,0.0,0.0,0.014989424159769746,2.1584770790068433,True,False,False,m3,0.6,8,5087.58458940476,False,False,2025-07-07;2025-07-14;2025-07-21;2025-07-28,2025-07-28;2025-07-29;2025-07-30;2025-07-31;2025-08-01;2025-08-02;2025-08-03,2025-08-03,2025-07-07;2025-07-11;2025-07-19;2025-07-21;2025-07-24;2025-07-26;2025-07-28;2025-08-01,False,0.01034300000173971,0.0,42802.67685356953,feb_dec_output,registered_boundary_E_INITIAL_6000,8,2025-07-30,nan,True,"{""q"": [144], ""emergency"": [144], ""terminal_value"": [], ""x"": [144], ""soc"": [145], ""charge"": [144], ""discharge"": [144], ""curtailment"": [144]}"
2025-08-05,44698.53703281061,1653.0889876787087,46351.62602048932,69909.88964101224,33bbed059daa3fe81ea6e39ca0bea4a017b7113e5f775b85a377a35d9eef864d,67050.73888288732,2859.1507581249107,674.1185834289115,897.8074907709313,8844.89138462403,8742.03778991992,1.1368683772161603e-13,0.0,0.0,0.01493417360769753,2.150520999508444,True,False,False,m3,0.6,8,2715.880520357139,False,False,2025-07-08;2025-07-15;2025-07-22;2025-07-29,2025-07-29;2025-07-30;2025-07-31;2025-08-01;2025-08-02;2025-08-03;2025-08-04,2025-08-04,2025-07-11;2025-07-19;2025-07-24;2025-07-26;2025-07-28;2025-07-31;2025-08-01;2025-08-04,False,0.010037917003501207,0.0,41744.41273573693,feb_dec_output,registered_boundary_E_INITIAL_6000,8,2025-07-30,nan,True,"{""q"": [144], ""emergency"": [144], ""terminal_value"": [], ""x"": [144], ""soc"": [145], ""charge"": [144], ""discharge"": [144], ""curtailment"": [144]}"
2025-08-06,44221.853635560576,11219.198258594735,55441.05189415531,69301.54535648829,1b7b7fe3b7c0c8b7862dbaf6d4bbf83333a7bc674b4235e2322c0c3757894b33,67038.38983155534,2263.155524932944,3214.854703828404,545.0522373637947,8742.03778991992,8554.16735972269,2.2737367544323206e-13,0.0,0.0,0.016411308186232217,2.363228378817439,True,False,False,m3,0.6,8,2385.541529166663,False,False,2025-07-09;2025-07-16;2025-07-23;2025-07-30,2025-07-30;2025-07-31;2025-08-01;2025-08-02;2025-08-03;2025-08-04;2025-08-05,2025-08-05,2025-07-11;2025-07-16;2025-07-17;2025-07-18;2025-07-22;2025-08-01;2025-08-04;2025-08-05,False,0.01051795802777633,0.0,40884.52567572118,feb_dec_output,registered_boundary_E_INITIAL_6000,8,2025-07-30,nan,True,"{""q"": [144], ""emergency"": [144], ""terminal_value"": [], ""x"": [144], ""soc"": [145], ""charge"": [144], ""discharge"": [144], ""curtailment"": [144]}"
2025-08-07,41565.08177639921,236.7822194370354,41801.86399583625,62726.440198926946,de5e1f11c967e3ee23d24542ad93e1694296315b6bacc0947f90202ce00d2d8b,60313.8206535532,2412.6195453737446,35.05582743998056,1351.1123882623715,8554.16735972269,2640.040933976223,1.1368683772161603e-13,0.0,0.0,0.014550822613172285,2.095318456296809,True,False,False,m3,0.6,8,1896.6733653571387,False,False,2025-07-10;2025-07-17;2025-07-24;2025-07-31,2025-07-31;2025-08-01;2025-08-02;2025-08-03;2025-08-04;2025-08-05;2025-08-06,2025-08-06,2025-07-11;2025-07-15;2025-07-17;2025-07-18;2025-07-24;2025-08-01;2025-08-04;2025-08-05,False,0.009754290978889912,0.0,22684.977974651483,feb_dec_output,registered_boundary_E_INITIAL_6000,8,2025-07-30,nan,True,"{""q"": [144], ""emergency"": [144], ""terminal_value"": [], ""x"": [144], ""soc"": [145], ""charge"": [144], ""discharge"": [144], ""curtailment"": [144]}"
2025-08-08,22740.53936312579,877.6827407444167,23618.22210387021,39020.15493131493,f85ecf2d5d0a4e7bd3886f8d4759a33dea39ba49ad0bfe416dba311f9d7b6e40,37537.19128805105,1482.9636432638833,213.599736075774,20522.184135179887,2640.040933976223,2842.0145861134574,1.1368683772161603e-13,0.0,0.0,0.014270271992750673,2.054919166956097,True,False,False,m3,0.6,8,1443.5586315476144,False,False,2025-07-11;2025-07-18;2025-07-25;2025-08-01,2025-08-01;2025-08-02;2025-08-03;2025-08-04;2025-08-05;2025-08-06;2025-08-07,2025-08-07,2025-07-11;2025-07-17;2025-07-18;2025-07-24;2025-08-01;2025-08-04;2025-08-05;2025-08-07,False,0.009404999960679561,0.0,22447.18003568784,feb_dec_output,registered_boundary_E_INITIAL_6000,8,2025-07-30,nan,True,"{""q"": [144], ""emergency"": [144], ""terminal_value"": [], ""x"": [144], ""soc"": [145], ""charge"": [144], ""discharge"": [144], ""curtailment"": [144]}"
2025-08-09,25202.577087761874,1637.85013980456,26840.427227566433,44972.623669404384,3933dae90c8d53a38614548ff5fb4e6c6d39df99619eac6121d84de73d4b9e1b,43797.9346367759,1174.6890326284772,482.857664986235,18125.521706250478,2842.0145861134574,8510.255897880508,1.1368683772161603e-13,0.0,0.0,0.015029626403298203,2.1642662020749412,True,False,False,m3,0.6,8,992.7926470238057,False,False,2025-07-12;2025-07-19;2025-07-26;2025-08-02,2025-08-02;2025-08-03;2025-08-04;2025-08-05;2025-08-06;2025-08-07;2025-08-08,2025-08-08,2025-07-15;2025-07-17;2025-07-18;2025-07-24;2025-08-03;2025-08-04;2025-08-05;2025-08-07,False,0.00981833296827972,0.0,40241.19888888999,feb_dec_output,registered_boundary_E_INITIAL_6000,8,2025-07-30,nan,True,"{""q"": [144], ""emergency"": [144], ""terminal_value"": [], ""x"": [144], ""soc"": [145], ""charge"": [144], ""discharge"": [144], ""curtailment"": [144]}"
2025-08-10,43445.29933120256,6435.617971600186,49880.91730280274,67650.06146775206,6b10aa0716e3f42a074f91d936bc31c827daebf7889f3100382085039baf5789,65731.58344099525,1918.4780267568067,2196.225127231321,925.3043635495952,8510.255897880508,8472.700345583133,1.1368683772161603e-13,0.0,0.0,0.014532996310865402,2.092751468764618,True,False,False,m3,0.6,8,1113.5073845238066,False,False,2025-07-13;2025-07-20;2025-07-27;2025-08-03,2025-08-03;2025-08-04;2025-08-05;2025-08-06;2025-08-07;2025-08-08;2025-08-09,2025-08-09,2025-07-17;2025-07-24;2025-07-28;2025-08-03;2025-08-04;2025-08-05;2025-08-07;2025-08-09,False,0.01014354097424075,0.0,40362.5813818476,feb_dec_output,registered_boundary_E_INITIAL_6000,8,2025-07-30,nan,True,"{""q"": [144], ""emergency"": [144], ""terminal_value"": [], ""x"": [144], ""soc"": [145], ""charge"": [144], ""discharge"": [144], ""curtailment"": [144]}"
2025-08-11,43520.75894140359,5121.787134114444,48642.54607551803,68211.60034051583,603c36eae26fe08872c69baf401ea49af19ab44ab0f72511abfe343664e8234e,65641.08121425578,2570.5191262600497,1352.7273598642496,539.1839201097896,8472.700345583133,8527.449373480868,1.4210854715202004e-13,0.0,0.0,0.014558552103456654,2.096431502897758,True,False,False,m3,0.6,8,801.2372278571402,False,False,2025-07-14;2025-07-21;2025-07-28;2025-08-04,2025-08-04;2025-08-05;2025-08-06;2025-08-07;2025-08-08;2025-08-09;2025-08-10,2025-08-10,2025-07-17;2025-07-24;2025-07-28;2025-08-03;2025-08-04;2025-08-05;2025-08-07;2025-08-10,False,0.009503458975814283,0.0,40034.81823179356,feb_dec_output,registered_boundary_E_INITIAL_6000,8,2025-07-30,nan,True,"{""q"": [144], ""emergency"": [144], ""terminal_value"": [], ""x"": [144], ""soc"": [145], ""charge"": [144], ""discharge"": [144], ""curtailment"": [144]}"
2025-08-12,43172.831854880365,12773.571197248328,55946.40305212869,67517.23588441145,a2d404ea009482666e94dc8c04ccbad5261cdc304b49b632b156123fd6fa635d,65590.76516416672,1926.470720244732,3911.5629736580695,36.756149999999934,8527.449373480868,8474.37395776063,2.2737367544323206e-13,0.0,0.0,0.0148797898752188,2.142689742031507,True,False,False,m3,0.6,8,1044.9974534523767,False,False,2025-07-15;2025-07-22;2025-07-29;2025-08-05,2025-08-05;2025-08-06;2025-08-07;2025-08-08;2025-08-09;2025-08-10;2025-08-11,2025-08-11,2025-07-17;2025-07-24;2025-07-28;2025-08-03;2025-08-04;2025-08-05;2025-08-07;2025-08-10,False,0.010176167008467019,0.0,40241.354498246794,feb_dec_output,registered_boundary_E_INITIAL_6000,8,2025-07-30,nan,True,"{""q"": [144], ""emergency"": [144], ""terminal_value"": [], ""x"": [144], ""soc"": [145], ""charge"": [144], ""discharge"": [144], ""curtailment"": [144]}"
2025-08-13,43773.197548458964,5452.710712613618,49225.90826107258,68502.68318150396,add81f6b7d4aa35b864f17dc650d2e5672f3bfb5ae437c9b2964e8510a996147,66077.19086458896,2425.4923169149893,2060.013094020324,9.416069914891523e-07,8474.37395776063,8699.678375106363,2.2737367544323206e-13,0.0,0.0,0.01425400285249149,2.0525764107587747,True,False,False,m3,0.6,8,1162.479250595234,False,False,2025-07-16;2025-07-23;2025-07-30;2025-08-06,2025-08-06;2025-08-07;2025-08-08;2025-08-09;2025-08-10;2025-08-11;2025-08-12,2025-08-12,2025-07-17;2025-07-18;2025-07-24;2025-08-03;2025-08-04;2025-08-05;2025-08-07;2025-08-10,False,0.009992292034439743,0.0,40450.51436880594,feb_dec_output,registered_boundary_E_INITIAL_6000,8,2025-08-13,nan,True,"{""q"": [144], ""emergency"": [144], ""terminal_value"": [], ""x"": [144], ""soc"": [145], ""charge"": [144], ""discharge"": [144], ""curtailment"": [144]}"
2025-08-14,41030.89467921396,9255.525541323437,50286.4202205374,61839.60617118791,59a8acca66fe480d7d90dc5134fd2eb0066c4ae8af43f0a9351d8a73b01caf89,59468.12863501979,2371.477536168124,2366.528584384113,483.55236010827366,8699.678375106363,2583.423328719906,1.1901590823981678e-13,0.0,0.0,0.014608582756207196,2.103635916893836,True,False,False,m3,0.6,8,1471.0959485714257,False,False,2025-07-17;2025-07-24;2025-07-31;2025-08-07,2025-08-07;2025-08-08;2025-08-09;2025-08-10;2025-08-11;2025-08-12;2025-08-13,2025-08-13,2025-07-17;2025-07-18;2025-08-02;2025-08-03;2025-08-06;2025-08-07;2025-08-10;2025-08-13,False,0.009806749993003905,0.0,22536.009274012704,feb_dec_output,registered_boundary_E_INITIAL_6000,8,2025-08-13,nan,True,"{""q"": [144], ""emergency"": [144], ""terminal_value"": [], ""x"": [144], ""soc"": [145], ""charge"": [144], ""discharge"": [144], ""curtailment"": [144]}"
2025-08-15,22993.504706645694,3322.271142609282,26315.775849254976,39286.10760262511,aa3d19c486b538de5cacd82d60c848a865791fe307ce5b74d8e8e385dd86538b,38072.02284647218,1214.0847561529322,878.7012199523697,20386.58291453663,2583.423328719906,2733.162940074819,1.1368683772161603e-13,0.0,0.0,0.01424134751020271,2.0507540414691903,True,False,False,m3,0.6,8,1352.9691871428556,False,False,2025-07-18;2025-07-25;2025-08-01;2025-08-08,2025-08-08;2025-08-09;2025-08-10;2025-08-11;2025-08-12;2025-08-13;2025-08-14,2025-08-14,2025-07-18;2025-08-03;2025-08-05;2025-08-06;2025-08-07;2025-08-10;2025-08-13;2025-08-14,False,0.009379750001244247,0.0,22547.019608746064,feb_dec_output,registered_boundary_E_INITIAL_6000,8,2025-08-13,nan,True,"{""q"": [144], ""emergency"": [144], ""terminal_value"": [], ""x"": [144], ""soc"": [145], ""charge"": [144], ""discharge"": [144], ""curtailment"": [144]}"
2025-08-16,24976.655678512947,4345.752887000084,29322.408565513033,44654.947670228445,d1262b2d631acdc340e4f51bd0a3e532f2e77a99c4ecebd0618dcbb869358734,44085.81493868938,569.1327315390699,1089.2063309735577,20915.086731158965,2733.162940074819,8508.958323519046,1.1368683772161603e-13,0.0,0.0,0.014691355938137148,2.115555255091749,True,False,False,m3,0.6,8,461.0991399999985,False,False,2025-07-19;2025-07-26;2025-08-02;2025-08-09,2025-08-09;2025-08-10;2025-08-11;2025-08-12;2025-08-13;2025-08-14;2025-08-15,2025-08-15,2025-07-27;2025-08-02;2025-08-03;2025-08-05;2025-08-06;2025-08-07;2025-08-10;2025-08-13,False,0.009293499984778464,0.0,40419.349661430424,feb_dec_output,registered_boundary_E_INITIAL_6000,8,2025-08-13,nan,True,"{""q"": [144], ""emergency"": [144], ""terminal_value"": [], ""x"": [144], ""soc"": [145], ""charge"": [144], ""discharge"": [144], ""curtailment"": [144]}"
2025-08-17,43437.46237020058,4183.1434329730755,47620.605803173654,67584.20245635623,c887982623327380b4137114d8a8f10fe281bdc4bb0173bec4ecef04d0f311a2,65489.42026895528,2094.782187400946,1032.6412456905173,1557.1521806946457,8508.958323519046,8517.245854082745,1.2789769243681803e-13,0.0,0.0,0.014444353311975848,2.079986876924522,True,False,False,m3,0.6,8,925.6093198809501,False,False,2025-07-20;2025-07-27;2025-08-03;2025-08-10,2025-08-10;2025-08-11;2025-08-12;2025-08-13;2025-08-14;2025-08-15;2025-08-16,2025-08-16,2025-07-24;2025-07-27;2025-08-02;2025-08-03;2025-08-07;2025-08-10;2025-08-12;2025-08-13,False,0.009278583049308509,0.0,40264.71960621568,feb_dec_output,registered_boundary_E_INITIAL_6000,8,2025-08-13,nan,True,"{""q"": [144], ""emergency"": [144], ""terminal_value"": [], ""x"": [144], ""soc"": [145], ""charge"": [144], ""discharge"": [144], ""curtailment"": [144]}"
2025-08-18,43188.78578639025,9090.411103199913,52279.19688959017,67375.2951455951,7c2306a94e8a725106c0d74a33674eec3a7a21bb345fd5e32a9c1c80fe5098a4,65438.86783428375,1936.4273113113445,2000.43447410025,1171.1191836480057,8517.245854082745,8576.918024736402,2.2737367544323206e-13,0.0,0.0,0.014400536715483112,2.073677287029568,True,False,False,m3,0.6,8,951.5112676190446,False,False,2025-07-21;2025-07-28;2025-08-04;2025-08-11,2025-08-11;2025-08-12;2025-08-13;2025-08-14;2025-08-15;2025-08-16;2025-08-17,2025-08-17,2025-07-24;2025-08-02;2025-08-03;2025-08-07;2025-08-10;2025-08-12;2025-08-13;2025-08-14,False,0.009586458036210388,0.0,39997.51652147744,feb_dec_output,registered_boundary_E_INITIAL_6000,8,2025-08-13,nan,True,"{""q"": [144], ""emergency"": [144], ""terminal_value"": [], ""x"": [144], ""soc"": [145], ""charge"": [144], ""discharge"": [144], ""curtailment"": [144]}"
2025-08-19,43115.388278251616,6589.923647398562,49705.31192565018,66971.52616035391,bc62a2f233edb71269e5239052cc55c5f1d111ba8b4476f6908cf615f9e4c6ef,65553.40796068465,1418.1181996692544,2101.6081932024736,1694.250462284468,8576.918024736402,8451.771997729871,1.6697754290362354e-13,0.0,0.0,0.01456429537655721,2.0972585342242382,True,False,False,m3,0.6,8,1179.9953376190451,False,False,2025-07-22;2025-07-29;2025-08-05;2025-08-12,2025-08-12;2025-08-13;2025-08-14;2025-08-15;2025-08-16;2025-08-17;2025-08-18,2025-08-18,2025-07-24;2025-07-28;2025-08-03;2025-08-04;2025-08-07;2025-08-12;2025-08-13;2025-08-18,False,0.009587915963493288,0.0,40060.53387708339,feb_dec_output,registered_boundary_E_INITIAL_6000,8,2025-08-13,nan,True,"{""q"": [144], ""emergency"": [144], ""terminal_value"": [], ""x"": [144], ""soc"": [145], ""charge"": [144], ""discharge"": [144], ""curtailment"": [144]}"
2025-08-20,43023.690230870554,24897.539194394412,67921.22942526496,67203.80341004481,c22bdc0b50117ac18eb50b27e13b566980d30b4d3e73b4d79cb1e3d462de84b6,65055.05028171076,2148.7531283340486,7466.648314643369,0.0,8451.771997729871,8409.240928208055,2.2737367544323206e-13,0.0,0.0,0.014529156555201754,2.0921985439490527,True,False,False,m3,0.6,8,691.107928690474,False,False,2025-07-23;2025-07-30;2025-08-06;2025-08-13,2025-08-13;2025-08-14;2025-08-15;2025-08-16;2025-08-17;2025-08-18;2025-08-19,2025-08-19,2025-07-24;2025-07-27;2025-08-02;2025-08-03;2025-08-07;2025-08-10;2025-08-13;2025-08-19,False,0.00971125002251938,0.0,39804.335083174774,feb_dec_output,registered_boundary_E_INITIAL_6000,8,2025-08-13,nan,True,"{""q"": [144], ""emergency"": [144], ""terminal_value"": [], ""x"": [144], ""soc"": [145], ""charge"": [144], ""discharge"": [144], ""curtailment"": [144]}"
2025-08-21,41430.91587460926,6746.485274369388,48177.40114897865,62806.48724196938,85d01ccf9e90e5d48556fa89f70dc0d3b2b59c185a119fc42e1787b91962fb9a,60793.73568800042,2012.7515539689666,2276.822222586005,1191.9129835808847,8409.240928208055,2966.338690317985,2.2737367544323206e-13,0.0,0.0,0.014111362896882283,2.0320362571510486,True,False,False,m3,0.6,8,1122.8569563095207,False,False,2025-07-24;2025-07-31;2025-08-07;2025-08-14,2025-08-14;2025-08-15;2025-08-16;2025-08-17;2025-08-18;2025-08-19;2025-08-20,2025-08-20,2025-07-28;2025-08-03;2025-08-04;2025-08-06;2025-08-07;2025-08-13;2025-08-18;2025-08-20,False,0.009687208046671003,0.0,22231.360620782005,feb_dec_output,registered_boundary_E_INITIAL_6000,8,2025-08-13,nan,True,"{""q"": [144], ""emergency"": [144], ""terminal_value"": [], ""x"": [144], ""soc"": [145], ""charge"": [144], ""discharge"": [144], ""curtailment"": [144]}"
2025-08-22,22670.392724360594,11019.41326255444,33689.80598691503,38954.19704399402,ec08f4554ea6edd5e9b2676c828e0e381804fcaba47c9bd28985311f59e28863,38432.357426349976,521.8396176440435,2837.433107507134,18870.027148532463,2966.338690317985,2861.4642653171304,2.2737367544323206e-13,0.0,0.0,0.01671840072797042,2.407449704827741,True,False,False,m3,0.6,8,890.5078914285688,False,False,2025-07-25;2025-08-01;2025-08-08;2025-08-15,2025-08-15;2025-08-16;2025-08-17;2025-08-18;2025-08-19;2025-08-20;2025-08-21,2025-08-21,2025-07-28;2025-07-31;2025-08-03;2025-08-04;2025-08-07;2025-08-13;2025-08-14;2025-08-20,False,0.009439124958589673,0.0,22049.992915005732,feb_dec_output,registered_boundary_E_INITIAL_6000,8,2025-08-13,nan,True,"{""q"": [144], ""emergency"": [144], ""terminal_value"": [], ""x"": [144], ""soc"": [145], ""charge"": [144], ""discharge"": [144], ""curtailment"": [144]}"
2025-08-23,25318.068668265638,1896.2702597026762,27214.338927968314,44989.49013755565,1b4eb1cf81c3b6b0745a6536a3ad3c450a45def53043ce4693eff588797f4b9e,44152.60872829131,836.8814092643468,550.3317175474505,15096.696417202247,2861.4642653171304,8382.125163357661,1.1368683772161603e-13,0.0,0.0,0.0144630058008867,2.082672835327685,True,False,False,m3,0.6,8,1055.2498158333315,False,False,2025-07-26;2025-08-02;2025-08-09;2025-08-16,2025-08-16;2025-08-17;2025-08-18;2025-08-19;2025-08-20;2025-08-21;2025-08-22,2025-08-22,2025-07-28;2025-07-31;2025-08-03;2025-08-07;2025-08-13;2025-08-14;2025-08-20;2025-08-22,False,0.010124667023774236,0.0,41024.89313565508,feb_dec_output,registered_boundary_E_INITIAL_6000,8,2025-08-13,nan,True,"{""q"": [144], ""emergency"": [144], ""terminal_value"": [], ""x"": [144], ""soc"": [145], ""charge"": [144], ""discharge"": [144], ""curtailment"": [144]}"
2025-08-24,44412.097815498084,4787.580487047842,49199.67830254593,69964.63893314445,4e2c0275d26eb1c5a113f59c800052b95f8c7b4d265c27ee0c083d10cb4741da,66742.05581580996,3222.583117334495,1123.1073846099043,1990.2730988836952,8382.125163357661,8628.542521647007,3.339550858072471e-13,0.0,0.0,0.014611671006908486,2.104080624994822,True,False,False,m3,0.6,8,739.1556597619032,False,False,2025-07-27;2025-08-03;2025-08-10;2025-08-17,2025-08-17;2025-08-18;2025-08-19;2025-08-20;2025-08-21;2025-08-22;2025-08-23,2025-08-23,2025-07-27;2025-08-02;2025-08-03;2025-08-07;2025-08-10;2025-08-20;2025-08-22;2025-08-23,False,0.009785209025721997,0.0,41165.612338409104,feb_dec_output,registered_boundary_E_INITIAL_6000,8,2025-08-13,nan,True,"{""q"": [144], ""emergency"": [144], ""terminal_value"": [], ""x"": [144], ""soc"": [145], ""charge"": [144], ""discharge"": [144], ""curtailment"": [144]}"
2025-08-25,44143.88033479247,17546.41126361253,61690.291598405,69373.79237154289,8a533ab1f7963f271ac689a95783d55744d9f3f0f1db4ff76391ec41cd6fe9d5,67075.0154749805,2298.7768965623845,5680.814825115067,4.708093470640051e-07,8628.542521647007,8689.076507217696,2.2737367544323206e-13,0.0,0.0,0.015178290209910806,2.185673790227156,True,False,False,m3,0.6,8,762.2365349999974,False,False,2025-07-28;2025-08-04;2025-08-11;2025-08-18,2025-08-18;2025-08-19;2025-08-20;2025-08-21;2025-08-22;2025-08-23;2025-08-24,2025-08-24,2025-08-02;2025-08-03;2025-08-07;2025-08-10;2025-08-17;2025-08-20;2025-08-22;2025-08-23,False,0.011155874992255121,0.0,40792.549484045434,feb_dec_output,registered_boundary_E_INITIAL_6000,8,2025-08-13,nan,True,"{""q"": [144], ""emergency"": [144], ""terminal_value"": [], ""x"": [144], ""soc"": [145], ""charge"": [144], ""discharge"": [144], ""curtailment"": [144]}"
2025-08-26,44644.39180583422,3994.0339094171104,48638.42571525133,70327.59097645736,caa2bb2151b3508ea9eb1420e73ecf3351e5468fbed7e0cb1d5d557b0084dc34,66932.10595350008,3395.4850229572726,811.6006073913557,61.2411891549842,8689.076507217696,8963.051908387513,1.7763568394002505e-13,0.0,0.0,0.014157044293824583,2.03861437831074,True,False,False,m3,0.6,8,609.5258102380938,False,False,2025-07-29;2025-08-05;2025-08-12;2025-08-19,2025-08-19;2025-08-20;2025-08-21;2025-08-22;2025-08-23;2025-08-24;2025-08-25,2025-08-25,2025-07-29;2025-08-02;2025-08-03;2025-08-07;2025-08-10;2025-08-20;2025-08-22;2025-08-25,False,0.009495582955423743,0.0,41470.09231756354,feb_dec_output,registered_boundary_E_INITIAL_6000,8,2025-08-13,nan,True,"{""q"": [144], ""emergency"": [144], ""terminal_value"": [], ""x"": [144], ""soc"": [145], ""charge"": [144], ""discharge"": [144], ""curtailment"": [144]}"
2025-08-27,44553.83811170269,11315.042771516128,55868.880883218815,69719.49497861363,c21eac150c2979b25007c6d62cf0466e1e002f730118845683d05ede844df984,66844.19010718704,2875.3048714265947,3103.3789902335566,395.1212908668941,8963.051908387513,8713.31024526346,2.2737367544323206e-13,0.0,0.0,0.014023689814267628,2.0194113332545385,True,False,False,m3,0.6,8,832.5052215476172,False,False,2025-07-30;2025-08-06;2025-08-13;2025-08-20,2025-08-20;2025-08-21;2025-08-22;2025-08-23;2025-08-24;2025-08-25;2025-08-26,2025-08-26,2025-08-02;2025-08-03;2025-08-07;2025-08-10;2025-08-20;2025-08-22;2025-08-23;2025-08-25,False,0.009843458014074713,0.0,41390.25758194109,feb_dec_output,registered_boundary_E_INITIAL_6000,8,2025-08-27,nan,True,"{""q"": [144], ""emergency"": [144], ""terminal_value"": [], ""x"": [144], ""soc"": [145], ""charge"": [144], ""discharge"": [144], ""curtailment"": [144]}"
2025-08-28,42482.27150372556,16215.412622312215,58697.68412603778,64258.44986557559,7f3f668fe5eccb9aa2180f7a3c539b62609ab52375fc77337b63bfde6892834f,61310.32200974053,2948.1278558350555,5739.058625243466,137.45764782781674,8713.31024526346,3208.789411846848,1.1368683772161603e-13,0.0,0.0,0.014716738153462453,2.1192102940985933,True,False,False,m3,0.6,8,1128.6778146428549,False,False,2025-07-31;2025-08-07;2025-08-14;2025-08-21,2025-08-21;2025-08-22;2025-08-23;2025-08-24;2025-08-25;2025-08-26;2025-08-27,2025-08-27,2025-08-03;2025-08-07;2025-08-10;2025-08-18;2025-08-20;2025-08-22;2025-08-23;2025-08-25,False,0.009526709036435932,0.0,22824.059241373518,feb_dec_output,registered_boundary_E_INITIAL_6000,8,2025-08-27,nan,True,"{""q"": [144], ""emergency"": [144], ""terminal_value"": [], ""x"": [144], ""soc"": [145], ""charge"": [144], ""discharge"": [144], ""curtailment"": [144]}"
2025-08-29,23403.475197207692,2457.831311730711,25861.306508938404,39733.98861729213,3ba17c20f2a079fbd19400f6d2bc20ea32f90f56d6173e3d6f7b76f04352e403,38622.90381798518,1111.0847993069524,611.6473730362643,15346.983343570158,3208.789411846848,3235.002827377709,1.1368683772161603e-13,0.0,0.0,0.014401747096498083,2.073851581895724,True,False,False,m3,0.6,8,1068.1390988095216,False,False,2025-08-01;2025-08-08;2025-08-15;2025-08-22,2025-08-22;2025-08-23;2025-08-24;2025-08-25;2025-08-26;2025-08-27;2025-08-28,2025-08-28,2025-08-03;2025-08-07;2025-08-10;2025-08-18;2025-08-20;2025-08-22;2025-08-23;2025-08-25,False,0.009617667004931718,0.0,22578.720643218927,feb_dec_output,registered_boundary_E_INITIAL_6000,8,2025-08-27,nan,True,"{""q"": [144], ""emergency"": [144], ""terminal_value"": [], ""x"": [144], ""soc"": [145], ""charge"": [144], ""discharge"": [144], ""curtailment"": [144]}"
2025-08-30,25782.73441534883,3285.239982715007,29067.974398063838,45532.49502041202,389a037073125e3d1c3fe311e66a3d851fa90ef9a8a22834c22e510889149285,44662.602338556586,869.8926818554286,1025.5560625238174,20495.791728476044,3235.002827377709,8362.32396839563,1.1368683772161603e-13,0.0,0.0,0.014362890333157137,2.0682562079746276,True,False,False,m3,0.6,8,1152.4798828571402,False,False,2025-08-02;2025-08-09;2025-08-16;2025-08-23,2025-08-23;2025-08-24;2025-08-25;2025-08-26;2025-08-27;2025-08-28;2025-08-29,2025-08-29,2025-08-03;2025-08-07;2025-08-10;2025-08-14;2025-08-20;2025-08-22;2025-08-23;2025-08-25,False,0.009817750018555671,0.0,42402.84212461543,feb_dec_output,registered_boundary_E_INITIAL_6000,8,2025-08-27,nan,True,"{""q"": [144], ""emergency"": [144], ""terminal_value"": [], ""x"": [144], ""soc"": [145], ""charge"": [144], ""discharge"": [144], ""curtailment"": [144]}"
2025-08-31,45276.61786062627,4313.1594952830665,49589.77735590933,70755.92750163813,f69e114328165e09000680447c8d205c5d67e393a37648f8ef86063acfef82ab,68012.86356818609,2743.0639334520347,1684.5222218296053,502.3468173779018,8362.32396839563,8967.545273415122,2.2737367544323206e-13,0.0,0.0,0.014633439585142897,2.1072153002605774,True,False,False,m3,0.6,8,1516.1111579761878,False,False,2025-08-03;2025-08-10;2025-08-17;2025-08-24,2025-08-24;2025-08-25;2025-08-26;2025-08-27;2025-08-28;2025-08-29;2025-08-30,2025-08-30,2025-08-03;2025-08-10;2025-08-15;2025-08-17;2025-08-20;2025-08-22;2025-08-23;2025-08-25,False,0.00997629202902317,0.0,41861.21216841995,feb_dec_output,registered_boundary_E_INITIAL_6000,8,2025-08-27,nan,True,"{""q"": [144], ""emergency"": [144], ""terminal_value"": [], ""x"": [144], ""soc"": [145], ""charge"": [144], ""discharge"": [144], ""curtailment"": [144]}"
2025-09-01,44801.169500805234,0.0,44801.169500805234,70088.39520264385,fe9d91d4107562dccb216befd26b8f2c4e58bd76e5b7fa2bfe98a8e12f58720b,60218.48580823308,9869.909394410752,0.0,3182.1579273219904,8967.545273415122,10799.999999753083,1.1368683772161603e-13,0.0,0.0,0.014689027769539583,2.1152199988137,True,False,False,m3,0.6,8,1329.2795719047604,False,False,2025-08-04;2025-08-11;2025-08-18;2025-08-25,2025-08-25;2025-08-26;2025-08-27;2025-08-28;2025-08-29;2025-08-30;2025-08-31,2025-08-31,2025-08-10;2025-08-15;2025-08-18;2025-08-20;2025-08-22;2025-08-23;2025-08-25;2025-08-29,False,0.009731917001772672,0.0,41679.45378524216,feb_dec_output,registered_boundary_E_INITIAL_6000,8,2025-08-27,nan,True,"{""q"": [144], ""emergency"": [144], ""terminal_value"": [], ""x"": [144], ""soc"": [145], ""charge"": [144], ""discharge"": [144], ""curtailment"": [144]}"
2025-09-02,43598.661363234394,0.0,43598.661363234394,67568.56900740502,2661bff952804d7cead20f19a2ec9ca8a4376a148c55faf19a9ee8b92595d221,57051.38912957838,10517.179877826657,0.0,1202.1828288147876,10799.999999753083,10799.999999751853,1.1368683772161603e-13,0.0,0.0,0.014521389200833963,2.0910800449200906,True,False,False,m3,0.6,8,1166.205506547616,False,False,2025-08-05;2025-08-12;2025-08-19;2025-08-26,2025-08-26;2025-08-27;2025-08-28;2025-08-29;2025-08-30;2025-08-31;2025-09-01,2025-09-01,2025-08-07;2025-08-09;2025-08-14;2025-08-20;2025-08-22;2025-08-23;2025-08-25;2025-08-30,False,0.009505917027126998,0.0,41300.20553816689,feb_dec_output,registered_boundary_E_INITIAL_6000,8,2025-08-27,nan,True,"{""q"": [144], ""emergency"": [144], ""terminal_value"": [], ""x"": [144], ""soc"": [145], ""charge"": [144], ""discharge"": [144], ""curtailment"": [144]}"
2025-09-03,43402.84640098691,0.0,43402.84640098691,67148.09260967787,9c482356dc5f1b51ac7b9f539a04fce8a573b17b6d5e5f774c61010a506c225a,59394.15022899756,7753.942380680311,0.0,2231.789640018514,10799.999999751853,10799.999999751853,1.4210854715202004e-13,0.0,0.0,0.014502955458738143,2.0884255860582925,True,False,False,m3,0.6,8,1317.770389642853,False,False,2025-08-06;2025-08-13;2025-08-20;2025-08-27,2025-08-27;2025-08-28;2025-08-29;2025-08-30;2025-08-31;2025-09-01;2025-09-02,2025-09-02,2025-08-09;2025-08-15;2025-08-17;2025-08-18;2025-08-20;2025-08-22;2025-08-23;2025-08-25,False,0.00987200002418831,0.0,41387.39065277862,feb_dec_output,registered_boundary_E_INITIAL_6000,8,2025-08-27,nan,True,"{""q"": [144], ""emergency"": [144], ""terminal_value"": [], ""x"": [144], ""soc"": [145], ""charge"": [144], ""discharge"": [144], ""curtailment"": [144]}"
2025-09-04,41319.24285129615,0.0,41319.24285129615,61774.6626633949,0c9a31948b7af77291ab9dcb5b4bd0c12529c76e66f993e3f9a1c46ea66248a2,54620.08036255221,7154.58230084268,0.0,3177.6313258756113,10799.999999751853,6788.537039244368,2.2737367544323206e-13,0.0,0.0,0.014908601544448175,2.146838622400537,True,False,False,m3,0.6,8,1316.048413452377,False,False,2025-08-07;2025-08-14;2025-08-21;2025-08-28,2025-08-28;2025-08-29;2025-08-30;2025-08-31;2025-09-01;2025-09-02;2025-09-03,2025-09-03,2025-08-09;2025-08-15;2025-08-17;2025-08-18;2025-08-20;2025-08-22;2025-08-23;2025-08-25,False,0.010041041008662432,0.0,22541.588936863423,feb_dec_output,registered_boundary_E_INITIAL_6000,8,2025-08-27,nan,True,"{""q"": [144], ""emergency"": [144], ""terminal_value"": [], ""x"": [144], ""soc"": [145], ""charge"": [144], ""discharge"": [144], ""curtailment"": [144]}"
2025-09-05,21871.579506289738,19.543391694570214,21891.122897984307,36164.25507375631,d1a0007fb2734b775d8da10f626238498e38b478cb5e92f3de1b7817789e205e,30106.848611541394,6057.406462214916,6.879053746768818,21623.059597861597,6788.537039244368,7033.854634514339,1.1368683772161603e-13,0.0,0.0,0.015147800027383104,2.181283203943167,True,False,False,m3,0.6,8,1314.7689408333295,False,False,2025-08-08;2025-08-15;2025-08-22;2025-08-29,2025-08-29;2025-08-30;2025-08-31;2025-09-01;2025-09-02;2025-09-03;2025-09-04,2025-09-04,2025-08-09;2025-08-15;2025-08-17;2025-08-18;2025-08-20;2025-08-22;2025-08-23;2025-08-25,False,0.009960125025827438,0.0,22963.7198604687,feb_dec_output,registered_boundary_E_INITIAL_6000,8,2025-08-27,nan,True,"{""q"": [144], ""emergency"": [144], ""terminal_value"": [], ""x"": [144], ""soc"": [145], ""charge"": [144], ""discharge"": [144], ""curtailment"": [144]}"
2025-09-06,24351.957421032494,0.0,24351.957421032494,41950.48290095863,4fe727cf7fe141804292326bfa320d76e3f630d3bcd0966bb7379a8c2d8972bc,33808.83674715914,8141.646153799488,0.0,20692.421580338,7033.854634514339,10799.99999975326,1.1368683772161603e-13,0.0,0.0,0.014858514161056114,2.1396260391920805,True,False,False,m3,0.6,8,1313.911001547615,False,False,2025-08-09;2025-08-16;2025-08-23;2025-08-30,2025-08-30;2025-08-31;2025-09-01;2025-09-02;2025-09-03;2025-09-04;2025-09-05,2025-09-05,2025-08-09;2025-08-15;2025-08-17;2025-08-18;2025-08-20;2025-08-22;2025-08-23;2025-08-25,False,0.010231333959382027,0.0,41278.60839104605,feb_dec_output,registered_boundary_E_INITIAL_6000,8,2025-08-27,nan,True,"{""q"": [144], ""emergency"": [144], ""terminal_value"": [], ""x"": [144], ""soc"": [145], ""charge"": [144], ""discharge"": [144], ""curtailment"": [144]}"
2025-09-07,43152.991779464384,514.1452909861814,43667.13707045057,66467.88826326132,2fd40744bce2d00b8a2ad74410ce7ed61e72132eda795b7e6477639c717ad607,57703.166014429204,8764.722248832119,216.89772742821566,1170.7320304590808,10799.99999975326,10799.999999751853,1.1368683772161603e-13,0.0,0.0,0.01375620077831425,1.9808929120772518,True,False,False,m3,0.6,8,893.968675833331,False,False,2025-08-10;2025-08-17;2025-08-24;2025-08-31,2025-08-31;2025-09-01;2025-09-02;2025-09-03;2025-09-04;2025-09-05;2025-09-06,2025-09-06,2025-08-15;2025-08-18;2025-08-20;2025-08-22;2025-08-23;2025-08-29;2025-09-05;2025-09-06,False,0.009524791967123747,0.0,37433.29766558924,feb_dec_output,registered_boundary_E_INITIAL_6000,8,2025-08-27,nan,True,"{""q"": [144], ""emergency"": [144], ""terminal_value"": [], ""x"": [144], ""soc"": [145], ""charge"": [144], ""discharge"": [144], ""curtailment"": [144]}"
2025-09-08,39603.085132060776,11230.410305362699,50833.49543742347,61889.61848225561,82f13b9dd95174f976b12b1b086eeebd09c12d65feb04f7ed69b6e3248017c7d,58259.60994727981,3630.0085349758037,3235.6567798357382,1147.2324598706894,10799.999999751853,9961.092848020471,2.2737367544323206e-13,0.0,0.0,0.014488215205751153,2.086302989628166,True,False,False,m3,0.6,8,616.8783396428544,False,False,2025-08-11;2025-08-18;2025-08-25;2025-09-01,2025-09-01;2025-09-02;2025-09-03;2025-09-04;2025-09-05;2025-09-06;2025-09-07,2025-09-07,2025-08-15;2025-08-20;2025-08-22;2025-08-23;2025-08-25;2025-08-29;2025-09-02;2025-09-05,False,0.009972625004593283,0.0,37632.082565648285,feb_dec_output,registered_boundary_E_INITIAL_6000,8,2025-08-27,nan,True,"{""q"": [144], ""emergency"": [144], ""terminal_value"": [], ""x"": [144], ""soc"": [145], ""charge"": [144], ""discharge"": [144], ""curtailment"": [144]}"
2025-09-09,40892.60990627276,0.0,40892.60990627276,64107.39394300914,c41959c521ee7e923da8fe811a47c37231976776dc2a70ad08dba351ab4f33e5,59612.87515885843,4494.518784150706,0.0,4672.499216506716,9961.092848020471,10059.514013968423,2.2737367544323206e-13,0.0,0.0,0.014361286126384383,2.068025202199351,True,False,False,m3,0.6,8,826.9672886904737,False,False,2025-08-12;2025-08-19;2025-08-26;2025-09-02,2025-09-02;2025-09-03;2025-09-04;2025-09-05;2025-09-06;2025-09-07;2025-09-08,2025-09-08,2025-08-15;2025-08-20;2025-08-22;2025-08-23;2025-08-29;2025-09-02;2025-09-05;2025-09-08,False,0.009863083017989993,0.0,38262.367609435605,feb_dec_output,registered_boundary_E_INITIAL_6000,8,2025-08-27,nan,True,"{""q"": [144], ""emergency"": [144], ""terminal_value"": [], ""x"": [144], ""soc"": [145], ""charge"": [144], ""discharge"": [144], ""curtailment"": [144]}"
2025-09-10,40569.15847781895,14276.443255841705,54845.60173366065,63302.23172547842,68b567baf109354351cd54f2e4067c23450622f470e28412671bc84e0b38b6ad,59716.26016449518,3585.971560983238,3902.6923314542773,300.83508340277893,10059.514013968423,10176.372277697148,1.2789769243681803e-13,0.0,0.0,0.014345301871394945,2.065723469480872,True,False,False,m3,0.6,8,455.2872895238079,False,False,2025-08-13;2025-08-20;2025-08-27;2025-09-03,2025-09-03;2025-09-04;2025-09-05;2025-09-06;2025-09-07;2025-09-08;2025-09-09,2025-09-09,2025-08-20;2025-08-22;2025-08-23;2025-08-29;2025-09-02;2025-09-05;2025-09-08;2025-09-09,False,0.009640083007980138,0.0,38108.59740968968,feb_dec_output,registered_boundary_E_INITIAL_6000,8,2025-09-10,nan,True,"{""q"": [144], ""emergency"": [144], ""terminal_value"": [], ""x"": [144], ""soc"": [145], ""charge"": [144], ""discharge"": [144], ""curtailment"": [144]}"
2025-09-11,39120.48211837057,0.0,39120.48211837057,59532.74974096175,8d38d0f7c84cb14900d918f14de5357b3a286c6a7197c7e72a2de129a630f758,55005.586890354556,4527.1628506071975,0.0,4152.838372901185,10176.372277697148,5921.577992661062,1.6342482922482304e-13,0.0,0.0,0.014976049721654918,2.1565511599183083,True,False,False,m3,0.6,8,538.3077302380947,False,False,2025-08-14;2025-08-21;2025-08-28;2025-09-04,2025-09-04;2025-09-05;2025-09-06;2025-09-07;2025-09-08;2025-09-09;2025-09-10,2025-09-10,2025-08-18;2025-08-22;2025-08-28;2025-09-05;2025-09-06;2025-09-08;2025-09-09;2025-09-10,False,0.009626166021917015,0.0,19805.542716217722,feb_dec_output,registered_boundary_E_INITIAL_6000,8,2025-09-10,nan,True,"{""q"": [144], ""emergency"": [144], ""terminal_value"": [], ""x"": [144], ""soc"": [145], ""charge"": [144], ""discharge"": [144], ""curtailment"": [144]}"
2025-09-12,19772.198542191305,850.9214347033565,20623.11997689466,33879.62504864519,c3da93ca1c5f6074a609fd43a82bc9937457556bb1d3a48a926c52adaa3e5cb1,31394.493013562813,2485.132035082381,225.40318640115981,18513.014491382582,5921.577992661062,6057.407253670607,1.1368683772161603e-13,0.0,0.0,0.014786416922207637,2.1292440367978998,True,False,False,m3,0.6,8,918.8974370238082,False,False,2025-08-15;2025-08-22;2025-08-29;2025-09-05,2025-09-05;2025-09-06;2025-09-07;2025-09-08;2025-09-09;2025-09-10;2025-09-11,2025-09-11,2025-08-15;2025-08-18;2025-08-22;2025-08-28;2025-09-05;2025-09-06;2025-09-08;2025-09-10,False,0.009981833980418742,0.0,20135.74911955025,feb_dec_output,registered_boundary_E_INITIAL_6000,8,2025-09-10,nan,True,"{""q"": [144], ""emergency"": [144], ""terminal_value"": [], ""x"": [144], ""soc"": [145], ""charge"": [144], ""discharge"": [144], ""curtailment"": [144]}"
2025-09-13,22198.440699363593,663.8679076711926,22862.308607034785,39550.174886442794,d84f8deafacb20ed54c898d37455c3b4c23bb65246d0d0f1607eddbd3b45cfd7,36226.45674198159,3323.718144461208,165.65504144122406,22007.970488012612,6057.407253670607,10760.096569345,1.1368683772161603e-13,0.0,0.0,0.014263212646053743,2.053902621031739,True,False,False,m3,0.6,8,538.3077302380943,False,False,2025-08-16;2025-08-23;2025-08-30;2025-09-06,2025-09-06;2025-09-07;2025-09-08;2025-09-09;2025-09-10;2025-09-11;2025-09-12,2025-09-12,2025-08-18;2025-08-22;2025-08-28;2025-09-05;2025-09-06;2025-09-08;2025-09-09;2025-09-10,False,0.010090624971780926,0.0,38695.55559959197,feb_dec_output,registered_boundary_E_INITIAL_6000,8,2025-09-10,nan,True,"{""q"": [144], ""emergency"": [144], ""terminal_value"": [], ""x"": [144], ""soc"": [145], ""charge"": [144], ""discharge"": [144], ""curtailment"": [144]}"
2025-09-14,40640.31980644063,7205.522810554801,47845.84261699543,63347.036314445024,db06ed85bd5cfb8f6b8404066bdab964627b8ecbb6b362ad09f96a1929dbf716,60386.2335611945,2960.802753250534,1938.57816820288,1900.9791741002587,10760.096569345,9228.964836906187,1.4210854715202004e-13,0.0,0.0,0.0144427968488243,2.079762746230699,True,False,False,m3,0.6,8,594.8420314285696,False,False,2025-08-17;2025-08-24;2025-08-31;2025-09-07,2025-09-07;2025-09-08;2025-09-09;2025-09-10;2025-09-11;2025-09-12;2025-09-13,2025-09-13,2025-08-20;2025-08-22;2025-08-24;2025-08-28;2025-09-02;2025-09-05;2025-09-08;2025-09-10,False,0.009904333972372115,0.0,35887.34636140376,feb_dec_output,registered_boundary_E_INITIAL_6000,8,2025-09-10,nan,True,"{""q"": [144], ""emergency"": [144], ""terminal_value"": [], ""x"": [144], ""soc"": [145], ""charge"": [144], ""discharge"": [144], ""curtailment"": [144]}"
2025-09-15,39256.65207197053,2209.5868355003904,41466.23890747092,62364.61825133956,73612b830bb7d553c984d339f4daab403ebf44cc9824eb47e3352ddfb3ad688e,59778.20970695681,2586.4085443827485,544.2705210736416,3485.9225994025255,9228.964836906187,9062.081648616551,1.4210854715202004e-13,0.0,0.0,0.014453257847182814,2.0812691299943253,True,False,False,m3,0.6,8,700.3354670238076,False,False,2025-08-18;2025-08-25;2025-09-01;2025-09-08,2025-09-08;2025-09-09;2025-09-10;2025-09-11;2025-09-12;2025-09-13;2025-09-14,2025-09-14,2025-08-20;2025-08-22;2025-08-26;2025-09-02;2025-09-08;2025-09-09;2025-09-12;2025-09-14,False,0.009725125040858984,0.0,36499.59646807892,feb_dec_output,registered_boundary_E_INITIAL_6000,8,2025-09-10,nan,True,"{""q"": [144], ""emergency"": [144], ""terminal_value"": [], ""x"": [144], ""soc"": [145], ""charge"": [144], ""discharge"": [144], ""curtailment"": [144]}"
2025-09-16,39305.58934615237,6431.347068016505,45736.93641416887,61929.636033225244,4245e67b787d92edaebac5c4e7fcc843d657e58d568527c6ba1235e8336fa69a,60376.62379723322,1553.0122359920301,2086.0459883220933,1566.3170166666666,9062.081648616551,8612.883535238769,1.1368683772161603e-13,0.0,0.0,0.014958755221919596,2.154060751956422,True,False,False,m3,0.6,8,873.151462261902,False,False,2025-08-19;2025-08-26;2025-09-02;2025-09-09,2025-09-09;2025-09-10;2025-09-11;2025-09-12;2025-09-13;2025-09-14;2025-09-15,2025-09-15,2025-08-20;2025-08-22;2025-08-26;2025-09-02;2025-09-08;2025-09-12;2025-09-14;2025-09-15,False,0.009944792021997273,0.0,36378.76745103529,feb_dec_output,registered_boundary_E_INITIAL_6000,8,2025-09-10,nan,True,"{""q"": [144], ""emergency"": [144], ""terminal_value"": [], ""x"": [144], ""soc"": [145], ""charge"": [144], ""discharge"": [144], ""curtailment"": [144]}"
2025-09-17,39699.31271595384,6643.220811175431,46342.53352712927,63021.659020829546,315a890798a8bbfbca529f854ccfb73c1093b1c16e9714be5025fa821c99619e,60636.669421030136,2384.989599799418,1579.4211847240838,80.68917443892505,8612.883535238769,8870.366058009111,1.4210854715202004e-13,0.0,0.0,0.014480275414825883,2.085159659734927,True,False,False,m3,0.6,8,790.6316458333304,False,False,2025-08-20;2025-08-27;2025-09-03;2025-09-10,2025-09-10;2025-09-11;2025-09-12;2025-09-13;2025-09-14;2025-09-15;2025-09-16,2025-09-16,2025-08-20;2025-08-26;2025-08-31;2025-09-02;2025-09-03;2025-09-08;2025-09-14;2025-09-15,False,0.009392375010065734,0.0,36505.02115657202,feb_dec_output,registered_boundary_E_INITIAL_6000,8,2025-09-10,nan,True,"{""q"": [144], ""emergency"": [144], ""terminal_value"": [], ""x"": [144], ""soc"": [145], ""charge"": [144], ""discharge"": [144], ""curtailment"": [144]}"
2025-09-18,37729.40564037079,1087.1520182574952,38816.557658628284,58224.71114097583,77b7ca3c127ba1c03698b94a1df1c561ec0aa7a9560852923e6627c54d933534,56475.030850343406,1749.6802906324156,360.59402414114766,708.4161151967915,8870.366058009111,4293.270132176785,2.2737367544323206e-13,0.0,0.0,0.014476108496132333,2.084559623443056,True,False,False,m3,0.6,8,675.103334761903,False,False,2025-08-21;2025-08-28;2025-09-04;2025-09-11,2025-09-11;2025-09-12;2025-09-13;2025-09-14;2025-09-15;2025-09-16;2025-09-17,2025-09-17,2025-08-26;2025-08-31;2025-09-03;2025-09-06;2025-09-08;2025-09-14;2025-09-15;2025-09-17,False,0.00952112500090152,0.0,18147.8151794034,feb_dec_output,registered_boundary_E_INITIAL_6000,8,2025-09-10,nan,True,"{""q"": [144], ""emergency"": [144], ""terminal_value"": [], ""x"": [144], ""soc"": [145], ""charge"": [144], ""discharge"": [144], ""curtailment"": [144]}"
2025-09-19,18870.116648054514,260.76792645569185,19130.884574510208,33307.045156994995,1b8b6e59a17ffc7403d4c0d12f4fee1a559a19539634b8d6815d9f2047d6daa5,31897.928622832776,1409.1165341622193,117.4671773418855,14053.892139675609,4293.270132176785,4784.5873373792065,1.1368683772161603e-13,0.0,0.0,0.01526450259229427,2.198088373290375,True,False,False,m3,0.6,8,862.5608608333321,False,False,2025-08-22;2025-08-29;2025-09-05;2025-09-12,2025-09-12;2025-09-13;2025-09-14;2025-09-15;2025-09-16;2025-09-17;2025-09-18,2025-09-18,2025-08-25;2025-08-26;2025-08-31;2025-09-03;2025-09-10;2025-09-15;2025-09-17;2025-09-18,False,0.010018583969213068,0.0,18339.41947461993,feb_dec_output,registered_boundary_E_INITIAL_6000,8,2025-09-10,nan,True,"{""q"": [144], ""emergency"": [144], ""terminal_value"": [], ""x"": [144], ""soc"": [145], ""charge"": [144], ""discharge"": [144], ""curtailment"": [144]}"
2025-09-20,21708.213416561674,1037.645022680171,22745.858439241845,39088.09553042377,0b5f82445fdb166d64148a388eb8afa3fc4c0aa0f9dd77b5a82fbfb44dd05c6d,36491.58880108021,2596.5067293435623,273.21290864488316,15097.247364133562,4784.5873373792065,9163.022285568179,1.1368683772161603e-13,0.0,0.0,0.01442383596723731,2.0770323792821728,True,False,False,m3,0.6,8,1434.4351996428547,False,False,2025-08-23;2025-08-30;2025-09-06;2025-09-13,2025-09-13;2025-09-14;2025-09-15;2025-09-16;2025-09-17;2025-09-18;2025-09-19,2025-09-19,2025-08-26;2025-08-31;2025-09-06;2025-09-08;2025-09-10;2025-09-15;2025-09-17;2025-09-18,False,0.009713749983347952,0.0,38021.95915112115,feb_dec_output,registered_boundary_E_INITIAL_6000,8,2025-09-10,nan,True,"{""q"": [144], ""emergency"": [144], ""terminal_value"": [], ""x"": [144], ""soc"": [145], ""charge"": [144], ""discharge"": [144], ""curtailment"": [144]}"
2025-09-21,41016.06765609485,2048.402877715231,43064.47053381008,65263.915448736545,6ee9f5291829e5489df4a50f983e0f2c9e6ec0d9b7787e496ae9ac7f833aff86,61843.12842029925,3420.787028437295,697.0200778810985,2779.945450471144,9163.022285568179,8851.729422634531,1.1858656417951252e-13,0.0,0.0,0.014691615645359788,2.1155926529318094,True,False,False,m3,0.6,8,855.7570278571407,False,False,2025-08-24;2025-08-31;2025-09-07;2025-09-14,2025-09-14;2025-09-15;2025-09-16;2025-09-17;2025-09-18;2025-09-19;2025-09-20,2025-09-20,2025-08-27;2025-09-05;2025-09-06;2025-09-08;2025-09-10;2025-09-15;2025-09-18;2025-09-19,False,0.010051749995909631,0.0,36297.692354965766,feb_dec_output,registered_boundary_E_INITIAL_6000,8,2025-09-10,nan,True,"{""q"": [144], ""emergency"": [144], ""terminal_value"": [], ""x"": [144], ""soc"": [145], ""charge"": [144], ""discharge"": [144], ""curtailment"": [144]}"
2025-09-22,39212.291411312224,10833.099572135447,50045.39098344767,62843.45723291124,7912ffa31686ce5b6d6e46299d58c4c265c8bff9f4c83fe2ac73ca304cc5c5c9,61412.73392745446,1430.7233054567805,2553.583672341907,1797.0074850874428,8851.729422634531,8539.573508996973,1.7408297026122455e-13,0.0,0.0,0.01441623353457544,2.0759376289788634,True,False,False,m3,0.6,8,1012.4151227380944,False,False,2025-08-25;2025-09-01;2025-09-08;2025-09-15,2025-09-15;2025-09-16;2025-09-17;2025-09-18;2025-09-19;2025-09-20;2025-09-21,2025-09-21,2025-08-26;2025-08-27;2025-09-01;2025-09-08;2025-09-10;2025-09-15;2025-09-18;2025-09-19,False,0.010152041970286518,0.0,36578.265393488226,feb_dec_output,registered_boundary_E_INITIAL_6000,8,2025-09-10,nan,True,"{""q"": [144], ""emergency"": [144], ""terminal_value"": [], ""x"": [144], ""soc"": [145], ""charge"": [144], ""discharge"": [144], ""curtailment"": [144]}"
2025-09-23,39745.772074121094,8096.303701446044,47842.07577556714,63840.07049781607,3a9767534d401155e4f185ec8cd78211a1b282cba91ef8470347fb73e5c14142,62169.42573721112,1670.644760604963,2117.080677277737,52.08000094180561,8539.573508996973,8642.134675752952,1.3500311979441904e-13,0.0,0.0,0.014467243043327471,2.083282998239156,True,False,False,m3,0.6,8,1304.9352536904732,False,False,2025-08-26;2025-09-02;2025-09-09;2025-09-16,2025-09-16;2025-09-17;2025-09-18;2025-09-19;2025-09-20;2025-09-21;2025-09-22,2025-09-22,2025-08-26;2025-09-06;2025-09-08;2025-09-10;2025-09-15;2025-09-17;2025-09-20;2025-09-22,False,0.009870250010862947,0.0,36244.929034051,feb_dec_output,registered_boundary_E_INITIAL_6000,8,2025-09-10,nan,True,"{""q"": [144], ""emergency"": [144], ""terminal_value"": [], ""x"": [144], ""soc"": [145], ""charge"": [144], ""discharge"": [144], ""curtailment"": [144]}"
2025-09-24,39739.09123773087,5888.622809828138,45627.714047559006,63839.16694184269,25529f0d0cc80163b35e51b8082ed13aaaba1d6b02bd7aee10d1dae1e620eb50,62027.246590496085,1811.9203513466077,1894.1250336739026,735.2413217402003,8642.134675752952,8754.017986451563,1.1901590823981678e-13,0.0,0.0,0.01440968000194213,2.074993920279667,True,False,False,m3,0.6,8,1165.2936086904742,False,False,2025-08-27;2025-09-03;2025-09-10;2025-09-17,2025-09-17;2025-09-18;2025-09-19;2025-09-20;2025-09-21;2025-09-22;2025-09-23,2025-09-23,2025-08-27;2025-09-06;2025-09-08;2025-09-10;2025-09-15;2025-09-17;2025-09-18;2025-09-22,False,0.010258915950544178,0.0,36664.664695257045,feb_dec_output,registered_boundary_E_INITIAL_6000,8,2025-09-24,nan,True,"{""q"": [144], ""emergency"": [144], ""terminal_value"": [], ""x"": [144], ""soc"": [145], ""charge"": [144], ""discharge"": [144], ""curtailment"": [144]}"
2025-09-25,37683.589646150205,4086.072653715633,41769.662299865835,58894.15607660485,7e86879510936da6b1fc33d752c8c7f13a413412d3d2fbd1a216ec3ac7467b48,57568.47909044036,1325.6769861644786,1175.1999942307862,1433.3788173264218,8754.017986451563,3995.76968692756,2.2737367544323206e-13,0.0,0.0,0.013898030056831582,2.001316328183748,True,False,False,m3,0.6,8,648.1113754761877,False,False,2025-08-28;2025-09-04;2025-09-11;2025-09-18,2025-09-18;2025-09-19;2025-09-20;2025-09-21;2025-09-22;2025-09-23;2025-09-24,2025-09-24,2025-09-06;2025-09-08;2025-09-10;2025-09-11;2025-09-15;2025-09-17;2025-09-18;2025-09-22,False,0.009099958988372236,0.0,16876.19353874772,feb_dec_output,registered_boundary_E_INITIAL_6000,8,2025-09-24,nan,True,"{""q"": [144], ""emergency"": [144], ""terminal_value"": [], ""x"": [144], ""soc"": [145], ""charge"": [144], ""discharge"": [144], ""curtailment"": [144]}"
2025-09-26,18259.768092610393,646.5502777683146,18906.318370378707,33077.24601026103,c3836e91328e87a55e1363efcf614c1793119a635024a717f4b5d626279656bc,31614.552672663747,1462.6933375972774,202.19650739135656,12542.704845910552,3995.76968692756,4229.477999126373,1.1368683772161603e-13,0.0,0.0,0.013687982317706984,1.9710694537498057,True,False,False,m3,0.6,8,1059.7170440476164,False,False,2025-08-29;2025-09-05;2025-09-12;2025-09-19,2025-09-19;2025-09-20;2025-09-21;2025-09-22;2025-09-23;2025-09-24;2025-09-25,2025-09-25,2025-09-06;2025-09-08;2025-09-10;2025-09-11;2025-09-15;2025-09-18;2025-09-22;2025-09-24,False,0.009344541991595179,0.0,17178.38033401302,feb_dec_output,registered_boundary_E_INITIAL_6000,8,2025-09-24,nan,True,"{""q"": [144], ""emergency"": [144], ""terminal_value"": [], ""x"": [144], ""soc"": [145], ""charge"": [144], ""discharge"": [144], ""curtailment"": [144]}"
2025-09-27,20114.044559693037,11240.053279168704,31354.09783886174,37465.89637679447,f33aaded7d70357ede00e01ad58aefc9a1944b98e2075deaba3898f4c68d5c0a,36496.055231247345,969.8411455471312,2802.4669310671907,15642.237223048664,4229.477999126373,8483.160149632302,2.2737367544323206e-13,0.0,0.0,0.014370956617009748,2.0694177528494038,True,False,False,m3,0.6,8,647.5584736904736,False,False,2025-08-30;2025-09-06;2025-09-13;2025-09-20,2025-09-20;2025-09-21;2025-09-22;2025-09-23;2025-09-24;2025-09-25;2025-09-26,2025-09-26,2025-09-06;2025-09-08;2025-09-10;2025-09-11;2025-09-15;2025-09-17;2025-09-18;2025-09-22,False,0.009639958036132157,0.0,37189.86091239818,feb_dec_output,registered_boundary_E_INITIAL_6000,8,2025-09-24,nan,True,"{""q"": [144], ""emergency"": [144], ""terminal_value"": [], ""x"": [144], ""soc"": [145], ""charge"": [144], ""discharge"": [144], ""curtailment"": [144]}"
2025-09-28,40647.380841981634,5889.767017896653,46537.147859878285,65350.06810161357,15c409331cfb12c1113dd93442f534b0f0c606c73231acdb1fcd32803049b792,64142.545241714935,1207.5228598986305,1708.0624998598805,178.51956690223076,8483.160149632302,8622.617480178904,1.4921397450962104e-13,0.0,0.0,0.01438511602464132,2.07145670754835,True,False,False,m3,0.6,8,912.5391405952357,False,False,2025-08-31;2025-09-07;2025-09-14;2025-09-21,2025-09-21;2025-09-22;2025-09-23;2025-09-24;2025-09-25;2025-09-26;2025-09-27,2025-09-27,2025-09-06;2025-09-08;2025-09-10;2025-09-11;2025-09-15;2025-09-17;2025-09-18;2025-09-22,False,0.009962207986973226,0.0,36610.34765492331,feb_dec_output,registered_boundary_E_INITIAL_6000,8,2025-09-24,nan,True,"{""q"": [144], ""emergency"": [144], ""terminal_value"": [], ""x"": [144], ""soc"": [145], ""charge"": [144], ""discharge"": [144], ""curtailment"": [144]}"
2025-09-29,40246.94507388107,8751.719103294716,48998.664177175786,64883.2758479039,cdf634a37858474be3574932fb4f53f4cbc049224e083d41979b52f39c4fa81d,63222.22676609323,1661.0490818106696,2000.2763725509558,547.7990502355805,8622.617480178904,8545.974733118579,1.4921397450962104e-13,0.0,0.0,0.013978794785847034,2.012946449161973,True,False,False,m3,0.6,8,1073.9565259523772,False,False,2025-09-01;2025-09-08;2025-09-15;2025-09-22,2025-09-22;2025-09-23;2025-09-24;2025-09-25;2025-09-26;2025-09-27;2025-09-28,2025-09-28,2025-09-01;2025-09-06;2025-09-08;2025-09-11;2025-09-15;2025-09-17;2025-09-22;2025-09-28,False,0.009958125010598451,0.0,37414.66551954969,feb_dec_output,registered_boundary_E_INITIAL_6000,8,2025-09-24,nan,True,"{""q"": [144], ""emergency"": [144], ""terminal_value"": [], ""x"": [144], ""soc"": [145], ""charge"": [144], ""discharge"": [144], ""curtailment"": [144]}"
2025-09-30,40599.72366449395,14024.378900816275,54624.102565310226,65237.3138644331,38868b3f19a37b6907e521947851e67714c66201d95be550dc95085fa1baf592,63873.562753447426,1363.7511109856814,3577.7175030065487,15.967583804147575,8545.974733118579,8529.71377136198,2.2737367544323206e-13,0.0,0.0,0.01482938367957508,2.1354312498588115,True,False,False,m3,0.6,8,1163.0547261904733,False,False,2025-09-02;2025-09-09;2025-09-16;2025-09-23,2025-09-23;2025-09-24;2025-09-25;2025-09-26;2025-09-27;2025-09-28;2025-09-29,2025-09-29,2025-09-06;2025-09-08;2025-09-10;2025-09-11;2025-09-15;2025-09-17;2025-09-22;2025-09-28,False,0.010218292009085417,0.0,37005.93751409807,feb_dec_output,registered_boundary_E_INITIAL_6000,8,2025-09-24,nan,True,"{""q"": [144], ""emergency"": [144], ""terminal_value"": [], ""x"": [144], ""soc"": [145], ""charge"": [144], ""discharge"": [144], ""curtailment"": [144]}"
2025-10-01,40887.14407956859,895.9334849182324,41783.077564486826,65679.2133642261,31e91197d49354353dab0d439247fb28d0d68d8233d97f5a6464f327ba80203e,59461.462831566816,6217.7505326592955,409.4433415152962,6738.216853182478,8529.71377136198,10163.922901776108,1.7053025658242404e-13,0.0,0.0,0.014619611700860938,2.105224084923975,True,False,False,m3,0.6,8,1871.9536482142817,False,False,2025-09-03;2025-09-10;2025-09-17;2025-09-24,2025-09-24;2025-09-25;2025-09-26;2025-09-27;2025-09-28;2025-09-29;2025-09-30,2025-09-30,2025-09-06;2025-09-08;2025-09-11;2025-09-15;2025-09-17;2025-09-22;2025-09-28;2025-09-30,False,0.01022695901338011,0.0,37666.66215344054,feb_dec_output,registered_boundary_E_INITIAL_6000,8,2025-09-24,nan,True,"{""q"": [144], ""emergency"": [144], ""terminal_value"": [], ""x"": [144], ""soc"": [145], ""charge"": [144], ""discharge"": [144], ""curtailment"": [144]}"
2025-10-02,36880.95181104364,810.713969291979,37691.66578033562,56475.578859815825,e5d6deb02f965f0ec0482de8cd22500aba384dcdc71532a074f8074befdb56ba,52727.077253796306,3748.5016060195235,308.13917219441345,3579.5412055828774,10163.922901776108,6247.701253006987,2.2737367544323206e-13,0.0,0.0,0.01381946149154424,1.9900024547823705,True,False,False,m3,0.6,8,1929.6685659523769,False,False,2025-09-04;2025-09-11;2025-09-18;2025-09-25,2025-09-25;2025-09-26;2025-09-27;2025-09-28;2025-09-29;2025-09-30;2025-10-01,2025-10-01,2025-09-06;2025-09-11;2025-09-15;2025-09-17;2025-09-22;2025-09-28;2025-09-30;2025-10-01,False,0.009353125002235174,0.0,17116.549349311026,feb_dec_output,registered_boundary_E_INITIAL_6000,8,2025-09-24,nan,True,"{""q"": [144], ""emergency"": [144], ""terminal_value"": [], ""x"": [144], ""soc"": [145], ""charge"": [144], ""discharge"": [144], ""curtailment"": [144]}"
2025-10-03,17265.369069898,323.8995040094793,17589.268573907477,30642.952587735075,bb9bdfa6671e1f17ae84acb81c17cba22e418adf406430c652e5b58a948266e4,28264.575820423404,2378.3767673116745,136.86968839790754,19076.42314054916,6247.701253006987,6281.914913298106,1.1368683772161603e-13,0.0,0.0,0.014509717942322217,2.089399383694399,True,False,False,m3,0.6,8,1924.2130147619005,False,False,2025-09-05;2025-09-12;2025-09-19;2025-09-26,2025-09-26;2025-09-27;2025-09-28;2025-09-29;2025-09-30;2025-10-01;2025-10-02,2025-10-02,2025-09-06;2025-09-15;2025-09-17;2025-09-22;2025-09-28;2025-09-30;2025-10-01;2025-10-02,False,0.009648917010053992,0.0,17400.26895581731,feb_dec_output,registered_boundary_E_INITIAL_6000,8,2025-09-24,nan,True,"{""q"": [144], ""emergency"": [144], ""terminal_value"": [], ""x"": [144], ""soc"": [145], ""charge"": [144], ""discharge"": [144], ""curtailment"": [144]}"
2025-10-04,19576.42155962177,2010.3107969286666,21586.732356550434,35722.974282803116,1a29c568542e9022062c08b4f7d80f08cae7c3b709d0b66bb48e8d1cdac8e0e2,33874.86073097203,1848.113551831078,621.9238388992212,15986.579306048088,6281.914913298106,10013.375213144458,1.1368683772161603e-13,0.0,0.0,0.014993520546542842,2.1590669587021694,True,False,False,m3,0.6,8,1894.49637880952,False,False,2025-09-06;2025-09-13;2025-09-20;2025-09-27,2025-09-27;2025-09-28;2025-09-29;2025-09-30;2025-10-01;2025-10-02;2025-10-03,2025-10-03,2025-09-06;2025-09-11;2025-09-15;2025-09-17;2025-09-22;2025-09-28;2025-09-30;2025-10-01,False,0.010329457989428192,0.0,35030.13184126609,feb_dec_output,registered_boundary_E_INITIAL_6000,8,2025-09-24,nan,True,"{""q"": [144], ""emergency"": [144], ""terminal_value"": [], ""x"": [144], ""soc"": [145], ""charge"": [144], ""discharge"": [144], ""curtailment"": [144]}"
2025-10-05,37627.46276461317,1044.4771487758217,38671.93991338899,59130.27384281529,2190acf98041c1ed4da646cabe0e1ab3ada0a55a886abc6e160afe3fc32920da,57278.51884481886,1851.754997996436,423.99887057974803,913.9622377022533,10013.375213144458,10160.562901184983,2.2737367544323206e-13,0.0,0.0,0.014275066825373668,2.055609622853808,True,False,False,m3,0.6,8,1829.684815476187,False,False,2025-09-07;2025-09-14;2025-09-21;2025-09-28,2025-09-28;2025-09-29;2025-09-30;2025-10-01;2025-10-02;2025-10-03;2025-10-04,2025-10-04,2025-09-08;2025-09-11;2025-09-15;2025-09-22;2025-09-28;2025-09-30;2025-10-01;2025-10-04,False,0.010148499975912273,0.0,35398.179764286106,feb_dec_output,registered_boundary_E_INITIAL_6000,8,2025-09-24,nan,True,"{""q"": [144], ""emergency"": [144], ""terminal_value"": [], ""x"": [144], ""soc"": [145], ""charge"": [144], ""discharge"": [144], ""curtailment"": [144]}"
2025-10-06,37569.627546770236,4150.952143539805,41720.57969031004,59051.00936628525,8e27181b68d62ffae97c0708952e60d892ccef9681fc4206068ffd407447dac5,58234.34585947974,816.6635068055127,1505.550246700471,661.0572438940294,10160.562901184983,9582.853485798925,2.2737367544323206e-13,0.0,0.0,0.014332226041410144,2.0638405499630608,True,False,False,m3,0.6,8,1748.5359279761883,False,False,2025-09-08;2025-09-15;2025-09-22;2025-09-29,2025-09-29;2025-09-30;2025-10-01;2025-10-02;2025-10-03;2025-10-04;2025-10-05,2025-10-05,2025-09-08;2025-09-10;2025-09-11;2025-09-15;2025-09-22;2025-09-30;2025-10-01;2025-10-04,False,0.009774292004294693,0.0,35276.768882873075,feb_dec_output,registered_boundary_E_INITIAL_6000,8,2025-09-24,nan,True,"{""q"": [144], ""emergency"": [144], ""terminal_value"": [], ""x"": [144], ""soc"": [145], ""charge"": [144], ""discharge"": [144], ""curtailment"": [144]}"
2025-10-07,37861.78506410463,6075.988859470317,43937.77392357495,59979.8405336221,8e872c09073f8540b27ad8788ec8927fbe9662efc96c78e32e22769b1d2d7a26,58857.73133832327,1122.1091952988365,1691.7865948664491,253.54628288091232,9582.853485798925,10159.042451177162,1.5631940186722204e-13,0.0,0.0,0.014447232938336028,2.080401543120388,True,False,False,m3,0.6,8,1103.3996885714257,False,False,2025-09-09;2025-09-16;2025-09-23;2025-09-30,2025-09-30;2025-10-01;2025-10-02;2025-10-03;2025-10-04;2025-10-05;2025-10-06,2025-10-06,2025-09-09;2025-09-10;2025-09-11;2025-09-13;2025-09-22;2025-09-30;2025-10-01;2025-10-04,False,0.009804458008147776,0.0,33498.41286862605,feb_dec_output,registered_boundary_E_INITIAL_6000,8,2025-09-24,nan,True,"{""q"": [144], ""emergency"": [144], ""terminal_value"": [], ""x"": [144], ""soc"": [145], ""charge"": [144], ""discharge"": [144], ""curtailment"": [144]}"
2025-10-08,36825.616013199615,3526.0220638786136,40351.63807707823,58314.23235327008,e732569e24261d3737bd1972bd934734a4b8fa3f36f2a784ed54e554a5a74614,57200.2898777777,1113.9424754923843,1054.96885470887,1088.8443243006116,10159.042451177162,8957.533960213701,2.2737367544323206e-13,0.0,0.0,0.014279030065356184,2.0561803294112906,True,False,False,m3,0.6,8,2580.4686588095187,False,False,2025-09-10;2025-09-17;2025-09-24;2025-10-01,2025-10-01;2025-10-02;2025-10-03;2025-10-04;2025-10-05;2025-10-06;2025-10-07,2025-10-07,2025-09-10;2025-09-11;2025-09-13;2025-09-21;2025-09-22;2025-10-01;2025-10-02;2025-10-07,False,0.009452000027522445,0.0,34407.02601275845,feb_dec_output,registered_boundary_E_INITIAL_6000,8,2025-10-08,nan,True,"{""q"": [144], ""emergency"": [144], ""terminal_value"": [], ""x"": [144], ""soc"": [145], ""charge"": [144], ""discharge"": [144], ""curtailment"": [144]}"
2025-10-09,35213.191767926255,3615.231585470669,38828.42335339692,55232.19993219555,d619ad0c035dc37e7793f245711d8372d81580f536bd2cc82496078cf40afe3b,54260.99950192677,971.2004302687819,1046.3861738159108,2054.384875781787,8957.533960213701,4733.081174902228,1.1368683772161603e-13,0.0,0.0,0.013736864924592536,1.978108549141325,True,False,False,m3,0.6,8,1651.1619411904726,False,False,2025-09-11;2025-09-18;2025-09-25;2025-10-02,2025-10-02;2025-10-03;2025-10-04;2025-10-05;2025-10-06;2025-10-07;2025-10-08,2025-10-08,2025-09-11;2025-09-13;2025-09-21;2025-09-22;2025-10-01;2025-10-02;2025-10-07;2025-10-08,False,0.009240625018719584,0.0,15560.600150929313,feb_dec_output,registered_boundary_E_INITIAL_6000,8,2025-10-08,nan,True,"{""q"": [144], ""emergency"": [144], ""terminal_value"": [], ""x"": [144], ""soc"": [145], ""charge"": [144], ""discharge"": [144], ""curtailment"": [144]}"
2025-10-10,16679.583811568278,1131.4949818509294,17811.07879341921,31322.888206317635,99c8122798bb4d47c432a24cd3023f032451adde2f4305a5cf12becb1fb92bed,29956.259048377375,1366.629157940261,420.94162416738766,19317.59501274484,4733.081174902228,5012.285834942021,1.1368683772161603e-13,0.0,0.0,0.013863794880307978,1.9963864627643488,True,False,False,m3,0.6,8,1726.0376345238055,False,False,2025-09-12;2025-09-19;2025-09-26;2025-10-03,2025-10-03;2025-10-04;2025-10-05;2025-10-06;2025-10-07;2025-10-08;2025-10-09,2025-10-09,2025-09-13;2025-09-21;2025-09-22;2025-09-27;2025-10-01;2025-10-02;2025-10-07;2025-10-08,False,0.009312875044997782,0.0,15959.366052116682,feb_dec_output,registered_boundary_E_INITIAL_6000,8,2025-10-08,nan,True,"{""q"": [144], ""emergency"": [144], ""terminal_value"": [], ""x"": [144], ""soc"": [145], ""charge"": [144], ""discharge"": [144], ""curtailment"": [144]}"
2025-10-11,19850.926536492836,710.9957677443822,20561.922304237218,37117.4978414207,47bd50cd1a314a3a832b299860adf328fecb3488c8ba26acbb256348bd3566d0,34454.897228234295,2662.6006131864083,248.9915368776821,15126.732774311917,5012.285834942021,8842.241770715751,1.1368683772161603e-13,0.0,0.0,0.014375603839855304,2.070086952939164,True,False,False,m3,0.6,8,2601.716858452375,False,False,2025-09-13;2025-09-20;2025-09-27;2025-10-04,2025-10-04;2025-10-05;2025-10-06;2025-10-07;2025-10-08;2025-10-09;2025-10-10,2025-10-10,2025-09-13;2025-09-21;2025-09-22;2025-09-27;2025-10-01;2025-10-02;2025-10-07;2025-10-10,False,0.00961529096821323,0.0,34804.9197056854,feb_dec_output,registered_boundary_E_INITIAL_6000,8,2025-10-08,nan,True,"{""q"": [144], ""emergency"": [144], ""terminal_value"": [], ""x"": [144], ""soc"": [145], ""charge"": [144], ""discharge"": [144], ""curtailment"": [144]}"
2025-10-12,38047.874526907166,6178.619105381771,44226.49363228894,60567.582256020025,c04c0a279c84ea2177ce43e6c18c328ac7621ccb827d2ab9b0ac2e8a5845ee0c,59507.003903813515,1060.5783522065044,1758.3342893557017,804.5776883860433,8842.241770715751,8828.483769268694,1.2612133559741778e-13,0.0,0.0,0.015094768487162784,2.173646662151441,True,False,False,m3,0.6,8,2598.6946054761847,False,False,2025-09-14;2025-09-21;2025-09-28;2025-10-05,2025-10-05;2025-10-06;2025-10-07;2025-10-08;2025-10-09;2025-10-10;2025-10-11,2025-10-11,2025-09-15;2025-09-21;2025-09-22;2025-09-27;2025-10-01;2025-10-02;2025-10-07;2025-10-10,False,0.01015129202278331,0.0,35301.31734962427,feb_dec_output,registered_boundary_E_INITIAL_6000,8,2025-10-08,nan,True,"{""q"": [144], ""emergency"": [144], ""terminal_value"": [], ""x"": [144], ""soc"": [145], ""charge"": [144], ""discharge"": [144], ""curtailment"": [144]}"
2025-10-13,38490.48071846951,399.34204035656387,38889.82275882607,61259.87340327416,7989dfce05156ce3ed2d9c0870976fea1d893f7b072acdc3f1d2dc5da41f10e1,59994.49984421096,1265.3735590632064,177.68525729090914,1068.7102349486304,8828.483769268694,8919.412530491301,1.652011860642233e-13,0.0,0.0,0.014565319164022286,2.097405959619209,True,False,False,m3,0.6,8,2705.9900272618993,False,False,2025-09-15;2025-09-22;2025-09-29;2025-10-06,2025-10-06;2025-10-07;2025-10-08;2025-10-09;2025-10-10;2025-10-11;2025-10-12,2025-10-12,2025-09-15;2025-09-21;2025-09-22;2025-09-27;2025-10-01;2025-10-02;2025-10-07;2025-10-10,False,0.010684208013117313,0.0,35367.480434076395,feb_dec_output,registered_boundary_E_INITIAL_6000,8,2025-10-08,nan,True,"{""q"": [144], ""emergency"": [144], ""terminal_value"": [], ""x"": [144], ""soc"": [145], ""charge"": [144], ""discharge"": [144], ""curtailment"": [144]}"
2025-10-14,38116.12518537856,10118.677597355108,48234.80278273366,60909.48410167947,8c9faed0bc8068f1801f8ee9d5b702f7b659ae4c17f212cdcb75a38f26d8bf2f,60099.911401329824,809.572700349641,2723.5670759908517,228.68143708513318,8919.412530491301,8769.855733332917,1.5903944827755367e-13,0.0,0.0,0.0143092601348245,2.060533459414728,True,False,False,m3,0.6,8,1758.3089978571381,False,False,2025-09-16;2025-09-23;2025-09-30;2025-10-07,2025-10-07;2025-10-08;2025-10-09;2025-10-10;2025-10-11;2025-10-12;2025-10-13,2025-10-13,2025-09-18;2025-09-21;2025-09-22;2025-09-27;2025-10-01;2025-10-02;2025-10-07;2025-10-10,False,0.010487749997992069,0.0,33979.366032195045,feb_dec_output,registered_boundary_E_INITIAL_6000,8,2025-10-08,nan,True,"{""q"": [144], ""emergency"": [144], ""terminal_value"": [], ""x"": [144], ""soc"": [145], ""charge"": [144], ""discharge"": [144], ""curtailment"": [144]}"
2025-10-15,37575.2641045089,12081.088290805172,49656.35239531407,60628.130820475264,b23a6a02e46d5d67216ec5d45d477390d7880148a9744d1eab1a3e8448af4b2d,60271.61994269101,356.51087778425125,3415.0277802503138,2.3557292649911687e-07,8769.855733332917,8546.344144327912,1.2079226507921703e-13,0.0,0.0,0.014570684910318555,2.098178627085872,True,False,False,m3,0.6,8,2150.123157738091,False,False,2025-09-17;2025-09-24;2025-10-01;2025-10-08,2025-10-08;2025-10-09;2025-10-10;2025-10-11;2025-10-12;2025-10-13;2025-10-14,2025-10-14,2025-09-21;2025-09-22;2025-09-27;2025-10-01;2025-10-02;2025-10-07;2025-10-10;2025-10-14,False,0.009939624986145645,0.0,34615.11719644311,feb_dec_output,registered_boundary_E_INITIAL_6000,8,2025-10-08,nan,True,"{""q"": [144], ""emergency"": [144], ""terminal_value"": [], ""x"": [144], ""soc"": [145], ""charge"": [144], ""discharge"": [144], ""curtailment"": [144]}"
2025-10-16,36446.467473275734,13855.371194244839,50301.83866752057,57902.37390912119,53978f4e868dc950c92c4728cd70226c02d669326c56f7bf52d34bf2ed1abed5,57559.633595164014,342.74031395718225,3754.1606926926142,5.025425764415559e-07,8546.344144327912,4971.365183580057,2.2737367544323206e-13,0.0,0.0,0.015778762123874104,2.272141745837871,True,False,False,m3,0.6,8,1610.0095608333313,False,False,2025-09-18;2025-09-25;2025-10-02;2025-10-09,2025-10-09;2025-10-10;2025-10-11;2025-10-12;2025-10-13;2025-10-14;2025-10-15,2025-10-15,2025-09-18;2025-09-21;2025-09-22;2025-10-01;2025-10-02;2025-10-10;2025-10-11;2025-10-14,False,0.00992262497311458,0.0,15149.573185515459,feb_dec_output,registered_boundary_E_INITIAL_6000,8,2025-10-08,nan,True,"{""q"": [144], ""emergency"": [144], ""terminal_value"": [], ""x"": [144], ""soc"": [145], ""charge"": [144], ""discharge"": [144], ""curtailment"": [144]}"
2025-10-17,16960.719705496143,263.55782982010714,17224.27753531625,31930.567437462792,f60a6c3e4354aa3306aaae8e55df6e384ec3b45b72a43e4e10cee2cb05c3ebae,30926.588685782335,1003.9787516804557,122.4437270305074,13571.441448978692,4971.365183580057,4968.4924227143565,1.1368683772161603e-13,0.0,0.0,0.014018889743359372,2.0187201230437495,True,False,False,m3,0.6,8,2115.962688452378,False,False,2025-09-19;2025-09-26;2025-10-03;2025-10-10,2025-10-10;2025-10-11;2025-10-12;2025-10-13;2025-10-14;2025-10-15;2025-10-16,2025-10-16,2025-09-21;2025-09-22;2025-09-27;2025-10-01;2025-10-02;2025-10-10;2025-10-11;2025-10-14,False,0.00944804202299565,0.0,15824.800847175477,feb_dec_output,registered_boundary_E_INITIAL_6000,8,2025-10-08,nan,True,"{""q"": [144], ""emergency"": [144], ""terminal_value"": [], ""x"": [144], ""soc"": [145], ""charge"": [144], ""discharge"": [144], ""curtailment"": [144]}"
2025-10-18,18583.220220699135,429.6129083179608,19012.833129017097,35773.36387873023,1f0ef20acab6718e10b9e08b73cf469ceffafaed1e557382922862ed82f8ffe4,35112.751504085165,660.6123746450686,199.96563625880762,13824.536302150627,4968.4924227143565,8754.093991471813,1.1368683772161603e-13,0.0,0.0,0.01418797221574803,2.0430679990677163,True,False,False,m3,0.6,8,1749.7922910714274,False,False,2025-09-20;2025-09-27;2025-10-04;2025-10-11,2025-10-11;2025-10-12;2025-10-13;2025-10-14;2025-10-15;2025-10-16;2025-10-17,2025-10-17,2025-09-21;2025-09-22;2025-09-27;2025-10-01;2025-10-02;2025-10-10;2025-10-11;2025-10-14,False,0.009994582971557975,0.0,36070.01052614805,feb_dec_output,registered_boundary_E_INITIAL_6000,8,2025-10-08,nan,True,"{""q"": [144], ""emergency"": [144], ""terminal_value"": [], ""x"": [144], ""soc"": [145], ""charge"": [144], ""discharge"": [144], ""curtailment"": [144]}"
2025-10-19,39371.97865609336,9214.280026969827,48586.258683063184,64112.778687622886,e6e7983005de61fba016a8703774891e3ca8944f170f64e136a6b6b1a15281f1,63555.714001546694,557.0646860761918,2248.1881764104005,7.062206464070186e-07,8754.093991471813,8571.96458819097,2.2737367544323206e-13,0.0,0.0,0.015658819937622564,2.254870071017649,True,False,False,m3,0.6,8,1731.43655488095,False,False,2025-09-21;2025-09-28;2025-10-05;2025-10-12,2025-10-12;2025-10-13;2025-10-14;2025-10-15;2025-10-16;2025-10-17;2025-10-18,2025-10-18,2025-09-21;2025-09-22;2025-09-27;2025-09-30;2025-10-01;2025-10-02;2025-10-04;2025-10-10,False,0.010039790999144316,0.0,36560.33943668572,feb_dec_output,registered_boundary_E_INITIAL_6000,8,2025-10-08,nan,True,"{""q"": [144], ""emergency"": [144], ""terminal_value"": [], ""x"": [144], ""soc"": [145], ""charge"": [144], ""discharge"": [144], ""curtailment"": [144]}"
2025-10-20,40189.53421738089,8970.138979708832,49159.67319708972,65322.652098231614,aa7f8d76696d557bfb5dad3f309a9149bf47290c8f40c7504d46017f1ce090e9,64557.845632374636,764.8064658569697,2279.8816840868335,0.0,8571.96458819097,8853.434370973057,1.1368683772161603e-13,0.0,0.0,0.014957706049851064,2.1539096711785533,True,False,False,m3,0.6,8,1588.0806355952366,False,False,2025-09-22;2025-09-29;2025-10-06;2025-10-13,2025-10-13;2025-10-14;2025-10-15;2025-10-16;2025-10-17;2025-10-18;2025-10-19,2025-10-19,2025-09-22;2025-09-27;2025-10-01;2025-10-02;2025-10-04;2025-10-10;2025-10-11;2025-10-19,False,0.01068491698242724,0.0,36952.68922190054,feb_dec_output,registered_boundary_E_INITIAL_6000,8,2025-10-08,nan,True,"{""q"": [144], ""emergency"": [144], ""terminal_value"": [], ""x"": [144], ""soc"": [145], ""charge"": [144], ""discharge"": [144], ""curtailment"": [144]}"
2025-10-21,40579.448635037916,9642.065148440899,50221.51378347882,65633.6412517162,b39ec11d01e54213abfaf882995b6fc46493e6610119e65ea7beb754b6b28ee3,65289.87786591277,343.7633858034306,3251.4093910466318,0.0,8853.434370973057,8809.370699991143,1.2789769243681803e-13,0.0,0.0,0.014895750868163304,2.144988125015516,True,False,False,m3,0.6,8,2315.166670833329,False,False,2025-09-23;2025-09-30;2025-10-07;2025-10-14,2025-10-14;2025-10-15;2025-10-16;2025-10-17;2025-10-18;2025-10-19;2025-10-20,2025-10-20,2025-09-24;2025-09-26;2025-10-01;2025-10-02;2025-10-10;2025-10-14;2025-10-18;2025-10-19,False,0.010350625030696392,0.0,36678.569807151216,feb_dec_output,registered_boundary_E_INITIAL_6000,8,2025-10-08,nan,True,"{""q"": [144], ""emergency"": [144], ""terminal_value"": [], ""x"": [144], ""soc"": [145], ""charge"": [144], ""discharge"": [144], ""curtailment"": [144]}"
2025-10-22,40382.42265197405,10738.211655756098,51120.63430773014,65644.86285207007,0a700ce36c2cd0d6941b09d8733365aa2bcba4e2194764ca57e41e6426375552,64623.804716944986,1021.0581351250871,2652.6996189052916,30.560779163930373,8809.370699991143,8394.897928018441,2.2737367544323206e-13,0.0,0.0,0.01467403034783072,2.1130603700876236,True,False,False,m3,0.6,8,2853.9168983333298,False,False,2025-09-24;2025-10-01;2025-10-08;2025-10-15,2025-10-15;2025-10-16;2025-10-17;2025-10-18;2025-10-19;2025-10-20;2025-10-21,2025-10-21,2025-09-24;2025-09-27;2025-10-01;2025-10-02;2025-10-10;2025-10-18;2025-10-19;2025-10-21,False,0.010424958949442953,0.0,37577.88902685383,feb_dec_output,registered_boundary_E_INITIAL_6000,8,2025-10-22,nan,True,"{""q"": [144], ""emergency"": [144], ""terminal_value"": [], ""x"": [144], ""soc"": [145], ""charge"": [144], ""discharge"": [144], ""curtailment"": [144]}"
2025-10-23,39456.6104479246,4013.0815785844643,43469.69202650906,63045.87587587928,90136d1d4083f3412b251ee541650eccf5fba585f40d8d9515f78dc44f550f87,62111.8880714612,933.98780441808,887.9699602323228,1075.4445880303547,8394.897928018441,5006.839951270789,1.2967404927621828e-13,0.0,0.0,0.014176218806015741,2.0413755080662668,True,False,False,m3,0.6,8,2343.1271070238035,False,False,2025-09-25;2025-10-02;2025-10-09;2025-10-16,2025-10-16;2025-10-17;2025-10-18;2025-10-19;2025-10-20;2025-10-21;2025-10-22,2025-10-22,2025-09-25;2025-10-01;2025-10-02;2025-10-10;2025-10-11;2025-10-14;2025-10-18;2025-10-20,False,0.01002754201181233,0.0,15746.708286339917,feb_dec_output,registered_boundary_E_INITIAL_6000,8,2025-10-22,nan,True,"{""q"": [144], ""emergency"": [144], ""terminal_value"": [], ""x"": [144], ""soc"": [145], ""charge"": [144], ""discharge"": [144], ""curtailment"": [144]}"
2025-10-24,17471.236043165947,4246.537553192882,21717.773596358827,32656.876985497845,c9844c56b2f786f14f10bcb3bfb1ede4ee51e7ebf969fe04c4bc1b6762131fa1,31319.631763580925,1337.245221916919,955.6710060011189,12294.08614376451,5006.839951270789,5063.474631054311,1.1368683772161603e-13,0.0,0.0,0.013824506914614985,1.9907289957045577,True,False,False,m3,0.6,8,2446.4538216666633,False,False,2025-09-26;2025-10-03;2025-10-10;2025-10-17,2025-10-17;2025-10-18;2025-10-19;2025-10-20;2025-10-21;2025-10-22;2025-10-23,2025-10-23,2025-10-01;2025-10-02;2025-10-05;2025-10-10;2025-10-18;2025-10-19;2025-10-20;2025-10-21,False,0.00942358304746449,0.0,15949.053224327374,feb_dec_output,registered_boundary_E_INITIAL_6000,8,2025-10-22,nan,True,"{""q"": [144], ""emergency"": [144], ""terminal_value"": [], ""x"": [144], ""soc"": [145], ""charge"": [144], ""discharge"": [144], ""curtailment"": [144]}"
2025-10-25,18847.722394459397,3286.804153454039,22134.526547913436,36253.92147875726,c0bd4c69246ed6282409ff2513084ede4769a83904b75267caf0051dce777874,35077.15769342827,1176.76378532898,791.2195914489744,11500.010999623257,5063.474631054311,8401.13912454396,1.1368683772161603e-13,0.0,0.0,0.014298149899938531,2.0589335855911486,True,False,False,m3,0.6,8,2038.5629886904742,False,False,2025-09-27;2025-10-04;2025-10-11;2025-10-18,2025-10-18;2025-10-19;2025-10-20;2025-10-21;2025-10-22;2025-10-23;2025-10-24,2025-10-24,2025-10-01;2025-10-02;2025-10-05;2025-10-10;2025-10-18;2025-10-19;2025-10-20;2025-10-21,False,0.010023334005381912,0.0,38064.498021863954,feb_dec_output,registered_boundary_E_INITIAL_6000,8,2025-10-22,nan,True,"{""q"": [144], ""emergency"": [144], ""terminal_value"": [], ""x"": [144], ""soc"": [145], ""charge"": [144], ""discharge"": [144], ""curtailment"": [144]}"
2025-10-26,41481.29314265582,1713.4227297231566,43194.715872378976,67278.04773622447,61fc4ad49797a1d8a25ef0f5110e03aac120fed6fb62638ba4116bb469dd129f,66602.15268816525,675.8950480592152,386.6631839056573,208.93476666666675,8401.13912454396,8551.011731284727,1.1368683772161603e-13,0.0,0.0,0.014493781304028945,2.087104507780168,True,False,False,m3,0.6,8,1809.1676244047594,False,False,2025-09-28;2025-10-05;2025-10-12;2025-10-19,2025-10-19;2025-10-20;2025-10-21;2025-10-22;2025-10-23;2025-10-24;2025-10-25,2025-10-25,2025-10-01;2025-10-02;2025-10-05;2025-10-10;2025-10-17;2025-10-19;2025-10-20;2025-10-21,False,0.010016457992605865,0.0,38366.539588681524,feb_dec_output,registered_boundary_E_INITIAL_6000,8,2025-10-22,nan,True,"{""q"": [144], ""emergency"": [144], ""terminal_value"": [], ""x"": [144], ""soc"": [145], ""charge"": [144], ""discharge"": [144], ""curtailment"": [144]}"
2025-10-27,41404.59607382614,8800.60971931523,50205.20579314137,67246.47915333183,5cff89e6b22dd5d602d4fe2a97c03152cb40363cd596481b17957fabef45a3f1,65111.288946491215,2135.1902068406253,1827.309047166406,1412.0648999450536,8551.011731284727,8438.073454003268,1.6342482922482304e-13,0.0,0.0,0.014949116931044651,2.15267283807043,True,False,False,m3,0.6,8,1956.956695119044,False,False,2025-09-29;2025-10-06;2025-10-13;2025-10-20,2025-10-20;2025-10-21;2025-10-22;2025-10-23;2025-10-24;2025-10-25;2025-10-26,2025-10-26,2025-10-01;2025-10-02;2025-10-04;2025-10-05;2025-10-10;2025-10-17;2025-10-19;2025-10-20,False,0.009879958000965416,0.0,38094.46581957018,feb_dec_output,registered_boundary_E_INITIAL_6000,8,2025-10-22,nan,True,"{""q"": [144], ""emergency"": [144], ""terminal_value"": [], ""x"": [144], ""soc"": [145], ""charge"": [144], ""discharge"": [144], ""curtailment"": [144]}"
2025-10-28,41173.36847279194,7556.398498377339,48729.76697116928,66948.868593823,ba2c46dee9df7aec459629bae457ac3e5eb7b7689b6e619e8d5a2aca60e3b9fc,66499.67539474853,449.19319907447715,1636.103139553854,0.04773333333333333,8438.073454003268,8473.041973715272,2.2737367544323206e-13,0.0,0.0,0.014406596353688251,2.074549874931108,True,False,False,m3,0.6,8,2027.4369517857099,False,False,2025-09-30;2025-10-07;2025-10-14;2025-10-21,2025-10-21;2025-10-22;2025-10-23;2025-10-24;2025-10-25;2025-10-26;2025-10-27,2025-10-27,2025-10-01;2025-10-02;2025-10-04;2025-10-06;2025-10-17;2025-10-19;2025-10-20;2025-10-24,False,0.009823374974075705,0.0,37567.4433073539,feb_dec_output,registered_boundary_E_INITIAL_6000,8,2025-10-22,nan,True,"{""q"": [144], ""emergency"": [144], ""terminal_value"": [], ""x"": [144], ""soc"": [145], ""charge"": [144], ""discharge"": [144], ""curtailment"": [144]}"
2025-10-29,41017.68294125608,19574.28274920045,60591.96569045653,66640.13613902987,5ae188cc7b1d33073e06dfbafc2e90d6bf7e8f1bba5dcf514d5be4f015352aa5,66317.25765805924,322.8784809706357,5062.022477824668,0.0,8473.041973715272,8401.412430471646,1.1723955140041653e-13,0.0,0.0,0.014414774038919454,2.0757274616044015,True,False,False,m3,0.6,8,2162.731729404757,False,False,2025-10-01;2025-10-08;2025-10-15;2025-10-22,2025-10-22;2025-10-23;2025-10-24;2025-10-25;2025-10-26;2025-10-27;2025-10-28,2025-10-28,2025-10-01;2025-10-02;2025-10-04;2025-10-06;2025-10-17;2025-10-19;2025-10-20;2025-10-24,False,0.010013958963099867,0.0,37852.024182225694,feb_dec_output,registered_boundary_E_INITIAL_6000,8,2025-10-22,nan,True,"{""q"": [144], ""emergency"": [144], ""terminal_value"": [], ""x"": [144], ""soc"": [145], ""charge"": [144], ""discharge"": [144], ""curtailment"": [144]}"
2025-10-30,40328.14227365228,3286.701055416447,43614.843329068724,64465.16002797599,26fcce13b63b6b58a68b5eba569cf72bab19b0e0b6688732d455f8586df90afe,63543.45721514105,921.7028128349455,707.8334778032183,735.0486986389371,8401.412430471646,5158.754977103457,2.2737367544323206e-13,0.0,0.0,0.01605970772935608,2.3125979130272754,True,False,False,m3,0.6,8,2181.1815299999944,False,False,2025-10-02;2025-10-09;2025-10-16;2025-10-23,2025-10-23;2025-10-24;2025-10-25;2025-10-26;2025-10-27;2025-10-28;2025-10-29,2025-10-29,2025-10-02;2025-10-06;2025-10-10;2025-10-17;2025-10-19;2025-10-20;2025-10-21;2025-10-24,False,0.010102333035320044,0.0,15830.4025340569,feb_dec_output,registered_boundary_E_INITIAL_6000,8,2025-10-22,nan,True,"{""q"": [144], ""emergency"": [144], ""terminal_value"": [], ""x"": [144], ""soc"": [145], ""charge"": [144], ""discharge"": [144], ""curtailment"": [144]}"
2025-10-31,17905.473972719472,7230.670935155766,25136.144907875238,33342.686101299776,f1693e4fc68b5b3769e6006b6d1d22194136d452b950a5bb8a0074e41b439ee9,32236.169369138915,1106.5167321608621,1611.3023514390106,8360.27145392568,5158.754977103457,5286.690827091473,1.1368683772161603e-13,0.0,0.0,0.014741230611333676,2.1227372080320492,True,False,False,m3,0.6,8,2442.874222023804,False,False,2025-10-03;2025-10-10;2025-10-17;2025-10-24,2025-10-24;2025-10-25;2025-10-26;2025-10-27;2025-10-28;2025-10-29;2025-10-30,2025-10-30,2025-10-04;2025-10-06;2025-10-10;2025-10-17;2025-10-19;2025-10-20;2025-10-21;2025-10-24,False,0.010040832974482328,0.0,16095.584257627086,feb_dec_output,registered_boundary_E_INITIAL_6000,8,2025-10-22,nan,True,"{""q"": [144], ""emergency"": [144], ""terminal_value"": [], ""x"": [144], ""soc"": [145], ""charge"": [144], ""discharge"": [144], ""curtailment"": [144]}"
2025-11-01,19599.55747188442,3331.7418152610744,22931.29928714549,37076.99325001445,3d18fb75d8f587cf4eec294f1ba63850cc744328871ecfa32b13b9224022fdb8,35502.351533195775,1574.6417168186838,908.7316542294234,9150.0203591485,5286.690827091473,8355.571740325067,1.1368683772161603e-13,0.0,0.0,0.01412959661724421,2.0346619128831662,True,False,False,m3,0.6,8,2667.582365476186,False,False,2025-10-04;2025-10-11;2025-10-18;2025-10-25,2025-10-25;2025-10-26;2025-10-27;2025-10-28;2025-10-29;2025-10-30;2025-10-31,2025-10-31,2025-10-04;2025-10-10;2025-10-17;2025-10-19;2025-10-20;2025-10-21;2025-10-27;2025-10-30,False,0.009374124987516552,0.0,39563.03653077532,feb_dec_output,registered_boundary_E_INITIAL_6000,8,2025-10-22,nan,True,"{""q"": [144], ""emergency"": [144], ""terminal_value"": [], ""x"": [144], ""soc"": [145], ""charge"": [144], ""discharge"": [144], ""curtailment"": [144]}"
2025-11-02,43015.83210335976,6553.438896446098,49569.270999805856,69799.3669278372,34cc77b64f50f175cf8d762366bd636301948becb460ec78d9fae50a66314a0a,69294.14254031311,505.2243875240808,1816.2497425079514,0.011483333333333333,8355.571740325067,8470.129998749031,2.2737367544323206e-13,0.0,0.0,0.017185044037533872,2.4746463414048776,True,False,False,m3,0.6,8,2332.5467854761882,False,False,2025-10-05;2025-10-12;2025-10-19;2025-10-26,2025-10-26;2025-10-27;2025-10-28;2025-10-29;2025-10-30;2025-10-31;2025-11-01,2025-11-01,2025-10-08;2025-10-10;2025-10-16;2025-10-21;2025-10-22;2025-10-23;2025-10-24;2025-11-01,False,0.010302083974238485,0.0,39904.5182912358,feb_dec_output,registered_boundary_E_INITIAL_6000,8,2025-10-22,nan,True,"{""q"": [144], ""emergency"": [144], ""terminal_value"": [], ""x"": [144], ""soc"": [145], ""charge"": [144], ""discharge"": [144], ""curtailment"": [144]}"
2025-11-03,43367.87255146215,5914.9865001898415,49282.85905165199,70288.38167886114,46633d19aa8cad0a091464f211d176c8ce36de4e732aed46d165cd9be5bd90eb,69613.05818005904,675.323498802104,2112.081653781557,138.63760664830113,8470.129998749031,8409.974154232243,2.2737367544323206e-13,0.0,0.0,0.023380084204998437,3.366732125519775,True,False,False,m3,0.6,8,2505.2425897619023,False,False,2025-10-06;2025-10-13;2025-10-20;2025-10-27,2025-10-27;2025-10-28;2025-10-29;2025-10-30;2025-10-31;2025-11-01;2025-11-02,2025-11-02,2025-10-08;2025-10-10;2025-10-16;2025-10-21;2025-10-22;2025-10-23;2025-10-24;2025-11-01,False,0.011246917012613267,0.0,40006.800527441344,feb_dec_output,registered_boundary_E_INITIAL_6000,8,2025-10-22,nan,True,"{""q"": [144], ""emergency"": [144], ""terminal_value"": [], ""x"": [144], ""soc"": [145], ""charge"": [144], ""discharge"": [144], ""curtailment"": [144]}"
2025-11-04,43465.78067645392,5245.353554077575,48711.1342305315,70745.5581749954,4a59a3164d6ca746c234cb5ba2c9d34a1c91d0987e54e5a0a5a581b544a3c434,69018.16229688984,1727.3958781055426,1103.7701227840166,356.38266366098577,8409.974154232243,8448.736116509066,2.2737367544323206e-13,0.0,0.0,0.014725181125767348,2.120426082110498,True,False,False,m3,0.6,8,2356.324532857141,False,False,2025-10-07;2025-10-14;2025-10-21;2025-10-28,2025-10-28;2025-10-29;2025-10-30;2025-10-31;2025-11-01;2025-11-02;2025-11-03,2025-11-03,2025-10-08;2025-10-10;2025-10-16;2025-10-21;2025-10-22;2025-10-23;2025-10-24;2025-11-01,False,0.011413583997637033,0.0,40327.014079544155,feb_dec_output,registered_boundary_E_INITIAL_6000,8,2025-10-22,nan,True,"{""q"": [144], ""emergency"": [144], ""terminal_value"": [], ""x"": [144], ""soc"": [145], ""charge"": [144], ""discharge"": [144], ""curtailment"": [144]}"
2025-11-05,43419.14778374173,7474.934651320592,50894.08243506232,70387.72187166495,cd5baa36f207abadb3d07144b08ba890b27a223bba8a1b80b2150796a9434606,69915.7116228095,472.0102488554362,1955.8491966921388,43.208502733815656,8448.736116509066,8418.99015205478,1.1368683772161603e-13,0.0,0.0,0.017670554436740024,2.5445598388905637,True,False,False,m1,0.6,8,2745.7712648809556,False,False,2025-10-08;2025-10-15;2025-10-22;2025-10-29,2025-10-29;2025-10-30;2025-10-31;2025-11-01;2025-11-02;2025-11-03;2025-11-04,2025-11-04,2025-10-08;2025-10-10;2025-10-16;2025-10-21;2025-10-22;2025-10-24;2025-10-27;2025-11-01,False,0.009993790998123586,0.0,40146.40911488555,feb_dec_output,registered_boundary_E_INITIAL_6000,8,2025-11-05,nan,True,"{""q"": [144], ""emergency"": [144], ""terminal_value"": [], ""x"": [144], ""soc"": [145], ""charge"": [144], ""discharge"": [144], ""curtailment"": [144]}"
2025-11-06,42068.49677246481,13973.384375906728,56041.88114837154,67122.90542667676,cc969de3490aac6ecfd430282aa0bbe45b17a708036a91b8081d5d4ff3ac28aa,66442.2295452156,680.6758814611592,3839.0634764836523,0.0,8418.99015205478,5319.603484973133,2.2737367544323206e-13,0.0,0.0,0.01494281274426612,2.1517650351743214,True,False,False,m1,0.6,8,2838.660975000002,False,False,2025-10-09;2025-10-16;2025-10-23;2025-10-30,2025-10-30;2025-10-31;2025-11-01;2025-11-02;2025-11-03;2025-11-04;2025-11-05,2025-11-05,2025-10-10;2025-10-15;2025-10-16;2025-10-21;2025-10-22;2025-10-24;2025-10-27;2025-11-01,False,0.010450624977238476,0.0,16489.287535285108,feb_dec_output,registered_boundary_E_INITIAL_6000,8,2025-11-05,nan,True,"{""q"": [144], ""emergency"": [144], ""terminal_value"": [], ""x"": [144], ""soc"": [145], ""charge"": [144], ""discharge"": [144], ""curtailment"": [144]}"
2025-11-07,18443.049178327157,2896.228696411147,21339.277874738305,34122.371849218805,dec902fc8fc9d62aef297c4f2866b410c7d2b993792db6fae76a343b371866b0,32449.88957234766,1672.4822768711429,841.0140778084844,8264.17427254168,5319.603484973133,5426.034984533401,1.1368683772161603e-13,0.0,0.0,0.014155892378362801,2.0384485024842434,True,False,False,m1,0.6,8,2799.9450321428585,False,False,2025-10-10;2025-10-17;2025-10-24;2025-10-31,2025-10-31;2025-11-01;2025-11-02;2025-11-03;2025-11-04;2025-11-05;2025-11-06,2025-11-06,2025-10-10;2025-10-15;2025-10-16;2025-10-20;2025-10-21;2025-10-24;2025-10-27;2025-11-01,False,0.00922970799729228,0.0,16425.21493295937,feb_dec_output,registered_boundary_E_INITIAL_6000,8,2025-11-05,nan,True,"{""q"": [144], ""emergency"": [144], ""terminal_value"": [], ""x"": [144], ""soc"": [145], ""charge"": [144], ""discharge"": [144], ""curtailment"": [144]}"
2025-11-08,19642.81755781918,992.0276776658269,20634.84523548501,37107.21975381022,d39df3d62483f7b7c654d797966294771308145e2a241ccc64d9c51c898e5ab5,35787.64686325737,1319.5728905528504,392.7489881409856,7643.747667897367,5426.034984533401,8436.132047827836,1.1368683772161603e-13,0.0,0.0,0.017618687500847347,2.537091000122018,True,False,False,m1,0.6,8,2835.6349672619062,False,False,2025-10-11;2025-10-18;2025-10-25;2025-11-01,2025-11-01;2025-11-02;2025-11-03;2025-11-04;2025-11-05;2025-11-06;2025-11-07,2025-11-07,2025-10-15;2025-10-16;2025-10-20;2025-10-21;2025-10-24;2025-10-27;2025-11-01;2025-11-07,False,0.00980337499640882,0.0,40929.13326589468,feb_dec_output,registered_boundary_E_INITIAL_6000,8,2025-11-05,nan,True,"{""q"": [144], ""emergency"": [144], ""terminal_value"": [], ""x"": [144], ""soc"": [145], ""charge"": [144], ""discharge"": [144], ""curtailment"": [144]}"
2025-11-09,44224.58579070067,10025.928928932804,54250.51471963347,71498.4580172823,10ac2f2de51aa754327d96b7206af852e459ac5a69a96cc658e0b5cb01f20f4a,70898.00963600355,600.44838127876,2687.9153462492704,29.032400318595478,8436.132047827836,8437.88464168863,2.2737367544323206e-13,0.0,0.0,0.015053379062010208,2.16768658492947,True,False,False,m1,0.6,8,2687.1622589285707,False,False,2025-10-12;2025-10-19;2025-10-26;2025-11-02,2025-11-02;2025-11-03;2025-11-04;2025-11-05;2025-11-06;2025-11-07;2025-11-08,2025-11-08,2025-10-16;2025-10-20;2025-10-21;2025-10-24;2025-10-27;2025-11-01;2025-11-07;2025-11-08,False,0.01122920901980251,0.0,41049.52715815958,feb_dec_output,registered_boundary_E_INITIAL_6000,8,2025-11-05,nan,True,"{""q"": [144], ""emergency"": [144], ""terminal_value"": [], ""x"": [144], ""soc"": [145], ""charge"": [144], ""discharge"": [144], ""curtailment"": [144]}"
2025-11-10,44477.436519448194,15863.227649307017,60340.66416875521,71909.95513728556,a737740ce8182a02a6d8ed4c87eb73d968fb5636ac9ca9d2fd0e934f1d273105,71688.76798410002,221.18715318554723,4382.9265698948475,0.0,8437.88464168863,8448.025843834232,2.2737367544323206e-13,0.0,0.0,0.017439783537055418,2.51132882933598,True,False,False,m1,0.6,8,2686.098525595239,False,False,2025-10-13;2025-10-20;2025-10-27;2025-11-03,2025-11-03;2025-11-04;2025-11-05;2025-11-06;2025-11-07;2025-11-08;2025-11-09,2025-11-09,2025-10-16;2025-10-20;2025-10-21;2025-10-24;2025-10-27;2025-11-01;2025-11-07;2025-11-08,False,0.010229874984361231,0.0,41190.27767957182,feb_dec_output,registered_boundary_E_INITIAL_6000,8,2025-11-05,nan,True,"{""q"": [144], ""emergency"": [144], ""terminal_value"": [], ""x"": [144], ""soc"": [145], ""charge"": [144], ""discharge"": [144], ""curtailment"": [144]}"
2025-11-11,44755.458444328586,7496.931501354146,52252.389945682735,72333.62916242833,ffa1e2b115a3715e2901b6bdf63eb25eb4035eead194b73cb71e28b33344118e,71811.3966763898,522.2324860385389,1798.2779081974472,0.0,8448.025843834232,8314.85741090976,2.2737367544323206e-13,0.0,0.0,0.016712984146175183,2.406669717049226,True,False,False,m1,0.6,8,2672.397069642859,False,False,2025-10-14;2025-10-21;2025-10-28;2025-11-04,2025-11-04;2025-11-05;2025-11-06;2025-11-07;2025-11-08;2025-11-09;2025-11-10,2025-11-10,2025-10-16;2025-10-20;2025-10-21;2025-10-24;2025-10-27;2025-11-01;2025-11-07;2025-11-08,False,0.012356334016658366,0.0,41571.944869551495,feb_dec_output,registered_boundary_E_INITIAL_6000,8,2025-11-05,nan,True,"{""q"": [144], ""emergency"": [144], ""terminal_value"": [], ""x"": [144], ""soc"": [145], ""charge"": [144], ""discharge"": [144], ""curtailment"": [144]}"
2025-11-12,45148.80851246469,6303.106086176256,51451.91459864094,72902.46398760675,ee208d7ca3d695d64ee1bad8f9ac0a83efc4b5a3a458ef7f2e32f01e2a7ccfd0,71938.2731481382,964.1908394685507,1462.2315517759096,85.48460536970177,8314.85741090976,8464.150598317616,2.2737367544323206e-13,0.0,0.0,0.016420781598652765,2.364592550205998,True,False,False,m1,0.6,8,2669.023479166668,False,False,2025-10-15;2025-10-22;2025-10-29;2025-11-05,2025-11-05;2025-11-06;2025-11-07;2025-11-08;2025-11-09;2025-11-10;2025-11-11,2025-11-11,2025-10-16;2025-10-20;2025-10-21;2025-10-24;2025-10-27;2025-11-01;2025-11-07;2025-11-08,False,0.010646083042956889,0.0,41762.338274454174,feb_dec_output,registered_boundary_E_INITIAL_6000,8,2025-11-05,nan,True,"{""q"": [144], ""emergency"": [144], ""terminal_value"": [], ""x"": [144], ""soc"": [145], ""charge"": [144], ""discharge"": [144], ""curtailment"": [144]}"
2025-11-13,44063.80021713533,10672.65981996384,54736.46003709917,70249.40150190738,923ab6b4a056a21c9e703e46c54661bf7b7b8e98c01ae5c24ed1fe25572908f5,69106.29734585102,1143.1041560563756,3000.0395681027658,69.00116666666668,8464.150598317616,6076.225092030698,2.2737367544323206e-13,0.0,0.0,0.015771173901561672,2.271049041824881,True,False,False,m1,0.6,8,2680.184917857143,False,False,2025-10-16;2025-10-23;2025-10-30;2025-11-06,2025-11-06;2025-11-07;2025-11-08;2025-11-09;2025-11-10;2025-11-11;2025-11-12,2025-11-12,2025-10-16;2025-10-20;2025-10-24;2025-10-27;2025-10-29;2025-11-01;2025-11-07;2025-11-08,False,0.010817292029969394,0.0,16558.61462470766,feb_dec_output,registered_boundary_E_INITIAL_6000,8,2025-11-05,nan,True,"{""q"": [144], ""emergency"": [144], ""terminal_value"": [], ""x"": [144], ""soc"": [145], ""charge"": [144], ""discharge"": [144], ""curtailment"": [144]}"
2025-11-14,18682.733957469274,4704.344772851033,23387.078730320307,34507.29021719063,9947404ca724600ed98c9268b860cb7853d6f16064fa263fc62942a674c36b15,33547.50333467469,959.7868825159296,1558.717048288316,5978.581745097879,6076.225092030698,6002.337652789678,1.1368683772161603e-13,0.0,0.0,0.014021421593093287,2.0190847094054334,True,False,False,m1,0.6,8,2772.684929761904,False,False,2025-10-17;2025-10-24;2025-10-31;2025-11-07,2025-11-07;2025-11-08;2025-11-09;2025-11-10;2025-11-11;2025-11-12;2025-11-13,2025-11-13,2025-10-20;2025-10-23;2025-10-24;2025-10-27;2025-10-29;2025-11-01;2025-11-07;2025-11-08,False,0.010287041950505227,0.0,16490.016967009225,feb_dec_output,registered_boundary_E_INITIAL_6000,8,2025-11-05,nan,True,"{""q"": [144], ""emergency"": [144], ""terminal_value"": [], ""x"": [144], ""soc"": [145], ""charge"": [144], ""discharge"": [144], ""curtailment"": [144]}"
2025-11-15,19745.816623285733,3534.071212002215,23279.887835287947,37156.65522785872,b02c773874cca6e89d7d1f1fb99bc3b14990521c990019ae428eaef4b35ca216,36294.091787041725,862.5634408169939,1028.188336402442,4925.288536819924,6002.337652789678,8438.273846186288,1.1368683772161603e-13,0.0,0.0,0.01369129372243252,1.971546296030283,True,False,False,m1,0.6,8,2772.684929761904,False,False,2025-10-18;2025-10-25;2025-11-01;2025-11-08,2025-11-08;2025-11-09;2025-11-10;2025-11-11;2025-11-12;2025-11-13;2025-11-14,2025-11-14,2025-10-20;2025-10-23;2025-10-24;2025-10-27;2025-10-29;2025-11-01;2025-11-07;2025-11-08,False,0.009638916002586484,0.0,42673.58214146232,feb_dec_output,registered_boundary_E_INITIAL_6000,8,2025-11-05,nan,True,"{""q"": [144], ""emergency"": [144], ""terminal_value"": [], ""x"": [144], ""soc"": [145], ""charge"": [144], ""discharge"": [144], ""curtailment"": [144]}"
2025-11-16,46257.673352114805,10728.282625667245,56985.955977782054,74582.23191033759,019b8eb202aa6b8b476952397e8697af39fa2c67e8a68c31aa7d2ae26aea30ad,73844.8592076839,737.3727026536912,2862.9541950687394,94.94345375027272,8438.273846186288,8350.91571095186,2.2737367544323206e-13,0.0,0.0,0.013920987235906068,2.004622161970474,True,False,False,m1,0.6,8,2772.058670238095,False,False,2025-10-19;2025-10-26;2025-11-02;2025-11-09,2025-11-09;2025-11-10;2025-11-11;2025-11-12;2025-11-13;2025-11-14;2025-11-15,2025-11-15,2025-10-20;2025-10-23;2025-10-24;2025-10-27;2025-10-29;2025-11-01;2025-11-07;2025-11-08,False,0.009372875036206096,0.0,43167.96032791601,feb_dec_output,registered_boundary_E_INITIAL_6000,8,2025-11-05,nan,True,"{""q"": [144], ""emergency"": [144], ""terminal_value"": [], ""x"": [144], ""soc"": [145], ""charge"": [144], ""discharge"": [144], ""curtailment"": [144]}"
2025-11-17,46645.790276234125,4866.278106153974,51512.0683823881,75256.31815205142,b2b3c44c3ffeb304f3e6fa4fdae2b65c3d06f88effb1efe8957bd373328ea573,73843.77504944157,1412.5431026098443,1340.3764688620308,23.869425034155668,8350.91571095186,8587.945503262317,1.1368683772161603e-13,0.0,0.0,0.013973744520626497,2.0122192109702155,True,False,False,m1,0.6,8,2767.7002976190447,False,False,2025-10-20;2025-10-27;2025-11-03;2025-11-10,2025-11-10;2025-11-11;2025-11-12;2025-11-13;2025-11-14;2025-11-15;2025-11-16,2025-11-16,2025-10-20;2025-10-24;2025-10-27;2025-10-29;2025-11-07;2025-11-08;2025-11-14;2025-11-15,False,0.009830000053625554,0.0,43188.34600723142,feb_dec_output,registered_boundary_E_INITIAL_6000,8,2025-11-05,nan,True,"{""q"": [144], ""emergency"": [144], ""terminal_value"": [], ""x"": [144], ""soc"": [145], ""charge"": [144], ""discharge"": [144], ""curtailment"": [144]}"
2025-11-18,46295.251224512045,8418.230401386467,54713.48162589851,74702.73804545219,ceb713379864ce1f7fdc8700f5ca0935fc9dca767893274e6020466cf9c6d902,74248.86886785031,453.8691776018853,2738.145103046112,0.0,8587.945503262317,8411.652219072752,2.2737367544323206e-13,0.0,0.0,0.01399978215138415,2.0159686297993176,True,False,False,m1,0.6,8,2328.45858095238,False,False,2025-10-21;2025-10-28;2025-11-04;2025-11-11,2025-11-11;2025-11-12;2025-11-13;2025-11-14;2025-11-15;2025-11-16;2025-11-17,2025-11-17,2025-10-22;2025-10-24;2025-10-27;2025-10-29;2025-11-07;2025-11-08;2025-11-14;2025-11-15,False,0.00984041701303795,0.0,43218.12503317,feb_dec_output,registered_boundary_E_INITIAL_6000,8,2025-11-05,nan,True,"{""q"": [144], ""emergency"": [144], ""terminal_value"": [], ""x"": [144], ""soc"": [145], ""charge"": [144], ""discharge"": [144], ""curtailment"": [144]}"
2025-11-19,46953.66896737762,8747.887564181234,55701.556531558854,75812.58049718325,a5dd1a6c623608abbcab207ea2b919248550a063561252ccf0eeac26c42f02aa,75268.34702479959,544.2334723836547,2315.73573725281,11.560094224547043,8411.652219072752,8302.679281650204,1.1368683772161603e-13,0.0,0.0,0.014608094867677815,2.1035656609456055,True,False,False,m3,0.6,8,2205.7546771428533,False,False,2025-10-22;2025-10-29;2025-11-05;2025-11-12,2025-11-12;2025-11-13;2025-11-14;2025-11-15;2025-11-16;2025-11-17;2025-11-18,2025-11-18,2025-10-22;2025-10-23;2025-10-24;2025-10-29;2025-11-01;2025-11-04;2025-11-14;2025-11-15,False,0.010036041960120201,0.0,43723.991552865555,feb_dec_output,registered_boundary_E_INITIAL_6000,8,2025-11-19,nan,True,"{""q"": [144], ""emergency"": [144], ""terminal_value"": [], ""x"": [144], ""soc"": [145], ""charge"": [144], ""discharge"": [144], ""curtailment"": [144]}"
2025-11-20,46429.0252393758,6434.830413593227,52863.855652969025,74105.46261349562,99a1e10b6428bd85e6887603be9a342d3720718c65c52e2d44800fd0aad5e159,73210.94057589104,894.5220376045716,1852.7629105090332,22.746816666666746,8302.679281650204,6359.117832045632,2.2737367544323206e-13,0.0,0.0,0.014005309036292601,2.0167645012261346,True,False,False,m3,0.6,8,2468.0059444047583,False,False,2025-10-23;2025-10-30;2025-11-06;2025-11-13,2025-11-13;2025-11-14;2025-11-15;2025-11-16;2025-11-17;2025-11-18;2025-11-19,2025-11-19,2025-10-23;2025-10-24;2025-10-29;2025-11-08;2025-11-14;2025-11-15;2025-11-18;2025-11-19,False,0.009521708998363465,0.0,16686.926976889303,feb_dec_output,registered_boundary_E_INITIAL_6000,8,2025-11-19,nan,True,"{""q"": [144], ""emergency"": [144], ""terminal_value"": [], ""x"": [144], ""soc"": [145], ""charge"": [144], ""discharge"": [144], ""curtailment"": [144]}"
2025-11-21,18674.490693538286,2824.7437163550453,21499.23440989333,34641.95413178138,0f7e378cfd4ac47066a32232d16b518954cc69f1936c020379ade30513b1c440,33950.504361923915,691.4497698574639,1117.3789046365846,4447.587973811366,6359.117832045632,6475.469728843039,1.1368683772161603e-13,0.0,0.0,0.013858816213744123,1.9956695347791538,True,False,False,m3,0.6,8,2218.796746547615,False,False,2025-10-24;2025-10-31;2025-11-07;2025-11-14,2025-11-14;2025-11-15;2025-11-16;2025-11-17;2025-11-18;2025-11-19;2025-11-20,2025-11-20,2025-10-24;2025-10-29;2025-11-04;2025-11-07;2025-11-08;2025-11-14;2025-11-15;2025-11-18,False,0.009920875017996877,0.0,16331.508739742183,feb_dec_output,registered_boundary_E_INITIAL_6000,8,2025-11-19,nan,True,"{""q"": [144], ""emergency"": [144], ""terminal_value"": [], ""x"": [144], ""soc"": [145], ""charge"": [144], ""discharge"": [144], ""curtailment"": [144]}"
2025-11-22,19829.63881843394,2939.0702144492966,22768.70903288324,37237.84683643968,5983acbf089f2feb864f1f7add9e9373600416682d3251554024d0f4508eb781,35998.65996942436,1239.1868670153294,891.0206370297276,3026.6525992780416,6475.469728843039,8347.962150008023,1.1368683772161603e-13,0.0,0.0,0.013743207230113007,1.979021841136273,True,False,False,m3,0.6,8,2578.658612857139,False,False,2025-10-25;2025-11-01;2025-11-08;2025-11-15,2025-11-15;2025-11-16;2025-11-17;2025-11-18;2025-11-19;2025-11-20;2025-11-21,2025-11-21,2025-10-27;2025-10-29;2025-11-08;2025-11-14;2025-11-15;2025-11-18;2025-11-19;2025-11-21,False,0.009911874949466437,0.0,44634.40536953465,feb_dec_output,registered_boundary_E_INITIAL_6000,8,2025-11-19,nan,True,"{""q"": [144], ""emergency"": [144], ""terminal_value"": [], ""x"": [144], ""soc"": [145], ""charge"": [144], ""discharge"": [144], ""curtailment"": [144]}"
2025-11-23,48096.60077109922,8451.04881238532,56547.64958348454,77417.06687164676,db2297c52d50cbeb8a55b684cacdc01ea9d036ebab3ff9493c18e8a08daa6c64,75853.95387737508,1563.1129942716727,2211.888208999112,425.8982916850648,8347.962150008023,8446.221110916742,2.2737367544323206e-13,0.0,0.0,0.01440017048500724,2.0736245498410426,True,False,False,m3,0.6,8,2600.338365476187,False,False,2025-10-26;2025-11-02;2025-11-09;2025-11-16,2025-11-16;2025-11-17;2025-11-18;2025-11-19;2025-11-20;2025-11-21;2025-11-22,2025-11-22,2025-10-27;2025-10-29;2025-11-08;2025-11-14;2025-11-15;2025-11-18;2025-11-19;2025-11-21,False,0.009989332989789546,0.0,44620.99619110818,feb_dec_output,registered_boundary_E_INITIAL_6000,8,2025-11-19,nan,True,"{""q"": [144], ""emergency"": [144], ""terminal_value"": [], ""x"": [144], ""soc"": [145], ""charge"": [144], ""discharge"": [144], ""curtailment"": [144]}"
2025-11-24,48007.913435061666,5235.125796134853,53243.03923119652,77246.87185467636,c24f22e082d5c98347cb1fb81f5cf3dbed4f6209b7afc45fa21c6b8a84fde8f0,75031.83331954844,2215.038535127912,1317.9314279575276,148.01194999999984,8446.221110916742,8253.890675802244,1.1368683772161603e-13,0.0,0.0,0.014110962381285693,2.0319785829051398,True,False,False,m3,0.6,8,2747.9154479761864,False,False,2025-10-27;2025-11-03;2025-11-10;2025-11-17,2025-11-17;2025-11-18;2025-11-19;2025-11-20;2025-11-21;2025-11-22;2025-11-23,2025-11-23,2025-10-27;2025-10-29;2025-10-31;2025-11-03;2025-11-15;2025-11-18;2025-11-21;2025-11-23,False,0.009705792006570846,0.0,44834.01623759016,feb_dec_output,registered_boundary_E_INITIAL_6000,8,2025-11-19,nan,True,"{""q"": [144], ""emergency"": [144], ""terminal_value"": [], ""x"": [144], ""soc"": [145], ""charge"": [144], ""discharge"": [144], ""curtailment"": [144]}"
2025-11-25,47982.78414892893,5232.759509136094,53215.54365806502,77195.56648565858,048ddb8d3117cb613102b47e2a4a45dbdd9d281c29991c8f67a07fb6b009e5dc,76984.27629604956,211.2901896090301,1634.6157824449856,0.0,8253.890675802244,8364.623085481886,2.2737367544323206e-13,0.0,0.0,0.014067132827525105,2.025667127163615,True,False,False,m3,0.6,8,3307.934347976185,False,False,2025-10-28;2025-11-04;2025-11-11;2025-11-18,2025-11-18;2025-11-19;2025-11-20;2025-11-21;2025-11-22;2025-11-23;2025-11-24,2025-11-24,2025-10-29;2025-11-01;2025-11-03;2025-11-10;2025-11-18;2025-11-19;2025-11-21;2025-11-23,False,0.009813042008318007,0.0,44746.52334693036,feb_dec_output,registered_boundary_E_INITIAL_6000,8,2025-11-19,nan,True,"{""q"": [144], ""emergency"": [144], ""terminal_value"": [], ""x"": [144], ""soc"": [145], ""charge"": [144], ""discharge"": [144], ""curtailment"": [144]}"
2025-11-26,48177.52553791149,7409.988312512834,55587.51385042432,77557.65593147516,3e681d05c5423372a3a7cb2e76778f01daa0acac48697745f919445d59bf46e8,76981.82552611848,575.8304053566939,2280.5741141830968,0.0,8364.623085481886,8450.544275958362,2.2737367544323206e-13,0.0,0.0,0.014051944753898878,2.0234800445614383,True,False,False,m3,0.6,8,2885.3823934523775,False,False,2025-10-29;2025-11-05;2025-11-12;2025-11-19,2025-11-19;2025-11-20;2025-11-21;2025-11-22;2025-11-23;2025-11-24;2025-11-25,2025-11-25,2025-10-29;2025-10-31;2025-11-01;2025-11-03;2025-11-18;2025-11-19;2025-11-21;2025-11-23,False,0.00979908398585394,0.0,44974.193662894904,feb_dec_output,registered_boundary_E_INITIAL_6000,8,2025-11-19,nan,True,"{""q"": [144], ""emergency"": [144], ""terminal_value"": [], ""x"": [144], ""soc"": [145], ""charge"": [144], ""discharge"": [144], ""curtailment"": [144]}"
2025-11-27,47608.9479352519,5335.458842756461,52944.40677800836,75943.48877055378,1942600e1afa2a7d50df024c7a6c134b6b85a74a587df3fead221775421cb9ad,74888.9130955401,1054.5756750136652,1399.6613595566978,5.2316333333333205,8450.544275958362,6736.516411791196,1.1368683772161603e-13,0.0,0.0,0.014464174418309186,2.082841116236523,True,False,False,m3,0.6,8,2438.234718452376,False,False,2025-10-30;2025-11-06;2025-11-13;2025-11-20,2025-11-20;2025-11-21;2025-11-22;2025-11-23;2025-11-24;2025-11-25;2025-11-26,2025-11-26,2025-10-31;2025-11-01;2025-11-03;2025-11-12;2025-11-18;2025-11-21;2025-11-23;2025-11-25,False,0.009669416991528124,0.0,16612.014751576437,feb_dec_output,registered_boundary_E_INITIAL_6000,8,2025-11-19,nan,True,"{""q"": [144], ""emergency"": [144], ""terminal_value"": [], ""x"": [144], ""soc"": [145], ""charge"": [144], ""discharge"": [144], ""curtailment"": [144]}"
2025-11-28,19314.99957072061,2489.3510515108983,21804.350622231508,35548.66982638419,226d06eba66f20d2da42cd4a7f028bbdfaa1cb4e90d3dba60decf699d666c84d,34396.422837876606,1152.2469885075884,783.0212881454927,2675.130381990734,6736.516411791196,6605.566230370272,1.1368683772161603e-13,0.0,0.0,0.014250565970643139,2.052081499772612,True,False,False,m3,0.6,8,2847.3194973809486,False,False,2025-10-31;2025-11-07;2025-11-14;2025-11-21,2025-11-21;2025-11-22;2025-11-23;2025-11-24;2025-11-25;2025-11-26;2025-11-27,2025-11-27,2025-10-31;2025-11-01;2025-11-03;2025-11-06;2025-11-18;2025-11-19;2025-11-21;2025-11-23,False,0.009739625034853816,0.0,17086.09933964721,feb_dec_output,registered_boundary_E_INITIAL_6000,8,2025-11-19,nan,True,"{""q"": [144], ""emergency"": [144], ""terminal_value"": [], ""x"": [144], ""soc"": [145], ""charge"": [144], ""discharge"": [144], ""curtailment"": [144]}"
2025-11-29,20253.607009724466,9413.065675244125,29666.67268496859,37747.365446215656,d5672d7b0db53bf0d252e6eb7b73fec7bc0beae86d65d9cec5f64789c2a3981a,36817.02570159666,930.3397446189871,3425.2677270131885,1817.9477189306238,6605.566230370272,8305.736934775286,1.1368683772161603e-13,0.0,0.0,0.013827868103463616,1.9912130068987608,True,False,False,m3,0.6,8,2795.232159404758,False,False,2025-11-01;2025-11-08;2025-11-15;2025-11-22,2025-11-22;2025-11-23;2025-11-24;2025-11-25;2025-11-26;2025-11-27;2025-11-28,2025-11-28,2025-11-01;2025-11-03;2025-11-04;2025-11-06;2025-11-07;2025-11-18;2025-11-19;2025-11-21,False,0.009924457990564406,0.0,45814.64971292438,feb_dec_output,registered_boundary_E_INITIAL_6000,8,2025-11-19,nan,True,"{""q"": [144], ""emergency"": [144], ""terminal_value"": [], ""x"": [144], ""soc"": [145], ""charge"": [144], ""discharge"": [144], ""curtailment"": [144]}"
2025-11-30,49825.36348456143,10910.56733620614,60735.93082076757,79975.4674914044,8a9f1f305b624c6c694ff6e01fb5061851d540abae0506bb96acd95e3e2320a9,79556.20592017734,419.2615712270566,3184.9640462036477,0.0,8305.736934775286,8333.331539308037,2.2737367544323206e-13,0.0,0.0,0.01400741929117228,2.0170683779288083,True,False,False,m3,0.6,8,3041.716290476187,False,False,2025-11-02;2025-11-09;2025-11-16;2025-11-23,2025-11-23;2025-11-24;2025-11-25;2025-11-26;2025-11-27;2025-11-28;2025-11-29,2025-11-29,2025-11-04;2025-11-05;2025-11-06;2025-11-07;2025-11-14;2025-11-19;2025-11-20;2025-11-29,False,0.009818958002142608,0.0,46407.3343823296,feb_dec_output,registered_boundary_E_INITIAL_6000,8,2025-11-19,nan,True,"{""q"": [144], ""emergency"": [144], ""terminal_value"": [], ""x"": [144], ""soc"": [145], ""charge"": [144], ""discharge"": [144], ""curtailment"": [144]}"
2025-12-01,50201.9217573091,29859.476857050533,80061.39861435964,80695.6637495667,e908e5cea2d782df58966f57d4001224adca1e0e5d39907539ba3df46c1b2c8e,80522.35459796584,173.30915160085192,8224.928141687371,0.0,8333.331539308037,8232.619980497626,2.2737367544323206e-13,0.0,0.0,0.014045719045194952,2.022583542508073,True,False,False,m3,0.6,8,2711.4412629761864,False,False,2025-11-03;2025-11-10;2025-11-17;2025-11-24,2025-11-24;2025-11-25;2025-11-26;2025-11-27;2025-11-28;2025-11-29;2025-11-30,2025-11-30,2025-11-04;2025-11-05;2025-11-06;2025-11-07;2025-11-14;2025-11-19;2025-11-20;2025-11-29,False,0.009708166995551437,0.0,46876.20953995093,feb_dec_output,registered_boundary_E_INITIAL_6000,8,2025-11-19,nan,True,"{""q"": [144], ""emergency"": [144], ""terminal_value"": [], ""x"": [144], ""soc"": [145], ""charge"": [144], ""discharge"": [144], ""curtailment"": [144]}"
2025-12-02,50519.13047468584,36744.94859965006,87264.0790743359,81113.65535670565,56ffd476e5a118db27f940d8a5d88fde9e8a2d3be55817148fe12cd2cdd3c058,81094.266883165,19.388473540661266,10090.198294957676,0.0,8232.619980497626,8266.26940441691,4.547473508864641e-13,0.0,0.0,0.014380686333121654,2.070818831969518,True,False,False,m3,0.6,8,2801.136733571425,False,False,2025-11-04;2025-11-11;2025-11-18;2025-11-25,2025-11-25;2025-11-26;2025-11-27;2025-11-28;2025-11-29;2025-11-30;2025-12-01,2025-12-01,2025-11-05;2025-11-06;2025-11-12;2025-11-19;2025-11-20;2025-11-23;2025-11-26;2025-11-29,False,0.009909584012348205,0.0,47318.804600913725,feb_dec_output,registered_boundary_E_INITIAL_6000,8,2025-11-19,nan,True,"{""q"": [144], ""emergency"": [144], ""terminal_value"": [], ""x"": [144], ""soc"": [145], ""charge"": [144], ""discharge"": [144], ""curtailment"": [144]}"
2025-12-03,50610.7062719022,28689.20768286505,79299.91395476725,81128.78369013497,ee1d453865d35a538b6a7da01199929d33076e40dae320a2fdabc33821b9ca5b,81018.17867345974,110.60501667522601,8639.483703793536,0.0,8266.26940441691,8205.154634373364,2.2737367544323206e-13,0.0,0.0,0.014235255789066691,2.0498768336256035,True,False,False,m1,0.6,8,3088.676063095239,False,False,2025-11-05;2025-11-12;2025-11-19;2025-11-26,2025-11-26;2025-11-27;2025-11-28;2025-11-29;2025-11-30;2025-12-01;2025-12-02,2025-12-02,2025-11-06;2025-11-07;2025-11-11;2025-11-15;2025-11-18;2025-11-19;2025-11-24;2025-11-30,False,0.009743458009324968,0.0,47344.188980907966,feb_dec_output,registered_boundary_E_INITIAL_6000,8,2025-12-03,nan,True,"{""q"": [144], ""emergency"": [144], ""terminal_value"": [], ""x"": [144], ""soc"": [145], ""charge"": [144], ""discharge"": [144], ""curtailment"": [144]}"
2025-12-04,50284.33051131572,28122.81741797192,78407.14792928763,79850.61313175567,988886baf4da45793829078f6a2df59d21218e4ba1f872cc7f92cc16001b61ba,79791.63097498915,58.982156766505796,7734.646428482549,0.0,8205.154634373364,6620.429875884816,1.1838210411951877e-09,0.0,0.0,0.014561203395714983,2.0968132889829576,True,False,False,m1,0.6,8,3540.408157142856,False,False,2025-11-06;2025-11-13;2025-11-20;2025-11-27,2025-11-27;2025-11-28;2025-11-29;2025-11-30;2025-12-01;2025-12-02;2025-12-03,2025-12-03,2025-11-06;2025-11-07;2025-11-14;2025-11-15;2025-11-19;2025-11-20;2025-11-29;2025-12-02,False,0.010194709000643343,0.0,17777.164435251067,feb_dec_output,registered_boundary_E_INITIAL_6000,8,2025-12-03,nan,True,"{""q"": [144], ""emergency"": [144], ""terminal_value"": [], ""x"": [144], ""soc"": [145], ""charge"": [144], ""discharge"": [144], ""curtailment"": [144]}"
2025-12-05,20440.37084806716,17183.90178312903,37624.27263119619,36959.2252531793,3c22c8da9b2adcb5a9b9dfbff956bafc4fed85268dd8ac70de2d27db77536551,36897.80648545886,61.418767720438666,6018.753796479338,0.0,6620.429875884816,6407.676488023584,1.1368683772161603e-13,0.0,0.0,0.015243344297131343,2.1950415787869133,True,False,False,m1,0.6,8,3651.212189285713,False,False,2025-11-07;2025-11-14;2025-11-21;2025-11-28,2025-11-28;2025-11-29;2025-11-30;2025-12-01;2025-12-02;2025-12-03;2025-12-04,2025-12-04,2025-11-07;2025-11-15;2025-11-18;2025-11-19;2025-11-24;2025-11-27;2025-11-29;2025-12-03,False,0.009946834004949778,0.0,17952.794881051064,feb_dec_output,registered_boundary_E_INITIAL_6000,8,2025-12-03,nan,True,"{""q"": [144], ""emergency"": [144], ""terminal_value"": [], ""x"": [144], ""soc"": [145], ""charge"": [144], ""discharge"": [144], ""curtailment"": [144]}"
2025-12-06,21761.65924365759,19340.43474480902,41102.09398846661,39679.11067538929,b7dd0c2e705ed3beb203859035c6d317881dfeb67170f828f64f5cd035651b26,39463.76084545345,215.349829935841,8013.457428730221,51.90551445586766,6407.676488023584,8171.287272772967,1.1368683772161603e-13,0.0,0.0,0.013960100709583558,2.0102545021800324,True,False,False,m1,0.6,8,4522.3942065476185,False,False,2025-11-08;2025-11-15;2025-11-22;2025-11-29,2025-11-29;2025-11-30;2025-12-01;2025-12-02;2025-12-03;2025-12-04;2025-12-05,2025-12-05,2025-11-15;2025-11-18;2025-11-19;2025-11-24;2025-11-29;2025-12-02;2025-12-03;2025-12-05,False,0.009725917014293373,0.0,48738.3257580308,feb_dec_output,registered_boundary_E_INITIAL_6000,8,2025-12-03,nan,True,"{""q"": [144], ""emergency"": [144], ""terminal_value"": [], ""x"": [144], ""soc"": [145], ""charge"": [144], ""discharge"": [144], ""curtailment"": [144]}"
2025-12-07,52197.838811867274,24459.531574666835,76657.37038653411,83124.22529045769,98cbb2cbee88d6d4bc9c2050168145fe8f12e38fd1eee283b99643138306fe04,83067.23822335695,56.98706710073964,7098.692785155465,0.0,8171.287272772967,8196.214656766146,1.1368683772161603e-13,0.0,0.0,0.014115518186574465,2.032634618866723,True,False,False,m1,0.6,8,4332.398194047619,False,False,2025-11-09;2025-11-16;2025-11-23;2025-11-30,2025-11-30;2025-12-01;2025-12-02;2025-12-03;2025-12-04;2025-12-05;2025-12-06,2025-12-06,2025-11-13;2025-11-14;2025-11-15;2025-11-19;2025-11-24;2025-11-29;2025-12-03;2025-12-05,False,0.009896916977595538,0.0,49976.892315981895,feb_dec_output,registered_boundary_E_INITIAL_6000,8,2025-12-03,nan,True,"{""q"": [144], ""emergency"": [144], ""terminal_value"": [], ""x"": [144], ""soc"": [145], ""charge"": [144], ""discharge"": [144], ""curtailment"": [144]}"
2025-12-08,53295.92313209649,19017.386607015094,72313.30973911159,84920.68936889543,5b13b76cf81ad6b71b38f017fdbda41b2da583d1b8013d7358ba778fe3eebeec,84760.74311420294,159.9462546924873,5868.020009437023,0.0,8196.214656766146,8389.53055266599,2.2737367544323206e-13,0.0,0.0,0.014004552651588002,2.0166555818286724,True,False,False,m1,0.6,8,3678.4364446428563,False,False,2025-11-10;2025-11-17;2025-11-24;2025-12-01,2025-12-01;2025-12-02;2025-12-03;2025-12-04;2025-12-05;2025-12-06;2025-12-07,2025-12-07,2025-11-12;2025-11-14;2025-11-15;2025-11-19;2025-11-20;2025-11-29;2025-12-02;2025-12-07,False,0.009609999950043857,0.0,49982.89238778646,feb_dec_output,registered_boundary_E_INITIAL_6000,8,2025-12-03,nan,True,"{""q"": [144], ""emergency"": [144], ""terminal_value"": [], ""x"": [144], ""soc"": [145], ""charge"": [144], ""discharge"": [144], ""curtailment"": [144]}"
2025-12-09,53388.144678409095,19322.95947059796,72711.10414900706,85055.33731318405,beac80d7b841e9f7eee337aead7e2474dfda29f9539fac443553b2ce255eff16,84796.45968266546,258.87763051859895,5140.342501098326,0.0,8389.53055266599,8410.009890105997,2.2737367544323206e-13,0.0,0.0,0.014058824673055723,2.024470752920024,True,False,False,m1,0.6,8,4147.564668452382,False,False,2025-11-11;2025-11-18;2025-11-25;2025-12-02,2025-12-02;2025-12-03;2025-12-04;2025-12-05;2025-12-06;2025-12-07;2025-12-08,2025-12-08,2025-11-14;2025-11-20;2025-11-22;2025-12-02;2025-12-03;2025-12-04;2025-12-05;2025-12-08,False,0.009624583006370813,0.0,49995.03775210251,feb_dec_output,registered_boundary_E_INITIAL_6000,8,2025-12-03,nan,True,"{""q"": [144], ""emergency"": [144], ""terminal_value"": [], ""x"": [144], ""soc"": [145], ""charge"": [144], ""discharge"": [144], ""curtailment"": [144]}"
2025-12-10,53200.8750711856,20224.81954886137,73425.69462004697,84825.85376110811,27963a02a1543fdbf4df7536b05be1348e438480825d593cf4912bae82126210,84781.33064658422,44.52311452389404,6091.082562832418,0.0,8410.009890105997,8363.088966054649,2.2737367544323206e-13,0.0,0.0,0.013543579258516224,1.9502754132263362,True,False,False,m1,0.6,8,4283.993839880953,False,False,2025-11-12;2025-11-19;2025-11-26;2025-12-03,2025-12-03;2025-12-04;2025-12-05;2025-12-06;2025-12-07;2025-12-08;2025-12-09,2025-12-09,2025-11-14;2025-11-20;2025-11-22;2025-12-02;2025-12-03;2025-12-04;2025-12-05;2025-12-09,False,0.009160708985291421,0.0,50098.74954177798,feb_dec_output,registered_boundary_E_INITIAL_6000,8,2025-12-03,nan,True,"{""q"": [144], ""emergency"": [144], ""terminal_value"": [], ""x"": [144], ""soc"": [145], ""charge"": [144], ""discharge"": [144], ""curtailment"": [144]}"
2025-12-11,53019.86579129369,13166.524380375846,66186.39017166954,83857.39865089572,a816ec23bc8a4caa6983dc3d9254323eb802bf1b42edf2f893fa26c68eb2fdbc,83277.80941712519,579.5892337705383,3923.8213775216846,0.0,8363.088966054649,7231.725501639207,2.2737367544323206e-13,0.0,0.0,0.014048686264383528,2.023010822071228,True,False,False,m1,0.6,8,4316.571260119047,False,False,2025-11-13;2025-11-20;2025-11-27;2025-12-04,2025-12-04;2025-12-05;2025-12-06;2025-12-07;2025-12-08;2025-12-09;2025-12-10,2025-12-10,2025-11-14;2025-11-20;2025-11-22;2025-11-29;2025-12-02;2025-12-04;2025-12-05;2025-12-08,False,0.009775749989785254,0.0,18573.038533548446,feb_dec_output,registered_boundary_E_INITIAL_6000,8,2025-12-03,nan,True,"{""q"": [144], ""emergency"": [144], ""terminal_value"": [], ""x"": [144], ""soc"": [145], ""charge"": [144], ""discharge"": [144], ""curtailment"": [144]}"
2025-12-12,21168.84486240337,16044.165445322073,37213.010307725446,38685.746193862535,a70c8d4645b1a73381fe9dbeeb1a9fe94d35b513c68d10b4c17acfad2b6f5191,38583.33032566339,102.41586819914721,7032.851154265279,0.0,7231.725501639207,7208.635235518064,1.1368683772161603e-13,0.0,0.0,0.01524391983386724,2.195124456076883,True,False,False,m1,0.6,8,4150.176487500001,False,False,2025-11-14;2025-11-21;2025-11-28;2025-12-05,2025-12-05;2025-12-06;2025-12-07;2025-12-08;2025-12-09;2025-12-10;2025-12-11,2025-12-11,2025-11-14;2025-11-21;2025-11-22;2025-12-02;2025-12-04;2025-12-05;2025-12-08;2025-12-11,False,0.010097375023178756,0.0,18541.375801185,feb_dec_output,registered_boundary_E_INITIAL_6000,8,2025-12-03,nan,True,"{""q"": [144], ""emergency"": [144], ""terminal_value"": [], ""x"": [144], ""soc"": [145], ""charge"": [144], ""discharge"": [144], ""curtailment"": [144]}"
2025-12-13,22269.818966891336,15196.628870541972,37466.44783743331,40596.783514006434,332bc2b83c881336193c37ec3c8cc9aa3a9e4910709e3d83019b34dbc900d597,40402.86334986671,193.92016413972408,6513.01522077456,0.0,7208.635235518064,8360.735995813553,1.1368683772161603e-13,0.0,0.0,0.013940705729004953,2.007461624976713,True,False,False,m1,0.6,8,5060.16556904762,False,False,2025-11-15;2025-11-22;2025-11-29;2025-12-06,2025-12-06;2025-12-07;2025-12-08;2025-12-09;2025-12-10;2025-12-11;2025-12-12,2025-12-12,2025-11-20;2025-11-22;2025-11-30;2025-12-03;2025-12-05;2025-12-06;2025-12-10;2025-12-11,False,0.010172749985940754,0.0,50723.95202612746,feb_dec_output,registered_boundary_E_INITIAL_6000,8,2025-12-03,nan,True,"{""q"": [144], ""emergency"": [144], ""terminal_value"": [], ""x"": [144], ""soc"": [145], ""charge"": [144], ""discharge"": [144], ""curtailment"": [144]}"
2025-12-14,54092.33982950902,19149.870980688618,73242.21081019763,85913.85157388193,26431365b167c9faf87f9e3adafecba274d9b8bda30ece609df753db2699644f,85806.66465025058,107.18692363133664,5485.931296768498,0.0,8360.735995813553,8361.111659615424,2.2737367544323206e-13,0.0,0.0,0.014083840822422644,2.0280730784288608,True,False,False,m1,0.6,8,5568.3848702380965,False,False,2025-11-16;2025-11-23;2025-11-30;2025-12-07,2025-12-07;2025-12-08;2025-12-09;2025-12-10;2025-12-11;2025-12-12;2025-12-13,2025-12-13,2025-11-19;2025-11-20;2025-11-30;2025-12-05;2025-12-06;2025-12-08;2025-12-11;2025-12-12,False,0.00986904202727601,0.0,51706.3523339611,feb_dec_output,registered_boundary_E_INITIAL_6000,8,2025-12-03,nan,True,"{""q"": [144], ""emergency"": [144], ""terminal_value"": [], ""x"": [144], ""soc"": [145], ""charge"": [144], ""discharge"": [144], ""curtailment"": [144]}"
2025-12-15,55058.53005978426,15646.716888538282,70705.24694832254,87596.28775553376,167b5b6ba6fc73fd2158de75ff6679e929952b89e69563671f3bcc55d5160a11,87464.05776546907,132.22999006468956,4534.72096535784,0.0,8361.111659615424,8402.63917035422,2.2737367544323206e-13,0.0,0.0,0.01409443640416915,2.0295988422003575,True,False,False,m1,0.6,8,5217.221986309527,False,False,2025-11-17;2025-11-24;2025-12-01;2025-12-08,2025-12-08;2025-12-09;2025-12-10;2025-12-11;2025-12-12;2025-12-13;2025-12-14,2025-12-14,2025-11-20;2025-11-22;2025-11-30;2025-12-02;2025-12-04;2025-12-05;2025-12-08;2025-12-14,False,0.009488333016633987,0.0,52038.78438078766,feb_dec_output,registered_boundary_E_INITIAL_6000,8,2025-12-03,nan,True,"{""q"": [144], ""emergency"": [144], ""terminal_value"": [], ""x"": [144], ""soc"": [145], ""charge"": [144], ""discharge"": [144], ""curtailment"": [144]}"
2025-12-16,55469.89160420308,14846.824042424565,70316.71564662765,88060.58931431596,a7ae96d81a47330036ef474794bb137c8d2b042e280c9647600421d3a0e8e953,87643.3311300939,417.2581842220495,4245.321804337545,0.0,8402.63917035422,8384.68247075302,2.2737367544323206e-13,0.0,0.0,0.013601492869687112,1.958614973234944,True,False,False,m1,0.6,8,5648.948945833334,False,False,2025-11-18;2025-11-25;2025-12-02;2025-12-09,2025-12-09;2025-12-10;2025-12-11;2025-12-12;2025-12-13;2025-12-14;2025-12-15,2025-12-15,2025-11-20;2025-11-22;2025-11-30;2025-12-05;2025-12-06;2025-12-08;2025-12-11;2025-12-12,False,0.009369334031362087,0.0,51941.99316997709,feb_dec_output,registered_boundary_E_INITIAL_6000,8,2025-12-03,nan,True,"{""q"": [144], ""emergency"": [144], ""terminal_value"": [], ""x"": [144], ""soc"": [145], ""charge"": [144], ""discharge"": [144], ""curtailment"": [144]}"
2025-12-17,55615.42978214901,10986.16076251155,66601.59054466056,88270.34515471556,8329acb84809d09345096b065d0b1de7221d45759b86811b49f26b76ec04da8c,87679.46024451163,590.884910203927,3023.186328763169,0.0,8384.68247075302,8504.62469188661,2.2737367544323206e-13,0.0,0.0,0.01365064004090123,1.9656921658897772,True,False,False,m2,0.7,8,7582.0882249999995,False,False,2025-11-19;2025-11-26;2025-12-03;2025-12-10,2025-12-10;2025-12-11;2025-12-12;2025-12-13;2025-12-14;2025-12-15;2025-12-16,2025-12-16,2025-11-19;2025-11-20;2025-11-29;2025-12-05;2025-12-08;2025-12-13;2025-12-14;2025-12-16,False,0.009598165983334184,0.0,52163.432151176894,feb_dec_output,registered_boundary_E_INITIAL_6000,8,2025-12-17,nan,True,"{""q"": [144], ""emergency"": [144], ""terminal_value"": [], ""x"": [144], ""soc"": [145], ""charge"": [144], ""discharge"": [144], ""curtailment"": [144]}"
2025-12-18,54553.906406028356,10827.975829471023,65381.882235499375,85722.46420948523,73dc13ad3d7214e85cefb5c8f411125266de53c26b7e280e0ce22679999c63d8,84857.04637728096,865.4178322042754,3122.7158873128337,0.0,8504.62469188661,6750.811496918125,2.2737367544323206e-13,0.0,0.0,0.015585083325681303,2.2442519988981076,True,False,False,m2,0.7,8,7711.865191666668,False,False,2025-11-20;2025-11-27;2025-12-04;2025-12-11,2025-12-11;2025-12-12;2025-12-13;2025-12-14;2025-12-15;2025-12-16;2025-12-17,2025-12-17,2025-11-20;2025-11-22;2025-11-29;2025-12-05;2025-12-08;2025-12-13;2025-12-14;2025-12-16,False,0.010213790985289961,0.0,20883.770554838877,feb_dec_output,registered_boundary_E_INITIAL_6000,8,2025-12-17,nan,True,"{""q"": [144], ""emergency"": [144], ""terminal_value"": [], ""x"": [144], ""soc"": [145], ""charge"": [144], ""discharge"": [144], ""curtailment"": [144]}"
2025-12-19,23552.127196484114,11464.017021210253,35016.14421769437,42007.32960795568,6865f43daabd646a5b30a3a016373166c365141a56ebd03c617121715e569973,41161.292643187175,846.0369647685152,4622.744743375706,733.2017277424534,6750.811496918125,7037.828325448607,1.1368683772161603e-13,0.0,0.0,0.01533701738662785,2.2085305036744103,True,False,False,m2,0.7,8,7277.905166666666,False,False,2025-11-21;2025-11-28;2025-12-05;2025-12-12,2025-12-12;2025-12-13;2025-12-14;2025-12-15;2025-12-16;2025-12-17;2025-12-18,2025-12-18,2025-11-21;2025-11-22;2025-11-29;2025-12-05;2025-12-08;2025-12-13;2025-12-14;2025-12-18,False,0.010139167017769068,0.0,20793.58687698816,feb_dec_output,registered_boundary_E_INITIAL_6000,8,2025-12-17,nan,True,"{""q"": [144], ""emergency"": [144], ""terminal_value"": [], ""x"": [144], ""soc"": [145], ""charge"": [144], ""discharge"": [144], ""curtailment"": [144]}"
2025-12-20,24170.429667656274,9894.05525754754,34064.48492520381,43344.02953870928,b26c973acfe04597e080ace92051a7a3a430ed69e7739a1af31055e1a4299ece,42434.11454474139,909.9149939678946,4286.483551410457,679.6290721671241,7037.828325448607,8297.653897751588,1.1368683772161603e-13,0.0,0.0,0.013846117770703536,1.993840958981309,True,False,False,m2,0.7,8,7587.644524999999,False,False,2025-11-22;2025-11-29;2025-12-06;2025-12-13,2025-12-13;2025-12-14;2025-12-15;2025-12-16;2025-12-17;2025-12-18;2025-12-19,2025-12-19,2025-11-22;2025-11-27;2025-11-29;2025-12-08;2025-12-13;2025-12-14;2025-12-18;2025-12-19,False,0.010067166003864259,0.0,52643.730442030894,feb_dec_output,registered_boundary_E_INITIAL_6000,8,2025-12-17,nan,True,"{""q"": [144], ""emergency"": [144], ""terminal_value"": [], ""x"": [144], ""soc"": [145], ""charge"": [144], ""discharge"": [144], ""curtailment"": [144]}"
2025-12-21,55820.44748754956,12747.012980483514,68567.46046803307,88291.69647081416,10b26ddf9699d2f2453961082b1d6c051fd88ff5fe3e695e54f74b830a0e8867,88047.28768510556,244.40878570858547,3642.878978895609,0.0,8297.653897751588,8498.928538098855,1.1368683772161603e-13,0.0,0.0,0.014071182570155038,2.0262502901023254,True,False,False,m2,0.7,8,7936.644641666666,False,False,2025-11-23;2025-11-30;2025-12-07;2025-12-14,2025-12-14;2025-12-15;2025-12-16;2025-12-17;2025-12-18;2025-12-19;2025-12-20,2025-12-20,2025-11-25;2025-11-27;2025-11-29;2025-12-01;2025-12-06;2025-12-08;2025-12-16;2025-12-20,False,0.009569249988999218,0.0,54124.30634835096,feb_dec_output,registered_boundary_E_INITIAL_6000,8,2025-12-17,nan,True,"{""q"": [144], ""emergency"": [144], ""terminal_value"": [], ""x"": [144], ""soc"": [145], ""charge"": [144], ""discharge"": [144], ""curtailment"": [144]}"
2025-12-22,57314.698735913495,7504.734362441715,64819.433098355206,90676.8152749433,3e4ea687dc6b2fb73ca6d296b72f17585c857710e906070d07017d80477c2be6,89444.88013465688,1231.935140286435,1905.083360660511,0.0049499999999999995,8498.928538098855,8499.138056237478,2.2737367544323206e-13,0.0,0.0,0.013571354720625095,1.9542750797700137,True,False,False,m2,0.7,8,7647.524524999998,False,False,2025-11-24;2025-12-01;2025-12-08;2025-12-15,2025-12-15;2025-12-16;2025-12-17;2025-12-18;2025-12-19;2025-12-20;2025-12-21,2025-12-21,2025-11-25;2025-11-27;2025-11-29;2025-12-08;2025-12-13;2025-12-14;2025-12-16;2025-12-20,False,0.009175917017273605,0.0,54271.22342474739,feb_dec_output,registered_boundary_E_INITIAL_6000,8,2025-12-17,nan,True,"{""q"": [144], ""emergency"": [144], ""terminal_value"": [], ""x"": [144], ""soc"": [145], ""charge"": [144], ""discharge"": [144], ""curtailment"": [144]}"
2025-12-23,57338.04986801009,4304.5656785076535,61642.61554651774,90479.64614658007,e5298650bb2d3d0dabe13ee89a92ab901da22ab27b1ccfb1a6567767f5d73a8e,88520.04964493033,1959.5965016497476,1118.4395555445851,0.005349999999999999,8499.138056237478,8512.276725466458,2.2737367544323206e-13,0.0,0.0,0.014328709500760952,2.063334168109577,True,False,False,m2,0.7,8,7657.847458333332,False,False,2025-11-25;2025-12-02;2025-12-09;2025-12-16,2025-12-16;2025-12-17;2025-12-18;2025-12-19;2025-12-20;2025-12-21;2025-12-22,2025-12-22,2025-11-27;2025-11-28;2025-11-29;2025-12-08;2025-12-13;2025-12-14;2025-12-16;2025-12-20,False,0.009900041972287,0.0,53701.07580556202,feb_dec_output,registered_boundary_E_INITIAL_6000,8,2025-12-17,nan,True,"{""q"": [144], ""emergency"": [144], ""terminal_value"": [], ""x"": [144], ""soc"": [145], ""charge"": [144], ""discharge"": [144], ""curtailment"": [144]}"
2025-12-24,56727.22916766133,7485.584278168224,64212.81344582955,89916.30846762884,02d4de2306d8f76305eae86db6ba4a25ea1338feab298bea0514f16d71c26fc0,88397.93377181166,1518.3746958171769,1791.5403726484546,0.0,8512.276725466458,8390.55041161717,2.2737367544323206e-13,0.0,0.0,0.014058946715522325,2.0244883270352148,True,False,False,m2,0.7,8,7588.223483333332,False,False,2025-11-26;2025-12-03;2025-12-10;2025-12-17,2025-12-17;2025-12-18;2025-12-19;2025-12-20;2025-12-21;2025-12-22;2025-12-23,2025-12-23,2025-11-29;2025-12-08;2025-12-13;2025-12-14;2025-12-16;2025-12-18;2025-12-20;2025-12-22,False,0.010031750018242747,0.0,53583.68636817403,feb_dec_output,registered_boundary_E_INITIAL_6000,8,2025-12-17,nan,True,"{""q"": [144], ""emergency"": [144], ""terminal_value"": [], ""x"": [144], ""soc"": [145], ""charge"": [144], ""discharge"": [144], ""curtailment"": [144]}"
2025-12-25,56573.042349582436,7559.936825796194,64132.97917537863,89160.4373556484,c8957e84bb6c6c20da01847046ec8bea712d808587c6374d05cdae69c79c2add,87714.84095820035,1445.5963974480505,1893.9130507616103,0.0052,8390.55041161717,7856.744417840776,2.2737367544323206e-13,0.0,0.0,0.015417691289055964,2.2201475456240587,True,False,False,m2,0.7,8,7881.141666666665,False,False,2025-11-27;2025-12-04;2025-12-11;2025-12-18,2025-12-18;2025-12-19;2025-12-20;2025-12-21;2025-12-22;2025-12-23;2025-12-24,2025-12-24,2025-11-29;2025-12-01;2025-12-02;2025-12-08;2025-12-14;2025-12-16;2025-12-20;2025-12-22,False,0.010777916992083192,0.0,21483.332066845993,feb_dec_output,registered_boundary_E_INITIAL_6000,8,2025-12-17,nan,True,"{""q"": [144], ""emergency"": [144], ""terminal_value"": [], ""x"": [144], ""soc"": [145], ""charge"": [144], ""discharge"": [144], ""curtailment"": [144]}"
2025-12-26,24517.545411236813,7065.407659878363,31582.953071115175,43688.46616164818,bcd219c2d9264fcb1e9e75d46eda0574738d1c731f6afae08336053bab4f12c2,42830.81773621845,857.648425429733,3026.118413294394,672.3565603389923,7856.744417840776,8200.070975180772,2.2737367544323206e-13,0.0,0.0,0.015233218770542104,2.193583502958063,True,False,False,m2,0.7,8,7973.487066666665,False,False,2025-11-28;2025-12-05;2025-12-12;2025-12-19,2025-12-19;2025-12-20;2025-12-21;2025-12-22;2025-12-23;2025-12-24;2025-12-25,2025-12-25,2025-11-28;2025-11-29;2025-12-01;2025-12-02;2025-12-08;2025-12-14;2025-12-16;2025-12-20,False,0.010390458977781236,0.0,21519.04020340255,feb_dec_output,registered_boundary_E_INITIAL_6000,8,2025-12-17,nan,True,"{""q"": [144], ""emergency"": [144], ""terminal_value"": [], ""x"": [144], ""soc"": [145], ""charge"": [144], ""discharge"": [144], ""curtailment"": [144]}"
2025-12-27,24563.38075298014,5816.4115023989025,30379.792255379045,44136.25046732437,cdb03af85b35bc6c1c55f4eb67b6988a5f5d70d7064a5d37dcacb387610cdda2,43268.71153403219,867.5389332921762,2376.6317261670915,202.12465480569622,8200.070975180772,8490.258032263808,1.1368683772161603e-13,0.0,0.0,0.013910510697314749,2.003113540413324,True,False,False,m2,0.7,8,7655.542916666665,False,False,2025-11-29;2025-12-06;2025-12-13;2025-12-20,2025-12-20;2025-12-21;2025-12-22;2025-12-23;2025-12-24;2025-12-25;2025-12-26,2025-12-26,2025-11-29;2025-12-08;2025-12-13;2025-12-14;2025-12-16;2025-12-20;2025-12-22;2025-12-24,False,0.00974354101344943,0.0,53921.56366411118,feb_dec_output,registered_boundary_E_INITIAL_6000,8,2025-12-17,nan,True,"{""q"": [144], ""emergency"": [144], ""terminal_value"": [], ""x"": [144], ""soc"": [145], ""charge"": [144], ""discharge"": [144], ""curtailment"": [144]}"
2025-12-28,57143.93363782791,6671.602917774655,63815.536555602564,90275.21670817258,e027b50140a6a1d09d91865f030e6ebca2e6ea9c06e93b8982ef651589fde8c2,87610.41551956856,2664.8011886040276,1722.6507966480335,0.0048,8490.258032263808,8704.060946644497,2.2737367544323206e-13,0.0,0.0,0.014083572327460084,2.028034415154252,True,False,False,m2,0.7,8,7426.599291666666,False,False,2025-11-30;2025-12-07;2025-12-14;2025-12-21,2025-12-21;2025-12-22;2025-12-23;2025-12-24;2025-12-25;2025-12-26;2025-12-27,2025-12-27,2025-11-30;2025-12-08;2025-12-13;2025-12-14;2025-12-16;2025-12-20;2025-12-22;2025-12-24,False,0.010328707983717322,0.0,54432.59791749395,feb_dec_output,registered_boundary_E_INITIAL_6000,8,2025-12-17,nan,True,"{""q"": [144], ""emergency"": [144], ""terminal_value"": [], ""x"": [144], ""soc"": [145], ""charge"": [144], ""discharge"": [144], ""curtailment"": [144]}"
2025-12-29,57479.19657597079,3923.5812541865726,61402.77783015736,90909.87358308813,0fb275b6c282fc2a4a29f95fc015e524023cb6fc431009e02a95339356430996,88546.88932299819,2362.984260089959,957.641590711432,0.0,8704.060946644497,8350.708733031559,1.1368683772161603e-13,0.0,0.0,0.015017220479623776,2.162479749065824,True,False,False,m2,0.7,8,6999.654191666666,False,False,2025-12-01;2025-12-08;2025-12-15;2025-12-22,2025-12-22;2025-12-23;2025-12-24;2025-12-25;2025-12-26;2025-12-27;2025-12-28,2025-12-28,2025-12-08;2025-12-13;2025-12-14;2025-12-16;2025-12-18;2025-12-20;2025-12-22;2025-12-24,False,0.009405541000887752,0.0,54587.19314071418,feb_dec_output,registered_boundary_E_INITIAL_6000,8,2025-12-17,nan,True,"{""q"": [144], ""emergency"": [144], ""terminal_value"": [], ""x"": [144], ""soc"": [145], ""charge"": [144], ""discharge"": [144], ""curtailment"": [144]}"
2025-12-30,57828.9654875758,3205.3307615246617,61034.29624910046,91432.90766310177,f0b332fbebb8a2696be6bed656f708ec02d833e6f8c646f5e5e3159a9cef3d71,88040.16292267221,3392.74474042956,746.6191101429837,0.0,8350.708733031559,8565.570647202967,1.1368683772161603e-13,0.0,0.0,0.014083469330620978,2.028019583609421,True,False,False,m2,0.7,8,6719.463441666666,False,False,2025-12-02;2025-12-09;2025-12-16;2025-12-23,2025-12-23;2025-12-24;2025-12-25;2025-12-26;2025-12-27;2025-12-28;2025-12-29,2025-12-29,2025-12-08;2025-12-13;2025-12-14;2025-12-16;2025-12-18;2025-12-20;2025-12-22;2025-12-24,False,0.009985165961552411,0.0,54177.947995517505,feb_dec_output,registered_boundary_E_INITIAL_6000,8,2025-12-17,nan,True,"{""q"": [144], ""emergency"": [144], ""terminal_value"": [], ""x"": [144], ""soc"": [145], ""charge"": [144], ""discharge"": [144], ""curtailment"": [144]}"
2025-12-31,53947.362138310025,5179.253938486003,59126.616076796025,83110.2713881102,29623ac29a6db52b8979425b141856903e1bca5e193f2a884408f3e8dbbad6b0,82174.51106000134,935.7603281088457,1315.2097074689143,0.005883333333333332,8565.570647202967,1200.0000000493028,2.2737367544323206e-13,0.0,0.0,0.008747091688645823,1.2595812031649984,True,False,False,m1,0.6,8,4681.157404761904,False,False,2025-12-03;2025-12-10;2025-12-17;2025-12-24,2025-12-24;2025-12-25;2025-12-26;2025-12-27;2025-12-28;2025-12-29;2025-12-30,2025-12-30,2025-12-03;2025-12-05;2025-12-10;2025-12-14;2025-12-16;2025-12-20;2025-12-22;2025-12-30,False,0.006778959010262042,0.0,0.0,feb_dec_output,registered_boundary_E_INITIAL_6000,8,2025-12-31,nan,True,"{""q"": [144], ""emergency"": [144], ""x"": [144], ""soc"": [145], ""charge"": [144], ""discharge"": [144], ""curtailment"": [144]}"
