date,update_time,first_mutable_index,voi_yuan,implemented,l1_change_kwh,price_source,chosen_price_model,affected_periods,prefix_lock_ok,forecast_version,g_old_sha256,g_new_sha256
2025-01-01,00:00,0,,True,75056.25248134063,price_oracle,-1,0:143,True,day_ahead,,ce60ebe2aedbfd68bbdb951cdd283cd92fca2e7071c87ca448a1f212f2efd182
2025-01-01,06:00,36,6707.708119093033,True,2203.715923009316,price_oracle,-1,36:143,True,tau_36,ce60ebe2aedbfd68bbdb951cdd283cd92fca2e7071c87ca448a1f212f2efd182,5e0439a4929f3afecd404589e03200201dd03dc277fa0339152104075fd0aefd
2025-01-01,12:00,72,2420.0276251283794,True,806.5304567957351,price_oracle,-1,72:143,True,tau_72,5e0439a4929f3afecd404589e03200201dd03dc277fa0339152104075fd0aefd,a76fe280a8e1c6e745971edf61530d228d07936b48addb915dce244d652d765d
2025-01-01,18:00,108,0.0,False,0.0,price_oracle,-1,108:143,True,tau_108,a76fe280a8e1c6e745971edf61530d228d07936b48addb915dce244d652d765d,a76fe280a8e1c6e745971edf61530d228d07936b48addb915dce244d652d765d
2025-01-02,00:00,0,,True,80567.1879135867,price_oracle,-1,0:143,True,day_ahead,,8388b4ec7aed7ad0500693f8d97703a34606b7b4558f562f2e226567a94fcc20
2025-01-02,06:00,36,1425.3040358524304,True,2885.9762548477515,price_oracle,-1,36:143,True,tau_36,8388b4ec7aed7ad0500693f8d97703a34606b7b4558f562f2e226567a94fcc20,090c3d7bf3d0cded80844b789fb61a041e4e4b7d1fc30638ad505b9453d2a6e8
2025-01-02,12:00,72,5975.397459568267,True,1638.5839881791765,price_oracle,-1,72:143,True,tau_72,090c3d7bf3d0cded80844b789fb61a041e4e4b7d1fc30638ad505b9453d2a6e8,973184201faf3818e6079c11766957f7b3f884bc3eec7785ab11b528f2ba0f7d
2025-01-02,18:00,108,0.0,False,0.0,price_oracle,-1,108:143,True,tau_108,973184201faf3818e6079c11766957f7b3f884bc3eec7785ab11b528f2ba0f7d,973184201faf3818e6079c11766957f7b3f884bc3eec7785ab11b528f2ba0f7d
2025-01-03,00:00,0,,True,84361.67668630724,price_oracle,-1,0:143,True,day_ahead,,ae325eeb823c95a9a6ce6d5231e9a8ee2a82d33118e51566cc06f92a41debd44
2025-01-03,06:00,36,1923.5655551293166,True,1732.6663319156787,price_oracle,-1,36:143,True,tau_36,ae325eeb823c95a9a6ce6d5231e9a8ee2a82d33118e51566cc06f92a41debd44,ccc194147e4408721638d4489862a8c327308df2a904eb5a77278277ffa8e5b7
2025-01-03,12:00,72,966.1055844625953,True,2753.0897833405083,price_oracle,-1,72:143,True,tau_72,ccc194147e4408721638d4489862a8c327308df2a904eb5a77278277ffa8e5b7,acfe2e2c91192e7fa6c332d1c96ca7c0827db7471470204c3b5daa8251bb34eb
2025-01-03,18:00,108,0.0,False,0.0,price_oracle,-1,108:143,True,tau_108,acfe2e2c91192e7fa6c332d1c96ca7c0827db7471470204c3b5daa8251bb34eb,acfe2e2c91192e7fa6c332d1c96ca7c0827db7471470204c3b5daa8251bb34eb
2025-01-04,00:00,0,,True,75391.61687553782,price_oracle,-1,0:143,True,day_ahead,,6dae0d81e8723cec42b7a11be4c8503d86d0faeefa88b8a2e2d06fb7099776b3
2025-01-04,06:00,36,4417.004998222357,True,2243.015671761592,price_oracle,-1,36:143,True,tau_36,6dae0d81e8723cec42b7a11be4c8503d86d0faeefa88b8a2e2d06fb7099776b3,ec46c29740c183dbdd87e8dc9ed2675adaf8207a369875e20482019c693facc7
2025-01-04,12:00,72,512.6329756095656,True,1296.8867075972482,price_oracle,-1,72:143,True,tau_72,ec46c29740c183dbdd87e8dc9ed2675adaf8207a369875e20482019c693facc7,f8948ad9717e7461e68f6594d204b1f16cffd0237b85ffd69848b469480676fb
2025-01-04,18:00,108,1.0002258932217956e-07,False,0.0,price_oracle,-1,108:143,True,tau_108,f8948ad9717e7461e68f6594d204b1f16cffd0237b85ffd69848b469480676fb,f8948ad9717e7461e68f6594d204b1f16cffd0237b85ffd69848b469480676fb
2025-01-05,00:00,0,,True,68492.14801000568,price_oracle,-1,0:143,True,day_ahead,,c52c963206957587551da8193abd4bde4f253affd56ae5557e35892f5a8c293c
2025-01-05,06:00,36,4074.10591930346,True,1270.6424181410262,price_oracle,-1,36:143,True,tau_36,c52c963206957587551da8193abd4bde4f253affd56ae5557e35892f5a8c293c,fd78b0a9ca4aa7a7fe0521b940b3448023a19f4b4f042705b4416629f49ec14f
2025-01-05,12:00,72,898.6679704777926,True,670.0862973803542,price_oracle,-1,72:143,True,tau_72,fd78b0a9ca4aa7a7fe0521b940b3448023a19f4b4f042705b4416629f49ec14f,7c4bf134f4b5d9176d607947bc613b5fa428b6a5ba75b07a921b6568d185fb0c
2025-01-05,18:00,108,0.0,False,0.0,price_oracle,-1,108:143,True,tau_108,7c4bf134f4b5d9176d607947bc613b5fa428b6a5ba75b07a921b6568d185fb0c,7c4bf134f4b5d9176d607947bc613b5fa428b6a5ba75b07a921b6568d185fb0c
2025-01-06,00:00,0,,True,81528.07389975461,price_oracle,-1,0:143,True,day_ahead,,022be35973c899a93781cd405027faec043c92d196aa1c44050cb6ef69144332
2025-01-06,06:00,36,2653.0557945953624,True,2156.418516758785,price_oracle,-1,36:143,True,tau_36,022be35973c899a93781cd405027faec043c92d196aa1c44050cb6ef69144332,bfbc169a925268f84a8ceef5be8f503557a1788264e4f7a7780cf497b3679354
2025-01-06,12:00,72,5407.7826755830465,True,1376.9198914522372,price_oracle,-1,72:143,True,tau_72,bfbc169a925268f84a8ceef5be8f503557a1788264e4f7a7780cf497b3679354,ae64b8ae8054e905c987c8466684406927d8fb9d8772861c3a53b4ac5197c997
2025-01-06,18:00,108,1.00000761449337e-07,False,0.0,price_oracle,-1,108:143,True,tau_108,ae64b8ae8054e905c987c8466684406927d8fb9d8772861c3a53b4ac5197c997,ae64b8ae8054e905c987c8466684406927d8fb9d8772861c3a53b4ac5197c997
2025-01-07,00:00,0,,True,72512.66073192154,price_oracle,-1,0:143,True,day_ahead,,3ec3396979d3436b0b071fe482a6492c619445dd94d1ebbfc8f83ddb91233fb6
2025-01-07,06:00,36,13839.062334352144,True,4328.013118808938,price_oracle,-1,36:143,True,tau_36,3ec3396979d3436b0b071fe482a6492c619445dd94d1ebbfc8f83ddb91233fb6,88f3646cf2826a5af2c7d7c858383e44475fa18fbe1fbaf8796133589bca23e8
2025-01-07,12:00,72,674.8770485127461,True,343.82666313764196,price_oracle,-1,72:143,True,tau_72,88f3646cf2826a5af2c7d7c858383e44475fa18fbe1fbaf8796133589bca23e8,1cdc90a42dc54005e04765380ccc47a67d075cf9b7025a99b2fa879e02995699
2025-01-07,18:00,108,0.0,False,0.0,price_oracle,-1,108:143,True,tau_108,1cdc90a42dc54005e04765380ccc47a67d075cf9b7025a99b2fa879e02995699,1cdc90a42dc54005e04765380ccc47a67d075cf9b7025a99b2fa879e02995699
2025-01-08,00:00,0,,True,103469.27959983927,price_oracle,-1,0:143,True,day_ahead,,be88ee9890ba6c87a62cba357a03b38b6f59f557ee143298fdc20b53c64d0c53
2025-01-08,06:00,36,3256.7225167330907,True,7058.446814273675,price_oracle,-1,36:143,True,tau_36,be88ee9890ba6c87a62cba357a03b38b6f59f557ee143298fdc20b53c64d0c53,da04bd529798ff9864a47d47fef2099749f4d994f21aa5c27595f247c76d0c70
2025-01-08,12:00,72,1474.964844357819,True,368.1728531164495,price_oracle,-1,72:143,True,tau_72,da04bd529798ff9864a47d47fef2099749f4d994f21aa5c27595f247c76d0c70,05bdeb9dc2b1bb44eea92a4208b01a42915de578b55cb8eb3a08d7efa56f5f9e
2025-01-08,18:00,108,0.0,False,0.0,price_oracle,-1,108:143,True,tau_108,05bdeb9dc2b1bb44eea92a4208b01a42915de578b55cb8eb3a08d7efa56f5f9e,05bdeb9dc2b1bb44eea92a4208b01a42915de578b55cb8eb3a08d7efa56f5f9e
2025-01-09,00:00,0,,True,94631.85082003161,price_oracle,-1,0:143,True,day_ahead,,81d9a3614c5f45a94a4806e1ec8f8fecbf44a83594a0a71da672fe3be837d1bc
2025-01-09,06:00,36,4202.897557460121,True,1998.3406867480264,price_oracle,-1,36:143,True,tau_36,81d9a3614c5f45a94a4806e1ec8f8fecbf44a83594a0a71da672fe3be837d1bc,262d4006f7a7502c224b1eb560635ae68f079e48f116c33c85b9b2778ab874d3
2025-01-09,12:00,72,2578.6234274903472,True,762.4229301310364,price_oracle,-1,72:143,True,tau_72,262d4006f7a7502c224b1eb560635ae68f079e48f116c33c85b9b2778ab874d3,fa55291b0f6ecc66305119344946fe779a11b8d60b9ffcdbc8bee96a7181954f
2025-01-09,18:00,108,0.0,False,0.0,price_oracle,-1,108:143,True,tau_108,fa55291b0f6ecc66305119344946fe779a11b8d60b9ffcdbc8bee96a7181954f,fa55291b0f6ecc66305119344946fe779a11b8d60b9ffcdbc8bee96a7181954f
2025-01-10,00:00,0,,True,57140.954158876724,price_oracle,-1,0:143,True,day_ahead,,4e27ccdecb67e26eaff263485c7db12e9e8ebee42f8f4fa6c5c38bf89509909c
2025-01-10,06:00,36,1897.1245506877458,True,7155.669388111677,price_oracle,-1,36:143,True,tau_36,4e27ccdecb67e26eaff263485c7db12e9e8ebee42f8f4fa6c5c38bf89509909c,d09090a9c00d87b228c199def44f829dbbfc28a385d54509d4fdb2e8b46d5624
2025-01-10,12:00,72,2898.5188606575102,True,1473.9890444451391,price_oracle,-1,72:143,True,tau_72,d09090a9c00d87b228c199def44f829dbbfc28a385d54509d4fdb2e8b46d5624,790304b966a4acd124f0632c3638ada281b2612d0e1ceec2ae3ad90e05e8e078
2025-01-10,18:00,108,1.3243588425939379,True,3.7128091608758496,price_oracle,-1,108:143,True,tau_108,790304b966a4acd124f0632c3638ada281b2612d0e1ceec2ae3ad90e05e8e078,cb328528ad3e856ed14ad5d5cb000f33b052a8d9f9c3881b6d175dbfdfb5ebdf
2025-01-11,00:00,0,,True,46409.77278463343,price_oracle,-1,0:143,True,day_ahead,,11fdf9adfb18c3cd7c1f7e290fe9c8018fc5d8590e892d7d1e193670ab4d7dbe
2025-01-11,06:00,36,2569.6474740079866,True,1230.7579266410453,price_oracle,-1,36:143,True,tau_36,11fdf9adfb18c3cd7c1f7e290fe9c8018fc5d8590e892d7d1e193670ab4d7dbe,b740a286f176a649e34c74c330ec3c6494b75bb53a7a27ebae03f0b25a9b4a76
2025-01-11,12:00,72,813.3285441757034,True,934.2221178880836,price_oracle,-1,72:143,True,tau_72,b740a286f176a649e34c74c330ec3c6494b75bb53a7a27ebae03f0b25a9b4a76,9da7c189aa4af6376631c316a39ac05531ed0f162222e623d4988ccc898de8af
2025-01-11,18:00,108,0.0,False,0.0,price_oracle,-1,108:143,True,tau_108,9da7c189aa4af6376631c316a39ac05531ed0f162222e623d4988ccc898de8af,9da7c189aa4af6376631c316a39ac05531ed0f162222e623d4988ccc898de8af
2025-01-12,00:00,0,,True,90576.56126429958,price_oracle,-1,0:143,True,day_ahead,,24971c101ce48dddfec74d9ca98f8639817978c68a248b3e4acb955a62f7ac67
2025-01-12,06:00,36,10195.823677178661,True,2933.545574002137,price_oracle,-1,36:143,True,tau_36,24971c101ce48dddfec74d9ca98f8639817978c68a248b3e4acb955a62f7ac67,ee0b56b2562ffb059f1b67499bd2dd0a28c31da5001c358683b1352cd7dc2a7f
2025-01-12,12:00,72,1053.9325458560925,True,1898.9081650395349,price_oracle,-1,72:143,True,tau_72,ee0b56b2562ffb059f1b67499bd2dd0a28c31da5001c358683b1352cd7dc2a7f,47413e29925fb36a30dd391848fb68ffbea3c7f8e813a43ed7bafc2fe25a4fdf
2025-01-12,18:00,108,0.0,False,0.0,price_oracle,-1,108:143,True,tau_108,47413e29925fb36a30dd391848fb68ffbea3c7f8e813a43ed7bafc2fe25a4fdf,47413e29925fb36a30dd391848fb68ffbea3c7f8e813a43ed7bafc2fe25a4fdf
2025-01-13,00:00,0,,True,93691.37084273313,price_oracle,-1,0:143,True,day_ahead,,ec4c37759c742a3c95e3e5c5e85f243ee7a22cf6b6a75fb69bfe0b55f53b0d91
2025-01-13,06:00,36,300.55254913159297,True,573.3326817984598,price_oracle,-1,36:143,True,tau_36,ec4c37759c742a3c95e3e5c5e85f243ee7a22cf6b6a75fb69bfe0b55f53b0d91,bb1afa2576b4e5b70b9fccbc23235446938646633e73ff4696f0a04eeefb6f3f
2025-01-13,12:00,72,658.9885806369421,True,1479.1849913657843,price_oracle,-1,72:143,True,tau_72,bb1afa2576b4e5b70b9fccbc23235446938646633e73ff4696f0a04eeefb6f3f,156f59368101f986f7da46dc47642869837e0578f44c5e1d098ac0f739ce26fa
2025-01-13,18:00,108,0.0,False,0.0,price_oracle,-1,108:143,True,tau_108,156f59368101f986f7da46dc47642869837e0578f44c5e1d098ac0f739ce26fa,156f59368101f986f7da46dc47642869837e0578f44c5e1d098ac0f739ce26fa
2025-01-14,00:00,0,,True,96890.6050423049,price_oracle,-1,0:143,True,day_ahead,,a7b40ddab25424a4903ef50c0592166be42d600d9cd5ab886c312cc1b2ee34f8
2025-01-14,06:00,36,2478.862623352441,True,1479.41629833973,price_oracle,-1,36:143,True,tau_36,a7b40ddab25424a4903ef50c0592166be42d600d9cd5ab886c312cc1b2ee34f8,f9cfe85dc066afd3636d6651a0b41fc44a499192b8bd0f5ba7b8dfd33b9ff089
2025-01-14,12:00,72,774.2169531385298,True,596.097883240039,price_oracle,-1,72:143,True,tau_72,f9cfe85dc066afd3636d6651a0b41fc44a499192b8bd0f5ba7b8dfd33b9ff089,33be7fcf8f863cead6a96ccf1c5f28e37f3bc9283aaffde201f898a92258012f
2025-01-14,18:00,108,0.0,False,0.0,price_oracle,-1,108:143,True,tau_108,33be7fcf8f863cead6a96ccf1c5f28e37f3bc9283aaffde201f898a92258012f,33be7fcf8f863cead6a96ccf1c5f28e37f3bc9283aaffde201f898a92258012f
2025-01-15,00:00,0,,True,90559.74797621582,price_oracle,-1,0:143,True,day_ahead,,ef2e69619ae6b06f0a4d5c3430432e4076c631666b42f09cd55db9da8c7c8ead
2025-01-15,06:00,36,14928.015979845746,True,4747.54324241645,price_oracle,-1,36:143,True,tau_36,ef2e69619ae6b06f0a4d5c3430432e4076c631666b42f09cd55db9da8c7c8ead,4c700b0f9183ad9737000cc9b1a418445b564ad5b8dd06378eac0d6f3c91547f
2025-01-15,12:00,72,1594.391686084593,True,1119.7179611107913,price_oracle,-1,72:143,True,tau_72,4c700b0f9183ad9737000cc9b1a418445b564ad5b8dd06378eac0d6f3c91547f,70eeba658905cf913dd50314f57f49db3566cc8e9220fb4465338d424110b1ab
2025-01-15,18:00,108,0.0,False,0.0,price_oracle,-1,108:143,True,tau_108,70eeba658905cf913dd50314f57f49db3566cc8e9220fb4465338d424110b1ab,70eeba658905cf913dd50314f57f49db3566cc8e9220fb4465338d424110b1ab
2025-01-16,00:00,0,,True,83902.36251933109,price_oracle,-1,0:143,True,day_ahead,,b7e954873ad66f183c9305fd171c2e93722f57f502bd3f9d2197556931bf4a95
2025-01-16,06:00,36,9528.10466213942,True,2864.024660757565,price_oracle,-1,36:143,True,tau_36,b7e954873ad66f183c9305fd171c2e93722f57f502bd3f9d2197556931bf4a95,75f6f997b22e5277e2b9fcdee502c016d1e320471a689cad6bcb514d9c7be634
2025-01-16,12:00,72,1019.3032410616433,True,1067.125804014071,price_oracle,-1,72:143,True,tau_72,75f6f997b22e5277e2b9fcdee502c016d1e320471a689cad6bcb514d9c7be634,568536c1f8d5fc6cec3df82b833bdb51be1b6fc4e5f016ec36249e446f13b9ef
2025-01-16,18:00,108,0.0,False,0.0,price_oracle,-1,108:143,True,tau_108,568536c1f8d5fc6cec3df82b833bdb51be1b6fc4e5f016ec36249e446f13b9ef,568536c1f8d5fc6cec3df82b833bdb51be1b6fc4e5f016ec36249e446f13b9ef
2025-01-17,00:00,0,,True,51344.21322605209,price_oracle,-1,0:143,True,day_ahead,,78aa4667ffc832ad7fdc867f0635256d324dac5507bf89326ef6c568db9b286c
2025-01-17,06:00,36,94.943524816219,True,377.8315252423737,price_oracle,-1,36:143,True,tau_36,78aa4667ffc832ad7fdc867f0635256d324dac5507bf89326ef6c568db9b286c,e82a62b844f754d7b75411aebc1810d5f69ce479ea08d17ca121c117c05ca7db
2025-01-17,12:00,72,810.3472082492844,True,370.1778029830289,price_oracle,-1,72:143,True,tau_72,e82a62b844f754d7b75411aebc1810d5f69ce479ea08d17ca121c117c05ca7db,6791da1dd36af5d4e51a5c3e811a27960cf43c62f859cdaef2ca86ef96a89d7d
2025-01-17,18:00,108,3.0763373616937315,True,174.79189610197068,price_oracle,-1,108:143,True,tau_108,6791da1dd36af5d4e51a5c3e811a27960cf43c62f859cdaef2ca86ef96a89d7d,e7cc721acee41d9a44abc8cd3d283acd47f0fd4dbc16a47342a1ac118792bc60
2025-01-18,00:00,0,,True,53611.89858379736,price_oracle,-1,0:143,True,day_ahead,,45dcc86e7d52cf7d8aaaf26d754e03ee3a6d79b9386a4e8fa30aa5559c3b6ffb
2025-01-18,06:00,36,329.0137473591167,True,739.0956541099101,price_oracle,-1,36:143,True,tau_36,45dcc86e7d52cf7d8aaaf26d754e03ee3a6d79b9386a4e8fa30aa5559c3b6ffb,b69a7887f5e5e93e0a81c72378221334e09cafae53d6255b03be575e4d11e59f
2025-01-18,12:00,72,726.4350214741426,True,2771.1441953703693,price_oracle,-1,72:143,True,tau_72,b69a7887f5e5e93e0a81c72378221334e09cafae53d6255b03be575e4d11e59f,520bf683f24bd917347c9c3ef795e52e45b73a2f60a84c47b2e275653a89f2c4
2025-01-18,18:00,108,9.99571057036519e-08,False,0.0,price_oracle,-1,108:143,True,tau_108,520bf683f24bd917347c9c3ef795e52e45b73a2f60a84c47b2e275653a89f2c4,520bf683f24bd917347c9c3ef795e52e45b73a2f60a84c47b2e275653a89f2c4
2025-01-19,00:00,0,,True,85169.76814541378,price_oracle,-1,0:143,True,day_ahead,,09c158e82376ef566c0fa4f214748c51a66e1705c9fc19c169bc82750deba4b4
2025-01-19,06:00,36,7482.37380053995,True,2291.939044891583,price_oracle,-1,36:143,True,tau_36,09c158e82376ef566c0fa4f214748c51a66e1705c9fc19c169bc82750deba4b4,03e93514547f3dd9e0beeefe454677d411fdb74c18b6e0224499dcca4d4251ad
2025-01-19,12:00,72,5442.479923203733,True,1598.7587101650788,price_oracle,-1,72:143,True,tau_72,03e93514547f3dd9e0beeefe454677d411fdb74c18b6e0224499dcca4d4251ad,78f3baf1019dc4a6d5bd1b8825d4962268673478a3dab01f8dc54329a8610fa1
2025-01-19,18:00,108,0.0,False,0.0,price_oracle,-1,108:143,True,tau_108,78f3baf1019dc4a6d5bd1b8825d4962268673478a3dab01f8dc54329a8610fa1,78f3baf1019dc4a6d5bd1b8825d4962268673478a3dab01f8dc54329a8610fa1
2025-01-20,00:00,0,,True,89937.76966691579,price_oracle,-1,0:143,True,day_ahead,,d50cf0285a3dcb316851a37912e547eaeb7076c770f1ade7309fa2c814f66820
2025-01-20,06:00,36,4003.0906446767476,True,1331.7541785805313,price_oracle,-1,36:143,True,tau_36,d50cf0285a3dcb316851a37912e547eaeb7076c770f1ade7309fa2c814f66820,08c9844eb3896f71c49263836d38433fdac85f95bf78752e8f5fa3c51adb6498
2025-01-20,12:00,72,231.90390739098075,True,392.98397249938364,price_oracle,-1,72:143,True,tau_72,08c9844eb3896f71c49263836d38433fdac85f95bf78752e8f5fa3c51adb6498,4f54dfe9733be93a94a6af7bb7ab4c8b31a881faeb8ed22a3a8c97b6db5d0039
2025-01-20,18:00,108,0.0,False,0.0,price_oracle,-1,108:143,True,tau_108,4f54dfe9733be93a94a6af7bb7ab4c8b31a881faeb8ed22a3a8c97b6db5d0039,4f54dfe9733be93a94a6af7bb7ab4c8b31a881faeb8ed22a3a8c97b6db5d0039
2025-01-21,00:00,0,,True,89623.87564266869,price_oracle,-1,0:143,True,day_ahead,,33d3792a9d6269969d9d7ac4ae2124612f92a7663e0a2b14a1081e53fac04fdb
2025-01-21,06:00,36,1050.6257013347931,True,2278.192807131102,price_oracle,-1,36:143,True,tau_36,33d3792a9d6269969d9d7ac4ae2124612f92a7663e0a2b14a1081e53fac04fdb,a97ac9859195da6fec1594349d7db474929c42d76b8b587c6ce84010c5cf3127
2025-01-21,12:00,72,5663.791800654653,True,1442.5929446313419,price_oracle,-1,72:143,True,tau_72,a97ac9859195da6fec1594349d7db474929c42d76b8b587c6ce84010c5cf3127,5850298eb17f2124031bead2669886225954437410896bdd9cc8413b1f1dd1fe
2025-01-21,18:00,108,1.0002986527979374e-07,False,0.0,price_oracle,-1,108:143,True,tau_108,5850298eb17f2124031bead2669886225954437410896bdd9cc8413b1f1dd1fe,5850298eb17f2124031bead2669886225954437410896bdd9cc8413b1f1dd1fe
2025-01-22,00:00,0,,True,94462.28852538549,price_oracle,-1,0:143,True,day_ahead,,9ec7408a66d205124a53714496d2e84bc8ea2282ad985567b238d3b82e38ddaf
2025-01-22,06:00,36,1447.0307039671607,True,412.10480308857944,price_oracle,-1,36:143,True,tau_36,9ec7408a66d205124a53714496d2e84bc8ea2282ad985567b238d3b82e38ddaf,a6d4bd2cc80f7823cf431cf0bc6c597b96c54982420472ed26937ff2df5a515e
2025-01-22,12:00,72,431.2250762344047,True,909.8848241994089,price_oracle,-1,72:143,True,tau_72,a6d4bd2cc80f7823cf431cf0bc6c597b96c54982420472ed26937ff2df5a515e,612e9946fb1eac72ea8bc869515d82e76379d07736c9174470e80398114bfaef
2025-01-22,18:00,108,9.99571057036519e-08,False,0.0,price_oracle,-1,108:143,True,tau_108,612e9946fb1eac72ea8bc869515d82e76379d07736c9174470e80398114bfaef,612e9946fb1eac72ea8bc869515d82e76379d07736c9174470e80398114bfaef
2025-01-23,00:00,0,,True,83088.47226384004,price_oracle,-1,0:143,True,day_ahead,,3e525e16aab4e48d29a1e3d615e0bfc444f8813ed43c2550a5b14022ef14c3bf
2025-01-23,06:00,36,7236.622381174151,True,2294.5844766444366,price_oracle,-1,36:143,True,tau_36,3e525e16aab4e48d29a1e3d615e0bfc444f8813ed43c2550a5b14022ef14c3bf,53136122065204a48ecd10eed8b1dba85aefddeb5810bc5c862ddcdb09f553e0
2025-01-23,12:00,72,5313.901661597891,True,1579.4583556133985,price_oracle,-1,72:143,True,tau_72,53136122065204a48ecd10eed8b1dba85aefddeb5810bc5c862ddcdb09f553e0,3c9accdd95522290d8e87725d320568f39e6064d31692572721fc2159a22fc32
2025-01-23,18:00,108,0.0,False,0.0,price_oracle,-1,108:143,True,tau_108,3c9accdd95522290d8e87725d320568f39e6064d31692572721fc2159a22fc32,3c9accdd95522290d8e87725d320568f39e6064d31692572721fc2159a22fc32
2025-01-24,00:00,0,,True,47482.40295545227,price_oracle,-1,0:143,True,day_ahead,,64c54392ccb4462fa92508ccced5bf73837c3ad2e04b265de1ea3fadf568cea8
2025-01-24,06:00,36,936.46491901029,True,534.5883308024574,price_oracle,-1,36:143,True,tau_36,64c54392ccb4462fa92508ccced5bf73837c3ad2e04b265de1ea3fadf568cea8,22167ea544d48d9a26feccedb5287879a891973b82f0cef0d2d2238aa475dd16
2025-01-24,12:00,72,2609.9191377600982,True,1813.6198175502223,price_oracle,-1,72:143,True,tau_72,22167ea544d48d9a26feccedb5287879a891973b82f0cef0d2d2238aa475dd16,3e5045fb79f86b0f791587f869b679eeeadadf7143fc866c04a4a85284f44be5
2025-01-24,18:00,108,2.1155843064552755,True,80.90188607966411,price_oracle,-1,108:143,True,tau_108,3e5045fb79f86b0f791587f869b679eeeadadf7143fc866c04a4a85284f44be5,9bb3300da2f88d7557a91f8c6f50ee55e4b305c99b835f43fc8b048481508cde
2025-01-25,00:00,0,,True,43509.375426422455,price_oracle,-1,0:143,True,day_ahead,,e9b955fa455c55cbf55651476626f3481c49b6c5475a6277877f64b2c0c6aff8
2025-01-25,06:00,36,4772.224311574391,True,3379.688180106335,price_oracle,-1,36:143,True,tau_36,e9b955fa455c55cbf55651476626f3481c49b6c5475a6277877f64b2c0c6aff8,7577297b514d235623322ee80dd331da67f5d1851ec4d913ce75e44f765621da
2025-01-25,12:00,72,1045.2670376504102,True,1820.6078283808497,price_oracle,-1,72:143,True,tau_72,7577297b514d235623322ee80dd331da67f5d1851ec4d913ce75e44f765621da,3ee48498e35c4c30e5d897f9dca480ad90aeeca7230fb3cf43f34c59389def3a
2025-01-25,18:00,108,11.90923093316087,True,27.51573570687401,price_oracle,-1,108:143,True,tau_108,3ee48498e35c4c30e5d897f9dca480ad90aeeca7230fb3cf43f34c59389def3a,96c0d8e64c4af9ee08de85ea9f3f0f730f4c20a57af1e48bdf82fca4aca0f62f
2025-01-26,00:00,0,,True,94652.81003056857,price_oracle,-1,0:143,True,day_ahead,,87c95c31e9362392639e63df32f5dd2b03dcfd7a36ba5034e8f28b3da4f09242
2025-01-26,06:00,36,2217.6069773575873,True,4611.849848203514,price_oracle,-1,36:143,True,tau_36,87c95c31e9362392639e63df32f5dd2b03dcfd7a36ba5034e8f28b3da4f09242,22e15f70db03a6941e0c4b3017e57a20afb9bb1b8038d07251566970b2b0d7b5
2025-01-26,12:00,72,3468.595801599935,True,849.6570661202938,price_oracle,-1,72:143,True,tau_72,22e15f70db03a6941e0c4b3017e57a20afb9bb1b8038d07251566970b2b0d7b5,5a95edc3a6b6479d6c04da5b2d821260670fe222ad0113df5d99aa45564a041c
2025-01-26,18:00,108,0.0,False,0.0,price_oracle,-1,108:143,True,tau_108,5a95edc3a6b6479d6c04da5b2d821260670fe222ad0113df5d99aa45564a041c,5a95edc3a6b6479d6c04da5b2d821260670fe222ad0113df5d99aa45564a041c
2025-01-27,00:00,0,,True,82728.33708048923,price_oracle,-1,0:143,True,day_ahead,,f87360e438db5a2ed88790fc333dced25c246969a5f6b62bf225cfc94e1b9965
2025-01-27,06:00,36,10756.28547091491,True,3289.136723277182,price_oracle,-1,36:143,True,tau_36,f87360e438db5a2ed88790fc333dced25c246969a5f6b62bf225cfc94e1b9965,2b5513b476ed14189b582a231ccf8b7c257eeb63230e864b08048c5da3739d68
2025-01-27,12:00,72,1130.1899824986758,True,1030.8613138941437,price_oracle,-1,72:143,True,tau_72,2b5513b476ed14189b582a231ccf8b7c257eeb63230e864b08048c5da3739d68,55af6c3eb78f81e76f383df8f31b17bfb80be67060279be21c41bb38d6c16ea3
2025-01-27,18:00,108,0.0,False,0.0,price_oracle,-1,108:143,True,tau_108,55af6c3eb78f81e76f383df8f31b17bfb80be67060279be21c41bb38d6c16ea3,55af6c3eb78f81e76f383df8f31b17bfb80be67060279be21c41bb38d6c16ea3
2025-01-28,00:00,0,,True,92289.89466755577,price_oracle,-1,0:143,True,day_ahead,,3da78856eead9183056df1d788f9d9c59a84375985c082cb52678f565892bec9
2025-01-28,06:00,36,3232.5863233220007,True,1949.5479767417355,price_oracle,-1,36:143,True,tau_36,3da78856eead9183056df1d788f9d9c59a84375985c082cb52678f565892bec9,ae9ae56e8d980887649064e4b5152276ab72b2888a0e7ebc1d36940732c32c5e
2025-01-28,12:00,72,1059.3366477442323,True,1112.3456382450604,price_oracle,-1,72:143,True,tau_72,ae9ae56e8d980887649064e4b5152276ab72b2888a0e7ebc1d36940732c32c5e,cd49fe4b2d54844e9c12b1c4359f4a52e8f0333d13de268b9f3e8fce2b23d9aa
2025-01-28,18:00,108,0.0,False,0.0,price_oracle,-1,108:143,True,tau_108,cd49fe4b2d54844e9c12b1c4359f4a52e8f0333d13de268b9f3e8fce2b23d9aa,cd49fe4b2d54844e9c12b1c4359f4a52e8f0333d13de268b9f3e8fce2b23d9aa
2025-01-29,00:00,0,,True,85491.2228385193,price_oracle,-1,0:143,True,day_ahead,,4d7f0086af13c8aacbda95583aff88cc9d157924c1f9617e702c528cd54f2394
2025-01-29,06:00,36,11931.810999898124,True,4094.273999243959,price_oracle,-1,36:143,True,tau_36,4d7f0086af13c8aacbda95583aff88cc9d157924c1f9617e702c528cd54f2394,41a8abffe1b9ab9089e13b6c44d4ff6a5a7b073605bdada350b81df5865d471f
2025-01-29,12:00,72,2818.2726406402217,True,2466.923896939281,price_oracle,-1,72:143,True,tau_72,41a8abffe1b9ab9089e13b6c44d4ff6a5a7b073605bdada350b81df5865d471f,bad7a67b0872d49a418f36f74821155786fc75d24f4ac22b03f92781ea58fed2
2025-01-29,18:00,108,-1.4551915228366852e-11,False,0.0,price_oracle,-1,108:143,True,tau_108,bad7a67b0872d49a418f36f74821155786fc75d24f4ac22b03f92781ea58fed2,bad7a67b0872d49a418f36f74821155786fc75d24f4ac22b03f92781ea58fed2
2025-01-30,00:00,0,,True,78201.47936007756,price_oracle,-1,0:143,True,day_ahead,,373dfcee9e3096639c02c128d9457f8f5015340d30dad828b452c1c0ab5d2430
2025-01-30,06:00,36,12769.322721186356,True,4281.494567612859,price_oracle,-1,36:143,True,tau_36,373dfcee9e3096639c02c128d9457f8f5015340d30dad828b452c1c0ab5d2430,bd2d436b9adec72eeff00c184e80f821ec4b68333051b5e51461a4a3d65a5217
2025-01-30,12:00,72,805.4430516772263,True,686.6672370373293,price_oracle,-1,72:143,True,tau_72,bd2d436b9adec72eeff00c184e80f821ec4b68333051b5e51461a4a3d65a5217,efefbcdbe89495d095d4900a3d14d99893e89fe37bd6ceab09d4a442c948cc0e
2025-01-30,18:00,108,0.0,False,0.0,price_oracle,-1,108:143,True,tau_108,efefbcdbe89495d095d4900a3d14d99893e89fe37bd6ceab09d4a442c948cc0e,efefbcdbe89495d095d4900a3d14d99893e89fe37bd6ceab09d4a442c948cc0e
2025-01-31,00:00,0,,True,48347.24039543783,price_oracle,-1,0:143,True,day_ahead,,fdc3586213854c1e77c698f57b925335b64a4d74e6ed08d277ca08309068c8cb
2025-01-31,06:00,36,5355.17980992041,True,3398.9911064777043,price_oracle,-1,36:143,True,tau_36,fdc3586213854c1e77c698f57b925335b64a4d74e6ed08d277ca08309068c8cb,44ac331d5b6a3dc2f091b17e3c981d441e540f1b9ad9817d9e79cbdba040e097
2025-01-31,12:00,72,298.46557442547055,True,409.9559858025891,price_oracle,-1,72:143,True,tau_72,44ac331d5b6a3dc2f091b17e3c981d441e540f1b9ad9817d9e79cbdba040e097,d6da54f2f362e00cbc58e5fa744a1f2d24c9e8fdc88328d029a6baab5e4de7d8
2025-01-31,18:00,108,32.174808908799605,True,12.301354798421187,price_oracle,-1,108:143,True,tau_108,d6da54f2f362e00cbc58e5fa744a1f2d24c9e8fdc88328d029a6baab5e4de7d8,b45d721b296534070b11128f02436efdc89fc539a0d1d8ab856abc8b66ad2e24
2025-02-01,00:00,0,,True,42683.96104217076,price_oracle,-1,0:143,True,day_ahead,,f40747a3048945a1d07d7a9cc6aab2ab0b1f52944f2473631e7298a7f4132657
2025-02-01,06:00,36,529.6136174009298,True,2041.011940127912,price_oracle,-1,36:143,True,tau_36,f40747a3048945a1d07d7a9cc6aab2ab0b1f52944f2473631e7298a7f4132657,91a4d3530680b260a493cf1e60b41ff0f53f95ad3b73c4f0cb6eb0dd05a60735
2025-02-01,12:00,72,2888.0084768633533,True,1661.1184890733505,price_oracle,-1,72:143,True,tau_72,91a4d3530680b260a493cf1e60b41ff0f53f95ad3b73c4f0cb6eb0dd05a60735,affd4611ead6be07fbc1e4405961657d1b98d705403881b2953ac56a1815b319
2025-02-01,18:00,108,9.997893357649446e-08,False,0.0,price_oracle,-1,108:143,True,tau_108,affd4611ead6be07fbc1e4405961657d1b98d705403881b2953ac56a1815b319,affd4611ead6be07fbc1e4405961657d1b98d705403881b2953ac56a1815b319
2025-02-02,00:00,0,,True,85347.12443137619,price_oracle,-1,0:143,True,day_ahead,,1a98d85001db2d6dcaf5d190a276eebc9bc40c1c5e58f3d560bcb24346b4735b
2025-02-02,06:00,36,842.8221792922268,True,1732.0928933965263,price_oracle,-1,36:143,True,tau_36,1a98d85001db2d6dcaf5d190a276eebc9bc40c1c5e58f3d560bcb24346b4735b,512ecae42a208adeb57c9d93026508ad8273d65646a05d175be96fa2bf5da45e
2025-02-02,12:00,72,685.9845275171101,True,216.94258100570312,price_oracle,-1,72:143,True,tau_72,512ecae42a208adeb57c9d93026508ad8273d65646a05d175be96fa2bf5da45e,33b11cebf4263bae33156e7ac10b94f1988876cef7c4d9d77fec20fd65271d2a
2025-02-02,18:00,108,8.895365304415463,True,59.10541645242682,price_oracle,-1,108:143,True,tau_108,33b11cebf4263bae33156e7ac10b94f1988876cef7c4d9d77fec20fd65271d2a,0f7db56ccd77d8cfc97b146df4819f2ffe171241370c09b883e9012693fdc7fc
2025-02-03,00:00,0,,True,89679.68082720689,price_oracle,-1,0:143,True,day_ahead,,cc0ea5c2e3239e156006a494e32bd360eba53cb0a586b9584f1bf1077cf239e7
2025-02-03,06:00,36,1384.6454600297147,True,3264.8731589270674,price_oracle,-1,36:143,True,tau_36,cc0ea5c2e3239e156006a494e32bd360eba53cb0a586b9584f1bf1077cf239e7,7e44798dbca4dd8c49820536cbe2cfbb62b33fb66b32a2444f52c75bda23a950
2025-02-03,12:00,72,501.27292308796314,True,761.0846939397071,price_oracle,-1,72:143,True,tau_72,7e44798dbca4dd8c49820536cbe2cfbb62b33fb66b32a2444f52c75bda23a950,35d0cd907a8cf6f249b94889628ebdb734ada907ef8b65aa5427b80ef34e3205
2025-02-03,18:00,108,0.45217681482608896,True,2.95583264917434,price_oracle,-1,108:143,True,tau_108,35d0cd907a8cf6f249b94889628ebdb734ada907ef8b65aa5427b80ef34e3205,12e8dcabdb0f26e84f91b26639b4f5412866c1074611cd0e2e89ee87d5540ff8
2025-02-04,00:00,0,,True,88696.76837665387,price_oracle,-1,0:143,True,day_ahead,,876e31f86e904e30c0f9be72b2fc2e7b2e60359ee5d46ddde34fe628e9a57c65
2025-02-04,06:00,36,1984.65003670867,True,2912.550711065211,price_oracle,-1,36:143,True,tau_36,876e31f86e904e30c0f9be72b2fc2e7b2e60359ee5d46ddde34fe628e9a57c65,89f5fb7bfe649f006c2c7c06ddbc88f10e9e1753c9a79d9735e0dde9c9b80265
2025-02-04,12:00,72,299.5703937487415,True,696.0905330247922,price_oracle,-1,72:143,True,tau_72,89f5fb7bfe649f006c2c7c06ddbc88f10e9e1753c9a79d9735e0dde9c9b80265,901229719eff3825f0ccdff2f5254c0224cb34d5a279dc2d117691ed5555c069
2025-02-04,18:00,108,9.989889804273844e-08,False,0.0,price_oracle,-1,108:143,True,tau_108,901229719eff3825f0ccdff2f5254c0224cb34d5a279dc2d117691ed5555c069,901229719eff3825f0ccdff2f5254c0224cb34d5a279dc2d117691ed5555c069
2025-02-05,00:00,0,,True,90194.62454915053,price_oracle,-1,0:143,True,day_ahead,,2584f826beabb4afdc888b4e0a8a36fa77ed66250f9bd87a8658f651b6e12392
2025-02-05,06:00,36,5393.626721454741,True,2028.9138210963195,price_oracle,-1,36:143,True,tau_36,2584f826beabb4afdc888b4e0a8a36fa77ed66250f9bd87a8658f651b6e12392,a6e9da0b3f84c82bafc2f58f96ed55a94cda1131abc393a9132e7016ade8b673
2025-02-05,12:00,72,621.853444089109,True,718.15921526324,price_oracle,-1,72:143,True,tau_72,a6e9da0b3f84c82bafc2f58f96ed55a94cda1131abc393a9132e7016ade8b673,00552c53b0d391863e2bd0505e65af22107766b9b60ba596cd5fdbfe73801cf5
2025-02-05,18:00,108,1.0002986527979374e-07,False,0.0,price_oracle,-1,108:143,True,tau_108,00552c53b0d391863e2bd0505e65af22107766b9b60ba596cd5fdbfe73801cf5,00552c53b0d391863e2bd0505e65af22107766b9b60ba596cd5fdbfe73801cf5
2025-02-06,00:00,0,,True,87259.83443975347,price_oracle,-1,0:143,True,day_ahead,,a11982d983f259688f36f07ecaa13e437c99db6c9233883dd7a2a793fe058ffc
2025-02-06,06:00,36,1684.6050495340169,True,3754.0107924115196,price_oracle,-1,36:143,True,tau_36,a11982d983f259688f36f07ecaa13e437c99db6c9233883dd7a2a793fe058ffc,bcfbae15987baf6ffd91e9ab6cacb8908b39438c147ad070276919cb1a8baf7f
2025-02-06,12:00,72,872.7164265628817,True,2028.6687925742713,price_oracle,-1,72:143,True,tau_72,bcfbae15987baf6ffd91e9ab6cacb8908b39438c147ad070276919cb1a8baf7f,5a6865d298c12de5b0d2cd3aaf0219dd2474152b9a2a80a82f8b4ba8ea375578
2025-02-06,18:00,108,0.7755527847220947,True,3.796250529226768,price_oracle,-1,108:143,True,tau_108,5a6865d298c12de5b0d2cd3aaf0219dd2474152b9a2a80a82f8b4ba8ea375578,5a0de75dec933bbbf7330a701c830395e2ceb9bb5446ffe913578440c2f5cd14
2025-02-07,00:00,0,,True,45707.20127979123,price_oracle,-1,0:143,True,day_ahead,,c4cfabb7afc9a0f4d70800c293f03903307d08a7fe57b1fe810632e6252c82e7
2025-02-07,06:00,36,173.60926596996433,True,715.7440760280974,price_oracle,-1,36:143,True,tau_36,c4cfabb7afc9a0f4d70800c293f03903307d08a7fe57b1fe810632e6252c82e7,57f2a8e19ed68a304de7e0fafc03391f9116a65c8fc8347daaa935d205af2069
2025-02-07,12:00,72,489.19066510119956,True,2470.7493692901116,price_oracle,-1,72:143,True,tau_72,57f2a8e19ed68a304de7e0fafc03391f9116a65c8fc8347daaa935d205af2069,cbbe1b23dc99fecaff86efb1662ddb8395cca1d47e598aa74330d012f258e6bf
2025-02-07,18:00,108,1.1323421966008027,True,30.276529913791364,price_oracle,-1,108:143,True,tau_108,cbbe1b23dc99fecaff86efb1662ddb8395cca1d47e598aa74330d012f258e6bf,579a10b5fe47b51d81c08c2d18215b8f52054ac2f75dc8a8905fbe1c811fd458
2025-02-08,00:00,0,,True,41851.21722698936,price_oracle,-1,0:143,True,day_ahead,,110d7dfb7e204f95c51d69e4fdd4a88fb4949296ea960a14b645509564d4182b
2025-02-08,06:00,36,1846.2268465233356,True,781.670166854502,price_oracle,-1,36:143,True,tau_36,110d7dfb7e204f95c51d69e4fdd4a88fb4949296ea960a14b645509564d4182b,6197f08465af3b3b785475d30c9d9b84b618607faca5db1ba40cb5acb29da4aa
2025-02-08,12:00,72,249.0600588813977,True,248.89396481901835,price_oracle,-1,72:143,True,tau_72,6197f08465af3b3b785475d30c9d9b84b618607faca5db1ba40cb5acb29da4aa,0fbbc515d7f66bc2647ffbf8b18bd56cc662d1781f47057609b76aa14ff5a66d
2025-02-08,18:00,108,91.9747398270265,True,37.79990822588417,price_oracle,-1,108:143,True,tau_108,0fbbc515d7f66bc2647ffbf8b18bd56cc662d1781f47057609b76aa14ff5a66d,8f016dee60c2268fb74a4961515b3bde375f4b9f027d1ac821df507919fda35c
2025-02-09,00:00,0,,True,84480.77548365359,price_oracle,-1,0:143,True,day_ahead,,833ad4725adcfe6c3935ac37ad9b367f3342af96d5a3eee23a516d1253855eed
2025-02-09,06:00,36,6367.372885834251,True,2942.9521675408137,price_oracle,-1,36:143,True,tau_36,833ad4725adcfe6c3935ac37ad9b367f3342af96d5a3eee23a516d1253855eed,8d272f3a33e586150ac8c45439fe1bf4c3a55d11cc2ae933f2f0dad87ed0dda2
2025-02-09,12:00,72,1209.095037491701,True,1175.6081833335857,price_oracle,-1,72:143,True,tau_72,8d272f3a33e586150ac8c45439fe1bf4c3a55d11cc2ae933f2f0dad87ed0dda2,07d38c33bd6b68604be519a9eb6564da2b6085ab03dc219936af236215df6419
2025-02-09,18:00,108,0.0,False,0.0,price_oracle,-1,108:143,True,tau_108,07d38c33bd6b68604be519a9eb6564da2b6085ab03dc219936af236215df6419,07d38c33bd6b68604be519a9eb6564da2b6085ab03dc219936af236215df6419
2025-02-10,00:00,0,,True,84483.38186864578,price_oracle,-1,0:143,True,day_ahead,,03320fd7a46972c5e5ba5ee1e1c5302fa5166031ccf4eb1f8afc3c8fd8fe29fa
2025-02-10,06:00,36,2374.5286918597267,True,6051.715258091336,price_oracle,-1,36:143,True,tau_36,03320fd7a46972c5e5ba5ee1e1c5302fa5166031ccf4eb1f8afc3c8fd8fe29fa,a80c10bcba57b7a27d63c09ede17a91786f9f0f04f31f94809b19e47636ec2e8
2025-02-10,12:00,72,9996.361792697076,True,2901.6498260602243,price_oracle,-1,72:143,True,tau_72,a80c10bcba57b7a27d63c09ede17a91786f9f0f04f31f94809b19e47636ec2e8,55f5a083538ae1e2a5efd25a8683d97db19d7491d052465150b76469ae15f513
2025-02-10,18:00,108,9.998620953410864e-08,False,0.0,price_oracle,-1,108:143,True,tau_108,55f5a083538ae1e2a5efd25a8683d97db19d7491d052465150b76469ae15f513,55f5a083538ae1e2a5efd25a8683d97db19d7491d052465150b76469ae15f513
2025-02-11,00:00,0,,True,83586.24009163326,price_oracle,-1,0:143,True,day_ahead,,a5ede0fb08d27dc94657a03d9791aca6b649a80433687e6d33a5c09a5b91cca4
2025-02-11,06:00,36,1906.8051741419913,True,3717.663024649155,price_oracle,-1,36:143,True,tau_36,a5ede0fb08d27dc94657a03d9791aca6b649a80433687e6d33a5c09a5b91cca4,af98e4eb0fa1f3c160bd47818386b9cad91b96e342250f4995fc97422b879c6a
2025-02-11,12:00,72,283.47339314319834,True,944.2940587857678,price_oracle,-1,72:143,True,tau_72,af98e4eb0fa1f3c160bd47818386b9cad91b96e342250f4995fc97422b879c6a,8dac04efc22c9714ebd1a0e9be425d852fd3115668c04c1f301f23e438cace9d
2025-02-11,18:00,108,4.3179442506079795,True,30.930833047129113,price_oracle,-1,108:143,True,tau_108,8dac04efc22c9714ebd1a0e9be425d852fd3115668c04c1f301f23e438cace9d,87c8b1d517751967b996ca097829cbf3c4e59637f8ce82c9b6cf2bae50e6a2f8
2025-02-12,00:00,0,,True,84313.59985405966,price_oracle,-1,0:143,True,day_ahead,,c839ba471d66803455268678b24d3632b9f1b0be53eee5beb559be2c55df4e62
2025-02-12,06:00,36,1842.287922025047,True,4401.984038331353,price_oracle,-1,36:143,True,tau_36,c839ba471d66803455268678b24d3632b9f1b0be53eee5beb559be2c55df4e62,8089b44cef83b7c752193b8b196c1e08c3bbc8350c886e713b9fa08f8f8d09e8
2025-02-12,12:00,72,392.202414826912,True,349.7240476826805,price_oracle,-1,72:143,True,tau_72,8089b44cef83b7c752193b8b196c1e08c3bbc8350c886e713b9fa08f8f8d09e8,fc1d52c6c77d4820f65ff9ced1dfd2b2f338cf22b3fbcfc3b58acaecda478fe8
2025-02-12,18:00,108,2.2546226740669226,True,16.637917221002738,price_oracle,-1,108:143,True,tau_108,fc1d52c6c77d4820f65ff9ced1dfd2b2f338cf22b3fbcfc3b58acaecda478fe8,e9c574881a8209176bc96a0e124c65bf42b0b0cb633377bbac65b21b59c4206d
2025-02-13,00:00,0,,True,73922.94760635658,price_oracle,-1,0:143,True,day_ahead,,4b6a5bf03d98e3bc0cf172eaaa52a3dfcdca39867109ff6796354d35a4b3c182
2025-02-13,06:00,36,1524.1091164276586,True,3541.26328245683,price_oracle,-1,36:143,True,tau_36,4b6a5bf03d98e3bc0cf172eaaa52a3dfcdca39867109ff6796354d35a4b3c182,79732a05ce5e155e828611316699f9122cdade0a12da12cb847fd8d0817bd4bf
2025-02-13,12:00,72,4455.532258278938,True,1556.017215943356,price_oracle,-1,72:143,True,tau_72,79732a05ce5e155e828611316699f9122cdade0a12da12cb847fd8d0817bd4bf,61bae57c7b7377cd1a012f8bd6be5bc0d93a0cac18e9639292d6e3721dea7d5c
2025-02-13,18:00,108,0.0,False,0.0,price_oracle,-1,108:143,True,tau_108,61bae57c7b7377cd1a012f8bd6be5bc0d93a0cac18e9639292d6e3721dea7d5c,61bae57c7b7377cd1a012f8bd6be5bc0d93a0cac18e9639292d6e3721dea7d5c
2025-02-14,00:00,0,,True,40734.69188773307,price_oracle,-1,0:143,True,day_ahead,,390ad5313e27b700d95abdddfe97cb3a8888626c0d4a56b40fda2c8729b7304d
2025-02-14,06:00,36,1535.7402510445681,True,674.6889096743856,price_oracle,-1,36:143,True,tau_36,390ad5313e27b700d95abdddfe97cb3a8888626c0d4a56b40fda2c8729b7304d,9d76f7df235573db62dd6ecc7c351f95c54e6b430abaf582af4122985e1f9313
2025-02-14,12:00,72,57.96280344454499,True,50.97816049355464,price_oracle,-1,72:143,True,tau_72,9d76f7df235573db62dd6ecc7c351f95c54e6b430abaf582af4122985e1f9313,e556249582f806bd619a82e1787591398284cb262e31730c8313407336478aa7
2025-02-14,18:00,108,147.80336137777704,True,51.349139486640354,price_oracle,-1,108:143,True,tau_108,e556249582f806bd619a82e1787591398284cb262e31730c8313407336478aa7,30a7bb42f8eeaaa524d19bee3578f426433135a51e974749aaa6c4252a4467a1
2025-02-15,00:00,0,,True,40669.15980486598,price_oracle,-1,0:143,True,day_ahead,,8108fb8b8a823857a6a87ab6d5c3bd3bd64325218d4ecd92556ab72b35c800be
2025-02-15,06:00,36,627.3613871366106,True,1096.980337974289,price_oracle,-1,36:143,True,tau_36,8108fb8b8a823857a6a87ab6d5c3bd3bd64325218d4ecd92556ab72b35c800be,d333af767fa0d221bb640da16803d11500d3cb7b8e6c977f2917e368d9133658
2025-02-15,12:00,72,1771.621127639919,True,1010.6009252423653,price_oracle,-1,72:143,True,tau_72,d333af767fa0d221bb640da16803d11500d3cb7b8e6c977f2917e368d9133658,917b7595e418b0007b8ae727b174bef59587f9d8286a14294b28f5f7cd6b9aaf
2025-02-15,18:00,108,1.00000761449337e-07,False,0.0,price_oracle,-1,108:143,True,tau_108,917b7595e418b0007b8ae727b174bef59587f9d8286a14294b28f5f7cd6b9aaf,917b7595e418b0007b8ae727b174bef59587f9d8286a14294b28f5f7cd6b9aaf
2025-02-16,00:00,0,,True,79604.35323452349,price_oracle,-1,0:143,True,day_ahead,,d129a2dcc5052c789a6ee45ae616c2e9686fdc3cfb2f4d65c12b2fd2cf8b8a85
2025-02-16,06:00,36,2579.7199440151744,True,6363.32266987159,price_oracle,-1,36:143,True,tau_36,d129a2dcc5052c789a6ee45ae616c2e9686fdc3cfb2f4d65c12b2fd2cf8b8a85,b3f4c3757737f8f959572169212fca26bde5b5035076fc1a5881ae2b4b16632c
2025-02-16,12:00,72,120.5377473624103,True,430.5501308954615,price_oracle,-1,72:143,True,tau_72,b3f4c3757737f8f959572169212fca26bde5b5035076fc1a5881ae2b4b16632c,fbba66dfd0f8867c372e289792b67b75ca6c10247cafd6a31531f9092956b65e
2025-02-16,18:00,108,9.998620953410864e-08,False,0.0,price_oracle,-1,108:143,True,tau_108,fbba66dfd0f8867c372e289792b67b75ca6c10247cafd6a31531f9092956b65e,fbba66dfd0f8867c372e289792b67b75ca6c10247cafd6a31531f9092956b65e
2025-02-17,00:00,0,,True,86244.82843555917,price_oracle,-1,0:143,True,day_ahead,,ea6ead0c10146e3411563553891c9e1b967fe648d8d895fe92339689d5efb499
2025-02-17,06:00,36,3366.175121975568,True,7683.138120466445,price_oracle,-1,36:143,True,tau_36,ea6ead0c10146e3411563553891c9e1b967fe648d8d895fe92339689d5efb499,b7b83ecae5501b5c26b6c3d533f6ea3e74dd9041c67b03f13e75a6f2894bf9e9
2025-02-17,12:00,72,662.7821102938615,True,1303.1172374749995,price_oracle,-1,72:143,True,tau_72,b7b83ecae5501b5c26b6c3d533f6ea3e74dd9041c67b03f13e75a6f2894bf9e9,662e5b5105c648b788bae71fc34546ca8d8bd766ef78de8b52a4ca0abdffbcce
2025-02-17,18:00,108,1.00000761449337e-07,False,0.0,price_oracle,-1,108:143,True,tau_108,662e5b5105c648b788bae71fc34546ca8d8bd766ef78de8b52a4ca0abdffbcce,662e5b5105c648b788bae71fc34546ca8d8bd766ef78de8b52a4ca0abdffbcce
2025-02-18,00:00,0,,True,76389.13511961653,price_oracle,-1,0:143,True,day_ahead,,43ba40936a221fcada3e29d424caa554b088dadc83b91735c6f860eea62491aa
2025-02-18,06:00,36,2756.210305654604,True,1285.5426848207603,price_oracle,-1,36:143,True,tau_36,43ba40936a221fcada3e29d424caa554b088dadc83b91735c6f860eea62491aa,570ead160040609d4b33c122f07b778ed0403f4f7eb5d93bc58fc267aa1fe59d
2025-02-18,12:00,72,2410.6264442573593,True,916.7970882187872,price_oracle,-1,72:143,True,tau_72,570ead160040609d4b33c122f07b778ed0403f4f7eb5d93bc58fc267aa1fe59d,21002b6c971bd44780626090af48271bf5f416e026e37f3837bdbdb9cf444154
2025-02-18,18:00,108,0.0,False,0.0,price_oracle,-1,108:143,True,tau_108,21002b6c971bd44780626090af48271bf5f416e026e37f3837bdbdb9cf444154,21002b6c971bd44780626090af48271bf5f416e026e37f3837bdbdb9cf444154
2025-02-19,00:00,0,,True,74892.9963667861,price_oracle,-1,0:143,True,day_ahead,,5b58bbcdc61ac0a94cb21fff5d5cf8cba18a1417dc0237b874e0ca5d75d6f92a
2025-02-19,06:00,36,384.5441254781326,True,528.2883422197349,price_oracle,-1,36:143,True,tau_36,5b58bbcdc61ac0a94cb21fff5d5cf8cba18a1417dc0237b874e0ca5d75d6f92a,48dc88a0d795b637a12ebd6e22eb1a3d3ba573d794593d32a2599a3c3a0b8976
2025-02-19,12:00,72,3294.8808893739333,True,1305.2760824065826,price_oracle,-1,72:143,True,tau_72,48dc88a0d795b637a12ebd6e22eb1a3d3ba573d794593d32a2599a3c3a0b8976,11c1b70feeb119e77cedb043b0989042aa64fff8e17c5602610a5a9c84519af0
2025-02-19,18:00,108,2.092349629623641,True,14.283332650730813,price_oracle,-1,108:143,True,tau_108,11c1b70feeb119e77cedb043b0989042aa64fff8e17c5602610a5a9c84519af0,82d6508c4fb1d00d35555046c11e27f1125c692f49221db8607dc04bd2eea02d
2025-02-20,00:00,0,,True,74967.58599826667,price_oracle,-1,0:143,True,day_ahead,,77f9599d9c7da314c9dc8877b181971a15029dd8a2e032239b4107cfeb52970e
2025-02-20,06:00,36,5220.252303795503,True,4369.894968036135,price_oracle,-1,36:143,True,tau_36,77f9599d9c7da314c9dc8877b181971a15029dd8a2e032239b4107cfeb52970e,83e2a732c7ebe441817b71d378a476c59070565fca36aaa68452c0a10104dd36
2025-02-20,12:00,72,1516.6056588326755,True,1688.831207539196,price_oracle,-1,72:143,True,tau_72,83e2a732c7ebe441817b71d378a476c59070565fca36aaa68452c0a10104dd36,acc7a615af55cf5380b5a426c2cb7587225881bf868ca0242d36063bd27b2a81
2025-02-20,18:00,108,3.576349215745722,True,13.869583333332685,price_oracle,-1,108:143,True,tau_108,acc7a615af55cf5380b5a426c2cb7587225881bf868ca0242d36063bd27b2a81,0a407f82a302c597667827e7e0c392658532efe533898f746adbe145fec2fd72
2025-02-21,00:00,0,,True,35861.12119630577,price_oracle,-1,0:143,True,day_ahead,,ce5c3c1e5f43d12ef3a6afcc94e547dba0ea76b5cf999f2f7973d297feda9f3e
2025-02-21,06:00,36,106.39339401876714,True,47.81556329365585,price_oracle,-1,36:143,True,tau_36,ce5c3c1e5f43d12ef3a6afcc94e547dba0ea76b5cf999f2f7973d297feda9f3e,20fdf5c764e8caea60fa3e98e64b879355939503b0bbd0d4b8ae2af92bb04a87
2025-02-21,12:00,72,237.16003123746486,True,101.0897561728118,price_oracle,-1,72:143,True,tau_72,20fdf5c764e8caea60fa3e98e64b879355939503b0bbd0d4b8ae2af92bb04a87,896cba9953ec255d4aea158242e19d72ff885a97aec86d71e172fb7fe6c7f6e3
2025-02-21,18:00,108,185.87377015323,True,67.95102599823099,price_oracle,-1,108:143,True,tau_108,896cba9953ec255d4aea158242e19d72ff885a97aec86d71e172fb7fe6c7f6e3,2a182f0affc39ed8d8a5f049b6049be67430eaaf8dac6611b2f42d4fb9716bf2
2025-02-22,00:00,0,,True,40908.75882425869,price_oracle,-1,0:143,True,day_ahead,,ca205bb51a9223c89da7b708240e89f5491e5567c15871fc7ee2318710da1d0e
2025-02-22,06:00,36,980.838357210283,True,496.4461782483387,price_oracle,-1,36:143,True,tau_36,ca205bb51a9223c89da7b708240e89f5491e5567c15871fc7ee2318710da1d0e,9a5a2df44ad964b9deb37b4a412dd50ac6ee5a1292c86caca8518884e96ed5f9
2025-02-22,12:00,72,362.71925423382345,True,433.91425472229474,price_oracle,-1,72:143,True,tau_72,9a5a2df44ad964b9deb37b4a412dd50ac6ee5a1292c86caca8518884e96ed5f9,517b80d6c08634032b9c2ac400ccbe09beca47bb59228e4506ccda60e8359983
2025-02-22,18:00,108,340.1812981805124,True,129.83523483901394,price_oracle,-1,108:143,True,tau_108,517b80d6c08634032b9c2ac400ccbe09beca47bb59228e4506ccda60e8359983,de6308a01f8f2fec32ebaa3c6a93dd9293ce48a008c65b557907994db8fc344e
2025-02-23,00:00,0,,True,74174.36912572703,price_oracle,-1,0:143,True,day_ahead,,5eb511f66008acab753d2820bad51bd91efe58fecbf2a4e9fdfe1f1f8aba96f6
2025-02-23,06:00,36,2001.5237368257658,True,1019.4428450910899,price_oracle,-1,36:143,True,tau_36,5eb511f66008acab753d2820bad51bd91efe58fecbf2a4e9fdfe1f1f8aba96f6,f327716bb058a74b5f79761fd990c0458ce536073dda636b6ca1e8b2782e8afb
2025-02-23,12:00,72,1189.3847421272076,True,2683.7305594722507,price_oracle,-1,72:143,True,tau_72,f327716bb058a74b5f79761fd990c0458ce536073dda636b6ca1e8b2782e8afb,170d897d69d674024718bc47acb75926b723ea7f55d18d2ceba55e0a08c55ea9
2025-02-23,18:00,108,11.47082689164381,True,2.6108333334025247,price_oracle,-1,108:143,True,tau_108,170d897d69d674024718bc47acb75926b723ea7f55d18d2ceba55e0a08c55ea9,c38f762a5cf314202d68a7383928e78a25d58cf6a1fad0d55a7bece68dbe83fd
2025-02-24,00:00,0,,True,73129.57136705607,price_oracle,-1,0:143,True,day_ahead,,87b7b4e7427ab3388eb97a2d334c8e5d8f19879d3c26037f89e61bde459a7f51
2025-02-24,06:00,36,2414.9554506372806,True,1459.4245564431299,price_oracle,-1,36:143,True,tau_36,87b7b4e7427ab3388eb97a2d334c8e5d8f19879d3c26037f89e61bde459a7f51,efab7cb880e7105d045f200903dcac71df7c71c038dc87b924f3ae659bdf26d7
2025-02-24,12:00,72,741.5871937202319,True,1012.9601124939645,price_oracle,-1,72:143,True,tau_72,efab7cb880e7105d045f200903dcac71df7c71c038dc87b924f3ae659bdf26d7,243c3e893770d19443a82588743e5f99908757859c576d353b0eec040e9d58f7
2025-02-24,18:00,108,2.2901901220029686,True,14.79291630163749,price_oracle,-1,108:143,True,tau_108,243c3e893770d19443a82588743e5f99908757859c576d353b0eec040e9d58f7,01de755729c64a54f506d50abc3a9389566e70a703de5c35025c769b1217ea96
2025-02-25,00:00,0,,True,78217.17279246583,price_oracle,-1,0:143,True,day_ahead,,5045ec462dd1a45c49bfa20e9d55d71087870161ebb2e9bb7098c9ba9bdecfc1
2025-02-25,06:00,36,3662.9298322553805,True,4108.82129393492,price_oracle,-1,36:143,True,tau_36,5045ec462dd1a45c49bfa20e9d55d71087870161ebb2e9bb7098c9ba9bdecfc1,5276e9ca4a0df87d18e969d172b2dd9dfd72b342ec762b4e249c29aeabbd0ec3
2025-02-25,12:00,72,1951.8820287732233,True,3800.2279152887104,price_oracle,-1,72:143,True,tau_72,5276e9ca4a0df87d18e969d172b2dd9dfd72b342ec762b4e249c29aeabbd0ec3,ed74bdc3965fbd46a5608ac03d0a18b26312d0b819d25064b597a7f599427c25
2025-02-25,18:00,108,0.8122320999900694,True,4.639999902611862,price_oracle,-1,108:143,True,tau_108,ed74bdc3965fbd46a5608ac03d0a18b26312d0b819d25064b597a7f599427c25,1de841d8d32ac3489c2b438436c6c3b3020fb9e53013a9838e734184ed4fbe07
2025-02-26,00:00,0,,True,69170.44903870477,price_oracle,-1,0:143,True,day_ahead,,874f8a55778d9fb0080ed97adeb19174761afd81975412a355cd7fad32524328
2025-02-26,06:00,36,3762.807945802604,True,1687.7850245342165,price_oracle,-1,36:143,True,tau_36,874f8a55778d9fb0080ed97adeb19174761afd81975412a355cd7fad32524328,91a7bd86c590f422a381b7884c1065b28da8c9dc8ab5269ffff1b02061752d48
2025-02-26,12:00,72,3266.749070388323,True,1288.5534306940299,price_oracle,-1,72:143,True,tau_72,91a7bd86c590f422a381b7884c1065b28da8c9dc8ab5269ffff1b02061752d48,5450b17f3a373c94231f62d79e13dbbc436ad7307323d344b4cd2c577f3f10af
2025-02-26,18:00,108,0.6091398273274535,True,3.816666745767151,price_oracle,-1,108:143,True,tau_108,5450b17f3a373c94231f62d79e13dbbc436ad7307323d344b4cd2c577f3f10af,ad1b6c837bb4a257ef0de83b2ca37ed46ee2c81f3b708ce91c96661f390d8c88
2025-02-27,00:00,0,,True,65223.193139797884,price_oracle,-1,0:143,True,day_ahead,,26bc0c099a3d9945956c2aa309f04888d4659e544bac92e384e657f6aa5e8780
2025-02-27,06:00,36,2271.846492733508,True,1643.469788314399,price_oracle,-1,36:143,True,tau_36,26bc0c099a3d9945956c2aa309f04888d4659e544bac92e384e657f6aa5e8780,41a541039093c19a642100b4e9235718226f75b070df4efc2f92ae9e0fe1b0e6
2025-02-27,12:00,72,870.4449278593675,True,529.7161644011362,price_oracle,-1,72:143,True,tau_72,41a541039093c19a642100b4e9235718226f75b070df4efc2f92ae9e0fe1b0e6,b4497b69d32d51ee8b0ef27d79cdd1b17457f8f335c505305897901370ee1f69
2025-02-27,18:00,108,2.1093427060186514,True,9.032083851611333,price_oracle,-1,108:143,True,tau_108,b4497b69d32d51ee8b0ef27d79cdd1b17457f8f335c505305897901370ee1f69,abf8a9e881224b7fafb4e163ba1a5e24b599b4fcdd436f3a7165e8ec70d8881c
2025-02-28,00:00,0,,True,38762.93463791993,price_oracle,-1,0:143,True,day_ahead,,8b70fe1ab83a36ee6d7c2b726596d5908e1e41f3f7a834d78e65fc72adf447e7
2025-02-28,06:00,36,616.2381211888714,True,622.1275899599561,price_oracle,-1,36:143,True,tau_36,8b70fe1ab83a36ee6d7c2b726596d5908e1e41f3f7a834d78e65fc72adf447e7,9389e50b416de82318a85aaf0a2802ae5916abdb8a9c5f7c83ae2ad6b7884e8e
2025-02-28,12:00,72,660.9156992785356,True,242.70228110285717,price_oracle,-1,72:143,True,tau_72,9389e50b416de82318a85aaf0a2802ae5916abdb8a9c5f7c83ae2ad6b7884e8e,5dc6723137d6e5110acc3b7a99318a96a14b85418743b7124bdb81d1ca239df2
2025-02-28,18:00,108,44.81617884478328,True,12.88459384722438,price_oracle,-1,108:143,True,tau_108,5dc6723137d6e5110acc3b7a99318a96a14b85418743b7124bdb81d1ca239df2,4c06b15a3f94728ae692691c2e517e1ff92fc038dfe8c53132f6e77e8cbfd78b
2025-03-01,00:00,0,,True,38323.1619979564,price_oracle,-1,0:143,True,day_ahead,,d8e0bbbe34119f14830e655f9de82198523534557629f096a42dfc1b2d9b6c10
2025-03-01,06:00,36,353.4772257257064,True,1937.8194241013848,price_oracle,-1,36:143,True,tau_36,d8e0bbbe34119f14830e655f9de82198523534557629f096a42dfc1b2d9b6c10,aa631833ae30a51ad62d88998db88846c4c79c6007b4f29b5727d8afda085f06
2025-03-01,12:00,72,704.5652259380295,True,667.5965042847474,price_oracle,-1,72:143,True,tau_72,aa631833ae30a51ad62d88998db88846c4c79c6007b4f29b5727d8afda085f06,c94b1cd1051ad2b88255156fbfbd19dbb8bf14f1fd1171bd368dc747e6e6c458
2025-03-01,18:00,108,0.0,False,0.0,price_oracle,-1,108:143,True,tau_108,c94b1cd1051ad2b88255156fbfbd19dbb8bf14f1fd1171bd368dc747e6e6c458,c94b1cd1051ad2b88255156fbfbd19dbb8bf14f1fd1171bd368dc747e6e6c458
2025-03-02,00:00,0,,True,77729.49706658191,price_oracle,-1,0:143,True,day_ahead,,8b7b94cc1428e09f2b76ebc43763743883bdadc607dae1ad5172cc5587735e2a
2025-03-02,06:00,36,4343.253578880118,True,2114.0659630911414,price_oracle,-1,36:143,True,tau_36,8b7b94cc1428e09f2b76ebc43763743883bdadc607dae1ad5172cc5587735e2a,a9db3535ace2eddbe492b33375dc815514a5a6febdbc308dee68873e3450d845
2025-03-02,12:00,72,370.26585907257686,True,523.172927308568,price_oracle,-1,72:143,True,tau_72,a9db3535ace2eddbe492b33375dc815514a5a6febdbc308dee68873e3450d845,44ff74459d6ce87bb2ff538f82ba41cfbdc7d2b8c93ae6ed72f420aab0c065ef
2025-03-02,18:00,108,169.43521710002096,True,39.24291666680642,price_oracle,-1,108:143,True,tau_108,44ff74459d6ce87bb2ff538f82ba41cfbdc7d2b8c93ae6ed72f420aab0c065ef,902787a73b1fed13b580334aad23dd79fa45ec0b41aeba40d6a399321e134c1b
2025-03-03,00:00,0,,True,80146.82078222228,price_oracle,-1,0:143,True,day_ahead,,ed0abc6707861b85f542c926c3979a53c4572ac079ceeec74014c6f341e0bb4d
2025-03-03,06:00,36,5441.718109671783,True,7443.9396864583705,price_oracle,-1,36:143,True,tau_36,ed0abc6707861b85f542c926c3979a53c4572ac079ceeec74014c6f341e0bb4d,08d4338516d75f7c5b8323ba3bc0a3ea03b45ac834e0e389cf4bba7716cc9400
2025-03-03,12:00,72,3017.1217718271364,True,1361.0529153007594,price_oracle,-1,72:143,True,tau_72,08d4338516d75f7c5b8323ba3bc0a3ea03b45ac834e0e389cf4bba7716cc9400,35e1defe6b0345e277310bfb79bdf120fe6856eca3f04477d2dbc8dd06a6200f
2025-03-03,18:00,108,1.0002986527979374e-07,False,0.0,price_oracle,-1,108:143,True,tau_108,35e1defe6b0345e277310bfb79bdf120fe6856eca3f04477d2dbc8dd06a6200f,35e1defe6b0345e277310bfb79bdf120fe6856eca3f04477d2dbc8dd06a6200f
2025-03-04,00:00,0,,True,71802.41421652732,price_oracle,-1,0:143,True,day_ahead,,cf0b4ac380ab77906df24e3a906df606da92db6031ff94fb669fe6ecae899c87
2025-03-04,06:00,36,3327.173739611302,True,1353.6336936182029,price_oracle,-1,36:143,True,tau_36,cf0b4ac380ab77906df24e3a906df606da92db6031ff94fb669fe6ecae899c87,abd921ae6fd64c5d079bd9298581ca72e8566f8678ba5b4c46953311d52f05db
2025-03-04,12:00,72,1276.1764538192074,True,562.3438942268348,price_oracle,-1,72:143,True,tau_72,abd921ae6fd64c5d079bd9298581ca72e8566f8678ba5b4c46953311d52f05db,d443a57046c3b0552e79154e20ba44d3431bf3b75b7f30d04070fc701750f8b5
2025-03-04,18:00,108,6.292562499998894,True,37.85000009278099,price_oracle,-1,108:143,True,tau_108,d443a57046c3b0552e79154e20ba44d3431bf3b75b7f30d04070fc701750f8b5,23db43d3dcb9c01f5c74eafc842e07f3eb839e5fec1b028c61f120e5010149fe
2025-03-05,00:00,0,,True,77239.77227956102,price_oracle,-1,0:143,True,day_ahead,,120fdb023aed0504129f6df3c4be2b4e95d99f7e2832c64779292023889c5493
2025-03-05,06:00,36,1918.9483489024133,True,3780.640233287356,price_oracle,-1,36:143,True,tau_36,120fdb023aed0504129f6df3c4be2b4e95d99f7e2832c64779292023889c5493,57940d35c2a7c680d13cf108d2c13745bebcff8496e8a05087c99bdc2a401823
2025-03-05,12:00,72,789.9935445551237,True,1543.7531726790794,price_oracle,-1,72:143,True,tau_72,57940d35c2a7c680d13cf108d2c13745bebcff8496e8a05087c99bdc2a401823,17069a5b4a2fcd7f25d817413060474184c483862fefa981a8c1273405c05b1d
2025-03-05,18:00,108,7.117807089853159,True,46.06166720701874,price_oracle,-1,108:143,True,tau_108,17069a5b4a2fcd7f25d817413060474184c483862fefa981a8c1273405c05b1d,4be05833994cf305760545d1d7ac0a7b9a8cdc3bb1074dbec364608f36db6c86
2025-03-06,00:00,0,,True,65586.58981173295,price_oracle,-1,0:143,True,day_ahead,,e0ba1de3be8cd42f4597e04768f0c29e78f83a7d53984fd677702f46fce53a1a
2025-03-06,06:00,36,1609.9769510199258,True,1643.2871593402242,price_oracle,-1,36:143,True,tau_36,e0ba1de3be8cd42f4597e04768f0c29e78f83a7d53984fd677702f46fce53a1a,bd6bdf7adece211ea1d141351fe61ef3c081aaeb2c832e5bc7738429495ff2fc
2025-03-06,12:00,72,1360.7100984168137,True,585.8400917797675,price_oracle,-1,72:143,True,tau_72,bd6bdf7adece211ea1d141351fe61ef3c081aaeb2c832e5bc7738429495ff2fc,bf4a94cd4789aa99871b1d3fe06ed10238b9146997aeb20a6a3e98e1c06d7a52
2025-03-06,18:00,108,1.0130315786227584e-07,False,0.0,price_oracle,-1,108:143,True,tau_108,bf4a94cd4789aa99871b1d3fe06ed10238b9146997aeb20a6a3e98e1c06d7a52,bf4a94cd4789aa99871b1d3fe06ed10238b9146997aeb20a6a3e98e1c06d7a52
2025-03-07,00:00,0,,True,39649.80021172227,price_oracle,-1,0:143,True,day_ahead,,afabd625ae41be803a4d436e16a8e94c76ff816684e2e224507770d2ef303874
2025-03-07,06:00,36,276.5711436690108,True,1000.6576936688214,price_oracle,-1,36:143,True,tau_36,afabd625ae41be803a4d436e16a8e94c76ff816684e2e224507770d2ef303874,58d556e1b5dcfd665d20f63702d58be089ae9953fb5a6daec4294ba72a7719e4
2025-03-07,12:00,72,608.5532743270378,True,715.3983822928392,price_oracle,-1,72:143,True,tau_72,58d556e1b5dcfd665d20f63702d58be089ae9953fb5a6daec4294ba72a7719e4,c83cc4f21b18a42a014a965b46525f0ff842214958e11558c40a656102e8fd90
2025-03-07,18:00,108,52.996179626768935,True,20.390203917046108,price_oracle,-1,108:143,True,tau_108,c83cc4f21b18a42a014a965b46525f0ff842214958e11558c40a656102e8fd90,5be3b84b18354d165028a3edb30c4bb661b7cf53899c6ec61ee83d0e2ed81efc
2025-03-08,00:00,0,,True,34287.839471744264,price_oracle,-1,0:143,True,day_ahead,,982f0b5de08f76caf6e2dc4526488f0f56d46b26509d4890f509bdcc82a73ac3
2025-03-08,06:00,36,43.209842991760524,True,133.20842488139215,price_oracle,-1,36:143,True,tau_36,982f0b5de08f76caf6e2dc4526488f0f56d46b26509d4890f509bdcc82a73ac3,6516730ff07689f5670c6bbc0123c1aac3cb5879d3ca923bcd102b51cf9f502d
2025-03-08,12:00,72,1030.3575217437756,True,913.1246017449819,price_oracle,-1,72:143,True,tau_72,6516730ff07689f5670c6bbc0123c1aac3cb5879d3ca923bcd102b51cf9f502d,9cfb08c79a58d55d431c7a24d5251f16bd8082a3e58787d5f018532c491465ea
2025-03-08,18:00,108,120.18839592560107,True,43.33649660221556,price_oracle,-1,108:143,True,tau_108,9cfb08c79a58d55d431c7a24d5251f16bd8082a3e58787d5f018532c491465ea,63b48e9734bdd5d149e764bd685d05f7a9988f3502d897e4c44bdfc10378d223
2025-03-09,00:00,0,,True,72303.41586947079,price_oracle,-1,0:143,True,day_ahead,,2ab7dd05495f9fe1e6e65a94b7fae83dd513556bc14cfa1e4566d13e014af9f9
2025-03-09,06:00,36,2842.0226539106516,True,8846.87631797176,price_oracle,-1,36:143,True,tau_36,2ab7dd05495f9fe1e6e65a94b7fae83dd513556bc14cfa1e4566d13e014af9f9,c4d7f0ca4377b48956844152af730ecb1b8c6f36ab5237d9bfe9c20eab158435
2025-03-09,12:00,72,8319.867662901263,True,2439.387698151717,price_oracle,-1,72:143,True,tau_72,c4d7f0ca4377b48956844152af730ecb1b8c6f36ab5237d9bfe9c20eab158435,906861a59fa55b584c7dcaf0873af4815d29be794f9455a9c14802ac570bff43
2025-03-09,18:00,108,2.2824767666024854,True,14.283333875686083,price_oracle,-1,108:143,True,tau_108,906861a59fa55b584c7dcaf0873af4815d29be794f9455a9c14802ac570bff43,3f85cfbcdc61baa17784199f3964d39233360613c1fb102a13b19b99b73da25a
2025-03-10,00:00,0,,True,68963.52927232432,price_oracle,-1,0:143,True,day_ahead,,07f3760bde239be34ac40642825186977031d5747a2bddfdacf75ea77d1c46c1
2025-03-10,06:00,36,3647.5257069419313,True,2276.002564308257,price_oracle,-1,36:143,True,tau_36,07f3760bde239be34ac40642825186977031d5747a2bddfdacf75ea77d1c46c1,9595073c981d210d05977d513fb6df5de744c92ddfaa5707a8d03a2dc35c3c36
2025-03-10,12:00,72,4550.079348787171,True,1253.9143058033649,price_oracle,-1,72:143,True,tau_72,9595073c981d210d05977d513fb6df5de744c92ddfaa5707a8d03a2dc35c3c36,2f9f396421aded949442a8be595870fab8e41ea8078ef87656333e6d7f37dabe
2025-03-10,18:00,108,0.0,False,0.0,price_oracle,-1,108:143,True,tau_108,2f9f396421aded949442a8be595870fab8e41ea8078ef87656333e6d7f37dabe,2f9f396421aded949442a8be595870fab8e41ea8078ef87656333e6d7f37dabe
2025-03-11,00:00,0,,True,63560.62544872673,price_oracle,-1,0:143,True,day_ahead,,229a1813dca76c7805e0c139d27be7b94071abd05baf163f9e4483e4b57f35be
2025-03-11,06:00,36,17903.329712860752,True,7911.970282181674,price_oracle,-1,36:143,True,tau_36,229a1813dca76c7805e0c139d27be7b94071abd05baf163f9e4483e4b57f35be,b48b2f8ee1e84f9e2f8d8a4e47421240e0ddf7b5f32e68c2f907c7406014483b
2025-03-11,12:00,72,2255.866283995638,True,1952.3022241953881,price_oracle,-1,72:143,True,tau_72,b48b2f8ee1e84f9e2f8d8a4e47421240e0ddf7b5f32e68c2f907c7406014483b,a54542ef95195fcd5c552a2299723fab696cbe01ff343ff5e6cbd8a862926064
2025-03-11,18:00,108,0.85030331100279,True,4.847487694652159,price_oracle,-1,108:143,True,tau_108,a54542ef95195fcd5c552a2299723fab696cbe01ff343ff5e6cbd8a862926064,97dad87f9d347361252680a619287284c985f293811008f964a036db01789223
2025-03-12,00:00,0,,True,70726.88858883659,price_oracle,-1,0:143,True,day_ahead,,09a2dd17a8e8286561261d8106a0dbfa62ea7be3ea22bdae0269a94220b46784
2025-03-12,06:00,36,2803.090163204004,True,8268.635492150099,price_oracle,-1,36:143,True,tau_36,09a2dd17a8e8286561261d8106a0dbfa62ea7be3ea22bdae0269a94220b46784,e6782ea46899d45b831d08c906a3ac4dc5ca082ff90c5e2ffb76a75fcbdaf17f
2025-03-12,12:00,72,8982.508342314162,True,2678.8923194322747,price_oracle,-1,72:143,True,tau_72,e6782ea46899d45b831d08c906a3ac4dc5ca082ff90c5e2ffb76a75fcbdaf17f,23e90f20d8af592d5143977076d8a3ac7b9754bb9a1243589d75c867ee073f49
2025-03-12,18:00,108,138.0028537250255,True,30.88625000014332,price_oracle,-1,108:143,True,tau_108,23e90f20d8af592d5143977076d8a3ac7b9754bb9a1243589d75c867ee073f49,c1fcec34bc9401d812f442b4ed5a335de04dc63f81efa74f54ca086f20b9bf3b
2025-03-13,00:00,0,,True,69180.99530631234,price_oracle,-1,0:143,True,day_ahead,,16ee0c54a9899d3d8fc7c4bf67dfaae453f97da688bfb7626f98d78b1528cab0
2025-03-13,06:00,36,1168.459809332875,True,700.8076777641394,price_oracle,-1,36:143,True,tau_36,16ee0c54a9899d3d8fc7c4bf67dfaae453f97da688bfb7626f98d78b1528cab0,4982510e7fe79f924e02b9a3a72377e9f617f3bbc1e25ebe383c65049ec1b5ef
2025-03-13,12:00,72,745.8306748730611,True,689.8733853437129,price_oracle,-1,72:143,True,tau_72,4982510e7fe79f924e02b9a3a72377e9f617f3bbc1e25ebe383c65049ec1b5ef,ba642589ca5956a3234d84c029cffd02692ffb6d8e7f7d83babc90b02cb842c6
2025-03-13,18:00,108,3.930240200133994e-05,False,0.0,price_oracle,-1,108:143,True,tau_108,ba642589ca5956a3234d84c029cffd02692ffb6d8e7f7d83babc90b02cb842c6,ba642589ca5956a3234d84c029cffd02692ffb6d8e7f7d83babc90b02cb842c6
2025-03-14,00:00,0,,True,34516.16241864154,price_oracle,-1,0:143,True,day_ahead,,ce0996ba058f14ed95d59fbbb91bb3c2bafc20348a25d496640577162b3625c3
2025-03-14,06:00,36,1048.7186642556953,True,452.2342506124286,price_oracle,-1,36:143,True,tau_36,ce0996ba058f14ed95d59fbbb91bb3c2bafc20348a25d496640577162b3625c3,30b6cc81cb28c30b993a6f140b2cee361a1fd463524ceae4b0b3d408ca8dae1e
2025-03-14,12:00,72,192.58998416831673,True,341.8797213351497,price_oracle,-1,72:143,True,tau_72,30b6cc81cb28c30b993a6f140b2cee361a1fd463524ceae4b0b3d408ca8dae1e,090de9aab468a29125f9daf6e72f9560f9493d00ea701ae19320b9e635d41fb0
2025-03-14,18:00,108,55.04945544391012,True,19.784170834284737,price_oracle,-1,108:143,True,tau_108,090de9aab468a29125f9daf6e72f9560f9493d00ea701ae19320b9e635d41fb0,9a10316a27a1887a8085412b3900f3d808f306dd29bdfc9798e28920b547d6ea
2025-03-15,00:00,0,,True,34926.94176832617,price_oracle,-1,0:143,True,day_ahead,,05e30a9b6f6bdcc31bc082cbf5cc17d1ff1a023b5f3e96249ea19e623dbd6f0b
2025-03-15,06:00,36,1285.037324107645,True,578.97746991576,price_oracle,-1,36:143,True,tau_36,05e30a9b6f6bdcc31bc082cbf5cc17d1ff1a023b5f3e96249ea19e623dbd6f0b,35c5039473e2926c0a719e764ce93bf334412ef746655d84580c11f783dcf898
2025-03-15,12:00,72,226.99782391219196,True,208.0921777778574,price_oracle,-1,72:143,True,tau_72,35c5039473e2926c0a719e764ce93bf334412ef746655d84580c11f783dcf898,0f95e9cbb2d5238897cbe1cc514f0fe64da7be202778d91b6961dc8d9c2635e9
2025-03-15,18:00,108,10.465279989148257,True,3.768691666745724,price_oracle,-1,108:143,True,tau_108,0f95e9cbb2d5238897cbe1cc514f0fe64da7be202778d91b6961dc8d9c2635e9,3e85f5a8d90f2272ae3865782c4fe1ae906d5aca1c2a0007ed36c33714a28090
2025-03-16,00:00,0,,True,65255.41197854918,price_oracle,-1,0:143,True,day_ahead,,4fead58edab32964e097a54656d8cd67c8ee996a5e5b8d461176134ccecd1f63
2025-03-16,06:00,36,3875.9352602284634,True,2159.5608966065356,price_oracle,-1,36:143,True,tau_36,4fead58edab32964e097a54656d8cd67c8ee996a5e5b8d461176134ccecd1f63,e2724817b1ee1c7c5b34cdbd80c8f07d495ed6b493239f02e3cbf5083e243149
2025-03-16,12:00,72,1020.129097878962,True,1823.5820625066556,price_oracle,-1,72:143,True,tau_72,e2724817b1ee1c7c5b34cdbd80c8f07d495ed6b493239f02e3cbf5083e243149,933cb7b0c0b4f8ab99a2a6ae5b330afa5da116cb918a78ea37be3f1ff6f970a4
2025-03-16,18:00,108,95.88131184998201,True,21.684999999999548,price_oracle,-1,108:143,True,tau_108,933cb7b0c0b4f8ab99a2a6ae5b330afa5da116cb918a78ea37be3f1ff6f970a4,35af6d626ac2dd14f71ec3fd14daadd6d27cf742dc0e1f4e9d66ba4055e1e5d2
2025-03-17,00:00,0,,True,65039.162807143635,price_oracle,-1,0:143,True,day_ahead,,c8b1edcb9f51316b99e7071188e38849a09703bb56320bc2782f1b4e1d4c0f47
2025-03-17,06:00,36,1537.172660034339,True,6190.589692597494,price_oracle,-1,36:143,True,tau_36,c8b1edcb9f51316b99e7071188e38849a09703bb56320bc2782f1b4e1d4c0f47,0ea400e3aed2048cd7c8e6b00d31bd0e7c88e2d31b943810d9e2930655e5f9f2
2025-03-17,12:00,72,7640.595872070466,True,2856.8266698752873,price_oracle,-1,72:143,True,tau_72,0ea400e3aed2048cd7c8e6b00d31bd0e7c88e2d31b943810d9e2930655e5f9f2,78ef0c36844f5d09720fad7e11b7fe2143a9b372e4ab27eb4783f2940b819059
2025-03-17,18:00,108,6.750520875008078,True,1.5412504678298546,price_oracle,-1,108:143,True,tau_108,78ef0c36844f5d09720fad7e11b7fe2143a9b372e4ab27eb4783f2940b819059,c5b652eb656bf4c0c81b75cc27385d0b6ef9ee4fc459aa1d4ba3c39e450f5085
2025-03-18,00:00,0,,True,70240.0915416404,price_oracle,-1,0:143,True,day_ahead,,917cc231c7bcdebf38b81b4fdce89f9fc3004d522ffefdcab42db3800a335bea
2025-03-18,06:00,36,2679.48441586626,True,5568.916130968158,price_oracle,-1,36:143,True,tau_36,917cc231c7bcdebf38b81b4fdce89f9fc3004d522ffefdcab42db3800a335bea,8219532bd51d6706a8bf7162a345362949d7ee9ab9afe60506d64a7339c595fa
2025-03-18,12:00,72,956.838775404125,True,2061.83766319614,price_oracle,-1,72:143,True,tau_72,8219532bd51d6706a8bf7162a345362949d7ee9ab9afe60506d64a7339c595fa,f0798e33d9713fb9ddbb721c8a906b5965175f785cd04a7c899f9bf6cae406a4
2025-03-18,18:00,108,2.8713789055254892,True,16.76499989625941,price_oracle,-1,108:143,True,tau_108,f0798e33d9713fb9ddbb721c8a906b5965175f785cd04a7c899f9bf6cae406a4,656730cea19b5109f7477330b2a84c8729bb60f3241f4506b3e71d807f83726d
2025-03-19,00:00,0,,True,62464.23388330282,price_oracle,-1,0:143,True,day_ahead,,4283db55d0e2d4b0a72284c0d39cc4cdbb99d67dc1d5a82213a904e0fc711143
2025-03-19,06:00,36,11363.423860505616,True,5356.195422155761,price_oracle,-1,36:143,True,tau_36,4283db55d0e2d4b0a72284c0d39cc4cdbb99d67dc1d5a82213a904e0fc711143,646b7b688a6806776939beeaa235dcdfa11a2c0fd10898740f2f1b1b7ee08d8a
2025-03-19,12:00,72,1015.5681835730356,True,1181.0212481479957,price_oracle,-1,72:143,True,tau_72,646b7b688a6806776939beeaa235dcdfa11a2c0fd10898740f2f1b1b7ee08d8a,768edd9cd0e88265c412b88ba8cac64f6f89c101cb8b2ac270657848abe9e55d
2025-03-19,18:00,108,55.161039202874235,True,12.722229176329847,price_oracle,-1,108:143,True,tau_108,768edd9cd0e88265c412b88ba8cac64f6f89c101cb8b2ac270657848abe9e55d,6aec558beac41bba1bc50d14ef8f517e5e199e143148458a7b731e4075bfe290
2025-03-20,00:00,0,,True,61854.81798589579,price_oracle,-1,0:143,True,day_ahead,,1de9d4fd8a11be1c3bbee2ff7034c09647151790f06f1143d713f7bfacd209dc
2025-03-20,06:00,36,3680.4892157045106,True,7699.033792639583,price_oracle,-1,36:143,True,tau_36,1de9d4fd8a11be1c3bbee2ff7034c09647151790f06f1143d713f7bfacd209dc,5053c17ffa5a640dc4a932e3f2bbe07151c662775b7d8287ee4c4a419ba00c2d
2025-03-20,12:00,72,8734.114105775392,True,2923.275938495549,price_oracle,-1,72:143,True,tau_72,5053c17ffa5a640dc4a932e3f2bbe07151c662775b7d8287ee4c4a419ba00c2d,11d68aea93d2638ef41dee7d2e1b2441e7212420ca038b199ecdbe7046fc0b1f
2025-03-20,18:00,108,1.0052463039755821e-07,False,0.0,price_oracle,-1,108:143,True,tau_108,11d68aea93d2638ef41dee7d2e1b2441e7212420ca038b199ecdbe7046fc0b1f,11d68aea93d2638ef41dee7d2e1b2441e7212420ca038b199ecdbe7046fc0b1f
2025-03-21,00:00,0,,True,34762.51549946166,price_oracle,-1,0:143,True,day_ahead,,a31d211a3554b85f83ae5079a3371736f25ca872d2c77e4dc323882dcdeb0243
2025-03-21,06:00,36,359.6253341504853,True,644.2707152424915,price_oracle,-1,36:143,True,tau_36,a31d211a3554b85f83ae5079a3371736f25ca872d2c77e4dc323882dcdeb0243,e590f1d23173eaa27853f780788cf2d2f0fd7f0c36996173c2a40555447e0158
2025-03-21,12:00,72,1167.4635988822556,True,393.4740936360348,price_oracle,-1,72:143,True,tau_72,e590f1d23173eaa27853f780788cf2d2f0fd7f0c36996173c2a40555447e0158,4192f2cc1dabe283cede3526ebfad0ebdb5a2c382efeeffc3a8cfa170428db80
2025-03-21,18:00,108,1.8986638584319735,True,14.083015862731997,price_oracle,-1,108:143,True,tau_108,4192f2cc1dabe283cede3526ebfad0ebdb5a2c382efeeffc3a8cfa170428db80,169fc2229fa2fd8bf50a84d7ce2d906365b77ee9ddfc774e80701ef260668c19
2025-03-22,00:00,0,,True,33597.96356344917,price_oracle,-1,0:143,True,day_ahead,,4b0a0f2c9dddec91a262656b27eed393b48020f12e03f776a7297b9035378bce
2025-03-22,06:00,36,107.47649076741072,True,331.80808237020983,price_oracle,-1,36:143,True,tau_36,4b0a0f2c9dddec91a262656b27eed393b48020f12e03f776a7297b9035378bce,c02d6090ac764c55ece796b0b0311fb71f52595225d3b5e2d412e49f6f6422ef
2025-03-22,12:00,72,36.62580089660332,True,51.1118861111394,price_oracle,-1,72:143,True,tau_72,c02d6090ac764c55ece796b0b0311fb71f52595225d3b5e2d412e49f6f6422ef,3a859018a482a75c61cf418e9a50d9b67ba48127c42d0093387ea62114d1b0bc
2025-03-22,18:00,108,9.244077663694043,True,23.296566440812683,price_oracle,-1,108:143,True,tau_108,3a859018a482a75c61cf418e9a50d9b67ba48127c42d0093387ea62114d1b0bc,e521ec06df2ced7d90f7fd5017b7074be80cb2bed133f8f12086bfdc81ae34fb
2025-03-23,00:00,0,,True,64412.45187407008,price_oracle,-1,0:143,True,day_ahead,,e253e71ceb9c18fdd9844ab170daf52612e829ec07585716ca6af4c2b47d0edf
2025-03-23,06:00,36,1352.3434898659616,True,3791.5675425164945,price_oracle,-1,36:143,True,tau_36,e253e71ceb9c18fdd9844ab170daf52612e829ec07585716ca6af4c2b47d0edf,b079ab06502fdf1f07b19ffdf2635ac78ca330205559ad87fd80e4d343b84b05
2025-03-23,12:00,72,267.65533876093104,True,834.2600380431002,price_oracle,-1,72:143,True,tau_72,b079ab06502fdf1f07b19ffdf2635ac78ca330205559ad87fd80e4d343b84b05,ed81592f3c74c8d8f983cf8b62cd9c4fb1d9cd5e82dbd0d9af494679a451ed2e
2025-03-23,18:00,108,66.76016686666117,True,14.972062391049121,price_oracle,-1,108:143,True,tau_108,ed81592f3c74c8d8f983cf8b62cd9c4fb1d9cd5e82dbd0d9af494679a451ed2e,ae89cc5289a815caec2dcc6ad399fe90dccddddbbf6706cc13a8ffb6361e05aa
2025-03-24,00:00,0,,True,62739.03127785187,price_oracle,-1,0:143,True,day_ahead,,a6f5dc8208de427e5ec8c2e29795c705ab5da0c62e7cecad5cc034794452e778
2025-03-24,06:00,36,2587.1596585192165,True,3615.0339607315072,price_oracle,-1,36:143,True,tau_36,a6f5dc8208de427e5ec8c2e29795c705ab5da0c62e7cecad5cc034794452e778,42d32dde4e06de41e33f31470609bbffdded7a40aa375cd9096bb4d69f7a15e8
2025-03-24,12:00,72,812.1108910889598,True,631.9305313091794,price_oracle,-1,72:143,True,tau_72,42d32dde4e06de41e33f31470609bbffdded7a40aa375cd9096bb4d69f7a15e8,941b794c72adb2bec9b72aa53b05736a62ccc1ff494ba5c0375ecb896a8ee4d5
2025-03-24,18:00,108,78.60728978850966,True,18.064775000146597,price_oracle,-1,108:143,True,tau_108,941b794c72adb2bec9b72aa53b05736a62ccc1ff494ba5c0375ecb896a8ee4d5,a0b8b05b5399cacbb27eb81cf2ffe8bafaaa8f67ec6999a605faf8643c5439c9
2025-03-25,00:00,0,,True,70604.47708640073,price_oracle,-1,0:143,True,day_ahead,,027cb24249087f8f10522addc04fa5730ce840b39f3f4a70eef68bb7b03732d6
2025-03-25,06:00,36,3534.256665441979,True,11157.47524040467,price_oracle,-1,36:143,True,tau_36,027cb24249087f8f10522addc04fa5730ce840b39f3f4a70eef68bb7b03732d6,490d9aa9249fcc9757a26962a5437552a912a77ea1917d1ffdbe02eedacb2f0a
2025-03-25,12:00,72,7187.873181122428,True,2297.77331018988,price_oracle,-1,72:143,True,tau_72,490d9aa9249fcc9757a26962a5437552a912a77ea1917d1ffdbe02eedacb2f0a,274c652680bd09e74099d2c81b488c6ce529eb53f827ad24782e84821df9da83
2025-03-25,18:00,108,1.9950597901261062,True,1.2639166667376571,price_oracle,-1,108:143,True,tau_108,274c652680bd09e74099d2c81b488c6ce529eb53f827ad24782e84821df9da83,77af6bb97d95640f531373264c29b640f9643db42d936bde41c3cac7d395699b
2025-03-26,00:00,0,,True,65186.19906066079,price_oracle,-1,0:143,True,day_ahead,,42dc43a6fdb4b8819c849bc58b501838d34c06341a1dadb5b1dd5d24a059974a
2025-03-26,06:00,36,2843.1098972433683,True,2495.523873912274,price_oracle,-1,36:143,True,tau_36,42dc43a6fdb4b8819c849bc58b501838d34c06341a1dadb5b1dd5d24a059974a,d7fc5d2ea81757bf9ae2134311afc4ea33cc30d11f9c9ec70f430d07387fadf0
2025-03-26,12:00,72,365.37583221415116,True,1190.7947254952303,price_oracle,-1,72:143,True,tau_72,d7fc5d2ea81757bf9ae2134311afc4ea33cc30d11f9c9ec70f430d07387fadf0,39f233bb84fbbf7702551b872dbd7e723f1702b72bad892ba5d8013578dd3aa7
2025-03-26,18:00,108,109.01916236273246,True,24.53574545552334,price_oracle,-1,108:143,True,tau_108,39f233bb84fbbf7702551b872dbd7e723f1702b72bad892ba5d8013578dd3aa7,8dc6ce9103c74418c6e9ec86eadece22c06e0f6ded7ce3d4180a16a67e0a7fee
2025-03-27,00:00,0,,True,60072.722986021545,price_oracle,-1,0:143,True,day_ahead,,f3ab751fc96f5d49140998086b0a0a2cd0e0adef31530d88c147332d1bcad73a
2025-03-27,06:00,36,3388.526121703311,True,4259.779897133382,price_oracle,-1,36:143,True,tau_36,f3ab751fc96f5d49140998086b0a0a2cd0e0adef31530d88c147332d1bcad73a,16de65350b40a57b1a9b21f54d151eca5085b8001e2cecb027723f0e4350f196
2025-03-27,12:00,72,1433.4084278747614,True,2284.053394950005,price_oracle,-1,72:143,True,tau_72,16de65350b40a57b1a9b21f54d151eca5085b8001e2cecb027723f0e4350f196,13f96747934e295e3356b70e752d5ae0b2e58a6924bf69f5bc7d1c1900be65ee
2025-03-27,18:00,108,6.658539177187777,True,25.065559040874575,price_oracle,-1,108:143,True,tau_108,13f96747934e295e3356b70e752d5ae0b2e58a6924bf69f5bc7d1c1900be65ee,5c8f9a74e5989aa356e27c86748ccacaccfff3500cc91cc5258267b0944bcecf
2025-03-28,00:00,0,,True,34289.51167142706,price_oracle,-1,0:143,True,day_ahead,,106a9c80c45125c0bfe70060f12e21e06633f5643c8b476927bfe143ed04d30b
2025-03-28,06:00,36,47.75313044467475,True,150.7525955896389,price_oracle,-1,36:143,True,tau_36,106a9c80c45125c0bfe70060f12e21e06633f5643c8b476927bfe143ed04d30b,37ec997594d5a5463df804de23ce684b7fa88c1d00b48c72fd3f0e23d3bf3d09
2025-03-28,12:00,72,220.21956727583893,True,75.8499700854147,price_oracle,-1,72:143,True,tau_72,37ec997594d5a5463df804de23ce684b7fa88c1d00b48c72fd3f0e23d3bf3d09,46c61e528783f14cc1a6e8e2039e534fb7fd9c17c9050991372c971019f75f24
2025-03-28,18:00,108,2.5530148950037983,True,0.6848599658538319,price_oracle,-1,108:143,True,tau_108,46c61e528783f14cc1a6e8e2039e534fb7fd9c17c9050991372c971019f75f24,537843a9614bd6f95dbed3d42bf662c29cc76ffad201342ba81105b72d372c4d
2025-03-29,00:00,0,,True,31701.282142959884,price_oracle,-1,0:143,True,day_ahead,,b714f3fc826af8f8c46af9f656435057abbe7b1eca53e102c0ddf26b86fbef97
2025-03-29,06:00,36,1067.8865939281895,True,463.33063098010257,price_oracle,-1,36:143,True,tau_36,b714f3fc826af8f8c46af9f656435057abbe7b1eca53e102c0ddf26b86fbef97,15bddcf0d3b31ef99ae21c16463499bcdea65c2fcaa4f306a0bc018ae6ba0a5c
2025-03-29,12:00,72,36.22990649553685,True,123.34130833346379,price_oracle,-1,72:143,True,tau_72,15bddcf0d3b31ef99ae21c16463499bcdea65c2fcaa4f306a0bc018ae6ba0a5c,359d685aa5ac249d007a16cf227c8d12ab5f17ee990f3cbeb4e35e7995076c96
2025-03-29,18:00,108,7.016066660566139,True,9.927927777861782,price_oracle,-1,108:143,True,tau_108,359d685aa5ac249d007a16cf227c8d12ab5f17ee990f3cbeb4e35e7995076c96,2e127d7cf5715ad30786bb18f8e2771abbca3375355730947515fa98558eebb2
2025-03-30,00:00,0,,True,60676.86528453061,price_oracle,-1,0:143,True,day_ahead,,e52d3e93bf81579ad8c9ad22b619c043f768b8c2816955b0beb776a4b8c873c7
2025-03-30,06:00,36,1858.4611478019287,True,7446.203677870702,price_oracle,-1,36:143,True,tau_36,e52d3e93bf81579ad8c9ad22b619c043f768b8c2816955b0beb776a4b8c873c7,b3b3957cfa87266e86e7e4c820b4dc3d74bdd7f306cf9a02aa0cf7591e637264
2025-03-30,12:00,72,506.26997641623893,True,1232.8782194898586,price_oracle,-1,72:143,True,tau_72,b3b3957cfa87266e86e7e4c820b4dc3d74bdd7f306cf9a02aa0cf7591e637264,02a7aa05dff44c8e3311afaeaacc1ad7934584d680072fce58874c4ec8bbef98
2025-03-30,18:00,108,32.43677171328454,True,6.323500300424598,price_oracle,-1,108:143,True,tau_108,02a7aa05dff44c8e3311afaeaacc1ad7934584d680072fce58874c4ec8bbef98,0120f90223c2a7d50a60809ab4ba3da7a8e689dd3bf00d595a45743470ab4681
2025-03-31,00:00,0,,True,52506.81447519269,price_oracle,-1,0:143,True,day_ahead,,83cacc98130c9850cdbbe6bf4e6e63f9907e7638916f8dc3fa01005a9293a758
2025-03-31,06:00,36,16340.947542801863,True,7976.0122034985325,price_oracle,-1,36:143,True,tau_36,83cacc98130c9850cdbbe6bf4e6e63f9907e7638916f8dc3fa01005a9293a758,0c9a3c739cb1c23ccd28b1fdd81ffa8292e29bbba9e41b0394cd53f409a48c46
2025-03-31,12:00,72,3748.4682343855384,True,3470.4810103129716,price_oracle,-1,72:143,True,tau_72,0c9a3c739cb1c23ccd28b1fdd81ffa8292e29bbba9e41b0394cd53f409a48c46,fc6983e04e19d11e01ff19ea4feec14585a18fbab5590c143e43f237ec997aa6
2025-03-31,18:00,108,1.3236092904990073,True,0.9281671467974775,price_oracle,-1,108:143,True,tau_108,fc6983e04e19d11e01ff19ea4feec14585a18fbab5590c143e43f237ec997aa6,407ffdbaddaec3b25d5d2f86578f46b6d4da3360d63450a2a70a015ca14f90aa
2025-04-01,00:00,0,,True,69274.63189435791,price_oracle,-1,0:143,True,day_ahead,,073f726aa45a34ea6a650fff758539df4f5b9666a405b556a02f678ddf4bcf82
2025-04-01,06:00,36,3823.4178225094292,True,4876.479945404817,price_oracle,-1,36:143,True,tau_36,073f726aa45a34ea6a650fff758539df4f5b9666a405b556a02f678ddf4bcf82,f652a7829fd4dacdc99c851eef8bbb89b37ef2f42aade18f71ed4cb5c4ee9671
2025-04-01,12:00,72,1001.8774577044387,True,1678.219672216324,price_oracle,-1,72:143,True,tau_72,f652a7829fd4dacdc99c851eef8bbb89b37ef2f42aade18f71ed4cb5c4ee9671,6e52c1655ca24df6a7716d4622ac3072e0ddfd2460a181acb1a57fc1c3a022e0
2025-04-01,18:00,108,240.72525868455705,True,55.252768260661014,price_oracle,-1,108:143,True,tau_108,6e52c1655ca24df6a7716d4622ac3072e0ddfd2460a181acb1a57fc1c3a022e0,1f1d2f7cf4504cb615230a546e0b0a7306d786a1b8671cdfed94c44f7f882f07
2025-04-02,00:00,0,,True,64987.933999379115,price_oracle,-1,0:143,True,day_ahead,,cf9d54f095c72f4d690601fad33b18eec7eeda6bc7db868f39891e77ae1f321f
2025-04-02,06:00,36,3187.46296116514,True,1384.008787302393,price_oracle,-1,36:143,True,tau_36,cf9d54f095c72f4d690601fad33b18eec7eeda6bc7db868f39891e77ae1f321f,18bd4b82585ed943cbe76fc2351f7edcc908fd5092b39ca6da2ff1b3d061736e
2025-04-02,12:00,72,1279.3626517130542,True,1429.5855129470092,price_oracle,-1,72:143,True,tau_72,18bd4b82585ed943cbe76fc2351f7edcc908fd5092b39ca6da2ff1b3d061736e,7981a35729a9b4bce62e848c67102976b84c1824fa2fdaea67f19ecc744a75c9
2025-04-02,18:00,108,26.729699800300295,True,6.153293493903561,price_oracle,-1,108:143,True,tau_108,7981a35729a9b4bce62e848c67102976b84c1824fa2fdaea67f19ecc744a75c9,639b84740b43bd24a51b7bdd507b9aa3633c0121ddcbd281122f2efbd8d2f2c0
2025-04-03,00:00,0,,True,59385.78152397606,price_oracle,-1,0:143,True,day_ahead,,32f5eac09731eb76366ab117bf4dd5e03416ce7986e3991806159d5e07470450
2025-04-03,06:00,36,1994.2656151286646,True,6092.35562476264,price_oracle,-1,36:143,True,tau_36,32f5eac09731eb76366ab117bf4dd5e03416ce7986e3991806159d5e07470450,a5cf1a23cbdcd1b5c6f1e5666f5e6933c0daf83f9834b6321ba9f5cf6c0a931a
2025-04-03,12:00,72,1896.4028053949914,True,701.9874116848162,price_oracle,-1,72:143,True,tau_72,a5cf1a23cbdcd1b5c6f1e5666f5e6933c0daf83f9834b6321ba9f5cf6c0a931a,7c3586d5d4642eee4af6a31b2add109301a26e3612e91ae0e4a937f515fcdcd6
2025-04-03,18:00,108,0.43062708333309274,True,1.4843756073694294,price_oracle,-1,108:143,True,tau_108,7c3586d5d4642eee4af6a31b2add109301a26e3612e91ae0e4a937f515fcdcd6,3ff0a507cec823d0e606fc2d41fa71933b12654d1af11f3e7d190a89cda79e1d
2025-04-04,00:00,0,,True,31192.012754763367,price_oracle,-1,0:143,True,day_ahead,,032c0b83e5022e09d11cbd71e4afac09d2fbb29b89ddc84c1a1fc9d38221a720
2025-04-04,06:00,36,99.90159180880983,True,353.5620799768661,price_oracle,-1,36:143,True,tau_36,032c0b83e5022e09d11cbd71e4afac09d2fbb29b89ddc84c1a1fc9d38221a720,28004e130d5c7198c92067e6264fa36c7c062e742df404c4587d0ad1079b2d12
2025-04-04,12:00,72,1154.4357935267417,True,399.62853893192147,price_oracle,-1,72:143,True,tau_72,28004e130d5c7198c92067e6264fa36c7c062e742df404c4587d0ad1079b2d12,74445ff166b8ccdb6e15fb221d7e6c0ae807599b59dab0ed5f08cdcccf319ead
2025-04-04,18:00,108,0.8432337804642884,True,16.590015320885982,price_oracle,-1,108:143,True,tau_108,74445ff166b8ccdb6e15fb221d7e6c0ae807599b59dab0ed5f08cdcccf319ead,9ee3d3b603eb7b96981281e7494b9a51a65eb0fc91565c055ce692a86812adfb
2025-04-05,00:00,0,,True,31373.04273245696,price_oracle,-1,0:143,True,day_ahead,,4caa8cf15ffe71443e36ce64214c8a29941f4fc69176045e5b53c0a161a18e78
2025-04-05,06:00,36,262.50619294666103,True,136.3105689966829,price_oracle,-1,36:143,True,tau_36,4caa8cf15ffe71443e36ce64214c8a29941f4fc69176045e5b53c0a161a18e78,a02c1c2b9e54b24b3f3126be4027fcc02aff56c4e7308e8234bf3439acaf2e21
2025-04-05,12:00,72,164.36030053744616,True,80.61172358583069,price_oracle,-1,72:143,True,tau_72,a02c1c2b9e54b24b3f3126be4027fcc02aff56c4e7308e8234bf3439acaf2e21,0aae852e81b512665ddecc9b9d68f0e505b4784b71e3f0269569f79d791179dc
2025-04-05,18:00,108,226.110176302107,True,78.60190767050346,price_oracle,-1,108:143,True,tau_108,0aae852e81b512665ddecc9b9d68f0e505b4784b71e3f0269569f79d791179dc,a03b2fa9437b3a5eca2f0a0f02a1fabad70ff9de717fce890b4f2d6c630d80ca
2025-04-06,00:00,0,,True,56915.725555791294,price_oracle,-1,0:143,True,day_ahead,,b7ba32074fa2055fd5d8daecb21cd17bc70aaa71c0daca459c49c58cd80b9e91
2025-04-06,06:00,36,2280.456985384051,True,5912.884305567894,price_oracle,-1,36:143,True,tau_36,b7ba32074fa2055fd5d8daecb21cd17bc70aaa71c0daca459c49c58cd80b9e91,3f592f36d20deeae4f627fcdf99044403872c24678a416fcf13dc04889b7f1f4
2025-04-06,12:00,72,5196.040936818492,True,1926.994228518814,price_oracle,-1,72:143,True,tau_72,3f592f36d20deeae4f627fcdf99044403872c24678a416fcf13dc04889b7f1f4,75b46afa757a21e2154cbcc9686dc1b9a5bdc597566be6a25929ac2f4ba96f38
2025-04-06,18:00,108,12.776416327084007,True,8.874792155557202,price_oracle,-1,108:143,True,tau_108,75b46afa757a21e2154cbcc9686dc1b9a5bdc597566be6a25929ac2f4ba96f38,1aacfd033acb565d5425e36648dafc7cdd6fcaa36876b7d2d5ab34313a8d5e2a
2025-04-07,00:00,0,,True,52126.41793428433,price_oracle,-1,0:143,True,day_ahead,,634689b00f3d4431dc52e690bf8f41f0ce385ddb304d2fbd0213604b806d8357
2025-04-07,06:00,36,7281.32454221326,True,3105.0595537527256,price_oracle,-1,36:143,True,tau_36,634689b00f3d4431dc52e690bf8f41f0ce385ddb304d2fbd0213604b806d8357,5e2b0a21af31905a3d405b66045e8dd67ba4ad0355103460d567a0c653d307a4
2025-04-07,12:00,72,1097.666397098168,True,1049.8760930497333,price_oracle,-1,72:143,True,tau_72,5e2b0a21af31905a3d405b66045e8dd67ba4ad0355103460d567a0c653d307a4,995cc61008b49b62b2a3680608ae044e84493b5fdcf46aee23ce8e26c36e886f
2025-04-07,18:00,108,16.030503575915645,True,3.653719638563416,price_oracle,-1,108:143,True,tau_108,995cc61008b49b62b2a3680608ae044e84493b5fdcf46aee23ce8e26c36e886f,1f93fe659787fe244c527b5293b024a69ccdbdd753f5fdd2a15a674a1e2683b4
2025-04-08,00:00,0,,True,65370.65976864081,price_oracle,-1,0:143,True,day_ahead,,19326e7fb25b1ded418e560327b6428ed65858397e1ac30939b175880b68c4fa
2025-04-08,06:00,36,2296.4325450860706,True,5373.679199032329,price_oracle,-1,36:143,True,tau_36,19326e7fb25b1ded418e560327b6428ed65858397e1ac30939b175880b68c4fa,075b49009ebdd2df2a3fdc8848fa839c57a771a5cd4b64b95ffec0837ed26651
2025-04-08,12:00,72,412.42665358626255,True,1112.55829568319,price_oracle,-1,72:143,True,tau_72,075b49009ebdd2df2a3fdc8848fa839c57a771a5cd4b64b95ffec0837ed26651,514314c16cf0264172615a3edd53598ccf418dd09857503a2d7fb772a5415de7
2025-04-08,18:00,108,20.93327798123937,True,4.735875000072497,price_oracle,-1,108:143,True,tau_108,514314c16cf0264172615a3edd53598ccf418dd09857503a2d7fb772a5415de7,6c0399f85d691ef341aabc631c450e139918790941f9a1125af8b154f2060601
2025-04-09,00:00,0,,True,59860.429074240215,price_oracle,-1,0:143,True,day_ahead,,f02b4af20048435552e030d5d463443d929a2e3cce64d59153b7a8f335afdb43
2025-04-09,06:00,36,3062.945049277616,True,1627.6133434276235,price_oracle,-1,36:143,True,tau_36,f02b4af20048435552e030d5d463443d929a2e3cce64d59153b7a8f335afdb43,35578ac51d08950a1642dcc65918c3cd12ade986a7149afdd0da3ac7a95e242d
2025-04-09,12:00,72,425.73814971451066,True,507.55602475725397,price_oracle,-1,72:143,True,tau_72,35578ac51d08950a1642dcc65918c3cd12ade986a7149afdd0da3ac7a95e242d,2e0f9ffbfa9c5f40380d195cf5fcd076ba9e4ff92c8c3fda92617207a092e308
2025-04-09,18:00,108,13.423011717117333,True,31.061274811187857,price_oracle,-1,108:143,True,tau_108,2e0f9ffbfa9c5f40380d195cf5fcd076ba9e4ff92c8c3fda92617207a092e308,65c63188d9715b6215021497fa2a35301de297f4242a5ab4527d71c8ace1babc
2025-04-10,00:00,0,,True,54976.4237086778,price_oracle,-1,0:143,True,day_ahead,,da4321f874e5607f8be8d51bacc11ee4875a8456169ff10c3e34f63002667d41
2025-04-10,06:00,36,2013.8496192025705,True,1453.2499963879297,price_oracle,-1,36:143,True,tau_36,da4321f874e5607f8be8d51bacc11ee4875a8456169ff10c3e34f63002667d41,a195dff36d6b5c721d66b89820b7b1605ca3cf2edea2e375e29b6b7090ec9143
2025-04-10,12:00,72,1188.9450952277039,True,2840.0974219558548,price_oracle,-1,72:143,True,tau_72,a195dff36d6b5c721d66b89820b7b1605ca3cf2edea2e375e29b6b7090ec9143,5c29a76e13d18b40d9366466b8c4667115aae4bb4d40bf470164764c3c8ccc24
2025-04-10,18:00,108,268.8659772225037,True,47.54285888278275,price_oracle,-1,108:143,True,tau_108,5c29a76e13d18b40d9366466b8c4667115aae4bb4d40bf470164764c3c8ccc24,269232de1622bddb017e8fcb294b96ad37f5902d958549d293bcf4756157d440
2025-04-11,00:00,0,,True,29408.265492780087,price_oracle,-1,0:143,True,day_ahead,,f035f22ad072e3e4a98f9d98a4526669827ac773cfaa68370f8d32f3192e29b9
2025-04-11,06:00,36,1497.8523884116112,True,707.373613402425,price_oracle,-1,36:143,True,tau_36,f035f22ad072e3e4a98f9d98a4526669827ac773cfaa68370f8d32f3192e29b9,b0fc073e4ccfc7085102483a9cd7af03e265530a6127e9739ee57fd28046503a
2025-04-11,12:00,72,309.3784777539804,True,366.2443700618218,price_oracle,-1,72:143,True,tau_72,b0fc073e4ccfc7085102483a9cd7af03e265530a6127e9739ee57fd28046503a,db457f72238a488cf8274fd6f5027f34e167d0f098d313b4057390ea0b977d4d
2025-04-11,18:00,108,162.02070942152932,True,67.27456944442775,price_oracle,-1,108:143,True,tau_108,db457f72238a488cf8274fd6f5027f34e167d0f098d313b4057390ea0b977d4d,4497c6946c9cf681a7a5d0f885b98fe1aeb69a0949b45a4f25b2d16ea942d597
2025-04-12,00:00,0,,True,30824.32262236027,price_oracle,-1,0:143,True,day_ahead,,09382af730c80750baada3099aa86eb61ed9d22926031aa0ddd7855e98a68d1a
2025-04-12,06:00,36,199.21356228416698,True,702.3764386756977,price_oracle,-1,36:143,True,tau_36,09382af730c80750baada3099aa86eb61ed9d22926031aa0ddd7855e98a68d1a,700efc0566c6cc5274fbc6eeff68f0f6e0381a210a8137789626c24455e65a95
2025-04-12,12:00,72,286.74487730311375,True,115.37199351854471,price_oracle,-1,72:143,True,tau_72,700efc0566c6cc5274fbc6eeff68f0f6e0381a210a8137789626c24455e65a95,ad21e56f322835388520c886e8fa67666f36a4daba56c32087f3898fbce285e5
2025-04-12,18:00,108,233.40995864375145,True,89.4548087884732,price_oracle,-1,108:143,True,tau_108,ad21e56f322835388520c886e8fa67666f36a4daba56c32087f3898fbce285e5,a45693f0eff903583553e0411ab5f19e94d2349f770d67bdb63dd90f45361081
2025-04-13,00:00,0,,True,53178.117874534044,price_oracle,-1,0:143,True,day_ahead,,7c1c9839cd96b3ab4447fd0c616ea25d7863c0469c07be1e2bd2a89a0945e5ee
2025-04-13,06:00,36,410.97529062550893,True,1239.1098868514591,price_oracle,-1,36:143,True,tau_36,7c1c9839cd96b3ab4447fd0c616ea25d7863c0469c07be1e2bd2a89a0945e5ee,837365d318362da1d76202fc6d991e42d44ac37a15e8ea6c90ba4d09ebf9c852
2025-04-13,12:00,72,3869.5996991995416,True,1206.7777410638637,price_oracle,-1,72:143,True,tau_72,837365d318362da1d76202fc6d991e42d44ac37a15e8ea6c90ba4d09ebf9c852,08b2b57a270a6c5dec78d222b1493f2e405246ff8cc1fc8faa99e38e09a64efa
2025-04-13,18:00,108,4.11331934996997,True,0.9514529531031712,price_oracle,-1,108:143,True,tau_108,08b2b57a270a6c5dec78d222b1493f2e405246ff8cc1fc8faa99e38e09a64efa,e8723cb2d4e83ff6de9dfd373ae45e75df6183497b7b73acb5be86ea352d685d
2025-04-14,00:00,0,,True,59931.686520822186,price_oracle,-1,0:143,True,day_ahead,,67901f849cb716caf8da8fb7b85fea6979a8f5e720af8e2b7ccc4f7d83aa78ec
2025-04-14,06:00,36,2113.6417826029065,True,6995.307888073071,price_oracle,-1,36:143,True,tau_36,67901f849cb716caf8da8fb7b85fea6979a8f5e720af8e2b7ccc4f7d83aa78ec,40310da094c3ce975468c620d237df1169c3327ede6d538645602fafe9a4b201
2025-04-14,12:00,72,3139.8974711438204,True,1666.9846542745877,price_oracle,-1,72:143,True,tau_72,40310da094c3ce975468c620d237df1169c3327ede6d538645602fafe9a4b201,afada4f8bcf642fb875168e24049aa4474b3585382fa43e9db50954cfab9823f
2025-04-14,18:00,108,47.10279358889966,True,8.608250511059282,price_oracle,-1,108:143,True,tau_108,afada4f8bcf642fb875168e24049aa4474b3585382fa43e9db50954cfab9823f,3429fde14b00751dd2379876ef8e87b7f5ef1b4523bd94f413d9bdfc1b93d36a
2025-04-15,00:00,0,,True,54077.985638959086,price_oracle,-1,0:143,True,day_ahead,,85b195571818eaad5e88f6aec928a88e38e5e7b6c7d1f4ec79459d0425586ca8
2025-04-15,06:00,36,7608.419098547267,True,3623.152605360689,price_oracle,-1,36:143,True,tau_36,85b195571818eaad5e88f6aec928a88e38e5e7b6c7d1f4ec79459d0425586ca8,8b6a021f2fd9f8ba90c50e2104c3c3dd2e926e4edeb16036b0afccfc866a7d9f
2025-04-15,12:00,72,1739.6089982762787,True,1916.487784105035,price_oracle,-1,72:143,True,tau_72,8b6a021f2fd9f8ba90c50e2104c3c3dd2e926e4edeb16036b0afccfc866a7d9f,585a9a66d4365700d7d4ad6d4eb713d1d6a65931e4d68945b63a4394ee8fd9de
2025-04-15,18:00,108,156.04886004167201,True,35.83458380863067,price_oracle,-1,108:143,True,tau_108,585a9a66d4365700d7d4ad6d4eb713d1d6a65931e4d68945b63a4394ee8fd9de,d9bd2cf82d770359d6bd9e9c565c9e67c0801152c4f931ca5064254121a6649d
2025-04-16,00:00,0,,True,56174.77809739769,price_oracle,-1,0:143,True,day_ahead,,41cd912b2cbfd0ddc1ab53404cac3a449d659255ee07486c06998af6bb02e244
2025-04-16,06:00,36,6290.333997442824,True,2521.2516712490906,price_oracle,-1,36:143,True,tau_36,41cd912b2cbfd0ddc1ab53404cac3a449d659255ee07486c06998af6bb02e244,6bc81b628eca20fe8ffa1377be28e09c1b3bc17a93d02d4138ed59220a0d3f53
2025-04-16,12:00,72,1528.6438394845245,True,1958.3845680275201,price_oracle,-1,72:143,True,tau_72,6bc81b628eca20fe8ffa1377be28e09c1b3bc17a93d02d4138ed59220a0d3f53,4c8342b42bc9bbeb0203ad87afe9d7cfadcb23e4d5513499e497523429d9352f
2025-04-16,18:00,108,9.219764097921143,True,6.749708810437596,price_oracle,-1,108:143,True,tau_108,4c8342b42bc9bbeb0203ad87afe9d7cfadcb23e4d5513499e497523429d9352f,a2178751036f2c5ff8908b36cf230144710587cfddeaf532c017ebdf2f21af4e
2025-04-17,00:00,0,,True,47354.165132198505,price_oracle,-1,0:143,True,day_ahead,,2571e0553745838570f6b0f5af07830ef92e68fd650655e553d8c1790d3a5c12
2025-04-17,06:00,36,7227.343292896279,True,4659.820169195194,price_oracle,-1,36:143,True,tau_36,2571e0553745838570f6b0f5af07830ef92e68fd650655e553d8c1790d3a5c12,ea6597796221e8201e987529f0808952d11c5d7a97002827b6a8792bfe3f1457
2025-04-17,12:00,72,915.6536154139685,True,1574.3069885053906,price_oracle,-1,72:143,True,tau_72,ea6597796221e8201e987529f0808952d11c5d7a97002827b6a8792bfe3f1457,81f7c1264ed9193a84bca6e28018ed10a36c6fef34761248951772ee00f667b7
2025-04-17,18:00,108,58.09754503748991,True,10.256793246771736,price_oracle,-1,108:143,True,tau_108,81f7c1264ed9193a84bca6e28018ed10a36c6fef34761248951772ee00f667b7,6cee1384e30dd2fb57379dcfc37f49a3c722ee62a9a1afc364c7345607aefafe
2025-04-18,00:00,0,,True,30197.33890171487,price_oracle,-1,0:143,True,day_ahead,,8491a7e2ded0545d966233c63df34e2a94c1d369de7bff6ce1f71b4a3a95b17b
2025-04-18,06:00,36,207.13364461319543,True,234.3674644243511,price_oracle,-1,36:143,True,tau_36,8491a7e2ded0545d966233c63df34e2a94c1d369de7bff6ce1f71b4a3a95b17b,223e648ddde36ff2f4da492680bd707228cbf0d555a8dabaaefc942dd9e42ff3
2025-04-18,12:00,72,494.7404324429226,True,175.8215817361451,price_oracle,-1,72:143,True,tau_72,223e648ddde36ff2f4da492680bd707228cbf0d555a8dabaaefc942dd9e42ff3,97505686f7883f56f52d8233453a371cd8fda5e60bdaec7bb9e987b3d7cb41b3
2025-04-18,18:00,108,2.777207460014324,True,62.269221721449014,price_oracle,-1,108:143,True,tau_108,97505686f7883f56f52d8233453a371cd8fda5e60bdaec7bb9e987b3d7cb41b3,ea29f302a3b498eb089374d25b241c9160c36cb5ae81d9432f1c36d07965772c
2025-04-19,00:00,0,,True,29579.591461712986,price_oracle,-1,0:143,True,day_ahead,,6716c00e93b6fc1d14e56b87e401dfde7a045e9a36a8768d6d9b0bffc4cce59c
2025-04-19,06:00,36,44.980840408337826,True,122.810791732058,price_oracle,-1,36:143,True,tau_36,6716c00e93b6fc1d14e56b87e401dfde7a045e9a36a8768d6d9b0bffc4cce59c,88d1b268d5cc2c60db479dd59d88f44b43e7e2ff50cde832cc44510ca9b26899
2025-04-19,12:00,72,1611.6973916882853,True,683.4019156171984,price_oracle,-1,72:143,True,tau_72,88d1b268d5cc2c60db479dd59d88f44b43e7e2ff50cde832cc44510ca9b26899,2f50d012923bed678532cc908ea0a59693f48f235cefc5b1927888995c44729d
2025-04-19,18:00,108,33.915762556669506,True,29.410131016699268,price_oracle,-1,108:143,True,tau_108,2f50d012923bed678532cc908ea0a59693f48f235cefc5b1927888995c44729d,268689e6a0c6966da798989a8dbcde638aa17e8e95bf2615289576118b824dde
2025-04-20,00:00,0,,True,47122.394336301644,price_oracle,-1,0:143,True,day_ahead,,0eb73620a8829d241f20cba1ace26ff2c319fc76726869a0f5bff9bcd8a37a72
2025-04-20,06:00,36,1897.4245484507337,True,1134.1577939803196,price_oracle,-1,36:143,True,tau_36,0eb73620a8829d241f20cba1ace26ff2c319fc76726869a0f5bff9bcd8a37a72,b916c7da20c13f9d8c4def7821ed95c2c69e28abd829e36f25de53606f72cfdb
2025-04-20,12:00,72,1552.0571585261932,True,648.5915565878788,price_oracle,-1,72:143,True,tau_72,b916c7da20c13f9d8c4def7821ed95c2c69e28abd829e36f25de53606f72cfdb,5f79ba91adceede2baeb8bae106d98e700315de6a04604d7e1848b950cb78d2f
2025-04-20,18:00,108,10.908968468778767,True,4.158050001776701,price_oracle,-1,108:143,True,tau_108,5f79ba91adceede2baeb8bae106d98e700315de6a04604d7e1848b950cb78d2f,6a439e6691755314ce2a48290eb539c736f022d6a4082834ba9816cea059075b
2025-04-21,00:00,0,,True,56127.22176797972,price_oracle,-1,0:143,True,day_ahead,,6ac66f875188df3249c5494b7ed87c773a3fd4382e7511fc1b8d87b29beeb0fa
2025-04-21,06:00,36,1295.6164127463417,True,5261.430041012818,price_oracle,-1,36:143,True,tau_36,6ac66f875188df3249c5494b7ed87c773a3fd4382e7511fc1b8d87b29beeb0fa,71583ef134c39a8698154878ced3f01e5181b9000067011a4cabfdb87c522584
2025-04-21,12:00,72,2848.1257825828507,True,1120.7662297125976,price_oracle,-1,72:143,True,tau_72,71583ef134c39a8698154878ced3f01e5181b9000067011a4cabfdb87c522584,c2799fb7b61937d7c3c4b47fb4f5b3aca2997c7f61e2be7451739c485e1519c0
2025-04-21,18:00,108,96.62614645103167,True,19.12507246657708,price_oracle,-1,108:143,True,tau_108,c2799fb7b61937d7c3c4b47fb4f5b3aca2997c7f61e2be7451739c485e1519c0,cb24eeb32e1d83261cbe4ce08082cecbcd23100678acd165fa95203e39702c96
2025-04-22,00:00,0,,True,50090.84531653684,price_oracle,-1,0:143,True,day_ahead,,b7af880211624971b07e84c889cc0acdd38d5595fba03cf5d45a0d6fae739aad
2025-04-22,06:00,36,8033.853851751301,True,3758.5381277772804,price_oracle,-1,36:143,True,tau_36,b7af880211624971b07e84c889cc0acdd38d5595fba03cf5d45a0d6fae739aad,13b6c2f99c92be509375df07df487f94a5d1b18d18681a917ca74dde1bd5f75e
2025-04-22,12:00,72,1461.356211639155,True,1741.6112126531893,price_oracle,-1,72:143,True,tau_72,13b6c2f99c92be509375df07df487f94a5d1b18d18681a917ca74dde1bd5f75e,6ae8c31480feca376cda92ef82ae05e543d5eb1a4a308a3377050df237acae8d
2025-04-22,18:00,108,9.129163091587543,True,5.857542147090726,price_oracle,-1,108:143,True,tau_108,6ae8c31480feca376cda92ef82ae05e543d5eb1a4a308a3377050df237acae8d,5eae640b610128bb4c138ba34b320ca1df05addac7fbc1a6367774e0c23b6fde
2025-04-23,00:00,0,,True,54006.44168477455,price_oracle,-1,0:143,True,day_ahead,,614950c7420bf47216e5d9017ff009b539e7f9c6d4257070fc3b000ee8b39ae8
2025-04-23,06:00,36,6681.076066632464,True,3503.732647953546,price_oracle,-1,36:143,True,tau_36,614950c7420bf47216e5d9017ff009b539e7f9c6d4257070fc3b000ee8b39ae8,26b1bf53ca923b58135cd53f553e17d4950a3fe2b938882d312a064ef8830645
2025-04-23,12:00,72,1683.3949622598448,True,1129.8642588017524,price_oracle,-1,72:143,True,tau_72,26b1bf53ca923b58135cd53f553e17d4950a3fe2b938882d312a064ef8830645,4e38963bfee228039cff1acbed604ec18d654aaeb0ce2fa40275eabd06081430
2025-04-23,18:00,108,0.5835608569977921,True,0.3738333371737781,price_oracle,-1,108:143,True,tau_108,4e38963bfee228039cff1acbed604ec18d654aaeb0ce2fa40275eabd06081430,bcdee172541837ac7c6f8b27f9f041abf9f059afd45a845822a9213e2801f614
2025-04-24,00:00,0,,True,45908.33916777179,price_oracle,-1,0:143,True,day_ahead,,16a5e0430f537090fecd0ad6fea6902f3b483238db3c283f7a11067669daebec
2025-04-24,06:00,36,802.7169936702921,True,269.1223172615837,price_oracle,-1,36:143,True,tau_36,16a5e0430f537090fecd0ad6fea6902f3b483238db3c283f7a11067669daebec,8c6585ddcf1b5fee5c71abddfb3b7a6fa0816d45e82a779b6324e658eda03ed4
2025-04-24,12:00,72,5410.398666420275,True,2869.418795833364,price_oracle,-1,72:143,True,tau_72,8c6585ddcf1b5fee5c71abddfb3b7a6fa0816d45e82a779b6324e658eda03ed4,67359fb6cca7fcc2207eaeb72d695165b369bc6a057bf2c06cc500be5c8bd394
2025-04-24,18:00,108,61.33551606133915,True,40.350758334716716,price_oracle,-1,108:143,True,tau_108,67359fb6cca7fcc2207eaeb72d695165b369bc6a057bf2c06cc500be5c8bd394,26bfdf4991ac4affae80b5a9fce410a8dbd980f3c685dd099dc83711a3aed0f6
2025-04-25,00:00,0,,True,28859.390521711113,price_oracle,-1,0:143,True,day_ahead,,e3cf00b6def798559baa782a8f5e08dd3ca0d249b74897c45addd69bc1ecc98d
2025-04-25,06:00,36,239.34384996027438,True,186.81533114401662,price_oracle,-1,36:143,True,tau_36,e3cf00b6def798559baa782a8f5e08dd3ca0d249b74897c45addd69bc1ecc98d,ac42f656086afb81277203a1b6c582493d97f9df6251993f80f0de1e3ab14fdf
2025-04-25,12:00,72,131.59746252791228,True,465.55216314847155,price_oracle,-1,72:143,True,tau_72,ac42f656086afb81277203a1b6c582493d97f9df6251993f80f0de1e3ab14fdf,4c7b402ed7fa118f6ee89b2c4c1dce52e8031ef515dccf6651c9be9b8696edc9
2025-04-25,18:00,108,61.45857056562272,True,18.28063605107036,price_oracle,-1,108:143,True,tau_108,4c7b402ed7fa118f6ee89b2c4c1dce52e8031ef515dccf6651c9be9b8696edc9,df00ba4e5ed52456b4eed7615fbea6ad2d6c5aa824091b91b905382703441507
2025-04-26,00:00,0,,True,28472.511250568983,price_oracle,-1,0:143,True,day_ahead,,06cfb0351988aa7df911771ca87f4ba01d95c396615377d36088fac27c324c05
2025-04-26,06:00,36,246.00247057381785,True,194.7474948915349,price_oracle,-1,36:143,True,tau_36,06cfb0351988aa7df911771ca87f4ba01d95c396615377d36088fac27c324c05,ef0aa4ac994088d7674f95f4a80fe5088a24bbd71c2816334d8b69c88b640721
2025-04-26,12:00,72,550.3031371952675,True,234.6202722222357,price_oracle,-1,72:143,True,tau_72,ef0aa4ac994088d7674f95f4a80fe5088a24bbd71c2816334d8b69c88b640721,117ca92f3659db3c4fc8ac6001fce5597e6a9fc8c75a1e024f1262275240ff8d
2025-04-26,18:00,108,1.00000761449337e-07,False,0.0,price_oracle,-1,108:143,True,tau_108,117ca92f3659db3c4fc8ac6001fce5597e6a9fc8c75a1e024f1262275240ff8d,117ca92f3659db3c4fc8ac6001fce5597e6a9fc8c75a1e024f1262275240ff8d
2025-04-27,00:00,0,,True,46782.18888623402,price_oracle,-1,0:143,True,day_ahead,,16be9c965cfb07c22128dc4daf1e3bcd43d1d19f1c354ae430dbfc9159d72a0e
2025-04-27,06:00,36,5264.524318502692,True,2630.3173711534946,price_oracle,-1,36:143,True,tau_36,16be9c965cfb07c22128dc4daf1e3bcd43d1d19f1c354ae430dbfc9159d72a0e,14cdaad5c72596a4f53579de215e119623ccf40d718c7e7a6c68105ca55bba90
2025-04-27,12:00,72,1114.8178982083264,True,631.3053051900424,price_oracle,-1,72:143,True,tau_72,14cdaad5c72596a4f53579de215e119623ccf40d718c7e7a6c68105ca55bba90,50f5f7a3febfae3002d66a2f45c46374e7a281eb1a364f33146d0da67c8b3105
2025-04-27,18:00,108,28.376305283323745,True,6.4735833333315895,price_oracle,-1,108:143,True,tau_108,50f5f7a3febfae3002d66a2f45c46374e7a281eb1a364f33146d0da67c8b3105,11a7b62cc29b2675c46bbdc567332a3dea2964a3fa95df73e4cac7a47a4920ae
2025-04-28,00:00,0,,True,58299.763416513066,price_oracle,-1,0:143,True,day_ahead,,5dbede90ba1abe763da145420517f07099d7c6db86c140507ceed0c466aafed4
2025-04-28,06:00,36,5520.155502804766,True,2633.371994247665,price_oracle,-1,36:143,True,tau_36,5dbede90ba1abe763da145420517f07099d7c6db86c140507ceed0c466aafed4,ace66fe22063a6cfeeed5b69074e1debb907e9524dc9625167fb730f11bdcf0b
2025-04-28,12:00,72,1249.1257113895845,True,2004.8240884558209,price_oracle,-1,72:143,True,tau_72,ace66fe22063a6cfeeed5b69074e1debb907e9524dc9625167fb730f11bdcf0b,4c3ec3f20839e6a06666eefafacf3be7a5ed6ae9a0e6ddc74f259757a071729d
2025-04-28,18:00,108,1.7426185146177886,True,1.261791683325555,price_oracle,-1,108:143,True,tau_108,4c3ec3f20839e6a06666eefafacf3be7a5ed6ae9a0e6ddc74f259757a071729d,a9bbcd41e633661ba4ba233b67d3f66efb211f06785c8b587aca68f5a8d3e8bc
2025-04-29,00:00,0,,True,51300.188507284634,price_oracle,-1,0:143,True,day_ahead,,0f36629b405a08316bf4fe49720a1875a7c97ace5bf4ecd7f6692457652a6857
2025-04-29,06:00,36,4160.480018371643,True,2715.916360158547,price_oracle,-1,36:143,True,tau_36,0f36629b405a08316bf4fe49720a1875a7c97ace5bf4ecd7f6692457652a6857,64372d99ec4c75a06c401268f19f9a65b4780710553458853800bf8654efc287
2025-04-29,12:00,72,2113.4641744818655,True,1022.8649291180111,price_oracle,-1,72:143,True,tau_72,64372d99ec4c75a06c401268f19f9a65b4780710553458853800bf8654efc287,e925017f9d3687dafba18aad434d0ac6c547b0c2028e2f0647eb51edeb1e0e9a
2025-04-29,18:00,108,51.94058280250465,True,12.068708795668954,price_oracle,-1,108:143,True,tau_108,e925017f9d3687dafba18aad434d0ac6c547b0c2028e2f0647eb51edeb1e0e9a,518dae3f5ed6927b3bb6dfaef51ed9f9a4287ee86ab7dbbe84d1343bd637ce93
2025-04-30,00:00,0,,True,48914.689059183205,price_oracle,-1,0:143,True,day_ahead,,0bcddd1179a06c5cf2e46e8e7793080a5acb17d01bbe525646be24837ed38bbc
2025-04-30,06:00,36,1971.9278601158003,True,922.7355626662212,price_oracle,-1,36:143,True,tau_36,0bcddd1179a06c5cf2e46e8e7793080a5acb17d01bbe525646be24837ed38bbc,526465955c477c1c49e878e58bf476a1eaa23d17731f9d43165fb508abdb51c4
2025-04-30,12:00,72,16.76438148791931,True,38.138526376866615,price_oracle,-1,72:143,True,tau_72,526465955c477c1c49e878e58bf476a1eaa23d17731f9d43165fb508abdb51c4,0470f04905e7d968400498ed8b1e61983d43786f428ccee33a96f6a547d39e8f
2025-04-30,18:00,108,161.65530858768034,True,30.674685966930156,price_oracle,-1,108:143,True,tau_108,0470f04905e7d968400498ed8b1e61983d43786f428ccee33a96f6a547d39e8f,c5158071e7c09583a2514b18f15d6f6b592074970bb4c12f1e551a0834aca919
2025-05-01,00:00,0,,True,44886.176348008885,price_oracle,-1,0:143,True,day_ahead,,e3ef0f53a9e82dfc8d6d27bce0941387af478514165b64986c1ea3416d267296
2025-05-01,06:00,36,4767.539697332519,True,1935.4479499771649,price_oracle,-1,36:143,True,tau_36,e3ef0f53a9e82dfc8d6d27bce0941387af478514165b64986c1ea3416d267296,6def5da7949a36666c4cdf08e4a81e4b876e8fc08e16feea1a420b134a27bafd
2025-05-01,12:00,72,2335.6006553737243,True,1741.2002013718852,price_oracle,-1,72:143,True,tau_72,6def5da7949a36666c4cdf08e4a81e4b876e8fc08e16feea1a420b134a27bafd,d8a2d586e016751d691ff7b3a226dcca65a86318d16aa664fb46beaac836367c
2025-05-01,18:00,108,501.7754764562451,True,111.18692612732127,price_oracle,-1,108:143,True,tau_108,d8a2d586e016751d691ff7b3a226dcca65a86318d16aa664fb46beaac836367c,679b34fbce042cf0c6a13a091b4275e18ad9ea98fc8e934f43e5a67bb3ab339c
2025-05-02,00:00,0,,True,26538.18000391165,price_oracle,-1,0:143,True,day_ahead,,05a1242a06f6a6ec434ca8cafe571de3f563130f30d479d9a93755d5f7e7ecc7
2025-05-02,06:00,36,1.189486908260733,True,16.572482445411424,price_oracle,-1,36:143,True,tau_36,05a1242a06f6a6ec434ca8cafe571de3f563130f30d479d9a93755d5f7e7ecc7,32c54198dd91db075522d2ee3b05c607d95b3949072ba6c0534e71118c0d7ef4
2025-05-02,12:00,72,36.861821614047585,True,186.38000785455407,price_oracle,-1,72:143,True,tau_72,32c54198dd91db075522d2ee3b05c607d95b3949072ba6c0534e71118c0d7ef4,51c3d6910cb13a1c2e4f49d91a43fbe0b597dc9a0fa872849ee23ae14f7b244a
2025-05-02,18:00,108,267.1487771504708,True,74.96703784609133,price_oracle,-1,108:143,True,tau_108,51c3d6910cb13a1c2e4f49d91a43fbe0b597dc9a0fa872849ee23ae14f7b244a,eb463d4a97cd81f51f5c3709f5819acfd09e96a64233046c02c9b6a138929111
2025-05-03,00:00,0,,True,34429.31765460863,price_oracle,-1,0:143,True,day_ahead,,7fdec8d13ab8ed1f6006b3b21c8f959619f2cd2039e8b37c1caeebe052233570
2025-05-03,06:00,36,57.59869944127422,True,183.10941744818695,price_oracle,-1,36:143,True,tau_36,7fdec8d13ab8ed1f6006b3b21c8f959619f2cd2039e8b37c1caeebe052233570,8694cb0c28fe57958ff40453f12bedd2fe21288f0f24c9dbc158495f031b384e
2025-05-03,12:00,72,617.953683043328,True,225.58395128511725,price_oracle,-1,72:143,True,tau_72,8694cb0c28fe57958ff40453f12bedd2fe21288f0f24c9dbc158495f031b384e,55abb67609c6fc897a4ef42c62dba83232534b7213ce319153f5f6eb165bee3c
2025-05-03,18:00,108,0.10583799998858012,True,0.037875000035683115,price_oracle,-1,108:143,True,tau_108,55abb67609c6fc897a4ef42c62dba83232534b7213ce319153f5f6eb165bee3c,abb2d6dd9e678147f7ffa7fe5593e29c0064123e0b30a263f637aefaaa78b893
2025-05-04,00:00,0,,True,45284.97512498949,price_oracle,-1,0:143,True,day_ahead,,42400618a80bb86998a77459c8112bacc80edec3c5512405ebfffc8c36a0c2bd
2025-05-04,06:00,36,605.3899947293103,True,1048.9936269777015,price_oracle,-1,36:143,True,tau_36,42400618a80bb86998a77459c8112bacc80edec3c5512405ebfffc8c36a0c2bd,a5f11e82331556dc68fc21e72965febcda9c5cc257bf740ab14990ba4024363d
2025-05-04,12:00,72,574.7976268903076,True,1162.5973486195935,price_oracle,-1,72:143,True,tau_72,a5f11e82331556dc68fc21e72965febcda9c5cc257bf740ab14990ba4024363d,1459f269efa0f60e5550f5f24b846366851a3965ca83a2a09bb8a29e4cbe68ea
2025-05-04,18:00,108,179.38657947001047,True,31.325583928125752,price_oracle,-1,108:143,True,tau_108,1459f269efa0f60e5550f5f24b846366851a3965ca83a2a09bb8a29e4cbe68ea,b022248e6bb8f892615035bb4dec2ef3ec59d56c2434351dc9b6a557bbc042a8
2025-05-05,00:00,0,,True,55889.58906522813,price_oracle,-1,0:143,True,day_ahead,,94d5ed71208d8225f9306c6678ce62bd3ab09677d1e139b31f3aea2a2804bbff
2025-05-05,06:00,36,33.48081447961158,True,631.7060132654613,price_oracle,-1,36:143,True,tau_36,94d5ed71208d8225f9306c6678ce62bd3ab09677d1e139b31f3aea2a2804bbff,2a061929fecfb6650dc5da7081b9d3ac0cb3bd6f5b500cad88aa94d72dc1d5af
2025-05-05,12:00,72,763.093546077158,True,666.2905898669424,price_oracle,-1,72:143,True,tau_72,2a061929fecfb6650dc5da7081b9d3ac0cb3bd6f5b500cad88aa94d72dc1d5af,4ac23eb1f70c6b84176544fd6ecefb09438c419241a180af4c70fe8f1eee4b2b
2025-05-05,18:00,108,188.95066874374606,True,33.209542240117344,price_oracle,-1,108:143,True,tau_108,4ac23eb1f70c6b84176544fd6ecefb09438c419241a180af4c70fe8f1eee4b2b,bdcfbe9e6bc3924187558628134269cf0f0ff883801ada2473ed02d740fd2c08
2025-05-06,00:00,0,,True,48346.888878485464,price_oracle,-1,0:143,True,day_ahead,,07bc5cde5dbbec2ff60568a72da94a90a1039b1d261485f95491c37ec8126fb2
2025-05-06,06:00,36,5475.970362770859,True,3046.2955407563486,price_oracle,-1,36:143,True,tau_36,07bc5cde5dbbec2ff60568a72da94a90a1039b1d261485f95491c37ec8126fb2,cd148f1eb0d3d6d64298d248fd0f0e13ce5d09bd2bb1b668089718d0095b9554
2025-05-06,12:00,72,2436.446685458999,True,1470.6750147225275,price_oracle,-1,72:143,True,tau_72,cd148f1eb0d3d6d64298d248fd0f0e13ce5d09bd2bb1b668089718d0095b9554,9004a1322dd0e9f991da31fae5c97242fb2d44b80e432048f8e50e42b318412c
2025-05-06,18:00,108,71.15423016591376,True,16.021850000879454,price_oracle,-1,108:143,True,tau_108,9004a1322dd0e9f991da31fae5c97242fb2d44b80e432048f8e50e42b318412c,6b4b8f689e70b74432fcc4da862ea28e38452b2f868dffa6a150166cf2e68b32
2025-05-07,00:00,0,,True,54128.614377588856,price_oracle,-1,0:143,True,day_ahead,,a1ec5cd227ee5b019323189f4f43d0b89980cd2d6f13dc65b5268dc2f7eeb71c
2025-05-07,06:00,36,6016.809228072481,True,3255.2558289980116,price_oracle,-1,36:143,True,tau_36,a1ec5cd227ee5b019323189f4f43d0b89980cd2d6f13dc65b5268dc2f7eeb71c,155751f82d3aee2892b6b79904f29e97fc468a3e59c7c38e22ae32b32ad4e7d7
2025-05-07,12:00,72,405.6623088977576,True,961.8374330175637,price_oracle,-1,72:143,True,tau_72,155751f82d3aee2892b6b79904f29e97fc468a3e59c7c38e22ae32b32ad4e7d7,fd5835f7e3ea2eb5b4bbc37543c09d4ffb946e0f73a2ea8b25f0b1c220d7a5b0
2025-05-07,18:00,108,65.64438569438789,True,13.21709763262686,price_oracle,-1,108:143,True,tau_108,fd5835f7e3ea2eb5b4bbc37543c09d4ffb946e0f73a2ea8b25f0b1c220d7a5b0,b4011489f501c368e22fa87532e0ab2ad3f7407bf3a5655d6d282f5cefe8040f
2025-05-08,00:00,0,,True,52665.57385558468,price_oracle,-1,0:143,True,day_ahead,,40e72abf60472e0c50d5574af07c86c40b9262933cd8d29312bbfb0b7eecef48
2025-05-08,06:00,36,1691.288765289144,True,2634.4177012395376,price_oracle,-1,36:143,True,tau_36,40e72abf60472e0c50d5574af07c86c40b9262933cd8d29312bbfb0b7eecef48,d89d50e390ed084d1bdacd9d1ddd70f22b1b3f2d9c7e54eda6406a0375d0058a
2025-05-08,12:00,72,2860.225202257596,True,1353.513711270335,price_oracle,-1,72:143,True,tau_72,d89d50e390ed084d1bdacd9d1ddd70f22b1b3f2d9c7e54eda6406a0375d0058a,7929cac5cd95bddd9ef64cfc9f1ed5a4707f377800e881d9e8a09014e93a8d1a
2025-05-08,18:00,108,106.41071602954617,True,23.875375000192207,price_oracle,-1,108:143,True,tau_108,7929cac5cd95bddd9ef64cfc9f1ed5a4707f377800e881d9e8a09014e93a8d1a,393c1aa238d3f511f4638be4a2006af32aafadada33af42c5540d25313360084
2025-05-09,00:00,0,,True,27148.553008490184,price_oracle,-1,0:143,True,day_ahead,,c2c47ce9cf1e7c4bfd4bebb6c4a97946289238c9f0f69c8a1473e86faa1147f3
2025-05-09,06:00,36,1371.1853609223526,True,604.0823437152783,price_oracle,-1,36:143,True,tau_36,c2c47ce9cf1e7c4bfd4bebb6c4a97946289238c9f0f69c8a1473e86faa1147f3,d1376f8a0b8acc535e1c54d029deeed1e83341d5a713980b37bf5c20d8ea0b2b
2025-05-09,12:00,72,100.60797537621147,True,68.96525864099769,price_oracle,-1,72:143,True,tau_72,d1376f8a0b8acc535e1c54d029deeed1e83341d5a713980b37bf5c20d8ea0b2b,492563cf99cf2add6539de29126cd00aa78958c0fab2605c81b55e71491af7cf
2025-05-09,18:00,108,7.457509430916616,True,8.762830999582661,price_oracle,-1,108:143,True,tau_108,492563cf99cf2add6539de29126cd00aa78958c0fab2605c81b55e71491af7cf,afd03cb5657ceda6e13952107ce71585219a1e1cfb24e939b000cb9d3630b6db
2025-05-10,00:00,0,,True,30891.408365578183,price_oracle,-1,0:143,True,day_ahead,,68fc0a4b28302932e0d507610c72e4496539d1ef37337489daf0e9f71daa74ac
2025-05-10,06:00,36,1512.1348607190375,True,709.9941064361327,price_oracle,-1,36:143,True,tau_36,68fc0a4b28302932e0d507610c72e4496539d1ef37337489daf0e9f71daa74ac,e6efe9d5f52089740be0bdb33274648c4cd8a21ebb8b3c092f0b70f078051b30
2025-05-10,12:00,72,303.84433323833946,True,358.7062111110701,price_oracle,-1,72:143,True,tau_72,e6efe9d5f52089740be0bdb33274648c4cd8a21ebb8b3c092f0b70f078051b30,43d2717653685cae13d17835080c15b19bbe9c0678a9a8bbb4e3011c00233389
2025-05-10,18:00,108,131.08081902417325,True,42.38051713887489,price_oracle,-1,108:143,True,tau_108,43d2717653685cae13d17835080c15b19bbe9c0678a9a8bbb4e3011c00233389,ccceb76766709e9facc36c3e43dec312f464414bfab02d45fea012c77fbd82bf
2025-05-11,00:00,0,,True,46565.65696691434,price_oracle,-1,0:143,True,day_ahead,,fd55ef06fd1d5e0e03ba2e392eeccfea2fbf8fb3ef94fb5199a20facefd93461
2025-05-11,06:00,36,3738.655004918226,True,1565.1453797346708,price_oracle,-1,36:143,True,tau_36,fd55ef06fd1d5e0e03ba2e392eeccfea2fbf8fb3ef94fb5199a20facefd93461,a63cdbdc884c8642edb7ab8dbb294cbcd505f3dabd6bd435de5a7214a80acc3a
2025-05-11,12:00,72,2056.807592593752,True,2088.977933316917,price_oracle,-1,72:143,True,tau_72,a63cdbdc884c8642edb7ab8dbb294cbcd505f3dabd6bd435de5a7214a80acc3a,542a8a4ec70f8219c2905741c958489d726862211a3e5b3e3144d44a614b0469
2025-05-11,18:00,108,51.92861235349119,True,30.335500006897405,price_oracle,-1,108:143,True,tau_108,542a8a4ec70f8219c2905741c958489d726862211a3e5b3e3144d44a614b0469,e59bad571e0f813626028ad725ab8b7e0ef6f90a7aab8ed2403172ad9b450620
2025-05-12,00:00,0,,True,48800.466696322444,price_oracle,-1,0:143,True,day_ahead,,6a9e886cde07a7c3b5e5b40376d9365cee09a9c03c12df6c1011a9f53ed74821
2025-05-12,06:00,36,15670.087997358663,True,7415.57472214047,price_oracle,-1,36:143,True,tau_36,6a9e886cde07a7c3b5e5b40376d9365cee09a9c03c12df6c1011a9f53ed74821,8831cbe272d161fa8a2cf2baa99f3eb87e14695aa4801e42480df5505c3afefe
2025-05-12,12:00,72,1840.294190200344,True,2030.1855953800846,price_oracle,-1,72:143,True,tau_72,8831cbe272d161fa8a2cf2baa99f3eb87e14695aa4801e42480df5505c3afefe,341a664b3bbc4382578580abff843dad4bb9dd21a231c86ae0cf1c5d2f4db74a
2025-05-12,18:00,108,57.33998223497474,True,12.807708350279768,price_oracle,-1,108:143,True,tau_108,341a664b3bbc4382578580abff843dad4bb9dd21a231c86ae0cf1c5d2f4db74a,49d46f3133bc9954e53f6b51844a397151dc55f4127c6cd3b40038e346300d6c
2025-05-13,00:00,0,,True,56194.03987943014,price_oracle,-1,0:143,True,day_ahead,,412a3036c9491073dd7666c801078531fdc1907352c9492291109f8b8088f1cb
2025-05-13,06:00,36,4290.910133847181,True,5055.296857842447,price_oracle,-1,36:143,True,tau_36,412a3036c9491073dd7666c801078531fdc1907352c9492291109f8b8088f1cb,7cece924f3335de8556961ccd3e37c5c9fd920e69e752ef4930bff66f0ae8512
2025-05-13,12:00,72,1721.3724884867333,True,1146.8731222222245,price_oracle,-1,72:143,True,tau_72,7cece924f3335de8556961ccd3e37c5c9fd920e69e752ef4930bff66f0ae8512,e126f3f0c661f0cd9e08f281b4cd399253dfaae49c2c5bef0cfbb30462ea11a0
2025-05-13,18:00,108,16.410239941360487,True,9.661333335960592,price_oracle,-1,108:143,True,tau_108,e126f3f0c661f0cd9e08f281b4cd399253dfaae49c2c5bef0cfbb30462ea11a0,c524d1b76346349a49eca9187dbeecb89608cc2673c499c9658d5345ada22c34
2025-05-14,00:00,0,,True,57358.82446367755,price_oracle,-1,0:143,True,day_ahead,,cc7aa9e0d81f57395469e5fe69dd011a44a89e0fda55f61a88a92070a33ab48d
2025-05-14,06:00,36,5910.453982184597,True,3731.4970860560716,price_oracle,-1,36:143,True,tau_36,cc7aa9e0d81f57395469e5fe69dd011a44a89e0fda55f61a88a92070a33ab48d,e6562cb9ed843d096cfa5c9dd3592fa1677905c91050f6d3c19e3c93744642d7
2025-05-14,12:00,72,1717.8224276915134,True,3977.1913449453696,price_oracle,-1,72:143,True,tau_72,e6562cb9ed843d096cfa5c9dd3592fa1677905c91050f6d3c19e3c93744642d7,073745b10a8acaa6463757c631888c53d8891046e261f2f50b1f4b92e30a8150
2025-05-14,18:00,108,1.5823062117269728,True,9.578124163000894,price_oracle,-1,108:143,True,tau_108,073745b10a8acaa6463757c631888c53d8891046e261f2f50b1f4b92e30a8150,d4e143f2d7dec44aebdbdccfea6b027a5dfc474f531f3f29e86faea80d638b1e
2025-05-15,00:00,0,,True,49047.95723928398,price_oracle,-1,0:143,True,day_ahead,,76d152addee82cbc21b0c0de0ca360fdc0283b68516deecc3f6547a3fcb65f76
2025-05-15,06:00,36,9013.347032234968,True,5131.31285723693,price_oracle,-1,36:143,True,tau_36,76d152addee82cbc21b0c0de0ca360fdc0283b68516deecc3f6547a3fcb65f76,138df7ea89ea9601850e52902fb19d932582ea2c7e7713e49c787248eaac026a
2025-05-15,12:00,72,2882.32507311476,True,4250.502877200585,price_oracle,-1,72:143,True,tau_72,138df7ea89ea9601850e52902fb19d932582ea2c7e7713e49c787248eaac026a,5c0231b18759a8cab293f4b874d1cf5ad205f2f90174021be9395e5479c7aac0
2025-05-15,18:00,108,54.35236935625289,True,9.741458863465255,price_oracle,-1,108:143,True,tau_108,5c0231b18759a8cab293f4b874d1cf5ad205f2f90174021be9395e5479c7aac0,8ff414965a370de7821966aa7ad1b04a2cb14cc1a0c78272f8d1973d0330fce6
2025-05-16,00:00,0,,True,25874.94498841569,price_oracle,-1,0:143,True,day_ahead,,3907b538cf6aeb5cd23f2faa11188b4c2d9e5da39638c16242d1a24011d49f86
2025-05-16,06:00,36,402.1160557859148,True,562.1338370561214,price_oracle,-1,36:143,True,tau_36,3907b538cf6aeb5cd23f2faa11188b4c2d9e5da39638c16242d1a24011d49f86,d0c5616e0a242c79a8d013dae740ef3d84d696b91fab01cf04467ab6d5831735
2025-05-16,12:00,72,36.43000892083546,True,139.23266666671407,price_oracle,-1,72:143,True,tau_72,d0c5616e0a242c79a8d013dae740ef3d84d696b91fab01cf04467ab6d5831735,f38b81a0347e85cf67ce8850c0a39b36d8d641709666e2a36768e1e42ee4f707
2025-05-16,18:00,108,3.261296974351353,True,49.07485682851524,price_oracle,-1,108:143,True,tau_108,f38b81a0347e85cf67ce8850c0a39b36d8d641709666e2a36768e1e42ee4f707,85e1c9ba1e974e0c00cda3456573cfc89e214882d155150fbf5e538efe6bf525
2025-05-17,00:00,0,,True,34009.92620080684,price_oracle,-1,0:143,True,day_ahead,,d9e8d5182487cef3619ae19e4a1970917f7e0ed4fd9c039926b2ad8afa9df730
2025-05-17,06:00,36,146.76642442600132,True,242.89349003492225,price_oracle,-1,36:143,True,tau_36,d9e8d5182487cef3619ae19e4a1970917f7e0ed4fd9c039926b2ad8afa9df730,320caea0706d33bdff96f9193f00b085acbd0a0079b01ee9e020e9f63cd15083
2025-05-17,12:00,72,369.30787876497925,True,125.07905833335062,price_oracle,-1,72:143,True,tau_72,320caea0706d33bdff96f9193f00b085acbd0a0079b01ee9e020e9f63cd15083,55ea79e335c1fc7d611a6408d4b4439a0d3bf0013144dee59e8355697f79e0da
2025-05-17,18:00,108,119.4641218833276,True,41.48671681516822,price_oracle,-1,108:143,True,tau_108,55ea79e335c1fc7d611a6408d4b4439a0d3bf0013144dee59e8355697f79e0da,33a553a5f983a75f3660251378c55a1aa936e688134d53058c383f946d5dc751
2025-05-18,00:00,0,,True,53459.78857946873,price_oracle,-1,0:143,True,day_ahead,,e93efc8ae45c44a5d2c2e49c20fe9ecd3bff1d8b3d982be99692a20adcc241ae
2025-05-18,06:00,36,1556.958580239385,True,2131.718141395323,price_oracle,-1,36:143,True,tau_36,e93efc8ae45c44a5d2c2e49c20fe9ecd3bff1d8b3d982be99692a20adcc241ae,098f109bed8deae271bce5517e853bbe23d163e5c25752f8e985fbafef6eb002
2025-05-18,12:00,72,427.43166366998776,True,647.3241000000226,price_oracle,-1,72:143,True,tau_72,098f109bed8deae271bce5517e853bbe23d163e5c25752f8e985fbafef6eb002,0a44b4c76a5866fcb0c0911e89774ccd80495ccc94fd9b8e7b2f5f4dc1d622b0
2025-05-18,18:00,108,33.47481553639227,True,21.03358335744349,price_oracle,-1,108:143,True,tau_108,0a44b4c76a5866fcb0c0911e89774ccd80495ccc94fd9b8e7b2f5f4dc1d622b0,b8f65b3dc78de6894a3187417ae2220a8b33e9f5ffb742a1dfa699144dff7a0e
2025-05-19,00:00,0,,True,50875.82613131512,price_oracle,-1,0:143,True,day_ahead,,a5f041a3d98c7c8014a2710f89c3e16a4f5eee60807cb83aedd39ae9aa5baa98
2025-05-19,06:00,36,2113.111564683408,True,2061.0403602685938,price_oracle,-1,36:143,True,tau_36,a5f041a3d98c7c8014a2710f89c3e16a4f5eee60807cb83aedd39ae9aa5baa98,c7a5ab9ac8e64bbb60979074581bba6a06b6b3a34ada16248f4cf5f515a78c63
2025-05-19,12:00,72,279.2724917586529,True,661.4891016324204,price_oracle,-1,72:143,True,tau_72,c7a5ab9ac8e64bbb60979074581bba6a06b6b3a34ada16248f4cf5f515a78c63,c1442743168669d2f2a50dc90e62fc5c2f8f215b7770c328b2c9eb0bb122126f
2025-05-19,18:00,108,63.14067508046719,True,14.080225035902231,price_oracle,-1,108:143,True,tau_108,c1442743168669d2f2a50dc90e62fc5c2f8f215b7770c328b2c9eb0bb122126f,417bec8722910e577e61646437638150b1ad18f2b02235dfeae7fc1d8fa5aa20
2025-05-20,00:00,0,,True,52255.23049362477,price_oracle,-1,0:143,True,day_ahead,,aba603c9baffe33ea26b508997c00cd6f7e052ce727014c98132c58ac4c4a004
2025-05-20,06:00,36,10133.177580995558,True,5093.894489860391,price_oracle,-1,36:143,True,tau_36,aba603c9baffe33ea26b508997c00cd6f7e052ce727014c98132c58ac4c4a004,fecbdfe84de62a7b5c6526dcc4f49a9cd5a8cba282a00a6fb537717f12ac715b
2025-05-20,12:00,72,997.5625164152807,True,935.9713956740732,price_oracle,-1,72:143,True,tau_72,fecbdfe84de62a7b5c6526dcc4f49a9cd5a8cba282a00a6fb537717f12ac715b,ce74ca3a7ed91059a8bd23c1263f06761ea162fdcfc2a6f5dabf777fb1d23fc1
2025-05-20,18:00,108,153.14020122888905,True,33.92598573868827,price_oracle,-1,108:143,True,tau_108,ce74ca3a7ed91059a8bd23c1263f06761ea162fdcfc2a6f5dabf777fb1d23fc1,5f274c3f92ca53d7b8ff3f4b840b3d711d6238db60f4fe2389aa8510ea50b32e
2025-05-21,00:00,0,,True,46306.119639819764,price_oracle,-1,0:143,True,day_ahead,,bf8db0dabed5a8d65a671925d21c61ea551818e56a06552bd4b9eaf054e09260
2025-05-21,06:00,36,13475.190905991512,True,6911.88607442381,price_oracle,-1,36:143,True,tau_36,bf8db0dabed5a8d65a671925d21c61ea551818e56a06552bd4b9eaf054e09260,0071565374a5fef279c24b657239731491fd54e39c8a3bad4efd5d5e03c34e60
2025-05-21,12:00,72,1518.8131522290932,True,1883.0942154310812,price_oracle,-1,72:143,True,tau_72,0071565374a5fef279c24b657239731491fd54e39c8a3bad4efd5d5e03c34e60,c4c13aa5bcae3d73d4355c2ca9ca7c4f75b5ea95b7ed8db42d2d5f27b7a07354
2025-05-21,18:00,108,4.165794018750603,True,0.9332921286536475,price_oracle,-1,108:143,True,tau_108,c4c13aa5bcae3d73d4355c2ca9ca7c4f75b5ea95b7ed8db42d2d5f27b7a07354,4e45b9b514df3a903f99b5004e0f02ae7b7abf1c897daaa1761156e2491b03ab
2025-05-22,00:00,0,,True,49669.38197222033,price_oracle,-1,0:143,True,day_ahead,,d7588a3e36343c2f2b40e2371c9160622055e66e645b78e8d971030e7a337f55
2025-05-22,06:00,36,1325.5534288704257,True,482.12401677772283,price_oracle,-1,36:143,True,tau_36,d7588a3e36343c2f2b40e2371c9160622055e66e645b78e8d971030e7a337f55,f1bd43bb084d9cf3b716ac6845fec19c10773e2fa747aa27dd769f342ff05a88
2025-05-22,12:00,72,1008.8267921304614,True,1533.453486217512,price_oracle,-1,72:143,True,tau_72,f1bd43bb084d9cf3b716ac6845fec19c10773e2fa747aa27dd769f342ff05a88,348a0bcc95e75393944b88bafcbbaec1036445f87c23a133c61753713c704ea5
2025-05-22,18:00,108,186.2094920605814,True,41.67205474041019,price_oracle,-1,108:143,True,tau_108,348a0bcc95e75393944b88bafcbbaec1036445f87c23a133c61753713c704ea5,0d72132611f31a4c19360b51a4c95c12ee248ccb58987afc882489e760b08d62
2025-05-23,00:00,0,,True,27231.53530097365,price_oracle,-1,0:143,True,day_ahead,,cddecc3d6edd6c04281d9780192c156cf8706cc125d319e3ade57468c00cc1dd
2025-05-23,06:00,36,233.756183063957,True,110.69732145393016,price_oracle,-1,36:143,True,tau_36,cddecc3d6edd6c04281d9780192c156cf8706cc125d319e3ade57468c00cc1dd,c0ef83f124d70933330153789f4e4932e1c3bbdaab336b3014b030dd58d45de8
2025-05-23,12:00,72,1446.297847134445,True,677.1833639050703,price_oracle,-1,72:143,True,tau_72,c0ef83f124d70933330153789f4e4932e1c3bbdaab336b3014b030dd58d45de8,7684a6253220105279f0e955cb1ecc39674108d07898c3a32e46b10a08aa52ee
2025-05-23,18:00,108,6.652757394440414,True,8.575185185410508,price_oracle,-1,108:143,True,tau_108,7684a6253220105279f0e955cb1ecc39674108d07898c3a32e46b10a08aa52ee,f8005e5c9a869692af07eaa330c13008236a5a1c71d6e3c720a4e469bc947ff1
2025-05-24,00:00,0,,True,33028.807871031066,price_oracle,-1,0:143,True,day_ahead,,5f40e676904e88532d69c843e4df069efcdd011e39fb3b105e3805bcb2a73e1b
2025-05-24,06:00,36,210.1231383710474,True,424.5127131982801,price_oracle,-1,36:143,True,tau_36,5f40e676904e88532d69c843e4df069efcdd011e39fb3b105e3805bcb2a73e1b,34e6696ec3616fda3b2f092dcf7c920ab20df4eb402d329dc2d17060defb2251
2025-05-24,12:00,72,15.42786596113001,True,103.69710666667507,price_oracle,-1,72:143,True,tau_72,34e6696ec3616fda3b2f092dcf7c920ab20df4eb402d329dc2d17060defb2251,1c8cb752d8ea0f3dd51c15d0f33a3940914d47c70edc5592c40fdcf979f91f30
2025-05-24,18:00,108,0.5069221108569764,True,28.966971623663937,price_oracle,-1,108:143,True,tau_108,1c8cb752d8ea0f3dd51c15d0f33a3940914d47c70edc5592c40fdcf979f91f30,006197bec3306b22a77766de63d51a6b1317c33bfb50d60c48010cb97b360b05
2025-05-25,00:00,0,,True,45614.699072710355,price_oracle,-1,0:143,True,day_ahead,,6763b3670fc352b1028d1555a51ca486fa20445b505e834ca3fe39453a53b209
2025-05-25,06:00,36,2758.9559332470235,True,1281.6868111028036,price_oracle,-1,36:143,True,tau_36,6763b3670fc352b1028d1555a51ca486fa20445b505e834ca3fe39453a53b209,ad33485d4bcb7669d684d2a4f1f308a1b96a097c137749bbd88ffe7530e867ad
2025-05-25,12:00,72,255.77290756990988,True,564.9494226644657,price_oracle,-1,72:143,True,tau_72,ad33485d4bcb7669d684d2a4f1f308a1b96a097c137749bbd88ffe7530e867ad,819f47ef13fe3d1409171a738cc37246798d7c8ff3a0f9c7fe7551358e8684ea
2025-05-25,18:00,108,58.903676361100224,True,13.498541666665687,price_oracle,-1,108:143,True,tau_108,819f47ef13fe3d1409171a738cc37246798d7c8ff3a0f9c7fe7551358e8684ea,d89e595f000e4a9d5ea798a52361e4ab18aa644259368e4aca85535a4e2ae117
2025-05-26,00:00,0,,True,48966.640916984805,price_oracle,-1,0:143,True,day_ahead,,eedf52603d74f143e72adcd179c6d8ca7a2cb23851b19136c068a697747448e2
2025-05-26,06:00,36,11195.093891850178,True,5885.0128492600725,price_oracle,-1,36:143,True,tau_36,eedf52603d74f143e72adcd179c6d8ca7a2cb23851b19136c068a697747448e2,9c90c0f1e690f348b77f6f89648ff795b27173c3e3c1bad889f78d7ff752950e
2025-05-26,12:00,72,4231.066410775602,True,2036.7572379521234,price_oracle,-1,72:143,True,tau_72,9c90c0f1e690f348b77f6f89648ff795b27173c3e3c1bad889f78d7ff752950e,e33bcd438ad10108e2f4378d4ded7c81a1f35b2feb2c5521e7959134ee1f30d3
2025-05-26,18:00,108,7.550856929257861,True,12.38245774431272,price_oracle,-1,108:143,True,tau_108,e33bcd438ad10108e2f4378d4ded7c81a1f35b2feb2c5521e7959134ee1f30d3,3e642813586f1933eed4ab638612e82a7db815c07c60c210772e160d24fcde84
2025-05-27,00:00,0,,True,50202.60419082355,price_oracle,-1,0:143,True,day_ahead,,bd96992699cd5679b8fcdb657e4763368f1ebaa9aea63ac5535a8a92db83eea7
2025-05-27,06:00,36,12305.255703738338,True,6905.713609288892,price_oracle,-1,36:143,True,tau_36,bd96992699cd5679b8fcdb657e4763368f1ebaa9aea63ac5535a8a92db83eea7,2390c9b79cc7c3721ef71f4760ca2a710af237e125582397af395ebabacb2c88
2025-05-27,12:00,72,2961.6040028312564,True,3524.228719898446,price_oracle,-1,72:143,True,tau_72,2390c9b79cc7c3721ef71f4760ca2a710af237e125582397af395ebabacb2c88,c34d17ee1f069fd8e9fbe96e97cb13a598f538245681421b086b7cd1f1a3862f
2025-05-27,18:00,108,22.82045108928287,True,5.14062500128864,price_oracle,-1,108:143,True,tau_108,c34d17ee1f069fd8e9fbe96e97cb13a598f538245681421b086b7cd1f1a3862f,4a2f48bc85a51d72aa1a001628c932e00690d2c924ecc8c6a880830918bb78cb
2025-05-28,00:00,0,,True,55187.94435198505,price_oracle,-1,0:143,True,day_ahead,,0ba14d3aa85e743ebc0eaa0624c83edf2765946a398fb4b40fc2084ea1d228f9
2025-05-28,06:00,36,3259.946803045852,True,1240.047845276341,price_oracle,-1,36:143,True,tau_36,0ba14d3aa85e743ebc0eaa0624c83edf2765946a398fb4b40fc2084ea1d228f9,215fb1afd944ee97d1c49a8f5103e65f5fe944c6324924178aac4efbebb43812
2025-05-28,12:00,72,410.07992660428135,True,512.9946643614087,price_oracle,-1,72:143,True,tau_72,215fb1afd944ee97d1c49a8f5103e65f5fe944c6324924178aac4efbebb43812,6d42ca8dafeeef8e06c5380d742a68d9f4a674e2fcc5d69d8ec53a4cec235ec1
2025-05-28,18:00,108,13.249249284817779,True,2.9388244477871694,price_oracle,-1,108:143,True,tau_108,6d42ca8dafeeef8e06c5380d742a68d9f4a674e2fcc5d69d8ec53a4cec235ec1,c300dd3bc6e8d766ba331a5feef6f2dc8205ba1845d3425304acc7d4649cb2c9
2025-05-29,00:00,0,,True,51653.08607868838,price_oracle,-1,0:143,True,day_ahead,,75d4289a3e48d75c8e6aacc4d37ed8f44ca2262208736b19d5363b3130a1d2a8
2025-05-29,06:00,36,11573.514683183166,True,6226.386237445802,price_oracle,-1,36:143,True,tau_36,75d4289a3e48d75c8e6aacc4d37ed8f44ca2262208736b19d5363b3130a1d2a8,a545101d98910ac1625ca404ff5ab12406ad576765ecb20968a7d09663468b60
2025-05-29,12:00,72,2546.393922844465,True,3161.819180492417,price_oracle,-1,72:143,True,tau_72,a545101d98910ac1625ca404ff5ab12406ad576765ecb20968a7d09663468b60,4c84587bee6ae9174891187a28d574c5145d482e3ff910bf62c1f4e9eb16bbd9
2025-05-29,18:00,108,2.792194439225568,True,8.979561297643894,price_oracle,-1,108:143,True,tau_108,4c84587bee6ae9174891187a28d574c5145d482e3ff910bf62c1f4e9eb16bbd9,3a17e12428a738c2d262d2355084777162a235af52fac6175f53ab651824f55b
2025-05-30,00:00,0,,True,25750.62041162108,price_oracle,-1,0:143,True,day_ahead,,4667863209fe1819d35d541646582da588d71e76031e42fcad4f517bbaf98936
2025-05-30,06:00,36,1281.9081072576791,True,579.0698522716962,price_oracle,-1,36:143,True,tau_36,4667863209fe1819d35d541646582da588d71e76031e42fcad4f517bbaf98936,c20e8f2c440d8c0250eaa2405a7074b5fa5243fa2c9a4b894ac9cd781c84cbf6
2025-05-30,12:00,72,188.74540865181189,True,199.1080185185051,price_oracle,-1,72:143,True,tau_72,c20e8f2c440d8c0250eaa2405a7074b5fa5243fa2c9a4b894ac9cd781c84cbf6,b906c5d802b0827658068ccaf05e77dd6aad3f82c927b956e2e4a8b7f7a864f5
2025-05-30,18:00,108,5.884913686482832,True,28.54470326742885,price_oracle,-1,108:143,True,tau_108,b906c5d802b0827658068ccaf05e77dd6aad3f82c927b956e2e4a8b7f7a864f5,5117aa661c0a5e989f523f7337191edbe7e13c027f3c0db478bd07724b58d78d
2025-05-31,00:00,0,,True,36495.63273519851,price_oracle,-1,0:143,True,day_ahead,,05c9c82bdcf6ec057d02df4b5b1ed32af141c09b891d2739b73124388c115cd9
2025-05-31,06:00,36,281.964967975342,True,996.3487087635883,price_oracle,-1,36:143,True,tau_36,05c9c82bdcf6ec057d02df4b5b1ed32af141c09b891d2739b73124388c115cd9,4bfa8cab391cf1346fc276afe9e6be0c0d56156755b3c9789e1c285fb3e1033b
2025-05-31,12:00,72,18.44117065057071,True,63.074075000020486,price_oracle,-1,72:143,True,tau_72,4bfa8cab391cf1346fc276afe9e6be0c0d56156755b3c9789e1c285fb3e1033b,781e1b98c8df61833b4d060c1f91981b828e1ddfdcd1ea6411346bfa1ab18d84
2025-05-31,18:00,108,1.00000761449337e-07,False,0.0,price_oracle,-1,108:143,True,tau_108,781e1b98c8df61833b4d060c1f91981b828e1ddfdcd1ea6411346bfa1ab18d84,781e1b98c8df61833b4d060c1f91981b828e1ddfdcd1ea6411346bfa1ab18d84
2025-06-01,00:00,0,,True,61971.98714647775,price_oracle,-1,0:143,True,day_ahead,,803475f8ab615083e809d9ddcf30105ffb12bcb623c2042aef01d67ab14bdc9b
2025-06-01,06:00,36,498.11255168412754,True,1322.2768028692224,price_oracle,-1,36:143,True,tau_36,803475f8ab615083e809d9ddcf30105ffb12bcb623c2042aef01d67ab14bdc9b,2c3ccc0b959b9728d86996063aece55921fd5848146e76788e179892721824bb
2025-06-01,12:00,72,871.8024500671745,True,2000.268366663457,price_oracle,-1,72:143,True,tau_72,2c3ccc0b959b9728d86996063aece55921fd5848146e76788e179892721824bb,23ee7c54fb70447cb96ea6d6a1bafa6fdbcebc35af5f8441748687231cbda29f
2025-06-01,18:00,108,402.12109922750096,True,69.64691721322492,price_oracle,-1,108:143,True,tau_108,23ee7c54fb70447cb96ea6d6a1bafa6fdbcebc35af5f8441748687231cbda29f,be6fcf7fd8ce0d8a8cdc244b8f33a1cf109d9ed563f7ba01572dc49a39c45d8d
2025-06-02,00:00,0,,True,71794.49974829447,price_oracle,-1,0:143,True,day_ahead,,fc1fd874061a7257069b2e06c56533eab5f34ae1a6a0b2ac8a2c86097dd4fdd6
2025-06-02,06:00,36,2944.171425167042,True,9167.418234149076,price_oracle,-1,36:143,True,tau_36,fc1fd874061a7257069b2e06c56533eab5f34ae1a6a0b2ac8a2c86097dd4fdd6,6b015d622ff58cc8f4e5f3be4bb9ea3ee6d74cd2298fe2da4dd424b1a853fb52
2025-06-02,12:00,72,1232.3777898001936,True,937.9754055649071,price_oracle,-1,72:143,True,tau_72,6b015d622ff58cc8f4e5f3be4bb9ea3ee6d74cd2298fe2da4dd424b1a853fb52,491e6ffcfaa031675500e8d8cb0a601b3e939f5933e5f70427dd328cebba1fe8
2025-06-02,18:00,108,9.298938606487354,True,6.920666747684237,price_oracle,-1,108:143,True,tau_108,491e6ffcfaa031675500e8d8cb0a601b3e939f5933e5f70427dd328cebba1fe8,bbb8534b366decc6658ac48228cec7a310526d1b57e6f8baf849b3d7b3cf36bc
2025-06-03,00:00,0,,True,64090.85437369183,price_oracle,-1,0:143,True,day_ahead,,522b5ca9e2a2223576a2474638e345c88020dc2950b2079e2d802f08119d2d97
2025-06-03,06:00,36,9519.246176182132,True,3432.1790541398786,price_oracle,-1,36:143,True,tau_36,522b5ca9e2a2223576a2474638e345c88020dc2950b2079e2d802f08119d2d97,5033168204a447ac39b6490d80aff5b5501c6c632901eaca7ec21bcf07620446
2025-06-03,12:00,72,3194.9644735270413,True,3003.5042990270313,price_oracle,-1,72:143,True,tau_72,5033168204a447ac39b6490d80aff5b5501c6c632901eaca7ec21bcf07620446,35b2166a9dbb6a7927fef25ece7293a1befc03e8061762fbf2d7afc872c71587
2025-06-03,18:00,108,194.26581193335005,True,42.160666666734386,price_oracle,-1,108:143,True,tau_108,35b2166a9dbb6a7927fef25ece7293a1befc03e8061762fbf2d7afc872c71587,5dfcee849039eab41d86d1578bccfe94eb5d2d705755368db123969b42e3b9a7
2025-06-04,00:00,0,,True,75428.79962396991,price_oracle,-1,0:143,True,day_ahead,,27a8d90efc9fe832d4d38dc0504f856f20302fb85ccfc532269feb12f8cafc5e
2025-06-04,06:00,36,5287.767882481974,True,15325.02896174599,price_oracle,-1,36:143,True,tau_36,27a8d90efc9fe832d4d38dc0504f856f20302fb85ccfc532269feb12f8cafc5e,efe913f1868e9cc2dbfe1143f79c73d40de8cbb020314eac8696360395454a8d
2025-06-04,12:00,72,15822.596948971244,True,4985.03326925609,price_oracle,-1,72:143,True,tau_72,efe913f1868e9cc2dbfe1143f79c73d40de8cbb020314eac8696360395454a8d,5143f1257c7e48148552b5f1593194c3016efdf00ce186dcd82ae1c374098cd1
2025-06-04,18:00,108,12.09517617263191,True,10.64204178058884,price_oracle,-1,108:143,True,tau_108,5143f1257c7e48148552b5f1593194c3016efdf00ce186dcd82ae1c374098cd1,0eae4f21156018b0b64ca63e7f5a4193cc529a5ac4418934e94dd9a4714ea454
2025-06-05,00:00,0,,True,64092.206207467636,price_oracle,-1,0:143,True,day_ahead,,794303068495538812543c55469b714636990c8b860d7ca36b84ddbaf4470848
2025-06-05,06:00,36,6672.541963935058,True,2685.1198509031265,price_oracle,-1,36:143,True,tau_36,794303068495538812543c55469b714636990c8b860d7ca36b84ddbaf4470848,953b96923a2d048af49f6b6cff6f2f37d6fe07646a087c81cdcbeff51245bf85
2025-06-05,12:00,72,854.683762302433,True,513.0661855035621,price_oracle,-1,72:143,True,tau_72,953b96923a2d048af49f6b6cff6f2f37d6fe07646a087c81cdcbeff51245bf85,faaebcdc9194bf3811e6af02e0e665153bbfeec1a8c466fb58fc304728100307
2025-06-05,18:00,108,9.971904692360113,True,2.148708735907121,price_oracle,-1,108:143,True,tau_108,faaebcdc9194bf3811e6af02e0e665153bbfeec1a8c466fb58fc304728100307,340a1e2696fbcfea4c3df3ac45bcae9d46c6cc22e72cfcb878bd921bf9a41e59
2025-06-06,00:00,0,,True,28735.87168645156,price_oracle,-1,0:143,True,day_ahead,,b4df53c9ef4acda8d8babd2e4513142f2f1b29a7662537e093374f9cf2e5b15e
2025-06-06,06:00,36,173.4106568523166,True,542.3891788615247,price_oracle,-1,36:143,True,tau_36,b4df53c9ef4acda8d8babd2e4513142f2f1b29a7662537e093374f9cf2e5b15e,5e30d27442f73127f3f24153648df4ae13d25326effea2754dda1478d1255c83
2025-06-06,12:00,72,1510.3960632668895,True,1040.000241445099,price_oracle,-1,72:143,True,tau_72,5e30d27442f73127f3f24153648df4ae13d25326effea2754dda1478d1255c83,9bebee34a7dda431eb84ceaa39f6ab0637b7cfcf2c83b95f5adac2b2d4c97574
2025-06-06,18:00,108,688.0531127621034,True,188.31059322938268,price_oracle,-1,108:143,True,tau_108,9bebee34a7dda431eb84ceaa39f6ab0637b7cfcf2c83b95f5adac2b2d4c97574,02ee46054c72515f2c32c16146ff89c748b19be51760a41fb88a935db264c4ae
2025-06-07,00:00,0,,True,38447.73584252111,price_oracle,-1,0:143,True,day_ahead,,fdacca4bf2785a12e07403f277c4b55645739fd82e12b41d937ae47c13f253e2
2025-06-07,06:00,36,212.16143697257212,True,929.6184911098715,price_oracle,-1,36:143,True,tau_36,fdacca4bf2785a12e07403f277c4b55645739fd82e12b41d937ae47c13f253e2,6888fbc7fed4d2172b279b13031b112e612c5765f3fbb38aa1d7317d08328f8c
2025-06-07,12:00,72,4493.292577096436,True,2289.0781923088334,price_oracle,-1,72:143,True,tau_72,6888fbc7fed4d2172b279b13031b112e612c5765f3fbb38aa1d7317d08328f8c,da4078af907b98e5a6e58230019d6934e2879ccb6c684585496c9fc79caa91af
2025-06-07,18:00,108,209.7046616124935,True,71.81543518740875,price_oracle,-1,108:143,True,tau_108,da4078af907b98e5a6e58230019d6934e2879ccb6c684585496c9fc79caa91af,b8a502ffc0b9ab3d57d27e2aa6c37366a8b2839527767d48db407509e2146d6c
2025-06-08,00:00,0,,True,56716.143931550854,price_oracle,-1,0:143,True,day_ahead,,5279d322cfc4a2aac8a92fb75ca5bacc8c9b3250edf321c3d0d3123039e31fd7
2025-06-08,06:00,36,6114.547373457855,True,4884.877497063068,price_oracle,-1,36:143,True,tau_36,5279d322cfc4a2aac8a92fb75ca5bacc8c9b3250edf321c3d0d3123039e31fd7,d5936eac3afac4e274d00c77509c772d4bab746af4f7402531896328a803cc3a
2025-06-08,12:00,72,476.5383821404903,True,660.2912515299457,price_oracle,-1,72:143,True,tau_72,d5936eac3afac4e274d00c77509c772d4bab746af4f7402531896328a803cc3a,7ba05b9c00276ca9ebdf8e736bbc37a42c33dc977f9fa3cca525e65505b5c448
2025-06-08,18:00,108,97.34845969984599,True,21.05036414514666,price_oracle,-1,108:143,True,tau_108,7ba05b9c00276ca9ebdf8e736bbc37a42c33dc977f9fa3cca525e65505b5c448,6ad52412c0f8eb1a280d760007ed8b2a6ce79255cb8ec4883cc9fda384848269
2025-06-09,00:00,0,,True,72309.79589894353,price_oracle,-1,0:143,True,day_ahead,,08aae1d83841432793399f8ca8af180b3c93869cace02518c0b33f0a85991e98
2025-06-09,06:00,36,1992.5911993773334,True,5463.294974534001,price_oracle,-1,36:143,True,tau_36,08aae1d83841432793399f8ca8af180b3c93869cace02518c0b33f0a85991e98,7e418b57619c86e87707734e65e074339c65b87a047d9ae3b5976da7b47be7a1
2025-06-09,12:00,72,1974.176634637406,True,575.5474722228876,price_oracle,-1,72:143,True,tau_72,7e418b57619c86e87707734e65e074339c65b87a047d9ae3b5976da7b47be7a1,50a16a9d7b60616507ffa1831d768ee1beebc387587349ba5e73a9bbb3ffd2b1
2025-06-09,18:00,108,9.992518256782205,True,17.77104108855241,price_oracle,-1,108:143,True,tau_108,50a16a9d7b60616507ffa1831d768ee1beebc387587349ba5e73a9bbb3ffd2b1,b8a8d8d6434939ff52ca2c470eaf7ccfd7aedde9a6116457ed18878c277c8266
2025-06-10,00:00,0,,True,66465.93362180772,price_oracle,-1,0:143,True,day_ahead,,99a9a246847c26239bf7e684554d5ff38bf114dd552ab748608c643db0f3bf19
2025-06-10,06:00,36,1599.9031125952606,True,855.5583313817385,price_oracle,-1,36:143,True,tau_36,99a9a246847c26239bf7e684554d5ff38bf114dd552ab748608c643db0f3bf19,d9ff9ed0a48e6dc9f3e3233a937b054563d8a54c69648b65af067a255c10f7d5
2025-06-10,12:00,72,5523.019791422732,True,2420.6099443175085,price_oracle,-1,72:143,True,tau_72,d9ff9ed0a48e6dc9f3e3233a937b054563d8a54c69648b65af067a255c10f7d5,97b8dae8ce89771bad6dc592939d6707eefda4a325bd6b652ff4b94852152e23
2025-06-10,18:00,108,25.814960332776536,True,5.7048337238328015,price_oracle,-1,108:143,True,tau_108,97b8dae8ce89771bad6dc592939d6707eefda4a325bd6b652ff4b94852152e23,d8c39ce8af50299967a150229e507c01af7ec46564b953730a542ca5a0a1224f
2025-06-11,00:00,0,,True,72135.39343049636,price_oracle,-1,0:143,True,day_ahead,,49a8d01ca3776ae5c28ebc88d6034394d5d8f299d35d527f859e36fde285aed9
2025-06-11,06:00,36,3718.4131302717724,True,1912.6781936126658,price_oracle,-1,36:143,True,tau_36,49a8d01ca3776ae5c28ebc88d6034394d5d8f299d35d527f859e36fde285aed9,ef3d795f8ed0e2790ecd1cf35d124737c2625526a38c6cebff240e4971418cd8
2025-06-11,12:00,72,3773.341207649908,True,1310.5278782267133,price_oracle,-1,72:143,True,tau_72,ef3d795f8ed0e2790ecd1cf35d124737c2625526a38c6cebff240e4971418cd8,43f46f8daeda70b32ac8d2264518898e2f3fb3c25c78390df5b4fe296d925821
2025-06-11,18:00,108,88.67702702043607,True,18.859828795996577,price_oracle,-1,108:143,True,tau_108,43f46f8daeda70b32ac8d2264518898e2f3fb3c25c78390df5b4fe296d925821,d25f31b2a93b584a82bbb41f57c94d06671a1d6cac0cf410beb85129f24fdeec
2025-06-12,00:00,0,,True,70792.9970400894,price_oracle,-1,0:143,True,day_ahead,,2b30d6fd572f6e08d6d6e0b86f1c0e5dfda19feb97e52004834477541c1448e9
2025-06-12,06:00,36,1785.7873854107675,True,641.3860884456875,price_oracle,-1,36:143,True,tau_36,2b30d6fd572f6e08d6d6e0b86f1c0e5dfda19feb97e52004834477541c1448e9,3e865ec2604e88a42938b250af1ca604b80fa95d8aef2e6735557ce59e26b937
2025-06-12,12:00,72,776.6714544130446,True,783.1398683365452,price_oracle,-1,72:143,True,tau_72,3e865ec2604e88a42938b250af1ca604b80fa95d8aef2e6735557ce59e26b937,225e3cc592e861b9b62aa6a3bce3c2c33b3576fa2f153b7059d35de7a152c045
2025-06-12,18:00,108,210.3990240468047,True,43.41243622662381,price_oracle,-1,108:143,True,tau_108,225e3cc592e861b9b62aa6a3bce3c2c33b3576fa2f153b7059d35de7a152c045,9d9eaf5e032a011df0680e3a3f0bd372f4f8e578e5d89d7e35b5d1921f53c525
2025-06-13,00:00,0,,True,28645.30696784579,price_oracle,-1,0:143,True,day_ahead,,7b7eff7684a4465f758b73d25082e9a8432d42e39cae2992448193274a967efd
2025-06-13,06:00,36,605.9023293076789,True,1049.4852018149795,price_oracle,-1,36:143,True,tau_36,7b7eff7684a4465f758b73d25082e9a8432d42e39cae2992448193274a967efd,24edffbec244f5cabee7a4cb35779803b01497ed416d611ac4f1f1f504d1ea69
2025-06-13,12:00,72,4270.660050222923,True,2133.5198088632824,price_oracle,-1,72:143,True,tau_72,24edffbec244f5cabee7a4cb35779803b01497ed416d611ac4f1f1f504d1ea69,654b1aee1ab916a685bce2d23d666eefbe84628abf62b79dc29df7c325e9c07d
2025-06-13,18:00,108,149.76958976155584,True,46.52240849302015,price_oracle,-1,108:143,True,tau_108,654b1aee1ab916a685bce2d23d666eefbe84628abf62b79dc29df7c325e9c07d,84a8eaae98ff394a36500b6bd2394de56877c7479bd8372867d381c99eeac089
2025-06-14,00:00,0,,True,34922.16897968338,price_oracle,-1,0:143,True,day_ahead,,3ed1c5246e3d781b86ab3d8831540447948c589ab010aedc38633aa2b7e6a84d
2025-06-14,06:00,36,489.4191944272243,True,483.0041486666063,price_oracle,-1,36:143,True,tau_36,3ed1c5246e3d781b86ab3d8831540447948c589ab010aedc38633aa2b7e6a84d,81fbe216384e12091f0dfcaed98412ed63630aae57bf7a332b3aedcc1b92c5e0
2025-06-14,12:00,72,127.05742019956233,True,395.4137956102583,price_oracle,-1,72:143,True,tau_72,81fbe216384e12091f0dfcaed98412ed63630aae57bf7a332b3aedcc1b92c5e0,5452b8e502375d270f9385d5e794b874a9f96d1d739c123414ad6a1c4d37e604
2025-06-14,18:00,108,81.97117299583624,True,20.449083762389023,price_oracle,-1,108:143,True,tau_108,5452b8e502375d270f9385d5e794b874a9f96d1d739c123414ad6a1c4d37e604,f4170a4f90bc661af45459b5db87a51c4152d0ce5a8a728baae8a01e435bbd69
2025-06-15,00:00,0,,True,61499.159950573485,price_oracle,-1,0:143,True,day_ahead,,fa4052dadba0eae86c556eccd13aa11f074f360610510c54ffd05a8dd4de1511
2025-06-15,06:00,36,9405.282126178601,True,4482.402872466304,price_oracle,-1,36:143,True,tau_36,fa4052dadba0eae86c556eccd13aa11f074f360610510c54ffd05a8dd4de1511,4d1edc1d648a7d9716bafaba32af2c1cbf504ea3a73d05ea78bad82ebe39f156
2025-06-15,12:00,72,798.0096283468738,True,328.6259308103645,price_oracle,-1,72:143,True,tau_72,4d1edc1d648a7d9716bafaba32af2c1cbf504ea3a73d05ea78bad82ebe39f156,0b26f33c4a0a5b446aab60ebb8112f26e500454fd86a689108295283459f3445
2025-06-15,18:00,108,97.4916041733959,True,21.108475728663848,price_oracle,-1,108:143,True,tau_108,0b26f33c4a0a5b446aab60ebb8112f26e500454fd86a689108295283459f3445,c29b0caf034c0ecde261c297b547f52ce6e5a7a9be7ebaceb6d28e7273c83893
2025-06-16,00:00,0,,True,69321.34906015985,price_oracle,-1,0:143,True,day_ahead,,443c354a7224d54158c6d6246cfd8b99ded6308e31a4e852d6b0d6198f82f79d
2025-06-16,06:00,36,6268.082159673373,True,2887.6468299223743,price_oracle,-1,36:143,True,tau_36,443c354a7224d54158c6d6246cfd8b99ded6308e31a4e852d6b0d6198f82f79d,1d8a67f1b5c2184472162a5a5680f4236d56ec7ae757958b7af6575af18731a1
2025-06-16,12:00,72,618.0159516303829,True,655.5035152132991,price_oracle,-1,72:143,True,tau_72,1d8a67f1b5c2184472162a5a5680f4236d56ec7ae757958b7af6575af18731a1,9c4bf7815764bf9647a38b18398931a2bc26af10a45b93033dfa5817c5f2fd49
2025-06-16,18:00,108,189.77020471027936,True,41.33210920673412,price_oracle,-1,108:143,True,tau_108,9c4bf7815764bf9647a38b18398931a2bc26af10a45b93033dfa5817c5f2fd49,03688e54b3518493b8806ca30c527001471076c2b194764cf2aad100633e710a
2025-06-17,00:00,0,,True,71203.73660699869,price_oracle,-1,0:143,True,day_ahead,,2d3db12ac410a8f3e8d561a0d22ea4a1a182e5220cfe532f978e2ff8df9e77d0
2025-06-17,06:00,36,11929.531775241965,True,4578.836737903712,price_oracle,-1,36:143,True,tau_36,2d3db12ac410a8f3e8d561a0d22ea4a1a182e5220cfe532f978e2ff8df9e77d0,3b1eff7e60cc0fd28378ea8332626da6ef2f7e00fc81f4cf04ca95dd398e0736
2025-06-17,12:00,72,2446.220656486257,True,2059.5584070700447,price_oracle,-1,72:143,True,tau_72,3b1eff7e60cc0fd28378ea8332626da6ef2f7e00fc81f4cf04ca95dd398e0736,cb0169c7a5189a78c34a83c0110392a997650b42bfdd1a0dcff1aa5554ed7afd
2025-06-17,18:00,108,114.60186984862958,True,24.136523889027217,price_oracle,-1,108:143,True,tau_108,cb0169c7a5189a78c34a83c0110392a997650b42bfdd1a0dcff1aa5554ed7afd,6035834a0925ab585e54eed68716e7306d775d954d5bb16f5d53383479926250
2025-06-18,00:00,0,,True,71802.05494770582,price_oracle,-1,0:143,True,day_ahead,,853f716084dd7127d947cc847df06399e49cfa0c70ca65b402a3e9c996452835
2025-06-18,06:00,36,11783.88959900559,True,4635.619215073111,price_oracle,-1,36:143,True,tau_36,853f716084dd7127d947cc847df06399e49cfa0c70ca65b402a3e9c996452835,f46f8f414094b823018d614511647f4a275110caa99bde61ea49849e0ae94dc5
2025-06-18,12:00,72,3291.116196563482,True,3981.3637685867643,price_oracle,-1,72:143,True,tau_72,f46f8f414094b823018d614511647f4a275110caa99bde61ea49849e0ae94dc5,d6ed421a3517e99b25ae75c44eae77b9b2a57c8019e06bdf2fcb74b96766b4ab
2025-06-18,18:00,108,0.6045771494827932,True,2.658288721950612,price_oracle,-1,108:143,True,tau_108,d6ed421a3517e99b25ae75c44eae77b9b2a57c8019e06bdf2fcb74b96766b4ab,2918aaa30f8e6c428296e76c57854819913398908c010bbb161751072a0898a2
2025-06-19,00:00,0,,True,67323.25058307529,price_oracle,-1,0:143,True,day_ahead,,b7d933e74725a424574eb77a1ec887e8f900c0fd6e2a777e8c4cda0684f4ee8f
2025-06-19,06:00,36,6001.7945188987505,True,5447.943208365696,price_oracle,-1,36:143,True,tau_36,b7d933e74725a424574eb77a1ec887e8f900c0fd6e2a777e8c4cda0684f4ee8f,b0b9f002ef8808bed0765de2b5e664dbf3af8c575211621b5d2e933666c9a110
2025-06-19,12:00,72,5454.228496755204,True,2011.936180644557,price_oracle,-1,72:143,True,tau_72,b0b9f002ef8808bed0765de2b5e664dbf3af8c575211621b5d2e933666c9a110,364d7dd6ec4f3433c248dcdc4384596c97f6d86bc609d5b277d2e11399687de0
2025-06-19,18:00,108,169.86304371556616,True,36.95861706821182,price_oracle,-1,108:143,True,tau_108,364d7dd6ec4f3433c248dcdc4384596c97f6d86bc609d5b277d2e11399687de0,ed2a951e4af161eb93c95ba91ac78ce059d93e0a53b79a4581dae8a1f7d73811
2025-06-20,00:00,0,,True,30538.321575745296,price_oracle,-1,0:143,True,day_ahead,,67e27b4e0b4092ce61ee70f0d394ac51b58561b464251a08fe6d346d650f0f4d
2025-06-20,06:00,36,218.10255289888664,True,687.1993334647361,price_oracle,-1,36:143,True,tau_36,67e27b4e0b4092ce61ee70f0d394ac51b58561b464251a08fe6d346d650f0f4d,f2f027cc9fb5efb29571501d20f6deea6755cdcc2f6f3417fe3bd91f2a2c860b
2025-06-20,12:00,72,255.48713652252263,True,197.1794666667214,price_oracle,-1,72:143,True,tau_72,f2f027cc9fb5efb29571501d20f6deea6755cdcc2f6f3417fe3bd91f2a2c860b,01563bc9c932496a291d92e2b6841cc0728095757dd5579d25547aeda4d12054
2025-06-20,18:00,108,369.94681046994083,True,73.28436666666897,price_oracle,-1,108:143,True,tau_108,01563bc9c932496a291d92e2b6841cc0728095757dd5579d25547aeda4d12054,fb4e0badd495c857c1f902f18d2e7f4f0746ab6ccc2b5ba9c71d4506850f8557
2025-06-21,00:00,0,,True,39443.87278559619,price_oracle,-1,0:143,True,day_ahead,,1992ff66a083b41bcfa2c9e23e87eed036841b5ffda7cd959518c1f304bc2d2d
2025-06-21,06:00,36,341.6819846033395,True,399.6089754434685,price_oracle,-1,36:143,True,tau_36,1992ff66a083b41bcfa2c9e23e87eed036841b5ffda7cd959518c1f304bc2d2d,294bb59a8485d6d61b217eeebb673c9b435debfa054833118fe8ac5114806d0a
2025-06-21,12:00,72,687.4544051463017,True,609.4084333334335,price_oracle,-1,72:143,True,tau_72,294bb59a8485d6d61b217eeebb673c9b435debfa054833118fe8ac5114806d0a,f32fd16ab5e64ba191cc1c980301b3e5851e683e4d020ed5f9d3845baad0f522
2025-06-21,18:00,108,12.40947118873737,True,26.0337989497705,price_oracle,-1,108:143,True,tau_108,f32fd16ab5e64ba191cc1c980301b3e5851e683e4d020ed5f9d3845baad0f522,0dbbcaf86e8361782dc1171ec11b013f491ab677a6c5daaeea73300e7868aa67
2025-06-22,00:00,0,,True,59628.109402987495,price_oracle,-1,0:143,True,day_ahead,,f705e56d8e70eecb51552f7120f5d3363f721fef274e1f562cd7592abd077960
2025-06-22,06:00,36,11059.060774453566,True,4871.616022473121,price_oracle,-1,36:143,True,tau_36,f705e56d8e70eecb51552f7120f5d3363f721fef274e1f562cd7592abd077960,a9632943c2b79ee2f9e3af6a54f3d3dd151b3dab9acb2edf1a09925fbb9a10bc
2025-06-22,12:00,72,1213.8571289986721,True,1552.8617849624466,price_oracle,-1,72:143,True,tau_72,a9632943c2b79ee2f9e3af6a54f3d3dd151b3dab9acb2edf1a09925fbb9a10bc,8d15080f173b486ca7d49cc5e20fc83461ec04d9c6724de622284c507d9e0227
2025-06-22,18:00,108,57.635167519998504,True,12.815333753901086,price_oracle,-1,108:143,True,tau_108,8d15080f173b486ca7d49cc5e20fc83461ec04d9c6724de622284c507d9e0227,f58526af2b6bf41bdb8daeaf3a96248514b99d82fce6aa88d48919fbc4de631d
2025-06-23,00:00,0,,True,67794.55777870747,price_oracle,-1,0:143,True,day_ahead,,fe494c7066d39aa4f5984ebc9cf3aa6d79f8437970f95f5349498945dc7bc143
2025-06-23,06:00,36,4978.684362154076,True,2319.7456234509764,price_oracle,-1,36:143,True,tau_36,fe494c7066d39aa4f5984ebc9cf3aa6d79f8437970f95f5349498945dc7bc143,5b7c2c30d8ec72acf1778ae5c7bf70cd9b38ae4c65db5e8c2d48c6248b5cdc8a
2025-06-23,12:00,72,1195.0257418022811,True,1146.178849671718,price_oracle,-1,72:143,True,tau_72,5b7c2c30d8ec72acf1778ae5c7bf70cd9b38ae4c65db5e8c2d48c6248b5cdc8a,956bf0daf8f24706eef5706a65ea80fb3159ed64d14925dcc9945556cad32e68
2025-06-23,18:00,108,15.781759579025675,True,3.3589650541733818,price_oracle,-1,108:143,True,tau_108,956bf0daf8f24706eef5706a65ea80fb3159ed64d14925dcc9945556cad32e68,15b8b305337670fb740411420d773bc2147093d872fd52ba3c00ffc38788b83f
2025-06-24,00:00,0,,True,79579.29865900683,price_oracle,-1,0:143,True,day_ahead,,659811524b4ff68e6ce4c02d94d74c93fe23a7c81b1b486855519e0d4a1094ae
2025-06-24,06:00,36,2349.637208880071,True,3357.349381190382,price_oracle,-1,36:143,True,tau_36,659811524b4ff68e6ce4c02d94d74c93fe23a7c81b1b486855519e0d4a1094ae,e031d5dbf17d7a43e9ce361515675d2db9e07fa35533aae2bb858bff502dc17f
2025-06-24,12:00,72,2299.7659703291138,True,1223.719617918179,price_oracle,-1,72:143,True,tau_72,e031d5dbf17d7a43e9ce361515675d2db9e07fa35533aae2bb858bff502dc17f,ca413371ee5f95b1f088406624e7cab29a79d708a8b48e5cb3b3dfcf0e2f5389
2025-06-24,18:00,108,23.98089338975842,True,38.86213275102965,price_oracle,-1,108:143,True,tau_108,ca413371ee5f95b1f088406624e7cab29a79d708a8b48e5cb3b3dfcf0e2f5389,9b353575acffb8eaea2274867c5f6e49f0fc3f69bb40129095cb72073afb4530
2025-06-25,00:00,0,,True,71273.0007454115,price_oracle,-1,0:143,True,day_ahead,,65737cc24e775199e7bad2f4eb7f4eab4cb1fd0290dedbb584ac8046366a3cfb
2025-06-25,06:00,36,5965.982236434764,True,2358.4476493561388,price_oracle,-1,36:143,True,tau_36,65737cc24e775199e7bad2f4eb7f4eab4cb1fd0290dedbb584ac8046366a3cfb,2631fa805753db99db5375411836903cc81ff22e9d7b02e17d69559682c4d298
2025-06-25,12:00,72,2772.8903243218956,True,903.973959866166,price_oracle,-1,72:143,True,tau_72,2631fa805753db99db5375411836903cc81ff22e9d7b02e17d69559682c4d298,17aa01fc4f038919a3c9b5a9df24ee20dc20aa4c1930db5353c6f228195e9f0a
2025-06-25,18:00,108,22.017078494885936,True,12.320503770828054,price_oracle,-1,108:143,True,tau_108,17aa01fc4f038919a3c9b5a9df24ee20dc20aa4c1930db5353c6f228195e9f0a,ceecf6ce7952d7b7e3685912a837fe52f0ba342182ef11af543e41a80d4c4a24
2025-06-26,00:00,0,,True,66562.70363922087,price_oracle,-1,0:143,True,day_ahead,,6e4a1ae5e363ab15aa2eb6c369e91d2d3f9b82d99d4b03d031f73bd368d79c33
2025-06-26,06:00,36,6452.365331920926,True,3393.927758191933,price_oracle,-1,36:143,True,tau_36,6e4a1ae5e363ab15aa2eb6c369e91d2d3f9b82d99d4b03d031f73bd368d79c33,ac4b8cd4a3b556ed9c0086dc44898d1a8b95bf684ca1cbcd97e5cf0b11d6b3c3
2025-06-26,12:00,72,1591.3744120304837,True,860.3122999930838,price_oracle,-1,72:143,True,tau_72,ac4b8cd4a3b556ed9c0086dc44898d1a8b95bf684ca1cbcd97e5cf0b11d6b3c3,501fd4bdee2da236bf9135c6e9fd987a2089db11704409c78a8cec808cf8330c
2025-06-26,18:00,108,7.252854237358406,True,22.35468121256997,price_oracle,-1,108:143,True,tau_108,501fd4bdee2da236bf9135c6e9fd987a2089db11704409c78a8cec808cf8330c,f0acd9b818f38b001402e0f0e0ecb094218fd10cb17ac3f917ddf4dcc613fa43
2025-06-27,00:00,0,,True,34350.7063121418,price_oracle,-1,0:143,True,day_ahead,,b63525e215038312bcac677cd51377a3730f49ad2c601d8b339a103b6bed2000
2025-06-27,06:00,36,342.98252094055715,True,1131.2198751044211,price_oracle,-1,36:143,True,tau_36,b63525e215038312bcac677cd51377a3730f49ad2c601d8b339a103b6bed2000,68c642e0141e1a4a8f27321052fda3b523980cdbc7571a80d07a5b0e110cc94b
2025-06-27,12:00,72,169.54004823345167,True,277.30363194445215,price_oracle,-1,72:143,True,tau_72,68c642e0141e1a4a8f27321052fda3b523980cdbc7571a80d07a5b0e110cc94b,461abcb3dcd86c5319ac7e85ce24060cad605b98b520440a974fbe53fc4fa2cf
2025-06-27,18:00,108,0.1349823167292925,True,1.056199091720714,price_oracle,-1,108:143,True,tau_108,461abcb3dcd86c5319ac7e85ce24060cad605b98b520440a974fbe53fc4fa2cf,1fbb3b4bbe8c6e1811dc9cfcb300b79ae259e8aebbcd89c4721526a10b42a3fd
2025-06-28,00:00,0,,True,39398.19266397269,price_oracle,-1,0:143,True,day_ahead,,456c766620bba891fdd2ada3e5c89a6c5e3d668810086bcb6e9d266d0c83d873
2025-06-28,06:00,36,673.9760236869915,True,627.5875644403931,price_oracle,-1,36:143,True,tau_36,456c766620bba891fdd2ada3e5c89a6c5e3d668810086bcb6e9d266d0c83d873,8c2d11ce8abad033ce5ef44bc4850c00359096e05c21fa23c085be4c72ee60b3
2025-06-28,12:00,72,591.6611230635026,True,246.92065674449861,price_oracle,-1,72:143,True,tau_72,8c2d11ce8abad033ce5ef44bc4850c00359096e05c21fa23c085be4c72ee60b3,42897d8d328ced55ec2c89e631dff0769d94f14d2b1447ba083524e615ce78f6
2025-06-28,18:00,108,3.3875364158229786,True,44.25066646359787,price_oracle,-1,108:143,True,tau_108,42897d8d328ced55ec2c89e631dff0769d94f14d2b1447ba083524e615ce78f6,f398c07de003edea24874a4cc795f21e2f618e607b9984f4f77dca800f931127
2025-06-29,00:00,0,,True,61035.464017237915,price_oracle,-1,0:143,True,day_ahead,,97a68b33df00ccf542dc3d0542455ca5365dd28af65f9b75500b820e97e2d494
2025-06-29,06:00,36,10576.78111555212,True,3671.7683985863596,price_oracle,-1,36:143,True,tau_36,97a68b33df00ccf542dc3d0542455ca5365dd28af65f9b75500b820e97e2d494,449b2017254f5ecc51875468c26afdd80dc6f377a334e5e161674d93eae3ed40
2025-06-29,12:00,72,2603.9726046027936,True,1721.8600889407232,price_oracle,-1,72:143,True,tau_72,449b2017254f5ecc51875468c26afdd80dc6f377a334e5e161674d93eae3ed40,793c73951d7ecf84d6eb861275419bc5a1751fade1caa0e1bab53ae03e2bbda5
2025-06-29,18:00,108,29.873468916674028,True,6.567317096217607,price_oracle,-1,108:143,True,tau_108,793c73951d7ecf84d6eb861275419bc5a1751fade1caa0e1bab53ae03e2bbda5,aea943b9080ed25adfd6f590377915b3052ed8596bdae65a3767ad8296b352dc
2025-06-30,00:00,0,,True,73204.0522388109,price_oracle,-1,0:143,True,day_ahead,,380a2831af43571f91449fd8794f759b3d76e0f9212a0b206608287c5516f308
2025-06-30,06:00,36,2833.0854502412985,True,2028.2542691060337,price_oracle,-1,36:143,True,tau_36,380a2831af43571f91449fd8794f759b3d76e0f9212a0b206608287c5516f308,7a9a78d66e0f9c54c9f1bdcbcb7fe71581cbd9782be457510ed049f45db2c14f
2025-06-30,12:00,72,3461.3861261094717,True,1755.5401769455982,price_oracle,-1,72:143,True,tau_72,7a9a78d66e0f9c54c9f1bdcbcb7fe71581cbd9782be457510ed049f45db2c14f,bcfb0b79964dae73e1c0fbce33a6a566ff5c5607d98aee12adcbddff5eea772d
2025-06-30,18:00,108,52.177724534019944,True,27.585450438309977,price_oracle,-1,108:143,True,tau_108,bcfb0b79964dae73e1c0fbce33a6a566ff5c5607d98aee12adcbddff5eea772d,f23ba708f7534b16d3836801922495310030116d5cd59751dbf2e4b6c09a4286
2025-07-01,00:00,0,,True,62555.88142242333,price_oracle,-1,0:143,True,day_ahead,,d8cbee57d8fd59a6db13febb86a14279a27271e7607e7b4fda215c3345d0c3b2
2025-07-01,06:00,36,6951.399302827587,True,2761.4633555178866,price_oracle,-1,36:143,True,tau_36,d8cbee57d8fd59a6db13febb86a14279a27271e7607e7b4fda215c3345d0c3b2,e692ae1ff5635160e6b338d6c8a0d520f433f2a2db29849e3fcece5a04870529
2025-07-01,12:00,72,2361.305397179458,True,1343.9062171643914,price_oracle,-1,72:143,True,tau_72,e692ae1ff5635160e6b338d6c8a0d520f433f2a2db29849e3fcece5a04870529,bf378c07620390ad1c87aec883d6cad25aeafc293fb39636c560b8a6fdfe065e
2025-07-01,18:00,108,8.467902699150727,True,4.192925337939812,price_oracle,-1,108:143,True,tau_108,bf378c07620390ad1c87aec883d6cad25aeafc293fb39636c560b8a6fdfe065e,a5225953120e0de4882559590701b14806eaa4e6709f982e4ae3c7b5034d444d
2025-07-02,00:00,0,,True,59658.496571475596,price_oracle,-1,0:143,True,day_ahead,,5f59c3a55c726b05b46fcc7e10ea943d41c37897f6a0a77170f8455f9e9997fd
2025-07-02,06:00,36,1026.7035048887483,True,591.0720859500889,price_oracle,-1,36:143,True,tau_36,5f59c3a55c726b05b46fcc7e10ea943d41c37897f6a0a77170f8455f9e9997fd,2f7766c53bd2525cc9648e0de1a13b19a71871cf036dff6b765801dbdeddcb99
2025-07-02,12:00,72,1860.0509033159906,True,1021.3748879024582,price_oracle,-1,72:143,True,tau_72,2f7766c53bd2525cc9648e0de1a13b19a71871cf036dff6b765801dbdeddcb99,370ba656e21c159fb8a26fbd2fb064ae34dd11be10dc643b82ba03bab448d530
2025-07-02,18:00,108,106.12514596511028,True,22.77412545925631,price_oracle,-1,108:143,True,tau_108,370ba656e21c159fb8a26fbd2fb064ae34dd11be10dc643b82ba03bab448d530,2fa1fa0f295f39f9b7ee604ec2afd6139a8a0e599a6217901c67cd8add4b631f
2025-07-03,00:00,0,,True,68399.42686965116,price_oracle,-1,0:143,True,day_ahead,,4c45d0b8aa95e3734658f7eb9e1b8f2a521ed699411913a48b682fe86dc42496
2025-07-03,06:00,36,6009.769918367812,True,2616.077244694447,price_oracle,-1,36:143,True,tau_36,4c45d0b8aa95e3734658f7eb9e1b8f2a521ed699411913a48b682fe86dc42496,f9d517596e9d6cce808ce72884df176264bed53ce73f329691de1e12050fc0b9
2025-07-03,12:00,72,1078.7312590445945,True,1135.7479147964418,price_oracle,-1,72:143,True,tau_72,f9d517596e9d6cce808ce72884df176264bed53ce73f329691de1e12050fc0b9,38b091445640bee89fa1f64dca3864d7ca08b7c660055cf720d41b473ff84877
2025-07-03,18:00,108,9.943282593063486,True,14.775541653590594,price_oracle,-1,108:143,True,tau_108,38b091445640bee89fa1f64dca3864d7ca08b7c660055cf720d41b473ff84877,aaa3f08431f2c57478dacde19d0e424461e5311a88911b1008ab10931171673b
2025-07-04,00:00,0,,True,31073.887667072824,price_oracle,-1,0:143,True,day_ahead,,5f37ef88707e8211be5a54961b9a84beac78620a4a942de3f530841936ba9acf
2025-07-04,06:00,36,1396.7025074084486,True,581.1529654541208,price_oracle,-1,36:143,True,tau_36,5f37ef88707e8211be5a54961b9a84beac78620a4a942de3f530841936ba9acf,62e242dff60f7189e7076ceb12005009356df2ce5ac017e538adf99e8e3344b8
2025-07-04,12:00,72,546.270951740371,True,543.6663833427542,price_oracle,-1,72:143,True,tau_72,62e242dff60f7189e7076ceb12005009356df2ce5ac017e538adf99e8e3344b8,6f072a9e091000a8db06ca6182bb03fb95bf35895951c3f7fb59559da7775147
2025-07-04,18:00,108,520.553797395718,True,122.02958390981425,price_oracle,-1,108:143,True,tau_108,6f072a9e091000a8db06ca6182bb03fb95bf35895951c3f7fb59559da7775147,4cff756322597df67fa083a4bae18c5ba387d7ca6cbfb58d7ce082425daa21d1
2025-07-05,00:00,0,,True,35764.63582713305,price_oracle,-1,0:143,True,day_ahead,,c35c9ef08aa3a7b25847aeec29d43eeedd86d2ee526af4e9a7da9cfddcd08d0d
2025-07-05,06:00,36,64.72297382069519,True,204.38694021763033,price_oracle,-1,36:143,True,tau_36,c35c9ef08aa3a7b25847aeec29d43eeedd86d2ee526af4e9a7da9cfddcd08d0d,20d8865ef9aa97fa84a9fec2df217d6c2d31325a0a5ac7ac498a368d1646358a
2025-07-05,12:00,72,656.81923059775,True,206.06385157294943,price_oracle,-1,72:143,True,tau_72,20d8865ef9aa97fa84a9fec2df217d6c2d31325a0a5ac7ac498a368d1646358a,a02de348b443a543f025b27302fde771ced57ce2eee03ebdcb61aa02a0aafb43
2025-07-05,18:00,108,231.35563480122073,True,55.35221102482808,price_oracle,-1,108:143,True,tau_108,a02de348b443a543f025b27302fde771ced57ce2eee03ebdcb61aa02a0aafb43,b33b09aa74ce4fbbd06e466556d6b58d8e07eb35e16c1594fb1cfe2dc5615521
2025-07-06,00:00,0,,True,59504.723774253725,price_oracle,-1,0:143,True,day_ahead,,d6ac05dea0b96b528d9c64445071be6bc9aaf5dfd474d7674965a62c0e26d3ef
2025-07-06,06:00,36,18126.30553021247,True,8185.860612546478,price_oracle,-1,36:143,True,tau_36,d6ac05dea0b96b528d9c64445071be6bc9aaf5dfd474d7674965a62c0e26d3ef,602d842062f4820e2e85919cb10414d3bec993312682299cc9c64f9c26a384d4
2025-07-06,12:00,72,1672.424998884031,True,917.4009962708137,price_oracle,-1,72:143,True,tau_72,602d842062f4820e2e85919cb10414d3bec993312682299cc9c64f9c26a384d4,ca5fb688ac56768d4499c73c950d39500838e7340b4a97a342e42f73730dcd0d
2025-07-06,18:00,108,7.578547346944106,True,3.7025417433937236,price_oracle,-1,108:143,True,tau_108,ca5fb688ac56768d4499c73c950d39500838e7340b4a97a342e42f73730dcd0d,02c46add2691a838a04782f4f268f90a7fe8aba550710a2b66440d332be4d3a0
2025-07-07,00:00,0,,True,62597.468928119706,price_oracle,-1,0:143,True,day_ahead,,8988771e4b5a4057635e654b3e41ac353546dafc69c4a2fa26804cf527b50e9e
2025-07-07,06:00,36,1225.2505696186854,True,3331.498379652428,price_oracle,-1,36:143,True,tau_36,8988771e4b5a4057635e654b3e41ac353546dafc69c4a2fa26804cf527b50e9e,5b448b28749fb0546fd675331d1045a87dcee0ebc81add379f3fd085672f7633
2025-07-07,12:00,72,12199.66346161408,True,3887.9487941785574,price_oracle,-1,72:143,True,tau_72,5b448b28749fb0546fd675331d1045a87dcee0ebc81add379f3fd085672f7633,2100fcd29a7068e1027a3f47e19acc5ae8a61924247b510cbed1b23c75a68652
2025-07-07,18:00,108,31.45376254362054,True,44.624625247044676,price_oracle,-1,108:143,True,tau_108,2100fcd29a7068e1027a3f47e19acc5ae8a61924247b510cbed1b23c75a68652,7cc7eec25fbb987bdf2798f1ffb5d46871912caccf2f9ccc04c57dbf3ec09fad
2025-07-08,00:00,0,,True,70195.84096306306,price_oracle,-1,0:143,True,day_ahead,,e0933fd368e15bc8ee397811e3fb256335be4022cb83c5ac7016c800232e5a02
2025-07-08,06:00,36,1800.5549451084516,True,4353.37897320735,price_oracle,-1,36:143,True,tau_36,e0933fd368e15bc8ee397811e3fb256335be4022cb83c5ac7016c800232e5a02,60a59f1cce1e125b2a52a800b462f9bab8c230043dc84e7689ca78ae005156cc
2025-07-08,12:00,72,7569.439685518693,True,2982.322123117361,price_oracle,-1,72:143,True,tau_72,60a59f1cce1e125b2a52a800b462f9bab8c230043dc84e7689ca78ae005156cc,aa7ee6df023ba47d0ec3e5f3b8e9d646cf20cb6ac9bd862bf1cb8a579fe69003
2025-07-08,18:00,108,28.166117496803054,True,5.965708692210638,price_oracle,-1,108:143,True,tau_108,aa7ee6df023ba47d0ec3e5f3b8e9d646cf20cb6ac9bd862bf1cb8a579fe69003,c73914eda86521bfacd32bcd0a3535ef8c877d40cc2c0ee99de4d6530b7d63d8
2025-07-09,00:00,0,,True,71214.21709543822,price_oracle,-1,0:143,True,day_ahead,,bf8c5f45372544bc24ba0dff3d3606b1a5457ea474a3085c2a44150b9ec623d1
2025-07-09,06:00,36,700.6576873237791,True,1928.3729769507856,price_oracle,-1,36:143,True,tau_36,bf8c5f45372544bc24ba0dff3d3606b1a5457ea474a3085c2a44150b9ec623d1,2e99d06f3a6d42291581e4079123f293f58e89abcd69906480cb33d02c835843
2025-07-09,12:00,72,3059.5067861941207,True,1976.0109950619667,price_oracle,-1,72:143,True,tau_72,2e99d06f3a6d42291581e4079123f293f58e89abcd69906480cb33d02c835843,b8b6596bc5b0f4716dade54be3bab147676a3e3f1dd2295e6130a1246f629605
2025-07-09,18:00,108,75.87067307162215,True,36.31079166681684,price_oracle,-1,108:143,True,tau_108,b8b6596bc5b0f4716dade54be3bab147676a3e3f1dd2295e6130a1246f629605,1b43f5ff45d1dff3c48abad3e03795d6cd6721ff57c3a05e70b7e1805ea64794
2025-07-10,00:00,0,,True,62696.230592797845,price_oracle,-1,0:143,True,day_ahead,,9d427c0cecc2acbfdd635a88c03e0a38fc3c2a94735d75ecaa8c2b0345e62f94
2025-07-10,06:00,36,7065.158480519174,True,2984.8955659432713,price_oracle,-1,36:143,True,tau_36,9d427c0cecc2acbfdd635a88c03e0a38fc3c2a94735d75ecaa8c2b0345e62f94,6367ce74ddcde8045b177e227f84a749d618b120736b8f451a99b512bb4b2e3e
2025-07-10,12:00,72,1426.3600532502169,True,1954.3290146726213,price_oracle,-1,72:143,True,tau_72,6367ce74ddcde8045b177e227f84a749d618b120736b8f451a99b512bb4b2e3e,73a04813659fdb0d946546567dec9c79a1b00f30cbdb82a31edc7ba284251ef8
2025-07-10,18:00,108,85.76278735500819,True,18.326792010558886,price_oracle,-1,108:143,True,tau_108,73a04813659fdb0d946546567dec9c79a1b00f30cbdb82a31edc7ba284251ef8,1b256505e74ffa35506c7ae39cd45dbe3fc6e14824dae4e157da0ccf26406239
2025-07-11,00:00,0,,True,34667.93935951768,price_oracle,-1,0:143,True,day_ahead,,934c9f5af11128fef7856db8775876142ed1a4ea9ddd7754c3566fe79ce9e874
2025-07-11,06:00,36,186.06643237073877,True,551.1058222661131,price_oracle,-1,36:143,True,tau_36,934c9f5af11128fef7856db8775876142ed1a4ea9ddd7754c3566fe79ce9e874,601927a35c5178997ce518f4b1d0135b5e59f60a9a093f2a4d8b8954d9d5e8ef
2025-07-11,12:00,72,186.41333803741873,True,508.5801452160537,price_oracle,-1,72:143,True,tau_72,601927a35c5178997ce518f4b1d0135b5e59f60a9a093f2a4d8b8954d9d5e8ef,d8ba8b6014211ad1ee961d1f63b7507b37bb9347ab21dd5ff714a3c13540cfe7
2025-07-11,18:00,108,151.86532314000215,True,27.975250652428997,price_oracle,-1,108:143,True,tau_108,d8ba8b6014211ad1ee961d1f63b7507b37bb9347ab21dd5ff714a3c13540cfe7,f9f5e667ace21b7702216d37f7525b73fafa9a5c64bfbb051c74482e00dd20f4
2025-07-12,00:00,0,,True,38703.48253221126,price_oracle,-1,0:143,True,day_ahead,,69e9263c8efd578bb8c04b29685d144faf72893c6cc70dda344981bbb18668d6
2025-07-12,06:00,36,1915.6735165506907,True,735.3605170869048,price_oracle,-1,36:143,True,tau_36,69e9263c8efd578bb8c04b29685d144faf72893c6cc70dda344981bbb18668d6,67ccabee880aebd0372411054445e160437c15ae23432aa0f3162b91f6190c73
2025-07-12,12:00,72,1081.6412295975751,True,968.6421208722359,price_oracle,-1,72:143,True,tau_72,67ccabee880aebd0372411054445e160437c15ae23432aa0f3162b91f6190c73,532060454d2178c893cb3c53e5b69b44258a7fae58963f693294353273e6cb63
2025-07-12,18:00,108,9.431578483548947,True,6.042208333395649,price_oracle,-1,108:143,True,tau_108,532060454d2178c893cb3c53e5b69b44258a7fae58963f693294353273e6cb63,792f47c60a33c47801aac84fc5e2f94d960b1eb58807cfca5dc90f6367ca2413
2025-07-13,00:00,0,,True,64659.64842948274,price_oracle,-1,0:143,True,day_ahead,,6ef33aa92d353de080108d392369c346e43658648554f4e4af82411ac32730cc
2025-07-13,06:00,36,2085.0397053043125,True,5565.327866139314,price_oracle,-1,36:143,True,tau_36,6ef33aa92d353de080108d392369c346e43658648554f4e4af82411ac32730cc,ea7ab6f30280b3975ed8106a801eeab98fe9b561fd64afc90047e0572b61a5b2
2025-07-13,12:00,72,262.3232964784256,True,1756.0974136958134,price_oracle,-1,72:143,True,tau_72,ea7ab6f30280b3975ed8106a801eeab98fe9b561fd64afc90047e0572b61a5b2,6201fffe8df03420e30c99bd4bd5f3a71695f9cb7a4f3c0d2b86e0974ddac786
2025-07-13,18:00,108,234.11751782498322,True,37.811875000061605,price_oracle,-1,108:143,True,tau_108,6201fffe8df03420e30c99bd4bd5f3a71695f9cb7a4f3c0d2b86e0974ddac786,d7b282c4a22c1db95c0056e2f886441930491b0cd6cd028b147908e82dec690d
2025-07-14,00:00,0,,True,66584.75590333677,price_oracle,-1,0:143,True,day_ahead,,6a66b10815e45825934e45949c1e7f9fce54a049af777370cba2ae74f250f67e
2025-07-14,06:00,36,2045.876977190579,True,2780.995266550785,price_oracle,-1,36:143,True,tau_36,6a66b10815e45825934e45949c1e7f9fce54a049af777370cba2ae74f250f67e,575342f38bd83cae6755c352a75713829d8b84e9646a4c506175381e62a952ed
2025-07-14,12:00,72,3372.379806764555,True,1344.190350020997,price_oracle,-1,72:143,True,tau_72,575342f38bd83cae6755c352a75713829d8b84e9646a4c506175381e62a952ed,c751c38d16901a1a886011cb917c0aaaa21c71b63e0bf4964dec0a2ba9c1b72b
2025-07-14,18:00,108,19.136055306677008,True,9.418833728810341,price_oracle,-1,108:143,True,tau_108,c751c38d16901a1a886011cb917c0aaaa21c71b63e0bf4964dec0a2ba9c1b72b,539d9ce46bebf2fa9a1e45033d8b99286d1cec0eefd3cd511c035d336dada853
2025-07-15,00:00,0,,True,71987.7004300903,price_oracle,-1,0:143,True,day_ahead,,c680e2286ca70c2402ecc8b17b3c1dbdbfd2bcf53931877d05ea1f4817d31085
2025-07-15,06:00,36,2266.91256348195,True,5044.93921657371,price_oracle,-1,36:143,True,tau_36,c680e2286ca70c2402ecc8b17b3c1dbdbfd2bcf53931877d05ea1f4817d31085,b614e977e9ba600ebb874d02911dec9ba58713f14743d98bbc5a783c5bea77e9
2025-07-15,12:00,72,2579.95005563795,True,1913.8180242286023,price_oracle,-1,72:143,True,tau_72,b614e977e9ba600ebb874d02911dec9ba58713f14743d98bbc5a783c5bea77e9,2d59bbacbce97b90233832635b87eea2ff916ee9a509598e102e05f5f72dc465
2025-07-15,18:00,108,28.449953678253223,True,5.892166671219911,price_oracle,-1,108:143,True,tau_108,2d59bbacbce97b90233832635b87eea2ff916ee9a509598e102e05f5f72dc465,dcd8d52e26899989cee19fd448b9370059cc1af1f668f64540145fbe92d5aab8
2025-07-16,00:00,0,,True,66466.25885182922,price_oracle,-1,0:143,True,day_ahead,,8dd3311f5f77c69d7820f3f93641d0beaea58ffc0009098f8e9588568f59c2ce
2025-07-16,06:00,36,1140.0687911926943,True,2738.1894892954087,price_oracle,-1,36:143,True,tau_36,8dd3311f5f77c69d7820f3f93641d0beaea58ffc0009098f8e9588568f59c2ce,0d7db25ef0312be857749a94abab73689aec006a80beaeea0a96cad02dd0163a
2025-07-16,12:00,72,7580.691112116969,True,2851.8321998449237,price_oracle,-1,72:143,True,tau_72,0d7db25ef0312be857749a94abab73689aec006a80beaeea0a96cad02dd0163a,ea9c7b53dbfd59b820b56aff77f90d5ff5daf1b78202371e06ea950af17bb7f2
2025-07-16,18:00,108,12.223110924038338,True,16.56041666884795,price_oracle,-1,108:143,True,tau_108,ea9c7b53dbfd59b820b56aff77f90d5ff5daf1b78202371e06ea950af17bb7f2,28e9d65e9cef55a0646f731fa80e7d235cd0161beb5addf54894044609ef943b
2025-07-17,00:00,0,,True,67525.35523991298,price_oracle,-1,0:143,True,day_ahead,,81cca9043a3a9ebfa763c51387a73fb72b6d5a207b178344931ef0dc30cf717f
2025-07-17,06:00,36,8461.792501514748,True,3425.6032245235338,price_oracle,-1,36:143,True,tau_36,81cca9043a3a9ebfa763c51387a73fb72b6d5a207b178344931ef0dc30cf717f,1682e35041cf35003fa25c3559c1fb44b9ef6e45156c3ed4ec72d35e88b49e07
2025-07-17,12:00,72,1389.8028024520609,True,844.0485597285947,price_oracle,-1,72:143,True,tau_72,1682e35041cf35003fa25c3559c1fb44b9ef6e45156c3ed4ec72d35e88b49e07,94d1e1fcea6c97caba787c87d4425afe0e62fc74bf3b21c6622e2e7cae8e749a
2025-07-17,18:00,108,28.44800916998065,True,13.659000000017159,price_oracle,-1,108:143,True,tau_108,94d1e1fcea6c97caba787c87d4425afe0e62fc74bf3b21c6622e2e7cae8e749a,f31187e67968c62421ce79cd49caf3423f648f56d1f739f50398dae30572af55
2025-07-18,00:00,0,,True,36823.718905809634,price_oracle,-1,0:143,True,day_ahead,,871207e725386528b4150ad75e9cb89caf472a61536abd72399a245dd7c0ceb0
2025-07-18,06:00,36,411.6337362648628,True,1044.3732255979148,price_oracle,-1,36:143,True,tau_36,871207e725386528b4150ad75e9cb89caf472a61536abd72399a245dd7c0ceb0,c510ed0c5a3d3eae1dd67821a3f386523266cb60a820340f9ef6529d9df6a1a2
2025-07-18,12:00,72,208.04513106806553,True,610.9732407342206,price_oracle,-1,72:143,True,tau_72,c510ed0c5a3d3eae1dd67821a3f386523266cb60a820340f9ef6529d9df6a1a2,7c9c5b06458a883962159c92e2b6e677973696e6189baf5435d834e4078321cc
2025-07-18,18:00,108,194.93870636199426,True,40.68375043278172,price_oracle,-1,108:143,True,tau_108,7c9c5b06458a883962159c92e2b6e677973696e6189baf5435d834e4078321cc,08a182f1a8a7c8660dfbfa6e5f40b28255fbc67570d4adddfde0b851bd450e9e
2025-07-19,00:00,0,,True,45335.60011165641,price_oracle,-1,0:143,True,day_ahead,,b297b01ad88bde6db57ba4057254ec5901f8ca6df316d90c4e0a0b54909a54aa
2025-07-19,06:00,36,757.4708401828248,True,2066.3695200207712,price_oracle,-1,36:143,True,tau_36,b297b01ad88bde6db57ba4057254ec5901f8ca6df316d90c4e0a0b54909a54aa,fc2f5bdbed39611e784699a6a38d823f6d04110afe2ff9d9ad5d0181fe46952b
2025-07-19,12:00,72,1932.9730159317332,True,603.3183500026257,price_oracle,-1,72:143,True,tau_72,fc2f5bdbed39611e784699a6a38d823f6d04110afe2ff9d9ad5d0181fe46952b,ae912a5e8932a978c182dece689977f3b0b890897a1043289b1fcc5e4a49423e
2025-07-19,18:00,108,30.52794044098846,True,23.003625002655667,price_oracle,-1,108:143,True,tau_108,ae912a5e8932a978c182dece689977f3b0b890897a1043289b1fcc5e4a49423e,3427aff08e03e4301229413f31fab3262ebe267a623a980d66cba39b4c8db11d
2025-07-20,00:00,0,,True,64937.815912345795,price_oracle,-1,0:143,True,day_ahead,,0290c585ba1997ba205d45707af3672f5c9f078f4e9572322cefe05bcad91a8a
2025-07-20,06:00,36,3036.5456925683684,True,2191.6947457395463,price_oracle,-1,36:143,True,tau_36,0290c585ba1997ba205d45707af3672f5c9f078f4e9572322cefe05bcad91a8a,59c05d65624ecf5c018dd68c0064f1594f710743105a9fa2abff33511c199f87
2025-07-20,12:00,72,1663.3794763507758,True,1777.0794590181113,price_oracle,-1,72:143,True,tau_72,59c05d65624ecf5c018dd68c0064f1594f710743105a9fa2abff33511c199f87,e1ee3189baac0d4e80221f5d1fcf518310d070bbcd964a5406688290db8c0b63
2025-07-20,18:00,108,31.38147342055163,True,15.133958334406998,price_oracle,-1,108:143,True,tau_108,e1ee3189baac0d4e80221f5d1fcf518310d070bbcd964a5406688290db8c0b63,417b18a9bc073eb1bd1764c8e7547a3166410b65f9c50fb340aee2fa7656487c
2025-07-21,00:00,0,,True,72262.69378920287,price_oracle,-1,0:143,True,day_ahead,,670e18ef38a1990539127099cfb6a558e6ebc644969aa268310c4158ee95adf0
2025-07-21,06:00,36,1307.8064431132225,True,3765.637224654924,price_oracle,-1,36:143,True,tau_36,670e18ef38a1990539127099cfb6a558e6ebc644969aa268310c4158ee95adf0,9a2adb16bff06d003a2d68651a87cfff6c74483afaa896a934ddc2a40fe2db66
2025-07-21,12:00,72,11541.008246897502,True,3759.2301209705156,price_oracle,-1,72:143,True,tau_72,9a2adb16bff06d003a2d68651a87cfff6c74483afaa896a934ddc2a40fe2db66,876cf884cc1c564593395965b573d243a667c57f6f053c72b079a9cb82e2d050
2025-07-21,18:00,108,32.72924496665655,True,16.0500420159873,price_oracle,-1,108:143,True,tau_108,876cf884cc1c564593395965b573d243a667c57f6f053c72b079a9cb82e2d050,32d18baa93dc9c45c05d3eecb89e20068d5e7443317a066d121bd0b8c1779d28
2025-07-22,00:00,0,,True,72118.51283872408,price_oracle,-1,0:143,True,day_ahead,,6bad4f9f94068008f48d76e7b619bd213e0936c4a88093d9d1c1c62b084116e9
2025-07-22,06:00,36,23081.507205504502,True,9905.895153729773,price_oracle,-1,36:143,True,tau_36,6bad4f9f94068008f48d76e7b619bd213e0936c4a88093d9d1c1c62b084116e9,53f77048c309fee8f926b60b7d3debc27fcdd871400664b974701aad3e876d43
2025-07-22,12:00,72,6595.971914350201,True,5962.771216595146,price_oracle,-1,72:143,True,tau_72,53f77048c309fee8f926b60b7d3debc27fcdd871400664b974701aad3e876d43,1f048a1b6cea3cc7314368ac118c2148ad686e01e8349356d4314f20468443f0
2025-07-22,18:00,108,86.83500952301256,True,18.452958448606978,price_oracle,-1,108:143,True,tau_108,1f048a1b6cea3cc7314368ac118c2148ad686e01e8349356d4314f20468443f0,0c571a9754b22b68d358a10b6c1012f7c9cf4bb15580ef554a389bb8498eb5e3
2025-07-23,00:00,0,,True,82835.39463194522,price_oracle,-1,0:143,True,day_ahead,,846f8adf9850c6fc74149263a370c631c953289defdb662058f8c598a8f2726f
2025-07-23,06:00,36,3279.066282497137,True,9909.507898554111,price_oracle,-1,36:143,True,tau_36,846f8adf9850c6fc74149263a370c631c953289defdb662058f8c598a8f2726f,a1007fdd2aabc32e4d336fe62d83ca0bff09340f0d86c8582d49a1b60f3af22b
2025-07-23,12:00,72,2198.1670587297704,True,812.7338763012434,price_oracle,-1,72:143,True,tau_72,a1007fdd2aabc32e4d336fe62d83ca0bff09340f0d86c8582d49a1b60f3af22b,ec9c02ca0b553522779dffec3f80912c2ccfb3551cfffbc5aa85e6fc74ce89bf
2025-07-23,18:00,108,60.35015626666427,True,29.17933333350561,price_oracle,-1,108:143,True,tau_108,ec9c02ca0b553522779dffec3f80912c2ccfb3551cfffbc5aa85e6fc74ce89bf,acfb9e23b0e22fa9dce1922b88f2de516617cb993bace7b9bc3be4b44b9829d1
2025-07-24,00:00,0,,True,81553.16441927981,price_oracle,-1,0:143,True,day_ahead,,9898e1ce5d3f7f818b284fabe124416cb0319b13390a248dc1566dd48ce38a59
2025-07-24,06:00,36,2199.572830530582,True,6584.226091909017,price_oracle,-1,36:143,True,tau_36,9898e1ce5d3f7f818b284fabe124416cb0319b13390a248dc1566dd48ce38a59,39c1cc31ca9ae0dbeb55e5eb1a0a8257e9c11939e7c6549d64a8a6cd20834a08
2025-07-24,12:00,72,222.26203388693102,True,923.8717624329148,price_oracle,-1,72:143,True,tau_72,39c1cc31ca9ae0dbeb55e5eb1a0a8257e9c11939e7c6549d64a8a6cd20834a08,3693b658f22008b36736817c9494cedbfa2b69aa0fab5419db1bc650e353400d
2025-07-24,18:00,108,170.57864981875173,True,27.699208333369825,price_oracle,-1,108:143,True,tau_108,3693b658f22008b36736817c9494cedbfa2b69aa0fab5419db1bc650e353400d,5fc8f358f94ac705b88efc229e3648ee4322ccbda7d685f98c9e74520657d46d
2025-07-25,00:00,0,,True,37270.196662902046,price_oracle,-1,0:143,True,day_ahead,,043a52c42c9ce72ae4331c18e8bef1f630213175fbb6c48908b91829296e024d
2025-07-25,06:00,36,830.8777871463171,True,527.0818892599102,price_oracle,-1,36:143,True,tau_36,043a52c42c9ce72ae4331c18e8bef1f630213175fbb6c48908b91829296e024d,259959e99790072d70d7f03559b65716640b94dcb3f884c28d7afdd93bb532e7
2025-07-25,12:00,72,193.17470587734715,True,218.50562500002252,price_oracle,-1,72:143,True,tau_72,259959e99790072d70d7f03559b65716640b94dcb3f884c28d7afdd93bb532e7,ede36751d8e5c119e7ab5821e68a8a668ca4406fbc5a81a79af465804f5b7763
2025-07-25,18:00,108,42.07694995748534,True,25.70825000005516,price_oracle,-1,108:143,True,tau_108,ede36751d8e5c119e7ab5821e68a8a668ca4406fbc5a81a79af465804f5b7763,f01aa37bc9e0be1381c30f4416bc18a8a2883a2161b3562598063c9d7e6e9467
2025-07-26,00:00,0,,True,46518.7798340636,price_oracle,-1,0:143,True,day_ahead,,be3de5d794d5c2bc0d443defca178f5933742c1a8331f128a71fbfe98b5d55b6
2025-07-26,06:00,36,1460.630704955125,True,528.2516087345548,price_oracle,-1,36:143,True,tau_36,be3de5d794d5c2bc0d443defca178f5933742c1a8331f128a71fbfe98b5d55b6,a7676ae0b8479bfb156d3593a735e35a1763e689fb17ccac6b3b968f775308db
2025-07-26,12:00,72,288.59099955017155,True,222.84123055570552,price_oracle,-1,72:143,True,tau_72,a7676ae0b8479bfb156d3593a735e35a1763e689fb17ccac6b3b968f775308db,a6279c192e8277b7cbb37ef4735d1fca1ae43eab3da5a11eb2e9fcb9b691dfd5
2025-07-26,18:00,108,22.233946667198325,True,5.253375006332703,price_oracle,-1,108:143,True,tau_108,a6279c192e8277b7cbb37ef4735d1fca1ae43eab3da5a11eb2e9fcb9b691dfd5,bd48f783af9d68e11a735b05abc16aefe4d60ec7f7a5a458e3438edd4f2e1afe
2025-07-27,00:00,0,,True,66066.97148390219,price_oracle,-1,0:143,True,day_ahead,,c438f3fa6f78c5a04a621be0fe9308a552ca4678890697d470b6c70c9166737b
2025-07-27,06:00,36,5585.766860607488,True,3748.3918315576534,price_oracle,-1,36:143,True,tau_36,c438f3fa6f78c5a04a621be0fe9308a552ca4678890697d470b6c70c9166737b,b95cb6e292ef54a5cca2eff503eae42d16fe6d4177d19ad0cdefa9dfcced30fe
2025-07-27,12:00,72,3084.0983324773842,True,1424.3736766045877,price_oracle,-1,72:143,True,tau_72,b95cb6e292ef54a5cca2eff503eae42d16fe6d4177d19ad0cdefa9dfcced30fe,82aa628df854d29c0196d14d2cfc913066853751a746382a8160093957d8345c
2025-07-27,18:00,108,4.55681504374661,True,2.1682086873102744,price_oracle,-1,108:143,True,tau_108,82aa628df854d29c0196d14d2cfc913066853751a746382a8160093957d8345c,ed9f6e4a5d07a27f0849c73736e53af34431414a996f4e8ccbaf07216530a625
2025-07-28,00:00,0,,True,76702.67702026776,price_oracle,-1,0:143,True,day_ahead,,8667c85892218a12520243b729da2ac537a1bc47e2d4e651d0af3c222478ab4e
2025-07-28,06:00,36,6496.759405680015,True,1902.3031322809284,price_oracle,-1,36:143,True,tau_36,8667c85892218a12520243b729da2ac537a1bc47e2d4e651d0af3c222478ab4e,0ce25cc9402ae9265ce425c2ed093e62750116918e0e8ba0bb744c457681ef73
2025-07-28,12:00,72,1131.4363844866748,True,819.5497692683279,price_oracle,-1,72:143,True,tau_72,0ce25cc9402ae9265ce425c2ed093e62750116918e0e8ba0bb744c457681ef73,2bd4656ca19a2d054646c7c8d319bae854b6e9fa7485ab76c1f5787feeb2e7a8
2025-07-28,18:00,108,73.80443810056022,True,15.458833677657367,price_oracle,-1,108:143,True,tau_108,2bd4656ca19a2d054646c7c8d319bae854b6e9fa7485ab76c1f5787feeb2e7a8,c9187672ca3cf8902e4ab969e2c11e9e6ee1d2afd708e8b329f445acca825e61
2025-07-29,00:00,0,,True,77340.32668899046,price_oracle,-1,0:143,True,day_ahead,,9b3860821f0f03eba8c8dd57870df0bbe44c607be518acaeb19e32eebbfc0f1b
2025-07-29,06:00,36,11490.39513785977,True,5122.333681332655,price_oracle,-1,36:143,True,tau_36,9b3860821f0f03eba8c8dd57870df0bbe44c607be518acaeb19e32eebbfc0f1b,7d17401529fa46e54a53e1d1ff84e0c83588f3bc12c2dc61336f1f7487da1f38
2025-07-29,12:00,72,2978.258775001188,True,1116.7963631642142,price_oracle,-1,72:143,True,tau_72,7d17401529fa46e54a53e1d1ff84e0c83588f3bc12c2dc61336f1f7487da1f38,36190a323064de5a358fc41ad11cfc319392fbdc15ab70194f71715591a902e7
2025-07-29,18:00,108,106.34275054917089,True,51.393917024978705,price_oracle,-1,108:143,True,tau_108,36190a323064de5a358fc41ad11cfc319392fbdc15ab70194f71715591a902e7,ec563993f8500b9018a9bdf0895c3b4bd9fb870ac8da0073758a84bfa8ef88b4
2025-07-30,00:00,0,,True,70647.11583375112,price_oracle,-1,0:143,True,day_ahead,,63043c5d3329901731bf014b1d252e6bd28975be91378ca079d28ce3c78a58f4
2025-07-30,06:00,36,21631.69979917514,True,9007.463687133835,price_oracle,-1,36:143,True,tau_36,63043c5d3329901731bf014b1d252e6bd28975be91378ca079d28ce3c78a58f4,1a285fa285e4f2ec049068541e39cbfb920e7d91598e1ae2a37de2d2b598ae2b
2025-07-30,12:00,72,2521.553166563157,True,1303.041776981265,price_oracle,-1,72:143,True,tau_72,1a285fa285e4f2ec049068541e39cbfb920e7d91598e1ae2a37de2d2b598ae2b,13fd10596a27dcb630af218c860daa3753067b4b164d8dae566b581766e0ac26
2025-07-30,18:00,108,102.42486244860629,True,20.127917033911217,price_oracle,-1,108:143,True,tau_108,13fd10596a27dcb630af218c860daa3753067b4b164d8dae566b581766e0ac26,0dcb7d20b00a9cdd93557d84d658d8f55607571f4d9790219d92d6124b08e254
2025-07-31,00:00,0,,True,72974.45844342266,price_oracle,-1,0:143,True,day_ahead,,f20a86cb4848a916ca0a603ae2c5dd3571c626254b3930260593b516fb0e11d7
2025-07-31,06:00,36,8581.904050477642,True,3703.8970862987735,price_oracle,-1,36:143,True,tau_36,f20a86cb4848a916ca0a603ae2c5dd3571c626254b3930260593b516fb0e11d7,43a1bf5f0eda94e0494f3b1e37910be5a3e1bab1bcbff94d68d4da60af8ea448
2025-07-31,12:00,72,3634.797967057304,True,1235.023248017685,price_oracle,-1,72:143,True,tau_72,43a1bf5f0eda94e0494f3b1e37910be5a3e1bab1bcbff94d68d4da60af8ea448,e407924c8146aa83426b257dab464eb01349e2f450a7f070961fb6a8d569b178
2025-07-31,18:00,108,13.349733658338664,True,2.7334170225160968,price_oracle,-1,108:143,True,tau_108,e407924c8146aa83426b257dab464eb01349e2f450a7f070961fb6a8d569b178,f86739e171b9197e193f2e88eea5661c31d22101584b6c0e563566fc543a4ad1
2025-08-01,00:00,0,,True,41644.642442792974,price_oracle,-1,0:143,True,day_ahead,,e7dd41981299bdc34cef4dbe0e8b2e3d5ed1345d3de5e4b0644306836a0fde01
2025-08-01,06:00,36,314.433356157213,True,926.6824768710181,price_oracle,-1,36:143,True,tau_36,e7dd41981299bdc34cef4dbe0e8b2e3d5ed1345d3de5e4b0644306836a0fde01,c8b305944ed1d80fc99fd55b4e5a33659cac60319c7a3e11510c68a5c20c6e3b
2025-08-01,12:00,72,59.08351899668196,True,145.9900505427285,price_oracle,-1,72:143,True,tau_72,c8b305944ed1d80fc99fd55b4e5a33659cac60319c7a3e11510c68a5c20c6e3b,77cdc6d2a774feccf1bc77f82661d2fb3f3bcfe6f3d2a23afe04fd57405ceabc
2025-08-01,18:00,108,0.009470012726524146,False,0.0,price_oracle,-1,108:143,True,tau_108,77cdc6d2a774feccf1bc77f82661d2fb3f3bcfe6f3d2a23afe04fd57405ceabc,77cdc6d2a774feccf1bc77f82661d2fb3f3bcfe6f3d2a23afe04fd57405ceabc
2025-08-02,00:00,0,,True,47474.2012970898,price_oracle,-1,0:143,True,day_ahead,,cb17017a718469168a915855b6ec18ffa766dd0761f62cd3e3af0043f7381391
2025-08-02,06:00,36,371.67536958807614,True,1146.1729750305658,price_oracle,-1,36:143,True,tau_36,cb17017a718469168a915855b6ec18ffa766dd0761f62cd3e3af0043f7381391,8b46524d05b10b786fd0884eacb211bcdc5fe85e9dfdb3e2d083c3436b9a46ff
2025-08-02,12:00,72,1002.5524184043461,True,320.01441689120554,price_oracle,-1,72:143,True,tau_72,8b46524d05b10b786fd0884eacb211bcdc5fe85e9dfdb3e2d083c3436b9a46ff,41a3ee25658da22f685eda1f8ff1c6fcd3076c8a7fdf6e22247d5a8c0513733d
2025-08-02,18:00,108,32.4252363372143,True,22.425125255098088,price_oracle,-1,108:143,True,tau_108,41a3ee25658da22f685eda1f8ff1c6fcd3076c8a7fdf6e22247d5a8c0513733d,3c238f980bf6d155eb003cf429ce77565fd66b1e2029763dd480452e220e7faf
2025-08-03,00:00,0,,True,57477.45480547423,price_oracle,-1,0:143,True,day_ahead,,2726d8ee0eec6da2b9876c066fe3c32790196a07570a4b260701ff8981ecb886
2025-08-03,06:00,36,5599.910891696913,True,2395.124240629314,price_oracle,-1,36:143,True,tau_36,2726d8ee0eec6da2b9876c066fe3c32790196a07570a4b260701ff8981ecb886,9928e56b046f39421342768aa34d59a3549c073fcace5cc562817f5eefa37b89
2025-08-03,12:00,72,2282.9389952634665,True,2261.7192984907188,price_oracle,-1,72:143,True,tau_72,9928e56b046f39421342768aa34d59a3549c073fcace5cc562817f5eefa37b89,9f1326fa36ce4f159ad40fa7d7bf1192dbc2e8eb36c208f8a55c55804566595b
2025-08-03,18:00,108,71.70931114270934,True,14.9375000037262,price_oracle,-1,108:143,True,tau_108,9f1326fa36ce4f159ad40fa7d7bf1192dbc2e8eb36c208f8a55c55804566595b,8994c356484d4a818da8f400877ee13d6d633668348086feb885db0e4fdbf735
2025-08-04,00:00,0,,True,68248.87072504626,price_oracle,-1,0:143,True,day_ahead,,55a3e5bcc6353ee1f9eb7287c15ea03a1c65cb84df14bee3d09463f5af5f5b5a
2025-08-04,06:00,36,5818.595716414828,True,3569.4388001910856,price_oracle,-1,36:143,True,tau_36,55a3e5bcc6353ee1f9eb7287c15ea03a1c65cb84df14bee3d09463f5af5f5b5a,3cc004420c46b0f2d3760d830716660dd91e40c0a96c099677e0866158e8e640
2025-08-04,12:00,72,2073.61013949709,True,3979.8297022133193,price_oracle,-1,72:143,True,tau_72,3cc004420c46b0f2d3760d830716660dd91e40c0a96c099677e0866158e8e640,df68a10a4c223d54c5ea6dd6c6eb6485bd1b073ef3f206794d394b4c91f76ae6
2025-08-04,18:00,108,125.08192505122861,True,20.629041666903163,price_oracle,-1,108:143,True,tau_108,df68a10a4c223d54c5ea6dd6c6eb6485bd1b073ef3f206794d394b4c91f76ae6,8869766f6a1b3973b496fbddf59224140268b3ae6d136ea72d82fc0378426c54
2025-08-05,00:00,0,,True,67054.86622730148,price_oracle,-1,0:143,True,day_ahead,,3e02ad528def2af8771e0bee842dbb35880fe7472df93cba05eaa4b6e1df374e
2025-08-05,06:00,36,7459.249675033832,True,4462.982071744282,price_oracle,-1,36:143,True,tau_36,3e02ad528def2af8771e0bee842dbb35880fe7472df93cba05eaa4b6e1df374e,537f2d5fac604dfce4d8b847a46045d31c6082cb0bfb2db99bc4a621a4bc70a7
2025-08-05,12:00,72,1473.2541259051068,True,1884.8102749725863,price_oracle,-1,72:143,True,tau_72,537f2d5fac604dfce4d8b847a46045d31c6082cb0bfb2db99bc4a621a4bc70a7,614d118017fb9cd9290a506d050c51159763cd4811307174b6c5d6ce8d64ba2c
2025-08-05,18:00,108,114.16701410332462,True,23.850333692056232,price_oracle,-1,108:143,True,tau_108,614d118017fb9cd9290a506d050c51159763cd4811307174b6c5d6ce8d64ba2c,4b7293229634cc34e3acfe312e872cba4e9807b8eab9e0ccc611c454e879b6fd
2025-08-06,00:00,0,,True,75747.96367130731,price_oracle,-1,0:143,True,day_ahead,,aa4e23c83a4fc284d96c2895404082eda61022de2ed2c83b05d752fd19fe4886
2025-08-06,06:00,36,3267.85933153503,True,4095.9461289138376,price_oracle,-1,36:143,True,tau_36,aa4e23c83a4fc284d96c2895404082eda61022de2ed2c83b05d752fd19fe4886,0c6b6a0f1bfdbe6f9e8abf49d6dfbf936a767ce100c930e539a2e4f55e6c79f2
2025-08-06,12:00,72,2914.9671752356808,True,722.7639490733263,price_oracle,-1,72:143,True,tau_72,0c6b6a0f1bfdbe6f9e8abf49d6dfbf936a767ce100c930e539a2e4f55e6c79f2,1c5f29a58ded9c143a8ab43cb7a33e45572259c30b865b9dfb03d51972ba99c7
2025-08-06,18:00,108,3.0389917674910976,True,0.4755837289729925,price_oracle,-1,108:143,True,tau_108,1c5f29a58ded9c143a8ab43cb7a33e45572259c30b865b9dfb03d51972ba99c7,da0776fdee340fd0d9e7e6af70b5f1e99471f24a4ac49ad1500dd1020e471dd3
2025-08-07,00:00,0,,True,75766.11587680539,price_oracle,-1,0:143,True,day_ahead,,89bff322283a807ff2b2beff7eb4f6f50d5aad4e8673f7b0fbf86cfe073e89f9
2025-08-07,06:00,36,5794.157731040468,True,8945.231275288326,price_oracle,-1,36:143,True,tau_36,89bff322283a807ff2b2beff7eb4f6f50d5aad4e8673f7b0fbf86cfe073e89f9,fb53e7dc34f610ff643cc0d37b18e1f56d9e526e3e7ce3069e8f586e1cb14c62
2025-08-07,12:00,72,832.7556172076438,True,1209.786946635404,price_oracle,-1,72:143,True,tau_72,fb53e7dc34f610ff643cc0d37b18e1f56d9e526e3e7ce3069e8f586e1cb14c62,1ec01644e98dc5d6daa3706d712ae4a95811b39389bf6d8dc43246fd90c2a525
2025-08-07,18:00,108,47.93270979981753,True,23.579416666674376,price_oracle,-1,108:143,True,tau_108,1ec01644e98dc5d6daa3706d712ae4a95811b39389bf6d8dc43246fd90c2a525,59986cebee414f7c952a91c1a34936de5a68b55ab5ea425857c89ce3d21efad9
2025-08-08,00:00,0,,True,39336.04704958373,price_oracle,-1,0:143,True,day_ahead,,fa04017329708708d3c9736af103c760498f4db0188d69c88503012e8d19b98b
2025-08-08,06:00,36,539.9606419194388,True,219.23303821138913,price_oracle,-1,36:143,True,tau_36,fa04017329708708d3c9736af103c760498f4db0188d69c88503012e8d19b98b,4f16fac98ed81aa20acd8217d2be05d47ff8c858f3188a08df1905d94e07634c
2025-08-08,12:00,72,157.65354902994295,True,156.9305101858213,price_oracle,-1,72:143,True,tau_72,4f16fac98ed81aa20acd8217d2be05d47ff8c858f3188a08df1905d94e07634c,83dd633d41402731ac545d53c7af555f251f599b54770c50498724d7a3d8294a
2025-08-08,18:00,108,13.528467738331528,True,9.53458376178753,price_oracle,-1,108:143,True,tau_108,83dd633d41402731ac545d53c7af555f251f599b54770c50498724d7a3d8294a,6d8e34fbee66c1b2de12dc57f08a9954d49937420e8c1b8b42c3b294ba44c723
2025-08-09,00:00,0,,True,46097.012545228325,price_oracle,-1,0:143,True,day_ahead,,cc1c50733974e11f5b01a1d778d8494a38f6b15d7545b31c1286b9aca7ab42df
2025-08-09,06:00,36,83.89652295000269,True,217.4499297228167,price_oracle,-1,36:143,True,tau_36,cc1c50733974e11f5b01a1d778d8494a38f6b15d7545b31c1286b9aca7ab42df,33fb239771156d72df36fa7934f3d42b100073e523bdb8c6b193d2d754af63e5
2025-08-09,12:00,72,751.1863640963857,True,230.2777765910117,price_oracle,-1,72:143,True,tau_72,33fb239771156d72df36fa7934f3d42b100073e523bdb8c6b193d2d754af63e5,4a87739f6753ee192f2d3ce4641a42b255d2e66071b9fb5c88b87cb52f2b85ae
2025-08-09,18:00,108,8.26439368861611,True,14.695494025431003,price_oracle,-1,108:143,True,tau_108,4a87739f6753ee192f2d3ce4641a42b255d2e66071b9fb5c88b87cb52f2b85ae,c5c44454d4636355a7c5cbcc45db0d1488e9dbc5296da03c7e6252351c0c2439
2025-08-10,00:00,0,,True,63541.68854680192,price_oracle,-1,0:143,True,day_ahead,,99c418dba70d7082b23d9a0a790a6b272e3930ffacda25d72161a820d67d585f
2025-08-10,06:00,36,1657.4395877966308,True,2724.2599619109405,price_oracle,-1,36:143,True,tau_36,99c418dba70d7082b23d9a0a790a6b272e3930ffacda25d72161a820d67d585f,79144323f026102964fc943bcd79b781b5549a46ca6dec9e58b25caeda62aeda
2025-08-10,12:00,72,360.00271422520746,True,440.83236806452277,price_oracle,-1,72:143,True,tau_72,79144323f026102964fc943bcd79b781b5549a46ca6dec9e58b25caeda62aeda,5d6964f360210496a62c6d6d90f8c9671c57494a8e0ef38b2a8d587cb653733c
2025-08-10,18:00,108,14.705815677763894,True,21.33916666674749,price_oracle,-1,108:143,True,tau_108,5d6964f360210496a62c6d6d90f8c9671c57494a8e0ef38b2a8d587cb653733c,d5fdb67cd43d6b5371f067219144d676912162750e680eb5e26a2753d86d1104
2025-08-11,00:00,0,,True,69489.66063396342,price_oracle,-1,0:143,True,day_ahead,,4d3f321da09b76b479c062fc72ef84e82505119050e89e527328d3acd8d9c613
2025-08-11,06:00,36,5703.280292601354,True,2124.5561942028735,price_oracle,-1,36:143,True,tau_36,4d3f321da09b76b479c062fc72ef84e82505119050e89e527328d3acd8d9c613,b65cabc283d2ef8a324df065eb526bd3a5e33eaf540295a840762a8e09c1d6d6
2025-08-11,12:00,72,407.3258268153004,True,597.2184615484791,price_oracle,-1,72:143,True,tau_72,b65cabc283d2ef8a324df065eb526bd3a5e33eaf540295a840762a8e09c1d6d6,e39c750604816e65a0fe3cb067ea3447d158a684fc5bd8a7f46ca1b7f109aab5
2025-08-11,18:00,108,50.35191552416654,True,10.586125374086464,price_oracle,-1,108:143,True,tau_108,e39c750604816e65a0fe3cb067ea3447d158a684fc5bd8a7f46ca1b7f109aab5,293a5159bfe446ef5f7b901df2a5a3d8ddc67294454e8d2e07426143f8a4fcfa
2025-08-12,00:00,0,,True,74429.84863790446,price_oracle,-1,0:143,True,day_ahead,,df2ab24392fadc6b701b3f566fd345d2af8ed7db1c829be90918bf05226506db
2025-08-12,06:00,36,5808.554535854579,True,4009.372861724413,price_oracle,-1,36:143,True,tau_36,df2ab24392fadc6b701b3f566fd345d2af8ed7db1c829be90918bf05226506db,8978de25c3dec2f85724e53dbaeb19cd1268cb390867d6d41c202bf6d50899aa
2025-08-12,12:00,72,1173.2213116939965,True,1277.3820145113787,price_oracle,-1,72:143,True,tau_72,8978de25c3dec2f85724e53dbaeb19cd1268cb390867d6d41c202bf6d50899aa,f53e0b74e77ae4fc708e971b15670ab9cf00c5584027b28c2463fe30e1023c74
2025-08-12,18:00,108,42.393764126696624,True,20.18933333345285,price_oracle,-1,108:143,True,tau_108,f53e0b74e77ae4fc708e971b15670ab9cf00c5584027b28c2463fe30e1023c74,f18a384cef6ae7568c7f02b78b6770236603021efba7c804c04faddde6212346
2025-08-13,00:00,0,,True,67015.51626235984,price_oracle,-1,0:143,True,day_ahead,,1fd07c5c6371312c466fc86b031ad939331f9ce7dd94e19f96a5c7234453e37e
2025-08-13,06:00,36,4919.376825403044,True,2729.2270613119344,price_oracle,-1,36:143,True,tau_36,1fd07c5c6371312c466fc86b031ad939331f9ce7dd94e19f96a5c7234453e37e,83b87535e27d5aa1f3e3daeebe5230695d09a78c6c058b9681e3c33d39cca043
2025-08-13,12:00,72,2447.064623723796,True,841.2970370142507,price_oracle,-1,72:143,True,tau_72,83b87535e27d5aa1f3e3daeebe5230695d09a78c6c058b9681e3c33d39cca043,67750fc02723416ff7e2a7a7c22a5af367d5c664f34af9bd59a7c14f255a75f0
2025-08-13,18:00,108,7.4016726184636354,True,1.5180420533641836,price_oracle,-1,108:143,True,tau_108,67750fc02723416ff7e2a7a7c22a5af367d5c664f34af9bd59a7c14f255a75f0,00bde9cd289e925e8675329cd0dd928bd072c8219972ce6fe44a5694acbf4b96
2025-08-14,00:00,0,,True,67303.12401761685,price_oracle,-1,0:143,True,day_ahead,,44562e70a2b9dc5bdec13e5e798b7861e814a60f7d658ccec4334b86c2bdc934
2025-08-14,06:00,36,9035.556063849086,True,5188.104754390705,price_oracle,-1,36:143,True,tau_36,44562e70a2b9dc5bdec13e5e798b7861e814a60f7d658ccec4334b86c2bdc934,60c22a17a7e3d9ef00f1170d9dc1aefdf7bdcfe3a33e87eb4013717235ebcf7f
2025-08-14,12:00,72,985.4990612624533,True,1640.8950284401715,price_oracle,-1,72:143,True,tau_72,60c22a17a7e3d9ef00f1170d9dc1aefdf7bdcfe3a33e87eb4013717235ebcf7f,38ddf2f86c24fe4282b16e32be3d4bd02d614acd5375c738bc89cfe47a382b84
2025-08-14,18:00,108,2.944153999167611,True,4.327750000006322,price_oracle,-1,108:143,True,tau_108,38ddf2f86c24fe4282b16e32be3d4bd02d614acd5375c738bc89cfe47a382b84,2479966f809967e775999ae498f0e2e0d1734c78251c29fd72ee21617d12486f
2025-08-15,00:00,0,,True,40665.14719194352,price_oracle,-1,0:143,True,day_ahead,,6037039fcd38bf11c0fd838eace1fbb0e0685702db6f37a61445c2aee529147a
2025-08-15,06:00,36,451.7671000216724,True,867.3122625806757,price_oracle,-1,36:143,True,tau_36,6037039fcd38bf11c0fd838eace1fbb0e0685702db6f37a61445c2aee529147a,4a897bab1c53206efa2b8c3c31fd6e30da4905c1cd4eebadc72bc60db3ff307d
2025-08-15,12:00,72,137.5912969187557,True,384.8535666669703,price_oracle,-1,72:143,True,tau_72,4a897bab1c53206efa2b8c3c31fd6e30da4905c1cd4eebadc72bc60db3ff307d,39b2bf1945a9bb0aca01f24805179b9c122b6bdc2988071059a7480bccb5c837
2025-08-15,18:00,108,0.6228194037284993,True,1.4617083333468486,price_oracle,-1,108:143,True,tau_108,39b2bf1945a9bb0aca01f24805179b9c122b6bdc2988071059a7480bccb5c837,b326989155a9568005c7351f8136d086d6c95d3e7e925061cbff22961442967a
2025-08-16,00:00,0,,True,49127.06681780699,price_oracle,-1,0:143,True,day_ahead,,f361ec22ceea0c9cb487f48750a253f91b90b1705f0c869e54a92bcf6bc9b13c
2025-08-16,06:00,36,1387.0076209009567,True,2929.7238198394107,price_oracle,-1,36:143,True,tau_36,f361ec22ceea0c9cb487f48750a253f91b90b1705f0c869e54a92bcf6bc9b13c,8682e5ffa877f840301b0b87cfd8d73a3924b5adfc38055d8a6c37b55b190771
2025-08-16,12:00,72,239.2666543150699,True,155.1304917047151,price_oracle,-1,72:143,True,tau_72,8682e5ffa877f840301b0b87cfd8d73a3924b5adfc38055d8a6c37b55b190771,593a35d0ac16f18c060cbd0bd5acac3ac403283adeac37d902165d0bc689d4e6
2025-08-16,18:00,108,6.483402505175036,True,12.457833202143092,price_oracle,-1,108:143,True,tau_108,593a35d0ac16f18c060cbd0bd5acac3ac403283adeac37d902165d0bc689d4e6,afbba0ac7a5a8a277b47e74fb321488293f996498dfabe625e14fe9fff2cab4c
2025-08-17,00:00,0,,True,65103.628880097225,price_oracle,-1,0:143,True,day_ahead,,6aaa16780cb3f356cdf001f83f551561455ccd4b4e225afd8db9577d1a36de29
2025-08-17,06:00,36,1551.1053370186273,True,2475.7127416349463,price_oracle,-1,36:143,True,tau_36,6aaa16780cb3f356cdf001f83f551561455ccd4b4e225afd8db9577d1a36de29,cdf34707d8207febbefcefb4ac4648adf5835dd0e09bab6710101936c32a57f2
2025-08-17,12:00,72,2334.453980089369,True,1256.0717021605553,price_oracle,-1,72:143,True,tau_72,cdf34707d8207febbefcefb4ac4648adf5835dd0e09bab6710101936c32a57f2,0da620be0d04655f0fbc819c6e733ce3ec0c411578ea7abc60ffb04483dbd18b
2025-08-17,18:00,108,23.839513353726943,True,11.215375000146537,price_oracle,-1,108:143,True,tau_108,0da620be0d04655f0fbc819c6e733ce3ec0c411578ea7abc60ffb04483dbd18b,f6c14a09f4b1a178f798e2f6a170c48a47d91688cc1e20e3e3eefe4c2e0f23ac
2025-08-18,00:00,0,,True,69348.91748652073,price_oracle,-1,0:143,True,day_ahead,,c6762a77e6330bb636fcfeada3ad2e3f3910b469dac2e0ca8fe6cced32fbc41d
2025-08-18,06:00,36,1936.454711258324,True,1312.8324430732387,price_oracle,-1,36:143,True,tau_36,c6762a77e6330bb636fcfeada3ad2e3f3910b469dac2e0ca8fe6cced32fbc41d,7ea146afbd05bd4aae6e88214a6b43d1b535a4a9769e462ec4363e2c953e4367
2025-08-18,12:00,72,853.4275028900593,True,1594.9745013661427,price_oracle,-1,72:143,True,tau_72,7ea146afbd05bd4aae6e88214a6b43d1b535a4a9769e462ec4363e2c953e4367,e67c63d7d95d81c4ac7bda5b040d9fa07bcfa68d652f14f8a4b0666c55dfa337
2025-08-18,18:00,108,1.650926776972483,True,2.3820833407778537,price_oracle,-1,108:143,True,tau_108,e67c63d7d95d81c4ac7bda5b040d9fa07bcfa68d652f14f8a4b0666c55dfa337,e6ebb1bf5adc86a756054ddc50d4ffd3e841f7dfd7f5adb99f589a4575d23922
2025-08-19,00:00,0,,True,67984.62007963612,price_oracle,-1,0:143,True,day_ahead,,b5c4e3732810d5fd481e712e22a7bb7f6876020f5fed7960a61826f82f1dde21
2025-08-19,06:00,36,344.9465516622877,True,676.5116139147704,price_oracle,-1,36:143,True,tau_36,b5c4e3732810d5fd481e712e22a7bb7f6876020f5fed7960a61826f82f1dde21,906313e61e1778451489824adc2a350fad058e1e9bc6c527796844647f52a6de
2025-08-19,12:00,72,3918.4965650983504,True,1357.0880731056807,price_oracle,-1,72:143,True,tau_72,906313e61e1778451489824adc2a350fad058e1e9bc6c527796844647f52a6de,d4ee414d8f049b7195a87f815795dc823e9d63e0e85f6756585389a0d2e41fbc
2025-08-19,18:00,108,50.83640781592112,True,11.245499959453923,price_oracle,-1,108:143,True,tau_108,d4ee414d8f049b7195a87f815795dc823e9d63e0e85f6756585389a0d2e41fbc,7fff853c8861e6359875143a3170286aa1358edfa12cec4dc6821c8264895511
2025-08-20,00:00,0,,True,76899.39479940054,price_oracle,-1,0:143,True,day_ahead,,9b27d8dd24b70a3a190c113e72d4686961d061f19cb74b8b0c718b610d9aad00
2025-08-20,06:00,36,6079.135537879018,True,6141.709910443706,price_oracle,-1,36:143,True,tau_36,9b27d8dd24b70a3a190c113e72d4686961d061f19cb74b8b0c718b610d9aad00,84bb89b1e4803809ff3290bc391fb61cba3abd498cafbfe9751890c2e0668e86
2025-08-20,12:00,72,1794.1796408099472,True,1258.454790277749,price_oracle,-1,72:143,True,tau_72,84bb89b1e4803809ff3290bc391fb61cba3abd498cafbfe9751890c2e0668e86,404c4ad82c4a3b00c0f16b4da51ee47eb95239b7ffbac943efb1abc8856cd473
2025-08-20,18:00,108,23.25028736499371,True,10.915167045713474,price_oracle,-1,108:143,True,tau_108,404c4ad82c4a3b00c0f16b4da51ee47eb95239b7ffbac943efb1abc8856cd473,ba380350bcbd6808256101bbf3af7207614714f955f50e4c17c1562245c26e5e
2025-08-21,00:00,0,,True,71891.29523134959,price_oracle,-1,0:143,True,day_ahead,,5445b361cc65b05f63ea348de8aca85a950b802c9f5949fba7655da6f11370a6
2025-08-21,06:00,36,4361.608865434537,True,5360.632446651842,price_oracle,-1,36:143,True,tau_36,5445b361cc65b05f63ea348de8aca85a950b802c9f5949fba7655da6f11370a6,6aac3169a17b593ef4bd08d349fe2b31ea2efa87d076ed852c202a9c37428c11
2025-08-21,12:00,72,2451.7151593431918,True,2097.9871291976174,price_oracle,-1,72:143,True,tau_72,6aac3169a17b593ef4bd08d349fe2b31ea2efa87d076ed852c202a9c37428c11,f4e090a7b26818390e6eca2d2b3044d36e30894172d39ec1df81e97affae38f7
2025-08-21,18:00,108,67.94120330458827,True,13.763375000009738,price_oracle,-1,108:143,True,tau_108,f4e090a7b26818390e6eca2d2b3044d36e30894172d39ec1df81e97affae38f7,e670791a524aa600b0d44e583614d341129f19fdfcf0b5f2aed04e8a3df46ca9
2025-08-22,00:00,0,,True,41189.46126125539,price_oracle,-1,0:143,True,day_ahead,,0411b79dc5602a60cb0e4b623df4f711cc91396bbcd7b662d971e6853057c5ee
2025-08-22,06:00,36,468.30955604086193,True,920.2497903516893,price_oracle,-1,36:143,True,tau_36,0411b79dc5602a60cb0e4b623df4f711cc91396bbcd7b662d971e6853057c5ee,df0d1b0d0749bbc6eac87cd3d24cbd77517a7c99ce8fb476703c206c4d665965
2025-08-22,12:00,72,13.968956292505027,True,98.26063611111306,price_oracle,-1,72:143,True,tau_72,df0d1b0d0749bbc6eac87cd3d24cbd77517a7c99ce8fb476703c206c4d665965,d2b9b7f2d31f48e1d3bc8f86f51aca7d81a0a9e3d02d8db7ccd165512d4a1da0
2025-08-22,18:00,108,206.17838758261132,True,37.011416666842194,price_oracle,-1,108:143,True,tau_108,d2b9b7f2d31f48e1d3bc8f86f51aca7d81a0a9e3d02d8db7ccd165512d4a1da0,f670d99d920b6cab2d26f95685e94beca55d6ae3e38d352265b933c8b47c698e
2025-08-23,00:00,0,,True,45855.52507698107,price_oracle,-1,0:143,True,day_ahead,,41ce0ebb3c9daf745ed8412ebecdc908eec5b218b61c21c54a07e4a9979c83d4
2025-08-23,06:00,36,2394.9660058158406,True,856.848183722137,price_oracle,-1,36:143,True,tau_36,41ce0ebb3c9daf745ed8412ebecdc908eec5b218b61c21c54a07e4a9979c83d4,d585c92b992e1e30abbc1e05ed12c216f5161d58508e8c9f393f97cf9a6e9826
2025-08-23,12:00,72,85.36561627096671,True,95.15554444981422,price_oracle,-1,72:143,True,tau_72,d585c92b992e1e30abbc1e05ed12c216f5161d58508e8c9f393f97cf9a6e9826,bce4344503b6ed7834eb407fb03da8b95ab288a0d7ccb4636697463d725b6950
2025-08-23,18:00,108,11.579087128382525,True,7.164166666698691,price_oracle,-1,108:143,True,tau_108,bce4344503b6ed7834eb407fb03da8b95ab288a0d7ccb4636697463d725b6950,642deea33dc896e37abf9403d9b95786f529e379f3e69914eb4478d8d108d46c
2025-08-24,00:00,0,,True,60641.22876427719,price_oracle,-1,0:143,True,day_ahead,,3d6643e41657c107aa98dfa9763d4e1fb6005f9d4dd0609c3d64c0fecbdc7b7e
2025-08-24,06:00,36,2272.565893433377,True,3404.9981161232317,price_oracle,-1,36:143,True,tau_36,3d6643e41657c107aa98dfa9763d4e1fb6005f9d4dd0609c3d64c0fecbdc7b7e,7a87f72ea51a8a0b296f2130bda5e50042da34e312f7a4598efb033c37547b23
2025-08-24,12:00,72,12631.330584809199,True,4035.2156995373093,price_oracle,-1,72:143,True,tau_72,7a87f72ea51a8a0b296f2130bda5e50042da34e312f7a4598efb033c37547b23,0e132fab4b1d78cbefe11d5f2f07d31f4cd15a812ae6fb2fe3be9e16f70e1996
2025-08-24,18:00,108,51.72321832329908,True,35.41716666690536,price_oracle,-1,108:143,True,tau_108,0e132fab4b1d78cbefe11d5f2f07d31f4cd15a812ae6fb2fe3be9e16f70e1996,f661a942b65c20eeeb0fe2a68c6378148fae115e6e67048733bceb8d540a4d4c
2025-08-25,00:00,0,,True,89902.90593713705,price_oracle,-1,0:143,True,day_ahead,,971974fb932cc7eed74d470603820b0dd2dabc0920d4542e9a1a8647e53fd599
2025-08-25,06:00,36,5062.125100359786,True,14110.868172382314,price_oracle,-1,36:143,True,tau_36,971974fb932cc7eed74d470603820b0dd2dabc0920d4542e9a1a8647e53fd599,aeed9d4024a672e073df0d8390bcc1e9cfbe9f5a523435747efa72a1c4276ee7
2025-08-25,12:00,72,856.6506013638573,True,1549.5426149381108,price_oracle,-1,72:143,True,tau_72,aeed9d4024a672e073df0d8390bcc1e9cfbe9f5a523435747efa72a1c4276ee7,e5fa13fa928c2fd7f772deb112771381b1e2ed8dd8e4536cb08d61ab83340004
2025-08-25,18:00,108,59.9446565524122,True,9.548125009435353,price_oracle,-1,108:143,True,tau_108,e5fa13fa928c2fd7f772deb112771381b1e2ed8dd8e4536cb08d61ab83340004,628308ac57dee8cbfec776a9865e6a19b4bdf99a4884698ac2db33f92d21e24b
2025-08-26,00:00,0,,True,68953.56432652651,price_oracle,-1,0:143,True,day_ahead,,4604045fb472d68f71c541b8d4152022395bfae324a71114b68174ed41637e44
2025-08-26,06:00,36,4050.372356168795,True,2855.5939492286434,price_oracle,-1,36:143,True,tau_36,4604045fb472d68f71c541b8d4152022395bfae324a71114b68174ed41637e44,ee0cfb5bab7da597cd74ce0dc3988337756715ed272a56c8590f2e61947ceab2
2025-08-26,12:00,72,1078.7634253380093,True,1945.077007916298,price_oracle,-1,72:143,True,tau_72,ee0cfb5bab7da597cd74ce0dc3988337756715ed272a56c8590f2e61947ceab2,8d36db47308033f7a5716625a250a21b7f638ff1d7f6feb87fc133e416f43b3e
2025-08-26,18:00,108,4.086558763214271,True,5.779458333420052,price_oracle,-1,108:143,True,tau_108,8d36db47308033f7a5716625a250a21b7f638ff1d7f6feb87fc133e416f43b3e,65d6255017471695d3c31697b905ff5b1c0db4ca1802f7163a76f820a483c475
2025-08-27,00:00,0,,True,68958.95436250666,price_oracle,-1,0:143,True,day_ahead,,c957753d847d2e11b9d86a18f091409e0b7d89641dbe7a76a18c0ffab55c26b2
2025-08-27,06:00,36,15795.856956523116,True,7723.13825598418,price_oracle,-1,36:143,True,tau_36,c957753d847d2e11b9d86a18f091409e0b7d89641dbe7a76a18c0ffab55c26b2,c90471a0dd0d8d3fc05e339cdbe4d5d1ae327e6bf8aed334e37df60228ebd905
2025-08-27,12:00,72,2548.191084612423,True,3244.69413098276,price_oracle,-1,72:143,True,tau_72,c90471a0dd0d8d3fc05e339cdbe4d5d1ae327e6bf8aed334e37df60228ebd905,52de13d2e8373a80f584759a6df35f4a415fba4af61f68c688b517a5d16899cb
2025-08-27,18:00,108,22.705686809160397,True,4.703083726262889,price_oracle,-1,108:143,True,tau_108,52de13d2e8373a80f584759a6df35f4a415fba4af61f68c688b517a5d16899cb,1b21b4b0422ba2fb8962e36db4c6356fa6061d15d67eec9af406f16032279cb1
2025-08-28,00:00,0,,True,69383.64401408142,price_oracle,-1,0:143,True,day_ahead,,869f1a7aab18f08c5ce37bbec3aebd609894cfbd902d7fe5b28d4a3069002e56
2025-08-28,06:00,36,17872.654675894366,True,6938.431857108869,price_oracle,-1,36:143,True,tau_36,869f1a7aab18f08c5ce37bbec3aebd609894cfbd902d7fe5b28d4a3069002e56,d6dffe5e98c0802d357285eed0ab2d5ef67fee6aee26c9e6d0b82fdc27ed18c9
2025-08-28,12:00,72,1651.0434227778314,True,1385.790911390096,price_oracle,-1,72:143,True,tau_72,d6dffe5e98c0802d357285eed0ab2d5ef67fee6aee26c9e6d0b82fdc27ed18c9,a3ffe26353be53473b1e16c89b8d84ac43d322d6ac9509de98f614adaf525993
2025-08-28,18:00,108,4.566392135020578,True,2.1998333334041718,price_oracle,-1,108:143,True,tau_108,a3ffe26353be53473b1e16c89b8d84ac43d322d6ac9509de98f614adaf525993,4078dbed15e4e1cfacaf300aaa30215988a9a778fc563752e8593d857e30dcbc
2025-08-29,00:00,0,,True,41437.54137740364,price_oracle,-1,0:143,True,day_ahead,,948275a2e3d1d726a9353800ae5eaa7c99b38de84cb7c4cb5ecc2f36ab0034c1
2025-08-29,06:00,36,554.2962937536431,True,1622.3547958967079,price_oracle,-1,36:143,True,tau_36,948275a2e3d1d726a9353800ae5eaa7c99b38de84cb7c4cb5ecc2f36ab0034c1,7f05922c02b0c6666dc4f557200a7b23c8519ae94d5d5179c3018a77130f0b92
2025-08-29,12:00,72,2874.505210511241,True,876.9568041666691,price_oracle,-1,72:143,True,tau_72,7f05922c02b0c6666dc4f557200a7b23c8519ae94d5d5179c3018a77130f0b92,90f45bfed1e02f9ad80a5bdec10d0aed463fbe751eaf21acc928846832184c9f
2025-08-29,18:00,108,1.9660318856622325,True,10.413083333340694,price_oracle,-1,108:143,True,tau_108,90f45bfed1e02f9ad80a5bdec10d0aed463fbe751eaf21acc928846832184c9f,8d65708265bfbbb45a60b1bbdcc898e726f55c90238bc6a11f6d4839297b9ade
2025-08-30,00:00,0,,True,46141.59433819057,price_oracle,-1,0:143,True,day_ahead,,8a79ed5ae06e8a6e15263499a2c45e27ea86269763ba7d811af052356eff949b
2025-08-30,06:00,36,631.7872503194376,True,708.3574392775981,price_oracle,-1,36:143,True,tau_36,8a79ed5ae06e8a6e15263499a2c45e27ea86269763ba7d811af052356eff949b,a66a0e4de876c1456b1e6e136c3b300dbcd612d9d5e8dc3073f54e3323365e8d
2025-08-30,12:00,72,260.3811631642311,True,368.04625244863666,price_oracle,-1,72:143,True,tau_72,a66a0e4de876c1456b1e6e136c3b300dbcd612d9d5e8dc3073f54e3323365e8d,062208544c753dee18a0e5420db24a9f6502c2e9604b3dd6aba52ae04a112d0b
2025-08-30,18:00,108,0.872902002032788,True,7.229939256353703,price_oracle,-1,108:143,True,tau_108,062208544c753dee18a0e5420db24a9f6502c2e9604b3dd6aba52ae04a112d0b,e7746bb5deedaacd91a86f3b1117d2499ca0be978f059dab1233121c25c9c57b
2025-08-31,00:00,0,,True,64424.64032779168,price_oracle,-1,0:143,True,day_ahead,,304f29d55f18db991c3e58d49fac20140600bcbcc1a027a6288272379dfc8267
2025-08-31,06:00,36,5769.024612907218,True,2898.0262953549272,price_oracle,-1,36:143,True,tau_36,304f29d55f18db991c3e58d49fac20140600bcbcc1a027a6288272379dfc8267,35994f02a4c107dba1019d4d16d8644aad55b9bc61ecec06cced6731b58cf0bd
2025-08-31,12:00,72,111.8791827467212,True,101.6435679752309,price_oracle,-1,72:143,True,tau_72,35994f02a4c107dba1019d4d16d8644aad55b9bc61ecec06cced6731b58cf0bd,f3be0659cab06899dcd586891155ef31fdcf46dbabf63883a52593bba387d439
2025-08-31,18:00,108,0.23373370287299622,True,0.32370833632785434,price_oracle,-1,108:143,True,tau_108,f3be0659cab06899dcd586891155ef31fdcf46dbabf63883a52593bba387d439,cbad53cfd50861fe326606e1f6496e91826651e5b2230447394e76f680348f12
2025-09-01,00:00,0,,True,84813.6532414384,price_oracle,-1,0:143,True,day_ahead,,cfea76f753dbf31d5cdce8d6318b0923fcdfdb099f09e8eaf2dc0565b362b666
2025-09-01,06:00,36,2357.1709067783377,True,9081.159746637595,price_oracle,-1,36:143,True,tau_36,cfea76f753dbf31d5cdce8d6318b0923fcdfdb099f09e8eaf2dc0565b362b666,a39a9af9102d7b97242c36b70ba7c47f24433b5f31e02d765fb4cd8124ea0cb5
2025-09-01,12:00,72,5427.313832700544,True,1639.5856987409327,price_oracle,-1,72:143,True,tau_72,a39a9af9102d7b97242c36b70ba7c47f24433b5f31e02d765fb4cd8124ea0cb5,2325ae9ff62f8622f317d4fba45b009fe844a6130a0a0fb34e6055dc1d96ccd0
2025-09-01,18:00,108,0.9595352910837391,True,6.601624638750714,price_oracle,-1,108:143,True,tau_108,2325ae9ff62f8622f317d4fba45b009fe844a6130a0a0fb34e6055dc1d96ccd0,002515fe73fbf7f6395a9fb7364db355784d89a0d6a3b28734aea79408a24804
2025-09-02,00:00,0,,True,67844.09225268791,price_oracle,-1,0:143,True,day_ahead,,b1fc884855f14fe5d56a02659eb084bbe6ee0615511126b266b5ded30a27422b
2025-09-02,06:00,36,11091.447171241074,True,5772.216624185165,price_oracle,-1,36:143,True,tau_36,b1fc884855f14fe5d56a02659eb084bbe6ee0615511126b266b5ded30a27422b,0d8ff41d4347d979d845ff25645a615746a93859be394cf49c6d0cff51710157
2025-09-02,12:00,72,2190.8866843719297,True,3453.8593290092963,price_oracle,-1,72:143,True,tau_72,0d8ff41d4347d979d845ff25645a615746a93859be394cf49c6d0cff51710157,1de1b7c9ca8a37f7124b0c2448c289aa3a52e9a70a35695ec1e6c47d7dab581d
2025-09-02,18:00,108,35.48551904334454,True,7.756375434409847,price_oracle,-1,108:143,True,tau_108,1de1b7c9ca8a37f7124b0c2448c289aa3a52e9a70a35695ec1e6c47d7dab581d,995030f14d2a5fd05dcbd322620ec490bf80053d6ff2fb1b7dba48f414906126
2025-09-03,00:00,0,,True,70335.30716264225,price_oracle,-1,0:143,True,day_ahead,,4c4d62b799e1e02fb3ae4cc61161f7e5d593d6162d5f4f5fddf785cc639dcaad
2025-09-03,06:00,36,2911.4728853990673,True,3697.9523409363433,price_oracle,-1,36:143,True,tau_36,4c4d62b799e1e02fb3ae4cc61161f7e5d593d6162d5f4f5fddf785cc639dcaad,d3ef28193359ca461d493a0e5991ee510386e601a5966796640f7241c6d4bc7c
2025-09-03,12:00,72,864.6835329393216,True,592.2333472222823,price_oracle,-1,72:143,True,tau_72,d3ef28193359ca461d493a0e5991ee510386e601a5966796640f7241c6d4bc7c,329b1628715328f0f78f98baba24b98bdde607a109c926817a513bc15aa35713
2025-09-03,18:00,108,1.9188267249555793,True,1.304791666758092,price_oracle,-1,108:143,True,tau_108,329b1628715328f0f78f98baba24b98bdde607a109c926817a513bc15aa35713,b0fb9d5af5e318f47b0a817b1480ed3f3177d46b2ebb7e25f750458bb8b0f138
2025-09-04,00:00,0,,True,62869.564195550665,price_oracle,-1,0:143,True,day_ahead,,e1bea622f84991e228a3833a833aef90bb64154bb5bd2904259bd3a235f26bef
2025-09-04,06:00,36,2445.686430480091,True,2766.2369031772446,price_oracle,-1,36:143,True,tau_36,e1bea622f84991e228a3833a833aef90bb64154bb5bd2904259bd3a235f26bef,6a5f0fd882ea4d172be2e90dde73240348e3a3260cc6915bbf4cbaa7751181c4
2025-09-04,12:00,72,790.8795425867793,True,1112.932579761132,price_oracle,-1,72:143,True,tau_72,6a5f0fd882ea4d172be2e90dde73240348e3a3260cc6915bbf4cbaa7751181c4,87409d9f27410dc48e17732a792f08984973d148e7fa60e70b1338331420ee44
2025-09-04,18:00,108,3.0482490795184276,True,12.848708873531606,price_oracle,-1,108:143,True,tau_108,87409d9f27410dc48e17732a792f08984973d148e7fa60e70b1338331420ee44,ccb827568cacf8308ba83758db0b26bea51c282599ce0398ad52adacf6b03334
2025-09-05,00:00,0,,True,41896.441608096386,price_oracle,-1,0:143,True,day_ahead,,4394f39c4744169e972a452d9e89d91db3f75323ee8771f68836caab7876b701
2025-09-05,06:00,36,551.7662828967368,True,1115.8035903649481,price_oracle,-1,36:143,True,tau_36,4394f39c4744169e972a452d9e89d91db3f75323ee8771f68836caab7876b701,3b7de0a42fe6dfa0a930461af5748bb21b60d6eb7a399d0fb76d52e8564ebad5
2025-09-05,12:00,72,37.7414688204226,True,119.73812500001728,price_oracle,-1,72:143,True,tau_72,3b7de0a42fe6dfa0a930461af5748bb21b60d6eb7a399d0fb76d52e8564ebad5,b61dbb93e1f9a2c57eddca778c609bc7d7a20f4fcfd9ee6b4866583d4c2b2022
2025-09-05,18:00,108,84.61500102000355,True,17.084000000043147,price_oracle,-1,108:143,True,tau_108,b61dbb93e1f9a2c57eddca778c609bc7d7a20f4fcfd9ee6b4866583d4c2b2022,e5222c98498d3ef704e9549e6900c58a68c48960e74ab0ec899f92820dde0928
2025-09-06,00:00,0,,True,40818.30917073981,price_oracle,-1,0:143,True,day_ahead,,9362e45790c5f039f9b2e6ea8ac5936bc21d60fef58bbe968249a2c04ca96897
2025-09-06,06:00,36,454.3977980669879,True,606.990760686761,price_oracle,-1,36:143,True,tau_36,9362e45790c5f039f9b2e6ea8ac5936bc21d60fef58bbe968249a2c04ca96897,8defbe3d2cccac24e43edbb3f40499e5463fed9e778308e147b15d31c902b1c1
2025-09-06,12:00,72,32.743637535721064,True,102.67154259259819,price_oracle,-1,72:143,True,tau_72,8defbe3d2cccac24e43edbb3f40499e5463fed9e778308e147b15d31c902b1c1,cd56ac65c122fc8237ec697b2b60e16fefcd123daafa207a9728bd5086fac174
2025-09-06,18:00,108,0.33667226001853123,True,0.06491695482819182,price_oracle,-1,108:143,True,tau_108,cd56ac65c122fc8237ec697b2b60e16fefcd123daafa207a9728bd5086fac174,d5ef811a2bff64009cfe1c628fe77b8f0de1cce543b74b4e633afcd1482cfa68
2025-09-07,00:00,0,,True,66023.1376396832,price_oracle,-1,0:143,True,day_ahead,,b30ba044ce9d09bf9f4be24a6f136e5c032c3e00eaa14178c1ca345f28e1fe0c
2025-09-07,06:00,36,11800.428661513783,True,6804.258198319891,price_oracle,-1,36:143,True,tau_36,b30ba044ce9d09bf9f4be24a6f136e5c032c3e00eaa14178c1ca345f28e1fe0c,9915f2b2107a204436d03fa75061be71a97cdb5832936d78cc4bc87d942125e7
2025-09-07,12:00,72,2758.209666054274,True,3305.4605346790395,price_oracle,-1,72:143,True,tau_72,9915f2b2107a204436d03fa75061be71a97cdb5832936d78cc4bc87d942125e7,e62ccc912736c5063885193526c487f72438f5ce455720efc372553137c80f99
2025-09-07,18:00,108,33.0802504112653,True,148.9835910196141,price_oracle,-1,108:143,True,tau_108,e62ccc912736c5063885193526c487f72438f5ce455720efc372553137c80f99,950f57b5419c5ae926c5490cb54c6ac2b2058abcddfe67c2651a256b6f879c87
2025-09-08,00:00,0,,True,68406.97562239578,price_oracle,-1,0:143,True,day_ahead,,d49d5939e3607088adc7ac8511a3019944a4c9a358ad3f9b60b76482b889d89a
2025-09-08,06:00,36,3190.981706358187,True,3586.8110582794834,price_oracle,-1,36:143,True,tau_36,d49d5939e3607088adc7ac8511a3019944a4c9a358ad3f9b60b76482b889d89a,085c9a28f323618616d65a7a141a5310b78a322a7c45ea2e37a5eb5378b6fb8d
2025-09-08,12:00,72,3271.947257821448,True,1316.6803092458429,price_oracle,-1,72:143,True,tau_72,085c9a28f323618616d65a7a141a5310b78a322a7c45ea2e37a5eb5378b6fb8d,1dfce44b9a76fa71941f46f4d18ce459951cbc1fee4ee3db29bb829ec8888681
2025-09-08,18:00,108,13.142323537780612,True,2.8236670951991982,price_oracle,-1,108:143,True,tau_108,1dfce44b9a76fa71941f46f4d18ce459951cbc1fee4ee3db29bb829ec8888681,b6886c4fa62ebcfaf8a75244db7b183928b4c0033af902e115cc8a96ab488b0f
2025-09-09,00:00,0,,True,59454.55067291656,price_oracle,-1,0:143,True,day_ahead,,6a63be6a6429e5d5eb13a4207136f8148344279fc26b9f90880cf5c9ca27c9ac
2025-09-09,06:00,36,11153.467519482612,True,5220.3392944228535,price_oracle,-1,36:143,True,tau_36,6a63be6a6429e5d5eb13a4207136f8148344279fc26b9f90880cf5c9ca27c9ac,f35b3ebe7055c954f07ad53ebcc9d190646caaed003a9cce8ddbf7b59cd11af3
2025-09-09,12:00,72,2681.010745965643,True,3387.4123569381486,price_oracle,-1,72:143,True,tau_72,f35b3ebe7055c954f07ad53ebcc9d190646caaed003a9cce8ddbf7b59cd11af3,47a1543b92fffb7a8c6f60d2c9512f2f849a1622f20b08c3ad37975df00928ca
2025-09-09,18:00,108,13.58037077334302,True,77.95563269183845,price_oracle,-1,108:143,True,tau_108,47a1543b92fffb7a8c6f60d2c9512f2f849a1622f20b08c3ad37975df00928ca,a35266691c6351f3dcc9abda9676f6f15bf174ed393573bb28884e07861d45a9
2025-09-10,00:00,0,,True,76398.60959026843,price_oracle,-1,0:143,True,day_ahead,,2055bfceb713349a18423b8cd0f17eaa2f0b55a207fd8baefd0cf6593a3e79ef
2025-09-10,06:00,36,1254.7780121893738,True,4619.57948029415,price_oracle,-1,36:143,True,tau_36,2055bfceb713349a18423b8cd0f17eaa2f0b55a207fd8baefd0cf6593a3e79ef,ae40826a78e8bfaa2906b1aef6a6a89cbcea41931a9edf4fef218108ede3e7aa
2025-09-10,12:00,72,8419.06712751009,True,3169.9004129037794,price_oracle,-1,72:143,True,tau_72,ae40826a78e8bfaa2906b1aef6a6a89cbcea41931a9edf4fef218108ede3e7aa,5dd2d18b917dd26920509f0193b6b0c29c861d723f0f971b1efb590bc989c07c
2025-09-10,18:00,108,21.300721156338113,True,105.46869383775936,price_oracle,-1,108:143,True,tau_108,5dd2d18b917dd26920509f0193b6b0c29c861d723f0f971b1efb590bc989c07c,1d8d268470ee63d7d7a70208effe26c5a970f116a91d5744b02fd28ad873fd3e
2025-09-11,00:00,0,,True,65040.14703276397,price_oracle,-1,0:143,True,day_ahead,,afe569ea4d7083e9ce7ae0b75d554e36af624dd1d99a49d5fe6dabe72cd08ee6
2025-09-11,06:00,36,2187.6834983633526,True,8970.992531949802,price_oracle,-1,36:143,True,tau_36,afe569ea4d7083e9ce7ae0b75d554e36af624dd1d99a49d5fe6dabe72cd08ee6,a9dec7d46818effd43031d230d21b45393af57bc778f3aed253a5b33321819c7
2025-09-11,12:00,72,906.8961952554528,True,617.7476074073944,price_oracle,-1,72:143,True,tau_72,a9dec7d46818effd43031d230d21b45393af57bc778f3aed253a5b33321819c7,cf83419bace7103b42e71d8f4af65c2a63eb8f7d8271a20b6ddd826cffb25827
2025-09-11,18:00,108,0.6560127726115752,True,2.420625371107917,price_oracle,-1,108:143,True,tau_108,cf83419bace7103b42e71d8f4af65c2a63eb8f7d8271a20b6ddd826cffb25827,87d650ad9966195eeb5002961491f8471ef9651ede6d191521ed6f9f54a7dd54
2025-09-12,00:00,0,,True,38604.59334093685,price_oracle,-1,0:143,True,day_ahead,,dafd6351e891fab699988e3c75c8d5eba41195f4b9158f0f7e39c3355510d0af
2025-09-12,06:00,36,224.2434213008819,True,722.4792997862324,price_oracle,-1,36:143,True,tau_36,dafd6351e891fab699988e3c75c8d5eba41195f4b9158f0f7e39c3355510d0af,46913b83ddfd95aa8ba6ab918ca7182bbcbb5a367922a53ff1f74913994b13e1
2025-09-12,12:00,72,2354.8615557028897,True,868.5446362072362,price_oracle,-1,72:143,True,tau_72,46913b83ddfd95aa8ba6ab918ca7182bbcbb5a367922a53ff1f74913994b13e1,7c7a2698b62c9293999fce1e9ae3a476b9a3b72af401fc79b2f59850234e3942
2025-09-12,18:00,108,15.964034376171185,True,70.19184176154607,price_oracle,-1,108:143,True,tau_108,7c7a2698b62c9293999fce1e9ae3a476b9a3b72af401fc79b2f59850234e3942,587145a6e8f119fc6f2345c7cb3649db04c108bffb787ac216e9f4c15501ddcf
2025-09-13,00:00,0,,True,42932.69316651815,price_oracle,-1,0:143,True,day_ahead,,8fd1feb1925a8026c2e7e9a30bb10390d33dee5e81364c50e4214a2fb9631a0f
2025-09-13,06:00,36,273.7133746182226,True,331.05516162892275,price_oracle,-1,36:143,True,tau_36,8fd1feb1925a8026c2e7e9a30bb10390d33dee5e81364c50e4214a2fb9631a0f,654a4ea86e50e9f0180e81c5c4f4090e8bdc3c1b9c15bc04dfbd12444ab549fa
2025-09-13,12:00,72,756.6599822382559,True,269.45913215166104,price_oracle,-1,72:143,True,tau_72,654a4ea86e50e9f0180e81c5c4f4090e8bdc3c1b9c15bc04dfbd12444ab549fa,02e109f77f39cc040fe444262c38f059dd3f18011d2790600b28918ceb253cec
2025-09-13,18:00,108,42.23321689496515,True,74.7093884352131,price_oracle,-1,108:143,True,tau_108,02e109f77f39cc040fe444262c38f059dd3f18011d2790600b28918ceb253cec,68a3f8cf5ff40cebac5a0df1dbf92343c45dfdb19ed233e4244a83fdeabae7a7
2025-09-14,00:00,0,,True,71517.84308442994,price_oracle,-1,0:143,True,day_ahead,,94e28ff1e1bf7592f098d2e33121804627c566da85041be3b455e3655fde5400
2025-09-14,06:00,36,2072.4669853260857,True,6565.878309512978,price_oracle,-1,36:143,True,tau_36,94e28ff1e1bf7592f098d2e33121804627c566da85041be3b455e3655fde5400,c13e1d7e27e5de5d83b61c50cc47e64cb92cd1a2c1c97fa162557eafffa86608
2025-09-14,12:00,72,4059.309129810339,True,1622.9459351587318,price_oracle,-1,72:143,True,tau_72,c13e1d7e27e5de5d83b61c50cc47e64cb92cd1a2c1c97fa162557eafffa86608,df2c2d810a219296d886e6870fa368e46f54e630a8750d1d1cc573fc472e3045
2025-09-14,18:00,108,17.53571229951922,True,96.8616075556273,price_oracle,-1,108:143,True,tau_108,df2c2d810a219296d886e6870fa368e46f54e630a8750d1d1cc573fc472e3045,d0e74eb5bc97bd082ac30e5685a9bb8ae9337465c900e69c8958b551227db2fe
2025-09-15,00:00,0,,True,59402.990668437735,price_oracle,-1,0:143,True,day_ahead,,ca9b89d457dd24021b110ef2df8d0d90ffb68f7b48ed675301382d5e35addd1f
2025-09-15,06:00,36,1746.5257802661217,True,667.7114053586306,price_oracle,-1,36:143,True,tau_36,ca9b89d457dd24021b110ef2df8d0d90ffb68f7b48ed675301382d5e35addd1f,505e5f9540ec5400adfa0f821599e4c9c9655312e1d3e58a3503075da1665566
2025-09-15,12:00,72,861.532347580709,True,508.95432937225195,price_oracle,-1,72:143,True,tau_72,505e5f9540ec5400adfa0f821599e4c9c9655312e1d3e58a3503075da1665566,95af10b2c0486ce42320d0b57cf7cbc289cccb4a7b545606299710a9e57abe9a
2025-09-15,18:00,108,5.9902840218856,True,4.822141087842326,price_oracle,-1,108:143,True,tau_108,95af10b2c0486ce42320d0b57cf7cbc289cccb4a7b545606299710a9e57abe9a,171c47ef6b7bbc82ba0bd475e2c952c7e01321ce543542f07c37a4c745b9aa8e
2025-09-16,00:00,0,,True,72943.89712810746,price_oracle,-1,0:143,True,day_ahead,,d856a1eabfe43e69c8d420abb25315fe96c151a10fe9823d291bd820c2699134
2025-09-16,06:00,36,1927.431018659845,True,4497.986896735046,price_oracle,-1,36:143,True,tau_36,d856a1eabfe43e69c8d420abb25315fe96c151a10fe9823d291bd820c2699134,c546b8c9fcb53aacddab36021a900deadabd12e4cb35c7cc7f17861ec4553aa6
2025-09-16,12:00,72,564.3887782781676,True,1640.5315592825216,price_oracle,-1,72:143,True,tau_72,c546b8c9fcb53aacddab36021a900deadabd12e4cb35c7cc7f17861ec4553aa6,159dfba0fd2ad76f5e3efda3de350a16d6dacddd68f9c51b0010db208cd43e8b
2025-09-16,18:00,108,19.067858297930798,True,51.801992231238295,price_oracle,-1,108:143,True,tau_108,159dfba0fd2ad76f5e3efda3de350a16d6dacddd68f9c51b0010db208cd43e8b,003b86895ef6a08f140beae2037939dbad3d96a1739b98b3c3bd5e5fe2bc55a9
2025-09-17,00:00,0,,True,68652.27661031103,price_oracle,-1,0:143,True,day_ahead,,b014729e1486e35e2833257a93b0c540ae76d9c754f8b90d78ae3f52f646f4be
2025-09-17,06:00,36,2138.1003274332616,True,2990.0335887739,price_oracle,-1,36:143,True,tau_36,b014729e1486e35e2833257a93b0c540ae76d9c754f8b90d78ae3f52f646f4be,4011eb2779500b303a5c10e60ba0b69599528aa217653b09acc889e07adddeaa
2025-09-17,12:00,72,254.1334939438966,True,1819.3239480016623,price_oracle,-1,72:143,True,tau_72,4011eb2779500b303a5c10e60ba0b69599528aa217653b09acc889e07adddeaa,ab704cc5dbf85d7019dc7a5f9e20103fd6f275486a3585e3264142dbbb5c2818
2025-09-17,18:00,108,0.8323820601945044,True,1.7959995632319021,price_oracle,-1,108:143,True,tau_108,ab704cc5dbf85d7019dc7a5f9e20103fd6f275486a3585e3264142dbbb5c2818,1f7b4fa422c54fc5f2a6327cbc209580c74286390753469713eb127d8a3ecc50
2025-09-18,00:00,0,,True,60728.82124623466,price_oracle,-1,0:143,True,day_ahead,,ae0219c94a36c072190b41708c0eb564bdaf7bb22a54cc318189294f2c56ae19
2025-09-18,06:00,36,14918.271350422001,True,8672.552683319405,price_oracle,-1,36:143,True,tau_36,ae0219c94a36c072190b41708c0eb564bdaf7bb22a54cc318189294f2c56ae19,0da728bccc728e2e1263405a9a5cd9bbc0dc48483a685963adf3f04b9f4dcdba
2025-09-18,12:00,72,1687.553920728962,True,2065.7048419146845,price_oracle,-1,72:143,True,tau_72,0da728bccc728e2e1263405a9a5cd9bbc0dc48483a685963adf3f04b9f4dcdba,8b2ad21c2d3f7bed0458ef8b76b1a2ea41b6cb61d9e79f2e26e93845bf10e301
2025-09-18,18:00,108,29.1019469674211,True,98.05257509309774,price_oracle,-1,108:143,True,tau_108,8b2ad21c2d3f7bed0458ef8b76b1a2ea41b6cb61d9e79f2e26e93845bf10e301,08bacbb913ccce27a2f2e0e14220f5c5c5f940f2eb21a3595ef18758320d323f
2025-09-19,00:00,0,,True,36194.65110931956,price_oracle,-1,0:143,True,day_ahead,,ca50541d48a45c181e636405f50f8a8b61b466bb914cda5f7137b4af35971f8a
2025-09-19,06:00,36,1080.3088353915264,True,496.0408186167745,price_oracle,-1,36:143,True,tau_36,ca50541d48a45c181e636405f50f8a8b61b466bb914cda5f7137b4af35971f8a,d37ebb8573cfa5bf908554ae680ad0364bd0256e8df247e533300052184ba65b
2025-09-19,12:00,72,451.34856951736947,True,743.2716951059394,price_oracle,-1,72:143,True,tau_72,d37ebb8573cfa5bf908554ae680ad0364bd0256e8df247e533300052184ba65b,79dabc0efbf848723553fb804d1b2c3d7250e2ca22b6ff1bcb1ca3f63745f9e8
2025-09-19,18:00,108,15.509801986667298,True,83.20709166672265,price_oracle,-1,108:143,True,tau_108,79dabc0efbf848723553fb804d1b2c3d7250e2ca22b6ff1bcb1ca3f63745f9e8,305ec7c54866d9b0e020855a001268e323912e0538b4746b7b80c9263f42427d
2025-09-20,00:00,0,,True,42853.924561382984,price_oracle,-1,0:143,True,day_ahead,,f7e11aeb3c689dcf5115e006bde82c31292925c9f18d417b6ae3c1d0260f5364
2025-09-20,06:00,36,401.6542815343928,True,463.0476174456583,price_oracle,-1,36:143,True,tau_36,f7e11aeb3c689dcf5115e006bde82c31292925c9f18d417b6ae3c1d0260f5364,95583c7c1dd12eea34a63a789a194816536f934280aa7f64a11617cbdd839dae
2025-09-20,12:00,72,123.29540368599555,True,367.0971027778528,price_oracle,-1,72:143,True,tau_72,95583c7c1dd12eea34a63a789a194816536f934280aa7f64a11617cbdd839dae,5795bb73e1293988228ff645d513c0f2aeb8ceed766afca863bf8deb29eb8eb7
2025-09-20,18:00,108,4.067171346432588,True,34.77474122349281,price_oracle,-1,108:143,True,tau_108,5795bb73e1293988228ff645d513c0f2aeb8ceed766afca863bf8deb29eb8eb7,49e2f3f9008fa7be26f743ca0c82cf6e95c5f472d07ecbb3cb671cb647a7545d
2025-09-21,00:00,0,,True,67100.59846444541,price_oracle,-1,0:143,True,day_ahead,,608679e917891750c7512a45c86387d0c427aaa83b30f1ea4d357cfa79bf7391
2025-09-21,06:00,36,1647.141167924594,True,965.3811643091022,price_oracle,-1,36:143,True,tau_36,608679e917891750c7512a45c86387d0c427aaa83b30f1ea4d357cfa79bf7391,d0e60a7f606390bf1b0dea42003d7a64cb35c43201b00efa15141359b2278ead
2025-09-21,12:00,72,843.895924929966,True,2194.365387665766,price_oracle,-1,72:143,True,tau_72,d0e60a7f606390bf1b0dea42003d7a64cb35c43201b00efa15141359b2278ead,9559bf76436547fc08cfff951d2cdf54bfa6b1c0630141fa48b14b66e98b6a46
2025-09-21,18:00,108,9.997893357649446e-08,False,0.0,price_oracle,-1,108:143,True,tau_108,9559bf76436547fc08cfff951d2cdf54bfa6b1c0630141fa48b14b66e98b6a46,9559bf76436547fc08cfff951d2cdf54bfa6b1c0630141fa48b14b66e98b6a46
2025-09-22,00:00,0,,True,67415.12186684103,price_oracle,-1,0:143,True,day_ahead,,370d8520de377cfbe09f4fdf6c2642823a52b7e9ea9d74e3c8c7fbd780fba2d4
2025-09-22,06:00,36,1915.641991607059,True,6013.062535500525,price_oracle,-1,36:143,True,tau_36,370d8520de377cfbe09f4fdf6c2642823a52b7e9ea9d74e3c8c7fbd780fba2d4,60cab08e55589f53152c7fa53526b008e38fa91ecfe4059f66bdde43a139514b
2025-09-22,12:00,72,355.44111733924365,True,1165.4930498457438,price_oracle,-1,72:143,True,tau_72,60cab08e55589f53152c7fa53526b008e38fa91ecfe4059f66bdde43a139514b,e172ac0ff45f0aa5d0b11da48adfad58fdbc4ac28df2e38652a34446278edc1e
2025-09-22,18:00,108,6.947002806053206,True,37.04958326964538,price_oracle,-1,108:143,True,tau_108,e172ac0ff45f0aa5d0b11da48adfad58fdbc4ac28df2e38652a34446278edc1e,bd45436500044c752947047aa069775eb7f2915c0e4df78ad15f06da987e11fd
2025-09-23,00:00,0,,True,70329.64726401024,price_oracle,-1,0:143,True,day_ahead,,bfb469e01aa8b3dc615bc686e7c2b6a5ba19c8e3f1dc9bb5b2639adb00fb2fc0
2025-09-23,06:00,36,387.58698589733103,True,1234.9223541667302,price_oracle,-1,36:143,True,tau_36,bfb469e01aa8b3dc615bc686e7c2b6a5ba19c8e3f1dc9bb5b2639adb00fb2fc0,bf0370965a5e70159c6ca3261169e1b3a520c4ed38e574dadea0a087fdccaeba
2025-09-23,12:00,72,306.54217436446925,True,920.0907996913564,price_oracle,-1,72:143,True,tau_72,bf0370965a5e70159c6ca3261169e1b3a520c4ed38e574dadea0a087fdccaeba,9d04c04bff22bd5b540657fc3d5eb072edd71fe280f6592e6cf774d0915655ac
2025-09-23,18:00,108,1.0003714123740792e-07,False,0.0,price_oracle,-1,108:143,True,tau_108,9d04c04bff22bd5b540657fc3d5eb072edd71fe280f6592e6cf774d0915655ac,9d04c04bff22bd5b540657fc3d5eb072edd71fe280f6592e6cf774d0915655ac
2025-09-24,00:00,0,,True,57178.011084075275,price_oracle,-1,0:143,True,day_ahead,,10ef1877f8e55e378dac622fa55795c66484132c219e7865ea0fb62a4a036d8a
2025-09-24,06:00,36,3990.6072873867233,True,2272.190114732689,price_oracle,-1,36:143,True,tau_36,10ef1877f8e55e378dac622fa55795c66484132c219e7865ea0fb62a4a036d8a,9ffa8a175fb8efcd137ac8bc4afd31a4e06ba17bf21242fff2b5aead131b918e
2025-09-24,12:00,72,4416.1150533173495,True,2100.847037438739,price_oracle,-1,72:143,True,tau_72,9ffa8a175fb8efcd137ac8bc4afd31a4e06ba17bf21242fff2b5aead131b918e,2767ee1e642b7d69f3d13c78dbe92b50c69a6e2170b89b0af70b06ebddab91d5
2025-09-24,18:00,108,0.0,False,0.0,price_oracle,-1,108:143,True,tau_108,2767ee1e642b7d69f3d13c78dbe92b50c69a6e2170b89b0af70b06ebddab91d5,2767ee1e642b7d69f3d13c78dbe92b50c69a6e2170b89b0af70b06ebddab91d5
2025-09-25,00:00,0,,True,65832.69712236564,price_oracle,-1,0:143,True,day_ahead,,c43c565c317ef697cf81b3c1cffd4b02dae22067f2cbf39dba78628bb0688921
2025-09-25,06:00,36,6736.945865201669,True,3688.952838306677,price_oracle,-1,36:143,True,tau_36,c43c565c317ef697cf81b3c1cffd4b02dae22067f2cbf39dba78628bb0688921,befe6dc1a90ec594b3656595ca77d0a8c4d35a3900a89117065810744d44bc18
2025-09-25,12:00,72,962.0229310474606,True,1137.8454904320906,price_oracle,-1,72:143,True,tau_72,befe6dc1a90ec594b3656595ca77d0a8c4d35a3900a89117065810744d44bc18,fa94937a89af3994c4248b2ba5eff921ab3724b1d0a61e31ccc8708d6c4cc621
2025-09-25,18:00,108,0.0,False,0.0,price_oracle,-1,108:143,True,tau_108,fa94937a89af3994c4248b2ba5eff921ab3724b1d0a61e31ccc8708d6c4cc621,fa94937a89af3994c4248b2ba5eff921ab3724b1d0a61e31ccc8708d6c4cc621
2025-09-26,00:00,0,,True,35276.11578179755,price_oracle,-1,0:143,True,day_ahead,,3ca5a702e7fde61c2f7af2e210fb14ab48f7af3506dea4b9e82e05d7e41baaac
2025-09-26,06:00,36,419.366925761271,True,1359.219162962389,price_oracle,-1,36:143,True,tau_36,3ca5a702e7fde61c2f7af2e210fb14ab48f7af3506dea4b9e82e05d7e41baaac,31894c36b63ac28a00ff5fede3af7c9b95e7e08174873a63cd5ed8c652779c51
2025-09-26,12:00,72,177.85986102722381,True,66.61202746916967,price_oracle,-1,72:143,True,tau_72,31894c36b63ac28a00ff5fede3af7c9b95e7e08174873a63cd5ed8c652779c51,7abc0b3efc883d69be97298ab604be3e7b96c5acd6503161c7429215683b9476
2025-09-26,18:00,108,11.535886512076104,True,72.34798703309184,price_oracle,-1,108:143,True,tau_108,7abc0b3efc883d69be97298ab604be3e7b96c5acd6503161c7429215683b9476,994c2df9c8132d21e9051fc0882c109c17696cc91e46a610338b895c0bc6914e
2025-09-27,00:00,0,,True,39941.13861762664,price_oracle,-1,0:143,True,day_ahead,,999d5f800e94a45d061e897e8abfeda949ac0291f78396665d6e7125ed8a4e46
2025-09-27,06:00,36,2810.471825500368,True,1290.7885717851696,price_oracle,-1,36:143,True,tau_36,999d5f800e94a45d061e897e8abfeda949ac0291f78396665d6e7125ed8a4e46,c033838e0380832714d791ba4a583992ac02e3bf2c0767ca7f04907a87e38291
2025-09-27,12:00,72,733.7163758706884,True,788.3242416964862,price_oracle,-1,72:143,True,tau_72,c033838e0380832714d791ba4a583992ac02e3bf2c0767ca7f04907a87e38291,aa9675c82c7ecb39514bc5acf068f60af2110db521016caef39093238109752e
2025-09-27,18:00,108,8.776634037509211,True,74.91791721679238,price_oracle,-1,108:143,True,tau_108,aa9675c82c7ecb39514bc5acf068f60af2110db521016caef39093238109752e,10424cfe8e6cee5bf131f0ca1701cd98a63cf5f997b6d377f211704c080c7f29
2025-09-28,00:00,0,,True,59415.06637034715,price_oracle,-1,0:143,True,day_ahead,,cb9b2e74b1358dd944b792e63bb1c658899f1a7cfb8c3811a33e8fefdff4eecd
2025-09-28,06:00,36,17394.14730827608,True,7969.888417739179,price_oracle,-1,36:143,True,tau_36,cb9b2e74b1358dd944b792e63bb1c658899f1a7cfb8c3811a33e8fefdff4eecd,20c8224779f657a83195cb75e823c02af350aeb331ad0c7ac3a19952b39e8fee
2025-09-28,12:00,72,3676.6889631457016,True,3629.9364743055803,price_oracle,-1,72:143,True,tau_72,20c8224779f657a83195cb75e823c02af350aeb331ad0c7ac3a19952b39e8fee,eac93558d61ef587d7841f7705d81a41ec40596772575b19148f5792c6e31d96
2025-09-28,18:00,108,0.0,False,0.0,price_oracle,-1,108:143,True,tau_108,eac93558d61ef587d7841f7705d81a41ec40596772575b19148f5792c6e31d96,eac93558d61ef587d7841f7705d81a41ec40596772575b19148f5792c6e31d96
2025-09-29,00:00,0,,True,64352.56769531162,price_oracle,-1,0:143,True,day_ahead,,2de69adfe9f6ff55034a0a5238bf7582a2af5d1a18531b4acad2cc7da660f8cc
2025-09-29,06:00,36,1808.7775179111777,True,6052.635228472982,price_oracle,-1,36:143,True,tau_36,2de69adfe9f6ff55034a0a5238bf7582a2af5d1a18531b4acad2cc7da660f8cc,83eba8c40fa15b5604257363cfa0799e6cc34a2936ffc83e5a91c1e431458488
2025-09-29,12:00,72,4158.435249183458,True,2194.9468827087794,price_oracle,-1,72:143,True,tau_72,83eba8c40fa15b5604257363cfa0799e6cc34a2936ffc83e5a91c1e431458488,d5416d01242d3ab074baea875855e69296e96535cad0af7bd726c1289efb8441
2025-09-29,18:00,108,1.0001531336456537e-07,False,0.0,price_oracle,-1,108:143,True,tau_108,d5416d01242d3ab074baea875855e69296e96535cad0af7bd726c1289efb8441,d5416d01242d3ab074baea875855e69296e96535cad0af7bd726c1289efb8441
2025-09-30,00:00,0,,True,71622.33879242594,price_oracle,-1,0:143,True,day_ahead,,ca299b87faa0c3658c977fbb30e436835df8c97423cc1216813dc5135e2bc3f8
2025-09-30,06:00,36,3043.123984972626,True,1334.9617396170952,price_oracle,-1,36:143,True,tau_36,ca299b87faa0c3658c977fbb30e436835df8c97423cc1216813dc5135e2bc3f8,5c3bd2b4803dc4642e3dd2c734ae783812b31130960be3aad75d93fbbf7fa278
2025-09-30,12:00,72,2431.6868010444596,True,1243.9077188764866,price_oracle,-1,72:143,True,tau_72,5c3bd2b4803dc4642e3dd2c734ae783812b31130960be3aad75d93fbbf7fa278,0067af7a2bae6de1b5ab17a0b55bb5647bd8b4e3161497f539c1c56cc17266a2
2025-09-30,18:00,108,6.341786276338098,True,1.3876087970041908,price_oracle,-1,108:143,True,tau_108,0067af7a2bae6de1b5ab17a0b55bb5647bd8b4e3161497f539c1c56cc17266a2,da5cf82dfbd0009efcab88a45ad02a7beb8af016fcb2b63e6c2e908b5b9cf9be
2025-10-01,00:00,0,,True,61272.78887055856,price_oracle,-1,0:143,True,day_ahead,,2bc0658e45918db4f9ab78704ee6efc98d363a50bb948383b0027e2b583b76cd
2025-10-01,06:00,36,1917.6121118623123,True,1890.17026199604,price_oracle,-1,36:143,True,tau_36,2bc0658e45918db4f9ab78704ee6efc98d363a50bb948383b0027e2b583b76cd,9623a91ec6c059ed7bc898b51a6efea1a0623aac915510436d1b19d4884461ac
2025-10-01,12:00,72,857.8475151552047,True,1846.198620335343,price_oracle,-1,72:143,True,tau_72,9623a91ec6c059ed7bc898b51a6efea1a0623aac915510436d1b19d4884461ac,4bf8bd77d4355419280aa66365728b2969aeaa940ec445a5ad859ed929ab994e
2025-10-01,18:00,108,1.0000803740695119e-07,False,0.0,price_oracle,-1,108:143,True,tau_108,4bf8bd77d4355419280aa66365728b2969aeaa940ec445a5ad859ed929ab994e,4bf8bd77d4355419280aa66365728b2969aeaa940ec445a5ad859ed929ab994e
2025-10-02,00:00,0,,True,61939.45991228425,price_oracle,-1,0:143,True,day_ahead,,f7b370703c4fa7e44065b03fcf60d48717430e4f33edfcf7ae170477846e9af0
2025-10-02,06:00,36,2155.605779804064,True,7386.152335342234,price_oracle,-1,36:143,True,tau_36,f7b370703c4fa7e44065b03fcf60d48717430e4f33edfcf7ae170477846e9af0,bdae2b553105d0f78d887d85dd1617d952a76432428beded7d0394dfae037fcc
2025-10-02,12:00,72,336.3000987160776,True,1485.5591062976223,price_oracle,-1,72:143,True,tau_72,bdae2b553105d0f78d887d85dd1617d952a76432428beded7d0394dfae037fcc,8c4123b790345a8df80cbe3ac78741dacf105bb2bf686fb34ec2a541d981c07c
2025-10-02,18:00,108,9.998620953410864e-08,False,0.0,price_oracle,-1,108:143,True,tau_108,8c4123b790345a8df80cbe3ac78741dacf105bb2bf686fb34ec2a541d981c07c,8c4123b790345a8df80cbe3ac78741dacf105bb2bf686fb34ec2a541d981c07c
2025-10-03,00:00,0,,True,33632.25213276311,price_oracle,-1,0:143,True,day_ahead,,e16e08c5ed1e4f1c3703016baf3bec9c6c43c95a58c506e2260de007b185a6df
2025-10-03,06:00,36,457.4657356857424,True,211.67996677038383,price_oracle,-1,36:143,True,tau_36,e16e08c5ed1e4f1c3703016baf3bec9c6c43c95a58c506e2260de007b185a6df,8b7db4a5fddc133b83bf59ffcb9ad7e6be13cc7a34252a344cc5e930a8812351
2025-10-03,12:00,72,335.34820974165996,True,159.55659444960662,price_oracle,-1,72:143,True,tau_72,8b7db4a5fddc133b83bf59ffcb9ad7e6be13cc7a34252a344cc5e930a8812351,859b39d802038ca5afbcd471379a13793d93b081dbfb87e54112de68d6b79335
2025-10-03,18:00,108,12.65725787500196,True,79.92374936856572,price_oracle,-1,108:143,True,tau_108,859b39d802038ca5afbcd471379a13793d93b081dbfb87e54112de68d6b79335,46c74513921482117f0ad33d7acc6a7e1bddbfc63494428d0ce56d6ba0ddd39e
2025-10-04,00:00,0,,True,35930.25566069981,price_oracle,-1,0:143,True,day_ahead,,467976037f0c303e22cda1436cc1691df10daae438719cf85b7b5fe7a58a8c37
2025-10-04,06:00,36,122.12152298701403,True,381.98322405707194,price_oracle,-1,36:143,True,tau_36,467976037f0c303e22cda1436cc1691df10daae438719cf85b7b5fe7a58a8c37,807847d4a50c46151f9e1e5c3928bee512f263e6d055d4ba5604402aba7b4b45
2025-10-04,12:00,72,32.847930324976915,True,104.25250000000011,price_oracle,-1,72:143,True,tau_72,807847d4a50c46151f9e1e5c3928bee512f263e6d055d4ba5604402aba7b4b45,c092c9d74249223eb1291e15a276affb827ac0e109f2d8ee6a09069957931009
2025-10-04,18:00,108,5.536715220354381,True,104.11708189900526,price_oracle,-1,108:143,True,tau_108,c092c9d74249223eb1291e15a276affb827ac0e109f2d8ee6a09069957931009,613dc3f608ba1003dfbb0c591db20742317882de5d9e2eda6794efb5ec5fbbc2
2025-10-05,00:00,0,,True,64814.005692861036,price_oracle,-1,0:143,True,day_ahead,,6c9ac9b2cc675f2e89cd904a25cd7c351822b89a9b1c3058ec94a3209ed01c3f
2025-10-05,06:00,36,2409.162472579803,True,8699.59714170354,price_oracle,-1,36:143,True,tau_36,6c9ac9b2cc675f2e89cd904a25cd7c351822b89a9b1c3058ec94a3209ed01c3f,eb172622063c61eaf77f45afe738d9c21361759ea3ad4953b4e45b0818d973f7
2025-10-05,12:00,72,2408.313259940114,True,1484.5822703792592,price_oracle,-1,72:143,True,tau_72,eb172622063c61eaf77f45afe738d9c21361759ea3ad4953b4e45b0818d973f7,b519f6959cdf016415b20ad1d49ba87c59e2a4f52dcedbac32b4a779d7ad6499
2025-10-05,18:00,108,10.197702704179392,True,65.89791649226646,price_oracle,-1,108:143,True,tau_108,b519f6959cdf016415b20ad1d49ba87c59e2a4f52dcedbac32b4a779d7ad6499,bb89d4b349c346fc8da1b5a184ed8e348623ab9b9eb3a8415d49aafac706efff
2025-10-06,00:00,0,,True,56082.90633165553,price_oracle,-1,0:143,True,day_ahead,,43adfc7a591f2cc297813043d7e0213b6e66a9022dee119bdb8865f04d37498d
2025-10-06,06:00,36,3932.8305427345913,True,2133.5490387469354,price_oracle,-1,36:143,True,tau_36,43adfc7a591f2cc297813043d7e0213b6e66a9022dee119bdb8865f04d37498d,9858dbeb90371567570f6a2528b4dab73cd7f374d13221543c764014eaf985ca
2025-10-06,12:00,72,439.16453719630954,True,311.3731936669659,price_oracle,-1,72:143,True,tau_72,9858dbeb90371567570f6a2528b4dab73cd7f374d13221543c764014eaf985ca,3e6236752e1eaa32c02e65113b6b0be4ddbefdd1246ae06367218ac7017609ed
2025-10-06,18:00,108,1.00000761449337e-07,False,0.0,price_oracle,-1,108:143,True,tau_108,3e6236752e1eaa32c02e65113b6b0be4ddbefdd1246ae06367218ac7017609ed,3e6236752e1eaa32c02e65113b6b0be4ddbefdd1246ae06367218ac7017609ed
2025-10-07,00:00,0,,True,60877.77523945732,price_oracle,-1,0:143,True,day_ahead,,2aa5044c9ce46e94e9afa4d0d0d123aacb05c62bb424051e19d4fcc5fc2ba9b8
2025-10-07,06:00,36,2528.058574389943,True,1076.0032675932257,price_oracle,-1,36:143,True,tau_36,2aa5044c9ce46e94e9afa4d0d0d123aacb05c62bb424051e19d4fcc5fc2ba9b8,b88ddfc10cbd776d0d2f7966faa5449c6f34c86a9d0f7d63f4eb213dc1324bbb
2025-10-07,12:00,72,3905.9646124616265,True,1602.143933738913,price_oracle,-1,72:143,True,tau_72,b88ddfc10cbd776d0d2f7966faa5449c6f34c86a9d0f7d63f4eb213dc1324bbb,fd6535051455d8c5562336c52199bc293691de33bbb14ee7cab74c2db94a918a
2025-10-07,18:00,108,0.0,False,0.0,price_oracle,-1,108:143,True,tau_108,fd6535051455d8c5562336c52199bc293691de33bbb14ee7cab74c2db94a918a,fd6535051455d8c5562336c52199bc293691de33bbb14ee7cab74c2db94a918a
2025-10-08,00:00,0,,True,57341.59115694575,price_oracle,-1,0:143,True,day_ahead,,8af267015b244c8e013cf52944f6c3cd228a70ecad8b5550c0c2bb8cc06899f0
2025-10-08,06:00,36,840.2817616142493,True,516.3120143648646,price_oracle,-1,36:143,True,tau_36,8af267015b244c8e013cf52944f6c3cd228a70ecad8b5550c0c2bb8cc06899f0,8a4ca6481abe79a3b5601852625b3544c9799170d3cbe38dd97a0de02fa5bd0f
2025-10-08,12:00,72,2390.507232845819,True,1338.1418200926971,price_oracle,-1,72:143,True,tau_72,8a4ca6481abe79a3b5601852625b3544c9799170d3cbe38dd97a0de02fa5bd0f,36cb843d8fd2be83251400a342622fdcaae9f4eecc7da42d338b180cdaf6c8dd
2025-10-08,18:00,108,1.6963645023352,True,10.268550204729905,price_oracle,-1,108:143,True,tau_108,36cb843d8fd2be83251400a342622fdcaae9f4eecc7da42d338b180cdaf6c8dd,08b099a4be3ac09fa5d75e51112767e9760bcbe3f005c545daf1d9143f9bd8d2
2025-10-09,00:00,0,,True,62807.99946437866,price_oracle,-1,0:143,True,day_ahead,,78ea157817e6a8789787ed643322e8126c23a4930da04b2225a7cbd1d6a4bd5b
2025-10-09,06:00,36,2848.3596233810094,True,10219.57086875943,price_oracle,-1,36:143,True,tau_36,78ea157817e6a8789787ed643322e8126c23a4930da04b2225a7cbd1d6a4bd5b,6a343b5f2e6b0a21d86b5ee1c8a0ccf5bd9b1b864465d8366536a5be5b8ae3e7
2025-10-09,12:00,72,2648.799101531251,True,1257.2750296299594,price_oracle,-1,72:143,True,tau_72,6a343b5f2e6b0a21d86b5ee1c8a0ccf5bd9b1b864465d8366536a5be5b8ae3e7,06d69480f73280920e0112052cf6019395173b1bc8945dac375c74bb67f80bb4
2025-10-09,18:00,108,1.2382762666675262,True,4.696666668992292,price_oracle,-1,108:143,True,tau_108,06d69480f73280920e0112052cf6019395173b1bc8945dac375c74bb67f80bb4,0f8ccc058b6621ac756688b2cbeb0f23decf4fa8c4f0549171de09d6a117ca50
2025-10-10,00:00,0,,True,34384.81257777804,price_oracle,-1,0:143,True,day_ahead,,c1139b291d2acadaf9004d6de5b3c409053b9442263924956b3f051a452ee8e5
2025-10-10,06:00,36,161.19152835041677,True,314.4418755970635,price_oracle,-1,36:143,True,tau_36,c1139b291d2acadaf9004d6de5b3c409053b9442263924956b3f051a452ee8e5,e03c8073d8d4a368469c0638dcbfe79a49c504646d0a43d80bbfcc2c7e501e3e
2025-10-10,12:00,72,154.29641637977693,True,408.44239071129977,price_oracle,-1,72:143,True,tau_72,e03c8073d8d4a368469c0638dcbfe79a49c504646d0a43d80bbfcc2c7e501e3e,e299dbad6f912df03e20cc075413d515188656a17f08eaad847000e4a4057b03
2025-10-10,18:00,108,2.123819745371293,True,43.235414630785385,price_oracle,-1,108:143,True,tau_108,e299dbad6f912df03e20cc075413d515188656a17f08eaad847000e4a4057b03,174d34b6ccfa17b8d56fc520e26a9b7a0da6cdd96a8f06369a55adbb56a8735f
2025-10-11,00:00,0,,True,37330.59619874811,price_oracle,-1,0:143,True,day_ahead,,dbce02408fd52665ab00f5d52d2ea013543e9c8799adc4a32af844cd9ff43d07
2025-10-11,06:00,36,727.1172928609813,True,325.9626865892904,price_oracle,-1,36:143,True,tau_36,dbce02408fd52665ab00f5d52d2ea013543e9c8799adc4a32af844cd9ff43d07,5a1b0847efdf4fc731a3e91bab82ae494081a52fd2f5292bab9ae4c5936e76d6
2025-10-11,12:00,72,366.25528361459874,True,504.44191250011255,price_oracle,-1,72:143,True,tau_72,5a1b0847efdf4fc731a3e91bab82ae494081a52fd2f5292bab9ae4c5936e76d6,70e2451c6b53599742a1f46c38efcd8877c1228b3dc04b7a9cf445c7eab0b6d4
2025-10-11,18:00,108,2.418117308319779,True,37.42249893030411,price_oracle,-1,108:143,True,tau_108,70e2451c6b53599742a1f46c38efcd8877c1228b3dc04b7a9cf445c7eab0b6d4,63a4bb211646cc14d3a053a9e8e4deaa54aaf69077112ae54fffe13c5eb583c4
2025-10-12,00:00,0,,True,59714.138356089636,price_oracle,-1,0:143,True,day_ahead,,f86ae545b34fee494b6a3577fe38b94d53fd5ae3e4c5474612976d01ee448d8d
2025-10-12,06:00,36,2309.3740575611882,True,1080.3832550283496,price_oracle,-1,36:143,True,tau_36,f86ae545b34fee494b6a3577fe38b94d53fd5ae3e4c5474612976d01ee448d8d,5882c947b533f32132d57144fcee43ec0c98f863c777b0a53f5fe5c7fea4d79b
2025-10-12,12:00,72,715.1451459345844,True,1424.4529422840383,price_oracle,-1,72:143,True,tau_72,5882c947b533f32132d57144fcee43ec0c98f863c777b0a53f5fe5c7fea4d79b,9454298b86aef705086e2fa74f96b4912642436adc567c400373691156f57dcd
2025-10-12,18:00,108,0.0,False,0.0,price_oracle,-1,108:143,True,tau_108,9454298b86aef705086e2fa74f96b4912642436adc567c400373691156f57dcd,9454298b86aef705086e2fa74f96b4912642436adc567c400373691156f57dcd
2025-10-13,00:00,0,,True,64703.94174274856,price_oracle,-1,0:143,True,day_ahead,,a8a47cb8ccb3adb548af63f0674c51daf2797443487a413cfd15fbfcc2383407
2025-10-13,06:00,36,3845.351569646373,True,6589.224962525377,price_oracle,-1,36:143,True,tau_36,a8a47cb8ccb3adb548af63f0674c51daf2797443487a413cfd15fbfcc2383407,ec9dd5d11a14244ec6ee0c6679e6108c9c098b99d6d107e659b573f90f9b4ace
2025-10-13,12:00,72,1036.0170080675452,True,333.3846666668136,price_oracle,-1,72:143,True,tau_72,ec9dd5d11a14244ec6ee0c6679e6108c9c098b99d6d107e659b573f90f9b4ace,2b43c19468872d906fa7abb4544df5ae4f1c172d0d2287d9050485283d54f47e
2025-10-13,18:00,108,7.67370766482054,True,43.769166584377814,price_oracle,-1,108:143,True,tau_108,2b43c19468872d906fa7abb4544df5ae4f1c172d0d2287d9050485283d54f47e,5eb567f93386ba980ba0289c708dc93234b391a47c90a1196d4f1c94fc897fa9
2025-10-14,00:00,0,,True,66260.20916414174,price_oracle,-1,0:143,True,day_ahead,,aac29fb75a77877c0d0b60442442c29fc6f450d0b3a5e30ad85b9290c373eb16
2025-10-14,06:00,36,4173.558454036465,True,8117.5300355691015,price_oracle,-1,36:143,True,tau_36,aac29fb75a77877c0d0b60442442c29fc6f450d0b3a5e30ad85b9290c373eb16,e918630d8d9197a59726c4d08d964f272faf8e2ba12a2be8f9526e9cbda42a1d
2025-10-14,12:00,72,9101.227159477872,True,4055.9241870369633,price_oracle,-1,72:143,True,tau_72,e918630d8d9197a59726c4d08d964f272faf8e2ba12a2be8f9526e9cbda42a1d,60b1b60076e57c2c9339a5abf2b0ff678bf03eedef46b59bf3448aeb1ec980c3
2025-10-14,18:00,108,1.0001531336456537e-07,False,0.0,price_oracle,-1,108:143,True,tau_108,60b1b60076e57c2c9339a5abf2b0ff678bf03eedef46b59bf3448aeb1ec980c3,60b1b60076e57c2c9339a5abf2b0ff678bf03eedef46b59bf3448aeb1ec980c3
2025-10-15,00:00,0,,True,70613.16379303584,price_oracle,-1,0:143,True,day_ahead,,f3f649fc3185a8e2bf91af3990b3a7d22f9eaf02e22c91777af29af7acfac732
2025-10-15,06:00,36,2380.8715345906385,True,7728.621795693132,price_oracle,-1,36:143,True,tau_36,f3f649fc3185a8e2bf91af3990b3a7d22f9eaf02e22c91777af29af7acfac732,4d38bbf09389678fa4e019f67f2e5ae2027d47ef9e506069c93be7b976bd5c5f
2025-10-15,12:00,72,5430.79060278181,True,2122.183793364196,price_oracle,-1,72:143,True,tau_72,4d38bbf09389678fa4e019f67f2e5ae2027d47ef9e506069c93be7b976bd5c5f,9c131b25f2e2d059833821644a2039a28f51108f28cb1827900a9b10578c4a76
2025-10-15,18:00,108,9.997893357649446e-08,False,0.0,price_oracle,-1,108:143,True,tau_108,9c131b25f2e2d059833821644a2039a28f51108f28cb1827900a9b10578c4a76,9c131b25f2e2d059833821644a2039a28f51108f28cb1827900a9b10578c4a76
2025-10-16,00:00,0,,True,57330.8214637396,price_oracle,-1,0:143,True,day_ahead,,d08a25026b6c7b16f2827bec48b86ca737a7d89786207a30461cb86e20cacdf2
2025-10-16,06:00,36,3160.0808089708444,True,2321.8394335417447,price_oracle,-1,36:143,True,tau_36,d08a25026b6c7b16f2827bec48b86ca737a7d89786207a30461cb86e20cacdf2,453f73e0b073159c3a7973577a6f0777a64fcee89fa1d2e58530779454278f7c
2025-10-16,12:00,72,2164.211836497314,True,1072.9675740831656,price_oracle,-1,72:143,True,tau_72,453f73e0b073159c3a7973577a6f0777a64fcee89fa1d2e58530779454278f7c,1b2d2163eb28ff6bcecdf0c5697cea25a3b76c08855592bdc828fb6bb24a1589
2025-10-16,18:00,108,8.858715771293646,True,32.90416666871579,price_oracle,-1,108:143,True,tau_108,1b2d2163eb28ff6bcecdf0c5697cea25a3b76c08855592bdc828fb6bb24a1589,0f0e880ec44cc9b4ac530d1bcf5ecb00a6b42722a33b388aa13ddb04c5583833
2025-10-17,00:00,0,,True,31091.320521284717,price_oracle,-1,0:143,True,day_ahead,,35dd3cd38917882a1e33ebf0a42f6d7df3d1ee1b44a02c9cb2553adf630cf037
2025-10-17,06:00,36,2644.902373070421,True,1151.7338339303276,price_oracle,-1,36:143,True,tau_36,35dd3cd38917882a1e33ebf0a42f6d7df3d1ee1b44a02c9cb2553adf630cf037,b54ecab0a4170d228d32dada5224db96a7e0200cf39cea1c7eeb7a01a4701120
2025-10-17,12:00,72,119.23330499156145,True,127.97070000689087,price_oracle,-1,72:143,True,tau_72,b54ecab0a4170d228d32dada5224db96a7e0200cf39cea1c7eeb7a01a4701120,d89123f6c8660d230af54e5c48b1fc1e02c0d71d93a2f35253846cbba312600b
2025-10-17,18:00,108,2.184872098849155,True,34.35333235116741,price_oracle,-1,108:143,True,tau_108,d89123f6c8660d230af54e5c48b1fc1e02c0d71d93a2f35253846cbba312600b,c8937f00ad5f54c4928f6fdf214abdbc5849c5a2c3ea65a5df9e902013755951
2025-10-18,00:00,0,,True,39682.55193602305,price_oracle,-1,0:143,True,day_ahead,,32704836f9be06edc298bd0f38a8436114e873de52eb5dde8596f5957bc7fb1d
2025-10-18,06:00,36,456.45285635286564,True,639.0019445450769,price_oracle,-1,36:143,True,tau_36,32704836f9be06edc298bd0f38a8436114e873de52eb5dde8596f5957bc7fb1d,f07336b6f374cc9ba2e65ef0841a504ac15f68f644107a811564ef98154f4c89
2025-10-18,12:00,72,188.169813004788,True,590.1030407590442,price_oracle,-1,72:143,True,tau_72,f07336b6f374cc9ba2e65ef0841a504ac15f68f644107a811564ef98154f4c89,f4825558e79264675a035563aae2a122d279071bdbc06e56f515fa8143f100b2
2025-10-18,18:00,108,1.00000761449337e-07,False,0.0,price_oracle,-1,108:143,True,tau_108,f4825558e79264675a035563aae2a122d279071bdbc06e56f515fa8143f100b2,f4825558e79264675a035563aae2a122d279071bdbc06e56f515fa8143f100b2
2025-10-19,00:00,0,,True,65348.00689989652,price_oracle,-1,0:143,True,day_ahead,,50504f0b0c632e4def046b25cc4b0b2be9eb60732c3c80f4ebaff0e6b62c85e9
2025-10-19,06:00,36,159.88959531851287,True,380.3526347208906,price_oracle,-1,36:143,True,tau_36,50504f0b0c632e4def046b25cc4b0b2be9eb60732c3c80f4ebaff0e6b62c85e9,b76e3f678b283bace4b962d7166d6eba2d770c878471c543c4d4f69f99bf272c
2025-10-19,12:00,72,496.0552991318982,True,1364.021844444741,price_oracle,-1,72:143,True,tau_72,b76e3f678b283bace4b962d7166d6eba2d770c878471c543c4d4f69f99bf272c,174cfdc057afcff853b3acb6dd81521d1f3a78811abf55ae880b27c67a848b91
2025-10-19,18:00,108,1.0001531336456537e-07,False,0.0,price_oracle,-1,108:143,True,tau_108,174cfdc057afcff853b3acb6dd81521d1f3a78811abf55ae880b27c67a848b91,174cfdc057afcff853b3acb6dd81521d1f3a78811abf55ae880b27c67a848b91
2025-10-20,00:00,0,,True,71752.0919743072,price_oracle,-1,0:143,True,day_ahead,,7da3aff1f2372b5ecb9b9c934e8687d55d2e962251da1953869c3e9d7c54e1ff
2025-10-20,06:00,36,1051.9257468900614,True,2393.0397365661393,price_oracle,-1,36:143,True,tau_36,7da3aff1f2372b5ecb9b9c934e8687d55d2e962251da1953869c3e9d7c54e1ff,7c96b842b6351ab76f5f48e1efb0ee104028f8c7985ca7f3ef116acd01910e2b
2025-10-20,12:00,72,437.0420846678171,True,1185.072138430558,price_oracle,-1,72:143,True,tau_72,7c96b842b6351ab76f5f48e1efb0ee104028f8c7985ca7f3ef116acd01910e2b,55d9504a5e5475590e9a86626598427c00455e14ba2748f7b8fafa6a3c9f7b62
2025-10-20,18:00,108,6.236167628390831,True,38.56916651169922,price_oracle,-1,108:143,True,tau_108,55d9504a5e5475590e9a86626598427c00455e14ba2748f7b8fafa6a3c9f7b62,57ba2404c2c92c119664d9fc83f1a910c81d23207ea1e74be51f52fc269df547
2025-10-21,00:00,0,,True,70239.79749235859,price_oracle,-1,0:143,True,day_ahead,,f988d62836be0c45a8f9b2c4ee83c9e4e769867591cc6604515a91e3bbea90e2
2025-10-21,06:00,36,2487.2385835708264,True,1418.0967034980165,price_oracle,-1,36:143,True,tau_36,f988d62836be0c45a8f9b2c4ee83c9e4e769867591cc6604515a91e3bbea90e2,10f034c34d8c06b6e39a4d57069e80e0c19914131d66d14c18fc04abe5681fb8
2025-10-21,12:00,72,295.04432104778243,True,692.7628978399431,price_oracle,-1,72:143,True,tau_72,10f034c34d8c06b6e39a4d57069e80e0c19914131d66d14c18fc04abe5681fb8,724de60e671db26a685a9e602b6e6af6889dfc06c9c060f8844968ac8c0e4d21
2025-10-21,18:00,108,2.5538114078954095,True,15.652083183830314,price_oracle,-1,108:143,True,tau_108,724de60e671db26a685a9e602b6e6af6889dfc06c9c060f8844968ac8c0e4d21,83185326a305926ae224c11def4312605f81da4d6cd7d54030d82cff5cf393a9
2025-10-22,00:00,0,,True,65996.81353054602,price_oracle,-1,0:143,True,day_ahead,,b53c40cab0255fac77a332426fd8c7cc6f5de31d3e547fd635c7022d76737056
2025-10-22,06:00,36,1131.6624445813068,True,1768.7042760003715,price_oracle,-1,36:143,True,tau_36,b53c40cab0255fac77a332426fd8c7cc6f5de31d3e547fd635c7022d76737056,d53049353ba6abd4cb37a04c876fa0282f32fcd0870ceca2135e81c0877bc09a
2025-10-22,12:00,72,7941.013427288592,True,2704.5591055144287,price_oracle,-1,72:143,True,tau_72,d53049353ba6abd4cb37a04c876fa0282f32fcd0870ceca2135e81c0877bc09a,484f8bf88f307c8a42e51f4976856d210b520edccdcd46421d84d693dda57448
2025-10-22,18:00,108,40.71045999999478,True,9.200000475751267,price_oracle,-1,108:143,True,tau_108,484f8bf88f307c8a42e51f4976856d210b520edccdcd46421d84d693dda57448,75923ef0f3e2c3ffec0dc5b38d64a8596c536ec565e135cc96fbde95ec90808b
2025-10-23,00:00,0,,True,71478.59376499295,price_oracle,-1,0:143,True,day_ahead,,4e98bc0efbde9b7f474315fe078768076528bea9d541125b01a97b4748295312
2025-10-23,06:00,36,5130.133588150871,True,15068.12897027088,price_oracle,-1,36:143,True,tau_36,4e98bc0efbde9b7f474315fe078768076528bea9d541125b01a97b4748295312,d5c0d60ad7b9af9bb5b4a461d2fc9b16088d87921111fb39c71eaf77adfa8850
2025-10-23,12:00,72,5617.164549747475,True,2227.286145398295,price_oracle,-1,72:143,True,tau_72,d5c0d60ad7b9af9bb5b4a461d2fc9b16088d87921111fb39c71eaf77adfa8850,acdcad56fb92c80e3517fc11c556055e780dd47e88f3334d1c9ff3a5e5f1f7ae
2025-10-23,18:00,108,1.7723032111098291,True,6.926667231817455,price_oracle,-1,108:143,True,tau_108,acdcad56fb92c80e3517fc11c556055e780dd47e88f3334d1c9ff3a5e5f1f7ae,592b7f79c2b0d0e02ccad4d42898bcbb3d514016983b0faf24065e1788e639e1
2025-10-24,00:00,0,,True,35882.763741216106,price_oracle,-1,0:143,True,day_ahead,,89b4e4ef9eba52b3bc8df8a7c5198b113a9168bbc322f5db320a27668720321b
2025-10-24,06:00,36,587.2184135008356,True,250.31949229209596,price_oracle,-1,36:143,True,tau_36,89b4e4ef9eba52b3bc8df8a7c5198b113a9168bbc322f5db320a27668720321b,fdbb174fcc7e524278b33b760718da0fd9822317f203a896be9cc2da24d29230
2025-10-24,12:00,72,148.8899776766848,True,352.45142366629307,price_oracle,-1,72:143,True,tau_72,fdbb174fcc7e524278b33b760718da0fd9822317f203a896be9cc2da24d29230,4f1a5ab753653cbe230f693019c5cbcbf686fc4bc43e2e1bbbaba610117ae517
2025-10-24,18:00,108,43.53056007101986,True,14.870041691967288,price_oracle,-1,108:143,True,tau_108,4f1a5ab753653cbe230f693019c5cbcbf686fc4bc43e2e1bbbaba610117ae517,f96e74ebaeb9a20b51840bde606c8a17f020d6a71087b041995684962d7df864
2025-10-25,00:00,0,,True,35787.24743435308,price_oracle,-1,0:143,True,day_ahead,,3df6f6a1ea9922b97c9c01fdabea349a41a96660158ed8c725df6113199c3c06
2025-10-25,06:00,36,139.49906319069123,True,56.95635882294624,price_oracle,-1,36:143,True,tau_36,3df6f6a1ea9922b97c9c01fdabea349a41a96660158ed8c725df6113199c3c06,f1cffe23f54967546dcb73507596768a7113fed2c5b4b3fef8844b4d6c41ae40
2025-10-25,12:00,72,162.86950712608814,True,242.63237534753705,price_oracle,-1,72:143,True,tau_72,f1cffe23f54967546dcb73507596768a7113fed2c5b4b3fef8844b4d6c41ae40,acb63990bebba996ec3b158e1f8a6da2742b9e98acc21b56e5bc660958aea898
2025-10-25,18:00,108,59.39598242557986,True,20.802011111113643,price_oracle,-1,108:143,True,tau_108,acb63990bebba996ec3b158e1f8a6da2742b9e98acc21b56e5bc660958aea898,e9238616ff89075bab79e8d78f0c0dd377e57adb5818969656be03a16c50096f
2025-10-26,00:00,0,,True,69178.6757013545,price_oracle,-1,0:143,True,day_ahead,,d0efe42c1e595fd09f039fe4397938517e11c7d23ace91da69c10e73f594b26d
2025-10-26,06:00,36,3188.4697225996642,True,8246.029229786744,price_oracle,-1,36:143,True,tau_36,d0efe42c1e595fd09f039fe4397938517e11c7d23ace91da69c10e73f594b26d,ff5deaa92bbf18bcb9c52619d15d4ce3108ff1fc8ba307a837326bbef0c5c2c3
2025-10-26,12:00,72,4957.822460051626,True,1981.9781095106464,price_oracle,-1,72:143,True,tau_72,ff5deaa92bbf18bcb9c52619d15d4ce3108ff1fc8ba307a837326bbef0c5c2c3,d1d8de34050982f7129f592d6f1df11236cfb6cb2299c8b261918b9d2293dc1f
2025-10-26,18:00,108,135.5328056250146,True,30.887500466457652,price_oracle,-1,108:143,True,tau_108,d1d8de34050982f7129f592d6f1df11236cfb6cb2299c8b261918b9d2293dc1f,5225596ebfd478de9985067aee567012d6f18f16013b1af396497863fab49f29
2025-10-27,00:00,0,,True,63447.91295368873,price_oracle,-1,0:143,True,day_ahead,,80b0ecb3220341a651872c457717a717cd7c796e5e8402895784a11c3145485a
2025-10-27,06:00,36,9565.903239571315,True,4594.609456362905,price_oracle,-1,36:143,True,tau_36,80b0ecb3220341a651872c457717a717cd7c796e5e8402895784a11c3145485a,72b8fcb825e7da3f8defecb441dc5fb39811ba6d02cca0b41013cf23b2310187
2025-10-27,12:00,72,1516.301411586086,True,1716.3611991991986,price_oracle,-1,72:143,True,tau_72,72b8fcb825e7da3f8defecb441dc5fb39811ba6d02cca0b41013cf23b2310187,e46c52464e20c3671222903d4c76a9e2a0c21503de2382a73bd6e73d9cc8edad
2025-10-27,18:00,108,0.0,False,0.0,price_oracle,-1,108:143,True,tau_108,e46c52464e20c3671222903d4c76a9e2a0c21503de2382a73bd6e73d9cc8edad,e46c52464e20c3671222903d4c76a9e2a0c21503de2382a73bd6e73d9cc8edad
2025-10-28,00:00,0,,True,66646.02942739942,price_oracle,-1,0:143,True,day_ahead,,55e778b920ab928075bfd6766d8b933d0cc66852a8332a7e265f3a5951d0f354
2025-10-28,06:00,36,8289.98255607573,True,3512.291217212639,price_oracle,-1,36:143,True,tau_36,55e778b920ab928075bfd6766d8b933d0cc66852a8332a7e265f3a5951d0f354,2477be5ff347dfcb08ab7096104b6781379e337331252ca261d54e504d58b0a5
2025-10-28,12:00,72,670.0931077324785,True,1034.8990794757392,price_oracle,-1,72:143,True,tau_72,2477be5ff347dfcb08ab7096104b6781379e337331252ca261d54e504d58b0a5,82c87670fd7cf79a6f724c5b89deb923d503c0dc93e0974c9fdd20f505e0f33e
2025-10-28,18:00,108,0.0,False,0.0,price_oracle,-1,108:143,True,tau_108,82c87670fd7cf79a6f724c5b89deb923d503c0dc93e0974c9fdd20f505e0f33e,82c87670fd7cf79a6f724c5b89deb923d503c0dc93e0974c9fdd20f505e0f33e
2025-10-29,00:00,0,,True,72587.91659714929,price_oracle,-1,0:143,True,day_ahead,,87703bf2439e31ce5bb325c01c6453746cd22f4511784c171516b65bfabc8e48
2025-10-29,06:00,36,2615.5424580326653,True,2063.791105669477,price_oracle,-1,36:143,True,tau_36,87703bf2439e31ce5bb325c01c6453746cd22f4511784c171516b65bfabc8e48,cd1a28d24ff809b134c32ccae6398ed575bb6f10f9280e56c8b144514e58802f
2025-10-29,12:00,72,702.2667952725315,True,278.2951558644447,price_oracle,-1,72:143,True,tau_72,cd1a28d24ff809b134c32ccae6398ed575bb6f10f9280e56c8b144514e58802f,1a0c869c0d06b4d3d0d7c368737b0c3dadee360632fe302b24f9424e50e7a62c
2025-10-29,18:00,108,9.997893357649446e-08,False,0.0,price_oracle,-1,108:143,True,tau_108,1a0c869c0d06b4d3d0d7c368737b0c3dadee360632fe302b24f9424e50e7a62c,1a0c869c0d06b4d3d0d7c368737b0c3dadee360632fe302b24f9424e50e7a62c
2025-10-30,00:00,0,,True,58209.721139198875,price_oracle,-1,0:143,True,day_ahead,,7a46583a0184a22933c7aee5f97785bbf8443c52b1c30aa5fea598571437aad2
2025-10-30,06:00,36,4799.365628967229,True,1827.410120529973,price_oracle,-1,36:143,True,tau_36,7a46583a0184a22933c7aee5f97785bbf8443c52b1c30aa5fea598571437aad2,0430288eb993689b73b215a9e78d79f7ade0b14c771f8763c6f8f7e0db2db00b
2025-10-30,12:00,72,1939.1371959962125,True,1103.3466876036068,price_oracle,-1,72:143,True,tau_72,0430288eb993689b73b215a9e78d79f7ade0b14c771f8763c6f8f7e0db2db00b,4efa2326e8853420d6c035e97cc48c1e5e06d0617c59da619a020d58fd7a7d13
2025-10-30,18:00,108,45.82531274999201,True,10.302917141507066,price_oracle,-1,108:143,True,tau_108,4efa2326e8853420d6c035e97cc48c1e5e06d0617c59da619a020d58fd7a7d13,5cfb5c087b477a9502a71d8e37bc925d1a0f1fa810089307efc86ea0aefc7642
2025-10-31,00:00,0,,True,39464.70885276755,price_oracle,-1,0:143,True,day_ahead,,39893532e142bed6709f2fcb7eab1672cd0a23a23be7d206af1567fc992586ec
2025-10-31,06:00,36,306.05024419157417,True,959.0311140425584,price_oracle,-1,36:143,True,tau_36,39893532e142bed6709f2fcb7eab1672cd0a23a23be7d206af1567fc992586ec,1ae6bc53ee0919d0abc0f8c114d21c54c6a54aac0a62af1a8b8cd91d007a677d
2025-10-31,12:00,72,579.1969682058407,True,189.40608518522032,price_oracle,-1,72:143,True,tau_72,1ae6bc53ee0919d0abc0f8c114d21c54c6a54aac0a62af1a8b8cd91d007a677d,05920f929af144482950c22302c7d8dc7d25c9557e3f27ede295f2ae88b5d2cf
2025-10-31,18:00,108,25.205152277863817,True,8.559039729434346,price_oracle,-1,108:143,True,tau_108,05920f929af144482950c22302c7d8dc7d25c9557e3f27ede295f2ae88b5d2cf,e81314d7137d27222eba4e1eeb3284f84300ff120135d0da5581577b7b72eed2
2025-11-01,00:00,0,,True,35623.01316498271,price_oracle,-1,0:143,True,day_ahead,,6d867c609d1671a520f162074b58c21b307c12c996281c070f6107e4298e1521
2025-11-01,06:00,36,121.4725740969443,True,341.8883914140427,price_oracle,-1,36:143,True,tau_36,6d867c609d1671a520f162074b58c21b307c12c996281c070f6107e4298e1521,39b75d59883e8fcad6fedc088d87a8e50345529bf8c2601e97562c757e7a8dbd
2025-11-01,12:00,72,1616.2916275306343,True,1088.155485318621,price_oracle,-1,72:143,True,tau_72,39b75d59883e8fcad6fedc088d87a8e50345529bf8c2601e97562c757e7a8dbd,b06eb5b54bab54b3b56d7e9f412a26fe393e9baf6dd223049201e38060bcd01c
2025-11-01,18:00,108,0.0,False,0.0,price_oracle,-1,108:143,True,tau_108,b06eb5b54bab54b3b56d7e9f412a26fe393e9baf6dd223049201e38060bcd01c,b06eb5b54bab54b3b56d7e9f412a26fe393e9baf6dd223049201e38060bcd01c
2025-11-02,00:00,0,,True,66916.45061374723,price_oracle,-1,0:143,True,day_ahead,,5b315225a13c5f47f17a555d5d3a64970e1f7bca51d8f7b0ba7c4d60a7509bf2
2025-11-02,06:00,36,8896.567985461646,True,4118.434983076818,price_oracle,-1,36:143,True,tau_36,5b315225a13c5f47f17a555d5d3a64970e1f7bca51d8f7b0ba7c4d60a7509bf2,c08182684ccdde64667cf34c40183180145203be476dd1b436927053d8f50a80
2025-11-02,12:00,72,1901.3050228648353,True,2524.8062673439554,price_oracle,-1,72:143,True,tau_72,c08182684ccdde64667cf34c40183180145203be476dd1b436927053d8f50a80,0bd71abd11c12afe3bd43004d3e706569a463529c04be358393580a6286a72e3
2025-11-02,18:00,108,3.236653553729411,True,19.53583388211959,price_oracle,-1,108:143,True,tau_108,0bd71abd11c12afe3bd43004d3e706569a463529c04be358393580a6286a72e3,54f0f403e28dd76b7ddfe76405ea343ee3d93a977abf00fcfe030b61d712ecbf
2025-11-03,00:00,0,,True,75101.89698286822,price_oracle,-1,0:143,True,day_ahead,,95470a3b47f657e3eaf8a704e4284dbebea993307e922de97e75c2aeed2bcc74
2025-11-03,06:00,36,1158.5468844359275,True,3072.295379134895,price_oracle,-1,36:143,True,tau_36,95470a3b47f657e3eaf8a704e4284dbebea993307e922de97e75c2aeed2bcc74,37f56e27b20cbdf47c599723a784237c6c4eb4dcd2f2fbcae160dc586be7c3c0
2025-11-03,12:00,72,210.83585470764956,True,539.9752019766415,price_oracle,-1,72:143,True,tau_72,37f56e27b20cbdf47c599723a784237c6c4eb4dcd2f2fbcae160dc586be7c3c0,8723de6b70a2efd59a2ca26be8f7e3eb0f693b4bb6972fd7bdd12ca3905c7037
2025-11-03,18:00,108,174.09541810002702,True,39.5025000001807,price_oracle,-1,108:143,True,tau_108,8723de6b70a2efd59a2ca26be8f7e3eb0f693b4bb6972fd7bdd12ca3905c7037,45b13d71582fad449fe8b5142823f2235cd0771fb9a272553b92fc58511dfac0
2025-11-04,00:00,0,,True,65701.17647639388,price_oracle,-1,0:143,True,day_ahead,,7f64376290ece5a576a3bc016d680a65be42020058d325dd1e829e2643827efc
2025-11-04,06:00,36,5498.87142784083,True,2137.246394848885,price_oracle,-1,36:143,True,tau_36,7f64376290ece5a576a3bc016d680a65be42020058d325dd1e829e2643827efc,3130ad8bd2cb9d4faa4f927bbd5cf756e7d361af4fb3c83cf9752708a4382946
2025-11-04,12:00,72,699.352805855422,True,622.7241611113499,price_oracle,-1,72:143,True,tau_72,3130ad8bd2cb9d4faa4f927bbd5cf756e7d361af4fb3c83cf9752708a4382946,b3ab2414ef74559aa21945a0d62e83f3dd4f2fdce356f8402ce2c390cd64f799
2025-11-04,18:00,108,76.65366187499603,True,17.40250046664471,price_oracle,-1,108:143,True,tau_108,b3ab2414ef74559aa21945a0d62e83f3dd4f2fdce356f8402ce2c390cd64f799,dd7a00641cd6273d01bc3c250ac9314760a9b9fa257d6e63125aab9d1e290a58
2025-11-05,00:00,0,,True,78029.4805256959,price_oracle,-1,0:143,True,day_ahead,,5161168ed958682fc422fa954b117f6f3cc06617030ad02a827cc3725399b3bd
2025-11-05,06:00,36,2803.4772048034356,True,7937.50910785567,price_oracle,-1,36:143,True,tau_36,5161168ed958682fc422fa954b117f6f3cc06617030ad02a827cc3725399b3bd,794fdfa142ec2f00d3a47d6c43ed73b3920b332154a5b9ae2af2af4487989c29
2025-11-05,12:00,72,5626.660931885417,True,1775.5409853481533,price_oracle,-1,72:143,True,tau_72,794fdfa142ec2f00d3a47d6c43ed73b3920b332154a5b9ae2af2af4487989c29,aa7e04748b2710286ea6e0d700d2e4b1c931ba20c5454fbf45b22e8d126e7064
2025-11-05,18:00,108,87.02892212080042,True,19.95458333350615,price_oracle,-1,108:143,True,tau_108,aa7e04748b2710286ea6e0d700d2e4b1c931ba20c5454fbf45b22e8d126e7064,6b93895f8d41e90bc12faef14cb9cc7ed9a5c2815246f9252392c3d03e50ba6f
2025-11-06,00:00,0,,True,68357.1067159966,price_oracle,-1,0:143,True,day_ahead,,00183f57be63bffbe7566c3837e8f347bb9244d1ac2d6f180a54fd0ae7880d8f
2025-11-06,06:00,36,5338.496174227868,True,1893.3738785707556,price_oracle,-1,36:143,True,tau_36,00183f57be63bffbe7566c3837e8f347bb9244d1ac2d6f180a54fd0ae7880d8f,a764279ab2e32ce54174b39cc4c43a7ed7ed63ad698086d3cdfdf6b4dbd62877
2025-11-06,12:00,72,832.5792609733471,True,688.3838910746571,price_oracle,-1,72:143,True,tau_72,a764279ab2e32ce54174b39cc4c43a7ed7ed63ad698086d3cdfdf6b4dbd62877,9f4cebb126e9945efaba7a3980b45f74a22236be21482aad1d96d558794001c6
2025-11-06,18:00,108,5.589505833333533,True,1.2854171174237194,price_oracle,-1,108:143,True,tau_108,9f4cebb126e9945efaba7a3980b45f74a22236be21482aad1d96d558794001c6,b98fa2c807f0be1547dd26ad6dc9af4ed8c314dca933e3cabe68cfb9c53622fa
2025-11-07,00:00,0,,True,37376.57482695156,price_oracle,-1,0:143,True,day_ahead,,f5034727538c1c99b63df209364fdd66261767793a552786945a7701a08770cc
2025-11-07,06:00,36,694.5281433241689,True,296.1183547767519,price_oracle,-1,36:143,True,tau_36,f5034727538c1c99b63df209364fdd66261767793a552786945a7701a08770cc,ba425f0f9c2d24e094c7b2e22894099bd25c7093c24867f694b04e09ca2f0313
2025-11-07,12:00,72,15.099628425774426,True,17.080743058325538,price_oracle,-1,72:143,True,tau_72,ba425f0f9c2d24e094c7b2e22894099bd25c7093c24867f694b04e09ca2f0313,80139fc630d997d1789777d3ce42e23c94e4916786a64d84797fc737c1990ce8
2025-11-07,18:00,108,45.99909791203572,True,12.893750002791478,price_oracle,-1,108:143,True,tau_108,80139fc630d997d1789777d3ce42e23c94e4916786a64d84797fc737c1990ce8,86f621d618b5f3c822a637164fdc22c7ed7741f0e84a2eb67a760b6696757dbf
2025-11-08,00:00,0,,True,36985.63704120679,price_oracle,-1,0:143,True,day_ahead,,c1a53d8c6f5b5e685fc3ac811b8fcee479017cce42331cf7dcbc4ae205582783
2025-11-08,06:00,36,339.43346458583255,True,136.46705882649246,price_oracle,-1,36:143,True,tau_36,c1a53d8c6f5b5e685fc3ac811b8fcee479017cce42331cf7dcbc4ae205582783,8c2a6ff0497a72a0faca2418cf31d4f7f6c41c3e70f0d1d8e4b6162c4a5abf89
2025-11-08,12:00,72,1471.8629467732026,True,1385.8093166667022,price_oracle,-1,72:143,True,tau_72,8c2a6ff0497a72a0faca2418cf31d4f7f6c41c3e70f0d1d8e4b6162c4a5abf89,d4a9c5b4ed530c4b359d837aeb9a6c884ed8dc289348c8d1adbddf217b834445
2025-11-08,18:00,108,0.9074570469529135,True,1.1553583333708843,price_oracle,-1,108:143,True,tau_108,d4a9c5b4ed530c4b359d837aeb9a6c884ed8dc289348c8d1adbddf217b834445,85fa45241aebd2f52a04f8913d556be456f0f49bb2be936f457d19665501fec5
2025-11-09,00:00,0,,True,71640.6697573686,price_oracle,-1,0:143,True,day_ahead,,86a7f44a4e8ca6a90d2acfdad5d3d8b8344b39350ff47cc3ddac804dfa867912
2025-11-09,06:00,36,1108.1009315512347,True,1823.8732234087388,price_oracle,-1,36:143,True,tau_36,86a7f44a4e8ca6a90d2acfdad5d3d8b8344b39350ff47cc3ddac804dfa867912,087669b358ed9dc64b084fcd68f76034cc5e0c8b1ecdff032896e40ddf5a423c
2025-11-09,12:00,72,2865.183249677706,True,837.4112951425302,price_oracle,-1,72:143,True,tau_72,087669b358ed9dc64b084fcd68f76034cc5e0c8b1ecdff032896e40ddf5a423c,7f77a8a58550c5565214c2d4ed2b1d6b2f40c92464d21356390cbf815d274686
2025-11-09,18:00,108,0.0,False,0.0,price_oracle,-1,108:143,True,tau_108,7f77a8a58550c5565214c2d4ed2b1d6b2f40c92464d21356390cbf815d274686,7f77a8a58550c5565214c2d4ed2b1d6b2f40c92464d21356390cbf815d274686
2025-11-10,00:00,0,,True,76543.23610770982,price_oracle,-1,0:143,True,day_ahead,,1eb496d72d450de554f28d7588114ede6adb5500a7a44f1328f324ba3a3f2228
2025-11-10,06:00,36,7983.504192375636,True,3170.428995148576,price_oracle,-1,36:143,True,tau_36,1eb496d72d450de554f28d7588114ede6adb5500a7a44f1328f324ba3a3f2228,e2500ac0e848c19667e81ee43028816470ad990daccebb71eed9e492b70d20b2
2025-11-10,12:00,72,604.9297786618117,True,911.9451314680389,price_oracle,-1,72:143,True,tau_72,e2500ac0e848c19667e81ee43028816470ad990daccebb71eed9e492b70d20b2,029f34948560d3d67177968d6a4e8e2fd188f58117afe005fd34c79365b51ff7
2025-11-10,18:00,108,0.3459055346684181,True,1.9862505674300905,price_oracle,-1,108:143,True,tau_108,029f34948560d3d67177968d6a4e8e2fd188f58117afe005fd34c79365b51ff7,911fc33fca5d5e0c42e61c54bd8dbb47151406c71c57886a29fc7fee5ae1ff20
2025-11-11,00:00,0,,True,76201.61799608363,price_oracle,-1,0:143,True,day_ahead,,154d82ff802386aa2281e9573abd6054d5614055956af95503f03d59e9b267fc
2025-11-11,06:00,36,1174.4404539633979,True,2513.9400864011695,price_oracle,-1,36:143,True,tau_36,154d82ff802386aa2281e9573abd6054d5614055956af95503f03d59e9b267fc,473cfb72a874a1e508cf5b67273dab79bdef00a5509b0f291f183418c0719464
2025-11-11,12:00,72,473.4472100286657,True,1131.7821093624023,price_oracle,-1,72:143,True,tau_72,473cfb72a874a1e508cf5b67273dab79bdef00a5509b0f291f183418c0719464,7d14c81ba3000173fadca3b4217a1bb8c460cffc54de742ce37517db155c8dc0
2025-11-11,18:00,108,101.87924347498483,True,22.988750000000437,price_oracle,-1,108:143,True,tau_108,7d14c81ba3000173fadca3b4217a1bb8c460cffc54de742ce37517db155c8dc0,6ef74a3811fdb92ceccf8a22be3d9a716afa0ff963683dc6d161f37d9cf9ce05
2025-11-12,00:00,0,,True,77395.35963852101,price_oracle,-1,0:143,True,day_ahead,,ea937a419f1005fb2e552c868a0f165567b4c78e88cb481906026d5546ae036a
2025-11-12,06:00,36,10032.850771358484,True,3568.538244255412,price_oracle,-1,36:143,True,tau_36,ea937a419f1005fb2e552c868a0f165567b4c78e88cb481906026d5546ae036a,e1e0f743be441395ac59096927f0fb0ecc7e62a14044d36dee660b92ad27d715
2025-11-12,12:00,72,2530.2641559792974,True,2793.910635149511,price_oracle,-1,72:143,True,tau_72,e1e0f743be441395ac59096927f0fb0ecc7e62a14044d36dee660b92ad27d715,789dc4057f8853b09ce377ede4ac4f594081fafdea70cecc7295fdbaa00bd71b
2025-11-12,18:00,108,1.1552841926168185,True,6.855833881059198,price_oracle,-1,108:143,True,tau_108,789dc4057f8853b09ce377ede4ac4f594081fafdea70cecc7295fdbaa00bd71b,a8432328796db3ab4094bb694d519173c65381115ecbca73a7b3113754be91b3
2025-11-13,00:00,0,,True,63703.255159807704,price_oracle,-1,0:143,True,day_ahead,,9ed3847aba9733687dc8979fbcf93e7bd79947a0b04d6ea88ebec22a79930dae
2025-11-13,06:00,36,4442.18434036785,True,1711.372477186735,price_oracle,-1,36:143,True,tau_36,9ed3847aba9733687dc8979fbcf93e7bd79947a0b04d6ea88ebec22a79930dae,c26179877f3cc736ed8b90cc0c8e331739fdd37e801885b3880ea3d44780db68
2025-11-13,12:00,72,1938.8676165746801,True,699.5343622624753,price_oracle,-1,72:143,True,tau_72,c26179877f3cc736ed8b90cc0c8e331739fdd37e801885b3880ea3d44780db68,77fedeea3522945322936d593cd2a02cc34bb9430945853386ca822458b3b741
2025-11-13,18:00,108,0.0,False,0.0,price_oracle,-1,108:143,True,tau_108,77fedeea3522945322936d593cd2a02cc34bb9430945853386ca822458b3b741,77fedeea3522945322936d593cd2a02cc34bb9430945853386ca822458b3b741
2025-11-14,00:00,0,,True,39180.65592862811,price_oracle,-1,0:143,True,day_ahead,,cb1bd942401ec5a41477ffe70a3a3c6add34f57fe83aea6aea8529d8cc69e54b
2025-11-14,06:00,36,107.19043071450142,True,330.39017141672036,price_oracle,-1,36:143,True,tau_36,cb1bd942401ec5a41477ffe70a3a3c6add34f57fe83aea6aea8529d8cc69e54b,297de8596e959aa5e33f086e2d4f971754ba2220b6e2abb4dd6af15f2ba1e118
2025-11-14,12:00,72,5218.10333105133,True,3043.593614324217,price_oracle,-1,72:143,True,tau_72,297de8596e959aa5e33f086e2d4f971754ba2220b6e2abb4dd6af15f2ba1e118,834082551c9aed914ded5fa39667e5c627b4e2bd5a1985a262b613622e77ad39
2025-11-14,18:00,108,20.320214828285316,True,7.8003164367283375,price_oracle,-1,108:143,True,tau_108,834082551c9aed914ded5fa39667e5c627b4e2bd5a1985a262b613622e77ad39,716c233fca8c1e1b47fd095118473772d6a7c4d2ab2a981e635d9f1d3132d198
2025-11-15,00:00,0,,True,38109.02947270587,price_oracle,-1,0:143,True,day_ahead,,a34841a71e2c0595ea8bef8cc0f0ef4b0d4bb6cb4e27f54742241f55805bc7fa
2025-11-15,06:00,36,94.10522708381905,True,300.8277380929691,price_oracle,-1,36:143,True,tau_36,a34841a71e2c0595ea8bef8cc0f0ef4b0d4bb6cb4e27f54742241f55805bc7fa,1e846b8c7c22f934ee917e92fce9dcddc84ed12b263751ddafdf97d9d4f010bd
2025-11-15,12:00,72,41.17345865534298,True,128.1839783956761,price_oracle,-1,72:143,True,tau_72,1e846b8c7c22f934ee917e92fce9dcddc84ed12b263751ddafdf97d9d4f010bd,1fb9a21f21109e947bc4cf26466222029f407c80cdae1358aec403ae5cbacb8e
2025-11-15,18:00,108,70.97379816291505,True,25.29088108313897,price_oracle,-1,108:143,True,tau_108,1fb9a21f21109e947bc4cf26466222029f407c80cdae1358aec403ae5cbacb8e,efd618199e533c370266f982f23639598d9fa5a6ae4f297ccff6c3cfb7e454a6
2025-11-16,00:00,0,,True,71670.1397912363,price_oracle,-1,0:143,True,day_ahead,,cd2c1bce872b024ad52be00e150944e18b16a98551b0655a419d4bad327e476f
2025-11-16,06:00,36,9310.638691324028,True,3161.143497485945,price_oracle,-1,36:143,True,tau_36,cd2c1bce872b024ad52be00e150944e18b16a98551b0655a419d4bad327e476f,4c7081ecd7494e1a065454fd69d92a1d16d1f6910e62df8c63100a51b6208c75
2025-11-16,12:00,72,820.4323994861043,True,722.1522627993079,price_oracle,-1,72:143,True,tau_72,4c7081ecd7494e1a065454fd69d92a1d16d1f6910e62df8c63100a51b6208c75,aaa5e97ddd0c95013d03bed5695c2f72ea4beacb996d6feffa6c3245790f79f8
2025-11-16,18:00,108,270.2308256666729,True,61.486667133360186,price_oracle,-1,108:143,True,tau_108,aaa5e97ddd0c95013d03bed5695c2f72ea4beacb996d6feffa6c3245790f79f8,fa24bc478b0c08ad24f5b8066f6bae9cd599fe3d310adb4f5b30ed4d8be67a4e
2025-11-17,00:00,0,,True,70944.39101017312,price_oracle,-1,0:143,True,day_ahead,,8e4695fc2f5993306119e7780ecdd99143b87de03a600865e934389605816343
2025-11-17,06:00,36,18454.402631263743,True,7343.075540132057,price_oracle,-1,36:143,True,tau_36,8e4695fc2f5993306119e7780ecdd99143b87de03a600865e934389605816343,10ba6c7ddcb2c97868f4d2228ca9c862ec1855c3ab0ead3812c1c699bba7426e
2025-11-17,12:00,72,1784.3495262337528,True,1595.8417096320313,price_oracle,-1,72:143,True,tau_72,10ba6c7ddcb2c97868f4d2228ca9c862ec1855c3ab0ead3812c1c699bba7426e,2b114129b8f38de2a74cad4561835882e4bbe73c09d1de2fcf91176586f557ad
2025-11-17,18:00,108,3.224002736140392,True,19.557189878753775,price_oracle,-1,108:143,True,tau_108,2b114129b8f38de2a74cad4561835882e4bbe73c09d1de2fcf91176586f557ad,ad334052db3b2205ab48b4b01a64f8dad302f9155b3118df5582afefe985c14d
2025-11-18,00:00,0,,True,74587.5144965194,price_oracle,-1,0:143,True,day_ahead,,a23bb73cc3121c363df1b08d5b85102a6a0c2c292e2a7e5b743b5ed589bd1053
2025-11-18,06:00,36,3649.762912120641,True,2832.6840933836456,price_oracle,-1,36:143,True,tau_36,a23bb73cc3121c363df1b08d5b85102a6a0c2c292e2a7e5b743b5ed589bd1053,992d75f2c1f37713d065a22f929658ce091ebd35040352daeb75feadcd360440
2025-11-18,12:00,72,8154.763569214294,True,2293.2425633823655,price_oracle,-1,72:143,True,tau_72,992d75f2c1f37713d065a22f929658ce091ebd35040352daeb75feadcd360440,9442338d880d0ed53dab31a99c2490b9be9a64b724626193d6b24d2ff17ba736
2025-11-18,18:00,108,0.8208989583290531,True,5.56541598854281,price_oracle,-1,108:143,True,tau_108,9442338d880d0ed53dab31a99c2490b9be9a64b724626193d6b24d2ff17ba736,fb30e5772935382661f70cffffaeee44bfb9abb92de15f4ff0e0cddc92f5fc8c
2025-11-19,00:00,0,,True,74128.0265242742,price_oracle,-1,0:143,True,day_ahead,,f90b0da4bc9b9dcbe7666f113bdc95b1a70f2574ae6e101189133658a98fe554
2025-11-19,06:00,36,17413.43905856482,True,6145.285446837617,price_oracle,-1,36:143,True,tau_36,f90b0da4bc9b9dcbe7666f113bdc95b1a70f2574ae6e101189133658a98fe554,1b8ab7a1ab9c59f90a3390064018806e3a3703ae9a386c12903f56dafc66bd4e
2025-11-19,12:00,72,1777.7363670600753,True,1509.613107311982,price_oracle,-1,72:143,True,tau_72,1b8ab7a1ab9c59f90a3390064018806e3a3703ae9a386c12903f56dafc66bd4e,6936f023cf70c2e3abf5c93c33786681bf65a06578eab6b34fbe9bcb331c49cd
2025-11-19,18:00,108,0.12356643751263618,True,0.8295826402307966,price_oracle,-1,108:143,True,tau_108,6936f023cf70c2e3abf5c93c33786681bf65a06578eab6b34fbe9bcb331c49cd,fd33751a0f1f4e51e9d365c5f91e72dbfea73421ba1db6c2436884c2432d62b3
2025-11-20,00:00,0,,True,69223.86482964539,price_oracle,-1,0:143,True,day_ahead,,afdef0a307481ba4008205e02a892d63dc639ab8edd36fb6ed2aed8e0a7019b0
2025-11-20,06:00,36,5740.221723452603,True,2126.109813434934,price_oracle,-1,36:143,True,tau_36,afdef0a307481ba4008205e02a892d63dc639ab8edd36fb6ed2aed8e0a7019b0,ed8b25c902d20134ef33f22d25beabd5045c5377ce1308dc28e13ed580e5ac2a
2025-11-20,12:00,72,2648.208802513298,True,860.0786798884299,price_oracle,-1,72:143,True,tau_72,ed8b25c902d20134ef33f22d25beabd5045c5377ce1308dc28e13ed580e5ac2a,13677c7964e3ca4c88d7b630216512f882c77828706f7e5e7dfe696299ade1eb
2025-11-20,18:00,108,-1.399530447088182e-08,False,0.0,price_oracle,-1,108:143,True,tau_108,13677c7964e3ca4c88d7b630216512f882c77828706f7e5e7dfe696299ade1eb,13677c7964e3ca4c88d7b630216512f882c77828706f7e5e7dfe696299ade1eb
2025-11-21,00:00,0,,True,40256.913768132086,price_oracle,-1,0:143,True,day_ahead,,d007014c51a3d9762354e4c39ecfe6c75aff0ba2368670bd5a2b66f011538af5
2025-11-21,06:00,36,458.6653460114467,True,197.06281950025274,price_oracle,-1,36:143,True,tau_36,d007014c51a3d9762354e4c39ecfe6c75aff0ba2368670bd5a2b66f011538af5,af2e70c51875a27856c930cd087d6182db273c4d2bfd0f5fc4548f01cfd8be0c
2025-11-21,12:00,72,389.1436855618085,True,168.60764444446653,price_oracle,-1,72:143,True,tau_72,af2e70c51875a27856c930cd087d6182db273c4d2bfd0f5fc4548f01cfd8be0c,0805ad751988d622d02c23166284e35c18fcd55f5a47cb36c0b898948c189fac
2025-11-21,18:00,108,153.85483611865493,True,52.275567341820135,price_oracle,-1,108:143,True,tau_108,0805ad751988d622d02c23166284e35c18fcd55f5a47cb36c0b898948c189fac,ab1717976d2e42ed06f20db9d2860a071bbf1237f96d824ea57489e348702c43
2025-11-22,00:00,0,,True,38372.81236823004,price_oracle,-1,0:143,True,day_ahead,,a932ea802bcdd37d600d2e1e62be663203ccdd304b845efcaa8bbad071a94f48
2025-11-22,06:00,36,163.4401119310278,True,1031.1321663010967,price_oracle,-1,36:143,True,tau_36,a932ea802bcdd37d600d2e1e62be663203ccdd304b845efcaa8bbad071a94f48,1f4481dd120b37be8dc5d98c887139b6321787b2f21401836841a0bd7268452c
2025-11-22,12:00,72,434.24371813798643,True,148.43574315901537,price_oracle,-1,72:143,True,tau_72,1f4481dd120b37be8dc5d98c887139b6321787b2f21401836841a0bd7268452c,622560454dcc87447b75f9eb33859d651bbf3bd1b39d77ebb3e47028877c4b39
2025-11-22,18:00,108,36.228287183330394,True,10.16791666666603,price_oracle,-1,108:143,True,tau_108,622560454dcc87447b75f9eb33859d651bbf3bd1b39d77ebb3e47028877c4b39,750bf25a9c96f2c2433a2e9c08e4b56789ae61b998c826d6c0e89a5e2cd439a0
2025-11-23,00:00,0,,True,73280.21058966542,price_oracle,-1,0:143,True,day_ahead,,3bc560322bb74e1ed1942a35a08220f321caf072b73b35e382a100fba9f0b6db
2025-11-23,06:00,36,12968.010503395897,True,4241.392528393497,price_oracle,-1,36:143,True,tau_36,3bc560322bb74e1ed1942a35a08220f321caf072b73b35e382a100fba9f0b6db,0192ab436df92b7ae5df6dc2acbfffbf31f15693454758a36912ab0ecc82deca
2025-11-23,12:00,72,1496.8798078136897,True,1169.5998382220118,price_oracle,-1,72:143,True,tau_72,0192ab436df92b7ae5df6dc2acbfffbf31f15693454758a36912ab0ecc82deca,1b8afc48738f94034c12ac07340dff6792d795d537b20a458e625fea940003fc
2025-11-23,18:00,108,55.59608786618628,True,12.464373142455031,price_oracle,-1,108:143,True,tau_108,1b8afc48738f94034c12ac07340dff6792d795d537b20a458e625fea940003fc,331596afbf94aef286755e6cb75efebbee835e9342c59a9575aaecc640244660
2025-11-24,00:00,0,,True,69734.05268589276,price_oracle,-1,0:143,True,day_ahead,,ec11c696d314c685d6e6bdf2369ba32c7ab31952ad58e9bf060ee195401edd42
2025-11-24,06:00,36,5771.8847489809705,True,2090.1384298692365,price_oracle,-1,36:143,True,tau_36,ec11c696d314c685d6e6bdf2369ba32c7ab31952ad58e9bf060ee195401edd42,9c002f3e0d619fb884ba2a7aa9a15e6f8682298b590963ed36aef8e6bd98bac7
2025-11-24,12:00,72,277.9287633396307,True,618.2807198577002,price_oracle,-1,72:143,True,tau_72,9c002f3e0d619fb884ba2a7aa9a15e6f8682298b590963ed36aef8e6bd98bac7,a8d7a02d92d96212756bd1fe518d08e9e592462ebcf5108e9af392fff6dfe299
2025-11-24,18:00,108,0.0,False,0.0,price_oracle,-1,108:143,True,tau_108,a8d7a02d92d96212756bd1fe518d08e9e592462ebcf5108e9af392fff6dfe299,a8d7a02d92d96212756bd1fe518d08e9e592462ebcf5108e9af392fff6dfe299
2025-11-25,00:00,0,,True,88628.12061287108,price_oracle,-1,0:143,True,day_ahead,,bf025517bf9fa151f4bdf99078b6d6c0ecb77cd98a1c4540efdc61ed7f5ce66d
2025-11-25,06:00,36,2082.2662731017626,True,5076.908301560171,price_oracle,-1,36:143,True,tau_36,bf025517bf9fa151f4bdf99078b6d6c0ecb77cd98a1c4540efdc61ed7f5ce66d,e5f74a5ecd56a583c0e2446e11cd43ab04a8b6ab85c8b730562fbc0e33788828
2025-11-25,12:00,72,386.7539501797146,True,699.7057465833819,price_oracle,-1,72:143,True,tau_72,e5f74a5ecd56a583c0e2446e11cd43ab04a8b6ab85c8b730562fbc0e33788828,bb6cb419bfe0c5867f54fea37d4a4861b87bf1e2242d18cd7ef062f007388e1a
2025-11-25,18:00,108,1.292673097224906,True,8.357500079513784,price_oracle,-1,108:143,True,tau_108,bb6cb419bfe0c5867f54fea37d4a4861b87bf1e2242d18cd7ef062f007388e1a,be2f586ae79aca6f19202e4672ffe0a2675d50a60bb38b75da9b0dfe916c381a
2025-11-26,00:00,0,,True,77994.12339749714,price_oracle,-1,0:143,True,day_ahead,,19c17663309231545d840e278cffc654da6d112bd866688db8d65c09c6d72b63
2025-11-26,06:00,36,7130.521614339508,True,2602.389141570301,price_oracle,-1,36:143,True,tau_36,19c17663309231545d840e278cffc654da6d112bd866688db8d65c09c6d72b63,2c711bb7aa89e5c3368bc4c7f87b663d7e8cb7cefefcd8a6d9b3d0ca3000c493
2025-11-26,12:00,72,478.76861383288633,True,689.3770030151379,price_oracle,-1,72:143,True,tau_72,2c711bb7aa89e5c3368bc4c7f87b663d7e8cb7cefefcd8a6d9b3d0ca3000c493,6bc2e92b4d81bc15df7ae272918f84f295a198d1bd026f56a1dee019c27e4c44
2025-11-26,18:00,108,5.300542550008686,True,34.17499959253976,price_oracle,-1,108:143,True,tau_108,6bc2e92b4d81bc15df7ae272918f84f295a198d1bd026f56a1dee019c27e4c44,1527527d97a2f15a7315b43f91aa563b17155b8d1c344044e251bd63f886d225
2025-11-27,00:00,0,,True,74028.87018348943,price_oracle,-1,0:143,True,day_ahead,,17f525cdc5b6371704cd880767ebe132e0e5df571c55f7696f4fb5c67241bacc
2025-11-27,06:00,36,7910.823922097436,True,2621.847486606378,price_oracle,-1,36:143,True,tau_36,17f525cdc5b6371704cd880767ebe132e0e5df571c55f7696f4fb5c67241bacc,f50819efd9080f4d6174d1fac7239a712b943e1176f755f40ed8c31d3e1227d3
2025-11-27,12:00,72,1562.2323248670946,True,867.8341395378015,price_oracle,-1,72:143,True,tau_72,f50819efd9080f4d6174d1fac7239a712b943e1176f755f40ed8c31d3e1227d3,6f5db985f3fb7a8b8bb7eb46b0e6d81ff895078af1e6d4121fb6ae0a9067155f
2025-11-27,18:00,108,10.276944562494464,True,2.3420838948663913,price_oracle,-1,108:143,True,tau_108,6f5db985f3fb7a8b8bb7eb46b0e6d81ff895078af1e6d4121fb6ae0a9067155f,c03db9e63c28c5c011ba4d819dd4ce5890d82a0743d9df897ecc7caa66b63a8e
2025-11-28,00:00,0,,True,39445.58495499403,price_oracle,-1,0:143,True,day_ahead,,36a6ffd3293db0e3c0a6b6094b142001158bc0b527d0d6068f94ac0095aba657
2025-11-28,06:00,36,625.9700086071971,True,258.81352172580375,price_oracle,-1,36:143,True,tau_36,36a6ffd3293db0e3c0a6b6094b142001158bc0b527d0d6068f94ac0095aba657,19eb137eead0f638196ee25e8528216409194c5453248683d12fa053e6cdcf88
2025-11-28,12:00,72,167.79515473300853,True,162.48882305555463,price_oracle,-1,72:143,True,tau_72,19eb137eead0f638196ee25e8528216409194c5453248683d12fa053e6cdcf88,81e8725caef1a894b0f44837c5a277159db11fbbe8ddeb155b1d77d009ba5aec
2025-11-28,18:00,108,0.13846640201518312,True,4.672650844161808,price_oracle,-1,108:143,True,tau_108,81e8725caef1a894b0f44837c5a277159db11fbbe8ddeb155b1d77d009ba5aec,4863e38b0eaa75677b115dee04d8982b1abad641e1293c66024bad878a98307d
2025-11-29,00:00,0,,True,46846.08723983627,price_oracle,-1,0:143,True,day_ahead,,82f36c88593fbe86d746978c11a02480559713fb0c08998cef6b5fb6377466ef
2025-11-29,06:00,36,1010.6282790365294,True,4780.048831298611,price_oracle,-1,36:143,True,tau_36,82f36c88593fbe86d746978c11a02480559713fb0c08998cef6b5fb6377466ef,380f37fee28723f8f33f0c4b52df219ad2ce9a94f87cd8b09c95c0ecd9412556
2025-11-29,12:00,72,2656.65044180274,True,1149.4397301873869,price_oracle,-1,72:143,True,tau_72,380f37fee28723f8f33f0c4b52df219ad2ce9a94f87cd8b09c95c0ecd9412556,06662d554f9f37e7b878cd7e5d6c55cc334ce77ab34fea82feb3fb4d2a421cd3
2025-11-29,18:00,108,9.997893357649446e-08,False,0.0,price_oracle,-1,108:143,True,tau_108,06662d554f9f37e7b878cd7e5d6c55cc334ce77ab34fea82feb3fb4d2a421cd3,06662d554f9f37e7b878cd7e5d6c55cc334ce77ab34fea82feb3fb4d2a421cd3
2025-11-30,00:00,0,,True,76715.38379646113,price_oracle,-1,0:143,True,day_ahead,,7bb4b8b00de1b5b8c9a1d46e6ee7fbfe30d1abad66f44f18d7ea555f738661f6
2025-11-30,06:00,36,10937.647621265787,True,3598.8023188346942,price_oracle,-1,36:143,True,tau_36,7bb4b8b00de1b5b8c9a1d46e6ee7fbfe30d1abad66f44f18d7ea555f738661f6,4b127c048f29c5b3c6b3717c3d1fbfa5f40b6ac7e8880a56ab6b328dc2401550
2025-11-30,12:00,72,1157.0999472078984,True,867.5607085735223,price_oracle,-1,72:143,True,tau_72,4b127c048f29c5b3c6b3717c3d1fbfa5f40b6ac7e8880a56ab6b328dc2401550,55f880102c943b3cead6f91c9dc20a9ec72446901198fcb7f4ecccaa6b376178
2025-11-30,18:00,108,1.496036708340398,True,9.47458270008633,price_oracle,-1,108:143,True,tau_108,55f880102c943b3cead6f91c9dc20a9ec72446901198fcb7f4ecccaa6b376178,7c1dc91c9c352db131ead318b907ea6fc03d1b987a17d5f6777f6cf25927a17d
2025-12-01,00:00,0,,True,83081.13536869394,price_oracle,-1,0:143,True,day_ahead,,d4c90a71216d9744a88c4a06cc9d32e432fbd7ddce919c4f6964815d7997700c
2025-12-01,06:00,36,2122.361505565699,True,2083.0905553768757,price_oracle,-1,36:143,True,tau_36,d4c90a71216d9744a88c4a06cc9d32e432fbd7ddce919c4f6964815d7997700c,f57688aa91d131a40d683fbe2532a2fee03e8573a6a756210ccc2b621f05bd53
2025-12-01,12:00,72,1157.1810012650385,True,1647.4284709442504,price_oracle,-1,72:143,True,tau_72,f57688aa91d131a40d683fbe2532a2fee03e8573a6a756210ccc2b621f05bd53,67f869c85d399f71884d77a916883142156da41b9e527c983a37c369dc150dc3
2025-12-01,18:00,108,0.0,False,0.0,price_oracle,-1,108:143,True,tau_108,67f869c85d399f71884d77a916883142156da41b9e527c983a37c369dc150dc3,67f869c85d399f71884d77a916883142156da41b9e527c983a37c369dc150dc3
2025-12-02,00:00,0,,True,84153.86843305797,price_oracle,-1,0:143,True,day_ahead,,e5f4ba2e09a03aad72898f08fb95f63d6407174d077d69be98ef3b552bd3c650
2025-12-02,06:00,36,1132.2933417309978,True,1889.8279243660486,price_oracle,-1,36:143,True,tau_36,e5f4ba2e09a03aad72898f08fb95f63d6407174d077d69be98ef3b552bd3c650,894fc7a56f70584a335697d6f8074918c48f752d8508cda50ececd57e47238d4
2025-12-02,12:00,72,660.1365443733084,True,1205.4239901462088,price_oracle,-1,72:143,True,tau_72,894fc7a56f70584a335697d6f8074918c48f752d8508cda50ececd57e47238d4,d869d1e03870e59ebbdae3ff4dd622ed8741e55aa9aac83c0aeff0ffda07e499
2025-12-02,18:00,108,0.0,False,0.0,price_oracle,-1,108:143,True,tau_108,d869d1e03870e59ebbdae3ff4dd622ed8741e55aa9aac83c0aeff0ffda07e499,d869d1e03870e59ebbdae3ff4dd622ed8741e55aa9aac83c0aeff0ffda07e499
2025-12-03,00:00,0,,True,79822.77581406523,price_oracle,-1,0:143,True,day_ahead,,535fcfa25f2d6125afec7b68fb1318a3e5790b421bc4159a4c79c1b6dc97e8d4
2025-12-03,06:00,36,18534.73650480702,True,6152.270299618625,price_oracle,-1,36:143,True,tau_36,535fcfa25f2d6125afec7b68fb1318a3e5790b421bc4159a4c79c1b6dc97e8d4,25a7437166aca3aa52c73d2a0a45264d9d8944fc6388def4f24334c0a8d830a5
2025-12-03,12:00,72,1780.8461893646745,True,552.1968083417696,price_oracle,-1,72:143,True,tau_72,25a7437166aca3aa52c73d2a0a45264d9d8944fc6388def4f24334c0a8d830a5,ef2f4be603e123c5d6e19750ac7c25410a8d0501a3365a112e58e95e5e210abd
2025-12-03,18:00,108,0.0,False,0.0,price_oracle,-1,108:143,True,tau_108,ef2f4be603e123c5d6e19750ac7c25410a8d0501a3365a112e58e95e5e210abd,ef2f4be603e123c5d6e19750ac7c25410a8d0501a3365a112e58e95e5e210abd
2025-12-04,00:00,0,,True,82112.9405921675,price_oracle,-1,0:143,True,day_ahead,,08179d3a3cca657d4f2244c57fbf358a416d5ecad9eef5897866d834cd4500ae
2025-12-04,06:00,36,4716.127146521525,True,4583.214316984855,price_oracle,-1,36:143,True,tau_36,08179d3a3cca657d4f2244c57fbf358a416d5ecad9eef5897866d834cd4500ae,1cd086b3b51a27c3fc39e0c025413048719e0ba25b50f0ea68528b6044b5d706
2025-12-04,12:00,72,280.9204128831843,True,225.01763710414315,price_oracle,-1,72:143,True,tau_72,1cd086b3b51a27c3fc39e0c025413048719e0ba25b50f0ea68528b6044b5d706,ba8f0db02d89d35a8f1db687c85ac0bcec101a0f87274fd75d79a09450483675
2025-12-04,18:00,108,0.0,False,0.0,price_oracle,-1,108:143,True,tau_108,ba8f0db02d89d35a8f1db687c85ac0bcec101a0f87274fd75d79a09450483675,ba8f0db02d89d35a8f1db687c85ac0bcec101a0f87274fd75d79a09450483675
2025-12-05,00:00,0,,True,40361.500602897155,price_oracle,-1,0:143,True,day_ahead,,e6f07ebcc865c1b68a9cc1cac8030d8f048b0b6cbde1f91216eabed5ab678a98
2025-12-05,06:00,36,2358.1645410648925,True,1549.3789674519817,price_oracle,-1,36:143,True,tau_36,e6f07ebcc865c1b68a9cc1cac8030d8f048b0b6cbde1f91216eabed5ab678a98,86b49c058b5541042eb7339624623753f8d670e1776c769304ff04f8069687d9
2025-12-05,12:00,72,634.3125461843374,True,707.0274137308375,price_oracle,-1,72:143,True,tau_72,86b49c058b5541042eb7339624623753f8d670e1776c769304ff04f8069687d9,4223213c6b681d6cd45bfdca24e638ae660dd20b570e7141de2832dd598a11f2
2025-12-05,18:00,108,1.0303847375325859e-07,False,0.0,price_oracle,-1,108:143,True,tau_108,4223213c6b681d6cd45bfdca24e638ae660dd20b570e7141de2832dd598a11f2,4223213c6b681d6cd45bfdca24e638ae660dd20b570e7141de2832dd598a11f2
2025-12-06,00:00,0,,True,46234.79188773274,price_oracle,-1,0:143,True,day_ahead,,5641ef0615c61d3d21d61b59bc2f0cf0e1a64be82586e80f6344d20fa42bea2a
2025-12-06,06:00,36,233.4722693200456,True,916.0423386059147,price_oracle,-1,36:143,True,tau_36,5641ef0615c61d3d21d61b59bc2f0cf0e1a64be82586e80f6344d20fa42bea2a,b3d3005847b23f8f809a5cd9989497f37ebc85d4d4318afd29563ce671f9edbb
2025-12-06,12:00,72,4290.9401683616015,True,2367.2908797861646,price_oracle,-1,72:143,True,tau_72,b3d3005847b23f8f809a5cd9989497f37ebc85d4d4318afd29563ce671f9edbb,deede409e3520bbc4542fc691fec2a444ace14cad8f54ae0524d5c2837c62d5a
2025-12-06,18:00,108,520.2991417915473,True,200.6436731342331,price_oracle,-1,108:143,True,tau_108,deede409e3520bbc4542fc691fec2a444ace14cad8f54ae0524d5c2837c62d5a,62f48ad767b047a9706d98b9228e1aa7c6eb7d2c09a226ea6a7dd2e82cf92c59
2025-12-07,00:00,0,,True,84667.06866286918,price_oracle,-1,0:143,True,day_ahead,,6ca5c602dce054592414bd3de8bf4d775f3c2e81b4f82f12769f7c0503d1891a
2025-12-07,06:00,36,2580.2231730476487,True,5959.347567747185,price_oracle,-1,36:143,True,tau_36,6ca5c602dce054592414bd3de8bf4d775f3c2e81b4f82f12769f7c0503d1891a,062707fdff9c9d4fd0a4ee23583daf2d95558c6ca9cd0f0a914baba7530d5d9a
2025-12-07,12:00,72,5327.215046630474,True,1317.0991128978553,price_oracle,-1,72:143,True,tau_72,062707fdff9c9d4fd0a4ee23583daf2d95558c6ca9cd0f0a914baba7530d5d9a,b3724085570d35be402dc9407467bf8268c9010fc8ecbb265278a7380aa6c7d2
2025-12-07,18:00,108,1.0001531336456537e-07,False,0.0,price_oracle,-1,108:143,True,tau_108,b3724085570d35be402dc9407467bf8268c9010fc8ecbb265278a7380aa6c7d2,b3724085570d35be402dc9407467bf8268c9010fc8ecbb265278a7380aa6c7d2
2025-12-08,00:00,0,,True,89045.80583003027,price_oracle,-1,0:143,True,day_ahead,,d74e5c6a51d1f41514883b89484ecc85ee8bfd78b5fecd7b6718391107a8960b
2025-12-08,06:00,36,6126.763890050832,True,2379.4563743739673,price_oracle,-1,36:143,True,tau_36,d74e5c6a51d1f41514883b89484ecc85ee8bfd78b5fecd7b6718391107a8960b,ab7ddf71f30d67299ad28f91175bde9fb45c118dd9d0f102ff94758b8696a32a
2025-12-08,12:00,72,2330.401080944488,True,2036.90719238533,price_oracle,-1,72:143,True,tau_72,ab7ddf71f30d67299ad28f91175bde9fb45c118dd9d0f102ff94758b8696a32a,72455dc20728026a00755fd80459565f06c101548588c7deaee226361e0f0400
2025-12-08,18:00,108,0.0,False,0.0,price_oracle,-1,108:143,True,tau_108,72455dc20728026a00755fd80459565f06c101548588c7deaee226361e0f0400,72455dc20728026a00755fd80459565f06c101548588c7deaee226361e0f0400
2025-12-09,00:00,0,,True,90543.12682008333,price_oracle,-1,0:143,True,day_ahead,,b44e04dc8de0f7a7d140d5a3d144446fe5f598a4396a592b848ee2e95036ec45
2025-12-09,06:00,36,2118.819545194885,True,3204.9521015411174,price_oracle,-1,36:143,True,tau_36,b44e04dc8de0f7a7d140d5a3d144446fe5f598a4396a592b848ee2e95036ec45,09d2fd02702553739474ee6e6ab9dd7b714d0fb4c44f1833b6e55a8ea9ba08f3
2025-12-09,12:00,72,451.3651499027037,True,278.7582486760539,price_oracle,-1,72:143,True,tau_72,09d2fd02702553739474ee6e6ab9dd7b714d0fb4c44f1833b6e55a8ea9ba08f3,30370c2226ab5d517ecaa0e79323c5d3b83f0d729fe395eb46f69cc0f05c9e09
2025-12-09,18:00,108,9.997165761888027e-08,False,0.0,price_oracle,-1,108:143,True,tau_108,30370c2226ab5d517ecaa0e79323c5d3b83f0d729fe395eb46f69cc0f05c9e09,30370c2226ab5d517ecaa0e79323c5d3b83f0d729fe395eb46f69cc0f05c9e09
2025-12-10,00:00,0,,True,81958.35897341474,price_oracle,-1,0:143,True,day_ahead,,be1911489ca6fc7fbe9f3b9d9858291b99660bbb33f5e9577fd12ec8a60772a9
2025-12-10,06:00,36,11107.354652013542,True,3592.2416985717214,price_oracle,-1,36:143,True,tau_36,be1911489ca6fc7fbe9f3b9d9858291b99660bbb33f5e9577fd12ec8a60772a9,60e4581e8ef12b65e3979e6e45a0c9ba005455fd4a80cfee3ccd510f4602d978
2025-12-10,12:00,72,1561.0355956208368,True,1090.2906285777608,price_oracle,-1,72:143,True,tau_72,60e4581e8ef12b65e3979e6e45a0c9ba005455fd4a80cfee3ccd510f4602d978,dc00e9150eb65931b86d3828839478588e247e1570d8b2c7e4674bca32eed877
2025-12-10,18:00,108,0.0,False,0.0,price_oracle,-1,108:143,True,tau_108,dc00e9150eb65931b86d3828839478588e247e1570d8b2c7e4674bca32eed877,dc00e9150eb65931b86d3828839478588e247e1570d8b2c7e4674bca32eed877
2025-12-11,00:00,0,,True,82801.72814540169,price_oracle,-1,0:143,True,day_ahead,,993d13025d6aa6e357572310aa81d48a3b2eebb188e41ea6acf283de535c6681
2025-12-11,06:00,36,1274.114826957346,True,2831.7742559013286,price_oracle,-1,36:143,True,tau_36,993d13025d6aa6e357572310aa81d48a3b2eebb188e41ea6acf283de535c6681,e3818a2f778611c2042300a3bb588b282a91f50c7b4145894b845ad99b2f0172
2025-12-11,12:00,72,2124.11784518935,True,634.6332986568846,price_oracle,-1,72:143,True,tau_72,e3818a2f778611c2042300a3bb588b282a91f50c7b4145894b845ad99b2f0172,f3458017b322e4c2c62520f9470bfa692ba60373dbd3645b2a2e983380a20ef0
2025-12-11,18:00,108,0.0,False,0.0,price_oracle,-1,108:143,True,tau_108,f3458017b322e4c2c62520f9470bfa692ba60373dbd3645b2a2e983380a20ef0,f3458017b322e4c2c62520f9470bfa692ba60373dbd3645b2a2e983380a20ef0
2025-12-12,00:00,0,,True,44808.80169720226,price_oracle,-1,0:143,True,day_ahead,,d1ad0af5d8ceff6d6d28245b31f3242e167ea5aba525baef46b6e900d1dc1858
2025-12-12,06:00,36,4552.226379085281,True,2661.960816218223,price_oracle,-1,36:143,True,tau_36,d1ad0af5d8ceff6d6d28245b31f3242e167ea5aba525baef46b6e900d1dc1858,fbb7ba6021208d0a4945171525d274eb7dfb69da8bf35b219cad137487b19758
2025-12-12,12:00,72,1203.6908241406272,True,628.8684130763323,price_oracle,-1,72:143,True,tau_72,fbb7ba6021208d0a4945171525d274eb7dfb69da8bf35b219cad137487b19758,65f381ddfd72dbd909a4f0236695fee1ed5eff9a41978446430cd5129ccac4fb
2025-12-12,18:00,108,1.1738735546023236,True,73.21456821729004,price_oracle,-1,108:143,True,tau_108,65f381ddfd72dbd909a4f0236695fee1ed5eff9a41978446430cd5129ccac4fb,169fb2720a4c7efcb277070b89a75fefcb127f075dcc29429551b39ef50d81cb
2025-12-13,00:00,0,,True,46595.22639268389,price_oracle,-1,0:143,True,day_ahead,,4e83a4617cc4352b497d8975f9ce6310db654fc0e5ff9dc9ee94d67c615888e5
2025-12-13,06:00,36,3278.457526194805,True,1569.7797972305648,price_oracle,-1,36:143,True,tau_36,4e83a4617cc4352b497d8975f9ce6310db654fc0e5ff9dc9ee94d67c615888e5,2c676b4d3284423bbba7dc1940a5f133540dd0a2fae8196761074a99d1aa7341
2025-12-13,12:00,72,712.4618495368486,True,934.7619704988556,price_oracle,-1,72:143,True,tau_72,2c676b4d3284423bbba7dc1940a5f133540dd0a2fae8196761074a99d1aa7341,4ed62bc709f6dcd16ea3947b861a54024007128485a469fb81b45c5bef83b22a
2025-12-13,18:00,108,129.20778203623195,True,45.514128430833466,price_oracle,-1,108:143,True,tau_108,4ed62bc709f6dcd16ea3947b861a54024007128485a469fb81b45c5bef83b22a,4e9bc258882a0b0e554e4c2195023349c2ce01d822ce8f020f598da08f092939
2025-12-14,00:00,0,,True,81003.23764815155,price_oracle,-1,0:143,True,day_ahead,,b48bcbef0d420934440bfcdc075b504d63f3e489ed6493cae38c3e857b817d41
2025-12-14,06:00,36,12257.059210937805,True,3919.1281473927406,price_oracle,-1,36:143,True,tau_36,b48bcbef0d420934440bfcdc075b504d63f3e489ed6493cae38c3e857b817d41,16d32a55c7c8f06fd2ffaa3fc3e2834b2170acae82f4cc81aefef80b16e25ee2
2025-12-14,12:00,72,1525.5067735876073,True,477.56133969877067,price_oracle,-1,72:143,True,tau_72,16d32a55c7c8f06fd2ffaa3fc3e2834b2170acae82f4cc81aefef80b16e25ee2,1d669faca378790cbe089ec34e4c3dbfe6050780e37e7224c8f808cc49f405bf
2025-12-14,18:00,108,0.0,False,0.0,price_oracle,-1,108:143,True,tau_108,1d669faca378790cbe089ec34e4c3dbfe6050780e37e7224c8f808cc49f405bf,1d669faca378790cbe089ec34e4c3dbfe6050780e37e7224c8f808cc49f405bf
2025-12-15,00:00,0,,True,83498.97259498012,price_oracle,-1,0:143,True,day_ahead,,8eef0fcba7d090c20151fda6280a244b7bb4f407fdd14235aea05c9e5122882c
2025-12-15,06:00,36,17903.87577629747,True,5507.564406935984,price_oracle,-1,36:143,True,tau_36,8eef0fcba7d090c20151fda6280a244b7bb4f407fdd14235aea05c9e5122882c,322577b90dbf31c32d09985371df5317c9ea858481e1f8ce29083ae3cee38d79
2025-12-15,12:00,72,783.3168173368904,True,618.3532796343175,price_oracle,-1,72:143,True,tau_72,322577b90dbf31c32d09985371df5317c9ea858481e1f8ce29083ae3cee38d79,5fe47b31331b9c30cc5246b3eb8c9a7a4093254b587fc0c89d9e60e2a3633a4f
2025-12-15,18:00,108,0.0,False,0.0,price_oracle,-1,108:143,True,tau_108,5fe47b31331b9c30cc5246b3eb8c9a7a4093254b587fc0c89d9e60e2a3633a4f,5fe47b31331b9c30cc5246b3eb8c9a7a4093254b587fc0c89d9e60e2a3633a4f
2025-12-16,00:00,0,,True,90685.53820606273,price_oracle,-1,0:143,True,day_ahead,,f07e662ff0568d25dbdb986c345ca903d6df4dcc17fc2d4c74450f1902e2b69c
2025-12-16,06:00,36,669.5299359178753,True,970.931821754846,price_oracle,-1,36:143,True,tau_36,f07e662ff0568d25dbdb986c345ca903d6df4dcc17fc2d4c74450f1902e2b69c,34ce091cac3ea5c25224154f5eaafc34e67cb135b7a850475a2ae51c1046e664
2025-12-16,12:00,72,1262.8381603835733,True,460.7001620373359,price_oracle,-1,72:143,True,tau_72,34ce091cac3ea5c25224154f5eaafc34e67cb135b7a850475a2ae51c1046e664,fd701d7a30e7b31595640ce26d98bd884a2f52c3702a8a6a328647dab37ea3c6
2025-12-16,18:00,108,0.20801282225875184,True,1.1816671890517227,price_oracle,-1,108:143,True,tau_108,fd701d7a30e7b31595640ce26d98bd884a2f52c3702a8a6a328647dab37ea3c6,1645ea68e3895eadb0dbf03f9aadda4fefae53d9d2cdb76dc7a94089be3119a9
2025-12-17,00:00,0,,True,91500.8285252096,price_oracle,-1,0:143,True,day_ahead,,eee106908630d08b9c9d81b948915ebea48bcf0d53f2a37e380207c8055e8d70
2025-12-17,06:00,36,1631.9958765198826,True,3309.182475367282,price_oracle,-1,36:143,True,tau_36,eee106908630d08b9c9d81b948915ebea48bcf0d53f2a37e380207c8055e8d70,12cb1eb60b683a0ac781274fdb420609b63e4cd90b203009833c37b2cdb07cc0
2025-12-17,12:00,72,1641.8729133975285,True,456.4329674497186,price_oracle,-1,72:143,True,tau_72,12cb1eb60b683a0ac781274fdb420609b63e4cd90b203009833c37b2cdb07cc0,0bbc74999764723ad2563fbc935d7ac0a23d1a6832298190f9edbc7d6e1618c6
2025-12-17,18:00,108,0.0,False,0.0,price_oracle,-1,108:143,True,tau_108,0bbc74999764723ad2563fbc935d7ac0a23d1a6832298190f9edbc7d6e1618c6,0bbc74999764723ad2563fbc935d7ac0a23d1a6832298190f9edbc7d6e1618c6
2025-12-18,00:00,0,,True,78280.74209508255,price_oracle,-1,0:143,True,day_ahead,,17558ec92e0a49c2c8b56456bdb7a305d0ab4973e74e3187ee2fd4638be34a3b
2025-12-18,06:00,36,8022.144272467645,True,2520.9138003484245,price_oracle,-1,36:143,True,tau_36,17558ec92e0a49c2c8b56456bdb7a305d0ab4973e74e3187ee2fd4638be34a3b,494905199635796c5fdb388267c7f21266c23f68c5fa875cf5749184c42b2cd4
2025-12-18,12:00,72,1279.9159334119104,True,948.3394618987666,price_oracle,-1,72:143,True,tau_72,494905199635796c5fdb388267c7f21266c23f68c5fa875cf5749184c42b2cd4,dbd344932126b241f4c365a56c4d1a9966b71e2e92e35f14871c3d14f1da529f
2025-12-18,18:00,108,0.0,False,0.0,price_oracle,-1,108:143,True,tau_108,dbd344932126b241f4c365a56c4d1a9966b71e2e92e35f14871c3d14f1da529f,dbd344932126b241f4c365a56c4d1a9966b71e2e92e35f14871c3d14f1da529f
2025-12-19,00:00,0,,True,46225.08335511548,price_oracle,-1,0:143,True,day_ahead,,b43f5e60ca54986a3d8d6dc34ac1dd703f797b8a50058c778402ea4dd4f9edd9
2025-12-19,06:00,36,5678.663756538961,True,3698.310479577638,price_oracle,-1,36:143,True,tau_36,b43f5e60ca54986a3d8d6dc34ac1dd703f797b8a50058c778402ea4dd4f9edd9,18803be8182d6d8d26d49b86cc80938175f9a9266b4d34188d0c8ac393db2a24
2025-12-19,12:00,72,550.6667597446431,True,755.0779958346077,price_oracle,-1,72:143,True,tau_72,18803be8182d6d8d26d49b86cc80938175f9a9266b4d34188d0c8ac393db2a24,a495f8644f28599f5ad459c6a0ef13d243d75038d1e722bbd6df761cf56228b5
2025-12-19,18:00,108,0.01093334306642646,True,0.5909861111972532,price_oracle,-1,108:143,True,tau_108,a495f8644f28599f5ad459c6a0ef13d243d75038d1e722bbd6df761cf56228b5,1fd77a0bebc36bace7b1b1d6568f67a66136857a54f21cffb42ef86b25df15ff
2025-12-20,00:00,0,,True,45482.00149271637,price_oracle,-1,0:143,True,day_ahead,,cd1e5dbb9a0e1c21e23f68d06f03f4dbea06fb31b412e8e35ccc2e284d4c1006
2025-12-20,06:00,36,285.47127854097926,True,1026.8429399143813,price_oracle,-1,36:143,True,tau_36,cd1e5dbb9a0e1c21e23f68d06f03f4dbea06fb31b412e8e35ccc2e284d4c1006,e891b913e69bd43de804028c801762a931ae3062383a110bcf1c641523783a9f
2025-12-20,12:00,72,919.2135468749766,True,417.24247527907505,price_oracle,-1,72:143,True,tau_72,e891b913e69bd43de804028c801762a931ae3062383a110bcf1c641523783a9f,95a08bc6913074875913de8ba3f55c166480407ca45b204ad069071a859070fb
2025-12-20,18:00,108,42.56250478042057,True,16.1737488395907,price_oracle,-1,108:143,True,tau_108,95a08bc6913074875913de8ba3f55c166480407ca45b204ad069071a859070fb,e9c2f1a5ac2007b71ef3077b268df9528fe2ae10a9d54cf48745544ae9e75b43
2025-12-21,00:00,0,,True,86416.3557453769,price_oracle,-1,0:143,True,day_ahead,,2c42436bb5d874f4af80ae7edba3a346870b0bdf765556f88005d12d79640ef8
2025-12-21,06:00,36,1328.2767089691188,True,1606.038624820586,price_oracle,-1,36:143,True,tau_36,2c42436bb5d874f4af80ae7edba3a346870b0bdf765556f88005d12d79640ef8,27db082fc48b336a2e8e2488f873cea65f75fe1e3d732994874a3fb0206e3d43
2025-12-21,12:00,72,4006.996407552171,True,1210.75220688541,price_oracle,-1,72:143,True,tau_72,27db082fc48b336a2e8e2488f873cea65f75fe1e3d732994874a3fb0206e3d43,c7fbbacea89aba5420fc3855a7138ba696f6d258837d4c97cf9e3b1599b391f9
2025-12-21,18:00,108,0.0,False,0.0,price_oracle,-1,108:143,True,tau_108,c7fbbacea89aba5420fc3855a7138ba696f6d258837d4c97cf9e3b1599b391f9,c7fbbacea89aba5420fc3855a7138ba696f6d258837d4c97cf9e3b1599b391f9
2025-12-22,00:00,0,,True,88331.98508865661,price_oracle,-1,0:143,True,day_ahead,,f0e40cc6b543bf1500c449a4e58ad95956c1c3139fe8b0f1088a54ccecd6c217
2025-12-22,06:00,36,2127.3272865968465,True,793.9093366956663,price_oracle,-1,36:143,True,tau_36,f0e40cc6b543bf1500c449a4e58ad95956c1c3139fe8b0f1088a54ccecd6c217,9387d86412a2f0c1f8eae7d0ef565fc4dfa89e6c6aa413c1597c6037c89c6fcb
2025-12-22,12:00,72,3364.164729919765,True,1053.436328618705,price_oracle,-1,72:143,True,tau_72,9387d86412a2f0c1f8eae7d0ef565fc4dfa89e6c6aa413c1597c6037c89c6fcb,b93ff7f50c609cb5935fabeda0eedaae937038ab4d5a9830e065ff46a7a6273f
2025-12-22,18:00,108,0.0,False,0.0,price_oracle,-1,108:143,True,tau_108,b93ff7f50c609cb5935fabeda0eedaae937038ab4d5a9830e065ff46a7a6273f,b93ff7f50c609cb5935fabeda0eedaae937038ab4d5a9830e065ff46a7a6273f
2025-12-23,00:00,0,,True,90377.4893137115,price_oracle,-1,0:143,True,day_ahead,,62010483b3e31844b795466e03a4d622ff5e6913311895619ab98e811b8fbabb
2025-12-23,06:00,36,1798.521231024919,True,2686.630641848033,price_oracle,-1,36:143,True,tau_36,62010483b3e31844b795466e03a4d622ff5e6913311895619ab98e811b8fbabb,508b893052297658a8726043b7d2dc5015a93f057520a78f26dc7803146aa7b4
2025-12-23,12:00,72,1238.361811998955,True,653.4024340251242,price_oracle,-1,72:143,True,tau_72,508b893052297658a8726043b7d2dc5015a93f057520a78f26dc7803146aa7b4,297967c86c197fc3d9699d2d4dff451efb9fa13d64b9119cc7adab1a0c3952d3
2025-12-23,18:00,108,0.0,False,0.0,price_oracle,-1,108:143,True,tau_108,297967c86c197fc3d9699d2d4dff451efb9fa13d64b9119cc7adab1a0c3952d3,297967c86c197fc3d9699d2d4dff451efb9fa13d64b9119cc7adab1a0c3952d3
2025-12-24,00:00,0,,True,89284.6351862651,price_oracle,-1,0:143,True,day_ahead,,9b0a05b3eaf8bb7dce6335ad1d887c35a627c3f7dd7693b8edf31eae54ab5d8d
2025-12-24,06:00,36,1104.3333273397584,True,424.90817616434,price_oracle,-1,36:143,True,tau_36,9b0a05b3eaf8bb7dce6335ad1d887c35a627c3f7dd7693b8edf31eae54ab5d8d,38a40a367743824295f3907861f40f1d676d4ea0915ca254f727c686836e1362
2025-12-24,12:00,72,180.73736041857046,True,237.80825971611637,price_oracle,-1,72:143,True,tau_72,38a40a367743824295f3907861f40f1d676d4ea0915ca254f727c686836e1362,aaf64072ceb811081070be7f3e8ebaa60ae707920641d35ff91a248bc8ece097
2025-12-24,18:00,108,1.0002986527979374e-07,False,0.0,price_oracle,-1,108:143,True,tau_108,aaf64072ceb811081070be7f3e8ebaa60ae707920641d35ff91a248bc8ece097,aaf64072ceb811081070be7f3e8ebaa60ae707920641d35ff91a248bc8ece097
2025-12-25,00:00,0,,True,80399.16613862629,price_oracle,-1,0:143,True,day_ahead,,bbe3164923717d2d940b315cb9e88f57d1fd18a62d8432555bbdbd608e6d1c04
2025-12-25,06:00,36,2444.490061940698,True,911.2095629612543,price_oracle,-1,36:143,True,tau_36,bbe3164923717d2d940b315cb9e88f57d1fd18a62d8432555bbdbd608e6d1c04,8caddd9fa7db5ed96f2de4c3a93112fac0f8e134e6abbc1f3286567d6a0cc455
2025-12-25,12:00,72,6610.867690749015,True,2057.3814838477333,price_oracle,-1,72:143,True,tau_72,8caddd9fa7db5ed96f2de4c3a93112fac0f8e134e6abbc1f3286567d6a0cc455,7bee3dfaf1d7b719c780b01d82d3ebbf616548ac7141595873ff090b6f9d3f20
2025-12-25,18:00,108,0.0,False,0.0,price_oracle,-1,108:143,True,tau_108,7bee3dfaf1d7b719c780b01d82d3ebbf616548ac7141595873ff090b6f9d3f20,7bee3dfaf1d7b719c780b01d82d3ebbf616548ac7141595873ff090b6f9d3f20
2025-12-26,00:00,0,,True,49549.333685549755,price_oracle,-1,0:143,True,day_ahead,,9771e2f1d1ddd6df113947d225c75fe0cc7378831ea1d18e9bdbe8e98fa999ed
2025-12-26,06:00,36,1482.8414038987976,True,984.6921375650342,price_oracle,-1,36:143,True,tau_36,9771e2f1d1ddd6df113947d225c75fe0cc7378831ea1d18e9bdbe8e98fa999ed,1e3fd1d03d0dee39ca0d9ba45ba160e5944940864ccfe5cbaf4e8a64b74d22fd
2025-12-26,12:00,72,2180.178662874947,True,1358.361780093833,price_oracle,-1,72:143,True,tau_72,1e3fd1d03d0dee39ca0d9ba45ba160e5944940864ccfe5cbaf4e8a64b74d22fd,4193f84fce3bfa9c7bce20450313c950ecde2dce3dd64424ab6679de2b40e1f0
2025-12-26,18:00,108,0.9138053277711151,True,67.94091712150691,price_oracle,-1,108:143,True,tau_108,4193f84fce3bfa9c7bce20450313c950ecde2dce3dd64424ab6679de2b40e1f0,2edcbf7dc9f6d48017221831d4859be0ca5a0b9f63fc86602eb883f9f7db765d
2025-12-27,00:00,0,,True,45679.927258481635,price_oracle,-1,0:143,True,day_ahead,,f3e596847f7aeb3034323faf29f06bd2304ba45afcd79bb93ed8af9ab2a12833
2025-12-27,06:00,36,740.9060372552049,True,432.63500352262463,price_oracle,-1,36:143,True,tau_36,f3e596847f7aeb3034323faf29f06bd2304ba45afcd79bb93ed8af9ab2a12833,2502c13733be187ce8b5513fe72fc738e0e8755a053e81d08a16ec19736852c3
2025-12-27,12:00,72,1765.982957683169,True,981.0210151033954,price_oracle,-1,72:143,True,tau_72,2502c13733be187ce8b5513fe72fc738e0e8755a053e81d08a16ec19736852c3,a634860c6b3f9081fae58884c6bb97d67974755a3725ccbe18522be80e3f78b5
2025-12-27,18:00,108,150.02012083333102,True,40.62833377165816,price_oracle,-1,108:143,True,tau_108,a634860c6b3f9081fae58884c6bb97d67974755a3725ccbe18522be80e3f78b5,90536b03c07bcf8b85efd23e1a7b293807327a38834371b810120ea152cc7e6c
2025-12-28,00:00,0,,True,87403.6551069185,price_oracle,-1,0:143,True,day_ahead,,74b73032e241d3d3661e1dc4ae26d8757ca7cba3e4cd10d282409679f39bfd07
2025-12-28,06:00,36,1254.131313498452,True,927.9450411858318,price_oracle,-1,36:143,True,tau_36,74b73032e241d3d3661e1dc4ae26d8757ca7cba3e4cd10d282409679f39bfd07,583975bd9728256ed7366902749893e22b261948e6cafe74c32a6d2f5a3090a5
2025-12-28,12:00,72,1834.1985568289674,True,507.88797129646923,price_oracle,-1,72:143,True,tau_72,583975bd9728256ed7366902749893e22b261948e6cafe74c32a6d2f5a3090a5,829d69709463d3d177443b21ea8498f563994af8ce065b14868ff9e952662b79
2025-12-28,18:00,108,9.998620953410864e-08,False,0.0,price_oracle,-1,108:143,True,tau_108,829d69709463d3d177443b21ea8498f563994af8ce065b14868ff9e952662b79,829d69709463d3d177443b21ea8498f563994af8ce065b14868ff9e952662b79
2025-12-29,00:00,0,,True,87567.7817478078,price_oracle,-1,0:143,True,day_ahead,,985d3a0702c4d56834c0af200a3e6fc849c97a176e739b8239b09cd6aa20409b
2025-12-29,06:00,36,8537.454076770446,True,2836.51916214978,price_oracle,-1,36:143,True,tau_36,985d3a0702c4d56834c0af200a3e6fc849c97a176e739b8239b09cd6aa20409b,14e8bb329342d4ae0d135142732326b993de169a0aa46c616dd1d76ff8f00358
2025-12-29,12:00,72,1713.2669165936677,True,718.6814157650329,price_oracle,-1,72:143,True,tau_72,14e8bb329342d4ae0d135142732326b993de169a0aa46c616dd1d76ff8f00358,e688da0d23a139cb0a8c9e95ed60efb9477f49d0752518256fc646a97b6b9231
2025-12-29,18:00,108,0.0,False,0.0,price_oracle,-1,108:143,True,tau_108,e688da0d23a139cb0a8c9e95ed60efb9477f49d0752518256fc646a97b6b9231,e688da0d23a139cb0a8c9e95ed60efb9477f49d0752518256fc646a97b6b9231
2025-12-30,00:00,0,,True,94311.15917005722,price_oracle,-1,0:143,True,day_ahead,,40d12c1f392a73584c677da58cc308cd9fab7f1c7fab425d054c4aa95551e119
2025-12-30,06:00,36,4600.93655602861,True,1681.6093519481597,price_oracle,-1,36:143,True,tau_36,40d12c1f392a73584c677da58cc308cd9fab7f1c7fab425d054c4aa95551e119,80af90ea6089c76a9e2e6e2e35fa049c4709200d8aeaa8f149c64dc31860e8b6
2025-12-30,12:00,72,1772.9056981559115,True,2188.4027577153447,price_oracle,-1,72:143,True,tau_72,80af90ea6089c76a9e2e6e2e35fa049c4709200d8aeaa8f149c64dc31860e8b6,3b9a8dddbce11acb01d49902196707141fd26991f52fd1d3b854778da1cb5010
2025-12-30,18:00,108,0.0,False,0.0,price_oracle,-1,108:143,True,tau_108,3b9a8dddbce11acb01d49902196707141fd26991f52fd1d3b854778da1cb5010,3b9a8dddbce11acb01d49902196707141fd26991f52fd1d3b854778da1cb5010
2025-12-31,00:00,0,,True,82604.31539705944,price_oracle,-1,0:143,True,day_ahead,,ffd5eac3e6893d9280d2b5e2ecd876c8a22359bfcd002a6b973ff2033c298a57
2025-12-31,06:00,36,2146.438853229658,True,1588.4482008197824,price_oracle,-1,36:143,True,tau_36,ffd5eac3e6893d9280d2b5e2ecd876c8a22359bfcd002a6b973ff2033c298a57,07cb562968a4cd3b16585e9908bd39ca521bb85c873a9f795039f5074c66ccb3
2025-12-31,12:00,72,1735.2790647093425,True,522.2333787675118,price_oracle,-1,72:143,True,tau_72,07cb562968a4cd3b16585e9908bd39ca521bb85c873a9f795039f5074c66ccb3,cd0f04024ed27d2dde1370042dc9872b1b223879a30109b3559c1134f4d264a0
2025-12-31,18:00,108,0.0,False,0.0,price_oracle,-1,108:143,True,tau_108,cd0f04024ed27d2dde1370042dc9872b1b223879a30109b3559c1134f4d264a0,cd0f04024ed27d2dde1370042dc9872b1b223879a30109b3559c1134f4d264a0
