date,day_index,strategy,load_information_case,year_end_boundary,year_end_soc_kwh,settlement_rule,normal_cost_yuan,adjustment_cost_yuan,emergency_cost_yuan,total_cost_yuan,g0_kwh,g_final_kwh,emergency_kwh,curtailment_kwh,soc_start_kwh,soc_end_kwh,adjustment_count,locked_period_violations,max_balance_residual_kwh,max_simultaneous_cd_kwh2,runtime_seconds,max_x_minus_g_kwh,pass
2025-01-01,0,M1_M6,causal_load_main,A_q2_aligned,1200.0,delivery_time_actual_price,58508.06892382568,1267.9514870888402,75384.38957252995,135160.40998344446,78575.94517410586,81395.69062087862,15561.800448533715,0.0,6000.0,8110.865465597771,2,0,2.2737367544323206e-13,0.0,4.554607883001154,0.0,True
2025-01-02,1,M1_M6,causal_load_main,A_q2_aligned,1200.0,delivery_time_actual_price,55740.383432217575,1286.523981755195,77796.90086526502,134823.8082792378,77003.15962429106,75826.60349158372,16297.5757067656,0.0,8110.865465597771,4604.460482428681,2,0,3.410605131648481e-13,0.0,4.559030704003817,0.0,True
2025-01-03,2,M1_M6,causal_load_main,A_q2_aligned,1200.0,delivery_time_actual_price,41667.18463096419,1273.206850539606,0.0,42940.3914815038,77560.23309756971,74162.72589244272,0.0,3511.386922222221,4604.460482428681,10501.694013766057,3,0,1.1368683772161603e-13,0.0,4.570290379000653,0.0,True
2025-01-04,3,M1_M6,causal_load_main,A_q2_aligned,1200.0,delivery_time_actual_price,42225.22298959682,1162.1804226774568,0.0,43387.403412274274,76477.58071842956,76386.09065528704,0.0,3733.0260086419744,10501.694013766057,10776.160520858115,2,0,1.1368683772161603e-13,0.0,4.550929648998135,0.0,True
2025-01-05,4,M1_M6,causal_load_main,A_q2_aligned,1200.0,delivery_time_actual_price,55987.091049961724,655.5825526029571,80883.03092339136,137525.70452595604,75953.92680642841,77067.6226364329,16399.641912462448,0.0,10776.160520858115,9842.537556354893,3,0,2.2737367544323206e-13,0.0,4.538088790999609,0.0,True
2025-01-06,5,M1_M6,causal_load_main,A_q2_aligned,1200.0,delivery_time_actual_price,53104.20242014726,340.28309700244984,75423.56855665037,128868.05407380007,69852.6909343334,70157.47262871385,15522.320354672844,0.0,9842.537556354893,2192.043749200996,2,0,2.2737367544323206e-13,0.0,4.60172088300169,0.0,True
2025-01-07,6,M1_M6,causal_load_main,A_q2_aligned,1200.0,delivery_time_actual_price,60194.53589045336,2097.825898019179,73297.39347781049,135589.75526628303,79578.25708022958,84123.25268240753,15290.132919716492,0.0,2192.043749200996,5552.3270893720655,2,0,2.2737367544323206e-13,0.0,4.638367170999118,0.0,True
2025-01-08,7,M1_M6,causal_load_main,A_q2_aligned,1200.0,delivery_time_actual_price,68172.79088662479,3156.492768602648,4209.8602126326,75539.14386786004,96773.32007353536,89907.11203607208,1096.5917153883177,0.0,5552.3270893720655,2556.960453417996,2,0,2.2737367544323206e-13,0.0,4.570879879000131,0.0,True
2025-01-09,8,M1_M6,causal_load_main,A_q2_aligned,1200.0,delivery_time_actual_price,72528.36517058406,1231.4843160109508,5616.111610966249,79375.96109756126,96707.21910785077,97468.19204279638,1388.7330885257566,0.0023,2556.960453417996,6089.8737612201685,2,0,9.094947017729282e-13,0.0,4.623239931999706,0.0,True
2025-01-10,9,M1_M6,causal_load_main,A_q2_aligned,1200.0,delivery_time_actual_price,21128.139316774064,1716.9371227593454,4497.27321920456,27342.349658737967,54563.85158202142,48420.15573158451,1648.3601850834557,0.0017666666666666666,6089.8737612201685,7406.882478591074,2,0,1.1368683772161603e-13,0.0,4.544791728003474,0.0,True
2025-01-11,10,M1_M6,causal_load_main,A_q2_aligned,1200.0,delivery_time_actual_price,22828.04972720014,141.55189896811808,1911.1082354842956,24880.709861652555,50933.353683230634,51176.459446339446,755.2080590556303,84.88696648611563,7406.882478591074,10692.812020008976,3,0,1.1368683772161603e-13,0.0,4.3812757690029684,0.0,True
2025-01-12,11,M1_M6,causal_load_main,A_q2_aligned,1200.0,delivery_time_actual_price,73912.48591911199,1908.0018288136089,2818.638547483573,78639.12629540915,94999.99097022138,96250.15552185665,667.6063512542144,0.0,10692.812020008976,10056.976503601645,2,0,1.7053025658242404e-12,0.0,4.578504760997021,0.0,True
2025-01-13,12,M1_M6,causal_load_main,A_q2_aligned,1200.0,delivery_time_actual_price,66639.599781905,1098.5266219218393,1788.1096245902258,69526.23602841706,89580.86891120167,87273.00816669059,453.29292900638603,0.0,10056.976503601645,4648.934038163405,2,0,1.1368683772161603e-13,0.0,4.486942282994278,0.0,True
2025-01-14,13,M1_M6,causal_load_main,A_q2_aligned,1200.0,delivery_time_actual_price,69452.3073237863,555.0884167442473,5374.6352910886235,75382.03103161916,95638.75329632137,94815.79841503664,1251.2811762719243,0.0,4648.934038163405,6654.865990611151,2,0,2.2737367544323206e-13,0.0,5.475380076997681,0.0,True
2025-01-15,14,M1_M6,causal_load_main,A_q2_aligned,1200.0,delivery_time_actual_price,69957.40000566786,1617.459185882412,5361.6294976595855,76936.48868920984,90092.86672623018,93649.52689347843,1097.9025646331315,0.0,6654.865990611151,6738.360313769264,2,0,1.1368683772161603e-13,0.0,5.508923499997763,0.0,True
2025-01-16,15,M1_M6,causal_load_main,A_q2_aligned,1200.0,delivery_time_actual_price,65686.36888397153,1040.2203651837713,5197.603645910758,71924.19289506605,84776.49734690605,86843.47235364132,1144.7057907772405,0.0,6738.360313769264,2068.6891369667314,2,0,1.1368683772161603e-13,0.0,5.288641646999167,0.0,True
2025-01-17,16,M1_M6,causal_load_main,A_q2_aligned,1200.0,delivery_time_actual_price,23023.744442837793,43.09635934178468,1803.763260784259,24870.60406296384,52636.39822409706,52536.596287418244,641.5843678082833,895.8074635397716,2068.6891369667314,8351.856093692464,3,0,1.1368683772161603e-13,0.0,5.094777605001582,0.0,True
2025-01-18,17,M1_M6,causal_load_main,A_q2_aligned,1200.0,delivery_time_actual_price,21756.641001806987,835.6395934775776,2211.3400218442716,24803.620617128832,51940.657404012156,48654.67611013085,744.2055946106836,721.5672178178369,8351.856093692464,10713.103349033501,2,0,1.1368683772161603e-13,0.0,4.91671772999689,0.0,True
2025-01-19,18,M1_M6,causal_load_main,A_q2_aligned,1200.0,delivery_time_actual_price,68038.02250179704,1825.6223074861296,1730.245629794328,71593.89043907748,86493.22839457693,90417.7342503477,438.779377084049,0.0,10713.103349033501,8366.07316985954,2,0,2.2737367544323206e-13,0.0,5.12077960500028,0.0,True
2025-01-20,19,M1_M6,causal_load_main,A_q2_aligned,1200.0,delivery_time_actual_price,65272.69209185742,652.261631945643,7061.406583711362,72986.36030751443,86961.5329852704,88062.01317781323,1584.333123613229,0.0,8366.07316985954,6240.860030996464,3,0,1.7053025658242404e-12,0.0,5.488828604000446,0.0,True
2025-01-21,20,M1_M6,causal_load_main,A_q2_aligned,1200.0,delivery_time_actual_price,63460.79915547735,594.5873113679329,2240.3650428287965,66295.75150967408,89487.70254289295,88395.67423061738,520.2475624499403,0.0,6240.860030996464,6372.592607712922,2,0,3.410605131648481e-12,0.0,5.3136958760005655,0.0,True
2025-01-22,21,M1_M6,causal_load_main,A_q2_aligned,1200.0,delivery_time_actual_price,69036.01578637486,513.1800446920926,2933.362480755797,72482.55831182275,94725.08215422597,94375.11942664022,645.4515883150153,0.0,6372.592607712922,8235.540620385087,2,0,1.7053025658242404e-13,0.0,5.313168837004923,0.0,True
2025-01-23,22,M1_M6,causal_load_main,A_q2_aligned,1200.0,delivery_time_actual_price,66575.10842383918,1448.8145488286295,3609.8239062651533,71633.74687893296,83796.98295405852,86461.35326077607,884.7716789386088,0.0,8235.540620385087,2137.9318325952595,2,0,2.2737367544323206e-13,0.0,5.2804931349965045,0.0,True
2025-01-24,23,M1_M6,causal_load_main,A_q2_aligned,1200.0,delivery_time_actual_price,21397.715680649304,519.8221886514203,706.3386604416269,22623.876529742352,48180.331802943154,50239.73638493379,321.4073463680632,409.6246475949482,2137.9318325952595,9013.515663265804,3,0,1.1368683772161603e-13,0.0,4.978429969996796,0.0,True
2025-01-25,24,M1_M6,causal_load_main,A_q2_aligned,1200.0,delivery_time_actual_price,18938.020630725507,484.65632756174676,405.21019068721904,19827.88714897447,41980.0672756593,44132.11253874033,203.45132040276164,1347.4002535105678,9013.515663265804,10151.608450677122,2,0,1.1368683772161603e-13,0.0,4.7962651460038614,0.0,True
2025-01-26,25,M1_M6,causal_load_main,A_q2_aligned,1200.0,delivery_time_actual_price,67241.19458418142,1819.599840424516,3289.0539035448005,72349.84832815074,94433.42156490989,90626.79534443296,814.4273727724146,0.0,10151.608450677122,8959.78309190731,2,0,1.7053025658242404e-12,0.0,5.518714212004852,0.0,True
2025-01-27,26,M1_M6,causal_load_main,A_q2_aligned,1200.0,delivery_time_actual_price,62263.79414418873,1204.2590960125124,1786.3121201638385,65254.36536036508,83377.05883619905,85811.0075443676,436.80253432415316,0.0,8959.78309190731,6905.446975878613,2,0,3.410605131648481e-12,0.0,5.1143706329967245,0.0,True
2025-01-28,27,M1_M6,causal_load_main,A_q2_aligned,1200.0,delivery_time_actual_price,64643.85936288481,787.4386438915822,4221.4811319037635,69652.77913868017,91211.49415909131,89731.36879383048,997.1200894488693,0.0,6905.446975878613,6752.465998892905,2,0,5.229594535194337e-12,0.0,5.162134466001589,0.0,True
2025-01-29,28,M1_M6,causal_load_main,A_q2_aligned,1200.0,delivery_time_actual_price,61300.53733425311,841.6505146454679,3903.4060297946635,66045.59387869324,86531.34810217255,88114.15144367036,960.0278223549911,0.0,6752.465998892905,9459.364929254229,2,0,1.1368683772161603e-13,0.0,5.402839520997077,0.0,True
2025-01-30,29,M1_M6,causal_load_main,A_q2_aligned,1200.0,delivery_time_actual_price,59819.85287780995,1554.4152448044254,1616.6620608187714,62990.93018343315,77176.70142320325,80879.5271293502,328.99115833333667,6.083333333333485,9459.364929254229,2212.1662906802844,2,0,2.2737367544323206e-13,0.0,5.675310823004111,0.0,True
2025-01-31,30,M1_M6,causal_load_main,A_q2_aligned,1200.0,delivery_time_actual_price,20359.09670245866,700.3883046934402,1077.0340125660957,22136.519019718195,44949.4083261042,47956.265486997494,391.7998575735534,1195.5198584876525,2212.1662906802844,7036.191363185366,3,0,1.7053025658242404e-12,0.0,5.666471383003227,0.0,True
2025-02-01,31,M1_M6,causal_load_main,A_q2_aligned,1200.0,delivery_time_actual_price,18901.766574792604,15.266758865836056,8.927251284807092e-07,18917.033334551164,45525.76107617594,45562.63951683989,4.6028622247007434e-07,2385.026690634189,7036.191363185366,10780.92908809767,2,0,1.1368683772161603e-13,0.0,5.645075959000678,0.0,True
2025-02-02,32,M1_M6,causal_load_main,A_q2_aligned,1200.0,delivery_time_actual_price,57806.37205790475,699.9827712434089,491.6092807339069,58997.96410988207,84491.20084722471,83076.15019543623,114.83401810625196,0.0,10780.92908809767,8246.574805391054,2,0,1.1368683772161603e-13,0.0,5.488038924995635,0.0,True
2025-02-03,33,M1_M6,causal_load_main,A_q2_aligned,1200.0,delivery_time_actual_price,59892.41983918626,1589.6102884139857,1335.374154070436,62817.40428167068,89231.88713748589,85453.61947590599,284.63452148372585,0.0,8246.574805391054,8212.983298039453,2,0,2.2737367544323206e-13,0.0,5.322523372000433,0.0,True
2025-02-04,34,M1_M6,causal_load_main,A_q2_aligned,1200.0,delivery_time_actual_price,62266.73921578002,1595.071921813148,766.3422165684169,64628.15335416159,91510.8887593355,88354.74518484231,154.20149878605275,0.0,8212.983298039453,8057.9280150147815,2,0,2.2737367544323206e-13,0.0,4.930068164998374,0.0,True
2025-02-05,35,M1_M6,causal_load_main,A_q2_aligned,1200.0,delivery_time_actual_price,61907.31223911153,792.683687532966,805.8878512648012,63505.8837779093,87648.95788119061,88746.67477681595,142.44643549984423,2.052500000000009,8057.9280150147815,8982.591475316907,2,0,2.2737367544323206e-13,0.0,5.3544940639985725,0.0,True
2025-02-06,36,M1_M6,causal_load_main,A_q2_aligned,1200.0,delivery_time_actual_price,57954.6390880017,2538.202841611709,855.8808753491388,61348.72280496255,85893.79416883194,80115.60295549265,173.66249791742825,0.0023,8982.591475316907,2584.1437735483437,2,0,1.1368683772161603e-13,0.0,5.509854310002993,0.0,True
2025-02-07,37,M1_M6,causal_load_main,A_q2_aligned,1200.0,delivery_time_actual_price,17909.31727067654,487.1446332289527,8.555654831144771,18405.017558736632,46363.08693681228,44410.47445740663,2.2427763789644124,4864.334290277778,2584.1437735483437,6222.612535777215,3,0,1.1368683772161603e-13,0.0,5.486897909999243,0.0,True
2025-02-08,38,M1_M6,causal_load_main,A_q2_aligned,1200.0,delivery_time_actual_price,17028.255058461124,180.18280381707098,545.9186771805587,17754.356539458753,41957.48030813022,42487.532105700244,153.61063750000116,2190.127225269832,6222.612535777215,10799.999999759506,3,0,1.1368683772161603e-13,0.0,4.9237586989984266,0.0,True
2025-02-09,39,M1_M6,causal_load_main,A_q2_aligned,1200.0,delivery_time_actual_price,59084.52005821327,1146.0764659068345,372.1989745796016,60602.7954986997,84379.17404040642,84081.13026754168,75.14437573058824,0.020583333333333332,10799.999999759506,7995.904587974509,2,0,1.1368683772161603e-13,0.0,5.52673384299851,0.0,True
2025-02-10,40,M1_M6,causal_load_main,A_q2_aligned,1200.0,delivery_time_actual_price,53702.24918987093,1300.996077889658,925.2810283538248,55928.52629611441,84139.9223039808,81013.07601598727,254.37178875777568,80.18030403555258,7995.904587974509,8779.149658891742,2,0,1.1368683772161603e-13,0.0,4.961036895001598,0.0,True
2025-02-11,41,M1_M6,causal_load_main,A_q2_aligned,1200.0,delivery_time_actual_price,53167.38373902449,1761.052697068366,968.1816719159367,55896.618108008784,82728.94430667868,78715.78425608104,212.25140039991697,137.30399999999955,8779.149658891742,7043.893278234383,2,0,1.1368683772161603e-13,0.0,5.704989293997642,0.0,True
2025-02-12,42,M1_M6,causal_load_main,A_q2_aligned,1200.0,delivery_time_actual_price,53779.30206026568,1717.2271630630821,1609.2086529550131,57105.737876283776,84586.47167802011,80400.02277341187,335.7624349742687,32.53666666666646,7043.893278234383,7230.206081527491,2,0,2.2737367544323206e-13,0.0,5.490250611001102,0.0,True
2025-02-13,43,M1_M6,causal_load_main,A_q2_aligned,1200.0,delivery_time_actual_price,48638.16603664387,1509.5905550703578,421.6981219617861,50569.45471367601,74165.40299315544,72292.59246422333,91.66595780435736,157.64389999999975,7230.206081527491,2477.2971724811387,2,0,1.1368683772161603e-13,0.0,5.143132056997274,0.0,True
2025-02-14,44,M1_M6,causal_load_main,A_q2_aligned,1200.0,delivery_time_actual_price,16426.563664376656,240.6044391299233,534.264527281142,17201.43263078772,40546.9686227826,41269.799284174165,158.25030370093907,3657.519072646373,2477.2971724811387,6404.775088175687,3,0,1.1368683772161603e-13,0.0,5.09316117799608,0.0,True
2025-02-15,45,M1_M6,causal_load_main,A_q2_aligned,1200.0,delivery_time_actual_price,16979.277972885655,145.54242845597292,1101.3002267810114,18226.120628122637,41205.677549791246,41363.83325068032,374.76872432042387,4396.367828428395,6404.775088175687,10773.148391170593,3,0,1.1368683772161603e-13,0.0,5.322979732998647,0.0,True
2025-02-16,46,M1_M6,causal_load_main,A_q2_aligned,1200.0,delivery_time_actual_price,49927.185198684114,2597.408858978937,3593.6382222622988,56118.23227992535,79556.60113117179,73206.71869847257,873.0135279587689,18.369183333333304,10773.148391170593,6303.225937247674,3,0,1.1368683772161603e-13,0.0,5.705928503004543,0.0,True
2025-02-17,47,M1_M6,causal_load_main,A_q2_aligned,1200.0,delivery_time_actual_price,50461.101910926285,3315.17180874022,1830.3018069690002,55606.57552663551,85908.347223686,77239.39261280975,434.99902443912,150.04025000000075,6303.225937247674,7668.493907806576,2,0,1.5365486660812167e-13,0.0,5.706329343003745,0.0,True
2025-02-18,48,M1_M6,causal_load_main,A_q2_aligned,1200.0,delivery_time_actual_price,50215.59955555659,752.0444565305078,2535.892623356327,53503.53663544342,74420.32397689686,76603.61413168884,529.6677492777925,106.06139351851934,7668.493907806576,6929.813543394057,3,0,1.5631940186722204e-13,0.0,5.494933333997324,0.0,True
2025-02-19,49,M1_M6,causal_load_main,A_q2_aligned,1200.0,delivery_time_actual_price,50301.72465754717,619.8304695087261,2840.174528340443,53761.729655396346,76344.41533272546,77230.31453708958,655.3063105579631,73.13008333333448,6929.813543394057,7487.905781491082,3,0,1.1368683772161603e-13,0.0,5.101091930999246,0.0,True
2025-02-20,50,M1_M6,causal_load_main,A_q2_aligned,1200.0,delivery_time_actual_price,47502.592495392375,1358.8043647342115,1466.239756352305,50327.636616478885,73216.58222112467,70226.41314350291,306.1353307453928,242.63029583333883,7487.905781491082,2280.700285257421,3,0,1.8189894035458565e-12,0.0,5.290267106000101,0.0,True
2025-02-21,51,M1_M6,causal_load_main,A_q2_aligned,1200.0,delivery_time_actual_price,15209.958487127278,77.49638960077581,877.9763756300522,16165.431252358107,37448.789407438366,37670.279907727956,259.74836013981223,6218.144244405628,2280.700285257421,5354.825498605106,3,0,2.2737367544323206e-13,0.0,5.24979973200243,0.0,True
2025-02-22,52,M1_M6,causal_load_main,A_q2_aligned,1200.0,delivery_time_actual_price,16195.315473156246,108.7827368316745,1438.7125802534106,17742.810790241332,39975.445417193485,39961.635992891876,419.3707817529687,3873.861754856723,5354.825498605106,10718.085610216274,3,0,1.1368683772161603e-13,0.0,5.131316626997432,0.0,True
2025-02-23,53,M1_M6,causal_load_main,A_q2_aligned,1200.0,delivery_time_actual_price,46658.98943560502,1325.175642735547,3961.992111056514,51946.15718939709,73096.18163139654,70509.74792709413,981.4098021845002,205.2666748617855,10718.085610216274,6760.887068274455,3,0,1.4875392063453936e-13,0.0,4.759716908003611,0.0,True
2025-02-24,54,M1_M6,causal_load_main,A_q2_aligned,1200.0,delivery_time_actual_price,48428.762591450606,194.8641080089268,2385.653195868551,51009.27989532808,73896.76024812527,74168.68848528195,473.77966317880816,655.120987499997,6760.887068274455,6791.541058159591,2,0,1.7053025658242404e-12,0.0,5.106440143004875,0.0,True
2025-02-25,55,M1_M6,causal_load_main,A_q2_aligned,1200.0,delivery_time_actual_price,44536.57003040226,2332.2930810193766,3107.8415316575047,49976.704643079145,77234.51581954825,70959.79408975184,653.9035296489155,310.3038624999979,6791.541058159591,7501.856940522059,3,0,1.7053025658242404e-12,0.0,5.13698199299688,0.0,True
2025-02-26,56,M1_M6,causal_load_main,A_q2_aligned,1200.0,delivery_time_actual_price,45872.30566155593,1007.7643574493477,2964.8217163203567,49844.89173532565,69007.03820205797,71930.38871873848,642.9352802487001,493.64067268518386,7501.856940522059,6888.33331848294,3,0,1.1368683772161603e-13,0.0,5.134089127997868,0.0,True
2025-02-27,57,M1_M6,causal_load_main,A_q2_aligned,1200.0,delivery_time_actual_price,42672.782833160294,597.5455682904798,2205.239665471274,45475.56806692204,65833.36023512064,66042.90335096393,448.83372439637026,252.7038583333321,6888.33331848294,2216.80036373582,2,0,1.1368683772161603e-13,0.0,4.933875286995317,0.0,True
2025-02-28,58,M1_M6,causal_load_main,A_q2_aligned,1200.0,delivery_time_actual_price,14674.41917601753,114.95165934738058,1287.8017175575546,16077.172552922466,37689.328696447075,37679.70865539154,416.57793793911446,7310.892418788343,2216.80036373582,6877.228602927088,3,0,1.1368683772161603e-13,0.0,4.754314124002121,0.0,True
2025-03-01,59,M1_M6,causal_load_main,A_q2_aligned,1200.0,delivery_time_actual_price,15079.564278621998,197.39213329247832,1355.153213493296,16632.109625407775,39258.11044381999,38300.966599820276,381.3103372363843,7244.774459722312,6877.228602927088,10672.221067845114,3,0,1.1368683772161603e-13,0.0,5.094352379994234,0.0,True
2025-03-02,60,M1_M6,causal_load_main,A_q2_aligned,1200.0,delivery_time_actual_price,50533.23966363116,1107.793859701966,2461.1721105701413,54102.20563390327,76321.32059810459,76691.04788462468,457.49165555555714,134.32283333333316,10672.221067845114,8262.933639458068,3,0,1.7053025658242404e-12,0.0,4.663508133002324,0.0,True
2025-03-03,61,M1_M6,causal_load_main,A_q2_aligned,1200.0,delivery_time_actual_price,48384.3141604992,2373.399634696534,3391.6182451030445,54149.33204029879,78474.75081827243,73793.85638415725,816.3499488290744,126.64445833333411,8262.933639458068,5358.480137962502,2,0,1.1368683772161603e-13,0.0,6.040463462995831,0.0,True
2025-03-04,62,M1_M6,causal_load_main,A_q2_aligned,1200.0,delivery_time_actual_price,48566.21250931728,681.9870082064017,3657.230327354677,52905.42984487837,74306.78302407268,76150.29857524397,961.3754189592884,348.31193333333545,5358.480137962502,7444.506896005809,2,0,1.5631940186722204e-13,0.0,5.595469877000141,0.0,True
2025-03-05,63,M1_M6,causal_load_main,A_q2_aligned,1200.0,delivery_time_actual_price,44952.35871545192,1785.6620783197927,4261.343818731703,50999.36461250342,77937.41842844861,72930.2258160664,996.0149333400177,488.63006666666683,7444.506896005809,9107.187492173434,3,0,1.1368683772161603e-13,0.0,5.056606690995977,0.0,True
2025-03-06,64,M1_M6,causal_load_main,A_q2_aligned,1200.0,delivery_time_actual_price,41548.5189386644,287.74938950804597,1889.8586299685892,43726.12695814104,63763.48938114909,63965.298693286764,400.7468023605222,784.3160486111109,9107.187492173434,1961.5207316695776,3,0,1.4033219031261979e-13,0.0,5.027943282999331,0.0,True
2025-03-07,65,M1_M6,causal_load_main,A_q2_aligned,1200.0,delivery_time_actual_price,14549.13480741364,105.43143194165,1960.743105302185,16615.30934465748,37088.814327286396,36814.1601976264,675.1466743872222,9559.325516820692,1961.5207316695776,5891.189570757956,3,0,1.1368683772161603e-13,0.0,5.055424269994546,0.0,True
2025-03-08,66,M1_M6,causal_load_main,A_q2_aligned,1200.0,delivery_time_actual_price,14240.482689589786,121.39696539416208,312.1545197997333,14674.034174783683,36443.92837146795,37274.04025821776,106.33536586405394,10311.56117402125,5891.189570757956,10671.912436207362,3,0,1.1368683772161603e-13,0.0,5.349057269995683,0.0,True
2025-03-09,67,M1_M6,causal_load_main,A_q2_aligned,1200.0,delivery_time_actual_price,40206.712934274256,2016.3261754168495,1684.6439593445534,43907.68306903566,71178.61994531397,64525.081259326675,349.71044610653524,512.3631805555547,10671.912436207362,7514.364483056484,3,0,1.1368683772161603e-13,0.0,5.264886751996528,0.0,True
2025-03-10,68,M1_M6,causal_load_main,A_q2_aligned,1200.0,delivery_time_actual_price,45449.902558235306,510.81004963204583,3326.011266702592,49286.72387456995,69676.2524602125,70707.86212463523,764.4969053803493,413.29766250000097,7514.364483056484,6026.891265898605,3,0,1.3145040611561853e-13,0.0,5.201123724000354,0.0,True
2025-03-11,69,M1_M6,causal_load_main,A_q2_aligned,1200.0,delivery_time_actual_price,43035.79170761773,1802.512431547882,2517.26144542331,47355.56558458893,63561.944001746575,69580.03793987604,590.6687006342423,704.1234937948245,6026.891265898605,6913.199702042256,3,0,2.2026824808563106e-13,0.0,5.359888271006639,0.0,True
2025-03-12,70,M1_M6,causal_load_main,A_q2_aligned,1200.0,delivery_time_actual_price,41163.50177803407,1864.813628174772,1806.5186767399723,44834.834082948815,72326.01853184888,66790.82581312882,397.5343266114838,781.7789569444458,6913.199702042256,6658.081279838231,3,0,1.1368683772161603e-13,0.0,5.1874904689975665,0.0,True
2025-03-13,71,M1_M6,causal_load_main,A_q2_aligned,1200.0,delivery_time_actual_price,43810.31681002844,561.1954091882882,3160.008530458914,47531.52074967565,67194.03083223006,67461.6079007589,654.4946823287253,62.847459722224826,6658.081279838231,1990.5694147589986,3,0,1.4299672557172016e-13,0.0,4.9458162450027885,0.0,True
2025-03-14,72,M1_M6,causal_load_main,A_q2_aligned,1200.0,delivery_time_actual_price,13306.332006986837,149.65595889791115,1028.3244119062413,14484.31237779099,34769.890233133614,35336.96783024549,311.72334583333117,12328.988209722222,1990.5694147589986,6460.960568594423,3,0,1.1368683772161603e-13,0.0,4.579986932993052,0.0,True
2025-03-15,73,M1_M6,causal_load_main,A_q2_aligned,1200.0,delivery_time_actual_price,13473.020053866268,140.161889112663,1472.578152955174,15085.760095934103,34553.900706063345,34980.897422256865,422.5486750596511,7533.714628201925,6460.960568594423,10494.18303319752,3,0,1.7621459846850485e-12,0.0,4.896306904003723,0.0,True
2025-03-16,74,M1_M6,causal_load_main,A_q2_aligned,1200.0,delivery_time_actual_price,40498.14974795725,887.7832960179466,896.302590249268,42282.23563422446,64539.28630927741,64638.66724339246,227.026161069482,491.35029999999824,10494.18303319752,6903.322793804465,3,0,2.2737367544323206e-13,0.0,5.148982425998838,0.0,True
2025-03-17,75,M1_M6,causal_load_main,A_q2_aligned,1200.0,delivery_time_actual_price,36822.54001308473,1727.9246444698538,1804.4307814580272,40354.8954390126,63929.64094939566,60988.5073240053,531.471199879941,293.40862731481167,6903.322793804465,6865.985297673245,3,0,1.1368683772161603e-13,0.0,4.661080434998439,0.0,True
2025-03-18,76,M1_M6,causal_load_main,A_q2_aligned,1200.0,delivery_time_actual_price,40191.454393259686,2310.4985792161438,1531.141513264182,44033.09448574,72757.724957173,65966.36139017637,330.1520002436418,643.8888347222234,6865.985297673245,6850.972960297482,3,0,1.1368683772161603e-13,0.0,4.9680836830011685,0.0,True
2025-03-19,77,M1_M6,causal_load_main,A_q2_aligned,1200.0,delivery_time_actual_price,39233.183399055284,1324.0989296844468,2577.899401020304,43135.18172976003,60291.77953271083,64899.942152854455,835.3432843074439,1056.8731117283974,6850.972960297482,7754.920978970232,3,0,1.7408297026122455e-13,0.0,5.100506163005775,0.0,True
2025-03-20,78,M1_M6,causal_load_main,A_q2_aligned,1200.0,delivery_time_actual_price,36552.71162472278,1550.220031016026,6381.128646330557,44484.06030206936,60685.6678479458,56966.174339292214,1875.3714915444098,0.0,7754.920978970232,1300.3926068799194,2,0,4.9382833822164685e-08,0.0,4.582345367001835,0.0,True
2025-03-21,79,M1_M6,causal_load_main,A_q2_aligned,1200.0,delivery_time_actual_price,12911.304592849337,100.54421620859931,1796.6661579635152,14808.514967021452,34899.29748684497,34836.46160274111,693.3301994745998,15244.352348572294,1300.3926068799194,7008.700412973939,3,0,8.526512829121202e-13,0.0,4.557574464997742,0.0,True
2025-03-22,80,M1_M6,causal_load_main,A_q2_aligned,1200.0,delivery_time_actual_price,12686.206157200068,102.48456608176042,583.9650510678632,13372.65577434969,33205.127489516104,32888.86150661933,317.5100416158755,11416.209665516068,7008.700412973939,10095.438301031885,2,0,1.1368683772161603e-13,0.0,5.145612054999219,0.0,True
2025-03-23,81,M1_M6,causal_load_main,A_q2_aligned,1200.0,delivery_time_actual_price,37044.66229707675,1609.0505105982843,2047.898998299932,40701.611805974964,65802.16212151526,61262.84831885304,468.56343875404605,1162.5929236111085,10095.438301031885,7523.570688011254,3,0,1.1368683772161603e-13,0.0,5.419946840003831,0.0,True
2025-03-24,82,M1_M6,causal_load_main,A_q2_aligned,1200.0,delivery_time_actual_price,37239.96823385184,1140.892934416047,2030.6899691834828,40411.551137451366,63604.305504853604,61135.56889345855,632.1028064713585,849.1273109789229,7523.570688011254,6815.2232774873855,3,0,1.1368683772161603e-13,0.0,4.650865859999612,0.0,True
2025-03-25,83,M1_M6,causal_load_main,A_q2_aligned,1200.0,delivery_time_actual_price,38526.75836560497,2691.3269122480306,3802.9667698285825,45021.05204768158,72430.94140945711,63569.91046152798,993.1042651251888,0.3514333333333333,6815.2232774873855,7408.012165328821,3,0,1.8189894035458565e-12,0.0,5.361223981002695,0.0,True
2025-03-26,84,M1_M6,causal_load_main,A_q2_aligned,1200.0,delivery_time_actual_price,35726.28196491419,1325.5429696369874,832.5178753649134,37884.34280991609,60687.10586150597,58766.57504125218,255.10543083839696,715.8601099798606,7408.012165328821,6688.018768221154,3,0,1.1368683772161603e-13,0.0,4.952580690995092,0.0,True
2025-03-27,85,M1_M6,causal_load_main,A_q2_aligned,1200.0,delivery_time_actual_price,34146.73583202333,1507.9326656787935,4459.299839764502,40113.96833746662,60353.92524243308,55412.766820351666,1496.1090408995456,71.36046666666294,6688.018768221154,1996.110538643308,3,0,1.1368683772161603e-13,0.0,4.918748060001235,0.0,True
2025-03-28,86,M1_M6,causal_load_main,A_q2_aligned,1200.0,delivery_time_actual_price,12577.443716470707,27.644774341809963,596.6549497847643,13201.74344059728,33813.561890316836,33761.96053629268,238.05907842496052,15932.84226307847,1996.110538643308,6638.888334205225,3,0,1.1368683772161603e-13,0.0,4.700677920998714,0.0,True
2025-03-29,87,M1_M6,causal_load_main,A_q2_aligned,1200.0,delivery_time_actual_price,12054.155782244114,133.91032716210356,1168.626768098268,13356.692877504483,32060.78056368034,32475.217291008834,393.65240210961053,18793.13979192839,6638.888334205225,10664.448277408708,3,0,1.1368683772161603e-13,0.0,4.901418047003972,0.0,True
2025-03-30,88,M1_M6,causal_load_main,A_q2_aligned,1200.0,delivery_time_actual_price,30638.287693053957,1954.7460801831546,6019.45755028576,38612.491323522874,57684.84592725512,50105.531574920984,1942.9765389680445,80.80273888888598,10664.448277408708,5012.414501310037,3,0,1.1368683772161603e-13,0.0,4.954677102003188,0.0,True
2025-03-31,89,M1_M6,causal_load_main,A_q2_aligned,1200.0,delivery_time_actual_price,35749.87186505027,1045.4476132845332,4305.582856678013,41100.90233501282,55701.043302402235,59989.72438667811,1302.0031327871977,462.0249772308139,5012.414501310037,6142.556548139913,3,0,3.410605131648481e-12,0.0,5.186281225003768,0.0,True
2025-04-01,90,M1_M6,causal_load_main,A_q2_aligned,1200.0,delivery_time_actual_price,38528.71056146185,1602.7580707737502,3833.0922098780434,43964.56084211364,67229.90997111818,62834.13777982678,1091.9702985722204,714.497576388887,6142.556548139913,5990.452390812463,3,0,1.7053025658242404e-12,0.0,5.120641192996118,0.0,True
2025-04-02,91,M1_M6,causal_load_main,A_q2_aligned,1200.0,delivery_time_actual_price,38674.27709840097,266.12591293878575,3561.2840829944653,42501.68709433422,65464.3086858726,65035.576956762365,943.0574797884519,427.5770833333338,5990.452390812463,7507.253694504041,3,0,2.2737367544323206e-13,0.0,4.953608884999994,0.0,True
2025-04-03,92,M1_M6,causal_load_main,A_q2_aligned,1200.0,delivery_time_actual_price,33536.01872160934,1820.1314342509877,2161.5363272481227,37517.68648310845,59253.38308816757,53466.29614874841,645.1989106073272,880.4619181621143,7507.253694504041,1990.569414749963,3,0,1.5146262753687342e-13,0.0,4.627368683999521,0.0,True
2025-04-04,93,M1_M6,causal_load_main,A_q2_aligned,1200.0,delivery_time_actual_price,11716.365409396913,21.441325348774342,1204.3185603777852,12942.125295123473,32115.81107918171,32145.28752269886,509.913941522078,18699.703095721787,1990.569414749963,7131.332100109629,3,0,1.1368683772161603e-13,0.0,4.891446617002657,0.0,True
2025-04-05,94,M1_M6,causal_load_main,A_q2_aligned,1200.0,delivery_time_actual_price,11647.79985215735,91.75768967426947,5519.892175088599,17259.449716920222,30441.11128154271,30736.082034019746,2310.0013286811886,15071.730871749944,7131.332100109629,10658.998933320914,3,0,1.1368683772161603e-13,0.0,5.113088714999321,0.0,True
2025-04-06,95,M1_M6,causal_load_main,A_q2_aligned,1200.0,delivery_time_actual_price,33011.875210366336,1669.741150171311,2499.9027576498447,37181.5191181875,57333.23690479032,53800.37753558676,752.5514537578301,1020.42612546296,10658.998933320914,6765.463138231072,3,0,1.1368683772161603e-13,0.0,5.036195915003191,0.0,True
2025-04-07,96,M1_M6,causal_load_main,A_q2_aligned,1200.0,delivery_time_actual_price,32531.001002891287,654.0746675164207,1987.602559829741,35172.67823023745,52820.24846745383,54714.11401317784,632.7966549483328,315.427475000001,6765.463138231072,6053.415257591291,3,0,1.1368683772161603e-13,0.0,5.217433026002254,0.0,True
2025-04-08,97,M1_M6,causal_load_main,A_q2_aligned,1200.0,delivery_time_actual_price,34306.73603814341,1442.9342242527662,4083.6902380339425,39833.36050043012,62716.00445969213,57608.433247240624,989.0155786738925,996.3840369887051,6053.415257591291,6392.78794380688,3,0,1.1368683772161603e-13,0.0,4.547788537005545,0.0,True
2025-04-09,98,M1_M6,causal_load_main,A_q2_aligned,1200.0,delivery_time_actual_price,37022.92043145881,429.76870097297456,3790.428067560356,41243.11719999214,61309.30474672821,62486.67102378116,967.390148932067,692.0572541666671,6392.78794380688,6819.396873335033,3,0,1.1368683772161603e-13,0.0,5.175526637998701,0.0,True
2025-04-10,99,M1_M6,causal_load_main,A_q2_aligned,1200.0,delivery_time_actual_price,32150.644007054085,1100.2161439733934,4062.7349154490375,37313.59506647651,54202.674164973614,52865.330991378156,1079.2732537376455,399.0747472227507,6819.396873335033,2138.6466761536853,3,0,1.1368683772161603e-13,0.0,4.764106979004282,0.0,True
2025-04-11,100,M1_M6,causal_load_main,A_q2_aligned,1200.0,delivery_time_actual_price,11636.839813946997,129.28025036053333,3490.5313435235153,15256.651407831043,31032.400853658866,31430.139657213498,1304.0003033719574,19771.646458294512,2138.6466761536853,7557.018624730321,3,0,1.1368683772161603e-13,0.0,5.208513680001488,0.0,True
2025-04-12,101,M1_M6,causal_load_main,A_q2_aligned,1200.0,delivery_time_actual_price,10973.196394871464,201.9210920921629,903.2819888677975,12078.399475831426,30024.59091850232,29543.089887496917,376.71339724762527,15565.279808027095,7557.018624730321,10680.750144977086,3,0,1.1368683772161603e-13,0.0,5.110648752997804,0.0,True
2025-04-13,102,M1_M6,causal_load_main,A_q2_aligned,1200.0,delivery_time_actual_price,32017.70065494396,363.64201070869944,3389.2958170122006,35770.63848266486,53009.62420175475,52919.13113901166,915.9056524076802,167.0759632716048,10680.750144977086,7529.944532860773,3,0,1.1368683772161603e-13,0.0,5.0024061989970505,0.0,True
2025-04-14,103,M1_M6,causal_load_main,A_q2_aligned,1200.0,delivery_time_actual_price,30884.089460742158,1804.5585889920437,7777.03079879885,40465.678848533054,57800.13341724213,52341.66655339325,2216.4599189293594,1563.110047554481,7529.944532860773,5918.02894698202,3,0,1.1368683772161603e-13,0.0,4.793229544004134,0.0,True
2025-04-15,104,M1_M6,causal_load_main,A_q2_aligned,1200.0,delivery_time_actual_price,31149.19384148013,555.3193659434683,4495.366901394029,36199.88010881762,50570.585629462556,52427.80293476384,1010.9595773191519,776.867974537035,5918.02894698202,5421.430923318297,3,0,1.1368683772161603e-13,0.0,4.937495348000084,0.0,True
2025-04-16,105,M1_M6,causal_load_main,A_q2_aligned,1200.0,delivery_time_actual_price,34303.18258291836,790.4923071398695,3867.872583894896,38961.54747395313,58358.17809027956,57961.53938357939,1083.0032119191462,90.82629166666754,5421.430923318297,5825.566468501761,3,0,1.1368683772161603e-13,0.0,5.235225630996865,0.0,True
2025-04-17,106,M1_M6,causal_load_main,A_q2_aligned,1200.0,delivery_time_actual_price,31031.17595856189,782.4729848039699,5032.0192030440485,36845.66814640991,48059.86477836604,51155.63475040388,1302.2190768910718,379.3876656830175,5825.566468501761,2178.3227513271036,3,0,1.1368683772161603e-13,0.0,4.538612688003923,0.0,True
2025-04-18,107,M1_M6,causal_load_main,A_q2_aligned,1200.0,delivery_time_actual_price,9958.849199371642,57.03092126954169,3105.9422057149095,13121.82232635609,27173.25436499119,27220.392226885167,1382.3555113086832,18335.927328356243,2178.3227513271036,4061.730761689049,3,0,4.547473508864641e-13,0.0,4.984834108996438,0.0,True
2025-04-19,108,M1_M6,causal_load_main,A_q2_aligned,1200.0,delivery_time_actual_price,11774.979176756915,160.648023294746,1048.8928874737255,12984.520087525387,32061.583539824533,32593.254109782276,434.82913137750006,17069.844847646367,4061.730761689049,10609.021388969835,3,0,1.1368683772161603e-13,0.0,4.4107055439963005,0.0,True
2025-04-20,109,M1_M6,causal_load_main,A_q2_aligned,1200.0,delivery_time_actual_price,30697.200160541106,452.02577210174746,3309.2581560843455,34458.4840887272,48982.581728385645,50472.09771767845,1059.690932451247,275.20546027885064,10609.021388969835,7047.285006114583,3,0,1.1368683772161603e-13,0.0,5.677407880000828,0.0,True
2025-04-21,110,M1_M6,causal_load_main,A_q2_aligned,1200.0,delivery_time_actual_price,29882.360750412623,1068.6609270447607,4928.024344025357,35879.04602148275,55027.45524758334,50961.04083859439,1311.9028848303205,2809.473691804622,7047.285006114583,5841.849408578463,3,0,1.1368683772161603e-13,0.0,4.49126455700025,0.0,True
2025-04-22,111,M1_M6,causal_load_main,A_q2_aligned,1200.0,delivery_time_actual_price,32763.49865746447,749.7445533507921,4465.64825485663,37978.89146567189,53575.72498609239,55844.55907216038,1414.7684744480105,496.2064013888912,5841.849408578463,7662.493203291734,3,0,1.1368683772161603e-13,0.0,4.461113530000148,0.0,True
2025-04-23,112,M1_M6,causal_load_main,A_q2_aligned,1200.0,delivery_time_actual_price,30550.85871387841,1135.9224901902535,3592.675069921489,35279.45627399015,46263.022151665515,50494.43595766739,1094.4899866300511,984.8982111100265,7662.493203291734,4472.5105005635105,3,0,1.1368683772161603e-13,0.0,4.6662504249979975,0.0,True
2025-04-24,113,M1_M6,causal_load_main,A_q2_aligned,1200.0,delivery_time_actual_price,30827.805757890892,862.1259120071671,2284.2783983613867,33974.21006825945,47895.53949394269,50992.75506423111,585.0553861617356,3623.6409967204495,4472.5105005635105,2106.5402093975426,3,0,1.2789769243681803e-13,0.0,4.4596985669995775,0.0,True
2025-04-25,114,M1_M6,causal_load_main,A_q2_aligned,1200.0,delivery_time_actual_price,10391.760541644122,174.82558288019993,2066.475821743584,12633.061946267908,29547.784262357676,29106.88199072636,748.4868508929649,20949.950435927516,2106.5402093975426,6584.999908796897,3,0,1.1368683772161603e-13,0.0,4.662207151995972,0.0,True
2025-04-26,115,M1_M6,causal_load_main,A_q2_aligned,1200.0,delivery_time_actual_price,10794.801117754605,83.71624172030658,1174.9719836362428,12053.489343111156,29032.321559861583,29310.72928728679,406.0848466367222,23357.713030979703,6584.999908796897,10568.731589023537,2,0,1.1368683772161603e-13,0.0,4.666878602998622,0.0,True
2025-04-27,116,M1_M6,causal_load_main,A_q2_aligned,1200.0,delivery_time_actual_price,28752.81653745011,893.8013125065947,4779.036111501882,34425.653961458585,44621.55198739149,47482.34825079114,1251.731724946006,2161.2266938271596,10568.731589023537,5946.772363092653,3,0,1.1368683772161603e-13,0.0,5.198236842006736,0.0,True
2025-04-28,117,M1_M6,causal_load_main,A_q2_aligned,1200.0,delivery_time_actual_price,35291.6156509764,1271.2077222517312,2416.530305797455,38979.353679025575,58922.91009183857,59658.23122413044,588.8954298188396,332.76916172839435,5946.772363092653,5975.190969254485,3,0,1.1945999744966684e-13,0.0,4.953838590001396,0.0,True
2025-04-29,118,M1_M6,causal_load_main,A_q2_aligned,1200.0,delivery_time_actual_price,30397.617325638505,900.6388197389817,2728.9746817193186,34027.2308270968,49869.77275248331,51080.22232480609,652.5484849905927,1190.619743016743,5975.190969254485,6433.616345629119,3,0,1.2079226507921703e-13,0.0,4.804772913994384,0.0,True
2025-04-30,119,M1_M6,causal_load_main,A_q2_aligned,1200.0,delivery_time_actual_price,29668.293259152033,379.94040123777125,3871.2767557446778,33919.510416134486,49557.4052443895,50808.375055303055,1094.7889000241455,141.67806293301206,6433.616345629119,7473.9673157888465,3,0,2.2737367544323206e-13,0.0,4.691538423001475,0.0,True
2025-05-01,120,M1_M6,causal_load_main,A_q2_aligned,1200.0,delivery_time_actual_price,29982.154227532184,987.0551956644131,16845.995700162868,47815.20512335947,44700.32488671472,48046.918223694985,3597.0617275919562,3311.5602559797053,7473.9673157888465,1955.2859059421462,3,0,1.1368683772161603e-13,0.0,4.615556455995829,0.0,True
2025-05-02,121,M1_M6,causal_load_main,A_q2_aligned,1200.0,delivery_time_actual_price,11923.272004751247,42.53806725722308,9640.808559583304,21606.618631591773,31220.527525914542,31093.54052577648,2648.4860649165184,12802.639504401574,1955.2859059421462,6472.821626940203,3,0,1.1368683772161603e-13,0.0,4.70595509299892,0.0,True
2025-05-03,122,M1_M6,causal_load_main,A_q2_aligned,1200.0,delivery_time_actual_price,10935.994663413761,14.19063557834724,10076.779045299347,21026.964344291457,29453.286370896854,29495.798778753833,2654.7641228607226,17350.617232831555,6472.821626940203,10290.019957580045,3,0,1.1368683772161603e-13,0.0,4.826841513997351,0.0,True
2025-05-04,123,M1_M6,causal_load_main,A_q2_aligned,1200.0,delivery_time_actual_price,28615.04386370314,1098.6230388532358,19344.182576376414,49057.849478932796,50270.607794183285,46362.977108235165,4265.387647710136,100.77804190660615,10290.019957580045,6888.015153990118,3,0,2.2737367544323206e-13,0.0,4.214520497000194,0.0,True
2025-05-05,124,M1_M6,causal_load_main,A_q2_aligned,1200.0,delivery_time_actual_price,32248.666986106135,273.93197932784483,17453.360626197642,49975.959591631625,53489.73351228035,52976.63278676008,3571.645992213485,536.0137410101858,6888.015153990118,5411.174514419949,3,0,1.3500311979441904e-13,0.0,4.768833550995623,0.0,True
2025-05-06,125,M1_M6,causal_load_main,A_q2_aligned,1200.0,delivery_time_actual_price,31739.888558560666,879.7705573214786,17651.34112599602,50271.000241878166,48779.36093603101,51321.98620117204,3712.6070152178136,189.06767508803068,5411.174514419949,5146.13631528392,3,0,1.1368683772161603e-13,0.0,4.670901646000857,0.0,True
2025-05-07,126,M1_M6,causal_load_main,A_q2_aligned,1200.0,delivery_time_actual_price,35066.03586909201,772.9412764022936,15998.532469397054,51837.509614891365,55910.04367589115,59170.28107160676,3018.648813275917,353.17932323342393,5146.13631528392,9331.129304032342,3,0,2.2737367544323206e-13,0.0,4.623821772001975,0.0,True
2025-05-08,127,M1_M6,causal_load_main,A_q2_aligned,1200.0,delivery_time_actual_price,29958.12956103566,773.7143710922031,14379.096918480256,45110.94085060812,48737.89498263069,48237.59867645314,3128.0400784703816,267.04150694444445,9331.129304032342,1948.353402744744,3,0,1.2079226507921703e-13,0.0,4.644316472003993,0.0,True
2025-05-09,128,M1_M6,causal_load_main,A_q2_aligned,1200.0,delivery_time_actual_price,10562.920619980632,190.7571854121392,8893.690374895594,19647.368180288366,26787.7057130721,27325.25939356254,2851.4698172361004,17729.5299552081,1948.353402744744,3791.4334405297977,3,0,4.547473508864641e-13,0.0,5.196448324997618,0.0,True
2025-05-10,129,M1_M6,causal_load_main,A_q2_aligned,1200.0,delivery_time_actual_price,12371.16369531823,124.59500197230481,8285.693073047236,20781.45177033777,31981.982464930075,32380.133854705535,2371.6110922910016,13805.561730053774,3791.4334405297977,10169.041996565673,3,0,1.1368683772161603e-13,0.0,4.348763148998842,0.0,True
2025-05-11,130,M1_M6,causal_load_main,A_q2_aligned,1200.0,delivery_time_actual_price,30399.071497453642,622.7319714870529,15936.15960428867,46957.963073229366,50217.54569980908,49932.32306673101,3504.709012005226,5.818513888888901,10169.041996565673,6159.820512162768,3,0,2.2737367544323206e-13,0.0,4.774772547003522,0.0,True
2025-05-12,131,M1_M6,causal_load_main,A_q2_aligned,1200.0,delivery_time_actual_price,31667.728383199392,1624.056587732413,12377.330942190727,45669.11591312253,46394.121807876734,51701.43775980236,2542.9357508414523,994.2729550925939,6159.820512162768,4953.0803810378075,3,0,1.1368683772161603e-13,0.0,4.871279420993233,0.0,True
2025-05-13,132,M1_M6,causal_load_main,A_q2_aligned,1200.0,delivery_time_actual_price,32738.877653768093,1286.6559294492638,10594.955886489335,44620.48946970669,57943.40004940188,55944.23733988304,1924.434786261217,370.17139722222515,4953.0803810378075,6513.5159815288025,3,0,1.1368683772161603e-13,0.0,4.637435615994036,0.0,True
2025-05-14,133,M1_M6,causal_load_main,A_q2_aligned,1200.0,delivery_time_actual_price,32550.67106269319,1310.0530498537253,12880.88922348778,46741.613336034694,55512.676134827896,55249.39342121691,2756.184437493549,702.5736829028808,6513.5159815288025,8013.335050180011,3,0,1.1368683772161603e-13,0.0,5.553989471998648,0.0,True
2025-05-15,134,M1_M6,causal_load_main,A_q2_aligned,1200.0,delivery_time_actual_price,30386.52641983635,1038.2434403533234,7518.875699976124,38943.6455601658,47064.94502851557,47732.4124442387,1959.6023517386411,336.8704180555582,8013.335050180011,2007.2092659186012,3,0,1.1368683772161603e-13,0.0,4.766660362998664,0.0,True
2025-05-16,135,M1_M6,causal_load_main,A_q2_aligned,1200.0,delivery_time_actual_price,9492.414226568577,249.18535378260634,6568.719620688373,16310.319201039556,25501.44185051985,25081.88143435381,2020.452679375536,21900.923491627855,2007.2092659186012,2570.2138422965436,3,0,1.1368683772161603e-13,0.0,4.645489582995651,0.0,True
2025-05-17,136,M1_M6,causal_load_main,A_q2_aligned,1200.0,delivery_time_actual_price,12599.523897111172,64.04133398368316,7781.631498703786,20445.19672979864,33104.81244777623,33113.73714522518,2353.347443380272,15245.311384220446,2570.2138422965436,10294.66292258958,3,0,1.1368683772161603e-13,0.0,4.40542853900115,0.0,True
2025-05-18,137,M1_M6,causal_load_main,A_q2_aligned,1200.0,delivery_time_actual_price,29139.898143216134,817.3007180662805,7643.770957601161,37600.969818883575,49774.13734533749,47093.33085300603,1880.4660755563611,928.92291851852,10294.66292258958,2665.990161278053,3,0,1.1368683772161603e-13,0.0,4.914189000999613,0.0,True
2025-05-19,138,M1_M6,causal_load_main,A_q2_aligned,1200.0,delivery_time_actual_price,32725.0553215809,306.30157111153346,7142.687767960036,40174.04466065247,54286.66476432272,55067.10268465978,1223.2817793462295,3633.1943673575606,2665.990161278053,5232.102416998988,3,0,1.1368683772161603e-13,0.0,5.1301111809953,0.0,True
2025-05-20,139,M1_M6,causal_load_main,A_q2_aligned,1200.0,delivery_time_actual_price,31983.21788387865,1167.4195844342396,9693.903435898937,42844.54090421183,49160.550221671816,53359.209365085626,1852.735413577516,174.69497092269123,5232.102416998988,3226.9373820543124,3,0,2.2737367544323206e-13,0.0,4.600203403002524,0.0,True
2025-05-21,140,M1_M6,causal_load_main,A_q2_aligned,1200.0,delivery_time_actual_price,34028.801957136435,1424.1748062741908,8112.6405530419415,43565.61731645257,50942.14427614479,55957.62236350501,1640.8146238550207,1193.0987657407406,3226.9373820543124,5562.804119021331,3,0,1.1368683772161603e-13,0.0,5.14579577800032,0.0,True
2025-05-22,141,M1_M6,causal_load_main,A_q2_aligned,1200.0,delivery_time_actual_price,30324.784470077204,242.10983292832697,4966.131767287328,35533.02607029286,47065.7928582999,48086.34085538171,1122.2449946922693,651.9186214911751,5562.804119021331,1344.1085808131793,3,0,1.6342482922482304e-13,0.0,4.965796678996412,0.0,True
2025-05-23,142,M1_M6,causal_load_main,A_q2_aligned,1200.0,delivery_time_actual_price,10535.149995242931,234.40782613839505,2839.059532783466,13608.617354164793,26187.45732697458,26959.945233284183,939.0252449594146,17989.718715238963,1344.1085808131793,2665.140444857211,3,0,1.1368683772161603e-13,0.0,4.296495477996359,0.0,True
2025-05-24,143,M1_M6,causal_load_main,A_q2_aligned,1200.0,delivery_time_actual_price,12828.9456208757,92.85108427268152,2734.2519249152297,15656.048630063613,33795.84639398751,33588.81677697995,893.0974464425631,20499.672687713475,2665.140444857211,10577.291534950828,3,0,1.1368683772161603e-13,0.0,4.7586897109940764,0.0,True
2025-05-25,144,M1_M6,causal_load_main,A_q2_aligned,1200.0,delivery_time_actual_price,28515.494936218194,370.398619719054,6233.008429246403,35118.90198518365,44226.87833864402,44670.40976248753,1339.098975719796,3108.8317453703635,10577.291534950828,3007.9305621597427,3,0,1.1368683772161603e-13,0.0,4.675028057004965,0.0,True
2025-05-26,145,M1_M6,causal_load_main,A_q2_aligned,1200.0,delivery_time_actual_price,35177.45742735223,2241.042358553901,5328.549263820562,42747.049049726695,50279.03740515643,58038.99194775644,1290.9588138815102,1031.2106569444466,3007.9305621597427,3278.2961219887575,3,0,1.1368683772161603e-13,0.0,4.764768434004509,0.0,True
2025-05-27,146,M1_M6,causal_load_main,A_q2_aligned,1200.0,delivery_time_actual_price,31590.93528662141,805.9225680630384,6680.563266999609,39077.421121684056,48790.94712160982,52133.854564645095,1459.4478997312162,803.211995833332,3278.2961219887575,3496.8169292292637,3,0,1.1368683772161603e-13,0.0,5.062674214997969,0.0,True
2025-05-28,147,M1_M6,causal_load_main,A_q2_aligned,1200.0,delivery_time_actual_price,33737.76217594325,484.4910435968537,3678.804898920645,37901.05811846074,54705.52312609301,55570.7143323691,917.9088058338319,1668.5379383809095,3496.8169292292637,3545.7263147799968,3,0,1.1368683772161603e-13,0.0,4.866777839000861,0.0,True
2025-05-29,148,M1_M6,causal_load_main,A_q2_aligned,1200.0,delivery_time_actual_price,33533.79671866487,874.6089151644289,6278.40607403359,40686.81170786289,51542.59558285632,54684.98727681882,1463.920469574588,967.4724667559617,3545.7263147799968,1514.1662918955444,3,0,1.5987211554602254e-13,0.0,5.487271630001487,0.0,True
2025-05-30,149,M1_M6,causal_load_main,A_q2_aligned,1200.0,delivery_time_actual_price,11280.918337026324,125.32570858762458,1858.0096731976264,13264.253718811575,27859.594103438398,28213.228161346644,731.8167560146655,18117.01200690563,1514.1662918955444,3696.7354243857562,3,0,1.1368683772161603e-13,0.0,4.966727760001959,0.0,True
2025-05-31,150,M1_M6,causal_load_main,A_q2_aligned,1200.0,delivery_time_actual_price,12675.530127940096,300.4061385857126,887.8673910951205,13863.803657620927,35165.22748639773,34105.80470261129,489.9969059599539,16621.312045730327,3696.7354243857562,10600.82724432344,2,0,1.1368683772161603e-13,0.0,4.260052467005153,0.0,True
2025-06-01,151,M1_M6,causal_load_main,A_q2_aligned,1200.0,delivery_time_actual_price,40581.56187868801,1386.716625396382,34378.227222872665,76346.50572695705,62822.62499248109,59569.57717922201,7873.284156995885,6.45521265316029,10600.82724432344,3034.536860722821,3,0,1.1368683772161603e-13,0.0,5.455297034000978,0.0,True
2025-06-02,152,M1_M6,causal_load_main,A_q2_aligned,1200.0,delivery_time_actual_price,41176.957518380266,2793.186787527982,34279.019752785985,78249.16405869424,71609.49108245202,62589.74191697994,8161.909877149342,0.0,3034.536860722821,2900.8524939193685,3,0,1.1368683772161603e-13,0.0,4.742395510998904,0.0,True
2025-06-03,153,M1_M6,causal_load_main,A_q2_aligned,1200.0,delivery_time_actual_price,43466.91753358189,537.6385891130931,29626.285383229162,73630.84150592414,67393.81665862809,67854.1830687067,6675.77527679484,138.05738333333352,2900.8524939193685,4190.512158857843,3,0,2.2737367544323206e-13,0.0,4.695718037997722,0.0,True
2025-06-04,154,M1_M6,causal_load_main,A_q2_aligned,1200.0,delivery_time_actual_price,42476.963371375416,3419.83161913364,27285.01947881382,73181.81446932287,74502.45583869165,63963.025099173516,6350.838907627645,176.14436666666666,4190.512158857843,2360.8318513100326,3,0,1.1368683772161603e-13,0.0,5.335031713999342,0.0,True
2025-06-05,155,M1_M6,causal_load_main,A_q2_aligned,1200.0,delivery_time_actual_price,42379.5707996834,1062.2860748819783,36420.45195199546,79862.30882656084,62487.214785910815,64106.20065608605,8729.491434254633,270.48781666666696,2360.8318513100326,1200.0,3,0,1.1368683772161603e-13,0.0,4.8049854040000355,0.0,True
2025-06-06,156,M1_M6,causal_load_main,A_q2_aligned,1200.0,delivery_time_actual_price,13811.789462229171,192.63394713092765,29348.81179371559,43353.23520307569,28985.843790229897,29814.20644606798,8848.839920140275,5950.631009992496,1200.0,1200.00000003486,3,0,1.1368683772161603e-13,0.0,5.031721302002552,0.0,True
2025-06-07,157,M1_M6,causal_load_main,A_q2_aligned,1200.0,delivery_time_actual_price,17656.396319414616,972.9512311919316,22980.896236828776,41610.24378743533,39981.194367690565,40056.07034413343,6400.360016380182,4699.126949266929,1200.00000003486,9630.245009098637,3,0,2.2737367544323206e-13,0.0,4.354069536995667,0.0,True
2025-06-08,158,M1_M6,causal_load_main,A_q2_aligned,1200.0,delivery_time_actual_price,36954.15883428557,1437.492206787519,24540.01125526397,62931.66229633705,55426.012787373125,54013.673127590606,5888.092730257768,547.2300853159448,9630.245009098637,1200.0,3,0,2.2737367544323206e-13,0.0,4.707263409996813,0.0,True
2025-06-09,159,M1_M6,causal_load_main,A_q2_aligned,1200.0,delivery_time_actual_price,46519.37674553447,1746.7454138405624,24385.22284906765,72651.34500844269,75324.1148621447,70523.17640082221,5460.84742007004,55.529474999999415,1200.0,3686.2921229725957,3,0,3.410605131648481e-12,0.0,4.926742407005804,0.0,True
2025-06-10,160,M1_M6,causal_load_main,A_q2_aligned,1200.0,delivery_time_actual_price,45542.11409998227,1004.1271705490958,21418.640246703802,67964.88151723516,66335.6424497523,68437.38442372878,5182.877237372846,227.46591574074077,3686.2921229725957,2817.5949410142034,3,0,2.2737367544323206e-13,0.0,4.561203318997286,0.0,True
2025-06-11,161,M1_M6,causal_load_main,A_q2_aligned,1200.0,delivery_time_actual_price,48788.966885513735,857.3595940229935,23951.370990505326,73597.69747004205,70264.02750694589,72220.55797429052,5506.552586755339,0.043333333333333335,2817.5949410142034,1200.000000050287,3,0,1.7053025658242404e-13,0.0,4.9488901590011665,0.0,True
2025-06-12,162,M1_M6,causal_load_main,A_q2_aligned,1200.0,delivery_time_actual_price,46081.0834903552,80.4416621437812,25509.573788394155,71671.09894089313,69548.14890125403,69437.88625770346,5815.942920175892,86.02803225308509,1200.000000050287,1200.0,3,0,4.2010924516944215e-08,0.0,5.023843221999414,0.0,True
2025-06-13,163,M1_M6,causal_load_main,A_q2_aligned,1200.0,delivery_time_actual_price,13722.075730203906,306.62631498496336,19029.294434622097,33057.996479810965,29226.44594862054,30695.46247968908,5420.862193085852,6085.417163684839,1200.0,1200.0,3,0,3.410605131648481e-13,0.0,4.544166842002596,0.0,True
2025-06-14,164,M1_M6,causal_load_main,A_q2_aligned,1200.0,delivery_time_actual_price,17522.484526402663,277.54745399421694,20331.463499605637,38131.495480002515,38508.591186489444,38111.26570465752,5870.0953009968,7689.9943858944525,1200.0,9062.578650894566,3,0,1.1368683772161603e-13,0.0,4.329890211003658,0.0,True
2025-06-15,165,M1_M6,causal_load_main,A_q2_aligned,1200.0,delivery_time_actual_price,43117.99220787284,1482.8592334875034,12570.020608646777,57170.87205000712,58229.59759640397,62988.14732165095,2829.2299328635113,0.0,9062.578650894566,1200.0,3,0,9.011489510157844e-08,0.0,4.63960825799586,0.0,True
2025-06-16,166,M1_M6,causal_load_main,A_q2_aligned,1200.0,delivery_time_actual_price,48120.211186830114,702.0296559311398,19413.24789015114,68235.48873291239,69982.44833377589,72233.0063280713,4488.796902493434,118.6457276680664,1200.0,1979.5156728752168,3,0,2.2737367544323206e-13,0.0,4.37460859100247,0.0,True
2025-06-17,167,M1_M6,causal_load_main,A_q2_aligned,1200.0,delivery_time_actual_price,49601.48598246885,1226.5062773687816,15912.213272859266,66740.2055326969,72052.08958674586,74647.08097842801,3499.123344019945,0.5153833333333333,1979.5156728752168,2533.487799046474,3,0,2.2737367544323206e-13,0.0,4.726328723998449,0.0,True
2025-06-18,168,M1_M6,causal_load_main,A_q2_aligned,1200.0,delivery_time_actual_price,47266.71853540626,1536.0216673924833,13695.135469136056,62497.875671934795,70457.73236516048,71079.3975675656,3086.2928683527307,102.79385000000003,2533.487799046474,1200.000000048201,3,0,1.1368683772161603e-13,0.0,4.375331433999236,0.0,True
2025-06-19,169,M1_M6,causal_load_main,A_q2_aligned,1200.0,delivery_time_actual_price,44620.720762522076,2575.4860802768326,17156.563812383458,64352.77065518237,68074.86217245067,67992.87513795786,4257.85744180675,369.82601111110955,1200.000000048201,1617.3618565824238,3,0,1.1368683772161603e-13,0.0,5.0730378619991825,0.0,True
2025-06-20,170,M1_M6,causal_load_main,A_q2_aligned,1200.0,delivery_time_actual_price,13726.821774294785,205.31566412996423,9244.163448835432,23176.300887260182,29972.55726258488,29437.572891082247,2828.145227994264,8519.53268375745,1617.3618565824238,1200.0,3,0,1.1368683772161603e-13,0.0,5.074993076996179,0.0,True
2025-06-21,171,M1_M6,causal_load_main,A_q2_aligned,1200.0,delivery_time_actual_price,17180.186938406456,33.147808760113875,4563.641491492906,21776.976238659474,38586.7155132801,38800.35952316501,1361.4638399501114,11129.65281817106,1200.0,8818.314390465534,3,0,1.1368683772161603e-13,0.0,4.781933870995999,0.0,True
2025-06-22,172,M1_M6,causal_load_main,A_q2_aligned,1200.0,delivery_time_actual_price,41919.69078292745,1492.2489043629516,7163.458951750201,50575.3986390406,59874.28996796216,61075.23465496099,1898.6464349591688,84.0148861111111,8818.314390465534,1756.9977630301453,3,0,1.7053025658242404e-12,0.0,4.242553168995073,0.0,True
2025-06-23,173,M1_M6,causal_load_main,A_q2_aligned,1200.0,delivery_time_actual_price,45860.14227316236,329.14474846913186,8422.61510511689,54611.902126748384,68079.10967491251,69254.17507385614,1963.868919870662,463.58825510582415,1756.9977630301453,1813.804278773385,3,0,2.2737367544323206e-13,0.0,4.743054293998284,0.0,True
2025-06-24,174,M1_M6,causal_load_main,A_q2_aligned,1200.0,delivery_time_actual_price,52767.08448516885,906.8011202361148,7702.5641851881865,61376.44979059316,79027.6416628726,77203.25445476055,1882.1854977610076,43.590499999999956,1813.804278773385,1211.8441734856467,3,0,2.2737367544323206e-13,0.0,4.372123622997606,0.0,True
2025-06-25,175,M1_M6,causal_load_main,A_q2_aligned,1200.0,delivery_time_actual_price,48215.575916673915,1240.2594922922872,5954.069671400963,55409.90508036716,70488.82715514637,73534.76004276259,1425.8726351808716,0.8020333333333333,1211.8441734856467,1205.926635484773,3,0,2.2737367544323206e-13,0.0,4.213645252995775,0.0,True
2025-06-26,176,M1_M6,causal_load_main,A_q2_aligned,1200.0,delivery_time_actual_price,45594.95517349811,1047.9466752744142,6590.089633791379,53232.991482563906,67135.66335264056,70559.85494940168,1643.9081683791558,174.8108885456829,1205.926635484773,1200.0,3,0,2.2737367544323206e-13,0.0,4.705929011004628,0.0,True
2025-06-27,177,M1_M6,causal_load_main,A_q2_aligned,1200.0,delivery_time_actual_price,14413.883060459002,428.66915376085944,4317.0032884919965,19159.555502711857,32889.07161492938,31513.800876085334,1407.164046743805,11058.43001173456,1200.0,1330.2840277205596,3,0,2.2737367544323206e-13,0.0,4.872582305004471,0.0,True
2025-06-28,178,M1_M6,causal_load_main,A_q2_aligned,1200.0,delivery_time_actual_price,18724.943571444852,217.91238412540696,1869.9080081404402,20812.7639637107,41374.056993930666,41352.29927324263,649.73344955743,8542.071316699676,1330.2840277205596,10453.79471604495,3,0,2.2737367544323206e-13,0.0,4.13924848199531,0.0,True
2025-06-29,179,M1_M6,causal_load_main,A_q2_aligned,1200.0,delivery_time_actual_price,43854.78157994126,1822.5801354238315,5348.5769601559805,51025.938675521065,58296.60127889048,62736.32101644507,1463.8025874544603,57.949150000000145,10453.79471604495,1784.642665547074,3,0,1.595026333234273e-10,0.0,4.902354545003618,0.0,True
2025-06-30,180,M1_M6,causal_load_main,A_q2_aligned,1200.0,delivery_time_actual_price,48225.110113008355,200.4244250959501,2385.6586387203024,50811.193176824614,72813.05899785878,73031.97835526773,559.5358088158703,97.35411666666664,1784.642665547074,1383.9331316766463,3,0,2.2737367544323206e-13,0.0,4.658351265999954,0.0,True
2025-07-01,181,M1_M6,causal_load_main,A_q2_aligned,1200.0,delivery_time_actual_price,48247.593318301784,1420.4247960003822,56139.15337350839,105807.17148781056,63511.58706826926,67302.71299681494,13677.35992797974,0.0,1383.9331316766463,1200.0,3,0,2.2737367544323206e-13,0.0,4.66056852699694,0.0,True
2025-07-02,182,M1_M6,causal_load_main,A_q2_aligned,1200.0,delivery_time_actual_price,46312.24799074062,579.4327625097209,50655.86936773815,97547.55012098851,60491.82979440402,62607.10219230113,12326.352258930234,0.0,1200.0,1200.0,3,0,1.6342482922482304e-13,0.0,4.718370631999278,0.0,True
2025-07-03,183,M1_M6,causal_load_main,A_q2_aligned,1200.0,delivery_time_actual_price,50616.625200395225,1081.116062065776,53102.82264213701,104800.563904598,68130.96656262493,69537.6075031953,12455.640664916975,0.0,1200.0,1200.0,3,0,3.817717697529588e-08,0.0,5.404963895001856,0.0,True
2025-07-04,184,M1_M6,causal_load_main,A_q2_aligned,1200.0,delivery_time_actual_price,17405.08723582293,18.431171505599902,39653.703735119,57077.222142447536,32578.21829733174,32625.424713416636,10857.20060726482,12289.459216627854,1200.0,1878.1670459276486,3,0,1.1368683772161603e-13,0.0,5.463647827004024,0.0,True
2025-07-05,185,M1_M6,causal_load_main,A_q2_aligned,1200.0,delivery_time_actual_price,20361.819584514164,33.634163842386045,39621.17815433699,60016.63190269354,40125.39102261849,40182.55651333142,11213.871650966807,13899.995312461186,1878.1670459276486,8598.354366200016,3,0,1.1368683772161603e-13,0.0,5.197994298003323,0.0,True
2025-07-06,186,M1_M6,causal_load_main,A_q2_aligned,1200.0,delivery_time_actual_price,47876.94702798508,2755.801052173404,51475.59839607255,102108.34647623103,54394.32756184469,62649.695962521175,12216.229040123695,0.0,8598.354366200016,1200.0,3,0,2.2737367544323206e-13,0.0,4.895446672999242,0.0,True
2025-07-07,187,M1_M6,causal_load_main,A_q2_aligned,1200.0,delivery_time_actual_price,47767.18017338347,326.58987937284525,45007.36404514384,93101.13409790015,65525.69938625881,65683.52430773678,11378.49465152984,0.0,1200.0,2728.184262266338,3,0,2.2737367544323206e-13,0.0,4.990253289004613,0.0,True
2025-07-08,188,M1_M6,causal_load_main,A_q2_aligned,1200.0,delivery_time_actual_price,49734.548095253085,1636.4193727149955,37933.388224902614,89304.35569287068,68408.76465111293,67140.53759434109,9192.481524191853,0.0,2728.184262266338,1200.0,3,0,5.6038629736576695e-08,0.0,4.593377541998052,0.0,True
2025-07-09,189,M1_M6,causal_load_main,A_q2_aligned,1200.0,delivery_time_actual_price,49098.84868856214,1195.5859958184426,35400.79029374661,85695.2249781272,70717.40662573511,68054.202916615,8297.402742948092,0.0,1200.0,1479.1138685131064,3,0,2.2737367544323206e-13,0.0,4.958819032995962,0.0,True
2025-07-10,190,M1_M6,causal_load_main,A_q2_aligned,1200.0,delivery_time_actual_price,48111.46335805132,556.8881438192709,39915.84052584482,88584.19202771541,62832.92072008938,64778.577227568036,9952.168250758918,0.0,1479.1138685131064,1200.0,3,0,3.575178197934292e-08,0.0,4.896812525999849,0.0,True
2025-07-11,191,M1_M6,causal_load_main,A_q2_aligned,1200.0,delivery_time_actual_price,19496.073879206844,372.96518088225366,26931.008472391077,46800.047532480174,36984.712078481425,35963.00774497972,7860.035059168233,8396.809109927191,1200.0,2354.2558922337234,3,0,1.1368683772161603e-13,0.0,5.481286949994683,0.0,True
2025-07-12,192,M1_M6,causal_load_main,A_q2_aligned,1200.0,delivery_time_actual_price,22984.94680225989,411.5570278608982,23094.868132571508,46491.3719626923,42529.19928335753,44085.14137712353,6241.567538669169,9684.186783333333,2354.2558922337234,9653.902810366655,3,0,1.1368683772161603e-13,0.0,4.683225420994859,0.0,True
2025-07-13,193,M1_M6,causal_load_main,A_q2_aligned,1200.0,delivery_time_actual_price,41017.14900606445,2239.754114821984,37014.92300400796,80271.82612489439,59877.759860953076,54700.6628690427,8465.838532837295,333.7889024573767,9653.902810366655,1200.0,3,0,1.4210854715202004e-13,0.0,4.772000386998116,0.0,True
2025-07-14,194,M1_M6,causal_load_main,A_q2_aligned,1200.0,delivery_time_actual_price,47691.18783785838,874.551900428924,37662.51504826929,86228.25478655659,66859.35953948268,66427.62246512173,8913.622504905796,0.0,1200.0,2623.3457567068817,3,0,2.2737367544323206e-13,0.0,4.585480920999544,0.0,True
2025-07-15,195,M1_M6,causal_load_main,A_q2_aligned,1200.0,delivery_time_actual_price,49645.24163663527,912.4527149345462,25006.825162850946,75564.51951442077,70766.79367345155,68152.67960312654,5700.362811337131,0.0,2623.3457567068817,1675.4039112390965,3,0,2.2737367544323206e-13,0.0,5.202749817995937,0.0,True
2025-07-16,196,M1_M6,causal_load_main,A_q2_aligned,1200.0,delivery_time_actual_price,50870.90973523346,423.24610649664623,21958.64567080044,73252.80151253055,67385.49450192042,68588.94782369674,5092.105309788796,0.0,1675.4039112390965,1200.0,3,0,2.2737367544323206e-13,0.0,4.896743125995272,0.0,True
2025-07-17,197,M1_M6,causal_load_main,A_q2_aligned,1200.0,delivery_time_actual_price,50697.911717430776,1023.8715305105436,23568.269025339905,75290.05227328122,66149.13612202142,68745.53999922425,6171.706606986531,0.0,1200.0,1201.708815574194,3,0,2.2737367544323206e-13,0.0,5.431266647996381,0.0,True
2025-07-18,198,M1_M6,causal_load_main,A_q2_aligned,1200.0,delivery_time_actual_price,19227.208345926138,543.9540152963078,16779.37261703803,36550.534978260475,37425.613859645084,35902.894733211644,4968.933285679014,8087.540436295128,1201.708815574194,1204.9208555098135,3,0,2.2737367544323206e-13,0.0,5.431550225999672,0.0,True
2025-07-19,199,M1_M6,causal_load_main,A_q2_aligned,1200.0,delivery_time_actual_price,23531.45646541157,506.3240378833047,16482.10271317701,40519.88321647189,46560.49948185535,45133.56835133375,4427.3465751530675,12199.892497183406,1204.9208555098135,9317.614415293205,3,0,1.1368683772161603e-13,0.0,4.431357729998126,0.0,True
2025-07-20,200,M1_M6,causal_load_main,A_q2_aligned,1200.0,delivery_time_actual_price,46169.7706358369,1090.086343459901,19364.24239318346,66624.09937248027,64225.150731791466,62402.730801037906,4603.237018718274,56.98836666666699,9317.614415293205,1802.9744493456556,3,0,2.2737367544323206e-13,0.0,4.628500824001094,0.0,True
2025-07-21,201,M1_M6,causal_load_main,A_q2_aligned,1200.0,delivery_time_actual_price,52882.44178283859,939.7079562418317,18038.282569385905,71860.43230846632,71735.91298684153,71461.8835984122,4402.29854744174,162.48129993290817,1802.9744493456556,1200.0,3,0,2.2737367544323206e-13,0.0,4.744574879005086,0.0,True
2025-07-22,202,M1_M6,causal_load_main,A_q2_aligned,1200.0,delivery_time_actual_price,54958.81757864356,1100.5594935778136,10247.752450706095,66307.12952292745,72054.92293043104,75996.75989174517,2516.3927026765787,76.04755000000023,1200.0,1204.1410024112558,3,0,3.886509603034938e-08,0.0,4.89205081199907,0.0,True
2025-07-23,203,M1_M6,causal_load_main,A_q2_aligned,1200.0,delivery_time_actual_price,53202.44665632871,3018.8115149352852,14590.600917596947,70811.85908886095,81778.94923238072,72942.75491606987,3821.988250769181,0.0,1204.1410024112558,1200.0,3,0,3.474497134448029e-08,0.0,4.233860961001483,0.0,True
2025-07-24,204,M1_M6,causal_load_main,A_q2_aligned,1200.0,delivery_time_actual_price,54838.177555186616,2355.4230507770053,6834.964527264877,64028.5651332285,81062.77396881551,74302.74562268177,1727.4096881133855,0.0,1200.0,1226.929888090184,3,0,4.547473508864641e-13,0.0,5.498786379001103,0.0,True
2025-07-25,205,M1_M6,causal_load_main,A_q2_aligned,1200.0,delivery_time_actual_price,20611.805310841188,163.3853946454835,6258.523159188496,27033.713864675163,37557.743420842045,37429.393618000075,1918.593567730241,11271.512947183412,1226.929888090184,1200.0,3,0,1.1368683772161603e-13,0.0,5.532855023004231,0.0,True
2025-07-26,206,M1_M6,causal_load_main,A_q2_aligned,1200.0,delivery_time_actual_price,24418.24212790325,158.07317570145503,7050.6661161354405,31626.98141974015,45309.464217600325,45660.684708862376,2013.5562784607775,9987.195676967358,1200.0,8173.191110262566,3,0,1.1368683772161603e-13,0.0,4.621048633001919,0.0,True
2025-07-27,207,M1_M6,causal_load_main,A_q2_aligned,1200.0,delivery_time_actual_price,50626.63857512042,1650.1391110793188,10541.30888824102,62818.086574440764,68120.13196463895,68516.87475910221,2726.7722256399484,479.52901274348966,8173.191110262566,2542.7915719639973,3,0,9.492509889241774e-08,0.0,5.2124073739978485,0.0,True
2025-07-28,208,M1_M6,causal_load_main,A_q2_aligned,1200.0,delivery_time_actual_price,56300.911913010335,567.7792137473859,12002.102089240074,68870.7932159978,76220.80796793154,77376.8606289,3153.3186902516445,153.54574156984384,2542.7915719639973,1998.8717216943453,3,0,2.2737367544323206e-13,0.0,5.221269695997762,0.0,True
2025-07-29,209,M1_M6,causal_load_main,A_q2_aligned,1200.0,delivery_time_actual_price,59868.38251060105,1981.498393321533,2979.3132093750373,64829.19411329761,76219.12421426742,82280.04207529558,615.2159241046265,96.88240555555575,1998.8717216943453,1718.5818473414354,3,0,7.341839136643102e-08,0.0,4.922336916002678,0.0,True
2025-07-30,210,M1_M6,causal_load_main,A_q2_aligned,1200.0,delivery_time_actual_price,59207.95774438947,3383.617637503498,2597.0035178019307,65188.57889969489,70316.5251988452,80325.19725580416,630.6862921696853,1134.2067791666705,1718.5818473414354,2797.1018216540297,3,0,2.2737367544323206e-13,0.0,5.1451452749970485,0.0,True
2025-07-31,211,M1_M6,causal_load_main,A_q2_aligned,1200.0,delivery_time_actual_price,56504.91595441952,1743.9157490013033,3038.0032534405527,61286.83495686137,72719.48371873691,77619.20803969078,697.0499629114493,559.5940874180649,2797.1018216540297,1859.6421560598121,3,0,1.1368683772161603e-13,0.0,5.1047142109964625,0.0,True
2025-08-01,212,M1_M6,causal_load_main,A_q2_aligned,1200.0,delivery_time_actual_price,21443.84403605732,368.5689475093992,2954.9074980583687,24767.320481625084,39650.11857898733,38579.80085327822,879.5979313258931,15940.619412904081,1859.6421560598121,1996.0651793289146,2,0,2.2737367544323206e-13,0.0,5.269600366002123,0.0,True
2025-08-02,213,M1_M6,causal_load_main,A_q2_aligned,1200.0,delivery_time_actual_price,25735.6991854918,265.19386331371754,3885.5123033440736,29886.40535214959,49692.41555687903,48872.822460581214,1326.477824204972,16844.63510366489,1996.0651793289146,9935.337683367317,3,0,2.2737367544323206e-13,0.0,4.733480525996129,0.0,True
2025-08-03,214,M1_M6,causal_load_main,A_q2_aligned,1200.0,delivery_time_actual_price,43193.21944803956,87.31064731969091,5893.569784596679,49174.09987995593,55991.52786533366,56345.41565416773,1388.6063002204928,727.4118121198834,9935.337683367317,1370.790705747383,3,0,7.879077656980371e-08,0.0,4.367111086001387,0.0,True
2025-08-04,215,M1_M6,causal_load_main,A_q2_aligned,1200.0,delivery_time_actual_price,50367.33110350626,1680.0878765732843,7247.43983035251,59294.85881043205,69084.71243736504,69247.71552643864,1581.1746246894895,1477.8784739197536,1370.790705747383,1835.2198350048677,3,0,1.7053025658242404e-13,0.0,5.200484963002964,0.0,True
2025-08-05,216,M1_M6,causal_load_main,A_q2_aligned,1200.0,delivery_time_actual_price,50793.1532081273,585.0349853509304,1058.6132186066034,52436.80141208484,66982.16109158588,69587.28452231875,259.1898415976619,1452.5148111111084,1835.2198350048677,1646.521176057793,3,0,1.1368683772161603e-13,0.0,4.59877905400208,0.0,True
2025-08-06,217,M1_M6,causal_load_main,A_q2_aligned,1200.0,delivery_time_actual_price,54882.8549387532,923.5196039882143,1521.6781935530344,57328.05273629444,75458.18156130423,73507.65738560418,321.9800962308443,763.6985033950638,1646.521176057793,2455.4152069188294,3,0,1.7053025658242404e-13,0.0,4.678275897997082,0.0,True
2025-08-07,218,M1_M6,causal_load_main,A_q2_aligned,1200.0,delivery_time_actual_price,50020.22265990235,2323.620109624512,2384.2285118293803,54728.07128135624,75489.32681379325,68131.13944795504,580.1428384673402,2390.6111395653297,2455.4152069188294,1733.7080052738138,3,0,3.806030690611806e-08,0.0,5.160209068999393,0.0,True
2025-08-08,219,M1_M6,causal_load_main,A_q2_aligned,1200.0,delivery_time_actual_price,21124.015060992275,48.43364529135778,1307.5063262469544,22479.95503253059,39081.72200849808,39020.06368347497,326.9422469307967,20632.739720794518,1733.7080052738138,1940.8903952548415,3,0,4.611763415596215e-08,0.0,5.249601775998599,0.0,True
2025-08-09,220,M1_M6,causal_load_main,A_q2_aligned,1200.0,delivery_time_actual_price,24901.938911449754,12.814244628126556,697.846697781898,25612.599853859778,46649.04763924339,46646.818259071224,174.45908995844906,17668.202870794517,1940.8903952548415,8719.203269645619,3,0,1.1368683772161603e-13,0.0,4.345274819002952,0.0,True
2025-08-10,221,M1_M6,causal_load_main,A_q2_aligned,1200.0,delivery_time_actual_price,47189.86967886514,996.4136843964757,3010.230412768903,51196.51377603053,63503.5164375191,61415.161893371966,914.6642232225387,130.41025972222178,8719.203269645619,2445.984208796499,3,0,1.1368683772161603e-13,0.0,5.346582011996361,0.0,True
2025-08-11,222,M1_M6,causal_load_main,A_q2_aligned,1200.0,delivery_time_actual_price,49968.85629880134,749.208648666617,2538.842261687504,53256.907209155455,67532.44851250127,69407.00981219293,463.8413788515726,2563.5961799382667,2445.984208796499,1605.8168004979789,3,0,1.1368683772161603e-13,0.0,4.680567901996255,0.0,True
2025-08-12,223,M1_M6,causal_load_main,A_q2_aligned,1200.0,delivery_time_actual_price,52607.723464865616,1154.9081178534984,2793.451822678384,56556.083405397505,74417.60393253838,72122.64536547747,664.2235279108519,1161.272525000001,1605.8168004979789,1519.6012779865632,3,0,1.1368683772161603e-13,0.0,4.9482614579974324,0.0,True
2025-08-13,224,M1_M6,causal_load_main,A_q2_aligned,1200.0,delivery_time_actual_price,50990.76249068359,1019.2005878986647,3711.7238289242177,55721.68690750647,67809.82291237266,71013.3055079511,901.3117171135605,981.0359617283934,1519.6012779865632,2624.531425013642,3,0,4.547473508864641e-13,0.0,4.768524743994931,0.0,True
2025-08-14,225,M1_M6,causal_load_main,A_q2_aligned,1200.0,delivery_time_actual_price,51604.6402066191,958.4142047294163,2126.064744940948,54689.11915628947,67277.83890159664,70820.72088111934,406.8590939903336,1714.0396142240747,2624.531425013642,1616.4547295023638,3,0,1.6342482922482304e-13,0.0,5.030186691998097,0.0,True
2025-08-15,226,M1_M6,causal_load_main,A_q2_aligned,1200.0,delivery_time_actual_price,21190.91263039458,462.17261242012495,2257.0407923278613,23910.12603514257,40399.69658285081,39312.41512860708,855.3621694857882,19922.91577496118,1616.4547295023638,2133.2903457273474,3,0,2.2737367544323206e-13,0.0,5.430915750999702,0.0,True
2025-08-16,227,M1_M6,causal_load_main,A_q2_aligned,1200.0,delivery_time_actual_price,24243.1486937389,963.0150081915494,1984.0481096639348,27190.211811594385,47822.86443619138,45388.53574162999,536.3511862688927,19684.524587667216,2133.2903457273474,8541.026940208678,3,0,1.1368683772161603e-13,0.0,4.3617773029982345,0.0,True
2025-08-17,228,M1_M6,causal_load_main,A_q2_aligned,1200.0,delivery_time_actual_price,46822.27039050014,1221.7037161399774,3446.8007541031157,51490.77486074324,65600.53257538684,62346.56509926203,573.188168980485,1668.2381797839487,8541.026940208678,2556.889490589551,3,0,2.2737367544323206e-13,0.0,5.31370958199841,0.0,True
2025-08-18,229,M1_M6,causal_load_main,A_q2_aligned,1200.0,delivery_time_actual_price,49696.52672725802,472.04321184753536,4560.5834527430525,54729.15339184861,68144.4321927596,67859.40800127367,956.8820940972855,1527.3553435185217,2556.889490589551,1752.4048952644357,3,0,1.1368683772161603e-13,0.0,4.89309748600499,0.0,True
2025-08-19,230,M1_M6,causal_load_main,A_q2_aligned,1200.0,delivery_time_actual_price,50096.59929649861,203.99944144481577,3323.570535120757,53624.16927306418,67751.6419406262,68443.29656552587,665.7881490587216,1456.9157350413298,1752.4048952644357,1591.8919707826726,3,0,2.2737367544323206e-13,0.0,4.957815334004408,0.0,True
2025-08-20,231,M1_M6,causal_load_main,A_q2_aligned,1200.0,delivery_time_actual_price,54587.1528225315,1600.7073402127814,4196.554691531534,60384.41485427581,78312.8745439666,75940.60835057976,915.6397513610244,1175.3061734567875,1591.8919707826726,3056.482720529673,3,0,9.094947017729282e-13,0.0,4.920426911994582,0.0,True
2025-08-21,232,M1_M6,causal_load_main,A_q2_aligned,1200.0,delivery_time_actual_price,49705.82767663616,914.8321029473943,3500.4358961060047,54121.09567568956,71031.51677309665,68217.6564497358,775.1580991570748,1189.9968199784873,3056.482720529673,1586.5744421315455,3,0,3.6933897717972286e-08,0.0,5.485794681000698,0.0,True
2025-08-22,233,M1_M6,causal_load_main,A_q2_aligned,1200.0,delivery_time_actual_price,21524.808870815075,311.5448921635634,4022.5653507302236,25858.91911370886,39742.60915704127,39009.436048193864,1151.3286352007906,16467.44379602721,1586.5744421315455,1931.641285884195,3,0,1.1368683772161603e-13,0.0,5.7454807510002865,0.0,True
2025-08-23,234,M1_M6,causal_load_main,A_q2_aligned,1200.0,delivery_time_actual_price,24425.92708485433,342.52182665976164,1246.1806468899322,26014.629558404027,46118.60212018274,46996.95923642804,446.7369624334443,14894.241531442665,1931.641285884195,9178.151790321823,3,0,1.1368683772161603e-13,0.0,5.093947738001589,0.0,True
2025-08-24,235,M1_M6,causal_load_main,A_q2_aligned,1200.0,delivery_time_actual_price,47479.30443177729,378.47644189963364,3196.083896780683,51053.86477045759,60213.43436937526,61438.23518506109,751.0002629177177,2326.5430865442722,9178.151790321823,1833.807190879336,3,0,7.869925866543781e-08,0.0,5.281890557002043,0.0,True
2025-08-25,236,M1_M6,causal_load_main,A_q2_aligned,1200.0,delivery_time_actual_price,53717.08396897118,5001.806548849745,2369.236319564876,61088.126837385804,89502.81475143092,74325.84304338023,547.7606931661271,452.6131222222202,1833.807190879336,1684.242777462713,3,0,1.1368683772161603e-13,0.0,5.019060250997427,0.0,True
2025-08-26,237,M1_M6,causal_load_main,A_q2_aligned,1200.0,delivery_time_actual_price,51444.33181729824,259.0181323874185,1856.7596648988106,53560.10961458447,69171.62069466579,70073.15918640082,507.24422366561936,190.71306743826977,1684.242777462713,2709.1825785007754,3,0,2.2737367544323206e-13,0.0,4.44937092300097,0.0,True
2025-08-27,238,M1_M6,causal_load_main,A_q2_aligned,1200.0,delivery_time_actual_price,52701.60105469325,1420.1444151806186,1866.1760014111348,55987.92147128501,68610.45065932564,73095.18066777628,335.13896196796475,2006.3541286329166,2709.1825785007754,1568.0410531111063,3,0,3.705736162373796e-08,0.0,4.822452196000086,0.0,True
2025-08-28,239,M1_M6,causal_load_main,A_q2_aligned,1200.0,delivery_time_actual_price,53418.05321261893,2071.4336448316053,5371.905298596571,60861.392156047106,68493.81714982307,74187.11605473908,1105.0619467743186,108.31965413430174,1568.0410531111063,1726.90785759869,3,0,7.683229341637343e-08,0.0,5.48172033100127,0.0,True
2025-08-29,240,M1_M6,causal_load_main,A_q2_aligned,1200.0,delivery_time_actual_price,22083.703644519726,266.83207214709176,1042.594470646071,23393.13018731289,41485.6199430974,40729.80886801994,322.5888856837247,14986.315512461184,1726.90785759869,2054.0570761081053,3,0,1.1368683772161603e-13,0.0,5.803579610001179,0.0,True
2025-08-30,241,M1_M6,causal_load_main,A_q2_aligned,1200.0,delivery_time_actual_price,25735.49402296006,220.009183594067,2107.1744044024936,28062.677610956624,49256.03909698817,48519.136967967686,699.380977461471,19364.945915084034,2054.0570761081053,10550.857158898189,3,0,1.1368683772161603e-13,0.0,4.99456285800261,0.0,True
2025-08-31,242,M1_M6,causal_load_main,A_q2_aligned,1200.0,delivery_time_actual_price,47348.35894805333,875.6459341923899,4394.122333978263,52618.12721622398,59556.88620295022,62504.141231478556,953.7221101352153,1154.3637550359877,10550.857158898189,1944.009127975814,3,0,2.2737367544323206e-13,0.0,4.676751512000919,0.0,True
2025-09-01,243,M1_M6,causal_load_main,A_q2_aligned,1200.0,delivery_time_actual_price,45901.26225666878,1850.614359308788,10.442528701475707,47762.31914467904,77717.35764013964,71042.4164134296,5.775734773634046,3572.560042172601,1944.009127975814,5501.820623339466,3,0,1.1368683772161603e-13,0.0,4.96212180799921,0.0,True
2025-09-02,244,M1_M6,causal_load_main,A_q2_aligned,1200.0,delivery_time_actual_price,43426.89368233929,897.7478827273833,56.53621376971207,44381.17777883639,64077.526917925454,66403.64058827337,19.51206685399933,2488.80639863379,5501.820623339466,5542.477950739504,3,0,4.772573447553441e-10,0.0,5.0786423440004,0.0,True
2025-09-03,245,M1_M6,causal_load_main,A_q2_aligned,1200.0,delivery_time_actual_price,45718.184407948815,896.5932700675323,2.860998704423589e-07,46614.777678302446,69187.16825286964,67191.81538384498,1.2939740292559642e-07,2641.1188666666694,5542.477950739504,5116.774213708723,3,0,1.1368683772161603e-13,0.0,4.657227863994194,0.0,True
2025-09-04,246,M1_M6,causal_load_main,A_q2_aligned,1200.0,delivery_time_actual_price,44035.116418781996,724.407049009267,431.76270747911894,45191.28617527038,67175.84212041048,64685.848071927896,227.10678325681297,2095.905726070009,5116.774213708723,5408.810684216274,3,0,1.1368683772161603e-13,0.0,4.663915591998375,0.0,True
2025-09-05,247,M1_M6,causal_load_main,A_q2_aligned,1200.0,delivery_time_actual_price,17141.560497887986,398.3124691637337,5.997538590262665,17545.870505641982,35985.19216335623,35028.8762702544,3.3599655372236623,21297.251114520303,5408.810684216274,5314.4169864753185,3,0,1.1368683772161603e-13,0.0,5.214231197001936,0.0,True
2025-09-06,248,M1_M6,causal_load_main,A_q2_aligned,1200.0,delivery_time_actual_price,20051.722928327523,224.0741648504256,60.52470744834644,20336.321800626294,43507.205391341966,43109.20041783682,27.201687525363354,20830.50146267683,5314.4169864753185,10160.503129353956,3,0,1.1368683772161603e-13,0.0,4.402716160002456,0.0,True
2025-09-07,249,M1_M6,causal_load_main,A_q2_aligned,1200.0,delivery_time_actual_price,43051.89010112391,1182.9079348343917,84.46770841942984,44319.26574437772,59241.46537352131,62957.112096351855,35.640383317774656,1721.201443209873,10160.503129353956,5420.667338245975,3,0,1.1368683772161603e-13,0.0,4.505298058000335,0.0,True
2025-09-08,250,M1_M6,causal_load_main,A_q2_aligned,1200.0,delivery_time_actual_price,46715.9500404323,1388.6653524004867,205.29187722771485,48309.907270060496,70959.98620033858,70644.12735428242,79.11623719275099,1326.998829166665,5420.667338245975,5938.431805269378,3,0,1.1368683772161603e-13,0.0,4.855824531994585,0.0,True
2025-09-09,251,M1_M6,causal_load_main,A_q2_aligned,1200.0,delivery_time_actual_price,42634.22931701704,841.3921673536344,22.21804223384773,43497.83952660452,60458.41424894497,62993.580672998505,9.167750052698011,2867.034713888887,5938.431805269378,5824.346782284755,3,0,1.1368683772161603e-13,0.0,4.840473240001302,0.0,True
2025-09-10,252,M1_M6,causal_load_main,A_q2_aligned,1200.0,delivery_time_actual_price,46204.49418132718,1349.3903671024555,50.36382664466964,47604.248375074305,70367.0182853366,68919.9251055785,15.614269623643994,246.3730850012778,5824.346782284755,4292.128780732486,3,0,1.1368683772161603e-13,0.0,5.196710684998834,0.0,True
2025-09-11,253,M1_M6,causal_load_main,A_q2_aligned,1200.0,delivery_time_actual_price,42444.165728597865,1974.791483164062,35.24922314088441,44454.206434902815,71060.10414318705,63284.27186406604,15.256101581949752,2354.548336676363,4292.128780732486,4570.470742104178,3,0,1.1368683772161603e-13,0.0,4.653228778006451,0.0,True
2025-09-12,254,M1_M6,causal_load_main,A_q2_aligned,1200.0,delivery_time_actual_price,17308.520309782463,43.84703470103255,3.5308334268639414e-07,17352.36734483658,35374.46590790835,35512.26444255491,2.26923093505906e-07,17900.050279127852,4570.470742104178,4785.093734136768,3,0,1.1368683772161603e-13,0.0,4.472202575998381,0.0,True
2025-09-13,255,M1_M6,causal_load_main,A_q2_aligned,1200.0,delivery_time_actual_price,20158.832891963277,41.481099022877586,1.1309782098578582e-07,20200.31399109925,44062.16555525405,44204.3450262198,5.287415660859551e-08,21392.684246411798,4785.093734136768,10193.615690272412,3,0,1.1368683772161603e-13,0.0,4.349897186002636,0.0,True
2025-09-14,256,M1_M6,causal_load_main,A_q2_aligned,1200.0,delivery_time_actual_price,44270.668290138536,1503.184426262177,53.791320687499834,45827.64403708821,70056.2448148136,65121.60147847869,25.53587499999992,1834.5914542049175,10193.615690272412,4780.534146960116,3,0,1.4210854715202004e-13,0.0,4.992691147002915,0.0,True
2025-09-15,257,M1_M6,causal_load_main,A_q2_aligned,1200.0,delivery_time_actual_price,42563.12656010194,352.3997018595699,1447.340012276559,44362.86627423807,62929.708867945854,63931.23145958857,332.6611567025766,1434.6102291278448,4780.534146960116,6771.595270936279,3,0,1.1368683772161603e-13,0.0,5.127938819001429,0.0,True
2025-09-16,258,M1_M6,causal_load_main,A_q2_aligned,1200.0,delivery_time_actual_price,43704.99740450173,1810.862081230252,36.46276111458218,45552.32224684656,71779.36707168324,66049.19007398095,14.829104166666298,2131.32073240741,6771.595270936279,5641.880883180814,3,0,1.1368683772161603e-13,0.0,4.606631176000519,0.0,True
2025-09-17,259,M1_M6,causal_load_main,A_q2_aligned,1200.0,delivery_time_actual_price,43377.149996762295,1312.0024939738755,840.5209427638861,45529.67343350006,68013.35028126983,65680.37710436832,324.04062222222126,570.1937712961076,5641.880883180814,5003.237372849884,3,0,1.1368683772161603e-13,0.0,4.785088214004645,0.0,True
2025-09-18,260,M1_M6,causal_load_main,A_q2_aligned,1200.0,delivery_time_actual_price,43305.69168793618,1593.8043247005367,100.5018355518807,44999.99784818861,59712.28352906579,66285.55993656354,40.97934171619284,1452.5822597222232,5003.237372849884,3453.9934346247774,3,0,1.474376176702208e-13,0.0,4.388827758004481,0.0,True
2025-09-19,261,M1_M6,causal_load_main,A_q2_aligned,1200.0,delivery_time_actual_price,16652.56621680739,236.15299911022584,6.550218324999946,16895.26943424262,35294.98756436376,34964.54959621439,2.1610749999999825,13547.47521832538,3453.9934346247774,4671.536262057757,3,0,1.1368683772161603e-13,0.0,4.349360472006083,0.0,True
2025-09-20,262,M1_M6,causal_load_main,A_q2_aligned,1200.0,delivery_time_actual_price,18991.244972376397,270.31932377066437,512.5243002798629,19774.088596426926,43576.035664613984,43042.675303021744,179.92928194444517,14180.771711072297,4671.536262057757,10799.999999278467,3,0,8.978827281680424e-08,0.0,4.566744103001838,0.0,True
2025-09-21,263,M1_M6,causal_load_main,A_q2_aligned,1200.0,delivery_time_actual_price,42364.93060931056,636.0930204181498,5.761016362500019,43006.78464609121,63672.234338954426,62359.58760696696,2.794575000000009,1657.896660339506,10799.999999278467,6529.056129022279,3,0,1.1368683772161603e-13,0.0,4.520595549001882,0.0,True
2025-09-22,264,M1_M6,causal_load_main,A_q2_aligned,1200.0,delivery_time_actual_price,41339.003514190015,2088.591520272342,1653.8364284447798,45081.431462907145,67287.5865869475,61291.57188038041,476.5411639748385,495.33076249999976,6529.056129022279,3316.3242746726887,3,0,1.1368683772161603e-13,0.0,5.411718042996654,0.0,True
2025-09-23,265,M1_M6,causal_load_main,A_q2_aligned,1200.0,delivery_time_actual_price,44018.93178690687,752.298633779194,818.9233331970663,45590.15375388313,69630.27467433494,67375.90248255561,226.62545413523685,185.6456555555538,3316.3242746726887,4020.363453979464,3,0,1.1368683772161603e-13,0.0,4.660225732994149,0.0,True
2025-09-24,266,M1_M6,causal_load_main,A_q2_aligned,1200.0,delivery_time_actual_price,42642.596961748015,1257.0343567516595,1829.8082813942647,45729.43959989395,60913.395502415675,65046.12811652641,638.1767306022784,492.356515277776,4020.363453979464,4322.2567418121735,3,0,1.1368683772161603e-13,0.0,5.449287930998253,0.0,True
2025-09-25,267,M1_M6,causal_load_main,A_q2_aligned,1200.0,delivery_time_actual_price,43289.74622358046,1090.408892445288,774.105681211201,45154.26079723695,63145.1739458894,65893.87762356513,202.58980008519444,2196.432893055555,4322.2567418121735,2501.7809246788356,2,0,2.2737367544323206e-13,0.0,4.496984534998774,0.0,True
2025-09-26,268,M1_M6,causal_load_main,A_q2_aligned,1200.0,delivery_time_actual_price,15150.51083974732,466.2855748880587,276.56743001597204,15893.363844651349,35686.667865250754,34285.710311878196,156.6866291666666,11678.705317553779,2501.7809246788356,4371.461345450269,3,0,1.1368683772161603e-13,0.0,5.277299720000883,0.0,True
2025-09-27,269,M1_M6,causal_load_main,A_q2_aligned,1200.0,delivery_time_actual_price,18569.18068950001,201.54870638248912,1095.1229870972911,19865.852382979792,41225.29591245412,41652.84232717335,352.36899859777066,13306.134070794518,4371.461345450269,10799.999999762234,3,0,1.1368683772161603e-13,0.0,5.134123928000918,0.0,True
2025-09-28,270,M1_M6,causal_load_main,A_q2_aligned,1200.0,delivery_time_actual_price,44346.29129930148,1315.961155275351,1390.0176224492368,47052.27007702608,62498.825504431974,66790.49999965137,299.6816093992811,754.433724961185,10799.999999762234,8048.711607800703,3,0,2.2737367544323206e-13,0.0,4.791084922006121,0.0,True
2025-09-29,271,M1_M6,causal_load_main,A_q2_aligned,1200.0,delivery_time_actual_price,39153.41985623711,1127.3431439407318,7762.079512125565,48042.8425123034,61836.080218532865,58208.22539396997,2145.1172282792586,0.22651666666666664,8048.711607800703,2993.170512752333,3,0,1.5631940186722204e-13,0.0,4.420697448003921,0.0,True
2025-09-30,272,M1_M6,causal_load_main,A_q2_aligned,1200.0,delivery_time_actual_price,44734.49132377785,772.1187502036292,4666.69242080806,50173.30249478955,65629.63760201378,68129.9705543019,1447.2603625193442,137.94067083333127,2993.170512752333,3148.666970603279,3,0,2.2737367544323206e-13,0.0,4.848784331996285,0.0,True
2025-10-01,273,M1_M6,causal_load_main,A_q2_aligned,1200.0,delivery_time_actual_price,37108.63942533701,478.1361945317881,387.9334887145153,37974.709108583316,60192.24793228485,57894.47234894177,173.9655727217346,3588.714085185186,3148.666970603279,3690.0943561329086,2,0,1.1368683772161603e-13,0.0,5.4226997069999925,0.0,True
2025-10-02,274,M1_M6,causal_load_main,A_q2_aligned,1200.0,delivery_time_actual_price,36288.046179910765,2517.0121207159577,1142.3112715585755,39947.3695721853,66400.74121762734,57541.35788018658,340.51535977949686,2615.105529096848,3690.0943561329086,3909.41200567718,3,0,1.1368683772161603e-13,0.0,4.777398295998864,0.0,True
2025-10-03,275,M1_M6,causal_load_main,A_q2_aligned,1200.0,delivery_time_actual_price,12734.652927618521,159.7252631944482,1662.0029727025735,14556.381163515543,30132.571924454,30438.11623540696,710.8762707786732,19068.611190238964,3909.41200567718,5341.9881419823405,3,0,1.1368683772161603e-13,0.0,4.65575546999753,0.0,True
2025-10-04,276,M1_M6,causal_load_main,A_q2_aligned,1200.0,delivery_time_actual_price,15338.734898603918,207.969249708873,2267.6807464770854,17814.384894789877,37869.57379928036,37274.18499174503,934.4048066978717,15324.082844206503,5341.9881419823405,10199.05480785288,3,0,1.1368683772161603e-13,0.0,5.121002034000412,0.0,True
2025-10-05,277,M1_M6,causal_load_main,A_q2_aligned,1200.0,delivery_time_actual_price,36475.17127726806,1857.8025975568485,1116.5693415230746,39449.543216347985,63077.29072184961,56090.95745700335,423.8254829689666,970.768269405631,10199.05480785288,7508.236664632704,2,0,1.8189894035458565e-12,0.0,4.794551901999512,0.0,True
2025-10-06,278,M1_M6,causal_load_main,A_q2_aligned,1200.0,delivery_time_actual_price,37494.30101406908,559.1905820183654,3673.2787006321314,41726.77029671957,54336.18794564151,56378.307950702925,1201.6360399533717,171.41860118915577,7508.236664632704,4210.446974187767,2,0,1.6697754290362354e-13,0.0,4.788346706998709,0.0,True
2025-10-07,279,M1_M6,causal_load_main,A_q2_aligned,1200.0,delivery_time_actual_price,41303.697276714665,930.6974228280253,710.7796972530539,42945.17439679575,63157.936160742436,65657.61040441049,244.30211875836474,744.7385336122927,4210.446974187767,7557.042404511975,2,0,1.1368683772161603e-13,0.0,5.013124470002367,0.0,True
2025-10-08,280,M1_M6,causal_load_main,A_q2_aligned,1200.0,delivery_time_actual_price,36863.344816834106,366.1224764883676,2865.2867503868856,40094.754043709356,56633.01104697418,58064.80759991705,779.1911615746393,65.02513333333124,7557.042404511975,6639.6768823649445,2,0,1.1368683772161603e-13,0.0,5.169885005001561,0.0,True
2025-10-09,281,M1_M6,causal_load_main,A_q2_aligned,1200.0,delivery_time_actual_price,35451.90325566253,2556.7271903601236,4182.204170063885,42190.83461608655,63613.780527880255,54665.13638829546,1057.2316524073015,881.9417901852869,6639.6768823649445,2825.372370923416,2,0,9.094947017729282e-13,0.0,4.796903930000553,0.0,True
2025-10-10,282,M1_M6,causal_load_main,A_q2_aligned,1200.0,delivery_time_actual_price,13194.138884645861,228.07471818655733,1919.9848385766468,15342.198441409066,32914.00243382291,32206.532370630404,714.5297264534408,19085.915315083435,2825.372370923416,5165.334773776974,3,0,1.1368683772161603e-13,0.0,4.961784623999847,0.0,True
2025-10-11,283,M1_M6,causal_load_main,A_q2_aligned,1200.0,delivery_time_actual_price,15225.354508855911,73.79203445514392,640.0693958889805,15939.215939200038,37734.69828119295,37518.7965567457,259.0335736664076,14206.703253664888,5165.334773776974,10168.727975848651,3,0,1.7053025658242404e-12,0.0,4.97993884600146,0.0,True
2025-10-12,284,M1_M6,causal_load_main,A_q2_aligned,1200.0,delivery_time_actual_price,36549.872267448736,308.117846680999,2847.255671095599,39705.24578522533,57600.25271400183,57260.8391724214,780.7090657556636,82.60377222222544,10168.727975848651,6503.914529172592,2,0,1.1368683772161603e-13,0.0,4.822106999003154,0.0,True
2025-10-13,285,M1_M6,causal_load_main,A_q2_aligned,1200.0,delivery_time_actual_price,37731.94400904978,1841.963700496088,5179.071176287996,44752.97888583386,63721.771471630746,59020.74104041828,1601.3474204059767,175.61235673422635,6503.914529172592,6587.313468758019,2,0,1.1368683772161603e-13,0.0,4.748900042002788,0.0,True
2025-10-14,286,M1_M6,causal_load_main,A_q2_aligned,1200.0,delivery_time_actual_price,41919.682927981004,1130.5425395823552,3363.0753063268176,46413.30077389018,67541.47524869055,65214.514708388815,925.7384619611158,853.6982791278483,6587.313468758019,7511.7864618193325,2,0,1.4921397450962104e-13,0.0,5.220724029997655,0.0,True
2025-10-15,287,M1_M6,causal_load_main,A_q2_aligned,1200.0,delivery_time_actual_price,40120.7555410069,1641.3540600200831,5135.5146124560615,46897.624213483046,69235.49140769774,63909.416305769824,1717.6268728811067,31.362416666665794,7511.7864618193325,7748.73718673626,3,0,1.7053025658242404e-13,0.0,5.006418461001886,0.0,True
2025-10-16,288,M1_M6,causal_load_main,A_q2_aligned,1200.0,delivery_time_actual_price,39638.34970692014,606.11492934391,3923.0919350810946,44167.55657134514,59238.23416759746,59628.429026964484,1129.8520024840514,626.7294748456807,7748.73718673626,2462.9318775572397,3,0,1.1368683772161603e-13,0.0,4.645835531002376,0.0,True
2025-10-17,289,M1_M6,causal_load_main,A_q2_aligned,1200.0,delivery_time_actual_price,14128.112804557366,352.82221678145834,1151.1349519393166,15632.069973278141,33795.27061152802,34806.33892101217,382.42853987087506,12427.175750424145,2462.9318775572397,6714.994222098755,3,0,1.1368683772161603e-13,0.0,5.064805927999259,0.0,True
2025-10-18,290,M1_M6,causal_load_main,A_q2_aligned,1200.0,delivery_time_actual_price,14721.774157129457,374.91917363057246,1103.1572768689712,16199.850607628998,37064.64934039935,36174.27635231693,407.6196936873098,12657.492022373253,6714.994222098755,10799.999999750595,2,0,1.1368683772161603e-13,0.0,5.056085661002726,0.0,True
2025-10-19,291,M1_M6,causal_load_main,A_q2_aligned,1200.0,delivery_time_actual_price,40841.501792113064,648.3647684922487,6106.701950694656,47596.56851129996,64325.277582233146,62616.34126694119,1738.4100647275857,0.03223333333333333,10799.999999750595,8258.91185111648,2,0,1.1368683772161603e-13,0.0,5.582169721994433,0.0,True
2025-10-20,292,M1_M6,causal_load_main,A_q2_aligned,1200.0,delivery_time_actual_price,43775.22082307645,1544.1710265031152,2628.558708648589,47947.950558228156,73230.74082607517,69591.8942098771,609.1374682460588,122.4002236111112,8258.91185111648,9958.809968780733,3,0,1.4210854715202004e-13,0.0,5.54949924399989,0.0,True
2025-10-21,293,M1_M6,causal_load_main,A_q2_aligned,1200.0,delivery_time_actual_price,44694.822141200966,930.8957391225072,3150.4106492034675,48776.12852952694,70088.54226669969,69444.77098741988,774.6763947464578,184.57167773896396,9958.809968780733,10037.032418920944,2,0,2.2737367544323206e-13,0.0,5.787809663997905,0.0,True
2025-10-22,294,M1_M6,causal_load_main,A_q2_aligned,1200.0,delivery_time_actual_price,42706.20545670933,368.0418615440399,3848.243273097877,46922.49059135124,65208.433266493026,66379.1045596276,868.3340229024238,111.80726944444416,10037.032418920944,8346.067727058984,2,0,1.5987211554602254e-13,0.0,5.403697046000161,0.0,True
2025-10-23,295,M1_M6,causal_load_main,A_q2_aligned,1200.0,delivery_time_actual_price,38365.27843412424,4074.5534141922826,5581.6413467379025,48021.47319505442,70451.30075447515,58109.90553112886,1575.8461847108222,0.0,8346.067727058984,1937.1754638044783,3,0,1.1368683772161603e-13,0.0,5.017827095995017,0.0,True
2025-10-24,296,M1_M6,causal_load_main,A_q2_aligned,1200.0,delivery_time_actual_price,13538.637929091135,64.29384629764324,2457.218939851478,16060.150715240256,33029.79208353313,33394.95761210368,791.612119091274,11603.484126388888,1937.1754638044783,3828.3672999420305,3,0,1.1368683772161603e-13,0.0,5.322831688004953,0.0,True
2025-10-25,297,M1_M6,causal_load_main,A_q2_aligned,1200.0,delivery_time_actual_price,15193.741096080761,49.15759881875698,1480.6882533146975,16723.586948214215,38456.43067595894,38665.40219799579,627.2056341338546,10533.522169444444,3828.3672999420305,10175.045729860381,3,0,1.1368683772161603e-13,0.0,5.223914496003999,0.0,True
2025-10-26,298,M1_M6,causal_load_main,A_q2_aligned,1200.0,delivery_time_actual_price,40790.496174163876,2602.0866406129817,6346.866543955087,49739.44935873195,69086.01523020306,63339.94781674363,1896.155975254617,38.777354166666626,10175.045729860381,7869.677923576735,2,0,1.1368683772161603e-13,0.0,5.4295320579985855,0.0,True
2025-10-27,299,M1_M6,causal_load_main,A_q2_aligned,1200.0,delivery_time_actual_price,44385.92454067031,1081.2453978665596,1527.3886967977576,46994.55863533463,67053.78120637455,70019.13588927459,397.6924235599298,556.9895148148056,7869.677923576735,9585.699063855664,3,0,9.094947017729282e-13,0.0,5.403518080995127,0.0,True
2025-10-28,300,M1_M6,causal_load_main,A_q2_aligned,1200.0,delivery_time_actual_price,44127.89666837981,1164.6153112776938,2749.7054373044393,48042.21741696195,64904.53015064549,68308.17430548745,914.5906850331903,65.08169583333185,9585.699063855664,9644.750458328717,3,0,1.1368683772161603e-13,0.0,4.663096206997579,0.0,True
2025-10-29,301,M1_M6,causal_load_main,A_q2_aligned,1200.0,delivery_time_actual_price,45689.32750917361,697.7242803181373,4140.87334183625,50527.925131328,71455.24695663787,70892.82147626,912.037873766169,88.13394305555622,9644.750458328717,8306.128473858307,2,0,1.1368683772161603e-13,0.0,5.620736479999323,0.0,True
2025-10-30,302,M1_M6,causal_load_main,A_q2_aligned,1200.0,delivery_time_actual_price,39881.29861945544,1044.9555203479474,4413.912552513239,45340.16669231663,56590.86274330642,59011.088246892876,1402.1213358059254,26.024358333332202,8306.128473858307,1200.0,3,0,1.1368683772161603e-13,0.0,4.891713787998015,0.0,True
2025-10-31,303,M1_M6,causal_load_main,A_q2_aligned,1200.0,delivery_time_actual_price,14363.04026286456,244.081885830791,2818.538108736834,17425.660257432184,36772.65117212606,36012.028221656365,930.527436897693,6616.523402082699,1200.0,5226.652872528307,3,0,1.1368683772161603e-13,0.0,4.282399723997514,0.0,True
2025-11-01,304,M1_M6,causal_load_main,A_q2_aligned,1200.0,delivery_time_actual_price,14693.856031311467,111.63039009641871,2700.7852400140446,17506.27166142193,37170.77015311502,37931.531111226286,949.4253980515558,8557.3526222781,5226.652872528307,10134.950417240569,2,0,1.1368683772161603e-13,0.0,4.960498710002867,0.0,True
2025-11-02,305,M1_M6,causal_load_main,A_q2_aligned,1200.0,delivery_time_actual_price,44870.868592619634,821.4725319217802,4585.295027994865,50277.63615253628,66626.8437928609,68215.96232523755,1016.5806666198804,175.79139583333279,10134.950417240569,6789.576310123167,2,0,1.1723955140041653e-13,0.0,4.802081606001593,0.0,True
2025-11-03,306,M1_M6,causal_load_main,A_q2_aligned,1200.0,delivery_time_actual_price,46262.97922841576,1290.6969801310802,5809.314172621125,53362.99038116797,75011.24515870813,71507.14971724321,1336.001366888843,206.57232499999935,6789.576310123167,6960.902751689647,2,0,2.2737367544323206e-13,0.0,5.009833452000748,0.0,True
2025-11-04,307,M1_M6,causal_load_main,A_q2_aligned,1200.0,delivery_time_actual_price,45438.84697872125,558.6837928943572,6251.800521741085,52249.33129335669,68846.98364063771,70392.48026835245,1347.6531639498735,352.08570416666856,6960.902751689647,6808.756862034989,3,0,9.094947017729282e-13,0.0,5.3361618179988,0.0,True
2025-11-05,308,M1_M6,causal_load_main,A_q2_aligned,1200.0,delivery_time_actual_price,46831.71084755415,2175.980568099325,7454.393618972415,56462.085034625896,77971.58265712648,71825.86490928804,1827.2555540640387,208.02265416666688,6808.756862034989,7593.643098824012,3,0,1.7053025658242404e-12,0.0,4.738920134004729,0.0,True
2025-11-06,309,M1_M6,causal_load_main,A_q2_aligned,1200.0,delivery_time_actual_price,45831.683915500005,752.6310549585164,5402.022571581735,51986.33754204026,65500.52133869631,67052.52955268217,1321.5698845291074,18.920302777777323,7593.643098824012,1240.1170728192722,2,0,1.1368683772161603e-13,0.0,4.373526554001728,0.0,True
2025-11-07,310,M1_M6,causal_load_main,A_q2_aligned,1200.0,delivery_time_actual_price,15385.409584433084,111.23624510319758,2640.34588589981,18136.991715436092,38955.03946977202,39283.369107683655,819.9893047388219,7847.857549035262,1240.1170728192722,7603.866434395648,3,0,1.1368683772161603e-13,0.0,4.966321029001847,0.0,True
2025-11-08,311,M1_M6,causal_load_main,A_q2_aligned,1200.0,delivery_time_actual_price,14970.634099013325,251.19792523913185,1220.1654564003936,16441.99748065285,35720.70609018577,37148.28156515489,489.48735545714385,7946.664903201926,7603.866434395648,10719.071548455433,2,0,1.1368683772161603e-13,0.0,4.98825388700061,0.0,True
2025-11-09,312,M1_M6,causal_load_main,A_q2_aligned,1200.0,delivery_time_actual_price,46728.0925803018,518.0298234393138,4466.86009609843,51712.98249983955,70300.45828174468,69616.16961451541,1204.7086643845423,420.14733611111177,10719.071548455433,6786.823559346142,3,0,1.7053025658242404e-12,0.0,4.788347693996911,0.0,True
2025-11-10,313,M1_M6,causal_load_main,A_q2_aligned,1200.0,delivery_time_actual_price,51932.7832934702,1243.9924830082573,4623.634377185597,57800.41015366406,75461.38046213193,77434.23541719436,1050.1847901972271,37.77005000000002,6786.823559346142,6869.644368868303,3,0,1.1368683772161603e-13,0.0,5.138412949003396,0.0,True
2025-11-11,314,M1_M6,causal_load_main,A_q2_aligned,1200.0,delivery_time_actual_price,47347.77028966755,1498.0499042329143,4062.106642776682,52907.92683667714,74724.28386359228,71135.63567683077,834.156546050491,51.462866666665775,6869.644368868303,4312.367792888337,2,0,1.1368683772161603e-13,0.0,4.556551419002062,0.0,True
2025-11-12,315,M1_M6,causal_load_main,A_q2_aligned,1200.0,delivery_time_actual_price,49812.57525045886,999.5284977721625,4021.4668500956927,54833.57059832671,75042.79452305572,75785.68863489953,884.6065744876536,1.9741833333334853,4312.367792888337,5669.360750182019,3,0,2.2737367544323206e-13,0.0,5.409924428000522,0.0,True
2025-11-13,316,M1_M6,causal_load_main,A_q2_aligned,1200.0,delivery_time_actual_price,47676.49670579542,975.0570985983923,6275.330890980504,54926.88469537432,67006.55761133676,69260.62634010156,1526.381635223996,81.0117735207328,5669.360750182019,1311.951336000216,3,0,1.1368683772161603e-13,0.0,4.77189211500081,0.0,True
2025-11-14,317,M1_M6,causal_load_main,A_q2_aligned,1200.0,delivery_time_actual_price,16167.03402007354,610.7901091592187,1992.939337390544,18770.763466623303,37135.41432182769,39855.62283121099,695.7979035513727,6565.772072500265,1311.951336000216,5272.054021989338,3,0,1.1368683772161603e-13,0.0,4.615321589000814,0.0,True
2025-11-15,318,M1_M6,causal_load_main,A_q2_aligned,1200.0,delivery_time_actual_price,15876.569148986422,146.35280217696197,2981.7717679860043,19004.693719149385,39097.06196851611,38700.61049187201,1087.930830345445,4231.026544963874,5272.054021989338,10096.796335765852,3,0,1.1368683772161603e-13,0.0,5.476554925000528,0.0,True
2025-11-16,319,M1_M6,causal_load_main,A_q2_aligned,1200.0,delivery_time_actual_price,50940.934621978355,1046.2804838762213,4569.57085042552,56556.78595628009,72714.57445981709,75196.18210184468,1055.6103415210528,72.38496249999949,10096.796335765852,8245.623909751637,2,0,1.7053025658242404e-12,0.0,5.1673428020003485,0.0,True
2025-11-17,320,M1_M6,causal_load_main,A_q2_aligned,1200.0,delivery_time_actual_price,51717.393856365634,2035.6999641051584,2139.4024306696083,55892.496251140394,71450.95555042314,77142.68773788762,585.6342387800114,99.91132222222008,8245.623909751637,8485.95081540688,3,0,2.2737367544323206e-13,0.0,4.791374325999641,0.0,True
2025-11-18,321,M1_M6,causal_load_main,A_q2_aligned,1200.0,delivery_time_actual_price,49741.829641515375,649.4220530732678,6560.784509932773,56952.03620452142,71786.11772658558,72936.66469914373,1643.4324336153704,0.0,8485.95081540688,5240.087761828817,3,0,2.2737367544323206e-13,0.0,5.419986332999542,0.0,True
2025-11-19,322,M1_M6,causal_load_main,A_q2_aligned,1200.0,delivery_time_actual_price,55728.612575837375,2011.238339368656,3021.507347390414,60761.35826259644,77305.45850489647,82169.13296654352,788.9519981882265,0.0,5240.087761828817,8159.977345348804,3,0,1.1368683772161603e-13,0.0,4.404412339004921,0.0,True
2025-11-20,323,M1_M6,causal_load_main,A_q2_aligned,1200.0,delivery_time_actual_price,48264.46894173375,1232.668726682937,4560.645619079814,54057.783287496495,66737.20141472493,69740.30904972521,1052.8246171038809,3.2154902777777865,8159.977345348804,1234.4915397630434,3,0,1.1368683772161603e-13,0.0,4.851624491995608,0.0,True
2025-11-21,324,M1_M6,causal_load_main,A_q2_aligned,1200.0,delivery_time_actual_price,17019.56243929619,142.5859455714492,1735.6390449792416,18897.78742984688,41000.2623337619,41418.99790333346,694.6370971292035,3464.0083081401963,1234.4915397630434,8539.409439174264,3,0,1.1368683772161603e-13,0.0,4.403204559996084,0.0,True
2025-11-22,325,M1_M6,causal_load_main,A_q2_aligned,1200.0,delivery_time_actual_price,15317.345503534822,160.66999568481117,2075.1918756325904,17553.207374852223,37586.08452780237,36724.065253640896,766.1638543557535,2787.360284051175,8539.409439174264,10600.102003464764,3,0,1.1368683772161603e-13,0.0,5.164601830998436,0.0,True
2025-11-23,326,M1_M6,causal_load_main,A_q2_aligned,1200.0,delivery_time_actual_price,52149.250897769205,1338.8002923089336,2912.8888843913996,56400.940074469545,73352.89575553754,76439.4565682396,744.2126023676736,188.12246181305875,10600.102003464764,9090.608626280467,3,0,1.7053025658242404e-12,0.0,4.748662391000835,0.0,True
2025-11-24,327,M1_M6,causal_load_main,A_q2_aligned,1200.0,delivery_time_actual_price,50669.938582975316,821.3559783371657,4720.42009149182,56211.7146528043,73132.85990325402,75197.61618444909,1175.5844356536386,15.07541666666657,9090.608626280467,8115.376369200734,3,0,1.1368683772161603e-13,0.0,4.947720427000604,0.0,True
2025-11-25,328,M1_M6,causal_load_main,A_q2_aligned,1200.0,delivery_time_actual_price,53030.91009674888,2359.41948907563,1717.8561617427167,57108.18574756723,83586.37924888179,77833.3484205674,523.4716351928306,18.66320694444499,8115.376369200734,6664.690364647933,3,0,1.7053025658242404e-12,0.0,4.948061347997282,0.0,True
2025-11-26,329,M1_M6,causal_load_main,A_q2_aligned,1200.0,delivery_time_actual_price,56414.144963399485,1402.6400586383465,2665.857197395003,60482.64221943284,82683.8625355757,83308.38055206613,605.7869000762229,2.9483333333332666,6664.690364647933,9172.558047879525,3,0,1.1368683772161603e-13,0.0,4.942081948996929,0.0,True
2025-11-27,330,M1_M6,causal_load_main,A_q2_aligned,1200.0,delivery_time_actual_price,51405.1140554744,996.0042955376518,2292.0607761067085,54693.179127118754,69260.9982508709,71477.83602456344,537.4658662965206,5.2316333333333205,9172.558047879525,1361.1828262292508,2,0,1.8189894035458565e-12,0.0,5.1820490609970875,0.0,True
2025-11-28,331,M1_M6,causal_load_main,A_q2_aligned,1200.0,delivery_time_actual_price,16246.644171039074,35.40506958573383,2475.808294788694,18757.857535413503,40839.89544175197,40930.947743292716,853.4643654262125,1951.9399544364924,1361.1828262292508,7601.21931741027,3,0,1.1368683772161603e-13,0.0,4.851143510997645,0.0,True
2025-11-29,332,M1_M6,causal_load_main,A_q2_aligned,1200.0,delivery_time_actual_price,16817.716264244176,926.7027044729823,357.441578061983,18101.860546779142,45768.098332915775,41247.65772800988,178.88498841170772,584.5984775991449,7601.21931741027,10587.364119789909,2,0,1.1368683772161603e-13,0.0,5.156599743000697,0.0,True
2025-11-30,333,M1_M6,causal_load_main,A_q2_aligned,1200.0,delivery_time_actual_price,56974.96863774761,1279.4497878118052,2466.713046690122,60721.13147224954,79289.39630099702,81557.01682358568,589.6587274931101,0.0,10587.364119789909,9031.103424907256,3,0,3.410605131648481e-12,0.0,4.752177112997742,0.0,True
2025-12-01,334,M1_M6,causal_load_main,A_q2_aligned,1200.0,delivery_time_actual_price,57765.44738575457,1480.9326269316214,35593.49662014265,94839.87663282883,81931.32851094236,78948.11222172773,7798.2762364639475,0.0,9031.103424907256,6653.508417668047,2,0,2.2737367544323206e-13,0.0,4.958035112998914,0.0,True
2025-12-02,335,M1_M6,causal_load_main,A_q2_aligned,1200.0,delivery_time_actual_price,62132.50828153106,1239.070100681151,31936.62963044458,95308.20801265679,86314.59271157302,83478.09378372497,6955.755392487559,0.0,6653.508417668047,5799.509191370856,3,0,2.2737367544323206e-13,0.0,4.941429322003387,0.0,True
2025-12-03,336,M1_M6,causal_load_main,A_q2_aligned,1200.0,delivery_time_actual_price,61918.21669277244,2896.4119997953662,24426.738583661223,89241.36727622902,76546.11987695693,83239.29091905372,5740.127007092542,0.0,5799.509191370856,4920.531589465138,3,0,1.8189894035458565e-12,0.0,5.170777678002196,0.0,True
2025-12-04,337,M1_M6,causal_load_main,A_q2_aligned,1200.0,delivery_time_actual_price,58235.494681334116,2219.8119663979255,35056.13811342808,95511.44476116012,80795.06374606444,77906.68616222162,7664.6899639505655,0.0,4920.531589465138,1200.0,2,0,4.434991751622874e-08,0.0,5.036122243996942,0.0,True
2025-12-05,338,M1_M6,causal_load_main,A_q2_aligned,1200.0,delivery_time_actual_price,18777.893054435037,414.37451149779656,16436.106790092534,35628.374356025364,42605.72376018112,43515.41268358881,5463.790700177752,0.0,1200.0,6436.4953388800295,3,0,1.1368683772161603e-13,0.0,4.97016225400148,0.0,True
2025-12-06,339,M1_M6,causal_load_main,A_q2_aligned,1200.0,delivery_time_actual_price,19231.324374627595,271.7881246247496,14209.910159014571,33713.02265826692,43838.155094611226,44073.881260714414,5788.269713686741,0.0,6436.4953388800295,9877.906411515649,3,0,1.1368683772161603e-13,0.0,5.258113444004266,0.0,True
2025-12-07,340,M1_M6,causal_load_main,A_q2_aligned,1200.0,delivery_time_actual_price,60634.95428049785,2052.4195343032775,32520.86665286061,95208.24046766173,86817.61038577749,82180.1347710705,7362.679739408986,0.0,9877.906411515649,8870.34520143346,3,0,3.410605131648481e-12,0.0,5.200579962998745,0.0,True
2025-12-08,341,M1_M6,causal_load_main,A_q2_aligned,1200.0,delivery_time_actual_price,63473.6286147243,723.8602775980441,12823.448797674268,77020.93768999662,86506.90995608736,85566.95882341392,3246.1339179889055,0.0,8870.34520143346,6700.251838556073,2,0,1.7053025658242404e-12,0.0,5.574830514997302,0.0,True
2025-12-09,342,M1_M6,causal_load_main,A_q2_aligned,1200.0,delivery_time_actual_price,61637.02462202512,1288.3247123570072,21647.21240977449,84572.56174415661,88034.6386250961,85485.29677290854,4826.59008882,0.0,6700.251838556073,6892.181769538051,2,0,1.7053025658242404e-12,0.0,5.58070091099944,0.0,True
2025-12-10,343,M1_M6,causal_load_main,A_q2_aligned,1200.0,delivery_time_actual_price,63779.5555400708,1116.9864326765319,21288.147679871676,86184.68965261901,84864.61968262802,87197.88738684895,4824.580224371759,0.0,6892.181769538051,7507.208539094964,2,0,3.410605131648481e-12,0.0,5.725459187000524,0.0,True
2025-12-11,344,M1_M6,causal_load_main,A_q2_aligned,1200.0,delivery_time_actual_price,58090.16452291068,1083.4679694791969,17250.179929996768,76423.81242238663,80722.57945993074,78268.35834364609,4010.33557855937,0.0,7507.208539094964,1228.0603228991217,2,0,2.2737367544323206e-13,0.0,5.099175492003269,0.0,True
2025-12-12,345,M1_M6,causal_load_main,A_q2_aligned,1200.0,delivery_time_actual_price,22195.44182867257,1014.3501813412421,5491.139720256724,28700.93173027054,47906.19093744128,51596.77058019632,2292.4203350629373,0.0,1228.0603228991217,8567.290277475404,3,0,1.1368683772161603e-13,0.0,4.911300801002653,0.0,True
2025-12-13,346,M1_M6,causal_load_main,A_q2_aligned,1200.0,delivery_time_actual_price,19122.94982783968,353.80501541352663,9733.221560399496,29209.9764036527,43404.51525270932,43521.59634468322,4400.134033525751,0.0,8567.290277475404,9991.606427246514,3,0,1.1368683772161603e-13,0.0,5.344502831001591,0.0,True
2025-12-14,347,M1_M6,causal_load_main,A_q2_aligned,1200.0,delivery_time_actual_price,64554.21871161215,1994.912041905964,20406.545888967998,86955.67664248611,83129.3905709197,87475.79833288558,4351.145931203198,0.0,9991.606427246514,9828.102506653995,2,0,1.1368683772161603e-13,0.0,4.9655115510031465,0.0,True
2025-12-15,348,M1_M6,causal_load_main,A_q2_aligned,1200.0,delivery_time_actual_price,65073.30497319014,2391.783558196332,13572.432717293848,81037.52124868032,82089.2489928005,87215.3853127239,3047.3428867335742,0.0,9828.102506653995,7563.421912855688,2,0,1.7053025658242404e-12,0.0,5.744825734996994,0.0,True
2025-12-16,349,M1_M6,causal_load_main,A_q2_aligned,1200.0,delivery_time_actual_price,65994.88072675538,303.4688299383822,12954.15239585684,79252.50195255062,90287.5520676063,89768.49578011036,3023.8548701162963,0.0,7563.421912855688,8156.817524560836,2,0,3.410605131648481e-12,0.0,5.728586065000854,0.0,True
2025-12-17,350,M1_M6,causal_load_main,A_q2_aligned,1200.0,delivery_time_actual_price,63926.34796814696,1510.2638344146076,16507.196772148673,81943.80857471025,90543.38644769545,87573.11024856733,3798.903678825366,0.0,8156.817524560836,8382.09310284837,2,0,1.7053025658242404e-12,0.0,5.16501050000079,0.0,True
2025-12-18,351,M1_M6,causal_load_main,A_q2_aligned,1200.0,delivery_time_actual_price,60840.56436169999,720.2412237684791,13458.001462606433,75018.8070480749,78891.95691464322,80463.0575220109,3245.3453897172167,0.0,8382.09310284837,1946.5411420359296,2,0,1.7053025658242404e-12,0.0,5.34921371100063,0.0,True
2025-12-19,352,M1_M6,causal_load_main,A_q2_aligned,1200.0,delivery_time_actual_price,21131.64130394672,667.8125991758859,9089.597841865208,30889.05174498781,47209.24877877295,49756.869537375256,2951.3244833481444,0.0,1946.5411420359296,9032.236017857302,2,0,1.1368683772161603e-13,0.0,5.193079867000051,0.0,True
2025-12-20,353,M1_M6,causal_load_main,A_q2_aligned,1200.0,delivery_time_actual_price,18791.736803162657,206.49055574365312,8869.753744579893,27867.981103486207,44355.19174250591,43635.517701555305,3257.9631778027497,48.89748775327655,9032.236017857302,10545.348715795208,3,0,1.1368683772161603e-13,0.0,5.772966153999732,0.0,True
2025-12-21,354,M1_M6,causal_load_main,A_q2_aligned,1200.0,delivery_time_actual_price,63646.08641604106,1058.2866336501727,17258.061855249867,81962.4349049411,85715.39614669586,85726.51400374738,3928.720140240939,0.0,10545.348715795208,7782.513293391894,2,0,1.8189894035458565e-12,0.0,5.426641402998939,0.0,True
2025-12-22,355,M1_M6,causal_load_main,A_q2_aligned,1200.0,delivery_time_actual_price,67196.8377991688,804.1201532026819,8323.664315640512,76324.622268012,88723.47137113861,90506.93081530271,2008.6068810444372,0.0,7782.513293391894,8252.364865916721,2,0,6.575646693818271e-10,0.0,5.361623914002848,0.0,True
2025-12-23,356,M1_M6,causal_load_main,A_q2_aligned,1200.0,delivery_time_actual_price,65384.150120198174,1201.0408196301105,7472.653930616913,74057.8448704452,91638.76961251536,89679.12939649954,1779.8500838740474,0.005349999999999999,8252.364865916721,9273.878934704462,2,0,2.2737367544323206e-13,0.0,5.694285651006794,0.0,True
2025-12-24,357,M1_M6,causal_load_main,A_q2_aligned,1200.0,delivery_time_actual_price,65047.20345009528,165.05690395758702,8450.266110450906,73662.52646450377,87565.89056047692,87725.06351046027,1876.5522992617857,0.0,9273.878934704462,7577.9344679492415,2,0,3.410605131648481e-12,0.0,5.358690912995371,0.0,True
2025-12-25,358,M1_M6,causal_load_main,A_q2_aligned,1200.0,delivery_time_actual_price,62503.763546809896,1300.067500482285,11340.34780541627,75144.17885270846,79965.8296743481,82966.7242382809,2480.495036550004,0.0052,7577.9344679492415,2025.9748372720023,2,0,2.2737367544323206e-13,0.0,5.431363652001892,0.0,True
2025-12-26,359,M1_M6,causal_load_main,A_q2_aligned,1200.0,delivery_time_actual_price,21759.79699271681,456.6510952049191,4676.4591413267835,26892.90722924851,48501.51744607078,50381.3728997702,1906.7295962038495,10.019714973965677,2025.9748372720023,8492.504825453936,3,0,1.1368683772161603e-13,0.0,4.690423551001004,0.0,True
2025-12-27,360,M1_M6,causal_load_main,A_q2_aligned,1200.0,delivery_time_actual_price,19883.056999019944,261.08842609543655,3941.2395649971254,24085.38499011251,45941.944116868006,46903.52879920777,1645.7916256685346,127.73529562311431,8492.504825453936,10671.479755049919,3,0,1.1368683772161603e-13,0.0,5.243847810001171,0.0,True
2025-12-28,361,M1_M6,causal_load_main,A_q2_aligned,1200.0,delivery_time_actual_price,64092.6642836199,241.735654543394,6160.982463021441,70495.38240118475,87307.86628750572,87340.66181336663,1495.5805097881787,0.0048,10671.479755049919,9296.579628616011,2,0,1.1368683772161603e-13,0.0,5.0127912030002335,0.0,True
2025-12-29,362,M1_M6,causal_load_main,A_q2_aligned,1200.0,delivery_time_actual_price,66907.44474293586,1345.128981923346,1723.92779001907,69976.50151487825,87587.58672555891,90587.79373959171,453.0095920904108,0.0,9296.579628616011,7459.703390048659,2,0,1.9326762412674725e-12,0.0,5.162462316999154,0.0,True
2025-12-30,363,M1_M6,causal_load_main,A_q2_aligned,1200.0,delivery_time_actual_price,65313.67831224496,1017.676933368421,4393.770506000751,70725.12575161413,92314.04440916523,91008.47222155216,1074.9414878470702,0.0,7459.703390048659,9176.990206662496,2,0,2.2737367544323206e-13,0.0,4.833928073996503,0.0,True
2025-12-31,364,M1_M6,causal_load_main,A_q2_aligned,1200.0,delivery_time_actual_price,64119.748812164726,914.6461526544858,4135.692950650797,69170.08791547001,83754.25671568551,83651.55683723916,1008.9591343355366,0.005883333333333332,9176.990206662496,1200.0,2,0,6.639311322942376e-10,0.0,2.850603462997242,0.0,True
