date,day_index,strategy,load_information_case,year_end_boundary,year_end_soc_kwh,settlement_rule,price_mode,normal_cost_yuan,adjustment_cost_yuan,emergency_cost_yuan,total_cost_yuan,g0_kwh,g_final_kwh,emergency_kwh,curtailment_kwh,soc_start_kwh,soc_end_kwh,adjustment_count,locked_period_violations,max_balance_residual_kwh,max_simultaneous_cd_kwh2,runtime_seconds,max_x_minus_g_kwh,pass
2025-01-01,0,M1_M6,causal_load_main,A_q2_aligned,1200.0,delivery_time_actual_price,oracle,56456.771042249165,1237.45625010303,74615.73093294789,132309.9582253001,75056.25248134063,77831.05924447902,15537.822436175851,0.0,6000.0,4486.113509177605,2,0,2.2737367544323206e-13,0.0,4.508305091992952,0.0,True
2025-01-02,1,M1_M6,causal_load_main,A_q2_aligned,1200.0,delivery_time_actual_price,oracle,56731.08671908542,1280.311739568856,77411.44826142522,135422.84672007948,80567.1879135867,79390.63178025145,16317.912027257755,0.0,4486.113509177605,4273.810422018114,2,0,2.2737367544323206e-13,0.0,4.5239041239983635,0.0,True
2025-01-03,2,M1_M6,causal_load_main,A_q2_aligned,1200.0,delivery_time_actual_price,oracle,43493.12180274648,1109.7480728964706,103.21641108333333,44706.08628672628,84361.67668630724,81174.81564079241,45.949749999999995,3649.268410185187,4273.810422018114,10799.99999975326,2,0,1.1368683772161603e-13,0.0,4.509379238006659,0.0,True
2025-01-04,3,M1_M6,causal_load_main,A_q2_aligned,1200.0,delivery_time_actual_price,oracle,40997.086698871724,1090.4388262282043,1.2312425769778203e-07,42087.525525223056,75391.61687553782,75057.23322180094,5.2094037528149784e-08,3859.804963888889,10799.99999975326,10168.33503719676,2,0,1.1368683772161603e-13,0.0,4.493295781998313,0.0,True
2025-01-05,4,M1_M6,causal_load_main,A_q2_aligned,1200.0,delivery_time_actual_price,oracle,51363.63743432792,393.2763444866941,79165.459367821,130922.3731466356,68492.14801000568,69160.11149743301,16575.60642684128,0.0,10168.33503719676,2114.9391158532326,2,0,2.2737367544323206e-13,0.0,4.520345580007415,0.0,True
2025-01-06,5,M1_M6,causal_load_main,A_q2_aligned,1200.0,delivery_time_actual_price,oracle,57402.56575389792,367.75642750835897,74555.21311574531,132325.5352971516,81528.07389975461,81889.4026335807,15553.143303385332,0.0,2114.9391158532326,5546.077732069244,2,0,1.7053025658242404e-12,0.0,4.51983089800342,0.0,True
2025-01-07,6,M1_M6,causal_load_main,A_q2_aligned,1200.0,delivery_time_actual_price,oracle,56160.951408989546,2053.4038380439624,73196.4288512711,131410.78409830463,72512.66073192154,77003.52457499955,15324.005108993071,0.0,5546.077732069244,2228.7122577697937,2,0,2.2737367544323206e-13,0.0,4.561110532988096,0.0,True
2025-01-08,7,M1_M6,causal_load_main,A_q2_aligned,1200.0,delivery_time_actual_price,oracle,70748.62752761546,3110.626266479107,4423.582007873905,78282.83580196848,103469.27959983927,96682.90752757093,1179.6176914695668,0.0,2228.7122577697937,6162.625676784799,2,0,1.7053025658242404e-12,0.0,4.673288391000824,0.0,True
2025-01-09,8,M1_M6,causal_load_main,A_q2_aligned,1200.0,delivery_time_actual_price,oracle,70379.14507355656,1226.8159947650377,5490.042838375427,77096.00390669703,94631.85082003161,95388.07442614721,1401.4402798647,0.0023,6162.625676784799,7106.634426269219,2,0,2.2737367544323206e-13,0.0,4.609987263989751,0.0,True
2025-01-10,9,M1_M6,causal_load_main,A_q2_aligned,1200.0,delivery_time_actual_price,oracle,21841.915500768355,1583.8587448186295,4614.673762061994,28040.448007648978,57140.954158876724,51320.15593938199,1621.8772271648704,12.298833333333532,7106.634426269219,10743.699660198794,3,0,1.7053025658242404e-13,0.0,4.517882323008962,0.0,True
2025-01-11,10,M1_M6,causal_load_main,A_q2_aligned,1200.0,delivery_time_actual_price,oracle,20503.54185647612,148.4575715858304,1988.669577979769,22640.66900604172,46409.77278463343,46557.833048941946,813.2022446536022,84.8869664708717,10743.699660198794,9886.911622280062,2,0,1.1368683772161603e-13,0.0,4.351706258996273,0.0,True
2025-01-12,11,M1_M6,causal_load_main,A_q2_aligned,1200.0,delivery_time_actual_price,oracle,70210.71020801661,2252.7038024933468,3161.0665180863516,75624.48052859631,90576.56126429958,91169.69920263728,767.32315268814,0.0,9886.911622280062,4965.811926769077,2,0,2.2737367544323206e-13,0.0,4.534595700999489,0.0,True
2025-01-13,12,M1_M6,causal_load_main,A_q2_aligned,1200.0,delivery_time_actual_price,oracle,68011.18542077442,902.5672433221894,2002.6584086789114,70916.4110727755,93691.37084273313,91770.78731216148,535.8972256911005,0.0,4965.811926769077,3442.28835581497,2,0,1.7053025658242404e-12,0.0,4.446624878997682,0.0,True
2025-01-14,13,M1_M6,causal_load_main,A_q2_aligned,1200.0,delivery_time_actual_price,oracle,69520.1900038697,431.69644970700216,5019.937372959347,74971.82382653606,96890.6050423049,96136.54979608557,1264.5976011159999,0.0,3442.28835581497,6641.092343633708,2,0,2.2737367544323206e-13,0.0,5.434236083005089,0.0,True
2025-01-15,14,M1_M6,causal_load_main,A_q2_aligned,1200.0,delivery_time_actual_price,oracle,69650.05039057953,1615.7133941288146,5293.327152241967,76559.09093695034,90559.74797621582,94119.26699085481,1145.4581799257762,0.0,6641.092343633708,7525.022630376328,2,0,3.410605131648481e-12,0.0,5.453756308997981,0.0,True
2025-01-16,15,M1_M6,causal_load_main,A_q2_aligned,1200.0,delivery_time_actual_price,oracle,64828.26861886311,1040.6411425699762,5581.460224258733,71450.36998569181,83902.36251933109,85971.03401496347,1240.3720680646538,0.0,7525.022630376328,2002.5287212081823,2,0,3.410605131648481e-12,0.0,5.2626080570044,0.0,True
2025-01-17,16,M1_M6,causal_load_main,A_q2_aligned,1200.0,delivery_time_actual_price,oracle,21979.732657208853,152.72149068180198,1484.3947369166885,23616.848884807347,51344.21322605209,51161.76760769078,568.5378388930528,845.1437440260983,2002.5287212081823,6757.861215053081,3,0,1.1368683772161603e-13,0.0,5.069437939004274,0.0,True
2025-01-18,17,M1_M6,causal_load_main,A_q2_aligned,1200.0,delivery_time_actual_price,oracle,22056.532613754243,822.4180274511344,2122.87916521263,25001.82980641801,53611.89858379736,50227.12195098374,718.8992498157334,612.0327539289382,6757.861215053081,10684.078732743905,2,0,1.1368683772161603e-13,0.0,4.873721568990732,0.0,True
2025-01-19,18,M1_M6,causal_load_main,A_q2_aligned,1200.0,delivery_time_actual_price,oracle,66905.61142669257,1846.4076748871912,1555.1678321576758,70307.18693373744,85169.76814541378,89060.46590047044,382.01993680864905,0.0,10684.078732743905,6795.994539026829,2,0,2.2737367544323206e-13,0.0,5.087890495007741,0.0,True
2025-01-20,19,M1_M6,causal_load_main,A_q2_aligned,1200.0,delivery_time_actual_price,oracle,66389.53962765522,621.0909378457877,7046.848401805848,74057.47896730686,89937.76966691579,91082.70192299693,1590.3468880331914,0.0,6795.994539026829,7662.225272640807,2,0,5.229594535194337e-12,0.0,5.45624152799428,0.0,True
2025-01-21,20,M1_M6,causal_load_main,A_q2_aligned,1200.0,delivery_time_actual_price,oracle,63055.57345473173,565.8551360963731,2516.0592184391367,66137.48780926724,89623.87564266869,88551.80352368698,636.4274711195254,0.0,7662.225272640807,7841.368506729845,2,0,1.1368683772161603e-13,0.0,5.294245313998545,0.0,True
2025-01-22,21,M1_M6,causal_load_main,A_q2_aligned,1200.0,delivery_time_actual_price,oracle,68071.15844563386,614.6650393964098,3142.080207362298,71827.90369239257,94462.28852538549,93859.74487094133,732.008007915432,0.0,7841.368506729845,8946.575302125957,2,0,2.2737367544323206e-13,0.0,5.3061399510042975,0.0,True
2025-01-23,22,M1_M6,causal_load_main,A_q2_aligned,1200.0,delivery_time_actual_price,oracle,65776.36832857848,1459.8631802822713,3870.062522086627,71106.29403094736,83088.47226384004,85730.51365906085,972.6178119593534,0.0,8946.575302125957,2173.619673476943,2,0,2.2737367544323206e-13,0.0,5.262995263998164,0.0,True
2025-01-24,23,M1_M6,causal_load_main,A_q2_aligned,1200.0,delivery_time_actual_price,oracle,20886.16346689917,534.7267670687017,1000.8876091233597,22421.77784309123,47482.40295545227,49731.133483280864,407.25833737326855,552.8549357722303,2173.619673476943,8273.856557711017,3,0,1.1368683772161603e-13,0.0,4.944198277997202,0.0,True
2025-01-25,24,M1_M6,causal_load_main,A_q2_aligned,1200.0,delivery_time_actual_price,oracle,19090.65419807374,349.79241826222056,461.9993405415653,19902.445956877527,43509.375426422455,45048.63789754536,223.5675906201057,985.481305246913,8273.856557711017,10799.999999776963,3,0,1.1368683772161603e-13,0.0,4.7711384180001915,0.0,True
2025-01-26,25,M1_M6,causal_load_main,A_q2_aligned,1200.0,delivery_time_actual_price,oracle,66924.4548926257,1818.6414082522347,3081.4654527718812,71824.5617536498,94652.81003056857,90774.67996515201,769.4012307810112,0.0,10799.999999776963,9377.43120608793,2,0,1.7053025658242404e-12,0.0,5.453233759995783,0.0,True
2025-01-27,26,M1_M6,causal_load_main,A_q2_aligned,1200.0,delivery_time_actual_price,oracle,61622.046316245025,1196.9645036440875,2556.768111942113,65375.77893183122,82728.33708048923,85120.57136800267,613.340447000597,0.0,9377.43120608793,6762.851915053048,2,0,2.2737367544323206e-13,0.0,5.071829937995062,0.0,True
2025-01-28,27,M1_M6,causal_load_main,A_q2_aligned,1200.0,delivery_time_actual_price,oracle,64454.306484243294,790.3078433338867,4598.109261579852,69842.72358915703,92289.89466755577,90816.06778113006,1123.2232094254541,0.0,6762.851915053048,7480.966284235996,2,0,5.229594535194337e-12,0.0,5.114936666999711,0.0,True
2025-01-29,28,M1_M6,causal_load_main,A_q2_aligned,1200.0,delivery_time_actual_price,oracle,60234.029226023755,824.2294973379028,3791.371433043678,64849.630156405336,85491.2228385193,87118.57294231032,915.685515812873,0.0,7480.966284235996,8779.085741018045,2,0,1.1368683772161603e-13,0.0,5.376028330996633,0.0,True
2025-01-30,29,M1_M6,causal_load_main,A_q2_aligned,1200.0,delivery_time_actual_price,oracle,59869.432271821584,1555.7079430104106,1618.8066109996093,63043.94682583161,78201.47936007756,81881.07387954227,331.08585931584395,6.083333333333485,8779.085741018045,2199.386003115895,2,0,1.1368683772161603e-13,0.0,5.636031392001314,0.0,True
2025-01-31,30,M1_M6,causal_load_main,A_q2_aligned,1200.0,delivery_time_actual_price,oracle,21133.782843475623,670.0875541196383,1070.531529100262,22874.401926695522,48347.24039543783,51348.57687091136,382.47322861801706,1053.2180918209854,2199.386003115895,10240.864418766998,3,0,1.1368683772161603e-13,0.0,5.618565701995976,0.0,True
2025-02-01,31,M1_M6,causal_load_main,A_q2_aligned,1200.0,delivery_time_actual_price,oracle,17530.97273621724,192.64563941868315,209.50556122627364,17933.123936862197,42683.96104217076,42304.06759012998,140.65495886288932,2191.1335684928636,10240.864418766998,10792.283199341857,2,0,1.1368683772161603e-13,0.0,5.63436448299035,0.0,True
2025-02-02,32,M1_M6,causal_load_main,A_q2_aligned,1200.0,delivery_time_actual_price,oracle,57433.91862618926,748.7379497829825,309.21050251597393,58491.86707848821,85347.12443137619,83872.59109975515,87.20066111111169,0.0,10792.283199341857,9000.101522778585,3,0,1.1368683772161603e-13,0.0,5.457588171993848,0.0,True
2025-02-03,33,M1_M6,causal_load_main,A_q2_aligned,1200.0,delivery_time_actual_price,oracle,59182.70429030762,1617.9100545722079,1398.98041647366,62199.5947613535,89679.68082720689,85811.02129618352,293.3586751237466,0.00225,9000.101522778585,8884.246609282009,3,0,2.2737367544323206e-13,0.0,5.277728646993637,0.0,True
2025-02-04,34,M1_M6,causal_load_main,A_q2_aligned,1200.0,delivery_time_actual_price,oracle,60511.891205483196,1544.4665168833485,694.2282372006578,62750.58595956721,88696.76837665387,85564.95069700852,147.85149152936492,0.0,8884.246609282009,5724.685354158941,2,0,2.2737367544323206e-13,0.0,4.88630649400875,0.0,True
2025-02-05,35,M1_M6,causal_load_main,A_q2_aligned,1200.0,delivery_time_actual_price,oracle,62516.83173508815,770.2078720519121,514.9795175243019,63802.019124664366,90194.62454915053,91283.08218276137,96.06803979754747,2.052500000000009,5724.685354158941,8979.16064105637,2,0,1.1368683772161603e-13,0.0,5.279773100002785,0.0,True
2025-02-06,36,M1_M6,causal_load_main,A_q2_aligned,1200.0,delivery_time_actual_price,oracle,57718.94413796577,2559.691664684464,839.3298274645442,61117.965630114784,87259.83443975347,81473.35860423846,167.49708351592503,0.0023,8979.16064105637,4084.158467827347,3,0,1.2789769243681803e-13,0.0,5.429550369008211,0.0,True
2025-02-07,37,M1_M6,causal_load_main,A_q2_aligned,1200.0,delivery_time_actual_price,oracle,16844.00500792551,674.863928919436,47.93442238010394,17566.803359225054,45707.20127979123,42490.43130455923,12.294029848705806,3694.6663027777768,4084.158467827347,6883.533738116721,3,0,1.1368683772161603e-13,0.0,5.419053450008505,0.0,True
2025-02-08,38,M1_M6,causal_load_main,A_q2_aligned,1200.0,delivery_time_actual_price,oracle,16457.605145680718,193.86592138007336,346.91697686646023,16998.38804392725,41851.21722698936,42421.79333725471,99.74488421607606,2051.3950618439035,6883.533738116721,10799.999999759506,3,0,1.1368683772161603e-13,0.0,4.859341344010318,0.0,True
2025-02-09,39,M1_M6,causal_load_main,A_q2_aligned,1200.0,delivery_time_actual_price,oracle,58670.769962287275,1130.873717559891,329.46737114197623,60131.11105098913,84480.77548365359,84174.22479209761,59.495649173371135,0.0,10799.999999759506,8028.694090107542,2,0,1.1368683772161603e-13,0.0,5.445221966991085,0.0,True
2025-02-10,40,M1_M6,causal_load_main,A_q2_aligned,1200.0,delivery_time_actual_price,oracle,53220.07988884144,1321.8883496007188,925.2810283159841,55467.24926675815,84483.38186864578,81338.92846906213,254.37178874702397,80.18030402480181,8028.694090107542,8689.403604452838,2,0,2.2737367544323206e-13,0.0,4.881517125002574,0.0,True
2025-02-11,41,M1_M6,causal_load_main,A_q2_aligned,1200.0,delivery_time_actual_price,oracle,52888.30628621872,1803.6168398617608,1023.916797078451,55715.83992315893,83586.24009163326,79532.43698090993,225.70965948759954,123.28266666666644,8689.403604452838,7792.353691146206,3,0,1.1368683772161603e-13,0.0,5.649286050000228,0.0,True
2025-02-12,42,M1_M6,causal_load_main,A_q2_aligned,1200.0,delivery_time_actual_price,oracle,52871.11616818607,1815.4653675537872,1642.723281676696,56329.30481741657,84313.59985405966,80040.14603507888,343.1345837200248,32.49888333333313,7792.353691146206,7764.342829263914,3,0,2.2737367544323206e-13,0.0,5.449376231990755,0.0,True
2025-02-13,43,M1_M6,causal_load_main,A_q2_aligned,1200.0,delivery_time_actual_price,oracle,47741.858301431384,1381.22377955948,453.83182646458795,49576.91390745545,73922.94760635658,72100.30582539867,97.22363750000166,159.9005500000001,7764.342829263914,2418.1492114498305,2,0,9.094947017729282e-13,0.0,5.080863343988312,0.0,True
2025-02-14,44,M1_M6,causal_load_main,A_q2_aligned,1200.0,delivery_time_actual_price,oracle,16177.1006772943,240.35403483771364,684.3560264090233,17101.810738541037,40734.69188773307,41459.8641418717,202.05554830246717,3657.5190726463725,2418.1492114498305,6654.876739982515,3,0,1.1368683772161603e-13,0.0,5.0104673559981165,0.0,True
2025-02-15,45,M1_M6,causal_load_main,A_q2_aligned,1200.0,delivery_time_actual_price,oracle,16506.924734527212,66.00830731124722,1011.4795799807165,17584.412621819174,40669.15980486598,40912.41467546724,354.20715386664966,4394.242329149475,6654.876739982515,10692.013819104584,2,0,1.1368683772161603e-13,0.0,5.270526512002107,0.0,True
2025-02-16,46,M1_M6,causal_load_main,A_q2_aligned,1200.0,delivery_time_actual_price,oracle,49258.93880800965,2605.607828335706,3842.2177207573914,55706.76435710275,79604.35323452349,73247.5395504231,920.5411962151447,13.392566666666733,10692.013819104584,5694.725764943872,2,0,1.1368683772161603e-13,0.0,5.687679234993993,0.0,True
2025-02-17,47,M1_M6,causal_load_main,A_q2_aligned,1200.0,delivery_time_actual_price,oracle,49939.07723936593,3269.752012205483,1928.390346457376,55137.21959802879,86244.82843555917,77604.08200039552,451.44823062800214,207.79652348472342,5694.725764943872,6996.807085709238,2,0,1.1368683772161603e-13,0.0,5.665303838002728,0.0,True
2025-02-18,48,M1_M6,causal_load_main,A_q2_aligned,1200.0,delivery_time_actual_price,oracle,50344.24460836453,738.119535768371,2576.9348055725713,53659.29894970547,76389.13511961653,78591.47489265609,550.9325542369186,106.06716004429478,6996.807085709238,7853.461340651294,2,0,1.6342482922482304e-13,0.0,5.458686679994571,0.0,True
2025-02-19,49,M1_M6,causal_load_main,A_q2_aligned,1200.0,delivery_time_actual_price,oracle,48962.022146653726,621.1688142951585,2710.109560268349,52293.30052121724,74892.9963667861,75778.89557043333,644.9716968392523,73.13556666666781,7853.461340651294,6683.465962507053,3,0,1.1368683772161603e-13,0.0,5.072727013000986,0.0,True
2025-02-20,50,M1_M6,causal_load_main,A_q2_aligned,1200.0,delivery_time_actual_price,oracle,47544.24196163775,1346.1317611944546,1907.606506643678,50797.980229475885,74967.58599826667,71977.41691983596,393.3509167364208,242.69872916667012,6683.465962507053,3010.8395709002443,3,0,1.9326762412674725e-12,0.0,5.239498955008457,0.0,True
2025-02-21,51,M1_M6,causal_load_main,A_q2_aligned,1200.0,delivery_time_actual_price,oracle,14214.425600731787,75.6324565947444,886.1590685485118,15176.217125875044,35861.12119630577,36077.97754065809,276.4426976117298,6308.7813856093335,3010.8395709002443,4468.735767737271,3,0,1.1368683772161603e-13,0.0,5.224291612001252,0.0,True
2025-02-22,52,M1_M6,causal_load_main,A_q2_aligned,1200.0,delivery_time_actual_price,oracle,16070.59094074657,120.16373586406746,1487.5439513384226,17678.298627949065,40908.75882425869,40930.75666779374,440.2989183623113,3773.1570511174896,4468.735767737271,10718.08561021634,3,0,1.1368683772161603e-13,0.0,5.035789260000456,0.0,True
2025-02-23,53,M1_M6,causal_load_main,A_q2_aligned,1200.0,delivery_time_actual_price,oracle,46523.29263238236,1323.0660848793552,3827.54662591598,51673.90534317771,74174.36912572703,71629.46141196307,978.8360657638805,205.26667500000008,10718.08561021634,7506.511482140916,3,0,1.1368683772161603e-13,0.0,4.753535326992278,0.0,True
2025-02-24,54,M1_M6,causal_load_main,A_q2_aligned,1200.0,delivery_time_actual_price,oracle,47449.236488953306,251.44863294148774,2118.685985704345,49819.37110759913,73129.57136705607,73257.16649006188,390.9924095386877,621.535791666666,7506.511482140916,6779.480583630587,3,0,1.2789769243681803e-13,0.0,5.12062909200904,0.0,True
2025-02-25,55,M1_M6,causal_load_main,A_q2_aligned,1200.0,delivery_time_actual_price,oracle,44373.9280092028,2358.2046343520215,3065.1325292814977,49797.26517283631,78217.17279246583,71843.29973984293,690.2843533963805,464.6625166666644,6779.480583630587,8230.35197273569,3,0,1.1368683772161603e-13,0.0,5.077274672992644,0.0,True
2025-02-26,56,M1_M6,causal_load_main,A_q2_aligned,1200.0,delivery_time_actual_price,oracle,45561.88885343245,1012.3889848815747,2711.4776539706427,49285.75549228467,69170.44903870477,72106.92251607086,580.9461376863511,396.3063787626297,8230.35197273569,7687.551520650189,3,0,1.1368683772161603e-13,0.0,5.073694379010703,0.0,True
2025-02-27,57,M1_M6,causal_load_main,A_q2_aligned,1200.0,delivery_time_actual_price,oracle,41898.59698979133,617.3379605522689,2296.2419047057574,44812.17685504935,65223.193139797884,65427.51000873878,475.00528472495535,255.77252499999724,7687.551520650189,2219.2635167060876,3,0,1.1481284351114738e-13,0.0,4.937315575996763,0.0,True
2025-02-28,58,M1_M6,causal_load_main,A_q2_aligned,1200.0,delivery_time_actual_price,oracle,14607.188899195316,131.91392028188608,1184.9602420409806,15924.063061518182,38762.93463791993,38801.54167171394,413.50009218343195,7296.092089621677,2219.2635167060876,7831.256944569555,3,0,1.1368683772161603e-13,0.0,4.7502341299987165,0.0,True
2025-03-01,59,M1_M6,causal_load_main,A_q2_aligned,1200.0,delivery_time_actual_price,oracle,14067.365183684615,268.86847725078087,1339.391944053769,15675.625604989162,38323.1619979564,36960.10220036198,377.37849371980184,7271.698509722223,7831.256944569555,10670.373592437685,2,0,1.1368683772161603e-13,0.0,5.0663412530120695,0.0,True
2025-03-02,60,M1_M6,causal_load_main,A_q2_aligned,1200.0,delivery_time_actual_price,oracle,50505.3417875475,1004.538001577982,2460.8016519727216,53970.681441098204,77729.49706658191,78049.67197188671,453.86136013691396,134.32283333333316,10670.373592437685,9027.49382052939,3,0,2.2737367544323206e-13,0.0,4.577481683008955,0.0,True
2025-03-03,61,M1_M6,causal_load_main,A_q2_aligned,1200.0,delivery_time_actual_price,oracle,48503.98888348541,2366.584121761705,3307.0470835392807,54177.620088786396,80146.82078222228,75495.4951934261,794.3528771891356,143.18612500000063,9027.49382052939,7451.521327388928,2,0,1.1368683772161603e-13,0.0,5.669772036009817,0.0,True
2025-03-04,62,M1_M6,causal_load_main,A_q2_aligned,1200.0,delivery_time_actual_price,oracle,46702.75469836007,684.9398250824572,3114.960988789998,50502.65551223253,71802.41421652732,73658.20500427959,781.9396915811263,371.47075533271766,7451.521327388928,6667.378989595972,3,0,2.2737367544323206e-13,0.0,5.461374424005044,0.0,True
2025-03-05,63,M1_M6,causal_load_main,A_q2_aligned,1200.0,delivery_time_actual_price,oracle,44030.02278625258,1778.6429846559226,4167.7878256135755,49976.45359652207,77239.77227956102,72252.8169906346,979.45275966809,367.6284166666669,6667.378989595972,7456.621980048705,3,0,1.1368683772161603e-13,0.0,4.878149194002617,0.0,True
2025-03-06,64,M1_M6,causal_load_main,A_q2_aligned,1200.0,delivery_time_actual_price,oracle,41392.27456011857,494.54913449663246,1975.7843050038389,43862.60799961904,65586.58981173295,65056.57302188599,399.75266953434397,632.227715277777,7456.621980048705,1961.520731632049,2,0,1.1368683772161603e-13,0.0,4.883217312992201,0.0,True
2025-03-07,65,M1_M6,causal_load_main,A_q2_aligned,1200.0,delivery_time_actual_price,oracle,14646.617745126132,141.3263558793829,1948.0858811275807,16736.029982133092,39649.80021172227,39276.340156115184,711.9492558168487,9124.514080555557,1961.520731632049,8272.320305286326,3,0,1.1368683772161603e-13,0.0,4.921792783003184,0.0,True
2025-03-08,66,M1_M6,causal_load_main,A_q2_aligned,1200.0,delivery_time_actual_price,oracle,13019.56862298572,112.17390804675892,282.0589441838323,13413.801475216313,34287.839471744264,35111.092145210074,103.92364588621555,10333.07747657442,8272.320305286326,10672.555417426001,3,0,1.1368683772161603e-13,0.0,5.230098440995789,0.0,True
2025-03-09,67,M1_M6,causal_load_main,A_q2_aligned,1200.0,delivery_time_actual_price,oracle,40340.70893197766,1932.1357582816713,2346.5758424684495,44619.420532727774,72303.41586947079,65881.64391577506,591.1368058022667,306.06699475308466,10672.555417426001,8286.207694844195,3,0,2.2737367544323206e-13,0.0,5.1787894789886195,0.0,True
2025-03-10,68,M1_M6,causal_load_main,A_q2_aligned,1200.0,delivery_time_actual_price,oracle,44581.34060719236,488.65657714173767,3633.0456437528364,48703.04282808693,68963.52927232432,69977.1310204861,820.7658259443465,446.31626218110574,8286.207694844195,6096.621473118222,2,0,1.1368683772161603e-13,0.0,5.11294056600309,0.0,True
2025-03-11,69,M1_M6,causal_load_main,A_q2_aligned,1200.0,delivery_time_actual_price,oracle,42376.603648727265,1808.7063552515056,2632.0761052178286,46817.38610919659,63560.62544872673,69564.9888523517,619.2864240497945,844.2793458333339,6096.621473118222,6886.491797270347,3,0,2.2737367544323206e-13,0.0,5.2839792470040265,0.0,True
2025-03-12,70,M1_M6,causal_load_main,A_q2_aligned,1200.0,delivery_time_actual_price,oracle,39821.18387664168,1824.7483740902865,1699.764675626647,43345.69692635861,70726.88858883659,65168.03166521732,375.32622712003484,1062.5090458333348,6886.491797270347,5020.186770449785,3,0,1.8189894035458565e-12,0.0,5.094174714002293,0.0,True
2025-03-13,71,M1_M6,causal_load_main,A_q2_aligned,1200.0,delivery_time_actual_price,oracle,43901.24501584781,322.3244465832504,3264.2354054720704,47487.804867903134,69180.99530631234,69393.99214837793,684.9767657807811,72.19700277777771,5020.186770449785,1990.5694147589986,2,0,1.4210854715202004e-13,0.0,4.888896918986575,0.0,True
2025-03-14,72,M1_M6,causal_load_main,A_q2_aligned,1200.0,delivery_time_actual_price,oracle,12403.19636978191,130.47390892884476,793.7896040343994,13327.459882745155,34516.16241864154,35014.405015754106,226.71903965171788,12260.60804949822,1990.5694147589986,5568.505462259269,3,0,1.1368683772161603e-13,0.0,4.488420944995596,0.0,True
2025-03-15,73,M1_M6,causal_load_main,A_q2_aligned,1200.0,delivery_time_actual_price,oracle,13255.752032349921,140.20124958132192,1518.7926440176886,14914.745925948931,34926.94176832617,35353.93848452135,466.2196553232691,7557.198535609331,5568.505462259269,9912.722302660994,3,0,1.7621459846850485e-12,0.0,4.867506073002005,0.0,True
2025-03-16,74,M1_M6,causal_load_main,A_q2_aligned,1200.0,delivery_time_actual_price,oracle,40340.08893068345,887.5252445842432,858.130727284258,42085.74490255195,65255.41197854918,65354.79291264906,209.86811536482242,462.95613749999893,9912.722302660994,6797.806035252526,3,0,2.2737367544323206e-13,0.0,5.081835538992891,0.0,True
2025-03-17,75,M1_M6,causal_load_main,A_q2_aligned,1200.0,delivery_time_actual_price,oracle,36645.71437365674,1755.2765346681883,2601.836736706169,41002.827645031095,65039.162807143635,61706.9410339536,885.8191357856306,275.9723773148135,6797.806035252526,7643.760180555974,3,0,1.1368683772161603e-13,0.0,4.556547308005975,0.0,True
2025-03-18,76,M1_M6,causal_load_main,A_q2_aligned,1200.0,delivery_time_actual_price,oracle,38416.957958586885,2314.5996855275603,1637.8939251003499,42369.45156921479,70240.0915416404,63296.16798469698,336.9169322724951,643.9417847222235,7643.760180555974,4839.975315960153,3,0,1.1368683772161603e-13,0.0,4.900959878999856,0.0,True
2025-03-19,77,M1_M6,causal_load_main,A_q2_aligned,1200.0,delivery_time_actual_price,oracle,39472.39841166638,1292.7036865515015,2690.7545944786298,43455.856692696514,62464.23388330282,67089.16628553675,849.0894628703854,943.3620020061763,4839.975315960153,7771.551315017233,3,0,1.3500311979441904e-13,0.0,4.986150250013452,0.0,True
2025-03-20,78,M1_M6,causal_load_main,A_q2_aligned,1200.0,delivery_time_actual_price,oracle,36217.97863940371,1557.4218315051667,6557.639164796081,44333.03963570495,61854.81798589579,58167.72681689169,1923.1164009165009,0.9398166666666666,7771.551315017233,2059.8048743686463,2,0,1.1368683772161603e-13,0.0,4.564305751002394,0.0,True
2025-03-21,79,M1_M6,causal_load_main,A_q2_aligned,1200.0,delivery_time_actual_price,oracle,12292.200687458428,100.57492316769661,1496.4711795840624,13889.246790210189,34762.51549946166,34699.67961477025,535.3686550484501,15112.773198572295,2059.8048743686463,7414.8765525115705,3,0,1.1368683772161603e-13,0.0,4.520745789006469,0.0,True
2025-03-22,80,M1_M6,causal_load_main,A_q2_aligned,1200.0,delivery_time_actual_price,oracle,12291.378131941547,113.65843026015796,532.3582012908403,12937.394763492546,33597.96356344917,33253.53763963815,288.02533080187413,11380.886404256249,7414.8765525115705,10686.893891801124,3,0,1.1368683772161603e-13,0.0,5.052204420993803,0.0,True
2025-03-23,81,M1_M6,causal_load_main,A_q2_aligned,1200.0,delivery_time_actual_price,oracle,35915.47767251742,1628.7726264445776,2011.268211723616,39555.51851068563,64412.45187407008,59815.14106605541,444.42895893018675,1151.046413734566,10686.893891801124,6471.228072852815,3,0,1.8189894035458565e-12,0.0,5.276811628005817,0.0,True
2025-03-24,82,M1_M6,causal_load_main,A_q2_aligned,1200.0,delivery_time_actual_price,oracle,36127.93331556996,1153.6991730173877,2016.6856825345897,39298.31817112194,62739.03127785187,60270.294666366884,624.7669903856445,849.1234777777772,6471.228072852815,4763.880032796324,3,0,1.1368683772161603e-13,0.0,4.566090891006752,0.0,True
2025-03-25,83,M1_M6,causal_load_main,A_q2_aligned,1200.0,delivery_time_actual_price,oracle,36937.61449312554,2731.056273695995,3648.123342373763,43316.7941091953,70604.47708640073,61746.74512191722,983.2846931268479,106.3083625000001,4763.880032796324,3481.042078153152,3,0,2.2737367544323206e-13,0.0,5.288454545006971,0.0,True
2025-03-26,84,M1_M6,causal_load_main,A_q2_aligned,1200.0,delivery_time_actual_price,oracle,36953.0722783173,1285.166984815412,765.9439545362555,39004.183217668964,65186.19906066079,63220.84360670873,225.02102983710103,960.8614262345667,3481.042078153152,7112.523643063752,3,0,2.2737367544323206e-13,0.0,4.911960653000278,0.0,True
2025-03-27,85,M1_M6,causal_load_main,A_q2_aligned,1200.0,delivery_time_actual_price,oracle,33339.95471958791,1528.4137671310814,4595.305859810344,39463.67434652934,60072.722986021545,55106.08244600839,1529.4678554130003,138.26616388888456,7112.523643063752,2006.5437540507226,3,0,1.1368683772161603e-13,0.0,4.849298950997763,0.0,True
2025-03-28,86,M1_M6,causal_load_main,A_q2_aligned,1200.0,delivery_time_actual_price,oracle,12233.911006790602,25.717282195166277,708.5655311078913,12968.19382009366,34289.51167142706,34215.2939058887,277.65037555974936,15932.842263078473,2006.5437540507226,7015.229374776674,3,0,1.1368683772161603e-13,0.0,4.691500564003945,0.0,True
2025-03-29,87,M1_M6,causal_load_main,A_q2_aligned,1200.0,delivery_time_actual_price,oracle,11607.791610651842,133.91032716023204,1186.5774757193249,12928.2794135314,31701.282142959884,32115.718870313074,396.28482155313293,18793.139791620466,7015.229374776674,10672.918437672273,3,0,1.1368683772161603e-13,0.0,4.838124097004766,0.0,True
2025-03-30,88,M1_M6,causal_load_main,A_q2_aligned,1200.0,delivery_time_actual_price,oracle,31431.757048360545,1881.1108580654432,5056.305534923751,38369.17344134975,60676.86528453061,53485.49991989118,1519.9633134827388,13.641773611110558,10672.918437672273,7510.008941259937,3,0,2.2737367544323206e-13,0.0,4.92528095599846,0.0,True
2025-03-31,89,M1_M6,causal_load_main,A_q2_aligned,1200.0,delivery_time_actual_price,oracle,33946.746467829915,1083.1110683640475,3790.2492187299467,38820.10675492391,52506.81447519269,57011.41750123145,1072.7682283798604,462.0249817214245,7510.008941259937,5349.36756463248,3,0,2.2737367544323206e-13,0.0,5.086498489996302,0.0,True
2025-04-01,90,M1_M6,causal_load_main,A_q2_aligned,1200.0,delivery_time_actual_price,oracle,38489.74740815563,1613.1242382611495,3803.74172318514,43906.613369601924,69274.63189435791,64882.12630700856,1096.671711045291,602.6717555555538,5349.36756463248,6969.789068650204,3,0,1.4210854715202004e-13,0.0,5.083482011992601,0.0,True
2025-04-02,91,M1_M6,causal_load_main,A_q2_aligned,1200.0,delivery_time_actual_price,oracle,37703.200618389266,219.41084958796142,3822.2162603465526,41744.82772832378,64987.933999379115,64524.22369405581,1011.3850682637134,448.47109768518334,6969.789068650204,7673.405040531963,3,0,1.1368683772161603e-13,0.0,4.935809444999904,0.0,True
2025-04-03,92,M1_M6,causal_load_main,A_q2_aligned,1200.0,delivery_time_actual_price,oracle,32794.31425566492,1829.7545044381864,2143.5575463197183,36767.626306422826,59385.78152397606,53637.21759084641,702.813084205912,835.4490898347899,7673.405040531963,1990.569414749963,3,0,1.1368683772161603e-13,0.0,4.572109596003429,0.0,True
2025-04-04,93,M1_M6,causal_load_main,A_q2_aligned,1200.0,delivery_time_actual_price,oracle,11094.302776266775,21.581275840888992,1172.636022564707,12288.520074672373,31192.012754763367,31221.48919839754,502.5719780869975,18682.900495776103,1990.569414749963,6295.845616858047,3,0,1.1368683772161603e-13,0.0,4.848251827002969,0.0,True
2025-04-05,94,M1_M6,causal_load_main,A_q2_aligned,1200.0,delivery_time_actual_price,oracle,11618.143003069337,93.28238055552414,5193.847123354494,16905.272506979356,31373.04273245696,31668.56692707781,2257.613539613411,15062.381900887107,6295.845616858047,10592.800237121335,3,0,1.1368683772161603e-13,0.0,5.08528052001202,0.0,True
2025-04-06,95,M1_M6,causal_load_main,A_q2_aligned,1200.0,delivery_time_actual_price,oracle,32175.17781616363,1454.7759210572926,2534.043239544052,36163.99697676497,56915.725555791294,53404.42901992,772.7937740836494,1020.4261254629605,10592.800237121335,5948.410488637206,3,0,1.1368683772161603e-13,0.0,4.959884266994777,0.0,True
2025-04-07,96,M1_M6,causal_load_main,A_q2_aligned,1200.0,delivery_time_actual_price,oracle,31827.806475700654,687.5455911997399,2196.6721217045683,34712.02418860496,52126.41793428433,54057.232136600556,645.7602926474805,303.8447361111092,5948.410488637206,4481.357661635144,3,0,1.1368683772161603e-13,0.0,5.104846566988272,0.0,True
2025-04-08,97,M1_M6,causal_load_main,A_q2_aligned,1200.0,delivery_time_actual_price,oracle,34780.59639808435,1437.161480748239,4246.682278020024,40464.440156852615,65370.65976864081,60276.836196147444,1028.6182973771047,859.3172200617279,4481.357661635144,7371.716613851601,3,0,1.1368683772161603e-13,0.0,4.341464579993044,0.0,True
2025-04-09,98,M1_M6,causal_load_main,A_q2_aligned,1200.0,delivery_time_actual_price,oracle,35696.87599709292,441.3630495848147,3548.3988808979057,39686.63792757563,59860.429074240215,61024.515273478115,930.5438905049525,828.1615645937867,7371.716613851601,6248.977469877036,3,0,1.4210854715202004e-13,0.0,5.087767927994719,0.0,True
2025-04-10,99,M1_M6,causal_load_main,A_q2_aligned,1200.0,delivery_time_actual_price,oracle,31836.51184285597,1101.6646945011273,4095.5725433886155,37033.749080745714,54976.4237086778,53637.11914089376,1066.8078537726878,167.44484043269546,6248.977469877036,2137.8818851615665,3,0,1.1368683772161603e-13,0.0,4.67583725899749,0.0,True
2025-04-11,100,M1_M6,causal_load_main,A_q2_aligned,1200.0,delivery_time_actual_price,oracle,10424.115221469014,127.66273054811606,3426.129713103813,13977.907665120945,29408.265492780087,29816.66930556521,1336.5808473822015,19730.53816523896,2137.8818851615665,5699.220009305792,3,0,1.1368683772161603e-13,0.0,5.136167372009368,0.0,True
2025-04-12,101,M1_M6,causal_load_main,A_q2_aligned,1200.0,delivery_time_actual_price,oracle,10691.00668209142,198.54607182602768,939.0487612089046,11828.601515126353,30824.32262236027,30326.772985081305,434.6887410445838,15565.279808726315,5699.220009305792,9302.378922750428,3,0,1.1368683772161603e-13,0.0,4.8983586429967545,0.0,True
2025-04-13,102,M1_M6,causal_load_main,A_q2_aligned,1200.0,delivery_time_actual_price,oracle,31483.814535924397,352.7442695240994,3438.0891801372527,35274.64798558575,53178.117874534044,53086.62865852578,940.0591440841317,175.7644966049404,9302.378922750428,5972.065652598993,3,0,2.2737367544323206e-13,0.0,4.900450237997575,0.0,True
2025-04-14,103,M1_M6,causal_load_main,A_q2_aligned,1200.0,delivery_time_actual_price,oracle,31184.107214448464,1739.4158277183042,7715.972891161684,40639.49593332845,59931.686520822186,54438.909536943516,2243.5542596916216,1528.799927092131,5972.065652598993,6136.824736489733,3,0,1.1368683772161603e-13,0.0,4.70465706899995,0.0,True
2025-04-15,104,M1_M6,causal_load_main,A_q2_aligned,1200.0,delivery_time_actual_price,oracle,31532.02603806743,525.289282136303,4640.89311360518,36698.20843380891,54077.985638959086,55820.48504307287,1081.5109414425312,880.2787032019255,6136.824736489733,8491.397296167492,3,0,1.1368683772161603e-13,0.0,4.94105394599319,0.0,True
2025-04-16,105,M1_M6,causal_load_main,A_q2_aligned,1200.0,delivery_time_actual_price,oracle,32822.380344630525,739.3259107218923,3316.193948618063,36877.90020397048,56174.77809739769,55992.45660554958,932.170743736372,90.82629166666754,8491.397296167492,6604.084843834707,3,0,1.1368683772161603e-13,0.0,5.14382458399632,0.0,True
2025-04-17,106,M1_M6,causal_load_main,A_q2_aligned,1200.0,delivery_time_actual_price,oracle,30213.55165133697,759.4947180587952,4983.689602178316,35956.73597157409,47354.165132198505,50449.935104471806,1308.3532703473784,323.15657850719583,6604.084843834707,2195.1014263551097,3,0,1.7053025658242404e-13,0.0,4.445883943000808,0.0,True
2025-04-18,107,M1_M6,causal_load_main,A_q2_aligned,1200.0,delivery_time_actual_price,oracle,10495.866155111602,57.01620137619474,2904.0281630408426,13456.91051952864,30197.33890171487,30244.476763971878,1348.7303173549521,18335.927328356243,2195.1014263551097,6718.004410649537,3,0,1.1368683772161603e-13,0.0,4.922618748008972,0.0,True
2025-04-19,108,M1_M6,causal_load_main,A_q2_aligned,1200.0,delivery_time_actual_price,oracle,10572.591682629927,161.10472163785633,1178.0710028141332,11911.767407081916,29579.591461712986,30110.772454581427,520.2619027948649,17070.16422418958,6718.004410649537,10694.846823199761,3,0,1.1368683772161603e-13,0.0,4.381463405996328,0.0,True
2025-04-20,109,M1_M6,causal_load_main,A_q2_aligned,1200.0,delivery_time_actual_price,oracle,29502.65840629777,454.715474791501,3014.46397270594,32971.83785379521,47122.394336301644,48633.75496091452,1024.2352071911073,275.20545993124347,10694.846823199761,5311.194784976156,3,0,3.410605131648481e-12,0.0,5.6639203099912265,0.0,True
2025-04-21,110,M1_M6,causal_load_main,A_q2_aligned,1200.0,delivery_time_actual_price,oracle,29861.652445828367,1007.9713262765812,4208.458338687049,35078.082110792,56127.22176797972,52003.89167359052,1089.8773966952995,2459.776035867428,5311.194784976156,5020.607166885599,3,0,3.410605131648481e-12,0.0,4.491629395008204,0.0,True
2025-04-22,111,M1_M6,causal_load_main,A_q2_aligned,1200.0,delivery_time_actual_price,oracle,30703.91233074773,656.4372674511276,4479.580906601115,35839.93050479997,50090.84531653684,52101.91469009756,1451.5570486155916,224.1146555555538,5020.607166885599,3467.599148482495,3,0,1.1368683772161603e-13,0.0,4.440727291002986,0.0,True
2025-04-23,112,M1_M6,causal_load_main,A_q2_aligned,1200.0,delivery_time_actual_price,oracle,33051.207180442376,1153.269689628473,3633.084951107785,37837.561821178635,54006.44168477455,58304.97589059685,1192.805816859738,1104.410949935446,3467.599148482495,7508.631988504138,3,0,1.1368683772161603e-13,0.0,4.638024398998823,0.0,True
2025-04-24,113,M1_M6,causal_load_main,A_q2_aligned,1200.0,delivery_time_actual_price,oracle,29074.31584389863,862.5380096567551,2170.6866264040036,32107.540479959385,45908.33916777179,49006.52952134496,537.141159988971,3585.2514544364967,7508.631988504138,2831.5022939083483,3,0,1.1368683772161603e-13,0.0,4.431619451002916,0.0,True
2025-04-25,114,M1_M6,causal_load_main,A_q2_aligned,1200.0,delivery_time_actual_price,oracle,9372.207129492423,174.05049092616454,2025.7210006887644,11571.978621107352,28859.390521711113,28418.55106464662,734.9515327870029,20937.5046211127,2831.5022939083483,6543.059537481771,3,0,1.1368683772161603e-13,0.0,4.62729432398919,0.0,True
2025-04-26,115,M1_M6,causal_load_main,A_q2_aligned,1200.0,delivery_time_actual_price,oracle,10091.064443377742,78.90502795772541,1431.35330304879,11601.322774384256,28472.511250568983,28742.46353901075,551.1730203423998,23311.36993993032,6543.059537481771,9780.097229967481,2,0,2.2737367544323206e-13,0.0,4.683950692997314,0.0,True
2025-04-27,116,M1_M6,causal_load_main,A_q2_aligned,1200.0,delivery_time_actual_price,oracle,29046.3750831827,885.2866543563224,4785.520756143323,34717.18249368235,46782.18888623402,49754.29026719745,1262.9827082112051,2026.719763271605,9780.097229967481,6864.846427459114,3,0,1.1368683772161603e-13,0.0,5.13245293100772,0.0,True
2025-04-28,117,M1_M6,causal_load_main,A_q2_aligned,1200.0,delivery_time_actual_price,oracle,34124.50661290075,869.5717136761659,2660.2332109689823,37654.311537545895,58299.763416513066,59023.95308621046,697.8796307693942,182.76211574073918,6864.846427459114,5954.731726202484,3,0,1.1368683772161603e-13,0.0,5.015845834990614,0.0,True
2025-04-29,118,M1_M6,causal_load_main,A_q2_aligned,1200.0,delivery_time_actual_price,oracle,30229.453401447186,879.5586451076175,2748.733956364753,33857.74600291956,51300.188507284634,52562.083323799,667.6584222163019,1116.7202513500758,5954.731726202484,7300.152789541966,3,0,1.1368683772161603e-13,0.0,4.778011728005367,0.0,True
2025-04-30,119,M1_M6,causal_load_main,A_q2_aligned,1200.0,delivery_time_actual_price,oracle,28900.672275378034,286.3692536976982,4454.856467188485,33641.89799626422,48914.689059183205,49829.9607816316,1449.920296866098,125.7554787140773,7300.152789541966,7659.09528606621,3,0,1.6342482922482304e-13,0.0,4.649284591010655,0.0,True
2025-05-01,120,M1_M6,causal_load_main,A_q2_aligned,1200.0,delivery_time_actual_price,oracle,29321.29689467219,983.1440890041836,16633.40534782391,46937.84633150029,44886.176348008885,48065.289184023015,3796.1648572818335,3311.5602559797035,7659.09528606621,1955.2859059579757,3,0,1.1368683772161603e-13,0.0,4.579886040999554,0.0,True
2025-05-02,121,M1_M6,causal_load_main,A_q2_aligned,1200.0,delivery_time_actual_price,oracle,9661.51420471661,42.39297294785798,9456.363137226683,19160.270314891153,26538.18000391165,26410.194551457775,2671.180717704751,12765.212047023,1955.2859059579757,1601.1674981569802,3,0,1.1368683772161603e-13,0.0,4.696706820002873,0.0,True
2025-05-03,122,M1_M6,causal_load_main,A_q2_aligned,1200.0,delivery_time_actual_price,oracle,12341.709065775307,14.238746795338699,9982.121429934545,22338.06924250519,34429.31765460863,34471.830062438334,2711.2621322633204,17320.931236998218,1601.1674981569802,10290.01988165612,3,0,1.1368683772161603e-13,0.0,4.763894889008952,0.0,True
2025-05-04,123,M1_M6,causal_load_main,A_q2_aligned,1200.0,delivery_time_actual_price,oracle,26720.26268827469,635.0698204795037,20242.668207183906,47598.000715938106,45284.97512498949,43341.17363758436,4681.659211900929,2011.4979283267755,10290.01988165612,2547.1593539595556,3,0,2.2737367544323206e-13,0.0,4.215940010006307,0.0,True
2025-05-05,124,M1_M6,causal_load_main,A_q2_aligned,1200.0,delivery_time_actual_price,oracle,32487.25377635385,297.1687465545481,17533.1068905844,50317.5294134928,55889.58906522813,55329.357582778684,3607.1348118280857,533.6661337337439,2547.1593539595556,3182.706711265762,3,0,2.2737367544323206e-13,0.0,4.68904385100177,0.0,True
2025-05-06,125,M1_M6,causal_load_main,A_q2_aligned,1200.0,delivery_time_actual_price,oracle,30791.746472174458,853.7157070806854,19055.113694744883,50700.57587400003,48346.888878485464,50833.37487007395,4354.319951709902,193.10126512637595,3182.706711265762,2941.187760091019,3,0,1.1368683772161603e-13,0.0,4.569830116000958,0.0,True
2025-05-07,126,M1_M6,causal_load_main,A_q2_aligned,1200.0,delivery_time_actual_price,oracle,33822.774271907794,720.7930249358367,16741.01129440656,51284.5785912502,54128.614377588856,57264.16464914933,3428.5080451654217,363.73176743831044,2941.187760091019,5632.737333367327,3,0,1.5631940186722204e-13,0.0,4.578013817997999,0.0,True
2025-05-08,127,M1_M6,causal_load_main,A_q2_aligned,1200.0,delivery_time_actual_price,oracle,30715.166761518827,657.7767808044623,14090.064450937325,45463.00799326061,52665.57385558468,51717.71024061528,3145.752682966695,225.63452500000136,5632.737333367327,1948.353402714498,3,0,1.1368683772161603e-13,0.0,4.640388261002954,0.0,True
2025-05-09,128,M1_M6,causal_load_main,A_q2_aligned,1200.0,delivery_time_actual_price,oracle,10136.733454707315,189.1763293016023,8958.834719749226,19284.744503758142,27148.553008490184,27690.388140342664,2904.127557824833,17709.10167829442,1948.353402714498,4188.330161835614,3,0,1.1368683772161603e-13,0.0,5.273267768003279,0.0,True
2025-05-10,129,M1_M6,causal_load_main,A_q2_aligned,1200.0,delivery_time_actual_price,oracle,11473.98921158117,119.00992135504846,8365.689906672233,19958.68903960845,30891.408365578183,31285.076777097704,2382.7636964180156,13787.76067588711,4188.330161835614,9491.639600145196,3,0,1.1368683772161603e-13,0.0,4.342129949000082,0.0,True
2025-05-11,130,M1_M6,causal_load_main,A_q2_aligned,1200.0,delivery_time_actual_price,oracle,28514.55084834648,563.786201627748,15638.744960145572,44717.0820101198,46565.65696691434,46551.8074133252,3457.8336645171917,210.82225694444105,9491.639600145196,1882.5830502695978,3,0,1.1368683772161603e-13,0.0,4.784598325000843,0.0,True
2025-05-12,131,M1_M6,causal_load_main,A_q2_aligned,1200.0,delivery_time_actual_price,oracle,32181.44014208563,1629.9077451532926,11902.565682886083,45713.913570125005,48800.466696322444,54198.663531433114,2461.9505879189155,940.9588050925939,1882.5830502695978,3040.9964407482926,3,0,2.2737367544323206e-13,0.0,4.911023552005645,0.0,True
2025-05-13,132,M1_M6,causal_load_main,A_q2_aligned,1200.0,delivery_time_actual_price,oracle,31237.129060341824,1210.380180775866,10648.076207406324,43095.58544852401,56194.03987943014,54320.26136325174,2011.3627061097493,787.7502138888926,3040.9964407482926,2782.4314194228555,3,0,1.1368683772161603e-13,0.0,4.61078688899579,0.0,True
2025-05-14,133,M1_M6,causal_load_main,A_q2_aligned,1200.0,delivery_time_actual_price,oracle,32533.461777374414,1298.2642774957508,12572.588750433517,46404.314805303686,57358.82446367755,57103.552080625246,2641.9072451014404,626.4413324987136,2782.4314194228555,5521.586306048652,3,0,2.2737367544323206e-13,0.0,5.574342088992125,0.0,True
2025-05-15,134,M1_M6,causal_load_main,A_q2_aligned,1200.0,delivery_time_actual_price,oracle,30569.519816479806,1236.5968938981728,7009.018041691549,38815.13475206952,49047.95723928398,49938.50867762575,1787.6569720086459,367.4875762950312,5521.586306048652,1210.7590645152716,3,0,1.1368683772161603e-13,0.0,4.850683746000868,0.0,True
2025-05-16,135,M1_M6,causal_load_main,A_q2_aligned,1200.0,delivery_time_actual_price,oracle,9250.936978308026,251.71208794744413,6225.146623043881,15727.79568929935,25874.94498841569,25438.56232786434,1857.455998945125,21903.265658654447,1210.7590645152716,1860.8202328848117,3,0,1.1368683772161603e-13,0.0,4.61869987200771,0.0,True
2025-05-17,136,M1_M6,causal_load_main,A_q2_aligned,1200.0,delivery_time_actual_price,oracle,12577.594245820927,63.55854564880152,7520.123820237271,20161.276611707,34009.92620080684,34018.850898413686,2302.4076617900428,15209.113501813039,1860.8202328848117,10294.662922370135,3,0,2.2737367544323206e-13,0.0,4.41878505400382,0.0,True
2025-05-18,137,M1_M6,causal_load_main,A_q2_aligned,1200.0,delivery_time_actual_price,oracle,30502.522962721523,629.3830941784349,7352.633188752756,38484.53924565271,53459.78857946873,51255.63537693817,1795.266235400714,725.5428060185207,10294.662922370135,5847.917292899542,3,0,1.1368683772161603e-13,0.0,4.894637656994746,0.0,True
2025-05-19,138,M1_M6,causal_load_main,A_q2_aligned,1200.0,delivery_time_actual_price,oracle,29629.631045012906,607.7367809074941,7137.9315750706955,37375.29940099109,50875.82613131512,49726.05354605388,1253.8348839551147,1703.059461242453,5847.917292899542,4872.995595864652,3,0,1.1368683772161603e-13,0.0,5.172276925004553,0.0,True
2025-05-20,139,M1_M6,causal_load_main,A_q2_aligned,1200.0,delivery_time_actual_price,oracle,32389.33109888448,1132.187373368808,9774.188807637898,43295.70727989118,52255.23049362477,56469.22328373209,1953.9117091628084,265.56561884194656,4872.995595864652,5682.738537230602,3,0,1.5010215292932116e-13,0.0,4.5496766319993185,0.0,True
2025-05-21,140,M1_M6,causal_load_main,A_q2_aligned,1200.0,delivery_time_actual_price,oracle,31187.173641665395,1418.0543666951567,7599.09204856083,40204.32005692139,46306.119639819764,51335.84479001717,1483.6252974000145,965.042022222222,5682.738537230602,3160.5843252063646,3,0,2.2737367544323206e-13,0.0,5.091326991998358,0.0,True
2025-05-22,141,M1_M6,causal_load_main,A_q2_aligned,1200.0,delivery_time_actual_price,oracle,30900.54971913223,240.32243588703287,5072.62407495936,36213.49622997861,49669.38197222033,50762.38349807496,1199.585980368508,703.7398818360693,3160.5843252063646,1305.8773314502237,3,0,1.2434497875801753e-13,0.0,4.879204978002235,0.0,True
2025-05-23,142,M1_M6,causal_load_main,A_q2_aligned,1200.0,delivery_time_actual_price,oracle,10312.801967461468,236.88806624845128,2927.9781333130536,13477.668167022974,27231.53530097365,28010.840799906266,992.1761396689636,17989.718715238963,1305.8773314502237,3368.21003254196,3,0,1.1368683772161603e-13,0.0,4.284100047996617,0.0,True
2025-05-24,143,M1_M6,causal_load_main,A_q2_aligned,1200.0,delivery_time_actual_price,oracle,12372.71204979346,92.1150450766417,2826.3500127745015,15291.177107644602,33028.807871031066,32821.77825498656,936.2245883302744,20513.032280306124,3368.21003254196,10577.29153449901,3,0,1.1368683772161603e-13,0.0,4.740094018998207,0.0,True
2025-05-25,144,M1_M6,causal_load_main,A_q2_aligned,1200.0,delivery_time_actual_price,oracle,28124.436687249818,434.5529490946977,6209.275994812365,34768.26563115688,45614.699072710355,46131.60277503759,1360.2570643314089,2754.7744828703617,10577.29153449901,3655.6009919001735,3,0,1.2789769243681803e-13,0.0,4.624646897995262,0.0,True
2025-05-26,145,M1_M6,causal_load_main,A_q2_aligned,1200.0,delivery_time_actual_price,oracle,33625.29909502245,2200.4213788326238,5150.958772394832,40976.6792462499,48966.640916984805,56818.24947978603,1238.9508559757408,1129.5186472222251,3655.6009919001735,2389.8401735894217,3,0,2.2737367544323206e-13,0.0,4.697708998006419,0.0,True
2025-05-27,146,M1_M6,causal_load_main,A_q2_aligned,1200.0,delivery_time_actual_price,oracle,31128.243083315647,773.5533799863542,7070.098313319016,38971.89477662102,50202.60419082355,53589.22970521271,1676.8561458916276,798.5906291666641,2389.8401735894217,3470.677388745902,3,0,1.1368683772161603e-13,0.0,4.97819481100305,0.0,True
2025-05-28,147,M1_M6,causal_load_main,A_q2_aligned,1200.0,delivery_time_actual_price,oracle,32848.9479578187,341.65109314085106,3604.5964025700728,36795.195453529625,55187.94435198505,55921.44862956999,927.8132869882982,1646.3811319444433,3470.677388745902,3691.3676435845896,3,0,1.2878587085651816e-13,0.0,4.768641792004928,0.0,True
2025-05-29,148,M1_M6,causal_load_main,A_q2_aligned,1200.0,delivery_time_actual_price,oracle,32685.63210794232,805.9203548845044,6644.258729106401,40135.81119193323,51653.08607868838,54708.67357478978,1646.7782227624634,879.1817513888883,3691.3676435845896,1366.4148006117252,3,0,2.2737367544323206e-13,0.0,5.382243657004437,0.0,True
2025-05-30,149,M1_M6,causal_load_main,A_q2_aligned,1200.0,delivery_time_actual_price,oracle,10192.077948573882,125.23113836127143,1829.6675448611763,12146.97663179633,25750.62041162108,26102.037542611553,740.2367764393197,18080.868817957227,1366.4148006117252,1324.2060406992998,3,0,1.1368683772161603e-13,0.0,4.888434648004477,0.0,True
2025-05-31,150,M1_M6,causal_load_main,A_q2_aligned,1200.0,delivery_time_actual_price,oracle,12455.532387175203,300.4061386029364,803.6662406642605,13559.6047664424,36495.63273519851,35436.20995143494,488.8318248460477,16621.312045124825,1324.2060406992998,9186.042578268056,2,0,1.1368683772161603e-13,0.0,4.258684535001521,0.0,True
2025-06-01,151,M1_M6,causal_load_main,A_q2_aligned,1200.0,delivery_time_actual_price,oracle,39240.13155978596,1338.2010284925254,35470.41035489886,76048.74294317733,61971.98714647775,58719.088894158296,8347.98710494946,6.455213377273472,9186.042578268056,1200.0,3,0,5.793856416858034e-08,0.0,5.4578418909950415,0.0,True
2025-06-02,152,M1_M6,causal_load_main,A_q2_aligned,1200.0,delivery_time_actual_price,oracle,40372.5265391468,2824.898146574934,35579.47986471618,78776.9045504379,71794.49974829447,63115.03029369449,8675.542903232244,0.0,1200.0,1907.8928512504203,3,0,1.1368683772161603e-13,0.0,4.731166988000041,0.0,True
2025-06-03,153,M1_M6,causal_load_main,A_q2_aligned,1200.0,delivery_time_actual_price,oracle,41191.7806506149,545.520922489604,32405.68943961248,74142.99101271699,64090.85437369183,64556.1087180876,7834.527981349527,138.05738333333352,1907.8928512504203,1200.0,3,0,2.2737367544323206e-13,0.0,4.692443430001731,0.0,True
2025-06-04,154,M1_M6,causal_load_main,A_q2_aligned,1200.0,delivery_time_actual_price,oracle,41714.46707479033,3534.2341242597486,29106.171561942436,74354.87276099251,75428.79962396991,65079.902439699414,7304.886932686445,109.82214993524792,1200.0,1200.0,3,0,4.5260321712703444e-08,0.0,5.310910352010978,0.0,True
2025-06-05,155,M1_M6,causal_load_main,A_q2_aligned,1200.0,delivery_time_actual_price,oracle,42205.03329914823,1072.6684943238413,36270.16663532864,79547.86842880072,64092.206207467636,65738.06703796983,8762.975279215756,270.48781666666696,1200.0,1200.0,3,0,5.487038379214937e-08,0.0,4.781996496996726,0.0,True
2025-06-06,156,M1_M6,causal_load_main,A_q2_aligned,1200.0,delivery_time_actual_price,oracle,13205.332537659873,187.92349357754554,30281.27966163698,43674.5356928744,28735.87168645156,29421.793341747754,9235.648743745449,5950.6310096834095,1200.0,1200.0,3,0,5.8729426655190764e-08,0.0,5.054541664998396,0.0,True
2025-06-07,157,M1_M6,causal_load_main,A_q2_aligned,1200.0,delivery_time_actual_price,oracle,16947.276925745413,611.1493311440302,22398.951883065445,39957.37813995489,38447.73584252111,39879.01097890538,6381.432269189793,5967.561597503634,1200.0,8181.666751209923,3,0,2.2737367544323206e-13,0.0,4.32099156199547,0.0,True
2025-06-08,158,M1_M6,causal_load_main,A_q2_aligned,1200.0,delivery_time_actual_price,oracle,36767.00868484237,1485.0053743092312,24612.207158691963,62864.22121784356,56716.143931550854,55278.14327188009,5996.896891745091,503.06481165831025,8181.666751209923,1200.0,3,0,2.2737367544323206e-13,0.0,4.693905027001165,0.0,True
2025-06-09,159,M1_M6,causal_load_main,A_q2_aligned,1200.0,delivery_time_actual_price,oracle,44186.5224578856,1796.5070224862343,26422.344500933203,72405.37398130503,72309.79589894353,67364.69759443274,6261.033706383,55.52970799157149,1200.0,1200.0,3,0,7.492576514778193e-08,0.0,4.969782724001561,0.0,True
2025-06-10,160,M1_M6,causal_load_main,A_q2_aligned,1200.0,delivery_time_actual_price,oracle,44753.70937246505,993.6585485817245,23206.409131499568,68953.77705254636,66465.93362180772,68567.67559622895,5981.79947856654,169.72408843057997,1200.0,1200.0,3,0,4.3520685721887276e-08,0.0,4.553064023013576,0.0,True
2025-06-11,161,M1_M6,causal_load_main,A_q2_aligned,1200.0,delivery_time_actual_price,oracle,48933.08717385522,954.1319388071756,23988.00899791697,73875.22811057937,72135.39343049636,74266.89484735168,5515.800928188328,0.003116666666666667,1200.0,1200.0000000477835,3,0,6.237428351596463e-08,0.0,4.948462264001137,0.0,True
2025-06-12,162,M1_M6,causal_load_main,A_q2_aligned,1200.0,delivery_time_actual_price,oracle,45876.58001880764,93.59915991083744,25605.002058780872,71575.18123749935,70792.9970400894,70694.65569642515,5842.034953929305,73.23260864197509,1200.0000000477835,1961.4389077021515,3,0,1.7053025658242404e-13,0.0,5.056178794009611,0.0,True
2025-06-13,163,M1_M6,causal_load_main,A_q2_aligned,1200.0,delivery_time_actual_price,oracle,13157.44643902441,304.7379838441827,18851.211467952526,32313.39589082112,28645.30696784579,30114.351747570327,5492.62095132613,6071.270914757878,1961.4389077021515,1200.0,3,0,2.2737367544323206e-13,0.0,4.585986714999308,0.0,True
2025-06-14,164,M1_M6,causal_load_main,A_q2_aligned,1200.0,delivery_time_actual_price,oracle,15383.096002919447,331.4125453081927,20218.46267138638,35932.97121961402,34922.16897968338,34455.0993683108,5818.267107328209,7516.371621148823,1200.0,5856.386112859253,3,0,1.1368683772161603e-13,0.0,4.307785569006228,0.0,True
2025-06-15,165,M1_M6,causal_load_main,A_q2_aligned,1200.0,delivery_time_actual_price,oracle,43938.50536587171,1486.238298500375,12303.107819931356,57727.85148430344,61499.159950573485,66197.6360680513,2789.5808421434253,1.5307,5856.386112859253,1200.0,3,0,4.3612203626253176e-08,0.0,4.610577970001032,0.0,True
2025-06-16,166,M1_M6,causal_load_main,A_q2_aligned,1200.0,delivery_time_actual_price,oracle,47189.383828478036,744.0728897289905,18870.839969830435,66804.29668803746,69321.34906015985,71551.107111516,4373.38186571653,0.0,1200.0,1251.5688297199968,3,0,1.1368683772161603e-13,0.0,4.385752312999102,0.0,True
2025-06-17,167,M1_M6,causal_load_main,A_q2_aligned,1200.0,delivery_time_actual_price,oracle,48839.22694023922,920.1310310314823,16153.496683138417,65912.85465440912,71203.73660699869,73747.15146089828,3694.9393005125603,0.5153833333333333,1251.5688297199968,1200.0,3,0,4.547473508864641e-13,0.0,4.713304945005802,0.0,True
2025-06-18,168,M1_M6,causal_load_main,A_q2_aligned,1200.0,delivery_time_actual_price,oracle,47581.22288573418,1526.074511523419,13635.027345198518,62742.32474245612,71802.05494770582,72453.75102213709,3120.604028830402,102.7447666666667,1200.0,1200.0000000518135,3,0,1.3367085216486885e-13,0.0,4.362993522998295,0.0,True
2025-06-19,169,M1_M6,causal_load_main,A_q2_aligned,1200.0,delivery_time_actual_price,oracle,44058.58574762111,2567.6107972715035,17374.87823617267,64001.074781065276,67323.25058307529,67241.26354916018,4351.83298060633,369.82601111110955,1200.0000000518135,1200.0000000576547,3,0,4.3538307181734126e-08,0.0,5.087959412005148,0.0,True
2025-06-20,170,M1_M6,causal_load_main,A_q2_aligned,1200.0,delivery_time_actual_price,oracle,13567.503071798632,203.3513638013841,9292.874329724815,23063.72876532483,30538.321575745296,30012.33104228057,2898.5386834414353,8567.152825123601,1200.0000000576547,1200.0,3,0,1.1368683772161603e-13,0.0,5.009227703005308,0.0,True
2025-06-21,171,M1_M6,causal_load_main,A_q2_aligned,1200.0,delivery_time_actual_price,oracle,17289.267050857885,35.5734953506336,4728.438295913269,22053.278842121785,39443.87278559619,39660.61609542332,1446.9781278277846,11136.457797337727,1200.0,9483.578481358094,3,0,1.1368683772161603e-13,0.0,4.765448442005436,0.0,True
2025-06-22,172,M1_M6,causal_load_main,A_q2_aligned,1200.0,delivery_time_actual_price,oracle,41158.3102738644,1321.2391578440345,5451.390251132929,47930.93968284137,59628.109402987495,61316.0643800612,1384.3996979213434,1.6687499999999997,9483.578481358094,1377.8626737088289,3,0,1.1368683772161603e-13,0.0,4.202336375004961,0.0,True
2025-06-23,173,M1_M6,causal_load_main,A_q2_aligned,1200.0,delivery_time_actual_price,oracle,45104.17836045194,331.7659622420419,8875.473541866044,54311.41786456002,67794.55777870747,68971.48351676128,2134.116047548313,463.588254660997,1377.8626737088289,1211.8217240210765,3,0,2.2737367544323206e-13,0.0,4.721700194000732,0.0,True
2025-06-24,174,M1_M6,causal_load_main,A_q2_aligned,1200.0,delivery_time_actual_price,oracle,52371.230848133135,1116.1986866822567,8416.401307954624,61903.83084277001,79579.29865900683,77754.91145035665,2114.7341202094003,43.58778333333329,1211.8217240210765,1200.0000000526747,3,0,4.7177422857203055e-08,0.0,4.420083379998687,0.0,True
2025-06-25,175,M1_M6,causal_load_main,A_q2_aligned,1200.0,delivery_time_actual_price,oracle,48100.18325374533,1240.524457058735,5624.939689924859,54965.64740072893,71273.0007454115,74328.48752864076,1341.7650973851007,0.7979166666666666,1200.0000000526747,1964.0570971246939,3,0,1.1368683772161603e-13,0.0,4.180823304996011,0.0,True
2025-06-26,176,M1_M6,causal_load_main,A_q2_aligned,1200.0,delivery_time_actual_price,oracle,44957.188601542104,1069.7020659268399,5884.499106984351,51911.389774453295,66562.70363922087,69997.3272807466,1465.0395248953137,170.58157574978856,1964.0570971246939,1200.0,3,0,1.1368683772161603e-13,0.0,4.692648420998012,0.0,True
2025-06-27,177,M1_M6,causal_load_main,A_q2_aligned,1200.0,delivery_time_actual_price,oracle,14543.92612163614,428.8522189750713,4756.38557420805,19729.16391481926,34350.7063121418,32975.43557266789,1515.0062180260788,11042.025859220446,1200.0,2616.302258122233,3,0,2.2737367544323206e-13,0.0,4.8397222549974686,0.0,True
2025-06-28,178,M1_M6,causal_load_main,A_q2_aligned,1200.0,delivery_time_actual_price,oracle,17602.043336181403,213.69270574591854,1820.9542436191614,19636.690285546483,39398.19266397269,39374.88905956628,639.8843876680672,8506.779315155789,2616.302258122233,9695.296706158155,3,0,1.1368683772161603e-13,0.0,4.122695820013178,0.0,True
2025-06-29,179,M1_M6,causal_load_main,A_q2_aligned,1200.0,delivery_time_actual_price,oracle,44332.153781660425,1844.2174051360082,5275.4354796699245,51451.80666646637,61035.464017237915,65483.066771002115,1436.225542340399,57.48413333333348,9695.296706158155,3288.225847223456,3,0,2.2737367544323206e-13,0.0,4.877822817012202,0.0,True
2025-06-30,180,M1_M6,causal_load_main,A_q2_aligned,1200.0,delivery_time_actual_price,oracle,47703.37371777121,199.2427148120752,2491.818339384011,50394.4347719673,73204.0522388109,73422.97159621216,581.3872602297122,98.0101333333331,3288.225847223456,2772.4324356471984,3,0,2.2737367544323206e-13,0.0,4.640572863994748,0.0,True
2025-07-01,181,M1_M6,causal_load_main,A_q2_aligned,1200.0,delivery_time_actual_price,oracle,46731.46802486353,1270.0229038290317,56971.680917513324,104973.17184620589,62555.88142242333,66180.50722118438,13882.9939161251,0.0,2772.4324356471984,1200.0,3,0,3.823333827313036e-08,0.0,4.648714397000731,0.0,True
2025-07-02,182,M1_M6,causal_load_main,A_q2_aligned,1200.0,delivery_time_actual_price,oracle,44783.18291960557,427.55422207665265,55775.18211704046,100985.91925872269,59658.496571475596,61293.717670060105,13495.804425175153,0.0,1200.0,1200.0,3,0,3.586785624065669e-08,0.0,4.697547290008515,0.0,True
2025-07-03,183,M1_M6,causal_load_main,A_q2_aligned,1200.0,delivery_time_actual_price,oracle,50366.29885695457,581.8882163339287,53135.7969504002,104083.98402368871,68399.42686965116,69834.83432456222,12466.02025467937,0.0,1200.0,1200.0,3,0,4.58244358014781e-08,0.0,5.4227606740023475,0.0,True
2025-07-04,184,M1_M6,causal_load_main,A_q2_aligned,1200.0,delivery_time_actual_price,oracle,16230.899147751188,86.44519704837505,40679.41993619112,56996.76428099068,31073.887667072824,31233.403832157615,11897.473109335577,12283.611024961188,1200.0,1200.000000052298,3,0,2.2737367544323206e-13,0.0,5.419338991996483,0.0,True
2025-07-05,185,M1_M6,causal_load_main,A_q2_aligned,1200.0,delivery_time_actual_price,oracle,17715.451630848664,33.604101847356844,39198.01232068539,56947.06805338141,35764.63582713305,35821.664948641795,11277.398206612266,13899.995312461186,1200.000000052298,3384.679245764384,3,0,4.961418653692817e-08,0.0,4.9829672209889395,0.0,True
2025-07-06,186,M1_M6,causal_load_main,A_q2_aligned,1200.0,delivery_time_actual_price,oracle,49806.795540292645,2735.0234385040308,51630.81319534124,104172.63217413792,59504.723774253725,68071.6434137033,11919.690083214071,0.0,3384.679245764384,1200.0,3,0,2.2737367544323206e-13,0.0,4.691362664991175,0.0,True
2025-07-07,187,M1_M6,causal_load_main,A_q2_aligned,1200.0,delivery_time_actual_price,oracle,45722.8511817357,432.4514019315021,47747.51235839436,93902.81494206155,62597.468928119706,63087.590534412055,12387.799316038556,0.0,1200.0,1200.000000045596,3,0,3.766092504520202e-08,0.0,4.897781134000979,0.0,True
2025-07-08,188,M1_M6,causal_load_main,A_q2_aligned,1200.0,delivery_time_actual_price,oracle,50212.70891836507,1419.4680440194861,37140.2623052495,88772.43926763405,70195.84096306306,69104.47212128752,9029.289416211788,0.0,1200.000000045596,1200.000000029013,3,0,2.2737367544323206e-13,0.0,4.576711850997526,0.0,True
2025-07-09,189,M1_M6,causal_load_main,A_q2_aligned,1200.0,delivery_time_actual_price,oracle,48773.97102170956,1191.2464572746499,36742.02683811226,86707.24431709647,71214.21709543822,68547.64856509247,8804.565809399257,0.0,1200.000000029013,1948.7253658896805,3,0,2.2737367544323206e-13,0.0,4.9141713790013455,0.0,True
2025-07-10,190,M1_M6,causal_load_main,A_q2_aligned,1200.0,delivery_time_actual_price,oracle,47387.39746928756,924.3332460092621,40737.37855830322,89049.10927360004,62696.230592797845,64518.114283189876,9969.857881910928,31.819107561727304,1948.7253658896805,1200.0,3,0,2.106048668792937e-09,0.0,4.892325025997707,0.0,True
2025-07-11,191,M1_M6,causal_load_main,A_q2_aligned,1200.0,delivery_time_actual_price,oracle,18021.900672958232,372.7934090476773,29474.682864409944,47869.376946415854,34667.93935951768,33636.228642687944,8999.68292231797,8396.809109683405,1200.0,1200.000000048537,3,0,3.950174232159043e-08,0.0,5.385335526996641,0.0,True
2025-07-12,192,M1_M6,causal_load_main,A_q2_aligned,1200.0,delivery_time_actual_price,oracle,20605.500831124467,412.63658624366997,23794.191144978042,44812.32856234617,38703.48253221126,40266.52569432986,6544.490944826841,9684.186783333333,1200.000000048537,5165.492178128239,3,0,2.2737367544323206e-13,0.0,4.678024965993245,0.0,True
2025-07-13,193,M1_M6,causal_load_main,A_q2_aligned,1200.0,delivery_time_actual_price,oracle,42458.77160774035,2321.3499442518837,37682.013421482676,82462.13497347492,64659.64842948274,59093.49574586634,8707.863452454421,0.0,5165.492178128239,1200.0,3,0,2.2737367544323206e-13,0.0,4.739085749999504,0.0,True
2025-07-14,194,M1_M6,causal_load_main,A_q2_aligned,1200.0,delivery_time_actual_price,oracle,46353.34949606139,890.3853380350804,40503.61862891058,87747.35346300705,66584.75590333677,65953.75532621583,9976.982692667298,0.0,1200.0,2674.3512547958885,3,0,2.2737367544323206e-13,0.0,4.479294305012445,0.0,True
2025-07-15,195,M1_M6,causal_load_main,A_q2_aligned,1200.0,delivery_time_actual_price,oracle,48621.28913846726,1186.907040741718,28923.22705368915,78731.42323289813,71987.7004300903,68277.7720368143,7145.178270230152,0.0,2674.3512547958885,2713.752356796637,3,0,4.547473508864641e-13,0.0,4.982717735998449,0.0,True
2025-07-16,196,M1_M6,causal_load_main,A_q2_aligned,1200.0,delivery_time_actual_price,oracle,49364.54551524333,372.18328927260404,24767.86519459499,74504.59399911092,66466.25885182922,66563.34114608026,6256.181521232589,5.317076556821121e-08,2713.752356796637,1200.0,3,0,1.7053025658242404e-13,0.0,4.982708853989607,0.0,True
2025-07-17,197,M1_M6,causal_load_main,A_q2_aligned,1200.0,delivery_time_actual_price,oracle,50550.10526605583,1121.0079620613744,23727.109418691678,75398.22264680888,67525.35523991298,70340.81659915237,5975.3226417522865,0.0,1200.0,1990.5694148225155,3,0,2.2737367544323206e-13,0.0,5.291402650997043,0.0,True
2025-07-18,198,M1_M6,causal_load_main,A_q2_aligned,1200.0,delivery_time_actual_price,oracle,18577.290105961118,535.8313339016938,18312.252808744677,37425.374248607484,36823.718905809634,35313.53188961117,5700.338984511101,8203.56575,1990.5694148225155,1830.2900511306705,3,0,1.1368683772161603e-13,0.0,5.4658168840105645,0.0,True
2025-07-19,199,M1_M6,causal_load_main,A_q2_aligned,1200.0,delivery_time_actual_price,oracle,22449.048676030565,505.8970532756038,16312.934484435804,39267.88021374198,45335.60011165641,43908.66898089291,4469.805895398805,12221.737509683406,1830.2900511306705,8514.53229163139,3,0,1.1368683772161603e-13,0.0,4.456532804004382,0.0,True
2025-07-20,200,M1_M6,causal_load_main,A_q2_aligned,1200.0,delivery_time_actual_price,oracle,46020.79532832599,1017.5175252861565,18105.40796532644,65143.72081893859,64937.815912345795,63179.4252813525,4243.850955494381,0.0,8514.53229163139,1401.5102936719186,3,0,1.1368683772161603e-13,0.0,4.720258367990027,0.0,True
2025-07-21,201,M1_M6,causal_load_main,A_q2_aligned,1200.0,delivery_time_actual_price,oracle,52658.91520762722,684.0819506230629,16986.467002449703,70329.46416069998,72262.69378920287,72256.36126050007,4036.3981442236886,76.14890968068389,1401.5102936719186,1200.0,3,0,3.777859092224389e-08,0.0,4.717864054997335,0.0,True
2025-07-22,202,M1_M6,causal_load_main,A_q2_aligned,1200.0,delivery_time_actual_price,oracle,54230.71970477622,1111.1058688919388,10339.225748031788,65681.05132169994,72118.51283872408,76080.08973430732,2489.232131535622,224.47793333333357,1200.0,1204.1410024112558,3,0,2.2737367544323206e-13,0.0,4.8507355729962,0.0,True
2025-07-23,203,M1_M6,causal_load_main,A_q2_aligned,1200.0,delivery_time_actual_price,oracle,53096.8340821406,3132.677713983652,15876.786100249225,72106.2978963735,82835.39463194522,73317.23165894314,4427.212587427587,13.024399999999954,1204.1410024112558,1825.8883051320522,3,0,1.1368683772161603e-13,0.0,4.214222480004537,0.0,True
2025-07-24,204,M1_M6,causal_load_main,A_q2_aligned,1200.0,delivery_time_actual_price,oracle,54358.90382773908,2402.881681108568,7293.992277359832,64055.77778620748,81553.16441927981,74702.87576974176,1865.2825572227441,0.0,1825.8883051320522,2019.4327277409077,3,0,2.2737367544323206e-13,0.0,5.380085084005259,0.0,True
2025-07-25,205,M1_M6,causal_load_main,A_q2_aligned,1200.0,delivery_time_actual_price,oracle,19894.801396836356,162.79489649038007,6149.04656631898,26206.64285964571,37270.196662902046,37141.846860053556,1886.3055425173125,11298.456218016745,2019.4327277409077,1200.0,3,0,1.1368683772161603e-13,0.0,5.384704718002467,0.0,True
2025-07-26,206,M1_M6,causal_load_main,A_q2_aligned,1200.0,delivery_time_actual_price,oracle,24138.552672257007,158.20706852352905,6561.5427528267555,30858.30249360729,46518.7798340636,46870.000325322864,1901.0543751660348,9820.158586072295,1200.0,8905.973490250357,3,0,1.1368683772161603e-13,0.0,4.630173883007956,0.0,True
2025-07-27,207,M1_M6,causal_load_main,A_q2_aligned,1200.0,delivery_time_actual_price,oracle,48998.985118520155,1603.9096357215299,10669.806935393888,61272.70168963558,66066.97148390219,66587.71100082634,2784.9102852964597,479.5290160157173,8905.973490250357,1200.000000047462,3,0,2.2737367544323206e-13,0.0,5.132779235995258,0.0,True
2025-07-28,208,M1_M6,causal_load_main,A_q2_aligned,1200.0,delivery_time_actual_price,oracle,55976.04066842745,567.6229846145187,12116.299833779583,68659.96348682155,76702.67702026776,77857.96564957668,3170.4886457295406,140.11129044442458,1200.000000047462,1233.6521681099125,3,0,1.1368683772161603e-13,0.0,5.14888919799705,0.0,True
2025-07-29,209,M1_M6,causal_load_main,A_q2_aligned,1200.0,delivery_time_actual_price,oracle,59588.05824793129,1995.1084929741733,3010.0152354909346,64593.18197639639,77340.32668899046,83339.48575013515,628.3014990452582,64.81510000000019,1233.6521681099125,1612.2189688050232,3,0,3.934235337510472e-08,0.0,4.902672573996824,0.0,True
2025-07-30,210,M1_M6,causal_load_main,A_q2_aligned,1200.0,delivery_time_actual_price,oracle,59009.935008118526,3405.5164946121886,2378.916518290039,64794.36802102076,70647.11583375112,80612.10061416564,552.636860124325,1148.518495833337,1612.2189688050232,2720.112547453055,3,0,1.1368683772161603e-13,0.0,5.147284594000666,0.0,True
2025-07-31,211,M1_M6,causal_load_main,A_q2_aligned,1200.0,delivery_time_actual_price,oracle,56165.63735107986,1747.5996661040642,2874.3018782750883,60787.538895459016,72974.45844342266,77912.29619438706,650.0888293514225,473.9737873418758,2720.112547453055,1853.6046921391062,3,0,1.1368683772161603e-13,0.0,5.094315877009649,0.0,True
2025-08-01,212,M1_M6,causal_load_main,A_q2_aligned,1200.0,delivery_time_actual_price,oracle,21666.190176496595,368.60829520611856,2972.6788416497175,25007.477313352432,41644.642442792974,40574.32471634349,890.2726321241429,15938.637229557657,1853.6046921391062,3552.643462884298,2,0,2.2737367544323206e-13,0.0,5.2478689849958755,0.0,True
2025-08-02,213,M1_M6,causal_load_main,A_q2_aligned,1200.0,delivery_time_actual_price,oracle,24241.47809378621,264.4783773722154,3446.633758481976,27952.590229640402,47474.2012970898,46644.36540813978,1223.44196580318,16775.739795331556,3552.643462884298,9519.965176006664,3,0,2.2737367544323206e-13,0.0,4.703821251998306,0.0,True
2025-08-03,214,M1_M6,causal_load_main,A_q2_aligned,1200.0,delivery_time_actual_price,oracle,43430.35693316627,49.25179256135212,6022.68922112103,49502.29794684865,57477.45480547423,57625.79724761655,1465.8300147632922,581.8916082945182,9519.965176006664,2247.5827086317336,3,0,2.2737367544323206e-13,0.0,4.374525530001847,0.0,True
2025-08-04,215,M1_M6,causal_load_main,A_q2_aligned,1200.0,delivery_time_actual_price,oracle,49059.888784834344,1671.480508502877,7852.326190043091,58583.6954833803,68248.87072504626,67859.10886503273,1776.179852426821,1014.8135233024706,2247.5827086317336,1834.2758430518238,3,0,1.1368683772161603e-13,0.0,5.195602020990918,0.0,True
2025-08-05,216,M1_M6,causal_load_main,A_q2_aligned,1200.0,delivery_time_actual_price,oracle,50191.97269149963,609.8791201752256,1398.7599638927545,52200.6117755676,67054.86622730148,69657.83529072095,367.91084487336923,1355.8836375381763,1834.2758430518238,1606.1408115637246,3,0,1.3500311979441904e-13,0.0,4.548971937998431,0.0,True
2025-08-06,217,M1_M6,causal_load_main,A_q2_aligned,1200.0,delivery_time_actual_price,oracle,54179.98656416482,1461.7154106100288,1967.9454528388374,57609.64742761368,75747.96367130731,73863.23475821613,448.30794085726194,313.6369305555562,1606.1408115637246,2414.4705441813003,3,0,2.2737367544323206e-13,0.0,4.656133376003709,0.0,True
2025-08-07,218,M1_M6,causal_load_main,A_q2_aligned,1200.0,delivery_time_actual_price,oracle,49651.94010093373,2363.07018105477,2566.30247188878,54581.312753877275,75766.11587680539,68165.5940442142,571.654570953933,2053.985254995867,2414.4705441813003,1738.0052418055072,3,0,1.1368683772161603e-13,0.0,4.93830809899373,0.0,True
2025-08-08,219,M1_M6,causal_load_main,A_q2_aligned,1200.0,delivery_time_actual_price,oracle,20602.713567462004,48.40122611477015,1055.6118968044543,21706.726690381227,39336.04704958373,39275.045649809574,296.4852721174396,20670.017141738535,1738.0052418055072,1883.5033672708742,3,0,1.7053025658242404e-13,0.0,5.242195356011507,0.0,True
2025-08-09,220,M1_M6,causal_load_main,A_q2_aligned,1200.0,delivery_time_actual_price,oracle,24127.54143579926,12.678601384755869,769.7342638282993,24909.954301012316,46097.012545228325,46095.1448980711,183.66874183548023,17668.459020794522,1883.5033672708742,8117.364749826968,3,0,1.1368683772161603e-13,0.0,4.328101184000843,0.0,True
2025-08-10,221,M1_M6,causal_load_main,A_q2_aligned,1200.0,delivery_time_actual_price,oracle,46556.84803272279,1029.9598847762013,3518.3666053904403,51105.17452288942,63541.68854680192,61326.84491599642,1140.438243835244,127.67779176950503,8117.364749826968,1624.5020174880312,3,0,2.2737367544323206e-13,0.0,5.300539945994387,0.0,True
2025-08-11,222,M1_M6,causal_load_main,A_q2_aligned,1200.0,delivery_time_actual_price,oracle,50142.93393328091,824.0014841179883,2641.7906416342043,53608.7260590331,69489.66063396342,71600.59955322956,484.1394312058121,2252.004617438268,1624.5020174880312,2329.544857124022,3,0,2.2737367544323206e-13,0.0,4.645409677992575,0.0,True
2025-08-12,223,M1_M6,causal_load_main,A_q2_aligned,1200.0,delivery_time_actual_price,oracle,52343.6120901194,1153.3970094971066,2886.74754302954,56383.75664264605,74429.84863790446,72134.8900505681,663.6899859265993,1028.0098,2329.544857124022,2334.178334708171,3,0,1.1368683772161603e-13,0.0,4.915448990999721,0.0,True
2025-08-13,224,M1_M6,causal_load_main,A_q2_aligned,1200.0,delivery_time_actual_price,oracle,50324.19737449907,1055.2932192773233,3427.2773212570637,54806.76791503345,67015.51626235984,70500.5324602217,713.590718099314,981.0359617283949,2334.178334708171,2612.2777084424797,3,0,1.1368683772161603e-13,0.0,4.730719714003499,0.0,True
2025-08-14,225,M1_M6,causal_load_main,A_q2_aligned,1200.0,delivery_time_actual_price,oracle,50772.606179083996,1444.763314220074,2136.37962213047,54353.74911543454,67303.12401761685,70846.00599390252,405.8918656918727,1671.9501169753096,2612.2777084424797,1554.795352227509,3,0,7.546600500063505e-08,0.0,4.982970230004867,0.0,True
2025-08-15,226,M1_M6,causal_load_main,A_q2_aligned,1200.0,delivery_time_actual_price,oracle,20938.950550732803,462.2227126647268,2236.1208816089556,23637.294145006486,40665.14719194352,39577.86573769618,859.4674684857152,19939.40719301674,1554.795352227509,2026.463248473612,3,0,1.1368683772161603e-13,0.0,5.410054752996075,0.0,True
2025-08-16,227,M1_M6,causal_load_main,A_q2_aligned,1200.0,delivery_time_actual_price,oracle,24310.088097355598,957.90544661149,2075.489703307779,27343.483247274868,49127.06681780699,46692.73812313682,570.8459807171046,19684.52573766723,2026.463248473612,9378.888799029544,3,0,1.1368683772161603e-13,0.0,4.338526940002339,0.0,True
2025-08-17,228,M1_M6,causal_load_main,A_q2_aligned,1200.0,delivery_time_actual_price,oracle,46360.03335849202,933.3759404227939,3578.6223445441237,50872.03164345894,65103.628880097225,63070.09847056095,621.7861363276087,2852.671504783949,9378.888799029544,2357.025688320022,3,0,2.2737367544323206e-13,0.0,5.257173984995461,0.0,True
2025-08-18,229,M1_M6,causal_load_main,A_q2_aligned,1200.0,delivery_time_actual_price,oracle,49746.45752769536,540.9770422898267,4664.032682990578,54951.46725297577,69348.91748652073,69064.39334400612,988.891443230249,1106.8018824074102,2357.025688320022,2396.701796529467,3,0,1.1368683772161603e-13,0.0,4.858263160000206,0.0,True
2025-08-19,230,M1_M6,causal_load_main,A_q2_aligned,1200.0,delivery_time_actual_price,oracle,49845.34540694268,170.9944661343648,3422.064608216094,53438.40448129314,67984.62007963612,68676.4420392496,703.0756340337057,1490.1538972222231,2396.701796529467,2362.48770005558,3,0,2.2737367544323206e-13,0.0,4.926316673998372,0.0,True
2025-08-20,231,M1_M6,causal_load_main,A_q2_aligned,1200.0,delivery_time_actual_price,oracle,53111.2397816174,1567.9721274812457,3910.425564540159,58589.6374736388,76899.39479940054,74627.23229623,862.0561948111533,853.1362446426355,2362.48770005558,2261.334139192877,3,0,1.1368683772161603e-13,0.0,4.868420037004398,0.0,True
2025-08-21,232,M1_M6,causal_load_main,A_q2_aligned,1200.0,delivery_time_actual_price,oracle,49613.80759180791,862.851781970784,3425.5813850787986,53902.24075885749,71891.29523134959,69030.78624259017,760.8525815873052,1419.3342750000008,2261.334139192877,1570.8354955792952,3,0,1.1368683772161603e-13,0.0,5.42758992499148,0.0,True
2025-08-22,233,M1_M6,causal_load_main,A_q2_aligned,1200.0,delivery_time_actual_price,oracle,21596.507627206214,310.81296797597156,4120.5975623486975,26027.918157530883,41189.46126125539,40456.28815145925,1199.324200352046,16467.44379579452,1570.8354955792952,3154.098725592568,3,0,1.1368683772161603e-13,0.0,5.598812256997917,0.0,True
2025-08-23,234,M1_M6,causal_load_main,A_q2_aligned,1200.0,delivery_time_actual_price,oracle,23813.35125438855,342.52182665403296,1501.053078652783,25656.926159695366,45855.52507698107,46733.882193264275,599.4629540108615,14972.489573109331,3154.098725592568,9833.246941508898,3,0,2.2737367544323206e-13,0.0,4.960802090005018,0.0,True
2025-08-24,235,M1_M6,causal_load_main,A_q2_aligned,1200.0,delivery_time_actual_price,oracle,47202.121033763964,405.1077400914246,2667.668855270166,50274.89762912556,60641.22876427719,62056.492036579926,526.1534358247008,2170.3346670666347,9833.246941508898,2467.83883562891,3,0,2.2737367544323206e-13,0.0,5.196019195995177,0.0,True
2025-08-25,236,M1_M6,causal_load_main,A_q2_aligned,1200.0,delivery_time_actual_price,oracle,53353.74984819942,4981.496324581487,2592.2507221961646,60927.49689497706,89902.90593713705,74713.73491500941,638.3209856278866,432.41692361110887,2467.83883562891,2427.222242181695,3,0,1.1368683772161603e-13,0.0,4.903062676006812,0.0,True
2025-08-26,237,M1_M6,causal_load_main,A_q2_aligned,1200.0,delivery_time_actual_price,oracle,50156.955559586626,783.6016954494492,1967.079802099644,52907.63705713571,68953.56432652651,69858.3018095056,532.1948531754117,211.71894151234633,2427.222242181695,2624.012270845859,3,0,2.2737367544323206e-13,0.0,4.387766166997608,0.0,True
2025-08-27,238,M1_M6,causal_load_main,A_q2_aligned,1200.0,delivery_time_actual_price,oracle,52110.40674010976,1506.199612938473,1960.4729284642053,55577.07928151246,68958.95436250666,73443.68437044848,380.3829417090893,1519.8299620758526,2624.012270845859,1529.0235912810213,3,0,1.1368683772161603e-13,0.0,4.582805247002398,0.0,True
2025-08-28,239,M1_M6,causal_load_main,A_q2_aligned,1200.0,delivery_time_actual_price,oracle,53015.126125396564,2001.3664441327753,4983.47196691261,59999.964536441956,69383.64401408142,74999.2718820225,1221.7649019846108,108.66925416666525,1529.0235912810213,2337.716754959317,3,0,1.1368683772161603e-13,0.0,5.335614319003071,0.0,True
2025-08-29,240,M1_M6,causal_load_main,A_q2_aligned,1200.0,delivery_time_actual_price,oracle,21642.630452031306,266.8415256868083,923.1070651096677,22832.57904282778,41437.54137740364,40681.73030234027,285.0854630598983,14986.315512461182,2337.716754959317,2227.370751057107,3,0,1.1368683772161603e-13,0.0,5.602370866996353,0.0,True
2025-08-30,241,M1_M6,causal_load_main,A_q2_aligned,1200.0,delivery_time_actual_price,oracle,23607.462045509565,220.02005627033304,1989.4250686441933,25816.90717042409,46141.59433819057,45404.69220798539,655.003975587083,19355.638648572294,2227.370751057107,7449.897983087497,3,0,1.1368683772161603e-13,0.0,4.898379584992654,0.0,True
2025-08-31,242,M1_M6,causal_load_main,A_q2_aligned,1200.0,delivery_time_actual_price,oracle,48715.26836925204,820.8045418336151,4443.729865440979,53979.80277652663,64424.64032779168,67298.37957091513,1001.6616401087261,1021.4755842592625,7449.897983087497,3435.0395595365117,3,0,1.4832579608992091e-13,0.0,4.55750954899122,0.0,True
2025-09-01,243,M1_M6,causal_load_main,A_q2_aligned,1200.0,delivery_time_actual_price,oracle,47981.99409166099,2048.9681550044465,10.442528169459912,50041.40477483489,84813.6532414384,77365.47756890298,5.775734607002164,3839.071281944446,3435.0395595365117,10799.999999390106,3,0,1.1368683772161603e-13,0.0,4.840118243999314,0.0,True
2025-09-02,244,M1_M6,causal_load_main,A_q2_aligned,1200.0,delivery_time_actual_price,oracle,44547.17836760358,1182.42876342425,56.53621316666865,45786.143344194505,67844.09225268791,70170.20592242938,19.51206666666735,2519.3270939814797,10799.999999390106,10799.999999582287,3,0,1.1368683772161603e-13,0.0,4.938689004004118,0.0,True
2025-09-03,245,M1_M6,causal_load_main,A_q2_aligned,1200.0,delivery_time_actual_price,oracle,45589.03521315531,824.1446941181182,9.982515535966739e-07,46413.17990827169,70335.30716264225,68327.7729272613,3.5670950637722854e-07,2570.007643518521,10799.999999582287,10799.999999587737,3,0,1.1368683772161603e-13,0.0,4.581876860000193,0.0,True
2025-09-04,246,M1_M6,causal_load_main,A_q2_aligned,1200.0,delivery_time_actual_price,oracle,41374.53857308536,778.4417723399592,167.5180816367996,42320.49842706212,62869.564195550665,60403.08514226982,85.91275328990969,1834.8876800925887,10799.999999587737,6117.249308318334,3,0,1.1368683772161603e-13,0.0,4.6327181570086395,0.0,True
2025-09-05,247,M1_M6,causal_load_main,A_q2_aligned,1200.0,delivery_time_actual_price,oracle,18875.559179149583,397.67958903548407,0.0,19273.238768185067,41896.441608096386,40940.125714953654,0.0,21293.229665856245,6117.249308318334,10799.999999741802,3,0,1.1368683772161603e-13,0.0,5.017848698000307,0.0,True
2025-09-06,248,M1_M6,causal_load_main,A_q2_aligned,1200.0,delivery_time_actual_price,oracle,18731.186631765726,220.04003639637108,0.0,18951.226668162093,40818.30917073981,40413.153675412774,0.0,20830.501212461182,10799.999999741802,10799.999999795173,3,0,1.5347723092418164e-11,0.0,4.311836242995923,0.0,True
2025-09-07,249,M1_M6,causal_load_main,A_q2_aligned,1200.0,delivery_time_actual_price,oracle,44712.4735182167,1180.3838380995142,37.98404924999624,45930.8414055662,66023.1376396832,69652.52030740972,16.027024999998414,2508.1353976851806,10799.999999795173,10799.99999957449,3,0,1.1368683772161603e-13,0.0,4.43412511900533,0.0,True
2025-09-08,250,M1_M6,causal_load_main,A_q2_aligned,1200.0,delivery_time_actual_price,oracle,44559.08007672194,1169.971986172671,71.54461115801234,45800.59667405262,68406.97562239578,68054.25954161445,33.09005838128746,1578.262874074071,10799.99999957449,8089.089214725283,3,0,1.1368683772161603e-13,0.0,4.789511853989097,0.0,True
2025-09-09,251,M1_M6,causal_load_main,A_q2_aligned,1200.0,delivery_time_actual_price,oracle,40927.100754660656,748.1309167896375,22.218042125000444,41697.4497135753,59454.55067291656,61209.82067845492,9.167750000000183,2421.3218229550093,8089.089214725283,6788.780668004073,3,0,1.1368683772161603e-13,0.0,4.716842381996685,0.0,True
2025-09-10,252,M1_M6,causal_load_main,A_q2_aligned,1200.0,delivery_time_actual_price,oracle,47626.2076699403,1829.8547536581978,56.754859257427235,49512.817282855925,76398.60959026843,74843.83667348474,17.62529313651848,338.0942163078984,6788.780668004073,10450.505196730703,3,0,1.1368683772161603e-13,0.0,5.054058704001363,0.0,True
2025-09-11,253,M1_M6,causal_load_main,A_q2_aligned,1200.0,delivery_time_actual_price,oracle,38829.74885243308,2097.1755829736044,7.380214095408259,40934.30464950208,65040.14703276397,56587.493188406006,3.1657333145297137,1756.7041638500705,10450.505196730703,4837.31116319927,3,0,1.1368683772161603e-13,0.0,4.579770563010243,0.0,True
2025-09-12,254,M1_M6,causal_load_main,A_q2_aligned,1200.0,delivery_time_actual_price,oracle,17392.545281544844,78.82373946891641,0.0,17471.36902101376,38604.59334093685,38680.46683559631,0.0,17899.80532912785,4837.31116319927,7074.176412971056,3,0,1.1368683772161603e-13,0.0,4.435285108003882,0.0,True
2025-09-13,255,M1_M6,causal_load_main,A_q2_aligned,1200.0,delivery_time_actual_price,oracle,19179.912457106242,81.21684041607551,0.0,19261.129297522315,42932.69316651815,42994.397224262015,0.0,21392.6842464118,7074.176412971056,10799.99999977958,3,0,1.1368683772161603e-13,0.0,4.267284257002757,0.0,True
2025-09-14,256,M1_M6,causal_load_main,A_q2_aligned,1200.0,delivery_time_actual_price,oracle,44157.96586048802,1644.5148123504216,25.89327029089459,45828.373943129336,71517.84308442994,66478.04910252008,12.292081790123234,1950.0443764238996,10799.99999977958,6627.686973482661,3,0,1.1368683772161603e-13,0.0,4.867266961009591,0.0,True
2025-09-15,257,M1_M6,causal_load_main,A_q2_aligned,1200.0,delivery_time_actual_price,oracle,40298.82497105315,329.88136897987965,1736.8082681861474,42365.514608219186,59402.990668437735,60298.90577358574,484.0973680421764,1499.2538624611802,6627.686973482661,5102.15993632895,3,0,1.4210854715202004e-13,0.0,5.043451891004224,0.0,True
2025-09-16,258,M1_M6,causal_load_main,A_q2_aligned,1200.0,delivery_time_actual_price,oracle,43331.30471111749,1872.9293639941475,36.46276111458218,45240.69683622622,72943.89712810746,67161.28741411603,14.829104166666298,2232.741474074075,5102.15993632895,4665.828319916388,3,0,1.1368683772161603e-13,0.0,4.530398092989344,0.0,True
2025-09-17,259,M1_M6,causal_load_main,A_q2_aligned,1200.0,delivery_time_actual_price,oracle,42896.430057112055,1216.9749038159518,592.0798228338651,44705.48478376187,68652.27661031103,66518.42805893999,241.97686246118337,597.2609810185198,4665.828319916388,4284.095970820561,3,0,1.1368683772161603e-13,0.0,4.689032305992441,0.0,True
2025-09-18,260,M1_M6,causal_load_main,A_q2_aligned,1200.0,delivery_time_actual_price,oracle,42743.46668361437,1634.125300131761,44.63082004964846,44422.222803795776,60728.82124623466,67238.71503087963,18.198091769958623,1802.4338597222236,4284.095970820561,3177.4182699494327,3,0,2.2737367544323206e-13,0.0,4.302022243995452,0.0,True
2025-09-19,261,M1_M6,causal_load_main,A_q2_aligned,1200.0,delivery_time_actual_price,oracle,16084.109106836564,235.04291328680586,6.757324561061588,16325.90934468443,36194.65110931956,35864.21314116374,2.2754667323549347,13547.539151658711,3177.4182699494327,4750.661321688353,3,0,1.7053025658242404e-12,0.0,4.285560106000048,0.0,True
2025-09-20,262,M1_M6,causal_load_main,A_q2_aligned,1200.0,delivery_time_actual_price,oracle,18207.273381506137,288.8518289216397,457.39709481660395,18953.522305244376,42853.924561382984,42278.771681432394,159.00417075223447,14159.852249961186,4750.661321688353,10169.401513820798,3,0,1.1368683772161603e-13,0.0,4.476994144002674,0.0,True
2025-09-21,263,M1_M6,causal_load_main,A_q2_aligned,1200.0,delivery_time_actual_price,oracle,43164.98656633733,509.4070483366597,16.552188631249766,43690.945803305236,67100.59846444541,65871.61424108874,7.682612499999891,1751.2377563271623,10169.401513820798,8600.892092073997,2,0,1.1368683772161603e-13,0.0,4.432411306988797,0.0,True
2025-09-22,264,M1_M6,causal_load_main,A_q2_aligned,1200.0,delivery_time_actual_price,oracle,40166.649456015264,2199.4533371124708,3066.9654758015404,45433.06826892928,67415.12186684103,60733.88739916456,1107.8823152777777,494.3258791666658,8600.892092073997,5349.719239577614,3,0,1.1368683772161603e-13,0.0,5.279545554993092,0.0,True
2025-09-23,265,M1_M6,causal_load_main,A_q2_aligned,1200.0,delivery_time_actual_price,oracle,43548.42932613489,694.1291602616192,829.6308861573038,45072.18937255382,70329.64726401024,68213.33983792993,216.26673055555352,272.97351188271114,5349.719239577614,6086.62761867761,2,0,2.2737367544323206e-13,0.0,4.515221052002744,0.0,True
2025-09-24,266,M1_M6,causal_load_main,A_q2_aligned,1200.0,delivery_time_actual_price,oracle,40108.22621400014,1200.9603344529612,1424.3761018857476,42733.56265033885,57178.011084075275,61551.0482362467,461.36361316471454,492.356514955379,6086.62761867761,2648.53304135119,2,0,1.1368683772161603e-13,0.0,5.359375540007022,0.0,True
2025-09-25,267,M1_M6,causal_load_main,A_q2_aligned,1200.0,delivery_time_actual_price,oracle,43832.32087272499,768.598681891486,938.123465115216,45539.04301973169,65832.69712236564,68571.37071777107,275.91925999005707,2265.1666430555547,2648.53304135119,2893.6700401674234,2,0,1.687538997430238e-13,0.0,4.403334131013253,0.0,True
2025-09-26,268,M1_M6,causal_load_main,A_q2_aligned,1200.0,delivery_time_actual_price,oracle,14394.866700910428,437.110247089101,307.07914508349114,15139.056093083022,35276.11578179755,33907.64699383792,179.93590393993247,11667.920953163157,2893.6700401674234,4105.91869977642,3,0,1.1368683772161603e-13,0.0,5.118221576005453,0.0,True
2025-09-27,269,M1_M6,causal_load_main,A_q2_aligned,1200.0,delivery_time_actual_price,oracle,17655.612758386378,199.90051261040472,1148.9129506043646,19004.426221601145,39941.13861762664,40368.68503143228,382.49784606647074,13306.696874961186,4105.91869977642,10008.777552313477,3,0,1.1368683772161603e-13,0.0,5.018121878005331,0.0,True
2025-09-28,270,M1_M6,causal_load_main,A_q2_aligned,1200.0,delivery_time_actual_price,oracle,42365.55029187938,1286.6287363358706,1270.9771839122836,44923.156212127535,59415.06637034715,63792.390329329035,275.31159466858935,754.6879833333322,10008.777552313477,4379.401141025316,2,0,2.2737367544323206e-13,0.0,4.70082233499852,0.0,True
2025-09-29,271,M1_M6,causal_load_main,A_q2_aligned,1200.0,delivery_time_actual_price,oracle,39302.53031117562,1241.539518962451,8646.370740338965,49190.44057047704,64352.56769531162,60217.83269727579,2549.691033524814,0.21134999999999998,4379.401141025316,1256.6168480387664,2,0,1.4210854715202004e-13,0.0,4.331778496998595,0.0,True
2025-09-30,272,M1_M6,causal_load_main,A_q2_aligned,1200.0,delivery_time_actual_price,oracle,46569.25424039924,778.0319118572422,4953.393544075398,52300.679696331885,71622.33879242594,74081.55513652781,1522.7123326248418,137.94067083333317,1256.6168480387664,6953.645730901536,3,0,1.4921397450962104e-13,0.0,4.763175926011172,0.0,True
2025-10-01,273,M1_M6,causal_load_main,A_q2_aligned,1200.0,delivery_time_actual_price,oracle,36730.35393725689,543.8050988398365,615.1300365314939,37889.28907262822,61272.78887055856,58741.509903885926,237.67738662803492,3357.8679620370394,6953.645730901536,8210.346745618832,2,0,1.4210854715202004e-13,0.0,5.250833808007883,0.0,True
2025-10-02,274,M1_M6,causal_load_main,A_q2_aligned,1200.0,delivery_time_actual_price,oracle,34047.0055942871,2491.905878518274,1148.5709841968269,37687.482457002196,61939.45991228425,53067.748471112114,348.3751706215668,2214.55260230397,8210.346745618832,3858.0897237431063,2,0,6.356071935442742e-08,0.0,4.740193094999995,0.0,True
2025-10-03,275,M1_M6,causal_load_main,A_q2_aligned,1200.0,delivery_time_actual_price,oracle,13039.649114895723,153.87638450920915,1548.448527418785,14741.974026823715,33632.25213276311,33923.56494460964,669.1347676658336,19068.612790238963,3858.0897237431063,8163.88279549655,3,0,2.2737367544323206e-13,0.0,4.503519899008097,0.0,True
2025-10-04,276,M1_M6,causal_load_main,A_q2_aligned,1200.0,delivery_time_actual_price,oracle,14330.62397050234,207.5381676376561,2206.768829808725,16744.93096794872,35930.25566069981,35339.90285563565,916.9466665602218,15324.082844405626,8163.88279549655,10799.999999299938,3,0,8.760048331168946e-08,0.0,5.011508961004438,0.0,True
2025-10-05,277,M1_M6,causal_load_main,A_q2_aligned,1200.0,delivery_time_actual_price,oracle,36687.38418941492,1852.3297465636101,1086.8113184269737,39626.52525440551,64814.005692861036,57763.01377171115,421.76025483857467,970.7682694056298,10799.999999299938,9534.182742792726,3,0,1.1368683772161603e-13,0.0,4.674417029003962,0.0,True
2025-10-06,278,M1_M6,causal_load_main,A_q2_aligned,1200.0,delivery_time_actual_price,oracle,37595.22526514366,619.781861581394,2562.594161520444,40777.60128824549,56082.90633165553,58503.59894648861,784.8864162949917,51.20450694444571,9534.182742792726,7685.746089015275,2,0,1.7053025658242404e-13,0.0,4.667425790001289,0.0,True
2025-10-07,279,M1_M6,causal_load_main,A_q2_aligned,1200.0,delivery_time_actual_price,oracle,39462.75437494872,917.9590381568885,609.2562514195807,40989.96966452519,60877.77523945732,63336.409985233906,208.22338601873554,782.1433753008813,7685.746089015275,8390.79815630433,2,0,1.7053025658242404e-12,0.0,4.8929242649901425,0.0,True
2025-10-08,280,M1_M6,causal_load_main,A_q2_aligned,1200.0,delivery_time_actual_price,oracle,36496.35111871448,371.5198448164714,2887.0072328267975,39754.87819635776,57341.59115694575,58763.119160643015,835.8148358701703,65.02513333333124,8390.79815630433,7581.096545134842,3,0,1.163513729807164e-13,0.0,5.073202339001,0.0,True
2025-10-09,281,M1_M6,causal_load_main,A_q2_aligned,1200.0,delivery_time_actual_price,oracle,34599.66767820636,2556.977688066425,4197.6947676416585,41354.34013391444,62807.99946437866,53841.00695809252,1097.5412702142005,857.8527902389626,7581.096545134842,2950.6357735917213,3,0,5.42956968274666e-08,0.0,4.662047896999866,0.0,True
2025-10-10,282,M1_M6,causal_load_main,A_q2_aligned,1200.0,delivery_time_actual_price,oracle,13153.27047528392,228.07471814143457,2150.301889208712,15531.647082634066,34384.81257777804,33677.342514699674,819.6453122592859,19095.35724083706,2950.6357735917213,6398.999371505205,3,0,1.1368683772161603e-13,0.0,4.828918772007455,0.0,True
2025-10-11,283,M1_M6,causal_load_main,A_q2_aligned,1200.0,delivery_time_actual_price,oracle,14648.810748294514,73.7920346567897,692.963677972532,15415.566460923834,37330.59619874811,37114.69447390699,288.20589922223394,14222.642830053774,6398.999371505205,10783.392269477896,3,0,1.7053025658242404e-12,0.0,4.823270909997518,0.0,True
2025-10-12,284,M1_M6,causal_load_main,A_q2_aligned,1200.0,delivery_time_actual_price,oracle,36724.03221445409,349.2936606861798,2712.0959251926097,39785.42180033288,59714.138356089636,59379.81972562418,726.1686989587032,145.49909722222588,10783.392269477896,8803.94735548805,2,0,1.4210854715202004e-13,0.0,4.673007902005338,0.0,True
2025-10-13,285,M1_M6,causal_load_main,A_q2_aligned,1200.0,delivery_time_actual_price,oracle,37509.286657640536,1811.1789447833687,5146.45861209525,44466.924214519146,64703.94174274856,60134.92513961538,1611.8046763468756,285.18656805555554,8803.94735548805,9656.006248045835,3,0,1.1368683772161603e-13,0.0,4.650860529989586,0.0,True
2025-10-14,286,M1_M6,causal_load_main,A_q2_aligned,1200.0,delivery_time_actual_price,oracle,40102.713394961655,1196.5517458257523,3750.305710660953,45049.57085144836,66260.20916414174,63675.583690374035,1117.6947332889008,853.6982791278467,9656.006248045835,8794.866507850676,2,0,1.4210854715202004e-13,0.0,5.076671893999446,0.0,True
2025-10-15,287,M1_M6,causal_load_main,A_q2_aligned,1200.0,delivery_time_actual_price,oracle,39532.576424710234,1745.4700589633621,5895.734653642272,47173.78113731586,70613.16379303584,64958.1702907069,2036.7836658748358,17.01058333333335,8794.866507850676,9863.820909030124,2,0,1.1368683772161603e-13,0.0,4.887703418004094,0.0,True
2025-10-16,288,M1_M6,causal_load_main,A_q2_aligned,1200.0,delivery_time_actual_price,oracle,38047.38067903518,635.5069162019481,4024.138737882117,42707.02633311925,57330.8214637396,57671.57931716185,1141.4523280879862,626.7294748456807,9863.820909030124,2290.4325907130674,3,0,1.1368683772161603e-13,0.0,4.551403492005193,0.0,True
2025-10-17,289,M1_M6,causal_load_main,A_q2_aligned,1200.0,delivery_time_actual_price,oracle,12816.179502256713,352.30242412285264,1138.1921847234953,14306.67411110306,31091.320521284717,32097.032906190318,391.78226959696445,12437.144007036575,2290.4325907130674,3747.7323718233897,3,0,1.1368683772161603e-13,0.0,4.96175001199299,0.0,True
2025-10-18,290,M1_M6,causal_load_main,A_q2_aligned,1200.0,delivery_time_actual_price,oracle,14982.530734236485,377.5542979536974,1142.682118324467,16502.76715051465,39682.55193602305,38785.663620364634,426.3943679308106,12663.446587461183,3747.7323718233897,10195.189845959914,2,0,2.2737367544323206e-13,0.0,4.821962132002227,0.0,True
2025-10-19,291,M1_M6,causal_load_main,A_q2_aligned,1200.0,delivery_time_actual_price,oracle,40648.932757206916,655.9448944486686,5992.163351311309,47297.0410029669,65348.00689989652,63615.44066517534,1692.2274037628627,0.03223333333333333,10195.189845959914,8148.56471745942,2,0,1.1368683772161603e-13,0.0,5.07815221400233,0.0,True
2025-10-20,292,M1_M6,causal_load_main,A_q2_aligned,1200.0,delivery_time_actual_price,oracle,42644.58053193708,1509.7952013409536,2628.73068658073,46783.10641985876,71752.0919743072,68136.74175040066,628.0365204791012,36.42154861111137,8148.56471745942,8398.890522925392,3,0,1.1368683772161603e-13,0.0,5.082873613995616,0.0,True
2025-10-21,293,M1_M6,causal_load_main,A_q2_aligned,1200.0,delivery_time_actual_price,oracle,43997.685640206386,915.0512878217555,3257.7444551917933,48170.481383219936,70239.79749235859,69516.67301668557,849.5199649104534,190.39558055555545,8398.890522925392,8628.509904629615,3,0,2.2737367544323206e-13,0.0,5.24915721200523,0.0,True
2025-10-22,294,M1_M6,causal_load_main,A_q2_aligned,1200.0,delivery_time_actual_price,oracle,42636.789255224794,375.62369389530227,3158.907662255042,46171.320611375144,65996.81353054602,67223.98303069544,739.516923794882,153.35413749999998,8628.509904629615,7685.313582228635,3,0,2.2737367544323206e-13,0.0,4.873614590993384,0.0,True
2025-10-23,295,M1_M6,causal_load_main,A_q2_aligned,1200.0,delivery_time_actual_price,oracle,37707.04422289958,4223.432101338583,6043.817729081435,47974.294053319594,71478.59376499295,58948.979678444106,1784.8561432869471,0.0,7685.313582228635,1869.2320841344385,3,0,1.1368683772161603e-13,0.0,4.550517194002168,0.0,True
2025-10-24,296,M1_M6,causal_load_main,A_q2_aligned,1200.0,delivery_time_actual_price,oracle,14099.163132859663,63.02491178979464,2503.680659122825,16665.868703772285,35882.763741216106,36247.92926978723,826.5446909482202,11563.311020833335,1869.2320841344385,6426.649735232561,3,0,1.1368683772161603e-13,0.0,4.759791479998967,0.0,True
2025-10-25,297,M1_M6,causal_load_main,A_q2_aligned,1200.0,delivery_time_actual_price,oracle,13961.828600296958,68.85854293123803,1600.2225732988281,15630.909716527027,35787.24743435308,35996.21895643322,711.7745621062445,10533.522169444444,6426.649735232561,10175.045729821588,3,0,1.1368683772161603e-13,0.0,4.854583975000423,0.0,True
2025-10-26,298,M1_M6,causal_load_main,A_q2_aligned,1200.0,delivery_time_actual_price,oracle,40090.78150374339,2234.0663391382964,6894.761066893658,49219.60890977534,69178.6757013545,63179.03010838972,2160.365794800665,69.50077361111192,10175.045729821588,7715.122775329938,3,0,1.7053025658242404e-12,0.0,4.888802917994326,0.0,True
2025-10-27,299,M1_M6,causal_load_main,A_q2_aligned,1200.0,delivery_time_actual_price,oracle,42152.5611996909,1034.2364973241592,1256.2196233878544,44443.01732040292,63447.91295368873,66456.9429128377,332.8654052011234,410.2229376031019,7715.122775329938,5863.432429659393,2,0,2.2737367544323206e-13,0.0,4.863012672009063,0.0,True
2025-10-28,300,M1_M6,causal_load_main,A_q2_aligned,1200.0,delivery_time_actual_price,oracle,44424.920477240084,1204.9698594931901,2126.751662846885,47756.641999580155,66646.02942739942,70381.96240001329,667.63129222408,60.89280138888805,5863.432429659393,7247.512166014827,2,0,1.1368683772161603e-13,0.0,4.522002441008226,0.0,True
2025-10-29,301,M1_M6,causal_load_main,A_q2_aligned,1200.0,delivery_time_actual_price,oracle,45798.026122826384,713.2947154151636,4402.910775233466,50914.231613475014,72587.91659714929,72026.63972901093,981.9613514975638,88.13394305555622,7247.512166014827,6901.054723130413,2,0,1.1368683772161603e-13,0.0,5.457841372000985,0.0,True
2025-10-30,302,M1_M6,causal_load_main,A_q2_aligned,1200.0,delivery_time_actual_price,oracle,40044.61698562064,1049.9237415287457,4172.662359007038,45267.20308615643,58209.721139198875,60647.83422353146,1369.1124140557126,0.029933333333333333,6901.054723130413,1200.0,3,0,1.1368683772161603e-13,0.0,4.830768971005455,0.0,True
2025-10-31,303,M1_M6,causal_load_main,A_q2_aligned,1200.0,delivery_time_actual_price,oracle,14752.597615239978,243.99861288818784,2889.857055563978,17886.453283692143,39464.70885276755,38703.64286363958,995.5212273168381,6633.357456830936,1200.0,7558.880645745313,3,0,1.1368683772161603e-13,0.0,4.20572928499314,0.0,True
2025-11-01,304,M1_M6,causal_load_main,A_q2_aligned,1200.0,delivery_time_actual_price,oracle,13860.168641069213,109.11070690222935,2555.673926296651,16524.953274268093,35623.01316498271,36384.450947776175,935.3599279397891,8549.156829222537,7558.880645745313,10684.069067251332,2,0,1.1368683772161603e-13,0.0,4.84341350098839,0.0,True
2025-11-02,305,M1_M6,causal_load_main,A_q2_aligned,1200.0,delivery_time_actual_price,oracle,44480.18300091318,1078.3325734327723,4568.725856406429,50127.24143075239,66916.45061374723,68486.03331320634,1013.3610352538635,209.45083888888934,10684.069067251332,7572.431359235385,3,0,1.2789769243681803e-13,0.0,4.696977601997787,0.0,True
2025-11-03,306,M1_M6,causal_load_main,A_q2_aligned,1200.0,delivery_time_actual_price,oracle,45606.86751793871,1297.6543889371264,5580.386254634157,52484.90816150999,75101.89698286822,71637.30404175686,1314.972303083516,206.57937471917364,7572.431359235385,7683.664841792362,3,0,1.7053025658242404e-12,0.0,4.894954687988502,0.0,True
2025-11-04,307,M1_M6,causal_load_main,A_q2_aligned,1200.0,delivery_time_actual_price,oracle,43751.97006107776,567.554891421852,6231.72208395034,50551.24703644996,65701.17647639388,67246.40723188725,1365.1023544686075,352.08570416666856,7683.664841792362,4437.833292352848,3,0,9.094947017729282e-13,0.0,5.22847142899991,0.0,True
2025-11-05,308,M1_M6,causal_load_main,A_q2_aligned,1200.0,delivery_time_actual_price,oracle,46308.64360100469,2190.725359961241,7805.654823713059,56305.02378467898,78029.4805256959,71887.4669855783,1912.3170777383464,233.55123333333376,4437.833292352848,5211.891334505405,3,0,2.2737367544323206e-13,0.0,4.709648379997816,0.0,True
2025-11-06,309,M1_M6,causal_load_main,A_q2_aligned,1200.0,delivery_time_actual_price,oracle,46264.28794439586,742.3722983011653,5369.008315332936,52375.66855802995,68357.1067159966,69879.66563833767,1365.8424759766197,0.0,5211.891334505405,1240.1170728192722,3,0,1.1368683772161603e-13,0.0,4.286123518992099,0.0,True
2025-11-07,310,M1_M6,causal_load_main,A_q2_aligned,1200.0,delivery_time_actual_price,oracle,14411.508108727809,100.70737793592352,2881.191776277331,17393.407262941062,37376.57482695156,37669.54218745256,913.1412695326933,7847.85754903526,1240.1170728192722,5930.047473710266,3,0,1.1368683772161603e-13,0.0,4.783131949996459,0.0,True
2025-11-08,311,M1_M6,causal_load_main,A_q2_aligned,1200.0,delivery_time_actual_price,oracle,15010.447158725518,249.2678828836436,1126.516241117749,16386.23128272691,36985.63704120679,38412.057157380375,442.9120170182981,7974.021408294518,5930.047473710266,10122.961628413907,3,0,1.1368683772161603e-13,0.0,4.848595426999964,0.0,True
2025-11-09,312,M1_M6,causal_load_main,A_q2_aligned,1200.0,delivery_time_actual_price,oracle,46379.485463330784,569.7835683361297,4042.140960134422,50991.40999180133,71640.6697573686,70947.23278425318,1076.7724958972303,306.1186694444454,10122.961628413907,6887.322524248292,2,0,1.1368683772161603e-13,0.0,4.702684873001999,0.0,True
2025-11-10,313,M1_M6,causal_load_main,A_q2_aligned,1200.0,delivery_time_actual_price,oracle,51291.53097174501,1222.7920999041542,4718.882142660093,57233.20521430926,76543.23610770982,78448.65226068406,1063.6914469117949,37.76593333333335,6887.322524248292,7610.290428235905,3,0,2.2737367544323206e-13,0.0,5.075620581992553,0.0,True
2025-11-11,314,M1_M6,causal_load_main,A_q2_aligned,1200.0,delivery_time_actual_price,oracle,47197.76893614789,1511.9154779809833,3785.8746727131675,52495.55908684204,76201.61799608363,72641.52308198673,787.9406370413637,84.04059305555424,7610.290428235905,6025.329213798455,3,0,1.1368683772161603e-13,0.0,4.536752768006409,0.0,True
2025-11-12,315,M1_M6,causal_load_main,A_q2_aligned,1200.0,delivery_time_actual_price,oracle,49911.32110873435,999.946249829847,4229.7830391309135,55141.05039769511,77395.35963852101,78163.13141466986,919.5638385901485,46.130033333333586,6025.329213798455,9136.425910648426,3,0,2.2737367544323206e-13,0.0,5.304907067999011,0.0,True
2025-11-13,316,M1_M6,causal_load_main,A_q2_aligned,1200.0,delivery_time_actual_price,oracle,45536.51970546484,934.0534991327415,6412.61778469101,52883.19098928858,63703.255159807704,65949.3147770347,1564.4706091422145,81.01177348829451,9136.425910648426,1313.9393360174197,2,0,1.4566126083082054e-13,0.0,4.6749656530009815,0.0,True
2025-11-14,317,M1_M6,causal_load_main,A_q2_aligned,1200.0,delivery_time_actual_price,oracle,16425.22889824844,610.4251415145595,2003.1922717225557,19038.846311485555,39180.65592862811,41901.65968797234,727.8741726393548,6562.039331905629,1313.9393360174197,7188.960547460885,3,0,1.1368683772161603e-13,0.0,4.538569260010263,0.0,True
2025-11-15,318,M1_M6,causal_load_main,A_q2_aligned,1200.0,delivery_time_actual_price,oracle,15151.883332009604,145.41780168025863,2507.261148908597,17804.562282598457,38109.02947270587,37705.30863628786,958.0536527838991,4231.02654512698,7188.960547460885,10645.862536859184,3,0,1.1368683772161603e-13,0.0,5.269641293998575,0.0,True
2025-11-16,319,M1_M6,causal_load_main,A_q2_aligned,1200.0,delivery_time_actual_price,oracle,49816.01585488973,1099.8382614904754,3945.062380262777,54860.916496642974,71670.1397912363,74241.40409946657,937.6005007640322,72.3849625000014,10645.862536859184,7592.307092135895,3,0,2.2737367544323206e-13,0.0,4.98474955400161,0.0,True
2025-11-17,320,M1_M6,causal_load_main,A_q2_aligned,1200.0,delivery_time_actual_price,oracle,50407.19555433237,2053.751031845878,1951.6922759848976,54412.63886216314,70944.39101017312,76672.06765079439,531.9259969128043,99.91132222222008,7592.307092135895,6803.564261117605,3,0,2.2737367544323206e-13,0.0,4.705248163998476,0.0,True
2025-11-18,321,M1_M6,causal_load_main,A_q2_aligned,1200.0,delivery_time_actual_price,oracle,50108.514029253376,618.6729648091138,6259.897460487051,56987.08445454954,74587.5144965194,75745.60249192652,1556.6257707693524,0.0,6803.564261117605,5883.645736688352,3,0,2.2737367544323206e-13,0.0,5.313011506994371,0.0,True
2025-11-19,322,M1_M6,causal_load_main,A_q2_aligned,1200.0,delivery_time_actual_price,oracle,53703.864962519896,2021.2031051433378,3206.2360903277986,58931.304157991035,74128.0265242742,78945.22575338183,846.5466207297787,0.0018666666666666666,5883.645736688352,5671.22978994656,3,0,2.2737367544323206e-13,0.0,4.375493858999107,0.0,True
2025-11-20,323,M1_M6,causal_load_main,A_q2_aligned,1200.0,delivery_time_actual_price,oracle,48964.754519546776,1206.3260588617868,5029.2225039434725,55200.30308235204,69223.86482964539,72162.56022296875,1170.6235377644102,3.215490300224352,5671.22978994656,1240.276322131243,2,0,8.659833383717341e-08,0.0,4.755500707004103,0.0,True
2025-11-21,324,M1_M6,causal_load_main,A_q2_aligned,1200.0,delivery_time_actual_price,oracle,16179.938816426275,143.09483831142052,1732.408526683661,18055.442181421357,40256.913768132086,40674.8597981959,704.8504752761553,3481.724448417973,1240.276322131243,7676.989234413773,3,0,1.1368683772161603e-13,0.0,4.293957515998045,0.0,True
2025-11-22,325,M1_M6,causal_load_main,A_q2_aligned,1200.0,delivery_time_actual_price,oracle,15094.3405425958,123.14507277099726,2194.8193502570475,17412.304965623844,38372.81236823004,37500.28386073894,804.7077317343833,2811.5433675537774,7676.989234413773,10042.617758995875,3,0,1.1368683772161603e-13,0.0,5.048609008008498,0.0,True
2025-11-23,326,M1_M6,causal_load_main,A_q2_aligned,1200.0,delivery_time_actual_price,oracle,51563.81416040337,1361.5552915508342,2939.5335342751514,55864.902986229354,73280.21058966542,76364.46765203845,772.3894744623042,188.12246143703305,10042.617758995875,8295.871819010925,3,0,1.7053025658242404e-12,0.0,4.707334967999486,0.0,True
2025-11-24,327,M1_M6,causal_load_main,A_q2_aligned,1200.0,delivery_time_actual_price,oracle,48540.98672265906,786.4837572872477,4976.481798276597,54303.952278222896,69734.05268589276,71835.47306383967,1289.2237112873975,56.001483333333226,8295.871819010925,4160.094172952774,2,0,1.1368683772161603e-13,0.0,4.90486764999514,0.0,True
2025-11-25,328,M1_M6,causal_load_main,A_q2_aligned,1200.0,delivery_time_actual_price,oracle,54292.247796328214,2328.2861041398564,1701.1374088084679,58321.671309276535,88628.12061287108,82900.83589606034,538.3766790670428,18.66320694444499,4160.094172952774,7548.90740881221,3,0,1.4210854715202004e-13,0.0,4.897246588006965,0.0,True
2025-11-26,329,M1_M6,causal_load_main,A_q2_aligned,1200.0,delivery_time_actual_price,oracle,53715.52480969697,1367.6238421406197,2584.448592080755,57667.59724391833,77994.12339749714,78592.53790360114,588.1983115567125,2.9483333333332666,7548.90740881221,5446.713638740787,3,0,3.410605131648481e-12,0.0,4.838499734993093,0.0,True
2025-11-27,330,M1_M6,causal_load_main,A_q2_aligned,1200.0,delivery_time_actual_price,oracle,52438.43156136868,978.2388288697464,2465.4191030110887,55882.08949324952,74028.87018348943,76262.74716167367,580.649810674807,5.2316333333333205,5446.713638740787,2102.8886153928515,3,0,1.8189894035458565e-12,0.0,5.0394401920057135,0.0,True
2025-11-28,331,M1_M6,causal_load_main,A_q2_aligned,1200.0,delivery_time_actual_price,oracle,15268.352342455031,35.37246885778984,2269.0358064368356,17572.760617749656,39445.58495499403,39536.79903877773,785.5142650821695,1946.5895405476033,2102.8886153928515,6717.4947595933145,3,0,1.1368683772161603e-13,0.0,4.784757069995976,0.0,True
2025-11-29,332,M1_M6,causal_load_main,A_q2_aligned,1200.0,delivery_time_actual_price,oracle,16853.886365702463,713.0847884947667,529.292493076126,18096.263647273357,46846.08723983627,43215.47813872497,247.7886218731212,1575.9910298471639,6717.4947595933145,10520.249121852867,2,0,1.1368683772161603e-13,0.0,5.078684439009521,0.0,True
2025-11-30,333,M1_M6,causal_load_main,A_q2_aligned,1200.0,delivery_time_actual_price,oracle,54999.431090089034,1264.4003538912464,2276.949774738855,58540.78121871914,76715.38379646113,79029.98249068888,602.3932745627569,0.0,10520.249121852867,6061.286967766452,3,0,2.2737367544323206e-13,0.0,4.694638968998333,0.0,True
2025-12-01,334,M1_M6,causal_load_main,A_q2_aligned,1200.0,delivery_time_actual_price,oracle,57478.176922586215,1411.947833280873,34877.57586981688,93767.70062568397,83081.13536869394,80110.90159236311,7792.470827057515,0.0,6061.286967766452,4905.533619629609,2,0,1.7053025658242404e-12,0.0,4.914398817010806,0.0,True
2025-12-02,335,M1_M6,causal_load_main,A_q2_aligned,1200.0,delivery_time_actual_price,oracle,60065.89622665613,1241.6538607040147,31536.22235108495,92843.7724384451,84153.86843305797,81282.59575187904,7029.487861630776,0.0,4905.533619629609,1806.5329135898783,2,0,2.2737367544323206e-13,0.0,4.920441156995366,0.0,True
2025-12-03,336,M1_M6,causal_load_main,A_q2_aligned,1200.0,delivery_time_actual_price,oracle,62013.23366722514,2891.7485320922615,24807.38550949144,89712.36770880883,79822.77581406523,86444.72949423987,5926.273434611523,0.0,1806.5329135898783,3928.9059639890197,2,0,2.2737367544323206e-13,0.0,5.117380180992768,0.0,True
2025-12-04,337,M1_M6,causal_load_main,A_q2_aligned,1200.0,delivery_time_actual_price,oracle,57721.67209059106,2186.921016049081,33868.68647933872,93777.27958597886,82112.9405921675,79074.72387950901,7719.189021939656,0.0,3928.9059639890197,1200.0,2,0,2.2737367544323206e-13,0.0,4.978713630000129,0.0,True
2025-12-05,338,M1_M6,causal_load_main,A_q2_aligned,1200.0,delivery_time_actual_price,oracle,17477.649018315555,482.0742757482916,15428.527003514235,33388.25029757808,40361.500602897155,41629.292474543974,5123.073861053905,0.0,1200.0,4013.7896206588903,2,0,1.1368683772161603e-13,0.0,4.8754391969996504,0.0,True
2025-12-06,339,M1_M6,causal_load_main,A_q2_aligned,1200.0,delivery_time_actual_price,oracle,20350.23240693236,523.1815714220987,10289.275006661635,31162.688985016088,46234.79188773274,47886.65761315833,4429.955334279657,0.0,4013.7896206588903,9877.906434761006,3,0,1.1368683772161603e-13,0.0,5.1725925039936556,0.0,True
2025-12-07,340,M1_M6,causal_load_main,A_q2_aligned,1200.0,delivery_time_actual_price,oracle,58490.20232390673,1991.447049288331,31306.710886929446,91788.3602601245,84667.06866286918,80024.82020711657,7293.774021160874,0.0,9877.906434761006,6606.238639776256,2,0,2.2737367544323206e-13,0.0,5.079596986004617,0.0,True
2025-12-08,341,M1_M6,causal_load_main,A_q2_aligned,1200.0,delivery_time_actual_price,oracle,64229.84688086214,696.0836576854452,13090.043892915794,78015.97443146337,89045.80583003027,88088.1455668057,3302.2223757601337,0.0,6606.238639776256,6650.476861782174,2,0,2.2737367544323206e-13,0.0,5.476664433997939,0.0,True
2025-12-09,342,M1_M6,causal_load_main,A_q2_aligned,1200.0,delivery_time_actual_price,oracle,62122.93287639995,1330.2876370732251,22087.65932462907,85540.87983810225,90543.12682008333,87878.58744960393,4971.060017389467,0.0,6650.476861782174,9002.435699923017,2,0,2.2737367544323206e-13,0.0,5.470118608005578,0.0,True
2025-12-10,343,M1_M6,causal_load_main,A_q2_aligned,1200.0,delivery_time_actual_price,oracle,61915.7589462998,1098.4869335959615,20648.567159244238,83662.81303914,81958.35897341474,84334.02562674202,4749.058597764427,0.0,9002.435699923017,6665.276433588833,2,0,2.2737367544323206e-13,0.0,5.670678495996981,0.0,True
2025-12-11,344,M1_M6,causal_load_main,A_q2_aligned,1200.0,delivery_time_actual_price,oracle,58190.06567755614,1078.4492676908617,16976.15455708465,76244.66950233164,82801.72814540169,80334.98334926835,3995.219833963644,0.0,6665.276433588833,1997.6970816149812,2,0,1.1368683772161603e-13,0.0,5.047709083999507,0.0,True
2025-12-12,345,M1_M6,causal_load_main,A_q2_aligned,1200.0,delivery_time_actual_price,oracle,19978.723365921236,802.1989269241228,7440.307711676308,28221.23000452167,44808.80169720226,47707.942597168425,3044.937855648217,0.0,1997.6970816149812,6152.836788314717,3,0,1.1368683772161603e-13,0.0,4.793410220998339,0.0,True
2025-12-13,346,M1_M6,causal_load_main,A_q2_aligned,1200.0,delivery_time_actual_price,oracle,20118.94147087363,275.41886010211635,9251.006477611549,29645.3668085873,46595.22639268389,47175.27925509974,3946.4252238683434,0.0,6152.836788314717,10585.557443693797,3,0,1.1368683772161603e-13,0.0,5.27531780701247,0.0,True
2025-12-14,347,M1_M6,causal_load_main,A_q2_aligned,1200.0,delivery_time_actual_price,oracle,63061.79903227444,1956.4518369171335,20447.368540266656,85465.61940945822,81003.23764815155,85335.28563524305,4412.2138230495675,0.0,10585.557443693797,8322.728245011309,2,0,2.2737367544323206e-13,0.0,4.889958019004553,0.0,True
2025-12-15,348,M1_M6,causal_load_main,A_q2_aligned,1200.0,delivery_time_actual_price,oracle,65358.44145431153,2373.677223272667,13536.133266081457,81268.25194366564,83498.97259498012,88586.85921673068,3042.5363873900187,0.0,8322.728245011309,7446.2602855511095,2,0,2.2737367544323206e-13,0.0,5.663926282009925,0.0,True
2025-12-16,349,M1_M6,causal_load_main,A_q2_aligned,1200.0,delivery_time_actual_price,oracle,65666.8259667931,327.80766280405663,12978.749650752205,78973.38328034936,90685.53820606273,90115.38768007327,3093.023882316251,0.0,7446.2602855511095,8156.879288991301,3,0,1.7053025658242404e-12,0.0,5.669669442999293,0.0,True
2025-12-17,350,M1_M6,causal_load_main,A_q2_aligned,1200.0,delivery_time_actual_price,oracle,63699.3134323385,1513.7765246966871,16632.639124628415,81845.72908166361,91500.8285252096,88548.11553951426,3807.938536516768,0.0,8156.879288991301,9201.043207476667,2,0,1.7053025658242404e-12,0.0,5.089445357996738,0.0,True
2025-12-18,351,M1_M6,causal_load_main,A_q2_aligned,1200.0,delivery_time_actual_price,oracle,60021.767194733126,719.3819659485498,13376.646403365812,74117.7955640475,78280.74209508255,79863.24546686554,3275.6364015858544,0.0,9201.043207476667,2021.5395907309444,2,0,1.7053025658242404e-12,0.0,5.072516139000072,0.0,True
2025-12-19,352,M1_M6,causal_load_main,A_q2_aligned,1200.0,delivery_time_actual_price,oracle,20513.026223053792,627.9024421621014,7149.519862130821,28290.448527346714,46225.08335511548,49167.72485274748,2652.377581025771,0.0,2021.5395907309444,8119.053291465134,3,0,1.1368683772161603e-13,0.0,5.044025798997609,0.0,True
2025-12-20,353,M1_M6,causal_load_main,A_q2_aligned,1200.0,delivery_time_actual_price,oracle,18861.62101054374,180.16446100717093,8269.655412330456,27311.440883881365,45482.00149271637,44888.57477692066,3144.5354785634227,0.0,8119.053291465134,10545.34871579507,3,0,1.1368683772161603e-13,0.0,5.63716513098916,0.0,True
2025-12-21,354,M1_M6,causal_load_main,A_q2_aligned,1200.0,delivery_time_actual_price,oracle,63607.05138864962,1063.3574799582639,17082.430317053237,81752.83918566111,86416.3557453769,86459.41745236411,3900.283640601368,0.0,10545.34871579507,8289.398280360743,2,0,3.410605131648481e-12,0.0,5.254818082990823,0.0,True
2025-12-22,355,M1_M6,causal_load_main,A_q2_aligned,1200.0,delivery_time_actual_price,oracle,66580.00462635093,772.6126116677374,8549.257360233169,75901.87459825183,88331.98508865661,90106.63697063766,2079.259038872113,0.0,8289.398280360743,8257.831255712752,2,0,3.410605131648481e-12,0.0,5.180181535004522,0.0,True
2025-12-23,356,M1_M6,causal_load_main,A_q2_aligned,1200.0,delivery_time_actual_price,oracle,64298.5877655698,1205.6826842192336,7173.362893858803,72677.63334364785,90377.4893137115,88417.84910033303,1747.2865907969012,0.005349999999999999,8257.831255712752,7754.2915864449205,2,0,1.7053025658242404e-12,0.0,5.547653856992838,0.0,True
2025-12-24,357,M1_M6,causal_load_main,A_q2_aligned,1200.0,delivery_time_actual_price,oracle,65171.063116986144,170.21134303874382,8648.300828233569,73989.57528825845,89284.6351862651,89427.09791853277,1931.3121721344392,0.0,7754.2915864449205,7616.880565765537,2,0,2.2737367544323206e-13,0.0,5.241154482006095,0.0,True
2025-12-25,358,M1_M6,causal_load_main,A_q2_aligned,1200.0,delivery_time_actual_price,oracle,62155.11365301142,1293.6225361652191,11131.003321983108,74579.73951115974,80399.16613862629,83367.75718543527,2485.218702802923,0.0052,7616.880565765537,1995.1892549658623,2,0,2.2737367544323206e-13,0.0,5.271751919994131,0.0,True
2025-12-26,359,M1_M6,causal_load_main,A_q2_aligned,1200.0,delivery_time_actual_price,oracle,21678.626235122996,548.1753388208102,3826.1645169621775,26052.966090905982,49549.333685549755,51824.446684969735,1535.210889297456,0.00036666666666666667,1995.1892549658623,9263.910781652412,3,0,1.1368683772161603e-13,0.0,4.537892566004302,0.0,True
2025-12-27,360,M1_M6,causal_load_main,A_q2_aligned,1200.0,delivery_time_actual_price,oracle,19430.588592931934,365.12512241305194,3064.0215770083714,22859.735292353358,45679.927258481635,47023.50285795595,1229.654028524652,86.6841977305347,9263.910781652412,10668.580057479001,3,0,1.1368683772161603e-13,0.0,5.163830379999126,0.0,True
2025-12-28,361,M1_M6,causal_load_main,A_q2_aligned,1200.0,delivery_time_actual_price,oracle,63677.73985086038,240.467739314556,5779.688651168125,69697.89624134306,87403.6551069185,87429.71083147323,1475.9552289508101,0.005149999999999999,10668.580057479001,9274.369445694756,2,0,1.1368683772161603e-13,0.0,5.038124182989122,0.0,True
2025-12-29,362,M1_M6,causal_load_main,A_q2_aligned,1200.0,delivery_time_actual_price,oracle,66332.70666514293,1340.8862157802591,1861.171845028594,69534.7647259518,87567.7817478078,90587.72779236626,477.3021131394744,0.0,9274.369445694756,7408.718092960559,2,0,1.7053025658242404e-12,0.0,5.083009053996648,0.0,True
2025-12-30,363,M1_M6,causal_load_main,A_q2_aligned,1200.0,delivery_time_actual_price,oracle,65509.699877167484,1005.4037922348408,4878.7025676862,71393.80623708853,94311.15917005722,93017.49078651225,1132.96420115933,0.0,7408.718092960559,10729.799355517383,2,0,2.2737367544323206e-13,0.0,4.706277571996907,0.0,True
2025-12-31,364,M1_M6,causal_load_main,A_q2_aligned,1200.0,delivery_time_actual_price,oracle,63132.872416040016,910.7049436902911,4063.828811219798,68107.40617095011,82604.31539705944,82489.9341158827,979.1199588300568,0.005883333333333332,10729.799355517383,1200.0,2,0,1.1368683772161603e-13,0.0,2.7731398379983148,0.0,True
