date,day_index,train_cutoff_date,weekday,mae_prev_day,mae_weekday2,mae_weekday4,n_backtest_prev_day,n_backtest_weekday2,n_backtest_weekday4,candidate_prev_day_available,candidate_weekday2_available,candidate_weekday4_available,chosen_model,chosen_model_name,day_ahead_fallback,day_ahead_mae,day_ahead_rmse,intraday_06_mae,intraday_06_rmse,intraday_06_ols_fallback,intraday_12_mae,intraday_12_rmse,intraday_12_ols_fallback,intraday_18_mae,intraday_18_rmse,intraday_18_ols_fallback,mpc_remaining_mae_mean,n_mpc_points,n_mpc_ols_fallback
2025-01-01,0,,2,,,,0,0,0,False,False,False,,none,no_history,,,,,True,,,True,,,True,,0,0
2025-01-02,1,2025-01-01,3,,,,0,0,0,True,False,False,1,prev_day,previous_day_only,0.038234027777777777,0.048351052068296416,0.03898611111111111,0.049094313052267816,True,0.04129722222222222,0.051499037207828786,True,0.03560555555555554,0.04485492664629433,True,0.03734206411337935,143,143
2025-01-03,2,2025-01-02,4,0.038234027777777777,,,1,0,0,True,False,False,1,prev_day,previous_day_only,0.1892208333333333,0.21157950042478121,0.22372129629629625,0.2479412204460894,True,0.20463194444444444,0.22977039173197808,True,0.1482527777777778,0.16921297313674796,True,0.1825954462105789,143,143
2025-01-04,3,2025-01-03,5,0.11372743055555554,,,2,0,0,True,False,False,1,prev_day,previous_day_only,0.04018611111111112,0.04885354956966337,0.046738669055800645,0.058798693928811485,False,0.04833863557758049,0.061841670127830574,False,0.04425218741175488,0.0579338817364378,False,0.05862044698006633,143,0
2025-01-05,4,2025-01-04,6,0.0892136574074074,,,3,0,0,True,False,False,1,prev_day,previous_day_only,0.1949972222222222,0.21529690997421316,0.15441110618526643,0.1877352244618396,False,0.12099577114881471,0.14776497673213523,False,0.07975614972649078,0.10439379025900362,False,0.15875274220482907,143,0
2025-01-06,5,2025-01-05,0,0.11565954861111111,,,4,0,0,True,False,False,1,prev_day,previous_day_only,0.042061805555555554,0.05481185179522967,0.05574858355659532,0.06989199006947663,False,0.04583852322714054,0.05794274552185896,False,0.04818886678187309,0.05871195019421896,False,0.0537094286961658,143,0
2025-01-07,6,2025-01-06,1,0.10094,,,5,0,0,True,False,False,1,prev_day,previous_day_only,0.041874305555555574,0.05228300592289367,0.07339925693865085,0.08770408958391368,False,0.06253628990613455,0.07577252493964975,False,0.05197309107967196,0.06028407026907484,False,0.05506116542742819,143,0
2025-01-08,7,2025-01-07,2,0.09109571759259259,,,6,0,0,True,False,False,1,prev_day,previous_day_only,0.04230277777777777,0.05166201995233593,0.05935392570925053,0.07213188582592975,False,0.04930139461956495,0.058859600515588334,False,0.05172774820095463,0.061587354569011904,False,0.05128832990453927,143,0
2025-01-09,8,2025-01-08,3,0.08412529761904762,,,7,0,0,True,False,False,1,prev_day,previous_day_only,0.035820138888888894,0.04443084123418977,0.041119997350666466,0.052813318700668486,False,0.038770780165637335,0.0493073932217851,False,0.04448455049244347,0.056974225051754784,False,0.04446284857288456,143,0
2025-01-10,9,2025-01-09,4,0.07808715277777778,,,8,0,0,True,False,False,1,prev_day,previous_day_only,0.19171458333333335,0.21151942467274465,0.05038812927283032,0.06434757053607812,False,0.04134610932383435,0.05222233611690287,False,0.041331520803974224,0.051615221750050115,False,0.04860429453783361,143,0
2025-01-11,10,2025-01-10,5,0.09071242283950617,,,9,0,0,True,False,False,1,prev_day,previous_day_only,0.03584166666666667,0.04659293133083601,0.04456152159691547,0.05588674431376141,False,0.038088116876129376,0.050850153085690394,False,0.04265625880315812,0.05820671484452727,False,0.04712420066768427,143,0
2025-01-12,11,2025-01-11,6,0.08522534722222222,,,10,0,0,True,False,False,1,prev_day,previous_day_only,0.19177152777777776,0.21525093769959644,0.052369167382434495,0.0655493374702466,False,0.04997393765626461,0.06480882083894367,False,0.051937925412249016,0.06489557255546728,False,0.05623364060453583,143,0
2025-01-13,12,2025-01-12,0,0.09491136363636363,,,11,0,0,True,False,False,1,prev_day,previous_day_only,0.040894444444444455,0.05168208775237747,0.039257536694484285,0.04893252917374891,False,0.04032833165970413,0.04997422510579977,False,0.04439395292363765,0.05364823498202441,False,0.041819473136078825,143,0
2025-01-14,13,2025-01-13,1,0.0904099537037037,,,12,0,0,True,False,False,1,prev_day,previous_day_only,0.03941180555555555,0.048579274415925335,0.04797592229812734,0.05925018374250656,False,0.03761983045038315,0.046840887485689056,False,0.03465917607461616,0.04297719769496393,False,0.039978908872985115,143,0
2025-01-15,14,2025-01-14,2,0.08648701923076922,,,13,0,0,True,True,False,1,prev_day,none,0.03710694444444445,0.04643163582683207,0.03913183093689714,0.04948285592066162,False,0.03806028953584166,0.04877399071632559,False,0.03257907123706692,0.04169813631877738,False,0.036716338453652284,143,0
2025-01-16,15,2025-01-15,3,0.08295987103174603,0.027979513888888887,,14,1,0,True,True,False,2,weekday2,none,0.034562847222222214,0.04324668841689242,0.037172463620795966,0.045520489717112554,False,0.03920661289249478,0.048215141786666166,False,0.03232807825391453,0.040690850070705165,False,0.03563407735522868,143,0
2025-01-17,16,2025-01-16,4,0.0799299537037037,0.03127118055555555,,15,2,0,True,True,False,2,weekday2,none,0.0307625,0.03834694368887536,0.033624951924843924,0.041366739621528106,False,0.028230892344652276,0.03615135666881969,False,0.02459890893237107,0.029907124816811813,False,0.029056047815484175,143,0
2025-01-18,17,2025-01-17,5,0.08686375868055556,0.031101620370370366,,16,3,0,True,True,False,2,weekday2,none,0.02996249999999999,0.03685079007520282,0.03764619333320162,0.04497407347809774,False,0.028949237712523907,0.035511342670069154,False,0.030177530363062158,0.03580512368127991,False,0.03268335275858631,143,0
2025-01-19,18,2025-01-18,6,0.08362753267973855,0.03081684027777777,,17,4,0,True,True,False,2,weekday2,none,0.03299270833333334,0.040797632990639154,0.03026264690294754,0.04006714911097867,False,0.030971988008294656,0.04186039129490897,False,0.022944079071083832,0.030631564332295677,False,0.02814822765902106,143,0
2025-01-20,19,2025-01-19,0,0.08983912037037035,0.03125201388888889,,18,5,0,True,True,False,2,weekday2,none,0.030267361111111106,0.038256652017800916,0.029810601791206797,0.03895806091899004,False,0.026190905830164174,0.036002587605241713,False,0.0271858845254768,0.03767426109701273,False,0.026752399679139574,143,0
2025-01-21,20,2025-01-20,1,0.08674926900584795,0.03108790509259259,,19,6,0,True,True,False,2,weekday2,none,0.041890277777777776,0.057050653054008846,0.05741453402291756,0.07344458606092803,False,0.03761729161733813,0.04936672247712414,False,0.03361338753667355,0.043244525699539224,False,0.0399772874268213,143,0
2025-01-22,21,2025-01-21,2,0.08424833333333333,0.03263110119047619,,20,7,0,True,True,False,2,weekday2,none,0.03075625,0.03888341905977119,0.03394752569060714,0.04216047292075867,False,0.035632070782154225,0.04414978718325254,False,0.031494044637680005,0.03737112441352593,False,0.036703963508121634,143,0
2025-01-23,22,2025-01-22,3,0.08240162037037037,0.03239674479166667,,21,8,0,True,True,False,2,weekday2,none,0.03069826388888888,0.03889831227594155,0.03526914947183631,0.04593243000000074,False,0.037666364620161485,0.047150964773230886,False,0.03854713102900101,0.046712869189873024,False,0.034815019545955124,143,0
2025-01-24,23,2025-01-23,4,0.08043260732323232,0.03220802469135802,,22,9,0,True,True,False,2,weekday2,none,0.03520208333333333,0.04543795487316254,0.046496398681504604,0.05895207913755945,False,0.027574572608323918,0.033779537106316315,False,0.028026445813651015,0.033678718269472864,False,0.03507196455857932,143,0
2025-01-25,24,2025-01-24,5,0.0861583031400966,0.03250743055555556,,23,10,0,True,True,False,2,weekday2,none,0.03724201388888889,0.04817499657642841,0.03394632974224483,0.04281528408009337,False,0.034179791919216926,0.04310204306182285,False,0.035695420057133116,0.043999270004996115,False,0.03613542296841331,143,0
2025-01-26,25,2025-01-25,6,0.08416359953703703,0.03293784722222222,,24,11,0,True,True,False,2,weekday2,none,0.03229861111111111,0.03934986322862012,0.03421214334153067,0.042118610147442365,False,0.03277285277450616,0.0383099682354346,False,0.03334091784930486,0.03830599584618203,False,0.03447281965695547,143,0
2025-01-27,26,2025-01-26,0,0.0892506111111111,0.0328845775462963,,25,12,0,True,True,False,2,weekday2,none,0.036151388888888886,0.04655762931273695,0.03428602893706837,0.04397315239335631,False,0.03495110382772678,0.04433385251761012,False,0.03118768007023264,0.03854000022194819,False,0.03287111700535132,143,0
2025-01-28,27,2025-01-27,1,0.08734067841880341,0.03313587072649572,,26,13,0,True,True,False,2,weekday2,none,0.03761145833333332,0.04606235715340431,0.03939939722321361,0.048827262493501035,False,0.03761036767925093,0.04712542729843806,False,0.03820126539858784,0.04762918076934455,False,0.039936943745333534,143,0
2025-01-29,28,2025-01-28,2,0.08552510288065843,0.03345555555555555,,27,14,0,True,True,True,2,weekday2,none,0.04417708333333332,0.05716747175089071,0.037925239601628885,0.049285414312971926,False,0.040333521840169195,0.05131330086062825,False,0.030548248660156326,0.04011634503202897,False,0.03752338207106578,143,0
2025-01-30,29,2025-01-29,3,0.08407108134920634,0.03417032407407407,0.0432564236111111,28,15,1,True,True,True,2,weekday2,none,0.03950972222222222,0.048918327981442696,0.04084872851391278,0.04990582902089351,False,0.034162575618283744,0.0441996253897259,False,0.025689421814071647,0.031831767926359195,False,0.031452618364932114,143,0
2025-01-31,30,2025-01-30,4,0.08253639846743294,0.03450403645833333,0.04121440972222222,29,16,2,True,True,True,2,weekday2,none,0.03166527777777778,0.03880322643730086,0.03369049200411824,0.04137736661243847,False,0.03749572000958449,0.04470099877646501,False,0.027870134670672193,0.033994426078657755,False,0.03386051822514375,143,0
2025-02-01,31,2025-01-31,5,0.08607634259259259,0.03433705065359477,0.0374318287037037,30,17,3,True,True,True,2,weekday2,none,0.07025972222222222,0.10587931579817131,0.07593486488848605,0.0949540132608741,False,0.08060982108033114,0.09897783264208655,False,0.08587101932796021,0.108587618753154,False,0.07142101035915578,143,0
2025-02-02,32,2025-02-01,6,0.0856477822580645,0.03633275462962963,0.047361284722222216,31,18,4,True,True,True,2,weekday2,none,0.08495694444444443,0.12625850535156477,0.0730230352771488,0.10346836212018867,False,0.07429982076771442,0.11007649314352626,False,0.08593703872200567,0.11994016372218105,False,0.07114519246835302,143,0
2025-02-03,33,2025-02-02,0,0.08874926215277777,0.038891922514619884,0.0553653125,32,19,5,True,True,True,2,weekday2,none,0.0711420138888889,0.11102376254971025,0.07326374830706321,0.09512419925437804,False,0.07886639142953572,0.10367683247486986,False,0.08574828587413047,0.11329404573753055,False,0.06864602163423343,143,0
2025-02-04,34,2025-02-03,1,0.08706332070707071,0.040504427083333336,0.05893842592592593,33,20,6,True,True,True,2,weekday2,none,0.06609930555555556,0.10440265834472055,0.07357963670431376,0.09228898343257189,False,0.07094181615686361,0.09407448295616785,False,0.08088076188597543,0.10983108051785964,False,0.06737057998806556,143,0
2025-02-05,35,2025-02-04,2,0.0854748366013072,0.04172323082010582,0.060355009920634924,34,21,7,True,True,True,2,weekday2,none,0.06996701388888889,0.10931303919567165,0.07052548412216064,0.10276078153735214,False,0.06928837278809774,0.09850002855785824,False,0.07895679461914648,0.10967378847715244,False,0.06377351789341644,143,0
2025-02-06,36,2025-02-05,3,0.08389708333333333,0.04300703914141414,0.062040820312499995,35,22,8,True,True,True,2,weekday2,none,0.07679895833333333,0.11728928024511306,0.0688083272689769,0.09428399653380391,False,0.07254044965824569,0.09492498377750193,False,0.08325173922337441,0.10715930546462508,False,0.0670380491975952,143,0
2025-02-07,37,2025-02-06,4,0.08250933641975308,0.04447625301932366,0.0637677662037037,36,23,9,True,True,True,2,weekday2,none,0.07462812499999999,0.10930652388212904,0.06028634696725286,0.07697586779327889,False,0.059742782781642384,0.08027765860017015,False,0.062181271612508984,0.08446743719801986,False,0.057467177099025844,143,0
2025-02-08,38,2025-02-07,5,0.08568774399399398,0.045732581018518514,0.0653311111111111,37,24,10,True,True,True,2,weekday2,none,0.05006631944444445,0.06588293397825673,0.03892221139572783,0.04727075639102482,False,0.03943704277704231,0.04810857937899205,False,0.03925768911227792,0.04412292583679481,False,0.03699994194336863,143,0
2025-02-09,39,2025-02-08,6,0.08442768640350877,0.04590593055555555,0.06559226641414141,38,25,11,True,True,True,2,weekday2,none,0.04786180555555556,0.06102740049445915,0.034720440094260716,0.042226175820359924,False,0.03157947434646177,0.037951505487737895,False,0.036803178848883754,0.04398770104269578,False,0.0332744107679642,143,0
2025-02-10,40,2025-02-09,0,0.08738685897435897,0.045981156517094016,0.06546420717592592,39,26,12,True,True,True,2,weekday2,none,0.06172569444444445,0.07805150409612019,0.04460024646451789,0.05407897371573329,False,0.031174267920840455,0.03675156559030811,False,0.034701684707891395,0.039426940451878625,False,0.0368432888803786,143,0
2025-02-11,41,2025-02-10,1,0.08628331597222222,0.04656428755144033,0.06655235042735042,40,27,13,True,True,True,2,weekday2,none,0.061802083333333334,0.08211020837535637,0.05274504501336102,0.0649670704758447,False,0.0457359990503641,0.05420196246026723,False,0.04829042211208804,0.058135097853566374,False,0.04701556169806657,143,0
2025-02-12,42,2025-02-11,2,0.08512466124661246,0.047108494543650785,0.0669741939484127,41,28,14,True,True,True,2,weekday2,none,0.05631284722222222,0.07283934531346671,0.03965063758248883,0.04965815000743835,False,0.04184388483448868,0.0502921221038642,False,0.04107204380981885,0.050850519787057055,False,0.040290045056827956,143,0
2025-02-13,43,2025-02-12,3,0.08397695105820105,0.047425886015325665,0.06761671296296295,42,29,15,True,True,True,2,weekday2,none,0.06819166666666668,0.08917621638892541,0.046180364520405394,0.05681841633562513,False,0.03447726423241521,0.042446582151959344,False,0.03357403036011834,0.04423779250881514,False,0.040601288677731086,143,0
2025-02-14,44,2025-02-13,4,0.08297235142118861,0.0481180787037037,0.06889244791666665,43,30,16,True,True,True,2,weekday2,none,0.05966006944444445,0.081226853647499,0.0504208796324217,0.0629161039720444,False,0.040579927255477016,0.05078572812343018,False,0.031440958019720716,0.04072551826775638,False,0.03622085956436921,143,0
2025-02-15,45,2025-02-14,5,0.08526649305555555,0.048490400985663075,0.06921818831699346,44,31,17,True,True,True,2,weekday2,none,0.032543749999999996,0.04156657436169917,0.03875747758047523,0.04843915663152245,False,0.03035903308304304,0.03966263716629118,False,0.03323487448081182,0.03993744437853102,False,0.0342746625830974,143,0
2025-02-16,46,2025-02-15,6,0.08408847222222221,0.0479920681423611,0.06825822723765432,45,32,18,True,True,True,2,weekday2,none,0.02934166666666666,0.03669777704817797,0.033484029915370785,0.043239713911730766,False,0.035152977049637206,0.045082979492019594,False,0.04402818481049542,0.055143197200589474,False,0.03651508927474935,143,0
2025-02-17,47,2025-02-16,0,0.08645055857487921,0.04742690446127945,0.06756059027777776,46,33,19,True,True,True,2,weekday2,none,0.03281388888888889,0.04378937989589104,0.04038136206664327,0.0532648558867877,False,0.033735749328841554,0.045316889051486765,False,0.03468702330795947,0.04598398233981232,False,0.034947026141807606,143,0
2025-02-18,48,2025-02-17,1,0.08547714243498818,0.046997109885620905,0.06719746527777777,47,34,20,True,True,True,2,weekday2,none,0.03712013888888889,0.0467367921776362,0.039082661957620016,0.04905701605303953,False,0.03801674413954264,0.0488465729443037,False,0.041647429684026294,0.05232176585463896,False,0.03674294245506639,143,0
2025-02-19,49,2025-02-18,2,0.08445911458333333,0.04671491071428571,0.06688784722222221,48,35,21,True,True,True,2,weekday2,none,0.04094618055555557,0.051745229080939335,0.03584269695752515,0.04521877916668653,False,0.03560478376871416,0.04612232443935554,False,0.035333630243061034,0.0478901833571393,False,0.033141479510235945,143,0
2025-02-20,50,2025-02-19,3,0.08355884353741495,0.04655466820987654,0.06677889835858586,49,36,22,True,True,True,2,weekday2,none,0.03392638888888889,0.04217916687246863,0.03848914903639703,0.0456220536785476,False,0.0379500530677975,0.044257141008000156,False,0.03956334620109134,0.045940773704819804,False,0.038107659580441995,143,0
2025-02-21,51,2025-02-20,4,0.08276434722222221,0.04621336336336336,0.06651758001207729,50,37,23,True,True,True,2,weekday2,none,0.037195833333333345,0.04603960138655996,0.039883394286802196,0.04868975985105478,False,0.036205039574803574,0.04463532586700405,False,0.034763227264544824,0.04352609376302824,False,0.03694027804974456,143,0
2025-02-22,52,2025-02-21,5,0.08499129901960784,0.045976059941520465,0.06641472800925925,51,38,24,True,True,True,2,weekday2,none,0.030477777777777777,0.0406167478798258,0.03696509054895129,0.04585917959590652,False,0.03558407429554462,0.045125631326830354,False,0.035412582991934345,0.0481993254704916,False,0.03420216185308892,143,0
2025-02-23,53,2025-02-22,6,0.08413987713675213,0.04557866809116809,0.06535077083333332,52,39,25,True,True,True,2,weekday2,none,0.03956284722222222,0.0502561592756439,0.03481094765530963,0.04432177995831537,False,0.03478509329430501,0.0437525118957446,False,0.03513680654185069,0.04597670708402746,False,0.0324923401233054,143,0
2025-02-24,54,2025-02-23,0,0.08595034067085952,0.04542827256944445,0.06480733173076923,53,40,26,True,True,True,2,weekday2,none,0.03131388888888889,0.03872367385291157,0.03573516761138323,0.0452678970946151,False,0.030044201746722413,0.03816189130794869,False,0.030269191530868933,0.03861593596787866,False,0.03182325548176053,143,0
2025-02-25,55,2025-02-24,1,0.08503564814814812,0.045084019308943096,0.06411920010288065,54,41,27,True,True,True,2,weekday2,none,0.044453472222222214,0.05951394940357354,0.04467160168178697,0.057528212876542105,False,0.042989978817816465,0.05165387954237535,False,0.04249593623610209,0.053009135989806895,False,0.039469805216242194,143,0
2025-02-26,56,2025-02-25,2,0.08421340909090906,0.045069006283068785,0.06414331597222223,55,42,28,True,True,True,2,weekday2,none,0.036830555555555554,0.04832075339161563,0.036814237414983096,0.04626120694959915,False,0.04458157073850872,0.05367515706431018,False,0.038642258037375546,0.04765274667763119,False,0.03620744346674022,143,0
2025-02-27,57,2025-02-26,3,0.08342118055555553,0.04487741440568476,0.06368897868773946,56,43,29,True,True,True,2,weekday2,none,0.0371795138888889,0.047430353362998355,0.04047118394059987,0.05108529093762178,False,0.03877045813386856,0.04882092782911882,False,0.027739709112928366,0.033866730975493545,False,0.035199324718221243,143,0
2025-02-28,58,2025-02-27,4,0.08266023391812863,0.04470246212121213,0.06340956018518519,57,44,30,True,True,True,2,weekday2,none,0.03462083333333334,0.04433185852810093,0.051100596075838646,0.06497010308054661,False,0.053378169991946084,0.06457150990514952,False,0.042440523891729864,0.055386881557330285,False,0.04455135010925366,143,0
2025-03-01,59,2025-02-28,5,0.08435977011494249,0.04447842592592594,0.06287171258960574,58,45,31,True,True,True,2,weekday2,none,0.03533020833333332,0.04427518449205553,0.05280901298656316,0.0640371808158472,False,0.03622554309507663,0.04467720441431884,False,0.038687912071170165,0.04669889831336782,False,0.038207892765777365,143,0
2025-03-02,60,2025-03-01,6,0.08357786016949148,0.0442795516304348,0.06211866319444445,59,46,32,True,True,True,2,weekday2,none,0.04211701388888889,0.051559516411996034,0.04888887144837155,0.06590456994081455,False,0.06205556761419641,0.0811386598545196,False,0.030756576285402452,0.03790896778750641,False,0.04322450760235686,143,0
2025-03-03,61,2025-03-02,0,0.08549290509259255,0.04423354018912531,0.061462852483164986,60,47,33,True,True,True,2,weekday2,none,0.03699618055555556,0.046559973085795486,0.07145882149412282,0.08595262643797165,False,0.041481018323719816,0.052760442399799275,False,0.029812375101735553,0.03833395392208052,False,0.049373775682536314,143,0
2025-03-04,62,2025-03-03,1,0.08476041666666663,0.04408276186342594,0.06058799019607843,61,48,34,True,True,True,2,weekday2,none,0.03624444444444445,0.045874075830836455,0.04280378943321069,0.056259785373331525,False,0.03611548790129995,0.047244255332512905,False,0.02762267622287,0.03676899092766331,False,0.03817890325144931,143,0
2025-03-05,63,2025-03-04,2,0.08391925403225803,0.04392279620181407,0.05989747023809523,62,49,35,True,True,True,2,weekday2,none,0.03398541666666668,0.04286844904601881,0.055937273642407845,0.0687894592984341,False,0.04397388459035861,0.0540314645846974,False,0.035176164959533636,0.04349450716136655,False,0.042773852709776364,143,0
2025-03-06,64,2025-03-05,3,0.08311995149911812,0.04372404861111112,0.05934359085648147,63,50,36,True,True,True,2,weekday2,none,0.037702430555555555,0.048985385611141435,0.0514097029296674,0.06475532525939603,False,0.056011455811268415,0.0707142808927688,False,0.031687045612321135,0.04002323510057944,False,0.043035113778333946,143,0
2025-03-07,65,2025-03-06,4,0.08237192925347218,0.043605977668845324,0.058838522897897885,64,51,37,True,True,True,2,weekday2,none,0.04136701388888889,0.05435420435670087,0.05440750306167059,0.06771162578456705,False,0.057173890436953805,0.07061229025899178,False,0.04476048667160711,0.05637638446730133,False,0.046687824634238734,143,0
2025-03-08,66,2025-03-07,5,0.08392817307692303,0.043562920673076926,0.05843617964181285,65,52,38,True,True,True,2,weekday2,none,0.039682291666666675,0.05218564900243701,0.035694013550542185,0.043984535216053236,False,0.03379228296105826,0.0412634959356671,False,0.032628686899580615,0.03910303255021909,False,0.03397401588906874,143,0
2025-03-09,67,2025-03-08,6,0.08326498316498313,0.04348970125786164,0.058071643518518505,66,53,39,True,True,True,2,weekday2,none,0.04425659722222224,0.059167673553639076,0.03999552664552745,0.05551814254264639,False,0.0446284573084941,0.06022960478069906,False,0.039589223475415145,0.04982088219905547,False,0.03669470144158475,143,0
2025-03-10,68,2025-03-09,0,0.08481585820895518,0.043503903034979426,0.057961388888888875,67,54,40,True,True,True,2,weekday2,none,0.037619097222222224,0.0474007279523919,0.03970045871429211,0.04984652856745674,False,0.036724329150131144,0.04626176598727048,False,0.0316020600942302,0.04018550161683812,False,0.036613131406240444,143,0
2025-03-11,69,2025-03-10,1,0.08415415645424833,0.04339690656565657,0.057377722730352285,68,55,41,True,True,True,2,weekday2,none,0.03185520833333333,0.04026855399653955,0.037279319392016064,0.04801527561074044,False,0.02933834626219187,0.03641380535510095,False,0.025508492053273744,0.032651384399240216,False,0.030322078859409542,143,0
2025-03-12,70,2025-03-11,2,0.08351877012882443,0.04319080481150794,0.05686230158730157,69,56,42,True,True,True,2,weekday2,none,0.03976041666666666,0.04989508680721981,0.03699076750796503,0.04605819584443872,False,0.03836428825721453,0.04883992213069598,False,0.039341887283293325,0.051395746662965196,False,0.03762327474347955,143,0
2025-03-13,71,2025-03-12,3,0.08289804563492059,0.04313062256335283,0.056600855943152444,70,57,43,True,True,True,2,weekday2,none,0.044773958333333336,0.057190334477417504,0.05696711292197588,0.07678453514916689,False,0.04391733618215619,0.0547874333323008,False,0.03499178830794775,0.04592805109291046,False,0.044523162305907485,143,0
2025-03-14,72,2025-03-13,4,0.0824542351330203,0.04315895593869732,0.0562980587121212,71,58,44,True,True,True,2,weekday2,none,0.0451954861111111,0.05520727939245571,0.041756262771226904,0.050976496264302,False,0.04834401559314129,0.05897061847352746,False,0.03504396387424424,0.04329723302074929,False,0.041547829955916195,143,0
2025-03-15,73,2025-03-14,5,0.08421342592592589,0.04319347339924671,0.056070381944444435,72,59,45,True,True,True,2,weekday2,none,0.03547326388888889,0.04695022057249098,0.04293706193581457,0.054096896006626746,False,0.034501533581126925,0.04117470568740212,False,0.03262593182376212,0.0376808814861216,False,0.037792843177790726,143,0
2025-03-16,74,2025-03-15,6,0.08377095700152204,0.043064803240740746,0.055653068387681144,73,60,46,True,True,True,2,weekday2,none,0.03575590277777777,0.046603096024060216,0.03675137492272212,0.04591127229602633,False,0.03186939731632664,0.03871194931326858,False,0.03686004985549572,0.04240111167437742,False,0.03408738994708921,143,0
2025-03-17,75,2025-03-16,0,0.08508676801801798,0.042944985200364306,0.055288139036643015,74,61,47,True,True,True,2,weekday2,none,0.05618472222222221,0.07759347700426313,0.047935712811902426,0.06360996149209434,False,0.04578908145563755,0.055165206164974195,False,0.038467851201328646,0.048796619738080076,False,0.042505843063518046,143,0
2025-03-18,76,2025-03-17,1,0.0844584444444444,0.04315852934587814,0.05530177228009258,75,62,48,True,True,True,2,weekday2,none,0.03671458333333334,0.04445838761321274,0.03417842377751151,0.04231619855951137,False,0.030349863067161514,0.036541253479801146,False,0.03493459453405853,0.04032952956724578,False,0.03395805120226318,143,0
2025-03-19,77,2025-03-18,2,0.08385315241228065,0.04305624448853616,0.054910785147392276,76,63,49,True,True,True,2,weekday2,none,0.037210069444444445,0.04718355281504351,0.04014662728982134,0.051154354158895576,False,0.03997675059536651,0.05134568840377585,False,0.022740986331780386,0.028047767247439785,False,0.03241639179556389,143,0
2025-03-20,78,2025-03-19,3,0.08323075396825393,0.042964898003472224,0.05463340624999999,77,64,50,True,True,True,2,weekday2,none,0.034749305555555554,0.04364630687889488,0.032753161830768644,0.04084784670049591,False,0.03118621946401544,0.03893053571889075,False,0.029976307986522288,0.03633142866304847,False,0.032529602250420425,143,0
2025-03-21,79,2025-03-20,4,0.08264720441595438,0.042838504273504274,0.054277512254901954,78,65,51,True,True,True,2,weekday2,none,0.04500937499999999,0.05576209089740089,0.03785637265158859,0.04876764720572272,False,0.03320309683980969,0.043926151406205205,False,0.030342840743198114,0.0395849807173107,False,0.03248122547705116,143,0
2025-03-22,80,2025-03-21,5,0.08424220288326296,0.04287139625420876,0.054171320779914524,79,66,52,True,True,True,2,weekday2,none,0.03970104166666665,0.05061730514222493,0.04422659941950506,0.05569214769298066,False,0.0409950130365083,0.050443909471046745,False,0.04082904635642224,0.05092404362149671,False,0.04326798194960004,143,0
2025-03-23,81,2025-03-22,6,0.08367939236111106,0.042824077529021565,0.05391545466457023,80,67,53,True,True,True,2,weekday2,none,0.03953263888888889,0.05059522375349936,0.041496811972318,0.0520458705201317,False,0.037922395709627965,0.04724499781923073,False,0.025583926958553757,0.03192422100601771,False,0.03291858648586248,143,0
2025-03-24,82,2025-03-23,0,0.08486594650205757,0.04277567401960785,0.05381753150720164,81,68,54,True,True,True,2,weekday2,none,0.03425173611111111,0.04677287894561453,0.04060475857692776,0.04995701061915094,False,0.03902101370023831,0.049059814891096905,False,0.04079307244166244,0.04945779811154762,False,0.03837794933709771,143,0
2025-03-25,83,2025-03-24,1,0.08432827743902435,0.04265213868760065,0.05357851325757575,82,69,55,True,True,True,2,weekday2,none,0.03564583333333333,0.04383972386875729,0.03938397396479506,0.05133802128222854,False,0.03133949256338031,0.03616746719333319,False,0.029732021772620562,0.03502733312274904,False,0.03469522667899622,143,0
2025-03-26,84,2025-03-25,2,0.08375871820615793,0.042552048611111115,0.05324396701388887,83,70,56,True,True,True,2,weekday2,none,0.039314236111111116,0.05064198669061298,0.036833048990268985,0.047189677118303026,False,0.03368349150555301,0.042968787052425426,False,0.037658263540836394,0.04756983891171949,False,0.035687691177078,143,0
2025-03-27,85,2025-03-26,3,0.0832974454365079,0.042506445618153366,0.053085498903508756,84,71,57,True,True,True,2,weekday2,none,0.03938159722222222,0.0523665962165344,0.03469830438993743,0.044986013790314604,False,0.033718288883019594,0.04426149306713761,False,0.026985895954929843,0.03147593037539568,False,0.0316755420813369,143,0
2025-03-28,86,2025-03-27,4,0.0827942810457516,0.04246304494598766,0.052856725933908034,85,72,58,True,True,True,2,weekday2,none,0.03240104166666666,0.04354064293054887,0.03616658259624609,0.046740622885183825,False,0.04268769317872569,0.05430202818247401,False,0.03126786667971318,0.03976526222338922,False,0.03430198585812511,143,0
2025-03-29,87,2025-03-28,5,0.08406602874677,0.042325209284627095,0.052670577330508464,86,73,59,True,True,True,2,weekday2,none,0.04937048611111112,0.06692424964818225,0.05606905527670591,0.07157962497016629,False,0.04156571140301956,0.053708441450037114,False,0.0389510562418446,0.05254553379845054,False,0.04444758410834296,143,0
2025-03-30,88,2025-03-29,6,0.08355804597701148,0.04242041572822823,0.0526457667824074,87,74,60,True,True,True,2,weekday2,none,0.03887777777777777,0.05057539064494597,0.03964729078354487,0.051945905341905976,False,0.04106393294716223,0.053337694946717806,False,0.03370332075636465,0.04122119605015552,False,0.03748790576693728,143,0
2025-03-31,89,2025-03-30,0,0.08476714015151514,0.04237318055555556,0.05248442053734061,88,75,61,True,True,True,2,weekday2,none,0.03180659722222222,0.03996945339707702,0.03605577239716406,0.04632063337488298,False,0.03831971641145483,0.050925708094639234,False,0.019603032642791444,0.023293456720428783,False,0.030099591726654683,143,0
2025-04-01,90,2025-03-31,1,0.08424943039950061,0.042234146564327495,0.052249297155017915,89,76,62,True,True,True,2,weekday2,none,0.04301770833333333,0.05497809396452574,0.050767036063468836,0.06443176491027965,False,0.040808901282464595,0.052195592125091415,False,0.03224422859843307,0.04096040399481633,False,0.040498564422004654,143,0
2025-04-02,91,2025-04-01,2,0.08373033950617284,0.0422443226911977,0.05203302469135802,90,77,63,True,True,True,2,weekday2,none,0.03978020833333334,0.05435482751610527,0.047527604122625966,0.06342849064851698,False,0.05116206766633287,0.06403509018312119,False,0.026838864526467634,0.03491940429730219,False,0.04370739324904915,143,0
2025-04-03,92,2025-04-02,3,0.08328952991452991,0.04221273148148148,0.05183167860243055,91,78,64,True,True,True,2,weekday2,none,0.03868333333333334,0.05051494072164305,0.03995030350854442,0.05251121430103972,False,0.037852486362776015,0.050159004846920104,False,0.038687473973168886,0.04924036763657092,False,0.037138747459466395,143,0
2025-04-04,93,2025-04-03,4,0.08290388737922705,0.04216805555555556,0.051707286324786314,92,79,65,True,True,True,2,weekday2,none,0.03379930555555555,0.04290524605323793,0.036139036441500065,0.04448670832030834,False,0.0352000875636082,0.0429426535945273,False,0.027563476439051025,0.033922769924544016,False,0.033040695792434856,143,0
2025-04-05,94,2025-04-04,5,0.08421795848267623,0.04206344618055556,0.05152522359006733,93,80,66,True,True,True,2,weekday2,none,0.033618055555555554,0.044570868195118955,0.04193377541398773,0.05283571839411565,False,0.03251931391714335,0.04255587013203833,False,0.023100878524640264,0.030503002564447008,False,0.03424477249329406,143,0
2025-04-06,95,2025-04-05,6,0.08377480791962175,0.04195918209876544,0.051263443200663346,94,81,67,True,True,True,2,weekday2,none,0.035053472222222215,0.042558069397393164,0.03779486684997462,0.04568920351344635,False,0.029113359577846436,0.035091333854792885,False,0.028900261761033552,0.032242728385652376,False,0.03193561634961809,143,0
2025-04-07,96,2025-04-06,0,0.08479445906432749,0.04187496612466125,0.05104600694444444,95,82,68,True,True,True,2,weekday2,none,0.0333326388888889,0.04277056279342916,0.033123991301066,0.041383123885373824,False,0.031705710429286445,0.036525635062231304,False,0.03175302787422946,0.035422102881824014,False,0.03318394682039405,143,0
2025-04-08,97,2025-04-07,1,0.0842546730324074,0.04177204651941098,0.050797571960547495,96,83,69,True,True,True,2,weekday2,none,0.04405416666666668,0.05665964294706498,0.04501848965281371,0.056397182818059756,False,0.0385443083508893,0.049462974769168486,False,0.041245501451938046,0.05321575298569357,False,0.04149955625411877,143,0
2025-04-09,98,2025-04-08,2,0.08380867697594502,0.04179921461640212,0.05066197172619047,97,84,70,True,True,True,2,weekday2,none,0.03552256944444446,0.04515787641246357,0.05552502691718077,0.06849097091713033,False,0.039888673828421525,0.051252342901078614,False,0.032013025801928795,0.0402191658236333,False,0.039734886176885434,143,0
2025-04-10,99,2025-04-09,3,0.08343708191609976,0.041725371732026145,0.05038710142801251,98,85,71,True,True,True,2,weekday2,none,0.03324340277777777,0.041910331487792676,0.0347841170600891,0.0444824424528684,False,0.02708166197234358,0.03688020870989888,False,0.021984503751153944,0.02727415847270528,False,0.028788210066115535,143,0
2025-04-11,100,2025-04-10,4,0.08302258698092031,0.04162674418604652,0.050206638213734556,99,86,72,True,True,True,2,weekday2,none,0.03775208333333333,0.04760592611628189,0.044040586867537174,0.05448927211927267,False,0.042197970297393105,0.05158705827960491,False,0.03557937543361063,0.04258390597069805,False,0.040967515014237295,143,0
2025-04-12,101,2025-04-11,5,0.08426301388888888,0.04158220785440613,0.05009359779299846,100,87,73,True,True,True,2,weekday2,none,0.03936180555555556,0.050231889010977,0.051488951626875896,0.06800468304234861,False,0.04427093942396648,0.05830966098013247,False,0.04183237756107702,0.04865040913054616,False,0.049809420172654724,143,0
2025-04-13,102,2025-04-12,6,0.08393529977997799,0.04155697601010101,0.049939121152402385,101,88,74,True,True,True,2,weekday2,none,0.031352777777777785,0.03914347939525391,0.035037552719049084,0.04241737169964975,False,0.036423001750672354,0.04561947767710855,False,0.03818439291780403,0.04849683428018309,False,0.03551709583088287,143,0
2025-04-14,103,2025-04-13,0,0.08500294117647057,0.04144232209737828,0.04969438657407406,102,89,75,True,True,True,2,weekday2,none,0.039212152777777766,0.0475454820627926,0.045030477639838064,0.054395454236888054,False,0.04901057986189869,0.05917257040913151,False,0.037315018995248146,0.04326327961641169,False,0.040823556195590666,143,0
2025-04-15,104,2025-04-14,1,0.0845755056634304,0.041417542438271615,0.04954311723318711,103,90,76,True,True,True,2,weekday2,none,0.042928472222222215,0.05614634245285559,0.03524745255878941,0.04911067119004976,False,0.038925874665405216,0.05241107542096277,False,0.03223743301180076,0.044121934903955606,False,0.034783132401340205,143,0
2025-04-16,105,2025-04-15,2,0.08417597489316238,0.04143414606227107,0.04951996753246751,104,91,77,True,True,True,2,weekday2,none,0.03280520833333334,0.041262465498656024,0.034168404262298994,0.04226079999255249,False,0.034127489646924004,0.04072730483675737,False,0.02859295378352308,0.033220368206010084,False,0.032844842594972716,143,0
2025-04-17,106,2025-04-16,3,0.0838853902116402,0.041340353260869565,0.04926054131054129,105,92,78,True,True,True,2,weekday2,none,0.03796770833333333,0.0470333305649066,0.036819466966434865,0.048440691095646866,False,0.03135422590624049,0.04145606270931352,False,0.022287386386937516,0.02731335595703366,False,0.0313024014413205,143,0
2025-04-18,107,2025-04-17,4,0.08347593029350103,0.04130408826164875,0.049058880537974664,106,93,79,True,True,True,2,weekday2,none,0.034186458333333336,0.042942890248755576,0.041231010860126864,0.050231508257408033,False,0.04349106513211767,0.05400999713669094,False,0.03383312789781438,0.04070314531877238,False,0.03812374449483256,143,0
2025-04-19,108,2025-04-18,5,0.08446100726895117,0.041228368794326245,0.048865308159722204,107,94,80,True,True,True,2,weekday2,none,0.04069513888888889,0.04978285800743956,0.0466453692428,0.05594281878806248,False,0.045517551100642324,0.055903605725163404,False,0.029228630952503158,0.03491446701640708,False,0.043343838510240956,143,0
2025-04-20,109,2025-04-19,6,0.08400506044238681,0.04122275584795322,0.048679192386831265,108,95,81,True,True,True,2,weekday2,none,0.03237916666666665,0.04094541547732922,0.03906973183411693,0.05257843323611,False,0.034483414201736534,0.049465368374997695,False,0.025946130922693798,0.032915329212368186,False,0.030974849541722197,143,0
2025-04-21,110,2025-04-20,0,0.0849542112640163,0.04113063512731482,0.04846186483739836,109,96,82,True,True,True,2,weekday2,none,0.03829756944444445,0.04898085102732609,0.041692736133866364,0.05231633400481344,False,0.04082939029827248,0.05136499458204234,False,0.027618794923380367,0.03280420483876219,False,0.03444278957453626,143,0
2025-04-22,111,2025-04-21,1,0.08452590909090908,0.04110142826460482,0.048364317687416315,110,97,83,True,True,True,2,weekday2,none,0.036577777777777785,0.0474036980654229,0.04277172820561878,0.0548445082702541,False,0.04053920391556793,0.05253121585133264,False,0.03225290188278937,0.03854389733314189,False,0.040799092852733386,143,0
2025-04-23,112,2025-04-22,2,0.0841627565065065,0.041055268565759646,0.048182496279761886,111,98,84,True,True,True,2,weekday2,none,0.041749305555555546,0.0521706641173413,0.059067470070329184,0.06958579824880541,False,0.03799801448743372,0.048853901024143526,False,0.04251727158616055,0.053203635003784985,False,0.045928421315106785,143,0
2025-04-24,113,2025-04-23,3,0.08378116939484126,0.04106227904040404,0.048070763888888875,112,99,85,True,True,True,2,weekday2,none,0.0401,0.051194695770167435,0.04118980097051139,0.05191570667864837,False,0.03754590019059133,0.04800759140035793,False,0.026306258038047706,0.03343418936721948,False,0.03522109284664272,143,0
2025-04-25,114,2025-04-24,4,0.08339313544739428,0.04105265625000001,0.047998423368863036,113,100,86,True,True,True,2,weekday2,none,0.04065833333333333,0.049961793041171855,0.04598158944230038,0.0584937651913552,False,0.044170619065785025,0.05422899326257322,False,0.03640805746011468,0.046517495802988376,False,0.04442177585869967,143,0
2025-04-26,115,2025-04-25,5,0.08438716496101363,0.04104875206270627,0.04790373762771391,114,101,87,True,True,True,2,weekday2,none,0.04883715277777778,0.0656866634897577,0.04780789913034224,0.06325850025961753,False,0.05462614626895124,0.06442160188864296,False,0.043571010909763994,0.05229151759819394,False,0.04756767865325673,143,0
2025-04-27,116,2025-04-26,6,0.08409,0.04112510893246188,0.04789882023358585,115,102,88,True,True,True,2,weekday2,none,0.03653020833333334,0.04761515555150949,0.042535292618021386,0.05213981487611583,False,0.03747610909208274,0.047241801218770585,False,0.032326353712979865,0.041925881974964045,False,0.03535760537409086,143,0
2025-04-28,117,2025-04-27,0,0.08506354166666666,0.04108049824703344,0.04774281562109861,116,103,89,True,True,True,2,weekday2,none,0.04624131944444444,0.06020788134201737,0.06429479388596923,0.08150865961588323,False,0.03751441543433181,0.04677061189504764,False,0.036820841300076054,0.04448460045148375,False,0.046355090097869714,143,0
2025-04-29,118,2025-04-28,1,0.08481342592592593,0.041130121527777785,0.04765583526234567,117,104,90,True,True,True,2,weekday2,none,0.03308506944444445,0.04154598711234201,0.0341653971953574,0.04322329349920096,False,0.031259173057370984,0.03924702063521374,False,0.03231231314631955,0.04038981279011056,False,0.030671743294560253,143,0
2025-04-30,119,2025-04-29,2,0.08458002589453861,0.04105350198412699,0.047539789377289365,118,105,91,True,True,True,2,weekday2,none,0.04276250000000001,0.05629070687560742,0.045622532863907765,0.056423998220222614,False,0.04636603884222567,0.057095134520973506,False,0.04306049470338169,0.05366856628378392,False,0.0416868437250724,143,0
2025-05-01,120,2025-04-30,3,0.08427888655462185,0.04106962460691824,0.0475347958182367,119,106,92,True,True,True,2,weekday2,none,0.04112534722222222,0.05171272191288028,0.04777130521249279,0.05838864626046809,False,0.04047122956622499,0.05008515209942106,False,0.03553138987033733,0.04503634230220319,False,0.03830158793547077,143,0
2025-05-02,121,2025-05-01,4,0.08401909143518518,0.041070145379023884,0.047432655689964145,120,107,93,True,True,True,2,weekday2,none,0.04664548611111111,0.05970296047587032,0.05225453786558643,0.06522225414902824,False,0.0499647116268716,0.06247536682205282,False,0.03229041330455952,0.04245118504791176,False,0.0448238579042189,143,0
2025-05-03,122,2025-05-02,5,0.08466535238751148,0.04112176890432099,0.04742690048758864,121,108,94,True,True,True,2,weekday2,none,0.03656979166666668,0.05006106704843375,0.04397486594084468,0.05778308959356545,False,0.03579260340178313,0.04625038832612731,False,0.028783563090645448,0.03777352195095791,False,0.037315785827103466,143,0
2025-05-04,123,2025-05-03,6,0.08431121357012751,0.04108000764525994,0.04725615131578946,122,109,95,True,True,True,2,weekday2,none,0.043953819444444445,0.05379449498761209,0.0472147341123769,0.05657835076315145,False,0.039788885416314757,0.04767061728328728,False,0.043065085930636564,0.05065512010052149,False,0.04151114328624452,143,0
2025-05-05,124,2025-05-04,0,0.08505967705510388,0.041106133207070704,0.04718315067997683,123,110,96,True,True,True,2,weekday2,none,0.037565277777777774,0.047782229524513956,0.044420733554459316,0.05481962444809134,False,0.04660887457306818,0.05693692470709505,False,0.03879355880339888,0.04614569778909718,False,0.04111720418309907,143,0
2025-05-06,125,2025-05-05,1,0.08475670362903226,0.0410742336086086,0.04704282288087055,124,111,97,True,True,True,2,weekday2,none,0.04151770833333333,0.05163056719376614,0.040078177791073505,0.05212385838845069,False,0.04107565633717634,0.05705328614846433,False,0.03053917218252458,0.04132806824637986,False,0.03704573318574479,143,0
2025-05-07,126,2025-05-06,2,0.08436949444444444,0.04107819320436508,0.04694817354024942,125,112,98,True,True,True,2,weekday2,none,0.04176979166666667,0.05189190403965836,0.04897399948780637,0.05942097091664991,False,0.04512267301389742,0.05309369619118029,False,0.032906395101842456,0.04074945720706724,False,0.04054613560342079,143,0
2025-05-08,127,2025-05-07,3,0.08402438822751324,0.04108431354473943,0.046826290684624,126,113,99,True,True,True,2,weekday2,none,0.0419638888888889,0.055521848802470956,0.052840053747142485,0.06996123671493314,False,0.05157444121294649,0.06657752555420399,False,0.04220280413510385,0.05472440805567889,False,0.04707314618114347,143,0
2025-05-09,128,2025-05-08,4,0.08369461942257218,0.04109202911793373,0.04673016666666665,127,114,100,True,True,True,2,weekday2,none,0.032573611111111116,0.04022485455052773,0.03367339339350614,0.04240806243939424,False,0.03352465150395307,0.04227991274310632,False,0.025452340903841835,0.034461536352468194,False,0.03184291065547595,143,0
2025-05-10,129,2025-05-09,5,0.08456357421875,0.0410179559178744,0.04655309749724971,128,115,101,True,True,True,2,weekday2,none,0.041174305555555554,0.055993317123563945,0.05253284408900839,0.07015426468431103,False,0.03835565791589107,0.0494900868861418,False,0.025762920125075344,0.032185801008617176,False,0.039064383886344416,143,0
2025-05-11,130,2025-05-10,6,0.08419839577950045,0.041019303759578546,0.04645467218137254,129,116,102,True,True,True,2,weekday2,none,0.04011458333333333,0.05019935535221321,0.0443534206775876,0.05595705229894214,False,0.036457356323894685,0.04586312878540968,False,0.03385240260244629,0.041405135159735415,False,0.0384717340821257,143,0
2025-05-12,131,2025-05-11,0,0.08497744123931626,0.041011571106362776,0.04636003236245953,130,117,103,True,True,True,2,weekday2,none,0.04323437500000001,0.055312138730772495,0.04215175482149827,0.05372650250105137,False,0.044651678783161335,0.059480395569521,False,0.0376389058924426,0.04855413380658869,False,0.03921075705165747,143,0
2025-05-13,132,2025-05-12,1,0.08465519508057677,0.041030408427495293,0.04631901041666665,131,118,104,True,True,True,2,weekday2,none,0.03988645833333334,0.05124240814365687,0.04906129873629858,0.06380764593627258,False,0.03453210339727375,0.04024902349871409,False,0.03594743436861631,0.04236176308112904,False,0.04220264169473395,143,0
2025-05-14,133,2025-05-13,2,0.08438332807239059,0.041020795401493934,0.04624622023809522,132,119,105,True,True,True,2,weekday2,none,0.03184270833333334,0.04010814915291184,0.0415956502414163,0.05221061855786931,False,0.03595026505233071,0.04460874584607668,False,0.036497704531752606,0.04163103916419226,False,0.03641878613994069,143,0
2025-05-15,134,2025-05-14,3,0.08403988617376776,0.04094431134259259,0.04607413030660376,133,120,106,True,True,True,2,weekday2,none,0.03407604166666667,0.042990107268029314,0.037992464239156504,0.04907738914535277,False,0.036621556159356757,0.04789850377532541,False,0.03533036193043183,0.04570394531977372,False,0.039453322351208304,143,0
2025-05-16,135,2025-05-15,4,0.08370697553897181,0.040887548783287424,0.04594624383437174,134,121,107,True,True,True,2,weekday2,none,0.04460381944444445,0.056868272953818466,0.03629070226924152,0.04700064883151195,False,0.03563615597887517,0.04687497225554269,False,0.04126152332215828,0.054804628274129796,False,0.035527494524157134,143,0
2025-05-17,136,2025-05-16,5,0.084623158436214,0.04091801001821494,0.04584754854681069,135,122,108,True,True,True,2,weekday2,none,0.0393625,0.04744540905375123,0.04763955635742399,0.057902947006143096,False,0.044736062804901736,0.0518106025878065,False,0.03387503355928739,0.04111132902273945,False,0.04056691580300381,143,0
2025-05-18,137,2025-05-17,6,0.08435718954248367,0.04090536359530262,0.04581634492864423,136,123,109,True,True,True,2,weekday2,none,0.03322534722222222,0.042778350532781825,0.04368394631478751,0.05581961468060988,False,0.038009630062968154,0.049070258872109515,False,0.02884224671831149,0.035807232867953086,False,0.03531143265043622,143,0
2025-05-19,138,2025-05-18,0,0.08503535077047851,0.04084342797939068,0.045689779040404034,137,124,110,True,True,True,2,weekday2,none,0.04391701388888889,0.05921959794907426,0.041143563013774566,0.057644122068714485,False,0.04400180513933133,0.06195593612448238,False,0.03484595015021225,0.04653071265232412,False,0.038893964388055174,143,0
2025-05-20,139,2025-05-19,1,0.08476025060386473,0.04086801666666667,0.045657937625125114,138,125,111,True,True,True,2,weekday2,none,0.04377291666666667,0.05656018396117734,0.05334637367679722,0.07177401240628879,False,0.05748680332765689,0.07664136667011802,False,0.03700643958538477,0.04974312143121083,False,0.045536584709860516,143,0
2025-05-21,140,2025-05-20,2,0.08454376998401279,0.040891071428571436,0.045574076140873006,139,126,112,True,True,True,2,weekday2,none,0.03619375,0.044585023721848326,0.0375249899051882,0.0453986762111355,False,0.03604215239808189,0.043777661407855675,False,0.0302992457245627,0.03640609444482714,False,0.03534194989341038,143,0
2025-05-22,141,2025-05-21,3,0.08429689484126984,0.040854084645669295,0.045516606747787604,140,127,113,True,True,True,2,weekday2,none,0.035875694444444446,0.04406466878035307,0.037559092727704066,0.047732668592610564,False,0.03865884561240956,0.04703540186742903,False,0.03533354556952277,0.04283235789148089,False,0.03730708537964568,143,0
2025-05-23,142,2025-05-22,4,0.08399930555555557,0.04081519097222223,0.04538022813109161,141,128,114,True,True,True,2,weekday2,none,0.036740277777777774,0.04737677290731305,0.03943789137076928,0.050822761340979405,False,0.03999906130462479,0.05397396602291291,False,0.030058388256154454,0.03886984160251434,False,0.035918340739843985,143,0
2025-05-24,143,2025-05-23,5,0.08474161776212834,0.0407836024978467,0.04527464522946859,142,129,115,True,True,True,2,weekday2,none,0.04025694444444444,0.05335243407963897,0.04811748055430689,0.062138279210478785,False,0.04308014005636745,0.05867766957108418,False,0.026030787246572887,0.033193575851490714,False,0.039262592642108664,143,0
2025-05-25,144,2025-05-24,6,0.08441207264957265,0.040779551282051296,0.045173633560823746,143,130,116,True,True,True,2,weekday2,none,0.04127673611111111,0.05324166063416254,0.03876648730975454,0.049589431140270375,False,0.03586789393236202,0.047406137050009234,False,0.03431278849212363,0.04826554175395898,False,0.03824611242394978,143,0
2025-05-26,145,2025-05-25,0,0.08510891203703705,0.04078334658608992,0.045111716524216514,144,131,117,True,True,True,2,weekday2,none,0.042971180555555565,0.056500484111741134,0.04817434874344279,0.06547758142334408,False,0.04905261955383863,0.05891554674242743,False,0.044708986751483965,0.054736296191961055,False,0.04621640352709052,143,0
2025-05-27,146,2025-05-26,1,0.08489373084291188,0.0407999210858586,0.045028584039548014,145,132,118,True,True,True,2,weekday2,none,0.041601388888888896,0.053027551473529104,0.039593461700859416,0.0518771412412359,False,0.03413972204821885,0.04244301267377633,False,0.02867353800022029,0.034488584101687106,False,0.036287594492371796,143,0
2025-05-28,147,2025-05-27,2,0.08460549847792999,0.04080594715956559,0.044947372490662926,146,133,119,True,True,True,2,weekday2,none,0.0405170138888889,0.05108679382650886,0.046483803695216486,0.05777551696497246,False,0.04704749381347587,0.05702421609673642,False,0.03881908042926636,0.047653348457787896,False,0.0421962948192237,143,0
2025-05-29,148,2025-05-28,3,0.08434948979591837,0.0408037909411277,0.04487613570601851,147,134,120,True,True,True,2,weekday2,none,0.036753819444444454,0.04778623643227317,0.04704054848786189,0.05875632444159023,False,0.03963548398975811,0.05025395131207951,False,0.03987547369295113,0.04620165969751218,False,0.03976692716690536,143,0
2025-05-30,149,2025-05-29,4,0.0840827561936937,0.04077379115226338,0.04478622733011936,148,135,121,True,True,True,2,weekday2,none,0.03743819444444444,0.04879086784145392,0.04618703212988757,0.05707247481177231,False,0.03723736531141031,0.050014093397290016,False,0.03916187620904907,0.0508318300274129,False,0.03868372776472656,143,0
2025-05-31,150,2025-05-30,5,0.08485342561521253,0.04074926470588237,0.044687463000910733,149,136,122,True,True,True,2,weekday2,none,0.03675902777777778,0.04592642364574982,0.05199850480346312,0.06370476118505825,False,0.034218221334277876,0.04319290374277367,False,0.03602485239403879,0.04707782754647853,False,0.0451972028233734,143,0
2025-06-01,151,2025-05-31,6,0.08457474999999999,0.0407201388888889,0.04459811427280938,150,137,123,True,True,True,2,weekday2,none,0.07905277777777778,0.09904639362580435,0.060201708142052814,0.07428847186282568,False,0.044500795734369304,0.05720742267391526,False,0.04306840222575926,0.05202315966284517,False,0.052806901214328926,143,0
2025-06-02,152,2025-06-01,0,0.08569246228844737,0.04099791163446056,0.04483256468413977,151,138,124,True,True,True,2,weekday2,none,0.07604027777777778,0.09924550665031528,0.07066201329190724,0.08907029576913396,False,0.08271708387572775,0.10102364017125658,False,0.0410641727619176,0.049060040110501364,False,0.05964882784430778,143,0
2025-06-03,153,2025-06-02,1,0.08548759594298246,0.041250014988009606,0.04501954722222221,152,139,125,True,True,True,2,weekday2,none,0.06147048611111112,0.07137511030834053,0.03568758354789794,0.04260432481368183,False,0.03331169289466407,0.040388656885619635,False,0.03590227190030179,0.042108463871952766,False,0.037303373525307895,143,0
2025-06-04,154,2025-06-03,2,0.08520859658678286,0.04139444692460319,0.045130171130952364,153,140,126,True,True,True,2,weekday2,none,0.06943194444444445,0.09058806527045626,0.04925173799658687,0.06808264817933256,False,0.0581061007511677,0.08163441960358732,False,0.036800503317319495,0.04795710392987246,False,0.04600949899796037,143,0
2025-06-05,155,2025-06-04,3,0.084910579004329,0.0415932944247439,0.0452880673118985,154,141,127,True,True,True,2,weekday2,none,0.07415347222222222,0.08929761373880292,0.04449946739621596,0.058452497951104285,False,0.04601131704085673,0.06052037406725693,False,0.02727375148832892,0.035657546702003474,False,0.040991899782133745,143,0
2025-06-06,156,2025-06-05,4,0.08463388440860214,0.04182259145148671,0.04549808349609374,155,142,128,True,True,True,2,weekday2,none,0.09409756944444446,0.11530539153037131,0.07440901955606757,0.09297101587703707,False,0.054560337859928774,0.07158806600040975,False,0.03211994281251924,0.038347451871425256,False,0.04957407540254789,143,0
2025-06-07,157,2025-06-06,5,0.08519896723646724,0.04218815073815075,0.04587544142980188,156,143,129,True,True,True,2,weekday2,none,0.09570416666666666,0.1145365178605108,0.07089675802827111,0.0863763618659894,False,0.04626087067871825,0.05866138213214946,False,0.03296264135703052,0.042680346978949894,False,0.04906849619896244,143,0
2025-06-08,158,2025-06-07,6,0.08493476645435244,0.042559789737654334,0.046188741987179475,157,144,130,True,True,True,2,weekday2,none,0.04459131944444444,0.05401882404027733,0.04753105537697594,0.05759614381229085,False,0.048211806604844754,0.05648503227396366,False,0.03118227447742126,0.03712066237211426,False,0.04131069845008879,143,0
2025-06-09,159,2025-06-08,0,0.08532886339662447,0.042573800287356335,0.04619347699321458,158,145,131,True,True,True,2,weekday2,none,0.04905347222222223,0.05966619209541252,0.037897613522196165,0.046226207743938035,False,0.035114519940029294,0.04271910721176116,False,0.032516166457174825,0.038903902260888655,False,0.03493604585245899,143,0
2025-06-10,160,2025-06-09,1,0.08507341893780572,0.04261818160197871,0.04630913431186867,159,146,132,True,True,True,2,weekday2,none,0.05555347222222221,0.07082681538639003,0.05094602073677182,0.06394945887363451,False,0.046568165133861125,0.05828031107436149,False,0.03457648416855397,0.04334321335923762,False,0.04076229184961316,143,0
2025-06-11,161,2025-06-10,2,0.08478844184027777,0.04270617677626608,0.046399484388053455,160,147,133,True,True,True,2,weekday2,none,0.06150069444444444,0.08133709434610181,0.0683667475270831,0.08955607279559546,False,0.04398485597628052,0.059206969862051685,False,0.030557302339838086,0.039127066677950455,False,0.04326789205192036,143,0
2025-06-12,162,2025-06-11,3,0.08452825224292615,0.04283316676051052,0.04660080586650082,161,148,134,True,True,True,2,weekday2,none,0.0452486111111111,0.05912106106212159,0.043383314063511154,0.0568965474320213,False,0.053758161202161245,0.06689821147812046,False,0.03238031351849177,0.03846034980680653,False,0.04017442328273828,143,0
2025-06-13,163,2025-06-12,4,0.0842835176611797,0.04284937779642059,0.046715304783950605,162,149,135,True,True,True,2,weekday2,none,0.04782743055555556,0.06319487538009357,0.05248335654643074,0.068908502929006,False,0.04188085279695554,0.056304846663740776,False,0.022170734770375664,0.02772233271485573,False,0.037254695393182595,143,0
2025-06-14,164,2025-06-13,5,0.08488712934560326,0.042882564814814825,0.04686460886437908,163,150,136,True,True,True,2,weekday2,none,0.04808541666666666,0.06006620970738133,0.043271218960738655,0.05554522346943612,False,0.04322369441057066,0.0543744402263233,False,0.03605398902321171,0.05084436317447331,False,0.04262376597981876,143,0
2025-06-15,165,2025-06-14,6,0.08463558604336043,0.04291702078734365,0.04695127737226276,164,151,137,True,True,True,2,weekday2,none,0.03973819444444444,0.04960860035484438,0.04973212281033258,0.06403140909163164,False,0.03546568631110885,0.04385673647667807,False,0.03603522169175104,0.04445722324896878,False,0.039587428874750835,143,0
2025-06-16,166,2025-06-15,0,0.0852198653198653,0.042896107456140364,0.04700380686392914,165,152,138,True,True,True,2,weekday2,none,0.03767395833333334,0.04913580616939817,0.0421349500837977,0.055942105160729824,False,0.0389932667605006,0.04974414755643386,False,0.027072994293497132,0.03463496815871795,False,0.03875952383112834,143,0
2025-06-17,167,2025-06-16,1,0.08495073209504685,0.042861975762527246,0.047044021033173455,166,153,139,True,True,True,2,weekday2,none,0.04075659722222222,0.06169214352668147,0.05076542569215037,0.07219945562356604,False,0.05033276141127453,0.0715944585380556,False,0.033886172458798325,0.04067696947421914,False,0.04279333721274707,143,0
2025-06-18,168,2025-06-17,2,0.08471375998003991,0.04284830447330449,0.0471019208829365,167,154,140,True,True,True,2,weekday2,none,0.02919027777777778,0.0376844952275542,0.03929908369671739,0.049372125208585686,False,0.03203380542775142,0.04011660154174992,False,0.02930415052916337,0.03763103665132874,False,0.03426734371874953,143,0
2025-06-19,169,2025-06-18,3,0.08445411292989417,0.04276018817204303,0.047080482909771466,168,155,141,True,True,True,2,weekday2,none,0.03262708333333333,0.04231515808982245,0.03276812551715381,0.04223731596081816,False,0.03968890667991329,0.049182786442738,False,0.022992001242915047,0.029450883799628444,False,0.03312634709417903,143,0
2025-06-20,170,2025-06-19,4,0.08419289119000656,0.04269523237179489,0.04695785040101721,169,156,142,True,True,True,2,weekday2,none,0.03972951388888889,0.04926576577181495,0.03493513752175046,0.04249881755747669,False,0.03161623294023849,0.03899315742868042,False,0.024494605503730543,0.03192996593296369,False,0.03022119917737495,143,0
2025-06-21,171,2025-06-20,5,0.08479610702614378,0.04267634244515218,0.04686882648601398,170,157,143,True,True,True,2,weekday2,none,0.049553472222222235,0.06643825140685146,0.06242255307279057,0.07900931730362351,False,0.049766725660476616,0.06427019970977624,False,0.03306688368269788,0.043015644679254735,False,0.047433750659337,143,0
2025-06-22,172,2025-06-21,6,0.0845517381416504,0.04271986858298173,0.04678845365547839,171,158,144,True,True,True,2,weekday2,none,0.0375982638888889,0.04773127377860116,0.040105480729154125,0.050244428124926056,False,0.035062972621165894,0.04562020939287663,False,0.024188518056268295,0.03099879217269019,False,0.03329884315357102,143,0
2025-06-23,173,2025-06-22,0,0.0852128351098191,0.04268765723270442,0.04673304956896551,172,159,145,True,True,True,2,weekday2,none,0.03978090277777778,0.05012415990567822,0.040253795146649514,0.053434671417525004,False,0.041660972941861135,0.05599615259239996,False,0.028931661667835104,0.03432829554514053,False,0.03653393540295996,143,0
2025-06-24,174,2025-06-23,1,0.08494892822736029,0.042669490017361124,0.04664600218797564,173,160,146,True,True,True,2,weekday2,none,0.03841319444444445,0.050131729251819926,0.04812765566377708,0.0635461752113764,False,0.03537336127644855,0.0442719349891368,False,0.0306171227304003,0.037634390860304415,False,0.036949496805908165,143,0
2025-06-25,175,2025-06-24,2,0.08477188298212003,0.042643053398895805,0.04668650085034013,174,161,147,True,True,True,2,weekday2,none,0.03458229166666667,0.04385913431879891,0.04066854998299562,0.05346470028147761,False,0.03665258311028947,0.04424231898583643,False,0.029772673909827543,0.0350463038603847,False,0.03490180418149142,143,0
2025-06-26,176,2025-06-25,3,0.08451924603174603,0.04259329561042526,0.04659986275337838,175,162,148,True,True,True,2,weekday2,none,0.037274652777777785,0.046918525903065916,0.042109179664339594,0.051639825039648715,False,0.04226334801072615,0.05419505884657212,False,0.025741919796690757,0.0314260963147238,False,0.03577908888450962,143,0
2025-06-27,177,2025-06-26,4,0.08427836174242423,0.04256066589979552,0.04650431114839672,176,163,149,True,True,True,2,weekday2,none,0.038081944444444446,0.05154831235786914,0.04261893972096535,0.056673108444673104,False,0.03269074703527927,0.04105814219516209,False,0.02477173011110712,0.030146620865116495,False,0.034501006917580186,143,0
2025-06-28,178,2025-06-27,5,0.08493725674827368,0.04253335662262875,0.046396056712962964,177,164,150,True,True,True,2,weekday2,none,0.032284027777777786,0.04091142193134387,0.038041268025070914,0.046682280863058596,False,0.034074321975256144,0.04306990926717783,False,0.03159274230041193,0.03995270997566727,False,0.036489127064495384,143,0
2025-06-29,179,2025-06-28,6,0.08467443430087387,0.0424712394781145,0.04630133715047829,178,165,151,True,True,True,2,weekday2,none,0.04164409722222221,0.05345700456259735,0.04670299562628691,0.05776942684525976,False,0.05006629800037326,0.06210058090693146,False,0.03770886922527553,0.04602681681942882,False,0.044997349280849336,143,0
2025-06-30,180,2025-06-29,0,0.08525878336436993,0.04246625669344045,0.04623952850877193,179,166,152,True,True,True,2,weekday2,none,0.03454375,0.04429113240505622,0.04047927335099556,0.05157409076203678,False,0.04440037141768327,0.054100129420751736,False,0.03387157006027065,0.03967420964988572,False,0.03827175561157522,143,0
2025-07-01,181,2025-06-30,1,0.08503728395061726,0.04241881653359949,0.046176592002541754,180,167,153,True,True,True,2,weekday2,none,0.08137986111111112,0.11398316000133041,0.09518426066376817,0.11987563549689526,False,0.09847372649815006,0.13080335862514852,False,0.11532318817161473,0.1561825700431228,False,0.08482968024502258,143,0
2025-07-02,182,2025-07-01,2,0.08508658686310618,0.04265072751322753,0.04638948863636363,181,168,154,True,True,True,2,weekday2,none,0.0863357638888889,0.11576384418948682,0.11951893017195464,0.1422037292907129,False,0.09422343323938819,0.12564396455801885,False,0.1198907050747238,0.16173058890498276,False,0.09283586407292208,143,0
2025-07-03,183,2025-07-02,3,0.0848705891330891,0.042909218852728484,0.046622516801075264,182,169,155,True,True,True,2,weekday2,none,0.09988611111111112,0.13565042055674661,0.0732873794796187,0.09590033236470963,False,0.08426766002341138,0.11551799947626502,False,0.0902673616642559,0.1236968690575878,False,0.0697628245474661,143,0
2025-07-04,184,2025-07-03,4,0.08469390179113538,0.043244377042483684,0.046920235710470076,183,170,156,True,True,True,2,weekday2,none,0.0982295138888889,0.1328181602715407,0.09710886895498642,0.11997260414936595,False,0.09561135444635645,0.12924004582142035,False,0.10818234271246638,0.14724947023424545,False,0.08726821877485799,143,0
2025-07-05,185,2025-07-04,5,0.08538194067028984,0.0435659275503574,0.047205780033616404,184,171,157,True,True,True,2,weekday2,none,0.081278125,0.10895801680961036,0.0666744250401715,0.08270425911497263,False,0.07295342520125964,0.09865314070526597,False,0.09566901238797307,0.12470591843473046,False,0.07010709647357645,143,0
2025-07-06,186,2025-07-05,6,0.08514937687687685,0.04378518451227393,0.04738089398734176,185,172,158,True,True,True,2,weekday2,none,0.09862673611111111,0.14040027581139813,0.08015738269226687,0.09994726197518645,False,0.08461064060371314,0.11670699299332962,False,0.098273430003255,0.13760087454959388,False,0.07555317905217616,143,0
2025-07-07,187,2025-07-06,0,0.08584611335125446,0.044102187700706515,0.04768281359189377,186,173,159,True,True,True,2,weekday2,none,0.08633715277777779,0.11844553241598246,0.07869450010441625,0.09449924812271007,False,0.07951812789197478,0.10661426567274061,False,0.10307787984540093,0.13792517757953124,False,0.07177104218016392,143,0
2025-07-08,188,2025-07-07,1,0.08561629159239452,0.0443449173850575,0.0478963259548611,187,174,160,True,True,True,2,weekday2,none,0.06213993055555554,0.08147111312793974,0.0630168012697552,0.08693072362247015,False,0.0733734011596693,0.08966977980660322,False,0.07328941065714474,0.0874141835951193,False,0.0636542602215555,143,0
2025-07-09,189,2025-07-08,2,0.08539716312056736,0.0444466031746032,0.048078745039682534,188,175,161,True,True,True,2,weekday2,none,0.05411458333333333,0.07491811270387896,0.05161019928194418,0.06543155088539415,False,0.05678647848639426,0.07611686529681379,False,0.06668742080602685,0.08391741175305374,False,0.051737172776275354,143,0
2025-07-10,190,2025-07-09,3,0.08515121252204583,0.044501534880050535,0.04820638717421124,189,176,162,True,True,True,2,weekday2,none,0.062110763888888885,0.08032421531501084,0.06765107783098402,0.08360056017118722,False,0.06414807656199116,0.08387460741061384,False,0.07148034471061096,0.09637711402564189,False,0.060021114919400716,143,0
2025-07-11,191,2025-07-10,4,0.08494429093567249,0.044601022049591994,0.04837236494546693,190,177,163,True,True,True,2,weekday2,none,0.07051354166666665,0.09151116744617079,0.06217418899179221,0.07474004658191824,False,0.05888181275312045,0.06974838808528887,False,0.05454651217677486,0.06468990542755142,False,0.05979537719052005,143,0
2025-07-12,192,2025-07-11,5,0.08540006544502615,0.044746598002496904,0.048554650448848234,191,178,164,True,True,True,2,weekday2,none,0.06003368055555555,0.07928909798344144,0.05567242547829224,0.07047471134171054,False,0.054088527607560194,0.06762203225580306,False,0.061209368124662746,0.07810429380584699,False,0.05443547738599991,143,0
2025-07-13,193,2025-07-12,6,0.08520547960069441,0.04483200069832404,0.04868046085858585,192,179,165,True,True,True,2,weekday2,none,0.06310034722222223,0.08533347605375435,0.07130175681671236,0.0959501420044069,False,0.07516273917823732,0.09886427234058295,False,0.07354767658944468,0.09387307067150001,False,0.06612011370659733,143,0
2025-07-14,194,2025-07-13,0,0.08559605282095564,0.0449334915123457,0.04882912274096385,193,180,166,True,True,True,2,weekday2,none,0.05924270833333334,0.07704407637749389,0.05499923223615583,0.06713721292208291,False,0.06061386977644942,0.076812558007048,False,0.07841773139204238,0.09684515430525839,False,0.06061102355751932,143,0
2025-07-15,195,2025-07-14,1,0.08537558347651773,0.0450125479588705,0.04896117036759813,194,181,167,True,True,True,2,weekday2,none,0.04661180555555555,0.05886508645010026,0.047542050355541,0.05872411652243316,False,0.04866759848731253,0.06066088075930071,False,0.04173166240345905,0.04889749981063149,False,0.04465547879002609,143,0
2025-07-16,196,2025-07-15,2,0.08517554487179485,0.045021335088522615,0.04896726500496031,195,182,168,True,True,True,2,weekday2,none,0.035381249999999996,0.044380722635696986,0.04065047888881098,0.05044825329062427,False,0.0369162839795358,0.0476284435647477,False,0.03661143579204083,0.048238729753849456,False,0.035927156864951494,143,0
2025-07-17,197,2025-07-16,3,0.08494908588435372,0.04496865702792959,0.048964135437212356,196,183,169,True,True,True,2,weekday2,none,0.04070104166666667,0.04846488616485364,0.03775212460211462,0.044395225758677104,False,0.03599618226711151,0.04234511053438809,False,0.038323372825190875,0.04421259724715497,False,0.038650142860894965,143,0
2025-07-18,198,2025-07-17,4,0.08475906302876479,0.044945463466183604,0.04897260518790849,197,184,170,True,True,True,2,weekday2,none,0.03667118055555556,0.04663491274576973,0.05996294212199846,0.07442874504402389,False,0.035964794637588025,0.04621888665207822,False,0.029267675846687276,0.035687047499336745,False,0.04148359055576978,143,0
2025-07-19,199,2025-07-18,5,0.08524371843434342,0.04490073761261264,0.04899212049220272,198,185,171,True,True,True,2,weekday2,none,0.034539930555555556,0.04412522603813681,0.033256834634227656,0.04238074045570564,False,0.032759956770019937,0.04288640609058839,False,0.032972528856156424,0.04170186840587217,False,0.03340974135458411,143,0
2025-07-20,200,2025-07-19,6,0.085020261027359,0.04484503434886502,0.04900335210755813,199,186,172,True,True,True,2,weekday2,none,0.03192361111111112,0.04198125036185136,0.03197914249741008,0.042862112935264214,False,0.031525647141513596,0.04088962168630941,False,0.02763329447644962,0.03504083292415926,False,0.0289861613526918,143,0
2025-07-21,201,2025-07-20,0,0.08553563541666666,0.04477593582887703,0.04900643464996787,200,187,173,True,True,True,2,weekday2,none,0.034110416666666664,0.04346973723817014,0.037689184446508324,0.04804917833101304,False,0.035567907885488054,0.044368731853903574,False,0.030042184894699637,0.035412042399975426,False,0.03466227085855555,143,0
2025-07-22,202,2025-07-21,1,0.085331021973466,0.04471920434397166,0.048999065094189,201,188,174,True,True,True,2,weekday2,none,0.03715659722222221,0.04918095290325535,0.03802082686351839,0.05068522654406355,False,0.03585846922645619,0.046859650705617754,False,0.033737768155319564,0.04306695160373515,False,0.036306838693138846,143,0
2025-07-23,203,2025-07-22,2,0.08511747455995598,0.04467919054967669,0.048965022817460305,202,189,175,True,True,True,2,weekday2,none,0.03698194444444444,0.044773419151322366,0.044178707447524744,0.053292883222581966,False,0.047114430462432834,0.05520448139915338,False,0.03797433739875876,0.04464694300256076,False,0.04193292024495448,143,0
2025-07-24,204,2025-07-23,3,0.08490506294471811,0.044638678728070195,0.04888993746054291,203,190,176,True,True,True,2,weekday2,none,0.04176701388888889,0.05073243213309302,0.04477563600910202,0.05635748158365756,False,0.046760876184055965,0.05750380038014742,False,0.04132221803778961,0.04873389113705924,False,0.04574720836413269,143,0
2025-07-25,205,2025-07-24,4,0.08469749795751634,0.044623643833624216,0.04886568483207782,204,191,177,True,True,True,2,weekday2,none,0.04169756944444444,0.05324034194496375,0.03921935566504837,0.048149217040968965,False,0.038467750288862256,0.046220827371161385,False,0.028599331994192123,0.034447031065258364,False,0.03579503212664001,143,0
2025-07-26,206,2025-07-25,5,0.0852680216802168,0.044608403862847236,0.048802966019038684,205,192,178,True,True,True,2,weekday2,none,0.042941319444444445,0.054233710912176714,0.04747277286899186,0.05776906952397513,False,0.040450635050974,0.05015816988989419,False,0.04050703561435255,0.053367772975728894,False,0.0441346671264036,143,0
2025-07-27,207,2025-07-26,6,0.08509639293419632,0.044599766119746705,0.04878256226722531,206,193,179,True,True,True,2,weekday2,none,0.038052777777777776,0.04719184729790612,0.042558412751136136,0.05219069997620414,False,0.039018011695289165,0.0481410817466355,False,0.03764202225510687,0.04439064649679416,False,0.039315610261588745,143,0
2025-07-28,208,2025-07-27,0,0.08560051663982823,0.04456601875715923,0.048727158564814806,207,194,180,True,True,True,2,weekday2,none,0.04127083333333334,0.05073155658299215,0.06749127908801113,0.07974565915387677,False,0.043109690140915785,0.05411044370927588,False,0.054606957250838896,0.06724177424518489,False,0.05177281543814025,143,0
2025-07-29,209,2025-07-28,1,0.08539925881410257,0.04454912037037038,0.04868582048035603,208,195,181,True,True,True,2,weekday2,none,0.03988888888888889,0.04982683869328523,0.042361856650899705,0.05297776356151634,False,0.04174404359999652,0.05040917959976508,False,0.036461680848178704,0.04593852649289247,False,0.04051015584238641,143,0
2025-07-30,210,2025-07-29,2,0.08519278641679959,0.044525343679138324,0.04860442517551891,209,196,182,True,True,True,2,weekday2,none,0.033623611111111125,0.04322871465627141,0.03550670763080764,0.0451108409264941,False,0.042599146698184355,0.05245250910286701,False,0.03170462934237668,0.03847883725861772,False,0.03524583530132119,143,0
2025-07-31,211,2025-07-30,3,0.08500858465608467,0.04447000493513819,0.048520803923800836,210,197,183,True,True,True,2,weekday2,none,0.03366805555555555,0.04221529680959524,0.04081486815659934,0.05158114670537812,False,0.03332241843195164,0.042368433248428275,False,0.03004748484543472,0.03767671978571652,False,0.0353130467276257,143,0
2025-08-01,212,2025-07-31,4,0.0848155739863086,0.0444154496352413,0.048420548384661824,211,198,184,True,True,True,2,weekday2,none,0.04339409722222222,0.05563438482005131,0.055824574519733085,0.0692261596711771,False,0.03678052693660597,0.045318420090382415,False,0.0321885668393264,0.04057118446933795,False,0.041487903570657604,143,0
2025-08-02,213,2025-08-01,5,0.08543361831761007,0.044410317211055275,0.04840397147147146,212,199,185,True,True,True,2,weekday2,none,0.04435555555555555,0.05762256653092702,0.04406544464819319,0.05673602409716446,False,0.03716877091312846,0.04742474239169432,False,0.032405823879025034,0.042212159720482804,False,0.03684217101384608,143,0
2025-08-03,214,2025-08-02,6,0.0852385465571205,0.04441004340277777,0.0483756039053166,213,200,186,True,True,True,2,weekday2,none,0.051184375,0.06562931797963638,0.04448483741262235,0.05657055557853926,False,0.04053343680222066,0.053252500649352705,False,0.03570374996594188,0.04596923510940437,False,0.03772360867296755,143,0
2025-08-04,215,2025-08-03,0,0.08564951323987541,0.044443746545052516,0.048392914438502674,214,201,187,True,True,True,2,weekday2,none,0.05095034722222222,0.06603219082912852,0.04390369927366368,0.05891651504270154,False,0.03654131235942296,0.05046746956634186,False,0.025205614709341902,0.032812159795581775,False,0.03559049815046344,143,0
2025-08-05,216,2025-08-04,1,0.08545199289405686,0.044475957439493945,0.048384074874408975,215,202,188,True,True,True,2,weekday2,none,0.049891666666666654,0.06684619784749664,0.04658942628582748,0.06328545670592768,False,0.03703640127497578,0.053398214789476615,False,0.02464785144898525,0.029993382195729397,False,0.03626046222686441,143,0
2025-08-06,217,2025-08-05,2,0.08523146540637862,0.044502635810071155,0.04837120811287477,216,203,189,True,True,True,2,weekday2,none,0.04528541666666667,0.058051202853840835,0.0444208769349488,0.05497186591971769,False,0.04794371992058849,0.05867975579931701,False,0.03030459173195306,0.03665834761682161,False,0.04008887008646033,143,0
2025-08-07,218,2025-08-06,3,0.08504983038914492,0.044506472971132895,0.04832834247076023,217,204,190,True,True,True,2,weekday2,none,0.054854513888888894,0.07282198030795525,0.054049228248178496,0.07013745210749683,False,0.04820829304315628,0.06392215228882192,False,0.03537310498264717,0.04793273385469169,False,0.04695640143252237,143,0
2025-08-08,219,2025-08-07,4,0.0848791029561672,0.04455695121951219,0.04834693862710878,218,205,191,True,True,True,2,weekday2,none,0.05369340277777778,0.06979497492159129,0.045751364975641404,0.05894501947835206,False,0.04519397548759923,0.05727094125380134,False,0.037792604976714786,0.04607987119479095,False,0.04392444296978731,143,0
2025-08-09,220,2025-08-08,5,0.08542139142567226,0.04460130292610571,0.04841012188946759,219,206,192,True,True,True,2,weekday2,none,0.04643576388888889,0.05893600357473444,0.04203216066774817,0.052957488331859474,False,0.039746776712502124,0.050508020268362375,False,0.032028162653218756,0.03777295782216667,False,0.040015859094186056,143,0
2025-08-10,221,2025-08-09,6,0.08526584280303032,0.0446101650563607,0.048410499424294755,220,207,193,True,True,True,2,weekday2,none,0.036432638888888896,0.04528706431691554,0.03970199248947668,0.04824310402814505,False,0.03903431905990514,0.050182566809180415,False,0.025982302661370287,0.03180004540341611,False,0.03403607342506608,143,0
2025-08-11,222,2025-08-10,0,0.08576809326294622,0.044570850026709394,0.04835619451603665,221,208,194,True,True,True,2,weekday2,none,0.047873263888888906,0.06087719266527946,0.03949286477050276,0.05265959139431418,False,0.03621873489480598,0.04989357602942552,False,0.04379406749655038,0.061208394134637106,False,0.03883226783977626,143,0
2025-08-12,223,2025-08-11,1,0.08558535410410412,0.04458665104997341,0.0483401558048433,222,209,195,True,True,True,2,weekday2,none,0.03552916666666667,0.04480614804664398,0.03653208126147959,0.04750163970191743,False,0.03972522671660303,0.051321987317709886,False,0.03200635060730801,0.04251562597041387,False,0.03552178569380356,143,0
2025-08-13,224,2025-08-12,2,0.08540881601893374,0.044543520171957666,0.048272820117630386,223,210,196,True,True,True,2,weekday2,none,0.03511909722222221,0.04626061533583399,0.037980346955982354,0.048189798309239716,False,0.041112715157044,0.05181397314861053,False,0.031214190508653965,0.03793426490342823,False,0.0336312920514068,143,0
2025-08-14,225,2025-08-13,3,0.08519769035218255,0.044498854660347545,0.04820896432600112,224,211,197,True,True,True,2,weekday2,none,0.03922083333333334,0.0479547837522204,0.0382077897346975,0.04570185845256535,False,0.03834121155216429,0.04609979861602571,False,0.0359051196548676,0.04291625920636832,False,0.03628208966895362,143,0
2025-08-15,226,2025-08-14,4,0.08500656172839507,0.04447395833333333,0.04816971625982042,225,212,198,True,True,True,2,weekday2,none,0.03901631944444445,0.04958314163128208,0.042361568409332626,0.05350545997331751,False,0.038403413995018745,0.050841069037408454,False,0.03199754784662065,0.039199507657236815,False,0.037672170850806916,143,0
2025-08-16,227,2025-08-15,5,0.08551690941494594,0.04444833561554511,0.048146360273590164,226,213,199,True,True,True,2,weekday2,none,0.038252777777777774,0.049841623474316685,0.0411340713209606,0.052351960420459996,False,0.03343602817453882,0.04171973778901592,False,0.030438683811881688,0.03995227490046081,False,0.03785848561094996,143,0
2025-08-17,228,2025-08-16,6,0.08533227484092024,0.044419384410695734,0.04811732118055555,227,214,200,True,True,True,2,weekday2,none,0.03910972222222222,0.04835011813440698,0.050727339481028116,0.06211212731318642,False,0.038146698199816614,0.04757622416128589,False,0.031506300082560404,0.03979872195416137,False,0.03879220771868891,143,0
2025-08-18,229,2025-08-17,0,0.08580526620370373,0.04439468830749353,0.04807790129215035,228,215,201,True,True,True,2,weekday2,none,0.03747881944444445,0.0459663001178883,0.04918443249732135,0.05909772661527303,False,0.03703352598317603,0.04638477289324315,False,0.034562099164095056,0.042858174616740505,False,0.04055996660177447,143,0
2025-08-19,230,2025-08-18,1,0.08561073811256675,0.04436267039609053,0.04803620479235423,229,216,202,True,True,True,2,weekday2,none,0.03454375000000001,0.043291632178362904,0.03624968218363392,0.045647246836582854,False,0.03394965199098037,0.0430866348570677,False,0.028963845423763575,0.03638863434194992,False,0.032250389496055916,143,0
2025-08-20,231,2025-08-19,2,0.08542403683574883,0.044317421915002556,0.047993465209359605,230,217,203,True,True,True,2,weekday2,none,0.04084166666666667,0.05079720437408168,0.04581793026238659,0.05704542361334857,False,0.045359265437187414,0.05636966103079883,False,0.0381045640261716,0.04757585251035612,False,0.04280092363899831,143,0
2025-08-21,232,2025-08-20,3,0.08525736231361236,0.044301478083588176,0.04793047640931372,231,218,204,True,True,True,2,weekday2,none,0.0398173611111111,0.04997178613700156,0.044818407175990206,0.057423000430665734,False,0.04457996147975122,0.05703533267003933,False,0.034108549376627134,0.04357594569831915,False,0.040036033217726946,143,0
2025-08-22,233,2025-08-21,4,0.08507454801245215,0.044281002663622525,0.04786232384823848,232,219,205,True,True,True,2,weekday2,none,0.039537847222222214,0.0539018931009024,0.04276702649282197,0.05576064501676358,False,0.041644712766125164,0.05538600590602459,False,0.0460076682937474,0.05682114902225099,False,0.042625029228005866,143,0
2025-08-23,234,2025-08-22,5,0.08551287255603246,0.04425944286616162,0.04779238302319309,233,220,206,True,True,True,2,weekday2,none,0.042044097222222215,0.054934364402995595,0.05349227644527434,0.07125726734099543,False,0.047139002313926946,0.055759133246699885,False,0.03812505016073798,0.04634543506082979,False,0.04380053651516646,143,0
2025-08-24,235,2025-08-23,6,0.0853368233618234,0.0442494186777275,0.04774814982555018,234,221,207,True,True,True,2,weekday2,none,0.035334375,0.04680644227234586,0.03962412125548038,0.05103572915308665,False,0.04146440937897227,0.05489691310414614,False,0.025503102191110877,0.03339086780221631,False,0.03382148151720967,143,0
2025-08-25,236,2025-08-24,0,0.08574741134751777,0.04420926082332332,0.047670767394497854,235,222,208,True,True,True,2,weekday2,none,0.04156215277777778,0.052800958304908316,0.047549168624553995,0.06140977258356979,False,0.03961479825980305,0.04709501317194061,False,0.04106105389985464,0.049355132595852044,False,0.04279571490855854,143,0
2025-08-26,237,2025-08-25,1,0.08557260769774015,0.0441973903836572,0.04758460011297182,236,223,209,True,True,True,2,weekday2,none,0.037018749999999996,0.04722105080246403,0.05034235859500727,0.06218047037114501,False,0.034378572347853235,0.044477389722553926,False,0.03199537114328825,0.039287663770078224,False,0.03625611912423663,143,0
2025-08-27,238,2025-08-26,2,0.08537758731833102,0.044165342881944444,0.04752791914682539,237,224,210,True,True,True,2,weekday2,none,0.03984166666666668,0.050116331336867305,0.05529114436449117,0.06925916792794462,False,0.04446772724611348,0.05744096113050877,False,0.031482963109642166,0.03975393136318388,False,0.04221186395516706,143,0
2025-08-28,239,2025-08-27,3,0.08521147000466857,0.044146126543209874,0.04748294826224328,238,225,211,True,True,True,2,weekday2,none,0.04428993055555556,0.06314940850981021,0.060078935373923066,0.08420964262918845,False,0.04543246209915898,0.057801161678853984,False,0.04005987604992352,0.049960252786197104,False,0.048625187276233044,143,0
2025-08-29,240,2025-08-28,4,0.0850735006973501,0.04414676284414946,0.04745364010089098,239,226,212,True,True,True,2,weekday2,none,0.03802708333333333,0.04818001004623759,0.049352688468463385,0.06085462258001001,False,0.04714382753154159,0.05864934484262347,False,0.05104446027242868,0.06288905221488761,False,0.04717981906044581,143,0
2025-08-30,241,2025-08-29,5,0.08555147569444449,0.044119803903573174,0.04739185250391236,240,227,213,True,True,True,2,weekday2,none,0.03721875,0.050408570630950805,0.040196169992635644,0.05380264902792138,False,0.0429216044956801,0.05957117638972501,False,0.03893833426370966,0.04951011472919481,False,0.0421655793179772,143,0
2025-08-31,242,2025-08-30,6,0.0854056564084832,0.044089536123294346,0.04734286085150571,241,228,214,True,True,True,2,weekday2,none,0.03844965277777779,0.050221768776376026,0.056178464050737884,0.0698357424104788,False,0.03939098980342345,0.052894003209638545,False,0.0471171375998257,0.06131131402803464,False,0.05129092261851036,143,0
2025-09-01,243,2025-08-31,0,0.0858570678374656,0.04406490781174187,0.04729076954134367,242,229,215,True,True,True,2,weekday2,none,0.10822986111111112,0.14790323107994932,0.07051228769524476,0.09060382141373075,False,0.09983247322028016,0.13961940009786214,False,0.12241047403692557,0.1574405862129981,False,0.08510123086230359,143,0
2025-09-02,244,2025-09-01,1,0.08591300297210795,0.04434388586956522,0.04753845003858024,243,230,216,True,True,True,2,weekday2,none,0.09871319444444443,0.1341955583540098,0.07341637923755082,0.09046332934013752,False,0.10357003894577071,0.13487476445808655,False,0.12638907350351938,0.15560578260029825,False,0.08995487662989471,143,0
2025-09-03,245,2025-09-02,2,0.08572676172586524,0.04457925084175084,0.0477898713517665,244,231,217,True,True,True,2,weekday2,none,0.10440416666666667,0.14549467224877266,0.06536727671120278,0.08713876178410351,False,0.08660016826436082,0.11722629497530118,False,0.10339315161391971,0.1470920697813484,False,0.07583282324752834,143,0
2025-09-04,246,2025-09-03,3,0.0855673270975057,0.04483711685823755,0.048037609900611615,245,232,218,True,True,True,2,weekday2,none,0.1046878472222222,0.14562422335272154,0.0716082807951573,0.08657192537193356,False,0.07697866772539494,0.09480465242118154,False,0.10012381083751781,0.1250042317248391,False,0.07383801504206096,143,0
2025-09-05,247,2025-09-04,4,0.08540524503161702,0.04509398694563662,0.0482677662037037,246,233,219,True,True,True,2,weekday2,none,0.10746493055555556,0.14221299637095605,0.05197162234566772,0.06758521785844124,False,0.07784255153488703,0.102566392763948,False,0.08863999786677985,0.11635097270534603,False,0.06101914615183128,143,0
2025-09-06,248,2025-09-05,5,0.08586305949167795,0.0453605294396961,0.048502620738636364,247,234,220,True,True,True,2,weekday2,none,0.10474895833333334,0.14283307255178448,0.07289968916754136,0.09263757419087289,False,0.10723784785023029,0.1442401572657533,False,0.10682911664568334,0.1399485125882021,False,0.08339028096252725,143,0
2025-09-07,249,2025-09-06,6,0.08571439572132619,0.045613246158392434,0.0487545162456008,248,235,221,True,True,True,2,weekday2,none,0.09903368055555556,0.13500105587292846,0.07191419669614053,0.08591322657554655,False,0.09898567466233146,0.12447796774549626,False,0.12047188319610863,0.14386895697609398,False,0.08292831492707389,143,0
2025-09-08,250,2025-09-07,0,0.08614913821954488,0.04583960393126177,0.04897607529404405,249,236,222,True,True,True,2,weekday2,none,0.05327118055555556,0.07306536896752874,0.054338066695992004,0.06472634357273023,False,0.05896725306828911,0.0768706122065855,False,0.08225384281059614,0.1038610776558685,False,0.06048670974762093,143,0
2025-09-09,251,2025-09-08,1,0.0860061527777778,0.045870960794655406,0.049066346692825114,250,237,223,True,True,True,2,weekday2,none,0.06253333333333333,0.08332973658904726,0.050011992749860075,0.06085424781806007,False,0.0539908238600435,0.06892311337078909,False,0.06737922592039602,0.08732030907365566,False,0.052382962330432686,143,0
2025-09-10,252,2025-09-09,2,0.08584824867197878,0.04594097076330531,0.04921456860739088,251,238,224,True,True,True,2,weekday2,none,0.060763194444444446,0.07828536629785217,0.06148093374177166,0.07379917562112186,False,0.07576532776272699,0.09382456110200582,False,0.09412163684740284,0.11015743226840012,False,0.07084900944123008,143,0
2025-09-11,253,2025-09-10,3,0.08570991236772489,0.04600298843561133,0.04932330169753087,252,239,225,True,True,True,2,weekday2,none,0.06555,0.08947698978725696,0.05250850744465946,0.06714699921753062,False,0.05584236202508021,0.07174815298985553,False,0.05396223499128259,0.07019614149848312,False,0.052270898547928255,143,0
2025-09-12,254,2025-09-11,4,0.08557128074220469,0.04608443431712962,0.04947120821042282,253,240,226,True,True,True,2,weekday2,none,0.05419409722222222,0.0746141308620931,0.050659760859056484,0.061571975833402647,False,0.06123980575676586,0.08057954920214007,False,0.07776008693150308,0.0999569622554055,False,0.058015535626774105,143,0
2025-09-13,255,2025-09-12,5,0.08593682195975506,0.04611808437067772,0.049577117749632894,254,241,227,True,True,True,2,weekday2,none,0.06343541666666667,0.08249181209368599,0.053675363687228646,0.06449809747973222,False,0.06166647926499639,0.07336253268407078,False,0.0757546196382035,0.09205677687395283,False,0.05941562258216782,143,0
2025-09-14,256,2025-09-13,6,0.0857642538126362,0.04618964359504132,0.049715816124512674,255,242,228,True,True,True,2,weekday2,none,0.0451875,0.06436250445070225,0.04550097614465378,0.06187596349094845,False,0.05626437165104708,0.0789436190180517,False,0.0772292304487282,0.10082338428283119,False,0.05015602803182117,143,0
2025-09-15,257,2025-09-14,0,0.08624776475694447,0.046185519547325096,0.049779237930616206,256,243,229,True,True,True,2,weekday2,none,0.040326736111111115,0.05257698076392367,0.048035701623373776,0.06226358099257431,False,0.033501552339699245,0.04062804053976177,False,0.030129503555901056,0.03690012909387994,False,0.04040605454414849,143,0
2025-09-16,258,2025-09-15,1,0.08607454874621707,0.04616150813979963,0.04984335975241546,257,244,230,True,True,True,2,weekday2,none,0.03863611111111112,0.05039556273180761,0.041347602864330334,0.05489944918003605,False,0.035350032738370646,0.046257629869539976,False,0.031572165320009754,0.03993912107161827,False,0.03518824725507271,143,0
2025-09-17,259,2025-09-16,2,0.0859082633505599,0.046130792233560085,0.04985117920274171,258,245,231,True,True,True,2,weekday2,none,0.037031944444444444,0.04761845755586797,0.03928754658764652,0.05122238783428265,False,0.04640916963532829,0.05637951209048345,False,0.027871976741019124,0.034243574114915847,False,0.0370398102641265,143,0
2025-09-18,260,2025-09-17,3,0.08573525847275851,0.04609380504742547,0.049876697946599616,259,246,232,True,True,True,2,weekday2,none,0.038390625,0.050219984989654375,0.04487131370473282,0.05840323838821003,False,0.04045028680717328,0.05011242470322666,False,0.03579531782773657,0.04292153920708414,False,0.03912948352251712,143,0
2025-09-19,261,2025-09-18,4,0.08555448717948722,0.04606261808367071,0.04990106476514068,260,247,233,True,True,True,2,weekday2,none,0.04591076388888889,0.05465341128038883,0.05146339372898239,0.05992689338629543,False,0.04196307758894061,0.05254180853430803,False,0.05408986562708317,0.06448499388968192,False,0.04704841630882515,143,0
2025-09-20,262,2025-09-19,5,0.0859043475947212,0.04606200576836917,0.049910862565289656,261,248,234,True,True,True,2,weekday2,none,0.04453229166666666,0.055273024519953064,0.06756671568419252,0.08029864646317367,False,0.04118240676700665,0.051917349090989745,False,0.0463428984156172,0.0576829518231515,False,0.04464780166831803,143,0
2025-09-21,263,2025-09-20,6,0.08574249628922818,0.04605586233824185,0.049948264627659576,262,249,235,True,True,True,2,weekday2,none,0.034255902777777764,0.043402057882918656,0.04088926874116429,0.05005312893864562,False,0.03824802491922779,0.04681877782897226,False,0.03498505428611371,0.04256667750161887,False,0.03695458481561,143,0
2025-09-22,264,2025-09-21,0,0.08612619349387413,0.04600866249999999,0.04996419712217514,263,250,236,True,True,True,2,weekday2,none,0.039631944444444435,0.050132257025237194,0.04503042955677414,0.056162789051830725,False,0.04195481999264407,0.054669020638731344,False,0.03532814696861051,0.04421481796451536,False,0.04205152797298194,143,0
2025-09-23,265,2025-09-22,1,0.08592896675084177,0.04598325724878264,0.049914284458509144,264,251,237,True,True,True,2,weekday2,none,0.03945104166666667,0.0495090604432383,0.04661483933558109,0.05850390396144234,False,0.03594632598332148,0.04566763875442346,False,0.03695515233450027,0.047936782926054494,False,0.039899808495429616,143,0
2025-09-24,266,2025-09-23,2,0.08575113731656187,0.04595733575837742,0.0498710091328198,265,252,238,True,True,True,2,weekday2,none,0.035571874999999996,0.044393646121626704,0.03908369389130762,0.048726787347810635,False,0.03575862385694109,0.04516623686503812,False,0.03591516905471788,0.0437305062202972,False,0.03591019710464338,143,0
2025-09-25,267,2025-09-24,3,0.08559011852548039,0.04591628650636802,0.04984447931194794,266,253,239,True,True,True,2,weekday2,none,0.03373159722222222,0.04182819129254283,0.03734558175849901,0.0455310277589764,False,0.03424710472414047,0.0419179382264699,False,0.037048037492687404,0.045414823133025764,False,0.03466455434270861,143,0
2025-09-26,268,2025-09-25,4,0.08540354764877238,0.04586831528871391,0.049799066116898154,267,254,240,True,True,True,2,weekday2,none,0.03778055555555556,0.049473184726116476,0.04813671267293162,0.06073972252794981,False,0.03482199929522948,0.04603700040508972,False,0.03947022124240042,0.05200515985042392,False,0.04210213856812297,143,0
2025-09-27,269,2025-09-26,5,0.08577506478026535,0.04583659858387799,0.04976846617104657,268,255,241,True,True,True,2,weekday2,none,0.043381597222222214,0.05418035900659328,0.045547576598337,0.05673396178543974,False,0.04011105978108849,0.050411249430901035,False,0.039720416763424395,0.050749483435001734,False,0.041465963843882146,143,0
2025-09-28,270,2025-09-27,6,0.08562665220983065,0.04582700873480902,0.049730671057162536,269,256,242,True,True,True,2,weekday2,none,0.03590347222222221,0.045513890965652816,0.04430141057477989,0.054962436245972524,False,0.03584424909778187,0.04368884669680391,False,0.03535356538945866,0.041650806486948175,False,0.036042718694839423,143,0
2025-09-29,271,2025-09-28,0,0.0860125462962963,0.04578839575226977,0.049688816729538184,270,257,243,True,True,True,2,weekday2,none,0.03735937500000001,0.04870614569509912,0.04593801872878325,0.058873320911281654,False,0.04001296225434137,0.04945612616409765,False,0.04408322507221389,0.054912438880884686,False,0.04179433078103803,143,0
2025-09-30,272,2025-09-29,1,0.0858262479499795,0.04575572512919896,0.04963481400842441,271,258,244,True,True,True,2,weekday2,none,0.041092361111111114,0.05227703347710796,0.05584656202265949,0.06880345356609766,False,0.03793234369589428,0.04764069551043927,False,0.043471448447982605,0.05261365937461815,False,0.0430173114783575,143,0
2025-10-01,273,2025-09-30,2,0.08565945669934641,0.04573771986271986,0.04962920705782313,272,259,245,True,True,True,2,weekday2,none,0.05322256944444445,0.07286907006081371,0.06384312697766292,0.08142093198045902,False,0.04311950745662081,0.05733748786272071,False,0.03411636570141601,0.04519168310810618,False,0.04495927572094366,143,0
2025-10-02,274,2025-10-01,3,0.08561123575498576,0.04576650774572649,0.0496307446928636,273,260,246,True,True,True,2,weekday2,none,0.04371666666666666,0.05385941157567336,0.044832247060612083,0.05286184250199768,False,0.04283753303400359,0.05074719231909619,False,0.030292745041272242,0.03657975361608795,False,0.03788183406628226,143,0
2025-10-03,275,2025-10-02,4,0.08542572739253854,0.045758653948488714,0.04958014577710301,274,261,247,True,True,True,2,weekday2,none,0.05046006944444445,0.06370311906392201,0.05074822041770371,0.06320072601864794,False,0.04016136012506214,0.050682169848541965,False,0.0334474652219134,0.041118564706811515,False,0.04231913373785031,143,0
2025-10-04,276,2025-10-03,5,0.08578461111111112,0.045776598282442744,0.04955760598678315,275,262,248,True,True,True,2,weekday2,none,0.03531145833333333,0.04300760652198632,0.03890343026612069,0.04696810377782656,False,0.05118169498167799,0.05908905571583164,False,0.04205407683044607,0.05009998898623352,False,0.04034954422769059,143,0
2025-10-05,277,2025-10-04,6,0.08563631491545895,0.04573680687579214,0.049496133840919235,276,263,249,True,True,True,2,weekday2,none,0.047437499999999994,0.05810031913280108,0.05359618483512964,0.06281910847596332,False,0.049583927275689534,0.05725291380253738,False,0.04093736157209271,0.046915907838833856,False,0.04691656450452413,143,0
2025-10-06,278,2025-10-05,0,0.08592988618130767,0.04574324889520201,0.04946974861111111,277,264,250,True,True,True,2,weekday2,none,0.03959131944444443,0.04821323458951217,0.050315313746026886,0.06075908115544366,False,0.04536379348872757,0.05441220400686284,False,0.05030180767375107,0.059892330021640634,False,0.04319338697516574,143,0
2025-10-07,279,2025-10-06,1,0.08577337130295765,0.04572003406708595,0.049408199839530764,278,265,251,True,True,True,2,weekday2,none,0.03999166666666666,0.0487774805024477,0.053116963598477514,0.06307242159744932,False,0.045004174299337674,0.053846045261146724,False,0.03947180574509708,0.04750534058167887,False,0.04414418492984352,143,0
2025-10-08,280,2025-10-07,2,0.08560357427319794,0.0456984988512949,0.04935071235670194,279,266,252,True,True,True,2,weekday2,none,0.03374930555555557,0.041783440948538454,0.03863977100641131,0.04743383520134955,False,0.04411200852021529,0.051985173436119594,False,0.0439701048336551,0.05146152951843014,False,0.04056377588508593,143,0
2025-10-09,281,2025-10-08,3,0.0854360515873016,0.045653745318352056,0.04930073630324989,280,267,253,True,True,True,2,weekday2,none,0.03464895833333334,0.04122963617721548,0.04193519571084292,0.050748005262830576,False,0.04536736703791403,0.05384389031926365,False,0.0460321077652694,0.05137589036938197,False,0.04078554519658806,143,0
2025-10-10,282,2025-10-09,4,0.08526831751680507,0.04561268268034825,0.049243657726377954,281,268,254,True,True,True,2,weekday2,none,0.04044062499999999,0.05182792526047666,0.04333428760243105,0.05443104342338849,False,0.041471753278228614,0.05164229466770385,False,0.030961078763265055,0.03823711769253445,False,0.039795766807464175,143,0
2025-10-11,283,2025-10-10,5,0.08566903812056739,0.045593455700123915,0.04920622276688453,282,269,255,True,True,True,2,weekday2,none,0.03480104166666667,0.04432591162031777,0.036346187619032404,0.046762324771126275,False,0.04413402931783989,0.056814502330520766,False,0.035319794800039384,0.04471739504969902,False,0.03694554335312333,143,0
2025-10-12,284,2025-10-11,6,0.08551668875147234,0.04555348379629629,0.049147947862413194,283,270,256,True,True,True,2,weekday2,none,0.03049618055555556,0.03931328342268326,0.04170607593927332,0.051740455766759244,False,0.03226504640233858,0.041271482081819154,False,0.031034317213615145,0.04058663856468634,False,0.03304901736401667,143,0
2025-10-13,285,2025-10-12,0,0.0858606905320814,0.04549792179171792,0.04907763524102896,284,271,257,True,True,True,2,weekday2,none,0.03208090277777778,0.04138461054043319,0.03159711547840308,0.0413054574025353,False,0.03265268283355353,0.04247644718973825,False,0.03150727473900905,0.041154506856150005,False,0.03351969437514268,143,0
2025-10-14,286,2025-10-13,1,0.08568155701754387,0.045448594515931376,0.0490054324127907,285,272,258,True,True,True,2,weekday2,none,0.034565277777777764,0.04334535290034624,0.03774309302926368,0.04799693119924519,False,0.03883538506849477,0.04937973920142288,False,0.04100791731000757,0.05054334727126196,False,0.03931588678081888,143,0
2025-10-15,287,2025-10-14,2,0.08551437208624711,0.04540872888685389,0.048953904574217076,286,273,259,True,True,True,2,weekday2,none,0.04296631944444445,0.05353176870248794,0.04237818119666175,0.05315485163351883,False,0.038853961315857236,0.0469178551369263,False,0.041940070165768915,0.049004791843471784,False,0.04158136801807781,143,0
2025-10-16,288,2025-10-15,3,0.08534749080526521,0.0453998149837794,0.048907834535256406,287,274,260,True,True,True,2,weekday2,none,0.04934131944444445,0.06830895004499776,0.07204095686025404,0.09291100946724026,False,0.058317669061448515,0.07402112629414466,False,0.04987217128504837,0.06109342110822253,False,0.05442261818524229,143,0
2025-10-17,289,2025-10-16,4,0.08517801649305556,0.04541414772727273,0.048886499574286923,288,275,261,True,True,True,2,weekday2,none,0.046138541666666665,0.06052210641231296,0.05656308708663698,0.07208166347376439,False,0.04062327591522444,0.05440505876387773,False,0.03316975099599596,0.04108175689402435,False,0.04167942534713577,143,0
2025-10-18,290,2025-10-17,5,0.08555253748558249,0.04541677234299517,0.04883024809160305,289,276,262,True,True,True,2,weekday2,none,0.033584027777777775,0.04247809402765409,0.03594238945114373,0.047768800538628114,False,0.04102190331146229,0.054291501285739195,False,0.022043928561003862,0.026268873602313902,False,0.032452503328936115,143,0
2025-10-19,291,2025-10-18,6,0.08539281848659006,0.04537405485359005,0.04876527051647655,290,277,263,True,True,True,2,weekday2,none,0.044202430555555554,0.05653574382513342,0.05002499392250641,0.06350229904551274,False,0.037828544162843404,0.050503993876007285,False,0.034804883173533044,0.04481086326503893,False,0.039619839548242934,143,0
2025-10-20,292,2025-10-19,0,0.08580976995036275,0.04536984037769785,0.04872300478745791,291,278,264,True,True,True,2,weekday2,none,0.03960937499999999,0.051885332137052195,0.054818152294586565,0.0704429580465239,False,0.035838334006146354,0.04513449374816716,False,0.0312936878817589,0.040981527591991876,False,0.03561752865225107,143,0
2025-10-21,293,2025-10-20,1,0.08565049942922376,0.045349193548387096,0.04867002751572327,292,279,265,True,True,True,2,weekday2,none,0.04490173611111111,0.05814184657298619,0.05860401039703742,0.07288843949949805,False,0.04022892153355019,0.04973419255015076,False,0.04228997407541311,0.052629428667177534,False,0.04765768750463299,143,0
2025-10-22,294,2025-10-21,2,0.08548341865756544,0.045347595486111114,0.04863567577798663,293,280,266,True,True,True,2,weekday2,none,0.041371874999999995,0.055185250677704745,0.05936681595954459,0.07446738968626654,False,0.03520671689541867,0.04563282891203675,False,0.032109230627565086,0.04413592360744765,False,0.0387864929767221,143,0
2025-10-23,295,2025-10-22,3,0.08530003779289495,0.04533344701463029,0.04862913155430711,294,281,267,True,True,True,2,weekday2,none,0.03968784722222222,0.04831975940860586,0.05142083223703667,0.06126890379126923,False,0.0435331349185547,0.05169238185668365,False,0.0406774859854711,0.048395583265857536,False,0.0439376905856558,143,0
2025-10-24,296,2025-10-23,4,0.085141118173258,0.04531342715721041,0.04860554778192371,295,282,268,True,True,True,2,weekday2,none,0.04018506944444446,0.051190281093897325,0.046011617101853156,0.05698495332536978,False,0.035025436496933765,0.043085281411568574,False,0.041861612163657615,0.05084464761519233,False,0.039302440801975154,143,0
2025-10-25,297,2025-10-24,5,0.08547840418543545,0.045295305751864946,0.04857063067947129,296,283,269,True,True,True,2,weekday2,none,0.035124305555555554,0.04353373891145936,0.03459217686012054,0.043018431167423966,False,0.031170852712539387,0.03902088655782459,False,0.03729089980758183,0.04587942394629313,False,0.034582043493360096,143,0
2025-10-26,298,2025-10-25,6,0.08530820707070709,0.045259492370892024,0.04851760095164609,297,284,270,True,True,True,2,weekday2,none,0.028774999999999995,0.03651015792823203,0.03222868780354858,0.03903965174175907,False,0.031891854960915546,0.03796485913360231,False,0.03215778365589131,0.03900619469033123,False,0.03164609211262411,143,0
2025-10-27,299,2025-10-26,0,0.08565573499254289,0.045201652046783634,0.04845521089585896,298,285,271,True,True,True,2,weekday2,none,0.03881840277777779,0.049112878240109056,0.04565121054721604,0.06021426022361761,False,0.04269311565680935,0.05608810323754219,False,0.026170069199262656,0.03211412219883346,False,0.035287733765851974,143,0
2025-10-28,300,2025-10-27,1,0.08550485182088445,0.0451793329933955,0.04842119204452614,299,286,272,True,True,True,2,weekday2,none,0.03481076388888889,0.04359785549166635,0.03955910410080849,0.04885542352460152,False,0.03860755995385475,0.04649901575474105,False,0.026008434191927207,0.03292898433731828,False,0.033353637587820166,143,0
2025-10-29,301,2025-10-28,2,0.08535706712962965,0.0451432055749129,0.048363588090150594,300,287,273,True,True,True,2,weekday2,none,0.03582465277777777,0.04668672913241335,0.0480248404574773,0.060467206734552977,False,0.028592820400140377,0.03604124671177178,False,0.028437548341524493,0.03588783292149182,False,0.034104172702918635,143,0
2025-10-30,302,2025-10-29,3,0.08519744139904026,0.04511084948881174,0.048366856118207624,301,288,274,True,True,True,2,weekday2,none,0.02915694444444445,0.03665322101959269,0.029338849909348288,0.03655515143873463,False,0.02733107347205639,0.033364471277161044,False,0.028161292169152197,0.03336519548317768,False,0.028207080955266278,143,0
2025-10-31,303,2025-10-30,4,0.08505167862398826,0.045055645665128805,0.04833333964646465,302,289,275,True,True,True,2,weekday2,none,0.04061840277777778,0.05076578486731437,0.048503268873886125,0.05865580047682352,False,0.03512759155916642,0.04619462538194372,False,0.0363701291533652,0.04697290597431888,False,0.03938460986084976,143,0
2025-11-01,304,2025-10-31,5,0.08534598918225159,0.04504034482758622,0.04835275639090177,303,290,276,True,True,True,2,weekday2,none,0.03302326388888889,0.04348377830518462,0.04790503857796612,0.05979707822148124,False,0.03607302351580678,0.0461440844047584,False,0.030479875136285948,0.038155083443431353,False,0.03648035092139668,143,0
2025-11-02,305,2025-11-01,6,0.08519051991959067,0.04499904901680032,0.04830395294324108,304,291,277,True,True,True,2,weekday2,none,0.03150798611111111,0.03977707782302376,0.0326459401880525,0.04128408923118505,False,0.03539227267858035,0.04288233898700953,False,0.033329048303805765,0.04020348221750836,False,0.03391272293014839,143,0
2025-11-03,306,2025-11-02,0,0.08556094489981787,0.044952846746575355,0.04827026691147083,305,292,278,True,True,True,2,weekday2,none,0.04411076388888889,0.05903034868584313,0.049052628802687376,0.06428519475912828,False,0.045241843392635324,0.05575122840023615,False,0.046925358752913586,0.05465597074036505,False,0.048658464041703806,143,0
2025-11-04,307,2025-11-03,1,0.08541124954611477,0.0449499727436481,0.04826589568399045,306,293,279,True,True,True,2,weekday2,none,0.02792881944444445,0.03638136995580445,0.03874965097471187,0.04724428615801087,False,0.02833290331094112,0.03767709614002431,False,0.021811653862366023,0.026360285045679756,False,0.029041986114009623,143,0
2025-11-05,308,2025-11-04,2,0.08527285559174812,0.04489207766439911,0.048206607762896835,307,294,280,True,True,True,2,weekday2,none,0.030863541666666668,0.03793096777004539,0.03410061711172849,0.04167864422973552,False,0.03448810236368938,0.04240954607898817,False,0.033348863683033005,0.04100559485699516,False,0.03373446953018264,143,0
2025-11-06,309,2025-11-05,3,0.08510562094155846,0.04484452330508476,0.04817253052095691,308,295,281,True,True,True,2,weekday2,none,0.04430381944444446,0.05810226481888063,0.0470051014448344,0.060614916606381,False,0.04328973002809926,0.05545887431516822,False,0.0395277634015164,0.0492502368729339,False,0.040462002860014966,143,0
2025-11-07,310,2025-11-06,4,0.08494547824523555,0.044842696602852866,0.048181235840228535,309,296,282,True,True,True,2,weekday2,none,0.03602881944444444,0.046142698915369526,0.03960389936768657,0.05017059803768093,False,0.04133756529547518,0.05413671810771452,False,0.03331359015751861,0.047123355895019384,False,0.037802506941473066,143,0
2025-11-08,311,2025-11-07,5,0.08531632168458783,0.044813020248784155,0.04815343848154693,310,297,283,True,True,True,2,weekday2,none,0.03642430555555556,0.046305990133267014,0.0509983975071865,0.062005570791831506,False,0.03418869665326441,0.04669068930514712,False,0.02095677215829484,0.02761355854854011,False,0.033571572441640385,143,0
2025-11-09,312,2025-11-08,6,0.08516385316184352,0.044784870199478015,0.04812181814847418,311,298,284,True,True,True,2,weekday2,none,0.03647777777777778,0.04644340305683898,0.05367828328086551,0.06336302609837918,False,0.03181173071941223,0.0384627446137011,False,0.03304144800110055,0.04072372299199018,False,0.03921954674791218,143,0
2025-11-10,313,2025-11-09,0,0.08550956641737893,0.04475708728167969,0.04809899427387915,312,299,285,True,True,True,2,weekday2,none,0.044088194444444465,0.055527773018453484,0.044560420515704253,0.0565471519040528,False,0.04207059605945672,0.05235291823538997,False,0.047379631397940755,0.05604343291190031,False,0.042895355516964315,143,0
2025-11-11,314,2025-11-10,1,0.08535181931132411,0.0447548576388889,0.048110984848484854,313,300,286,True,True,True,2,weekday2,none,0.036592013888888886,0.048540268041367234,0.03607402182537956,0.047860511802346975,False,0.03539149324384932,0.04600036002281906,False,0.029508494145971058,0.03636695361033696,False,0.03298038996742544,143,0
2025-11-12,315,2025-11-11,2,0.08519545293701346,0.04472773855666299,0.04807400672667442,314,301,287,True,True,True,2,weekday2,none,0.030747222222222217,0.03890650161676779,0.03356544357369841,0.04114246303587593,False,0.02970368265000403,0.03467781923319623,False,0.03202322158248175,0.037286733542108305,False,0.03243985443705074,143,0
2025-11-13,316,2025-11-12,3,0.0850332319223986,0.04468144545621782,0.04801892662519291,315,302,288,True,True,True,2,weekday2,none,0.03167638888888888,0.04110753344042372,0.032112100286306115,0.042271803311110676,False,0.032849320448632625,0.04152448131992538,False,0.02546796035148835,0.03332205588492705,False,0.029338970913350824,143,0
2025-11-14,317,2025-11-13,4,0.08487614934950774,0.04463852447744776,0.047976614162822,316,303,289,True,True,True,2,weekday2,none,0.03267916666666667,0.0419887274058963,0.035479910379594935,0.04536035510706811,False,0.035005816627753886,0.04452258220317927,False,0.03138625770752945,0.0365722169388844,False,0.03307247834829212,143,0
2025-11-15,318,2025-11-14,5,0.08520634419908868,0.04459918448464914,0.04794677442528736,317,304,290,True,True,True,2,weekday2,none,0.03202708333333334,0.03989536139842715,0.03514253615824232,0.043798019733630976,False,0.03616988051607437,0.044648073686955406,False,0.031590750739830566,0.03985042581203292,False,0.033391540171095156,143,0
2025-11-16,319,2025-11-15,6,0.08505396794199861,0.04455796448087434,0.04791533445494464,318,305,291,True,True,True,2,weekday2,none,0.035312847222222214,0.043301641255461286,0.038711076444528175,0.048291435427470095,False,0.029993182233503682,0.03767563525997112,False,0.03738895090457378,0.04517244019351159,False,0.034186821503893086,143,0
2025-11-17,320,2025-11-16,0,0.0853886320097527,0.04452775167937547,0.04788958868436074,319,306,292,True,True,True,2,weekday2,none,0.03296076388888888,0.042915689106989514,0.03047797297266956,0.041000822289724986,False,0.03598131237632839,0.04584405839999767,False,0.030102355667947882,0.038849964543661165,False,0.03328815228462243,143,0
2025-11-18,321,2025-11-17,1,0.08523088107638889,0.0444900741947159,0.047849901047591965,320,307,293,True,True,True,2,weekday2,none,0.04150555555555557,0.05471064637151429,0.046808680096673785,0.061212885044902555,False,0.04295275470751435,0.057553059800667015,False,0.04484506218599135,0.057239227134447235,False,0.04296938331264812,143,0
2025-11-19,322,2025-11-18,2,0.08510345058843892,0.044480384199134214,0.04783880503590326,321,308,294,True,True,True,2,weekday2,none,0.03666145833333333,0.04583437138975994,0.03696863959024816,0.046453263698225604,False,0.03505019834311186,0.043588637551637485,False,0.030006589819998417,0.03882985900016436,False,0.03234403387002011,143,0
2025-11-20,323,2025-11-19,3,0.08495123576604556,0.044455080231930975,0.047800722693032024,322,309,295,True,True,True,2,weekday2,none,0.03073506944444446,0.03924478048274559,0.03799941236495436,0.04780102815339091,False,0.041381838981260494,0.05018842676855704,False,0.028168548120686157,0.032975559662364026,False,0.035127150246825986,143,0
2025-11-21,324,2025-11-20,4,0.08481719771241832,0.044410822132616504,0.04776079673423424,323,310,296,True,True,True,2,weekday2,none,0.03610486111111111,0.04465057623741639,0.03933331109688323,0.04819859315704349,False,0.03431336313707629,0.04242693011960298,False,0.030992293917168585,0.039927605747421754,False,0.03336518136607433,143,0
2025-11-22,325,2025-11-21,5,0.08513734567901236,0.04438411486245089,0.04772271850448934,324,311,297,True,True,True,2,weekday2,none,0.03453923611111112,0.043193315656026125,0.04016807044525849,0.04956939546404086,False,0.034178042180213426,0.04365005728572881,False,0.028904757627881965,0.03839707627928265,False,0.03288882955183765,143,0
2025-11-23,326,2025-11-22,6,0.08499097649572651,0.0443525607638889,0.04769500256338554,325,312,298,True,True,True,2,weekday2,none,0.033581944444444435,0.04392840845562748,0.03538074874445455,0.045912219141887874,False,0.03907090123707652,0.049392676559426245,False,0.028337298172824075,0.035450183885149464,False,0.032685566728164334,143,0
2025-11-24,327,2025-11-23,0,0.0853127918370825,0.044318149849130295,0.0476663705406912,326,313,299,True,True,True,2,weekday2,none,0.034008333333333335,0.04177494306465965,0.035464239201169555,0.0433045069830192,False,0.040469870881036756,0.05052445272609339,False,0.03234094928436466,0.04105804546600396,False,0.033533170644669534,143,0
2025-11-25,328,2025-11-24,1,0.08517806659870882,0.04428531603857044,0.04761093402777778,327,314,300,True,True,True,2,weekday2,none,0.035223958333333326,0.04416777612600238,0.035798775738255365,0.044470648474078125,False,0.030881031887322788,0.036849658500605106,False,0.03291439894595047,0.03795850309351856,False,0.0363612409305889,143,0
2025-11-26,329,2025-11-25,2,0.08503065718157182,0.044256549823633175,0.04757850452196383,328,315,301,True,True,True,2,weekday2,none,0.036325347222222214,0.04551948319889456,0.06440398909179984,0.07772483869494863,False,0.034376009484818476,0.04278731862983462,False,0.03234682171790414,0.039121202368553945,False,0.04230854081568857,143,0
2025-11-27,330,2025-11-26,3,0.08489001604187775,0.044231451081223644,0.047540491055003686,329,316,302,True,True,True,2,weekday2,none,0.03770416666666668,0.044693421713317555,0.04119173693642527,0.0479677494784151,False,0.03207466026816057,0.038426597285010876,False,0.03420857536163053,0.039784250002827745,False,0.03821788695761729,143,0
2025-11-28,331,2025-11-27,4,0.08474195496632997,0.04421086027865406,0.047519153946644674,330,317,303,True,True,True,2,weekday2,none,0.029467361111111107,0.03752753017230595,0.035605058548018056,0.046074651795408726,False,0.03217541757082904,0.0400883385945697,False,0.03405003605272635,0.04241018527847839,False,0.03361985655557639,143,0
2025-11-29,332,2025-11-28,5,0.08507426988922458,0.04416449707372468,0.04746748046875001,331,318,304,True,True,True,2,weekday2,none,0.04250555555555556,0.0560999820508983,0.058918904637841434,0.07504394584968085,False,0.039140237718394325,0.048994011935130685,False,0.03101272718466856,0.03803229144003098,False,0.04108256951994251,143,0
2025-11-30,333,2025-11-29,6,0.0849396795515395,0.04415929663009406,0.04746226719034609,332,319,305,True,True,True,2,weekday2,none,0.03888020833333333,0.05327881050948449,0.05621232202170564,0.07174626505049553,False,0.04266630445859313,0.05790561909602988,False,0.0332881492240807,0.04194113208978374,False,0.03919063807727568,143,0
2025-12-01,334,2025-11-30,0,0.08525346596596597,0.04414279947916668,0.04744919605573712,333,320,306,True,True,True,2,weekday2,none,0.09645972222222224,0.13370958449606787,0.06994268272114142,0.09265560835319686,False,0.06188293240469272,0.07439236058349402,False,0.06637090933602069,0.07802400881091602,False,0.06496602115928812,143,0
2025-12-02,335,2025-12-01,1,0.08522915627079176,0.04430578054690206,0.04761823651827724,334,321,307,True,True,True,2,weekday2,none,0.09747812500000001,0.13540478556853563,0.06757488709404608,0.09255549953170951,False,0.06182819410890757,0.07463656219999944,False,0.06245769685997255,0.0822371409626652,False,0.0639941049981046,143,0
2025-12-03,336,2025-12-02,2,0.08506781716417912,0.04447091205141479,0.04780210193452382,335,322,308,True,True,True,2,weekday2,none,0.090040625,0.1267447821767341,0.0658673707519735,0.0802992301131034,False,0.0699448692511864,0.08313791700884848,False,0.07513545252250697,0.08967477888917647,False,0.07082149873458388,143,0
2025-12-04,337,2025-12-03,3,0.08492839781746032,0.04461199475404199,0.04796315230582525,336,323,309,True,True,True,2,weekday2,none,0.08999722222222221,0.13098605961131893,0.06808405827374077,0.08853812266947651,False,0.07410889588267551,0.08616999228556493,False,0.07322401998837656,0.08957905610678193,False,0.06732800826342988,143,0
2025-12-05,338,2025-12-04,4,0.08478569485657766,0.0447520726165981,0.048106526657706095,337,324,310,True,True,True,2,weekday2,none,0.09162847222222223,0.13032995213538257,0.0662264457141015,0.09191610568617961,False,0.06419065702877247,0.07764204422249749,False,0.06581429385612676,0.07844420187280633,False,0.06274994968937052,143,0
2025-12-06,339,2025-12-05,5,0.08509079142011836,0.04489630769230772,0.0482587173990711,338,325,311,True,True,True,2,weekday2,none,0.08808229166666666,0.13168329331993234,0.06856613538979205,0.08968421129731756,False,0.06229821094067864,0.07295127650487963,False,0.05679893992125023,0.07193839501137145,False,0.061318859448306756,143,0
2025-12-07,340,2025-12-06,6,0.08494716076696167,0.04502878003578734,0.04841120348112536,339,326,312,True,True,True,2,weekday2,none,0.08547187499999999,0.12420525330241337,0.06879951325376876,0.0934383472568947,False,0.06286883921510783,0.08551243670230962,False,0.05881530003074095,0.0779946249213058,False,0.061444930533670686,143,0
2025-12-08,341,2025-12-07,0,0.0852379105392157,0.04515245922528035,0.04855015475239618,340,327,313,True,True,True,2,weekday2,none,0.054744097222222225,0.07557299692736377,0.04606361726845528,0.05867935896987548,False,0.03403407355552565,0.0430919427396376,False,0.0373186251953991,0.04716163730536256,False,0.04095924867174337,143,0
2025-12-09,342,2025-12-08,1,0.08510442122841318,0.045181702024051515,0.04863104432059449,341,328,314,True,True,True,2,weekday2,none,0.05140798611111111,0.07089536560723367,0.04979588042595634,0.06408772872697638,False,0.0473253150128134,0.0560063350274899,False,0.05109952590890528,0.057414333915678774,False,0.04843528635007917,143,0
2025-12-10,343,2025-12-09,2,0.08496205734243018,0.045200626899696075,0.048702852733686075,342,329,315,True,True,True,2,weekday2,none,0.056343055555555556,0.07839129393802463,0.04701961387399302,0.060479263747877286,False,0.044805342129589726,0.05593449335256329,False,0.0480093255191025,0.05789748861123284,False,0.045956734282358795,143,0
2025-12-11,344,2025-12-10,3,0.0848287900874636,0.04523439183501687,0.048798912732946564,343,330,316,True,True,True,2,weekday2,none,0.04663506944444444,0.06598165109520979,0.0503486246222668,0.06879693410820718,False,0.045041891094586485,0.05349313737061099,False,0.049008388992625954,0.06047904271347414,False,0.04540306737238025,143,0
2025-12-12,345,2025-12-11,4,0.08468779473514214,0.04523862348942602,0.04885264852786542,344,331,317,True,True,True,2,weekday2,none,0.0610375,0.08247192072659235,0.060489005574992254,0.07737011553927292,False,0.04809749548788725,0.058324969152494105,False,0.04780626131398164,0.05968681448834666,False,0.05272596990557336,143,0
2025-12-13,346,2025-12-12,5,0.08494942834138489,0.04528621046686751,0.0489523956149546,345,332,318,True,True,True,2,weekday2,none,0.04854791666666667,0.065606575455937,0.030570400686803088,0.03853946048104081,False,0.03486103904212354,0.043862518585531654,False,0.03471693358844827,0.04540157815685522,False,0.03192752225452052,143,0
2025-12-14,347,2025-12-13,6,0.08480998715478488,0.045296005380380415,0.049025574712643696,346,333,319,True,True,True,2,weekday2,none,0.05535520833333334,0.07408225592111187,0.04026714541849808,0.05125050764259968,False,0.03729166192580667,0.04572025679679281,False,0.03774828918004558,0.04695278444942067,False,0.04047660461264803,143,0
2025-12-15,348,2025-12-14,0,0.0851161283221262,0.04532612275449105,0.04911117513020835,347,334,320,True,True,True,2,weekday2,none,0.03359652777777778,0.042240359682549,0.04931147145130272,0.06282313986262698,False,0.03325097511352879,0.04155683689853853,False,0.030832908401495458,0.0406615139589654,False,0.03651477490738548,143,0
2025-12-16,349,2025-12-15,1,0.08497094707854409,0.04529110903814265,0.04915060682762203,348,335,321,True,True,True,2,weekday2,none,0.026231597222222222,0.03280016911160673,0.02676078525884884,0.034589577734267865,False,0.02648474044296808,0.03171489035149377,False,0.025068135778320108,0.029963223660983584,False,0.026260917242286137,143,0
2025-12-17,350,2025-12-16,2,0.08481846346704874,0.045234384300595266,0.049160672230848884,349,336,322,True,True,True,2,weekday2,none,0.03222569444444444,0.03890847299539438,0.03280604494295552,0.038569316779235405,False,0.03169159643914832,0.03744061180294459,False,0.029630761581070864,0.034135294870016174,False,0.03177610814661049,143,0
2025-12-18,351,2025-12-17,3,0.08467209722222227,0.04519578284701618,0.049159049815101497,350,337,323,True,True,True,2,weekday2,none,0.03617986111111111,0.04658829915392442,0.03854234019575387,0.047520357204389095,False,0.03362492137460807,0.042885221588915515,False,0.021721337139263688,0.02552138039533915,False,0.030317309315240095,143,0
2025-12-19,352,2025-12-18,4,0.08453697174738846,0.045169108522353736,0.04919346975737313,351,338,324,True,True,True,2,weekday2,none,0.03025763888888889,0.038483162353453,0.03301662271347526,0.04083610585105062,False,0.0326555055768683,0.04008203862216749,False,0.03029308548563805,0.03641387279477531,False,0.0298319869669553,143,0
2025-12-20,353,2025-12-19,5,0.08482223997790408,0.04512512188626682,0.04921390010683763,352,339,325,True,True,True,2,weekday2,none,0.035095138888888884,0.04406131144969095,0.03971517826928185,0.04971129809984722,False,0.033397110811244315,0.04247719588949946,False,0.025795287983360653,0.03162732090107495,False,0.03153877327534928,143,0
2025-12-21,354,2025-12-20,6,0.08467658364809574,0.04509562193627453,0.049213319061008884,353,340,326,True,True,True,2,weekday2,none,0.027763194444444434,0.034108231024359954,0.02740710792606578,0.033890095824765064,False,0.027973291672600306,0.035209332922390965,False,0.0255815040531947,0.03094537443766539,False,0.025088923617765657,143,0
2025-12-22,355,2025-12-21,0,0.08497797198681738,0.04504479370316066,0.049208676839109775,354,341,327,True,True,True,2,weekday2,none,0.030243749999999982,0.03788175361495879,0.03241083361815727,0.040610624475935275,False,0.02888010941661518,0.03575783455686026,False,0.029572751834036817,0.03486555184547884,False,0.028898281661240113,143,0
2025-12-23,356,2025-12-22,1,0.08482996478873243,0.04500151579759586,0.04917994368224934,355,342,328,True,True,True,2,weekday2,none,0.028257986111111095,0.035093718524275966,0.03058927851882826,0.03768209726777833,False,0.02605774273882718,0.03233359255213806,False,0.02754651415976515,0.03478284333819058,False,0.028803597040575373,143,0
2025-12-24,357,2025-12-23,2,0.0846916296036205,0.04495270084224168,0.04913614593887202,356,343,329,True,True,True,2,weekday2,none,0.027872569444444457,0.03473403385210087,0.026310445924024383,0.032905217385433366,False,0.02536174554790378,0.0315135883642111,False,0.02594867862195301,0.031470211608365106,False,0.025999847480928935,143,0
2025-12-25,358,2025-12-24,3,0.08454601034858392,0.04490304929748064,0.0490932949284512,357,344,330,True,True,True,2,weekday2,none,0.031031597222222224,0.040623442064144304,0.032502985563602746,0.04326432938216887,False,0.034070222935854155,0.043818082405781854,False,0.03677020133304885,0.04409974192312371,False,0.036035513954976284,143,0
2025-12-26,359,2025-12-25,4,0.08441598386095596,0.04486284219001612,0.04905968812940586,358,345,331,True,True,True,2,weekday2,none,0.03353645833333333,0.04373009884666268,0.036978197380664324,0.047583862591069,False,0.03207442764061075,0.04074060867332253,False,0.029132164993862168,0.039187946521423274,False,0.03441758985648467,143,0
2025-12-27,360,2025-12-26,5,0.08470194792633862,0.044830106976557496,0.04903541980421689,359,346,332,True,True,True,2,weekday2,none,0.030889930555555563,0.03906382886628556,0.049514907234242955,0.06120321574071875,False,0.03755319415916728,0.045174598060043016,False,0.028765957111266085,0.035656182651969265,False,0.038450520137656506,143,0
2025-12-28,361,2025-12-27,6,0.08458591242283953,0.044789933557476805,0.04900089829412748,360,347,333,True,True,True,2,weekday2,none,0.03372847222222222,0.04124681090365923,0.035226152911686015,0.04262165835273073,False,0.031038932515630946,0.03866017395426544,False,0.033931910294899524,0.0406770716467907,False,0.03390375289962813,143,0
2025-12-29,362,2025-12-28,0,0.08486578370267776,0.04475814774904217,0.04895214466899537,361,348,334,True,True,True,2,weekday2,none,0.031176041666666668,0.04086191962811394,0.0327635198044114,0.04239598341859351,False,0.03462280058548074,0.044815564150851236,False,0.026834725334422282,0.03309475466669702,False,0.031499137964122716,143,0
2025-12-30,363,2025-12-29,1,0.08473593078575815,0.04471923053963708,0.04889230358623551,362,349,335,True,True,True,2,weekday2,none,0.030354166666666668,0.03947413270456715,0.029035515460456813,0.038674877512537204,False,0.030781078780496112,0.04088778562999346,False,0.030723324397350444,0.038351305254341106,False,0.030824373214100066,143,0
2025-12-31,364,2025-12-30,2,0.0846001932200796,0.04467818750000002,0.04882771164021166,363,350,336,True,True,True,2,weekday2,none,0.027414583333333336,0.03372994414380855,0.03815677817855821,0.04615284732999102,False,0.0259076022143819,0.03245864033606099,False,0.02768868819459148,0.03402455413559453,False,0.030096331480890623,143,0
