date,period,time,forecast_load_kwh,actual_load_kwh,source_dates,is_current_execution_period,abs_error_kwh,load_information_case,snapshot
2025-12-01,0,00:10,569.6859,642.1906166666666,2025-11-03;2025-11-10;2025-11-17;2025-11-24,False,72.5047166666667,causal_load_main,day_ahead_planning
2025-12-01,1,00:20,571.6640666666667,643.7727833333333,2025-11-03;2025-11-10;2025-11-17;2025-11-24,False,72.10871666666662,causal_load_main,day_ahead_planning
2025-12-01,2,00:30,583.6566666666666,598.9466666666666,2025-11-03;2025-11-10;2025-11-17;2025-11-24,False,15.289999999999964,causal_load_main,day_ahead_planning
2025-12-01,3,00:40,571.2894708333333,588.36175,2025-11-03;2025-11-10;2025-11-17;2025-11-24,False,17.072279166666704,causal_load_main,day_ahead_planning
2025-12-01,4,00:50,574.4042916666666,606.0624333333333,2025-11-03;2025-11-10;2025-11-17;2025-11-24,False,31.658141666666666,causal_load_main,day_ahead_planning
2025-12-01,5,01:00,593.6333333333333,613.355,2025-11-03;2025-11-10;2025-11-17;2025-11-24,False,19.721666666666692,causal_load_main,day_ahead_planning
2025-12-01,6,01:10,588.6275958333333,586.919,2025-11-03;2025-11-10;2025-11-17;2025-11-24,False,1.7085958333333338,causal_load_main,day_ahead_planning
2025-12-01,7,01:20,586.58025,600.3433166666666,2025-11-03;2025-11-10;2025-11-17;2025-11-24,False,13.763066666666646,causal_load_main,day_ahead_planning
2025-12-01,8,01:30,590.5091666666667,646.8166666666666,2025-11-03;2025-11-10;2025-11-17;2025-11-24,False,56.30749999999989,causal_load_main,day_ahead_planning
2025-12-01,9,01:40,577.3942583333333,645.5002499999999,2025-11-03;2025-11-10;2025-11-17;2025-11-24,False,68.10599166666668,causal_load_main,day_ahead_planning
2025-12-01,10,01:50,584.2613416666666,636.1701499999999,2025-11-03;2025-11-10;2025-11-17;2025-11-24,False,51.908808333333354,causal_load_main,day_ahead_planning
2025-12-01,11,02:00,604.2416666666667,639.2816666666666,2025-11-03;2025-11-10;2025-11-17;2025-11-24,False,35.039999999999964,causal_load_main,day_ahead_planning
2025-12-01,12,02:10,590.6486666666666,634.5916,2025-11-03;2025-11-10;2025-11-17;2025-11-24,False,43.94293333333337,causal_load_main,day_ahead_planning
2025-12-01,13,02:20,573.6624166666667,640.2049,2025-11-03;2025-11-10;2025-11-17;2025-11-24,False,66.54248333333328,causal_load_main,day_ahead_planning
2025-12-01,14,02:30,573.3154166666666,653.4466666666666,2025-11-03;2025-11-10;2025-11-17;2025-11-24,False,80.13125000000002,causal_load_main,day_ahead_planning
2025-12-01,15,02:40,580.9323916666666,651.9457833333333,2025-11-03;2025-11-10;2025-11-17;2025-11-24,False,71.01339166666673,causal_load_main,day_ahead_planning
2025-12-01,16,02:50,592.8838625,656.9206166666667,2025-11-03;2025-11-10;2025-11-17;2025-11-24,False,64.0367541666667,causal_load_main,day_ahead_planning
2025-12-01,17,03:00,602.8174999999999,670.8333333333333,2025-11-03;2025-11-10;2025-11-17;2025-11-24,False,68.01583333333338,causal_load_main,day_ahead_planning
2025-12-01,18,03:10,603.9668708333334,674.4038166666667,2025-11-03;2025-11-10;2025-11-17;2025-11-24,False,70.43694583333331,causal_load_main,day_ahead_planning
2025-12-01,19,03:20,604.5280041666666,680.2313666666666,2025-11-03;2025-11-10;2025-11-17;2025-11-24,False,75.70336250000003,causal_load_main,day_ahead_planning
2025-12-01,20,03:30,601.9795833333333,683.6166666666666,2025-11-03;2025-11-10;2025-11-17;2025-11-24,False,81.6370833333333,causal_load_main,day_ahead_planning
2025-12-01,21,03:40,589.3633541666666,666.9979666666666,2025-11-03;2025-11-10;2025-11-17;2025-11-24,False,77.6346125,causal_load_main,day_ahead_planning
2025-12-01,22,03:50,597.7977791666666,662.1221833333333,2025-11-03;2025-11-10;2025-11-17;2025-11-24,False,64.32440416666668,causal_load_main,day_ahead_planning
2025-12-01,23,04:00,618.0970833333333,676.1783333333333,2025-11-03;2025-11-10;2025-11-17;2025-11-24,False,58.081249999999955,causal_load_main,day_ahead_planning
2025-12-01,24,04:10,608.2018208333333,684.7073666666666,2025-11-03;2025-11-10;2025-11-17;2025-11-24,False,76.50554583333337,causal_load_main,day_ahead_planning
2025-12-01,25,04:20,593.6785791666666,685.8395499999999,2025-11-03;2025-11-10;2025-11-17;2025-11-24,False,92.1609708333333,causal_load_main,day_ahead_planning
2025-12-01,26,04:30,599.1108333333333,695.4933333333333,2025-11-03;2025-11-10;2025-11-17;2025-11-24,False,96.38250000000005,causal_load_main,day_ahead_planning
2025-12-01,27,04:40,621.44075,722.5695166666666,2025-11-03;2025-11-10;2025-11-17;2025-11-24,False,101.12876666666659,causal_load_main,day_ahead_planning
2025-12-01,28,04:50,622.9922125,705.8483833333332,2025-11-03;2025-11-10;2025-11-17;2025-11-24,False,82.85617083333318,causal_load_main,day_ahead_planning
2025-12-01,29,05:00,607.4895833333333,677.4549999999999,2025-11-03;2025-11-10;2025-11-17;2025-11-24,False,69.96541666666667,causal_load_main,day_ahead_planning
2025-12-01,30,05:10,613.8865416666666,727.9147833333333,2025-11-03;2025-11-10;2025-11-17;2025-11-24,False,114.02824166666664,causal_load_main,day_ahead_planning
2025-12-01,31,05:20,622.9719833333332,742.9832166666666,2025-11-03;2025-11-10;2025-11-17;2025-11-24,False,120.0112333333334,causal_load_main,day_ahead_planning
2025-12-01,32,05:30,607.9079166666667,684.41,2025-11-03;2025-11-10;2025-11-17;2025-11-24,False,76.5020833333333,causal_load_main,day_ahead_planning
2025-12-01,33,05:40,579.6933541666667,651.3957333333333,2025-11-03;2025-11-10;2025-11-17;2025-11-24,False,71.70237916666656,causal_load_main,day_ahead_planning
2025-12-01,34,05:50,661.9157208333334,769.18205,2025-11-03;2025-11-10;2025-11-17;2025-11-24,False,107.26632916666665,causal_load_main,day_ahead_planning
2025-12-01,35,06:00,803.5029166666666,937.5133333333333,2025-11-03;2025-11-10;2025-11-17;2025-11-24,False,134.01041666666674,causal_load_main,day_ahead_planning
2025-12-01,36,06:10,818.1842958333333,925.7474333333332,2025-11-03;2025-11-10;2025-11-17;2025-11-24,False,107.56313749999993,causal_load_main,day_ahead_planning
2025-12-01,37,06:20,786.5486958333332,895.4672499999999,2025-11-03;2025-11-10;2025-11-17;2025-11-24,False,108.9185541666667,causal_load_main,day_ahead_planning
2025-12-01,38,06:30,784.3045833333333,912.8583333333332,2025-11-03;2025-11-10;2025-11-17;2025-11-24,False,128.55374999999992,causal_load_main,day_ahead_planning
2025-12-01,39,06:40,805.0454749999999,888.9047333333333,2025-11-03;2025-11-10;2025-11-17;2025-11-24,False,83.8592583333334,causal_load_main,day_ahead_planning
2025-12-01,40,06:50,810.9711916666666,892.9376833333333,2025-11-03;2025-11-10;2025-11-17;2025-11-24,False,81.96649166666668,causal_load_main,day_ahead_planning
2025-12-01,41,07:00,797.60875,926.8983333333333,2025-11-03;2025-11-10;2025-11-17;2025-11-24,False,129.28958333333333,causal_load_main,day_ahead_planning
2025-12-01,42,07:10,794.1005375,916.9245999999999,2025-11-03;2025-11-10;2025-11-17;2025-11-24,False,122.82406249999997,causal_load_main,day_ahead_planning
2025-12-01,43,07:20,801.8160458333333,917.997,2025-11-03;2025-11-10;2025-11-17;2025-11-24,False,116.18095416666665,causal_load_main,day_ahead_planning
2025-12-01,44,07:30,797.06125,916.89,2025-11-03;2025-11-10;2025-11-17;2025-11-24,False,119.82875000000001,causal_load_main,day_ahead_planning
2025-12-01,45,07:40,778.9405375,867.9721999999999,2025-11-03;2025-11-10;2025-11-17;2025-11-24,False,89.03166249999992,causal_load_main,day_ahead_planning
2025-12-01,46,07:50,897.3815916666666,986.9774166666666,2025-11-03;2025-11-10;2025-11-17;2025-11-24,False,89.59582499999999,causal_load_main,day_ahead_planning
2025-12-01,47,08:00,1088.2174999999997,1204.0349999999999,2025-11-03;2025-11-10;2025-11-17;2025-11-24,False,115.81750000000011,causal_load_main,day_ahead_planning
2025-12-01,48,08:10,1120.8457583333332,1217.2447499999998,2025-11-03;2025-11-10;2025-11-17;2025-11-24,False,96.39899166666669,causal_load_main,day_ahead_planning
2025-12-01,49,08:20,1101.7832208333332,1195.67645,2025-11-03;2025-11-10;2025-11-17;2025-11-24,False,93.89322916666674,causal_load_main,day_ahead_planning
2025-12-01,50,08:30,1108.1841666666667,1221.5949999999998,2025-11-03;2025-11-10;2025-11-17;2025-11-24,False,113.41083333333313,causal_load_main,day_ahead_planning
2025-12-01,51,08:40,1108.1001374999998,1203.9295833333333,2025-11-03;2025-11-10;2025-11-17;2025-11-24,False,95.82944583333347,causal_load_main,day_ahead_planning
2025-12-01,52,08:50,1098.9001708333333,1189.0466333333334,2025-11-03;2025-11-10;2025-11-17;2025-11-24,False,90.1464625000001,causal_load_main,day_ahead_planning
2025-12-01,53,09:00,1088.4295833333333,1194.3249999999998,2025-11-03;2025-11-10;2025-11-17;2025-11-24,False,105.8954166666665,causal_load_main,day_ahead_planning
2025-12-01,54,09:10,1084.22005,1185.2886166666667,2025-11-03;2025-11-10;2025-11-17;2025-11-24,False,101.06856666666681,causal_load_main,day_ahead_planning
2025-12-01,55,09:20,1085.0177458333333,1181.2522999999999,2025-11-03;2025-11-10;2025-11-17;2025-11-24,False,96.23455416666661,causal_load_main,day_ahead_planning
2025-12-01,56,09:30,1085.9724999999999,1185.2549999999999,2025-11-03;2025-11-10;2025-11-17;2025-11-24,False,99.28250000000003,causal_load_main,day_ahead_planning
2025-12-01,57,09:40,1084.2806166666664,1181.4065666666665,2025-11-03;2025-11-10;2025-11-17;2025-11-24,False,97.1259500000001,causal_load_main,day_ahead_planning
2025-12-01,58,09:50,1089.9990125,1197.4929166666666,2025-11-03;2025-11-10;2025-11-17;2025-11-24,False,107.49390416666665,causal_load_main,day_ahead_planning
2025-12-01,59,10:00,1097.2375,1218.2416666666666,2025-11-03;2025-11-10;2025-11-17;2025-11-24,False,121.0041666666666,causal_load_main,day_ahead_planning
2025-12-01,60,10:10,1088.8824916666665,1197.4644333333333,2025-11-03;2025-11-10;2025-11-17;2025-11-24,False,108.58194166666681,causal_load_main,day_ahead_planning
2025-12-01,61,10:20,1079.1906958333334,1180.3181,2025-11-03;2025-11-10;2025-11-17;2025-11-24,False,101.12740416666657,causal_load_main,day_ahead_planning
2025-12-01,62,10:30,1080.33,1184.4733333333334,2025-11-03;2025-11-10;2025-11-17;2025-11-24,False,104.14333333333343,causal_load_main,day_ahead_planning
2025-12-01,63,10:40,1088.9154375,1182.8709999999999,2025-11-03;2025-11-10;2025-11-17;2025-11-24,False,93.95556249999981,causal_load_main,day_ahead_planning
2025-12-01,64,10:50,1081.5306083333332,1173.4669333333331,2025-11-03;2025-11-10;2025-11-17;2025-11-24,False,91.9363249999999,causal_load_main,day_ahead_planning
2025-12-01,65,11:00,1066.52625,1166.8633333333332,2025-11-03;2025-11-10;2025-11-17;2025-11-24,False,100.33708333333334,causal_load_main,day_ahead_planning
2025-12-01,66,11:10,1073.4933291666666,1170.2179833333332,2025-11-03;2025-11-10;2025-11-17;2025-11-24,False,96.7246541666666,causal_load_main,day_ahead_planning
2025-12-01,67,11:20,1072.2782083333332,1155.7073833333334,2025-11-03;2025-11-10;2025-11-17;2025-11-24,False,83.42917500000021,causal_load_main,day_ahead_planning
2025-12-01,68,11:30,1061.7195833333333,1135.135,2025-11-03;2025-11-10;2025-11-17;2025-11-24,False,73.41541666666672,causal_load_main,day_ahead_planning
2025-12-01,69,11:40,1067.2607166666667,1144.4107833333333,2025-11-03;2025-11-10;2025-11-17;2025-11-24,False,77.15006666666659,causal_load_main,day_ahead_planning
2025-12-01,70,11:50,1046.3419916666667,1125.6518833333332,2025-11-03;2025-11-10;2025-11-17;2025-11-24,False,79.30989166666654,causal_load_main,day_ahead_planning
2025-12-01,71,12:00,1004.9891666666666,1077.2383333333332,2025-11-03;2025-11-10;2025-11-17;2025-11-24,False,72.24916666666661,causal_load_main,day_ahead_planning
2025-12-01,72,12:10,997.1817374999998,1061.6603833333334,2025-11-03;2025-11-10;2025-11-17;2025-11-24,False,64.47864583333353,causal_load_main,day_ahead_planning
2025-12-01,73,12:20,1004.8166416666666,1075.9611833333333,2025-11-03;2025-11-10;2025-11-17;2025-11-24,False,71.14454166666678,causal_load_main,day_ahead_planning
2025-12-01,74,12:30,1000.0425,1079.1316666666667,2025-11-03;2025-11-10;2025-11-17;2025-11-24,False,79.08916666666664,causal_load_main,day_ahead_planning
2025-12-01,75,12:40,981.5685291666665,1041.67335,2025-11-03;2025-11-10;2025-11-17;2025-11-24,False,60.10482083333352,causal_load_main,day_ahead_planning
2025-12-01,76,12:50,1013.501025,1057.4497166666665,2025-11-03;2025-11-10;2025-11-17;2025-11-24,False,43.94869166666649,causal_load_main,day_ahead_planning
2025-12-01,77,13:00,1065.8158333333333,1116.8216666666667,2025-11-03;2025-11-10;2025-11-17;2025-11-24,False,51.005833333333385,causal_load_main,day_ahead_planning
2025-12-01,78,13:10,1044.9918291666665,1113.0521666666666,2025-11-03;2025-11-10;2025-11-17;2025-11-24,False,68.06033750000006,causal_load_main,day_ahead_planning
2025-12-01,79,13:20,1039.6536166666665,1087.70445,2025-11-03;2025-11-10;2025-11-17;2025-11-24,False,48.05083333333346,causal_load_main,day_ahead_planning
2025-12-01,80,13:30,1062.5549999999998,1084.6183333333333,2025-11-03;2025-11-10;2025-11-17;2025-11-24,False,22.063333333333503,causal_load_main,day_ahead_planning
2025-12-01,81,13:40,1038.2800124999999,1100.8883833333332,2025-11-03;2025-11-10;2025-11-17;2025-11-24,False,62.60837083333331,causal_load_main,day_ahead_planning
2025-12-01,82,13:50,1025.8725541666665,1094.3294666666666,2025-11-03;2025-11-10;2025-11-17;2025-11-24,False,68.45691250000004,causal_load_main,day_ahead_planning
2025-12-01,83,14:00,1043.31,1072.3116666666665,2025-11-03;2025-11-10;2025-11-17;2025-11-24,False,29.00166666666655,causal_load_main,day_ahead_planning
2025-12-01,84,14:10,1045.1849708333334,1080.07785,2025-11-03;2025-11-10;2025-11-17;2025-11-24,False,34.89287916666649,causal_load_main,day_ahead_planning
2025-12-01,85,14:20,1036.3404333333333,1080.5821666666666,2025-11-03;2025-11-10;2025-11-17;2025-11-24,False,44.241733333333286,causal_load_main,day_ahead_planning
2025-12-01,86,14:30,1027.58375,1063.9166666666665,2025-11-03;2025-11-10;2025-11-17;2025-11-24,False,36.332916666666506,causal_load_main,day_ahead_planning
2025-12-01,87,14:40,1021.9042083333331,1060.9459833333333,2025-11-03;2025-11-10;2025-11-17;2025-11-24,False,39.04177500000014,causal_load_main,day_ahead_planning
2025-12-01,88,14:50,1020.6361291666666,1071.7387833333332,2025-11-03;2025-11-10;2025-11-17;2025-11-24,False,51.10265416666664,causal_load_main,day_ahead_planning
2025-12-01,89,15:00,1022.1195833333334,1077.8183333333332,2025-11-03;2025-11-10;2025-11-17;2025-11-24,False,55.69874999999979,causal_load_main,day_ahead_planning
2025-12-01,90,15:10,1023.7794958333333,1064.357,2025-11-03;2025-11-10;2025-11-17;2025-11-24,False,40.5775041666667,causal_load_main,day_ahead_planning
2025-12-01,91,15:20,1029.3425291666667,1069.8539166666665,2025-11-03;2025-11-10;2025-11-17;2025-11-24,False,40.51138749999973,causal_load_main,day_ahead_planning
2025-12-01,92,15:30,1028.52,1088.715,2025-11-03;2025-11-10;2025-11-17;2025-11-24,False,60.194999999999936,causal_load_main,day_ahead_planning
2025-12-01,93,15:40,1008.8753749999998,1072.5141833333332,2025-11-03;2025-11-10;2025-11-17;2025-11-24,False,63.63880833333337,causal_load_main,day_ahead_planning
2025-12-01,94,15:50,1009.4788708333333,1031.9546333333333,2025-11-03;2025-11-10;2025-11-17;2025-11-24,False,22.475762499999973,causal_load_main,day_ahead_planning
2025-12-01,95,16:00,1028.2604166666665,1000.0683333333333,2025-11-03;2025-11-10;2025-11-17;2025-11-24,False,28.192083333333244,causal_load_main,day_ahead_planning
2025-12-01,96,16:10,1024.2693166666666,1004.1150833333332,2025-11-03;2025-11-10;2025-11-17;2025-11-24,False,20.15423333333331,causal_load_main,day_ahead_planning
2025-12-01,97,16:20,1016.9025208333333,1021.3413999999999,2025-11-03;2025-11-10;2025-11-17;2025-11-24,False,4.438879166666652,causal_load_main,day_ahead_planning
2025-12-01,98,16:30,1021.1241666666665,1033.0766666666666,2025-11-03;2025-11-10;2025-11-17;2025-11-24,False,11.9525000000001,causal_load_main,day_ahead_planning
2025-12-01,99,16:40,1029.925225,1038.34505,2025-11-03;2025-11-10;2025-11-17;2025-11-24,False,8.419824999999946,causal_load_main,day_ahead_planning
2025-12-01,100,16:50,1029.6718208333334,1039.9741833333333,2025-11-03;2025-11-10;2025-11-17;2025-11-24,False,10.302362499999845,causal_load_main,day_ahead_planning
2025-12-01,101,17:00,1023.6591666666667,1034.1366666666665,2025-11-03;2025-11-10;2025-11-17;2025-11-24,False,10.47749999999985,causal_load_main,day_ahead_planning
2025-12-01,102,17:10,1024.3712458333334,1014.1771666666666,2025-11-03;2025-11-10;2025-11-17;2025-11-24,False,10.194079166666825,causal_load_main,day_ahead_planning
2025-12-01,103,17:20,1010.1829708333332,992.5434166666666,2025-11-03;2025-11-10;2025-11-17;2025-11-24,False,17.639554166666585,causal_load_main,day_ahead_planning
2025-12-01,104,17:30,1009.7241666666666,1002.9916666666666,2025-11-03;2025-11-10;2025-11-17;2025-11-24,False,6.732500000000073,causal_load_main,day_ahead_planning
2025-12-01,105,17:40,1049.628325,1046.1220833333332,2025-11-03;2025-11-10;2025-11-17;2025-11-24,False,3.5062416666667104,causal_load_main,day_ahead_planning
2025-12-01,106,17:50,927.0788208333333,936.8248833333333,2025-11-03;2025-11-10;2025-11-17;2025-11-24,False,9.746062499999994,causal_load_main,day_ahead_planning
2025-12-01,107,18:00,710.4691666666668,732.7416666666666,2025-11-03;2025-11-10;2025-11-17;2025-11-24,False,22.27249999999981,causal_load_main,day_ahead_planning
2025-12-01,108,18:10,688.3355041666667,692.4789999999999,2025-11-03;2025-11-10;2025-11-17;2025-11-24,False,4.143495833333191,causal_load_main,day_ahead_planning
2025-12-01,109,18:20,719.9747375,724.6868166666666,2025-11-03;2025-11-10;2025-11-17;2025-11-24,False,4.712079166666626,causal_load_main,day_ahead_planning
2025-12-01,110,18:30,714.6833333333333,729.7466666666666,2025-11-03;2025-11-10;2025-11-17;2025-11-24,False,15.063333333333276,causal_load_main,day_ahead_planning
2025-12-01,111,18:40,723.5625416666666,706.6110833333333,2025-11-03;2025-11-10;2025-11-17;2025-11-24,False,16.95145833333322,causal_load_main,day_ahead_planning
2025-12-01,112,18:50,723.2002083333333,715.0662833333333,2025-11-03;2025-11-10;2025-11-17;2025-11-24,False,8.133924999999977,causal_load_main,day_ahead_planning
2025-12-01,113,19:00,714.7479166666667,741.6566666666665,2025-11-03;2025-11-10;2025-11-17;2025-11-24,False,26.908749999999827,causal_load_main,day_ahead_planning
2025-12-01,114,19:10,727.3512583333334,718.0547833333333,2025-11-03;2025-11-10;2025-11-17;2025-11-24,False,9.2964750000001,causal_load_main,day_ahead_planning
2025-12-01,115,19:20,724.7735166666666,703.49475,2025-11-03;2025-11-10;2025-11-17;2025-11-24,False,21.278766666666684,causal_load_main,day_ahead_planning
2025-12-01,116,19:30,710.4387499999999,718.8566666666667,2025-11-03;2025-11-10;2025-11-17;2025-11-24,False,8.41791666666677,causal_load_main,day_ahead_planning
2025-12-01,117,19:40,725.0346541666667,724.6165666666667,2025-11-03;2025-11-10;2025-11-17;2025-11-24,False,0.418087499999956,causal_load_main,day_ahead_planning
2025-12-01,118,19:50,734.0952083333333,724.30345,2025-11-03;2025-11-10;2025-11-17;2025-11-24,False,9.791758333333291,causal_load_main,day_ahead_planning
2025-12-01,119,20:00,724.5429166666667,729.4383333333333,2025-11-03;2025-11-10;2025-11-17;2025-11-24,False,4.89541666666662,causal_load_main,day_ahead_planning
2025-12-01,120,20:10,718.6988791666666,743.7272666666665,2025-11-03;2025-11-10;2025-11-17;2025-11-24,False,25.028387499999894,causal_load_main,day_ahead_planning
2025-12-01,121,20:20,717.3550583333333,753.6858666666667,2025-11-03;2025-11-10;2025-11-17;2025-11-24,False,36.33080833333338,causal_load_main,day_ahead_planning
2025-12-01,122,20:30,717.02,738.26,2025-11-03;2025-11-10;2025-11-17;2025-11-24,False,21.24000000000001,causal_load_main,day_ahead_planning
2025-12-01,123,20:40,718.1864125,692.6544999999999,2025-11-03;2025-11-10;2025-11-17;2025-11-24,False,25.53191250000009,causal_load_main,day_ahead_planning
2025-12-01,124,20:50,729.9680958333333,686.5945166666667,2025-11-03;2025-11-10;2025-11-17;2025-11-24,False,43.37357916666667,causal_load_main,day_ahead_planning
2025-12-01,125,21:00,737.9779166666667,722.9133333333332,2025-11-03;2025-11-10;2025-11-17;2025-11-24,False,15.06458333333353,causal_load_main,day_ahead_planning
2025-12-01,126,21:10,718.1621958333333,735.8394166666667,2025-11-03;2025-11-10;2025-11-17;2025-11-24,False,17.677220833333422,causal_load_main,day_ahead_planning
2025-12-01,127,21:20,708.7763458333333,727.9590833333333,2025-11-03;2025-11-10;2025-11-17;2025-11-24,False,19.18273750000003,causal_load_main,day_ahead_planning
2025-12-01,128,21:30,727.9537499999999,732.2683333333332,2025-11-03;2025-11-10;2025-11-17;2025-11-24,False,4.314583333333303,causal_load_main,day_ahead_planning
2025-12-01,129,21:40,744.3187458333333,758.6890333333333,2025-11-03;2025-11-10;2025-11-17;2025-11-24,False,14.370287500000018,causal_load_main,day_ahead_planning
2025-12-01,130,21:50,678.0815291666667,684.3416333333332,2025-11-03;2025-11-10;2025-11-17;2025-11-24,False,6.260104166666565,causal_load_main,day_ahead_planning
2025-12-01,131,22:00,567.3695833333334,558.115,2025-11-03;2025-11-10;2025-11-17;2025-11-24,False,9.254583333333358,causal_load_main,day_ahead_planning
2025-12-01,132,22:10,536.9439791666666,556.4476333333333,2025-11-03;2025-11-10;2025-11-17;2025-11-24,False,19.503654166666706,causal_load_main,day_ahead_planning
2025-12-01,133,22:20,541.7441125,553.17765,2025-11-03;2025-11-10;2025-11-17;2025-11-24,False,11.433537499999943,causal_load_main,day_ahead_planning
2025-12-01,134,22:30,541.6520833333332,517.5866666666666,2025-11-03;2025-11-10;2025-11-17;2025-11-24,False,24.06541666666658,causal_load_main,day_ahead_planning
2025-12-01,135,22:40,544.3724208333333,549.8197666666666,2025-11-03;2025-11-10;2025-11-17;2025-11-24,False,5.447345833333316,causal_load_main,day_ahead_planning
2025-12-01,136,22:50,553.2936374999999,583.4371166666666,2025-11-03;2025-11-10;2025-11-17;2025-11-24,False,30.14347916666668,causal_load_main,day_ahead_planning
2025-12-01,137,23:00,563.0066666666667,584.685,2025-11-03;2025-11-10;2025-11-17;2025-11-24,False,21.678333333333285,causal_load_main,day_ahead_planning
2025-12-01,138,23:10,563.9178166666666,585.0215499999999,2025-11-03;2025-11-10;2025-11-17;2025-11-24,False,21.103733333333366,causal_load_main,day_ahead_planning
2025-12-01,139,23:20,558.731275,573.2737833333333,2025-11-03;2025-11-10;2025-11-17;2025-11-24,False,14.54250833333333,causal_load_main,day_ahead_planning
2025-12-01,140,23:30,560.3158333333333,560.2349999999999,2025-11-03;2025-11-10;2025-11-17;2025-11-24,False,0.08083333333343035,causal_load_main,day_ahead_planning
2025-12-01,141,23:40,576.5225041666666,578.15725,2025-11-03;2025-11-10;2025-11-17;2025-11-24,False,1.6347458333333407,causal_load_main,day_ahead_planning
2025-12-01,142,23:50,569.8293458333333,611.11885,2025-11-03;2025-11-10;2025-11-17;2025-11-24,False,41.28950416666669,causal_load_main,day_ahead_planning
2025-12-01,143,0:00+1,553.7008333333332,627.1283333333333,2025-11-03;2025-11-10;2025-11-17;2025-11-24,False,73.42750000000012,causal_load_main,day_ahead_planning
2025-12-02,0,00:10,577.1779208333332,607.8412,2025-11-04;2025-11-11;2025-11-18;2025-11-25,False,30.66327916666671,causal_load_main,day_ahead_planning
2025-12-02,1,00:20,585.1338125,601.52955,2025-11-04;2025-11-11;2025-11-18;2025-11-25,False,16.395737499999996,causal_load_main,day_ahead_planning
2025-12-02,2,00:30,567.4479166666666,613.875,2025-11-04;2025-11-11;2025-11-18;2025-11-25,False,46.42708333333337,causal_load_main,day_ahead_planning
2025-12-02,3,00:40,569.2198791666666,605.6089166666666,2025-11-04;2025-11-11;2025-11-18;2025-11-25,False,36.38903749999997,causal_load_main,day_ahead_planning
2025-12-02,4,00:50,570.8409333333334,593.9437499999999,2025-11-04;2025-11-11;2025-11-18;2025-11-25,False,23.102816666666513,causal_load_main,day_ahead_planning
2025-12-02,5,01:00,566.3691666666666,591.3633333333332,2025-11-04;2025-11-11;2025-11-18;2025-11-25,False,24.994166666666615,causal_load_main,day_ahead_planning
2025-12-02,6,01:10,573.0230833333333,595.5850666666666,2025-11-04;2025-11-11;2025-11-18;2025-11-25,False,22.561983333333387,causal_load_main,day_ahead_planning
2025-12-02,7,01:20,578.8417541666665,621.2859333333333,2025-11-04;2025-11-11;2025-11-18;2025-11-25,False,42.4441791666668,causal_load_main,day_ahead_planning
2025-12-02,8,01:30,580.3329166666666,642.6333333333333,2025-11-04;2025-11-11;2025-11-18;2025-11-25,False,62.300416666666706,causal_load_main,day_ahead_planning
2025-12-02,9,01:40,585.708475,621.1557666666666,2025-11-04;2025-11-11;2025-11-18;2025-11-25,False,35.447291666666615,causal_load_main,day_ahead_planning
2025-12-02,10,01:50,586.0781083333333,641.6240166666666,2025-11-04;2025-11-11;2025-11-18;2025-11-25,False,55.54590833333339,causal_load_main,day_ahead_planning
2025-12-02,11,02:00,579.05375,682.3266666666666,2025-11-04;2025-11-11;2025-11-18;2025-11-25,False,103.27291666666656,causal_load_main,day_ahead_planning
2025-12-02,12,02:10,574.0446166666666,640.0855333333333,2025-11-04;2025-11-11;2025-11-18;2025-11-25,False,66.0409166666667,causal_load_main,day_ahead_planning
2025-12-02,13,02:20,582.9781375,630.2826166666666,2025-11-04;2025-11-11;2025-11-18;2025-11-25,False,47.304479166666624,causal_load_main,day_ahead_planning
2025-12-02,14,02:30,598.91,671.5699999999999,2025-11-04;2025-11-11;2025-11-18;2025-11-25,False,72.65999999999997,causal_load_main,day_ahead_planning
2025-12-02,15,02:40,602.6455041666667,668.6753166666666,2025-11-04;2025-11-11;2025-11-18;2025-11-25,False,66.02981249999993,causal_load_main,day_ahead_planning
2025-12-02,16,02:50,602.8095375,677.7053333333333,2025-11-04;2025-11-11;2025-11-18;2025-11-25,False,74.8957958333333,causal_load_main,day_ahead_planning
2025-12-02,17,03:00,599.2166666666667,692.8383333333333,2025-11-04;2025-11-11;2025-11-18;2025-11-25,False,93.62166666666656,causal_load_main,day_ahead_planning
2025-12-02,18,03:10,585.0453375,646.1463,2025-11-04;2025-11-11;2025-11-18;2025-11-25,False,61.10096250000004,causal_load_main,day_ahead_planning
2025-12-02,19,03:20,589.1324916666666,622.9525833333332,2025-11-04;2025-11-11;2025-11-18;2025-11-25,False,33.8200916666666,causal_load_main,day_ahead_planning
2025-12-02,20,03:30,610.5074999999999,653.895,2025-11-04;2025-11-11;2025-11-18;2025-11-25,False,43.387500000000045,causal_load_main,day_ahead_planning
2025-12-02,21,03:40,617.7651625,684.5563999999999,2025-11-04;2025-11-11;2025-11-18;2025-11-25,False,66.79123749999997,causal_load_main,day_ahead_planning
2025-12-02,22,03:50,613.2265458333333,697.2552499999999,2025-11-04;2025-11-11;2025-11-18;2025-11-25,False,84.02870416666667,causal_load_main,day_ahead_planning
2025-12-02,23,04:00,605.1954166666666,695.9666666666667,2025-11-04;2025-11-11;2025-11-18;2025-11-25,False,90.77125000000012,causal_load_main,day_ahead_planning
2025-12-02,24,04:10,598.5805875,689.7361333333333,2025-11-04;2025-11-11;2025-11-18;2025-11-25,False,91.15554583333335,causal_load_main,day_ahead_planning
2025-12-02,25,04:20,596.2549875,664.2941833333333,2025-11-04;2025-11-11;2025-11-18;2025-11-25,False,68.03919583333334,causal_load_main,day_ahead_planning
2025-12-02,26,04:30,601.495,648.505,2025-11-04;2025-11-11;2025-11-18;2025-11-25,False,47.00999999999999,causal_load_main,day_ahead_planning
2025-12-02,27,04:40,613.1500458333333,687.6424833333333,2025-11-04;2025-11-11;2025-11-18;2025-11-25,False,74.49243750000005,causal_load_main,day_ahead_planning
2025-12-02,28,04:50,610.2875958333333,701.5659833333334,2025-11-04;2025-11-11;2025-11-18;2025-11-25,False,91.27838750000012,causal_load_main,day_ahead_planning
2025-12-02,29,05:00,599.99,698.79,2025-11-04;2025-11-11;2025-11-18;2025-11-25,False,98.79999999999995,causal_load_main,day_ahead_planning
2025-12-02,30,05:10,610.4236125,755.1548833333333,2025-11-04;2025-11-11;2025-11-18;2025-11-25,False,144.73127083333327,causal_load_main,day_ahead_planning
2025-12-02,31,05:20,622.4592791666666,741.47475,2025-11-04;2025-11-11;2025-11-18;2025-11-25,False,119.01547083333332,causal_load_main,day_ahead_planning
2025-12-02,32,05:30,610.4383333333333,654.8583333333333,2025-11-04;2025-11-11;2025-11-18;2025-11-25,False,44.42000000000007,causal_load_main,day_ahead_planning
2025-12-02,33,05:40,584.1159749999999,646.3251,2025-11-04;2025-11-11;2025-11-18;2025-11-25,False,62.209125000000085,causal_load_main,day_ahead_planning
2025-12-02,34,05:50,663.7034666666666,762.01225,2025-11-04;2025-11-11;2025-11-18;2025-11-25,False,98.3087833333334,causal_load_main,day_ahead_planning
2025-12-02,35,06:00,801.93375,905.6283333333333,2025-11-04;2025-11-11;2025-11-18;2025-11-25,False,103.6945833333333,causal_load_main,day_ahead_planning
2025-12-02,36,06:10,822.2248333333334,925.92755,2025-11-04;2025-11-11;2025-11-18;2025-11-25,False,103.70271666666656,causal_load_main,day_ahead_planning
2025-12-02,37,06:20,806.7228499999999,905.2817833333334,2025-11-04;2025-11-11;2025-11-18;2025-11-25,False,98.55893333333347,causal_load_main,day_ahead_planning
2025-12-02,38,06:30,810.3795833333334,905.3216666666667,2025-11-04;2025-11-11;2025-11-18;2025-11-25,False,94.94208333333336,causal_load_main,day_ahead_planning
2025-12-02,39,06:40,804.2309875,909.0921166666667,2025-11-04;2025-11-11;2025-11-18;2025-11-25,False,104.86112916666673,causal_load_main,day_ahead_planning
2025-12-02,40,06:50,798.9411208333333,906.8590333333333,2025-11-04;2025-11-11;2025-11-18;2025-11-25,False,107.91791249999994,causal_load_main,day_ahead_planning
2025-12-02,41,07:00,798.2104166666667,890.6583333333333,2025-11-04;2025-11-11;2025-11-18;2025-11-25,False,92.44791666666663,causal_load_main,day_ahead_planning
2025-12-02,42,07:10,794.5570208333332,865.5381666666667,2025-11-04;2025-11-11;2025-11-18;2025-11-25,False,70.98114583333347,causal_load_main,day_ahead_planning
2025-12-02,43,07:20,805.2441083333332,887.6082666666666,2025-11-04;2025-11-11;2025-11-18;2025-11-25,False,82.36415833333342,causal_load_main,day_ahead_planning
2025-12-02,44,07:30,805.2016666666666,919.6783333333333,2025-11-04;2025-11-11;2025-11-18;2025-11-25,False,114.47666666666669,causal_load_main,day_ahead_planning
2025-12-02,45,07:40,775.1531875000001,890.6673166666666,2025-11-04;2025-11-11;2025-11-18;2025-11-25,False,115.51412916666652,causal_load_main,day_ahead_planning
2025-12-02,46,07:50,900.2019625,1003.9334666666666,2025-11-04;2025-11-11;2025-11-18;2025-11-25,False,103.73150416666658,causal_load_main,day_ahead_planning
2025-12-02,47,08:00,1106.3391666666666,1207.3,2025-11-04;2025-11-11;2025-11-18;2025-11-25,False,100.96083333333331,causal_load_main,day_ahead_planning
2025-12-02,48,08:10,1117.4530916666665,1228.3859499999999,2025-11-04;2025-11-11;2025-11-18;2025-11-25,False,110.93285833333334,causal_load_main,day_ahead_planning
2025-12-02,49,08:20,1084.495233333333,1207.5344833333334,2025-11-04;2025-11-11;2025-11-18;2025-11-25,False,123.03925000000027,causal_load_main,day_ahead_planning
2025-12-02,50,08:30,1098.0833333333333,1216.6416666666667,2025-11-04;2025-11-11;2025-11-18;2025-11-25,False,118.5583333333334,causal_load_main,day_ahead_planning
2025-12-02,51,08:40,1097.0677708333333,1187.0556833333333,2025-11-04;2025-11-11;2025-11-18;2025-11-25,False,89.9879125,causal_load_main,day_ahead_planning
2025-12-02,52,08:50,1094.1000583333332,1184.3520666666666,2025-11-04;2025-11-11;2025-11-18;2025-11-25,False,90.25200833333338,causal_load_main,day_ahead_planning
2025-12-02,53,09:00,1095.1654166666665,1209.6466666666665,2025-11-04;2025-11-11;2025-11-18;2025-11-25,False,114.48125000000005,causal_load_main,day_ahead_planning
2025-12-02,54,09:10,1085.7255291666665,1193.8893833333332,2025-11-04;2025-11-11;2025-11-18;2025-11-25,False,108.16385416666662,causal_load_main,day_ahead_planning
2025-12-02,55,09:20,1076.6740583333333,1184.5050833333332,2025-11-04;2025-11-11;2025-11-18;2025-11-25,False,107.83102499999995,causal_load_main,day_ahead_planning
2025-12-02,56,09:30,1075.6525,1199.3366666666666,2025-11-04;2025-11-11;2025-11-18;2025-11-25,False,123.68416666666667,causal_load_main,day_ahead_planning
2025-12-02,57,09:40,1078.0563041666665,1200.5963166666666,2025-11-04;2025-11-11;2025-11-18;2025-11-25,False,122.5400125000001,causal_load_main,day_ahead_planning
2025-12-02,58,09:50,1071.0564041666667,1169.2124333333331,2025-11-04;2025-11-11;2025-11-18;2025-11-25,False,98.15602916666649,causal_load_main,day_ahead_planning
2025-12-02,59,10:00,1065.6374999999998,1137.935,2025-11-04;2025-11-11;2025-11-18;2025-11-25,False,72.29750000000013,causal_load_main,day_ahead_planning
2025-12-02,60,10:10,1082.815075,1160.6361,2025-11-04;2025-11-11;2025-11-18;2025-11-25,False,77.82102499999996,causal_load_main,day_ahead_planning
2025-12-02,61,10:20,1083.03235,1190.8328,2025-11-04;2025-11-11;2025-11-18;2025-11-25,False,107.80044999999996,causal_load_main,day_ahead_planning
2025-12-02,62,10:30,1064.7391666666665,1181.4233333333332,2025-11-04;2025-11-11;2025-11-18;2025-11-25,False,116.68416666666667,causal_load_main,day_ahead_planning
2025-12-02,63,10:40,1065.7742916666666,1131.10195,2025-11-04;2025-11-11;2025-11-18;2025-11-25,False,65.32765833333337,causal_load_main,day_ahead_planning
2025-12-02,64,10:50,1068.9558208333333,1118.1035166666666,2025-11-04;2025-11-11;2025-11-18;2025-11-25,False,49.14769583333327,causal_load_main,day_ahead_planning
2025-12-02,65,11:00,1069.0333333333333,1155.6233333333332,2025-11-04;2025-11-11;2025-11-18;2025-11-25,False,86.58999999999992,causal_load_main,day_ahead_planning
2025-12-02,66,11:10,1077.566158333333,1178.3633333333332,2025-11-04;2025-11-11;2025-11-18;2025-11-25,False,100.79717500000015,causal_load_main,day_ahead_planning
2025-12-02,67,11:20,1070.0666416666666,1148.8223166666667,2025-11-04;2025-11-11;2025-11-18;2025-11-25,False,78.75567500000011,causal_load_main,day_ahead_planning
2025-12-02,68,11:30,1053.9133333333332,1109.4866666666667,2025-11-04;2025-11-11;2025-11-18;2025-11-25,False,55.573333333333494,causal_load_main,day_ahead_planning
2025-12-02,69,11:40,1057.8000708333334,1128.5884333333333,2025-11-04;2025-11-11;2025-11-18;2025-11-25,False,70.78836249999995,causal_load_main,day_ahead_planning
2025-12-02,70,11:50,1034.294025,1096.7766499999998,2025-11-04;2025-11-11;2025-11-18;2025-11-25,False,62.48262499999987,causal_load_main,day_ahead_planning
2025-12-02,71,12:00,991.0754166666667,1038.48,2025-11-04;2025-11-11;2025-11-18;2025-11-25,False,47.404583333333335,causal_load_main,day_ahead_planning
2025-12-02,72,12:10,988.1517666666666,1088.7635,2025-11-04;2025-11-11;2025-11-18;2025-11-25,False,100.6117333333334,causal_load_main,day_ahead_planning
2025-12-02,73,12:20,997.5846749999998,1116.3101833333333,2025-11-04;2025-11-11;2025-11-18;2025-11-25,False,118.72550833333344,causal_load_main,day_ahead_planning
2025-12-02,74,12:30,994.41125,1079.2083333333333,2025-11-04;2025-11-11;2025-11-18;2025-11-25,False,84.79708333333326,causal_load_main,day_ahead_planning
2025-12-02,75,12:40,987.361375,1067.9749,2025-11-04;2025-11-11;2025-11-18;2025-11-25,False,80.61352499999998,causal_load_main,day_ahead_planning
2025-12-02,76,12:50,1013.9381249999999,1072.0665166666665,2025-11-04;2025-11-11;2025-11-18;2025-11-25,False,58.12839166666663,causal_load_main,day_ahead_planning
2025-12-02,77,13:00,1053.2404166666665,1078.8383333333331,2025-11-04;2025-11-11;2025-11-18;2025-11-25,False,25.597916666666606,causal_load_main,day_ahead_planning
2025-12-02,78,13:10,1045.8012041666666,1093.9586666666667,2025-11-04;2025-11-11;2025-11-18;2025-11-25,False,48.157462500000065,causal_load_main,day_ahead_planning
2025-12-02,79,13:20,1036.7712541666665,1098.2558166666665,2025-11-04;2025-11-11;2025-11-18;2025-11-25,False,61.48456250000004,causal_load_main,day_ahead_planning
2025-12-02,80,13:30,1044.1399999999999,1100.3233333333333,2025-11-04;2025-11-11;2025-11-18;2025-11-25,False,56.183333333333394,causal_load_main,day_ahead_planning
2025-12-02,81,13:40,1041.6626208333332,1121.60645,2025-11-04;2025-11-11;2025-11-18;2025-11-25,False,79.94382916666677,causal_load_main,day_ahead_planning
2025-12-02,82,13:50,1041.5275458333333,1102.5935333333332,2025-11-04;2025-11-11;2025-11-18;2025-11-25,False,61.06598749999989,causal_load_main,day_ahead_planning
2025-12-02,83,14:00,1048.7529166666668,1068.5216666666665,2025-11-04;2025-11-11;2025-11-18;2025-11-25,False,19.768749999999727,causal_load_main,day_ahead_planning
2025-12-02,84,14:10,1050.5124041666668,1104.55235,2025-11-04;2025-11-11;2025-11-18;2025-11-25,False,54.03994583333315,causal_load_main,day_ahead_planning
2025-12-02,85,14:20,1033.5435166666666,1119.0490333333332,2025-11-04;2025-11-11;2025-11-18;2025-11-25,False,85.50551666666661,causal_load_main,day_ahead_planning
2025-12-02,86,14:30,1017.7037499999999,1087.8883333333333,2025-11-04;2025-11-11;2025-11-18;2025-11-25,False,70.18458333333342,causal_load_main,day_ahead_planning
2025-12-02,87,14:40,1035.8220041666666,1079.1329666666666,2025-11-04;2025-11-11;2025-11-18;2025-11-25,False,43.31096249999996,causal_load_main,day_ahead_planning
2025-12-02,88,14:50,1042.8386291666666,1078.8413166666664,2025-11-04;2025-11-11;2025-11-18;2025-11-25,False,36.002687499999865,causal_load_main,day_ahead_planning
2025-12-02,89,15:00,1027.9629166666666,1068.0133333333333,2025-11-04;2025-11-11;2025-11-18;2025-11-25,False,40.050416666666706,causal_load_main,day_ahead_planning
2025-12-02,90,15:10,1024.3113041666666,1050.3946166666665,2025-11-04;2025-11-11;2025-11-18;2025-11-25,False,26.08331249999992,causal_load_main,day_ahead_planning
2025-12-02,91,15:20,1024.6600375,1052.3160833333332,2025-11-04;2025-11-11;2025-11-18;2025-11-25,False,27.65604583333311,causal_load_main,day_ahead_planning
2025-12-02,92,15:30,1021.2916666666666,1067.6933333333332,2025-11-04;2025-11-11;2025-11-18;2025-11-25,False,46.40166666666653,causal_load_main,day_ahead_planning
2025-12-02,93,15:40,1017.5949916666666,1062.9209333333333,2025-11-04;2025-11-11;2025-11-18;2025-11-25,False,45.32594166666672,causal_load_main,day_ahead_planning
2025-12-02,94,15:50,1020.2106458333333,1046.0238,2025-11-04;2025-11-11;2025-11-18;2025-11-25,False,25.813154166666664,causal_load_main,day_ahead_planning
2025-12-02,95,16:00,1026.7041666666667,1040.4416666666666,2025-11-04;2025-11-11;2025-11-18;2025-11-25,False,13.737499999999955,causal_load_main,day_ahead_planning
2025-12-02,96,16:10,1027.5387916666666,1058.7031666666667,2025-11-04;2025-11-11;2025-11-18;2025-11-25,False,31.164375000000064,causal_load_main,day_ahead_planning
2025-12-02,97,16:20,1024.0818708333334,1054.16815,2025-11-04;2025-11-11;2025-11-18;2025-11-25,False,30.0862791666666,causal_load_main,day_ahead_planning
2025-12-02,98,16:30,1025.2962499999999,1029.9466666666667,2025-11-04;2025-11-11;2025-11-18;2025-11-25,False,4.6504166666668425,causal_load_main,day_ahead_planning
2025-12-02,99,16:40,1035.6193958333333,1035.1633,2025-11-04;2025-11-11;2025-11-18;2025-11-25,False,0.4560958333333929,causal_load_main,day_ahead_planning
2025-12-02,100,16:50,1024.5430583333332,1045.74345,2025-11-04;2025-11-11;2025-11-18;2025-11-25,False,21.200391666666746,causal_load_main,day_ahead_planning
2025-12-02,101,17:00,1002.9108333333334,1043.945,2025-11-04;2025-11-11;2025-11-18;2025-11-25,False,41.03416666666658,causal_load_main,day_ahead_planning
2025-12-02,102,17:10,1011.8770166666666,1037.9175833333334,2025-11-04;2025-11-11;2025-11-18;2025-11-25,False,26.04056666666679,causal_load_main,day_ahead_planning
2025-12-02,103,17:20,1015.8971874999999,1037.5599333333332,2025-11-04;2025-11-11;2025-11-18;2025-11-25,False,21.66274583333336,causal_load_main,day_ahead_planning
2025-12-02,104,17:30,1019.3258333333333,1042.695,2025-11-04;2025-11-11;2025-11-18;2025-11-25,False,23.369166666666615,causal_load_main,day_ahead_planning
2025-12-02,105,17:40,1039.4893874999998,1024.7707,2025-11-04;2025-11-11;2025-11-18;2025-11-25,False,14.71868749999976,causal_load_main,day_ahead_planning
2025-12-02,106,17:50,918.8832583333333,891.0868333333333,2025-11-04;2025-11-11;2025-11-18;2025-11-25,False,27.796425,causal_load_main,day_ahead_planning
2025-12-02,107,18:00,723.63375,724.4266666666667,2025-11-04;2025-11-11;2025-11-18;2025-11-25,False,0.7929166666667697,causal_load_main,day_ahead_planning
2025-12-02,108,18:10,696.2029624999999,717.1170833333333,2025-11-04;2025-11-11;2025-11-18;2025-11-25,False,20.914120833333413,causal_load_main,day_ahead_planning
2025-12-02,109,18:20,718.23525,740.5003166666667,2025-11-04;2025-11-11;2025-11-18;2025-11-25,False,22.265066666666712,causal_load_main,day_ahead_planning
2025-12-02,110,18:30,710.5008333333333,730.8333333333333,2025-11-04;2025-11-11;2025-11-18;2025-11-25,False,20.332499999999982,causal_load_main,day_ahead_planning
2025-12-02,111,18:40,712.9978208333332,750.4119166666666,2025-11-04;2025-11-11;2025-11-18;2025-11-25,False,37.41409583333336,causal_load_main,day_ahead_planning
2025-12-02,112,18:50,714.6875208333331,776.7196666666666,2025-11-04;2025-11-11;2025-11-18;2025-11-25,False,62.032145833333516,causal_load_main,day_ahead_planning
2025-12-02,113,19:00,716.5429166666665,766.4566666666666,2025-11-04;2025-11-11;2025-11-18;2025-11-25,False,49.91375000000005,causal_load_main,day_ahead_planning
2025-12-02,114,19:10,734.0894624999999,708.3215499999999,2025-11-04;2025-11-11;2025-11-18;2025-11-25,False,25.767912499999966,causal_load_main,day_ahead_planning
2025-12-02,115,19:20,737.7560874999999,704.6915333333333,2025-11-04;2025-11-11;2025-11-18;2025-11-25,False,33.06455416666665,causal_load_main,day_ahead_planning
2025-12-02,116,19:30,722.6066666666667,746.105,2025-11-04;2025-11-11;2025-11-18;2025-11-25,False,23.498333333333335,causal_load_main,day_ahead_planning
2025-12-02,117,19:40,714.1611791666667,728.5141166666667,2025-11-04;2025-11-11;2025-11-18;2025-11-25,False,14.352937500000053,causal_load_main,day_ahead_planning
2025-12-02,118,19:50,715.0005791666665,725.8153,2025-11-04;2025-11-11;2025-11-18;2025-11-25,False,10.814720833333467,causal_load_main,day_ahead_planning
2025-12-02,119,20:00,722.1604166666666,752.0249999999999,2025-11-04;2025-11-11;2025-11-18;2025-11-25,False,29.864583333333258,causal_load_main,day_ahead_planning
2025-12-02,120,20:10,730.8878874999999,737.74655,2025-11-04;2025-11-11;2025-11-18;2025-11-25,False,6.858662500000037,causal_load_main,day_ahead_planning
2025-12-02,121,20:20,727.7484083333334,703.4561333333332,2025-11-04;2025-11-11;2025-11-18;2025-11-25,False,24.29227500000013,causal_load_main,day_ahead_planning
2025-12-02,122,20:30,715.7887499999999,690.9183333333333,2025-11-04;2025-11-11;2025-11-18;2025-11-25,False,24.870416666666642,causal_load_main,day_ahead_planning
2025-12-02,123,20:40,712.2829999999999,720.2120333333334,2025-11-04;2025-11-11;2025-11-18;2025-11-25,False,7.92903333333345,causal_load_main,day_ahead_planning
2025-12-02,124,20:50,716.8523666666667,736.819,2025-11-04;2025-11-11;2025-11-18;2025-11-25,False,19.96663333333322,causal_load_main,day_ahead_planning
2025-12-02,125,21:00,726.1112499999999,730.6433333333332,2025-11-04;2025-11-11;2025-11-18;2025-11-25,False,4.532083333333276,causal_load_main,day_ahead_planning
2025-12-02,126,21:10,735.8085874999999,742.3331,2025-11-04;2025-11-11;2025-11-18;2025-11-25,False,6.524512500000014,causal_load_main,day_ahead_planning
2025-12-02,127,21:20,733.1162374999999,763.6091666666666,2025-11-04;2025-11-11;2025-11-18;2025-11-25,False,30.492929166666727,causal_load_main,day_ahead_planning
2025-12-02,128,21:30,733.3204166666667,779.635,2025-11-04;2025-11-11;2025-11-18;2025-11-25,False,46.3145833333333,causal_load_main,day_ahead_planning
2025-12-02,129,21:40,748.1639458333333,770.7079999999999,2025-11-04;2025-11-11;2025-11-18;2025-11-25,False,22.54405416666657,causal_load_main,day_ahead_planning
2025-12-02,130,21:50,663.0217749999999,677.6705333333333,2025-11-04;2025-11-11;2025-11-18;2025-11-25,False,14.648758333333376,causal_load_main,day_ahead_planning
2025-12-02,131,22:00,534.0679166666666,556.0566666666666,2025-11-04;2025-11-11;2025-11-18;2025-11-25,False,21.988749999999982,causal_load_main,day_ahead_planning
2025-12-02,132,22:10,543.7129749999999,537.9489833333333,2025-11-04;2025-11-11;2025-11-18;2025-11-25,False,5.763991666666584,causal_load_main,day_ahead_planning
2025-12-02,133,22:20,574.0407083333333,565.1182833333332,2025-11-04;2025-11-11;2025-11-18;2025-11-25,False,8.92242500000009,causal_load_main,day_ahead_planning
2025-12-02,134,22:30,557.7195833333333,575.7966666666666,2025-11-04;2025-11-11;2025-11-18;2025-11-25,False,18.07708333333335,causal_load_main,day_ahead_planning
2025-12-02,135,22:40,545.46785,561.5081499999999,2025-11-04;2025-11-11;2025-11-18;2025-11-25,False,16.04029999999989,causal_load_main,day_ahead_planning
2025-12-02,136,22:50,548.1689208333333,544.9539833333333,2025-11-04;2025-11-11;2025-11-18;2025-11-25,False,3.214937500000019,causal_load_main,day_ahead_planning
2025-12-02,137,23:00,554.9454166666667,548.045,2025-11-04;2025-11-11;2025-11-18;2025-11-25,False,6.900416666666729,causal_load_main,day_ahead_planning
2025-12-02,138,23:10,551.8479749999999,574.3471,2025-11-04;2025-11-11;2025-11-18;2025-11-25,False,22.49912500000005,causal_load_main,day_ahead_planning
2025-12-02,139,23:20,553.44515,588.3470666666666,2025-11-04;2025-11-11;2025-11-18;2025-11-25,False,34.90191666666658,causal_load_main,day_ahead_planning
2025-12-02,140,23:30,563.78125,589.385,2025-11-04;2025-11-11;2025-11-18;2025-11-25,False,25.60374999999999,causal_load_main,day_ahead_planning
2025-12-02,141,23:40,571.4339083333333,603.4896666666666,2025-11-04;2025-11-11;2025-11-18;2025-11-25,False,32.0557583333333,causal_load_main,day_ahead_planning
2025-12-02,142,23:50,574.0853791666666,588.6720833333333,2025-11-04;2025-11-11;2025-11-18;2025-11-25,False,14.586704166666664,causal_load_main,day_ahead_planning
2025-12-02,143,0:00+1,569.605,561.9916666666666,2025-11-04;2025-11-11;2025-11-18;2025-11-25,False,7.613333333333458,causal_load_main,day_ahead_planning
2025-12-03,0,00:10,558.4029833333334,586.6709666666666,2025-11-05;2025-11-12;2025-11-19;2025-11-26,False,28.267983333333177,causal_load_main,day_ahead_planning
2025-12-03,1,00:20,559.0836875,607.3729666666666,2025-11-05;2025-11-12;2025-11-19;2025-11-26,False,48.289279166666574,causal_load_main,day_ahead_planning
2025-12-03,2,00:30,569.6479166666667,605.5433333333333,2025-11-05;2025-11-12;2025-11-19;2025-11-26,False,35.89541666666662,causal_load_main,day_ahead_planning
2025-12-03,3,00:40,570.7388541666667,613.8341166666667,2025-11-05;2025-11-12;2025-11-19;2025-11-26,False,43.09526249999999,causal_load_main,day_ahead_planning
2025-12-03,4,00:50,573.4670458333333,603.5368333333333,2025-11-05;2025-11-12;2025-11-19;2025-11-26,False,30.069787500000075,causal_load_main,day_ahead_planning
2025-12-03,5,01:00,578.3904166666666,595.1199999999999,2025-11-05;2025-11-12;2025-11-19;2025-11-26,False,16.729583333333267,causal_load_main,day_ahead_planning
2025-12-03,6,01:10,574.4296416666666,639.3089,2025-11-05;2025-11-12;2025-11-19;2025-11-26,False,64.87925833333338,causal_load_main,day_ahead_planning
2025-12-03,7,01:20,576.7788625000001,651.7949,2025-11-05;2025-11-12;2025-11-19;2025-11-26,False,75.01603749999992,causal_load_main,day_ahead_planning
2025-12-03,8,01:30,585.5129166666666,626.7316666666666,2025-11-05;2025-11-12;2025-11-19;2025-11-26,False,41.21875,causal_load_main,day_ahead_planning
2025-12-03,9,01:40,584.2552125,640.1493166666667,2025-11-05;2025-11-12;2025-11-19;2025-11-26,False,55.89410416666669,causal_load_main,day_ahead_planning
2025-12-03,10,01:50,578.4302666666666,646.5724666666666,2025-11-05;2025-11-12;2025-11-19;2025-11-26,False,68.1422,causal_load_main,day_ahead_planning
2025-12-03,11,02:00,580.1891666666666,631.2483333333332,2025-11-05;2025-11-12;2025-11-19;2025-11-26,False,51.05916666666667,causal_load_main,day_ahead_planning
2025-12-03,12,02:10,595.2960458333333,633.0059,2025-11-05;2025-11-12;2025-11-19;2025-11-26,False,37.70985416666667,causal_load_main,day_ahead_planning
2025-12-03,13,02:20,601.1449916666667,654.6978333333333,2025-11-05;2025-11-12;2025-11-19;2025-11-26,False,53.55284166666661,causal_load_main,day_ahead_planning
2025-12-03,14,02:30,598.075,668.045,2025-11-05;2025-11-12;2025-11-19;2025-11-26,False,69.96999999999991,causal_load_main,day_ahead_planning
2025-12-03,15,02:40,605.4280249999999,644.1932166666666,2025-11-05;2025-11-12;2025-11-19;2025-11-26,False,38.765191666666624,causal_load_main,day_ahead_planning
2025-12-03,16,02:50,600.1578125,634.9859833333333,2025-11-05;2025-11-12;2025-11-19;2025-11-26,False,34.828170833333274,causal_load_main,day_ahead_planning
2025-12-03,17,03:00,589.1291666666666,648.6783333333333,2025-11-05;2025-11-12;2025-11-19;2025-11-26,False,59.54916666666668,causal_load_main,day_ahead_planning
2025-12-03,18,03:10,602.3584583333333,643.8870333333333,2025-11-05;2025-11-12;2025-11-19;2025-11-26,False,41.528575000000046,causal_load_main,day_ahead_planning
2025-12-03,19,03:20,601.5597083333333,635.9687166666666,2025-11-05;2025-11-12;2025-11-19;2025-11-26,False,34.409008333333304,causal_load_main,day_ahead_planning
2025-12-03,20,03:30,586.5366666666666,639.2116666666666,2025-11-05;2025-11-12;2025-11-19;2025-11-26,False,52.674999999999955,causal_load_main,day_ahead_planning
2025-12-03,21,03:40,597.3491416666666,651.7856833333333,2025-11-05;2025-11-12;2025-11-19;2025-11-26,False,54.4365416666667,causal_load_main,day_ahead_planning
2025-12-03,22,03:50,613.2695499999999,671.0782999999999,2025-11-05;2025-11-12;2025-11-19;2025-11-26,False,57.80875000000003,causal_load_main,day_ahead_planning
2025-12-03,23,04:00,612.4304166666666,691.395,2025-11-05;2025-11-12;2025-11-19;2025-11-26,False,78.9645833333334,causal_load_main,day_ahead_planning
2025-12-03,24,04:10,596.0709083333333,704.4257833333332,2025-11-05;2025-11-12;2025-11-19;2025-11-26,False,108.35487499999999,causal_load_main,day_ahead_planning
2025-12-03,25,04:20,597.2121791666666,704.1697666666666,2025-11-05;2025-11-12;2025-11-19;2025-11-26,False,106.95758750000005,causal_load_main,day_ahead_planning
2025-12-03,26,04:30,611.7870833333334,697.1533333333333,2025-11-05;2025-11-12;2025-11-19;2025-11-26,False,85.36624999999992,causal_load_main,day_ahead_planning
2025-12-03,27,04:40,606.1514083333333,697.6826166666666,2025-11-05;2025-11-12;2025-11-19;2025-11-26,False,91.53120833333332,causal_load_main,day_ahead_planning
2025-12-03,28,04:50,606.1866666666666,702.925,2025-11-05;2025-11-12;2025-11-19;2025-11-26,False,96.73833333333334,causal_load_main,day_ahead_planning
2025-12-03,29,05:00,615.4720833333333,692.1716666666666,2025-11-05;2025-11-12;2025-11-19;2025-11-26,False,76.6995833333333,causal_load_main,day_ahead_planning
2025-12-03,30,05:10,611.3977499999999,654.6665833333333,2025-11-05;2025-11-12;2025-11-19;2025-11-26,False,43.26883333333342,causal_load_main,day_ahead_planning
2025-12-03,31,05:20,615.2601166666666,667.7984666666666,2025-11-05;2025-11-12;2025-11-19;2025-11-26,False,52.53835000000004,causal_load_main,day_ahead_planning
2025-12-03,32,05:30,613.2362499999999,705.8166666666666,2025-11-05;2025-11-12;2025-11-19;2025-11-26,False,92.58041666666668,causal_load_main,day_ahead_planning
2025-12-03,33,05:40,585.1554,682.4238333333333,2025-11-05;2025-11-12;2025-11-19;2025-11-26,False,97.26843333333329,causal_load_main,day_ahead_planning
2025-12-03,34,05:50,662.2593374999999,758.8970333333333,2025-11-05;2025-11-12;2025-11-19;2025-11-26,False,96.6376958333334,causal_load_main,day_ahead_planning
2025-12-03,35,06:00,804.0349999999999,897.4183333333333,2025-11-05;2025-11-12;2025-11-19;2025-11-26,False,93.38333333333344,causal_load_main,day_ahead_planning
2025-12-03,36,06:10,827.4174125,888.2765999999999,2025-11-05;2025-11-12;2025-11-19;2025-11-26,False,60.85918749999996,causal_load_main,day_ahead_planning
2025-12-03,37,06:20,815.2676875,875.6052333333333,2025-11-05;2025-11-12;2025-11-19;2025-11-26,False,60.337545833333365,causal_load_main,day_ahead_planning
2025-12-03,38,06:30,820.4466666666666,911.8416666666667,2025-11-05;2025-11-12;2025-11-19;2025-11-26,False,91.3950000000001,causal_load_main,day_ahead_planning
2025-12-03,39,06:40,811.1940833333333,900.9255666666666,2025-11-05;2025-11-12;2025-11-19;2025-11-26,False,89.73148333333324,causal_load_main,day_ahead_planning
2025-12-03,40,06:50,810.6908291666667,882.6152666666667,2025-11-05;2025-11-12;2025-11-19;2025-11-26,False,71.92443749999995,causal_load_main,day_ahead_planning
2025-12-03,41,07:00,817.4041666666666,879.14,2025-11-05;2025-11-12;2025-11-19;2025-11-26,False,61.7358333333334,causal_load_main,day_ahead_planning
2025-12-03,42,07:10,805.6858166666666,875.1389666666666,2025-11-05;2025-11-12;2025-11-19;2025-11-26,False,69.45315000000005,causal_load_main,day_ahead_planning
2025-12-03,43,07:20,808.6116749999999,913.8712166666666,2025-11-05;2025-11-12;2025-11-19;2025-11-26,False,105.25954166666668,causal_load_main,day_ahead_planning
2025-12-03,44,07:30,807.2249999999999,940.0716666666667,2025-11-05;2025-11-12;2025-11-19;2025-11-26,False,132.8466666666668,causal_load_main,day_ahead_planning
2025-12-03,45,07:40,772.9975458333333,874.3252333333332,2025-11-05;2025-11-12;2025-11-19;2025-11-26,False,101.32768749999991,causal_load_main,day_ahead_planning
2025-12-03,46,07:50,894.0752666666665,978.06765,2025-11-05;2025-11-12;2025-11-19;2025-11-26,False,83.99238333333346,causal_load_main,day_ahead_planning
2025-12-03,47,08:00,1103.3745833333332,1198.415,2025-11-05;2025-11-12;2025-11-19;2025-11-26,False,95.04041666666672,causal_load_main,day_ahead_planning
2025-12-03,48,08:10,1127.4377875,1206.7977166666665,2025-11-05;2025-11-12;2025-11-19;2025-11-26,False,79.35992916666646,causal_load_main,day_ahead_planning
2025-12-03,49,08:20,1101.1047625,1166.5532166666667,2025-11-05;2025-11-12;2025-11-19;2025-11-26,False,65.44845416666658,causal_load_main,day_ahead_planning
2025-12-03,50,08:30,1111.13375,1175.465,2025-11-05;2025-11-12;2025-11-19;2025-11-26,False,64.33124999999995,causal_load_main,day_ahead_planning
2025-12-03,51,08:40,1106.5455000000002,1167.4282833333332,2025-11-05;2025-11-12;2025-11-19;2025-11-26,False,60.88278333333301,causal_load_main,day_ahead_planning
2025-12-03,52,08:50,1098.663625,1188.6218833333332,2025-11-05;2025-11-12;2025-11-19;2025-11-26,False,89.95825833333333,causal_load_main,day_ahead_planning
2025-12-03,53,09:00,1093.2454166666666,1226.6383333333333,2025-11-05;2025-11-12;2025-11-19;2025-11-26,False,133.39291666666668,causal_load_main,day_ahead_planning
2025-12-03,54,09:10,1080.9368791666666,1207.9728499999999,2025-11-05;2025-11-12;2025-11-19;2025-11-26,False,127.0359708333333,causal_load_main,day_ahead_planning
2025-12-03,55,09:20,1081.7638041666667,1168.7361666666666,2025-11-05;2025-11-12;2025-11-19;2025-11-26,False,86.97236249999992,causal_load_main,day_ahead_planning
2025-12-03,56,09:30,1089.3725,1148.2783333333332,2025-11-05;2025-11-12;2025-11-19;2025-11-26,False,58.90583333333325,causal_load_main,day_ahead_planning
2025-12-03,57,09:40,1077.4612499999998,1156.3148166666665,2025-11-05;2025-11-12;2025-11-19;2025-11-26,False,78.85356666666667,causal_load_main,day_ahead_planning
2025-12-03,58,09:50,1074.4567375,1183.9326833333332,2025-11-05;2025-11-12;2025-11-19;2025-11-26,False,109.4759458333333,causal_load_main,day_ahead_planning
2025-12-03,59,10:00,1091.4299999999998,1203.0433333333333,2025-11-05;2025-11-12;2025-11-19;2025-11-26,False,111.61333333333346,causal_load_main,day_ahead_planning
2025-12-03,60,10:10,1105.9720125,1187.0382333333332,2025-11-05;2025-11-12;2025-11-19;2025-11-26,False,81.06622083333332,causal_load_main,day_ahead_planning
2025-12-03,61,10:20,1089.664925,1172.4547833333331,2025-11-05;2025-11-12;2025-11-19;2025-11-26,False,82.78985833333309,causal_load_main,day_ahead_planning
2025-12-03,62,10:30,1064.5095833333332,1167.3383333333331,2025-11-05;2025-11-12;2025-11-19;2025-11-26,False,102.8287499999999,causal_load_main,day_ahead_planning
2025-12-03,63,10:40,1079.0081625,1146.8186999999998,2025-11-05;2025-11-12;2025-11-19;2025-11-26,False,67.81053749999978,causal_load_main,day_ahead_planning
2025-12-03,64,10:50,1084.1383916666666,1131.3238166666665,2025-11-05;2025-11-12;2025-11-19;2025-11-26,False,47.185424999999896,causal_load_main,day_ahead_planning
2025-12-03,65,11:00,1069.02,1134.8133333333333,2025-11-05;2025-11-12;2025-11-19;2025-11-26,False,65.7933333333333,causal_load_main,day_ahead_planning
2025-12-03,66,11:10,1070.11845,1148.8904333333332,2025-11-05;2025-11-12;2025-11-19;2025-11-26,False,78.77198333333331,causal_load_main,day_ahead_planning
2025-12-03,67,11:20,1062.8909333333331,1150.06765,2025-11-05;2025-11-12;2025-11-19;2025-11-26,False,87.17671666666683,causal_load_main,day_ahead_planning
2025-12-03,68,11:30,1051.62375,1138.8266666666666,2025-11-05;2025-11-12;2025-11-19;2025-11-26,False,87.20291666666662,causal_load_main,day_ahead_planning
2025-12-03,69,11:40,1064.0286041666666,1133.82235,2025-11-05;2025-11-12;2025-11-19;2025-11-26,False,69.79374583333333,causal_load_main,day_ahead_planning
2025-12-03,70,11:50,1045.8506625,1117.6825833333332,2025-11-05;2025-11-12;2025-11-19;2025-11-26,False,71.83192083333324,causal_load_main,day_ahead_planning
2025-12-03,71,12:00,999.8795833333334,1096.5749999999998,2025-11-05;2025-11-12;2025-11-19;2025-11-26,False,96.69541666666646,causal_load_main,day_ahead_planning
2025-12-03,72,12:10,988.9283416666667,1096.17195,2025-11-05;2025-11-12;2025-11-19;2025-11-26,False,107.24360833333321,causal_load_main,day_ahead_planning
2025-12-03,73,12:20,1003.44835,1090.3932833333333,2025-11-05;2025-11-12;2025-11-19;2025-11-26,False,86.94493333333332,causal_load_main,day_ahead_planning
2025-12-03,74,12:30,1007.15625,1076.83,2025-11-05;2025-11-12;2025-11-19;2025-11-26,False,69.67374999999993,causal_load_main,day_ahead_planning
2025-12-03,75,12:40,979.3069416666666,1081.0151333333333,2025-11-05;2025-11-12;2025-11-19;2025-11-26,False,101.70819166666672,causal_load_main,day_ahead_planning
2025-12-03,76,12:50,988.602225,1092.51625,2025-11-05;2025-11-12;2025-11-19;2025-11-26,False,103.91402499999992,causal_load_main,day_ahead_planning
2025-12-03,77,13:00,1038.52,1094.8683333333333,2025-11-05;2025-11-12;2025-11-19;2025-11-26,False,56.34833333333336,causal_load_main,day_ahead_planning
2025-12-03,78,13:10,1061.5030208333333,1083.5334833333332,2025-11-05;2025-11-12;2025-11-19;2025-11-26,False,22.030462499999885,causal_load_main,day_ahead_planning
2025-12-03,79,13:20,1056.4834,1086.7124,2025-11-05;2025-11-12;2025-11-19;2025-11-26,False,30.228999999999814,causal_load_main,day_ahead_planning
2025-12-03,80,13:30,1038.7279166666667,1106.4183333333333,2025-11-05;2025-11-12;2025-11-19;2025-11-26,False,67.69041666666658,causal_load_main,day_ahead_planning
2025-12-03,81,13:40,1023.8958333333333,1113.0476333333331,2025-11-05;2025-11-12;2025-11-19;2025-11-26,False,89.15179999999987,causal_load_main,day_ahead_planning
2025-12-03,82,13:50,1032.6995291666667,1089.6413833333331,2025-11-05;2025-11-12;2025-11-19;2025-11-26,False,56.94185416666642,causal_load_main,day_ahead_planning
2025-12-03,83,14:00,1052.5254166666666,1063.0916666666667,2025-11-05;2025-11-12;2025-11-19;2025-11-26,False,10.566250000000082,causal_load_main,day_ahead_planning
2025-12-03,84,14:10,1049.0763916666665,1076.9865333333332,2025-11-05;2025-11-12;2025-11-19;2025-11-26,False,27.910141666666732,causal_load_main,day_ahead_planning
2025-12-03,85,14:20,1039.0113374999999,1083.38735,2025-11-05;2025-11-12;2025-11-19;2025-11-26,False,44.376012500000115,causal_load_main,day_ahead_planning
2025-12-03,86,14:30,1035.67625,1077.9033333333332,2025-11-05;2025-11-12;2025-11-19;2025-11-26,False,42.22708333333321,causal_load_main,day_ahead_planning
2025-12-03,87,14:40,1035.7487916666666,1100.58475,2025-11-05;2025-11-12;2025-11-19;2025-11-26,False,64.83595833333334,causal_load_main,day_ahead_planning
2025-12-03,88,14:50,1035.0746708333334,1104.5553499999999,2025-11-05;2025-11-12;2025-11-19;2025-11-26,False,69.4806791666665,causal_load_main,day_ahead_planning
2025-12-03,89,15:00,1032.0395833333332,1084.165,2025-11-05;2025-11-12;2025-11-19;2025-11-26,False,52.12541666666675,causal_load_main,day_ahead_planning
2025-12-03,90,15:10,1026.417325,1081.6153333333332,2025-11-05;2025-11-12;2025-11-19;2025-11-26,False,55.19800833333329,causal_load_main,day_ahead_planning
2025-12-03,91,15:20,1014.0599249999999,1076.5768333333333,2025-11-05;2025-11-12;2025-11-19;2025-11-26,False,62.51690833333339,causal_load_main,day_ahead_planning
2025-12-03,92,15:30,1007.9066666666666,1051.3083333333334,2025-11-05;2025-11-12;2025-11-19;2025-11-26,False,43.401666666666756,causal_load_main,day_ahead_planning
2025-12-03,93,15:40,1025.5773958333334,1016.3585833333333,2025-11-05;2025-11-12;2025-11-19;2025-11-26,False,9.218812500000126,causal_load_main,day_ahead_planning
2025-12-03,94,15:50,1032.7993958333332,1016.7864333333333,2025-11-05;2025-11-12;2025-11-19;2025-11-26,False,16.012962499999844,causal_load_main,day_ahead_planning
2025-12-03,95,16:00,1022.3745833333332,1038.6016666666665,2025-11-05;2025-11-12;2025-11-19;2025-11-26,False,16.227083333333212,causal_load_main,day_ahead_planning
2025-12-03,96,16:10,1019.1285166666667,1028.4130666666665,2025-11-05;2025-11-12;2025-11-19;2025-11-26,False,9.284549999999854,causal_load_main,day_ahead_planning
2025-12-03,97,16:20,1015.7433416666667,1041.3429666666666,2025-11-05;2025-11-12;2025-11-19;2025-11-26,False,25.599624999999946,causal_load_main,day_ahead_planning
2025-12-03,98,16:30,1013.4533333333334,1074.9033333333332,2025-11-05;2025-11-12;2025-11-19;2025-11-26,False,61.44999999999982,causal_load_main,day_ahead_planning
2025-12-03,99,16:40,1022.9399249999999,1063.2019666666665,2025-11-05;2025-11-12;2025-11-19;2025-11-26,False,40.26204166666662,causal_load_main,day_ahead_planning
2025-12-03,100,16:50,1025.5852,1028.0763333333332,2025-11-05;2025-11-12;2025-11-19;2025-11-26,False,2.4911333333332095,causal_load_main,day_ahead_planning
2025-12-03,101,17:00,1018.7604166666666,1001.1716666666666,2025-11-05;2025-11-12;2025-11-19;2025-11-26,False,17.588750000000005,causal_load_main,day_ahead_planning
2025-12-03,102,17:10,1016.9041,993.0895333333333,2025-11-05;2025-11-12;2025-11-19;2025-11-26,False,23.81456666666668,causal_load_main,day_ahead_planning
2025-12-03,103,17:20,1010.1146208333332,984.5845166666666,2025-11-05;2025-11-12;2025-11-19;2025-11-26,False,25.53010416666666,causal_load_main,day_ahead_planning
2025-12-03,104,17:30,1013.89,996.23,2025-11-05;2025-11-12;2025-11-19;2025-11-26,False,17.659999999999968,causal_load_main,day_ahead_planning
2025-12-03,105,17:40,1032.6187583333335,1041.8664833333332,2025-11-05;2025-11-12;2025-11-19;2025-11-26,False,9.247724999999718,causal_load_main,day_ahead_planning
2025-12-03,106,17:50,910.9803625,933.0838999999999,2025-11-05;2025-11-12;2025-11-19;2025-11-26,False,22.103537499999902,causal_load_main,day_ahead_planning
2025-12-03,107,18:00,719.5641666666666,731.355,2025-11-05;2025-11-12;2025-11-19;2025-11-26,False,11.790833333333467,causal_load_main,day_ahead_planning
2025-12-03,108,18:10,699.7350416666666,703.9110999999999,2025-11-05;2025-11-12;2025-11-19;2025-11-26,False,4.176058333333344,causal_load_main,day_ahead_planning
2025-12-03,109,18:20,718.3175124999999,741.35155,2025-11-05;2025-11-12;2025-11-19;2025-11-26,False,23.034037500000068,causal_load_main,day_ahead_planning
2025-12-03,110,18:30,707.13875,732.0816666666666,2025-11-05;2025-11-12;2025-11-19;2025-11-26,False,24.942916666666633,causal_load_main,day_ahead_planning
2025-12-03,111,18:40,728.8784125,680.0112666666666,2025-11-05;2025-11-12;2025-11-19;2025-11-26,False,48.867145833333325,causal_load_main,day_ahead_planning
2025-12-03,112,18:50,727.1716166666666,666.1614999999999,2025-11-05;2025-11-12;2025-11-19;2025-11-26,False,61.010116666666704,causal_load_main,day_ahead_planning
2025-12-03,113,19:00,700.4929166666667,702.85,2025-11-05;2025-11-12;2025-11-19;2025-11-26,False,2.357083333333321,causal_load_main,day_ahead_planning
2025-12-03,114,19:10,708.9114166666666,727.5879333333334,2025-11-05;2025-11-12;2025-11-19;2025-11-26,False,18.67651666666677,causal_load_main,day_ahead_planning
2025-12-03,115,19:20,715.6596708333333,726.7738833333333,2025-11-05;2025-11-12;2025-11-19;2025-11-26,False,11.114212500000008,causal_load_main,day_ahead_planning
2025-12-03,116,19:30,710.8970833333333,708.5216666666666,2025-11-05;2025-11-12;2025-11-19;2025-11-26,False,2.375416666666638,causal_load_main,day_ahead_planning
2025-12-03,117,19:40,722.5619583333333,689.6845,2025-11-05;2025-11-12;2025-11-19;2025-11-26,False,32.87745833333338,causal_load_main,day_ahead_planning
2025-12-03,118,19:50,723.1788833333333,687.1906,2025-11-05;2025-11-12;2025-11-19;2025-11-26,False,35.98828333333324,causal_load_main,day_ahead_planning
2025-12-03,119,20:00,712.0545833333333,701.2633333333333,2025-11-05;2025-11-12;2025-11-19;2025-11-26,False,10.791249999999991,causal_load_main,day_ahead_planning
2025-12-03,120,20:10,718.4609083333332,718.9591999999999,2025-11-05;2025-11-12;2025-11-19;2025-11-26,False,0.4982916666666597,causal_load_main,day_ahead_planning
2025-12-03,121,20:20,727.3000125,740.1279,2025-11-05;2025-11-12;2025-11-19;2025-11-26,False,12.827887499999974,causal_load_main,day_ahead_planning
2025-12-03,122,20:30,725.6183333333333,743.9266666666667,2025-11-05;2025-11-12;2025-11-19;2025-11-26,False,18.308333333333394,causal_load_main,day_ahead_planning
2025-12-03,123,20:40,717.6733375,711.5517333333333,2025-11-05;2025-11-12;2025-11-19;2025-11-26,False,6.121604166666657,causal_load_main,day_ahead_planning
2025-12-03,124,20:50,720.8131791666667,723.4600666666666,2025-11-05;2025-11-12;2025-11-19;2025-11-26,False,2.6468874999999343,causal_load_main,day_ahead_planning
2025-12-03,125,21:00,732.86375,767.1333333333333,2025-11-05;2025-11-12;2025-11-19;2025-11-26,False,34.269583333333344,causal_load_main,day_ahead_planning
2025-12-03,126,21:10,732.8436624999999,748.3768166666666,2025-11-05;2025-11-12;2025-11-19;2025-11-26,False,15.53315416666669,causal_load_main,day_ahead_planning
2025-12-03,127,21:20,716.3650916666666,717.1311499999999,2025-11-05;2025-11-12;2025-11-19;2025-11-26,False,0.7660583333333761,causal_load_main,day_ahead_planning
2025-12-03,128,21:30,711.7479166666667,729.2983333333333,2025-11-05;2025-11-12;2025-11-19;2025-11-26,False,17.550416666666592,causal_load_main,day_ahead_planning
2025-12-03,129,21:40,737.4492458333333,772.1278666666667,2025-11-05;2025-11-12;2025-11-19;2025-11-26,False,34.67862083333341,causal_load_main,day_ahead_planning
2025-12-03,130,21:50,667.9855708333332,694.2258833333333,2025-11-05;2025-11-12;2025-11-19;2025-11-26,False,26.240312500000073,causal_load_main,day_ahead_planning
2025-12-03,131,22:00,540.6991666666665,548.4766666666667,2025-11-05;2025-11-12;2025-11-19;2025-11-26,False,7.7775000000001455,causal_load_main,day_ahead_planning
2025-12-03,132,22:10,529.7915583333332,543.0311666666666,2025-11-05;2025-11-12;2025-11-19;2025-11-26,False,13.239608333333422,causal_load_main,day_ahead_planning
2025-12-03,133,22:20,563.2406374999999,559.2479666666666,2025-11-05;2025-11-12;2025-11-19;2025-11-26,False,3.9926708333333636,causal_load_main,day_ahead_planning
2025-12-03,134,22:30,569.605,542.4633333333334,2025-11-05;2025-11-12;2025-11-19;2025-11-26,False,27.14166666666665,causal_load_main,day_ahead_planning
2025-12-03,135,22:40,550.7250583333332,557.65055,2025-11-05;2025-11-12;2025-11-19;2025-11-26,False,6.925491666666744,causal_load_main,day_ahead_planning
2025-12-03,136,22:50,542.6409916666667,558.5660166666667,2025-11-05;2025-11-12;2025-11-19;2025-11-26,False,15.925025000000005,causal_load_main,day_ahead_planning
2025-12-03,137,23:00,552.1975,547.4733333333334,2025-11-05;2025-11-12;2025-11-19;2025-11-26,False,4.724166666666633,causal_load_main,day_ahead_planning
2025-12-03,138,23:10,556.5185916666667,577.1277,2025-11-05;2025-11-12;2025-11-19;2025-11-26,False,20.609108333333324,causal_load_main,day_ahead_planning
2025-12-03,139,23:20,561.2006166666666,593.5836166666666,2025-11-05;2025-11-12;2025-11-19;2025-11-26,False,32.382999999999925,causal_load_main,day_ahead_planning
2025-12-03,140,23:30,561.1829166666666,585.8233333333333,2025-11-05;2025-11-12;2025-11-19;2025-11-26,False,24.640416666666624,causal_load_main,day_ahead_planning
2025-12-03,141,23:40,545.9048416666666,596.5157999999999,2025-11-05;2025-11-12;2025-11-19;2025-11-26,False,50.610958333333315,causal_load_main,day_ahead_planning
2025-12-03,142,23:50,552.9325083333333,602.8648,2025-11-05;2025-11-12;2025-11-19;2025-11-26,False,49.93229166666663,causal_load_main,day_ahead_planning
2025-12-03,143,0:00+1,572.8804166666666,601.9166666666666,2025-11-05;2025-11-12;2025-11-19;2025-11-26,False,29.036249999999995,causal_load_main,day_ahead_planning
2025-12-04,0,00:10,560.9972875,612.9184666666666,2025-11-06;2025-11-13;2025-11-20;2025-11-27,False,51.92117916666666,causal_load_main,day_ahead_planning
2025-12-04,1,00:20,564.7186833333333,598.4276166666666,2025-11-06;2025-11-13;2025-11-20;2025-11-27,False,33.708933333333334,causal_load_main,day_ahead_planning
2025-12-04,2,00:30,585.05625,561.9266666666666,2025-11-06;2025-11-13;2025-11-20;2025-11-27,False,23.129583333333358,causal_load_main,day_ahead_planning
2025-12-04,3,00:40,573.9057833333333,556.16585,2025-11-06;2025-11-13;2025-11-20;2025-11-27,False,17.739933333333283,causal_load_main,day_ahead_planning
2025-12-04,4,00:50,565.4392666666665,605.5646333333333,2025-11-06;2025-11-13;2025-11-20;2025-11-27,False,40.125366666666764,causal_load_main,day_ahead_planning
2025-12-04,5,01:00,575.48375,649.8249999999999,2025-11-06;2025-11-13;2025-11-20;2025-11-27,False,74.34124999999995,causal_load_main,day_ahead_planning
2025-12-04,6,01:10,583.0282416666666,605.0016166666667,2025-11-06;2025-11-13;2025-11-20;2025-11-27,False,21.973375000000033,causal_load_main,day_ahead_planning
2025-12-04,7,01:20,579.1937958333333,593.8768833333334,2025-11-06;2025-11-13;2025-11-20;2025-11-27,False,14.683087500000056,causal_load_main,day_ahead_planning
2025-12-04,8,01:30,575.5445833333333,637.4766666666667,2025-11-06;2025-11-13;2025-11-20;2025-11-27,False,61.93208333333337,causal_load_main,day_ahead_planning
2025-12-04,9,01:40,589.4445,636.3686833333334,2025-11-06;2025-11-13;2025-11-20;2025-11-27,False,46.92418333333342,causal_load_main,day_ahead_planning
2025-12-04,10,01:50,594.9890791666666,624.6713166666666,2025-11-06;2025-11-13;2025-11-20;2025-11-27,False,29.682237500000042,causal_load_main,day_ahead_planning
2025-12-04,11,02:00,587.7783333333333,631.6283333333333,2025-11-06;2025-11-13;2025-11-20;2025-11-27,False,43.85000000000002,causal_load_main,day_ahead_planning
2025-12-04,12,02:10,588.4593208333333,645.4946666666666,2025-11-06;2025-11-13;2025-11-20;2025-11-27,False,57.03534583333328,causal_load_main,day_ahead_planning
2025-12-04,13,02:20,588.5969541666666,651.2597499999999,2025-11-06;2025-11-13;2025-11-20;2025-11-27,False,62.66279583333335,causal_load_main,day_ahead_planning
2025-12-04,14,02:30,589.4649999999999,653.0716666666666,2025-11-06;2025-11-13;2025-11-20;2025-11-27,False,63.60666666666668,causal_load_main,day_ahead_planning
2025-12-04,15,02:40,602.1858208333333,666.4070999999999,2025-11-06;2025-11-13;2025-11-20;2025-11-27,False,64.22127916666659,causal_load_main,day_ahead_planning
2025-12-04,16,02:50,608.8008958333332,674.5431666666666,2025-11-06;2025-11-13;2025-11-20;2025-11-27,False,65.74227083333335,causal_load_main,day_ahead_planning
2025-12-04,17,03:00,603.70875,666.805,2025-11-06;2025-11-13;2025-11-20;2025-11-27,False,63.09624999999994,causal_load_main,day_ahead_planning
2025-12-04,18,03:10,598.5028416666667,653.9120666666666,2025-11-06;2025-11-13;2025-11-20;2025-11-27,False,55.40922499999999,causal_load_main,day_ahead_planning
2025-12-04,19,03:20,594.4154916666666,672.44525,2025-11-06;2025-11-13;2025-11-20;2025-11-27,False,78.02975833333335,causal_load_main,day_ahead_planning
2025-12-04,20,03:30,592.8341666666666,709.2116666666667,2025-11-06;2025-11-13;2025-11-20;2025-11-27,False,116.37750000000005,causal_load_main,day_ahead_planning
2025-12-04,21,03:40,597.1245791666665,712.0353499999999,2025-11-06;2025-11-13;2025-11-20;2025-11-27,False,114.91077083333334,causal_load_main,day_ahead_planning
2025-12-04,22,03:50,606.5118249999999,697.1003166666666,2025-11-06;2025-11-13;2025-11-20;2025-11-27,False,90.58849166666664,causal_load_main,day_ahead_planning
2025-12-04,23,04:00,614.5883333333333,697.495,2025-11-06;2025-11-13;2025-11-20;2025-11-27,False,82.90666666666675,causal_load_main,day_ahead_planning
2025-12-04,24,04:10,612.3696249999999,724.6378833333333,2025-11-06;2025-11-13;2025-11-20;2025-11-27,False,112.26825833333339,causal_load_main,day_ahead_planning
2025-12-04,25,04:20,599.4321333333332,711.2717166666666,2025-11-06;2025-11-13;2025-11-20;2025-11-27,False,111.8395833333334,causal_load_main,day_ahead_planning
2025-12-04,26,04:30,591.3916666666667,679.6099999999999,2025-11-06;2025-11-13;2025-11-20;2025-11-27,False,88.21833333333325,causal_load_main,day_ahead_planning
2025-12-04,27,04:40,606.2297,713.6951166666665,2025-11-06;2025-11-13;2025-11-20;2025-11-27,False,107.46541666666656,causal_load_main,day_ahead_planning
2025-12-04,28,04:50,617.1689708333333,714.4745666666665,2025-11-06;2025-11-13;2025-11-20;2025-11-27,False,97.3055958333332,causal_load_main,day_ahead_planning
2025-12-04,29,05:00,612.8125,674.9816666666666,2025-11-06;2025-11-13;2025-11-20;2025-11-27,False,62.16916666666657,causal_load_main,day_ahead_planning
2025-12-04,30,05:10,607.4158416666667,689.7351,2025-11-06;2025-11-13;2025-11-20;2025-11-27,False,82.31925833333332,causal_load_main,day_ahead_planning
2025-12-04,31,05:20,610.093075,705.3463666666667,2025-11-06;2025-11-13;2025-11-20;2025-11-27,False,95.25329166666666,causal_load_main,day_ahead_planning
2025-12-04,32,05:30,608.7508333333333,684.2166666666667,2025-11-06;2025-11-13;2025-11-20;2025-11-27,False,75.46583333333342,causal_load_main,day_ahead_planning
2025-12-04,33,05:40,598.4400708333333,665.6086,2025-11-06;2025-11-13;2025-11-20;2025-11-27,False,67.16852916666676,causal_load_main,day_ahead_planning
2025-12-04,34,05:50,674.2435875,769.3920166666667,2025-11-06;2025-11-13;2025-11-20;2025-11-27,False,95.14842916666669,causal_load_main,day_ahead_planning
2025-12-04,35,06:00,795.8654166666665,915.2366666666667,2025-11-06;2025-11-13;2025-11-20;2025-11-27,False,119.37125000000015,causal_load_main,day_ahead_planning
2025-12-04,36,06:10,816.2001791666667,896.5058166666665,2025-11-06;2025-11-13;2025-11-20;2025-11-27,False,80.30563749999988,causal_load_main,day_ahead_planning
2025-12-04,37,06:20,800.2745708333332,872.4469166666665,2025-11-06;2025-11-13;2025-11-20;2025-11-27,False,72.17234583333334,causal_load_main,day_ahead_planning
2025-12-04,38,06:30,798.7570833333333,916.2266666666666,2025-11-06;2025-11-13;2025-11-20;2025-11-27,False,117.46958333333328,causal_load_main,day_ahead_planning
2025-12-04,39,06:40,798.7585750000001,938.8716666666666,2025-11-06;2025-11-13;2025-11-20;2025-11-27,False,140.1130916666665,causal_load_main,day_ahead_planning
2025-12-04,40,06:50,808.5426,924.2165,2025-11-06;2025-11-13;2025-11-20;2025-11-27,False,115.6739,causal_load_main,day_ahead_planning
2025-12-04,41,07:00,814.1912499999999,910.4316666666666,2025-11-06;2025-11-13;2025-11-20;2025-11-27,False,96.24041666666676,causal_load_main,day_ahead_planning
2025-12-04,42,07:10,792.2936458333332,939.9062833333334,2025-11-06;2025-11-13;2025-11-20;2025-11-27,False,147.61263750000012,causal_load_main,day_ahead_planning
2025-12-04,43,07:20,790.9194833333332,938.6479999999999,2025-11-06;2025-11-13;2025-11-20;2025-11-27,False,147.72851666666668,causal_load_main,day_ahead_planning
2025-12-04,44,07:30,797.4591666666665,879.8399999999999,2025-11-06;2025-11-13;2025-11-20;2025-11-27,False,82.38083333333338,causal_load_main,day_ahead_planning
2025-12-04,45,07:40,776.6738791666667,834.9980499999999,2025-11-06;2025-11-13;2025-11-20;2025-11-27,False,58.324170833333255,causal_load_main,day_ahead_planning
2025-12-04,46,07:50,905.1600208333333,952.2389499999999,2025-11-06;2025-11-13;2025-11-20;2025-11-27,False,47.078929166666626,causal_load_main,day_ahead_planning
2025-12-04,47,08:00,1115.6254166666668,1167.1933333333332,2025-11-06;2025-11-13;2025-11-20;2025-11-27,False,51.567916666666406,causal_load_main,day_ahead_planning
2025-12-04,48,08:10,1140.5641708333333,1251.1764666666666,2025-11-06;2025-11-13;2025-11-20;2025-11-27,False,110.61229583333329,causal_load_main,day_ahead_planning
2025-12-04,49,08:20,1097.3231041666666,1239.9715333333334,2025-11-06;2025-11-13;2025-11-20;2025-11-27,False,142.6484291666668,causal_load_main,day_ahead_planning
2025-12-04,50,08:30,1085.6129166666665,1205.0816666666665,2025-11-06;2025-11-13;2025-11-20;2025-11-27,False,119.46875,causal_load_main,day_ahead_planning
2025-12-04,51,08:40,1089.8494999999998,1181.7602833333333,2025-11-06;2025-11-13;2025-11-20;2025-11-27,False,91.91078333333348,causal_load_main,day_ahead_planning
2025-12-04,52,08:50,1101.4270333333334,1190.1417,2025-11-06;2025-11-13;2025-11-20;2025-11-27,False,88.71466666666652,causal_load_main,day_ahead_planning
2025-12-04,53,09:00,1107.35375,1204.7966666666666,2025-11-06;2025-11-13;2025-11-20;2025-11-27,False,97.44291666666663,causal_load_main,day_ahead_planning
2025-12-04,54,09:10,1094.494375,1182.5972833333333,2025-11-06;2025-11-13;2025-11-20;2025-11-27,False,88.10290833333329,causal_load_main,day_ahead_planning
2025-12-04,55,09:20,1078.4567249999998,1175.1597833333333,2025-11-06;2025-11-13;2025-11-20;2025-11-27,False,96.7030583333335,causal_load_main,day_ahead_planning
2025-12-04,56,09:30,1074.08625,1188.9966666666664,2025-11-06;2025-11-13;2025-11-20;2025-11-27,False,114.91041666666638,causal_load_main,day_ahead_planning
2025-12-04,57,09:40,1084.1042666666665,1182.2437333333332,2025-11-06;2025-11-13;2025-11-20;2025-11-27,False,98.13946666666675,causal_load_main,day_ahead_planning
2025-12-04,58,09:50,1094.9597374999998,1193.7244999999998,2025-11-06;2025-11-13;2025-11-20;2025-11-27,False,98.76476249999996,causal_load_main,day_ahead_planning
2025-12-04,59,10:00,1091.5229166666666,1219.09,2025-11-06;2025-11-13;2025-11-20;2025-11-27,False,127.56708333333336,causal_load_main,day_ahead_planning
2025-12-04,60,10:10,1070.9874041666667,1206.1765166666667,2025-11-06;2025-11-13;2025-11-20;2025-11-27,False,135.18911249999996,causal_load_main,day_ahead_planning
2025-12-04,61,10:20,1068.1899958333331,1168.30825,2025-11-06;2025-11-13;2025-11-20;2025-11-27,False,100.11825416666693,causal_load_main,day_ahead_planning
2025-12-04,62,10:30,1080.8070833333331,1143.295,2025-11-06;2025-11-13;2025-11-20;2025-11-27,False,62.48791666666693,causal_load_main,day_ahead_planning
2025-12-04,63,10:40,1073.8708833333333,1155.9577166666666,2025-11-06;2025-11-13;2025-11-20;2025-11-27,False,82.08683333333329,causal_load_main,day_ahead_planning
2025-12-04,64,10:50,1067.0445583333333,1152.9857,2025-11-06;2025-11-13;2025-11-20;2025-11-27,False,85.94114166666668,causal_load_main,day_ahead_planning
2025-12-04,65,11:00,1072.0558333333333,1140.17,2025-11-06;2025-11-13;2025-11-20;2025-11-27,False,68.11416666666673,causal_load_main,day_ahead_planning
2025-12-04,66,11:10,1077.6879749999998,1171.7230833333333,2025-11-06;2025-11-13;2025-11-20;2025-11-27,False,94.03510833333348,causal_load_main,day_ahead_planning
2025-12-04,67,11:20,1070.3220375,1184.1661333333332,2025-11-06;2025-11-13;2025-11-20;2025-11-27,False,113.84409583333309,causal_load_main,day_ahead_planning
2025-12-04,68,11:30,1057.7554166666666,1163.08,2025-11-06;2025-11-13;2025-11-20;2025-11-27,False,105.3245833333333,causal_load_main,day_ahead_planning
2025-12-04,69,11:40,1056.6493166666664,1152.3538833333332,2025-11-06;2025-11-13;2025-11-20;2025-11-27,False,95.70456666666678,causal_load_main,day_ahead_planning
2025-12-04,70,11:50,1034.2785083333333,1114.60505,2025-11-06;2025-11-13;2025-11-20;2025-11-27,False,80.32654166666657,causal_load_main,day_ahead_planning
2025-12-04,71,12:00,996.6258333333333,1056.8899999999999,2025-11-06;2025-11-13;2025-11-20;2025-11-27,False,60.2641666666666,causal_load_main,day_ahead_planning
2025-12-04,72,12:10,987.4876125,1040.7786166666665,2025-11-06;2025-11-13;2025-11-20;2025-11-27,False,53.29100416666654,causal_load_main,day_ahead_planning
2025-12-04,73,12:20,996.6606958333333,1080.63205,2025-11-06;2025-11-13;2025-11-20;2025-11-27,False,83.97135416666663,causal_load_main,day_ahead_planning
2025-12-04,74,12:30,998.10875,1115.8233333333333,2025-11-06;2025-11-13;2025-11-20;2025-11-27,False,117.71458333333328,causal_load_main,day_ahead_planning
2025-12-04,75,12:40,981.8310916666666,1071.163183333333,2025-11-06;2025-11-13;2025-11-20;2025-11-27,False,89.33209166666654,causal_load_main,day_ahead_planning
2025-12-04,76,12:50,1005.1211375,1057.0257666666666,2025-11-06;2025-11-13;2025-11-20;2025-11-27,False,51.90462916666661,causal_load_main,day_ahead_planning
2025-12-04,77,13:00,1052.7725,1093.315,2025-11-06;2025-11-13;2025-11-20;2025-11-27,False,40.54250000000002,causal_load_main,day_ahead_planning
2025-12-04,78,13:10,1049.9513916666665,1091.5238166666666,2025-11-06;2025-11-13;2025-11-20;2025-11-27,False,41.57242500000007,causal_load_main,day_ahead_planning
2025-12-04,79,13:20,1038.4457666666667,1078.3303166666665,2025-11-06;2025-11-13;2025-11-20;2025-11-27,False,39.88454999999976,causal_load_main,day_ahead_planning
2025-12-04,80,13:30,1039.2262499999997,1079.7416666666666,2025-11-06;2025-11-13;2025-11-20;2025-11-27,False,40.51541666666685,causal_load_main,day_ahead_planning
2025-12-04,81,13:40,1031.6978458333333,1088.3958333333333,2025-11-06;2025-11-13;2025-11-20;2025-11-27,False,56.697987499999954,causal_load_main,day_ahead_planning
2025-12-04,82,13:50,1031.7704583333332,1088.3781999999999,2025-11-06;2025-11-13;2025-11-20;2025-11-27,False,56.6077416666667,causal_load_main,day_ahead_planning
2025-12-04,83,14:00,1041.1329166666665,1084.9416666666666,2025-11-06;2025-11-13;2025-11-20;2025-11-27,False,43.808750000000146,causal_load_main,day_ahead_planning
2025-12-04,84,14:10,1041.488175,1093.3569,2025-11-06;2025-11-13;2025-11-20;2025-11-27,False,51.86872500000004,causal_load_main,day_ahead_planning
2025-12-04,85,14:20,1030.8207833333333,1079.8198,2025-11-06;2025-11-13;2025-11-20;2025-11-27,False,48.99901666666665,causal_load_main,day_ahead_planning
2025-12-04,86,14:30,1025.0154166666666,1059.7733333333333,2025-11-06;2025-11-13;2025-11-20;2025-11-27,False,34.75791666666669,causal_load_main,day_ahead_planning
2025-12-04,87,14:40,1039.8899875,1081.2517166666667,2025-11-06;2025-11-13;2025-11-20;2025-11-27,False,41.36172916666669,causal_load_main,day_ahead_planning
2025-12-04,88,14:50,1039.0730833333332,1079.5475333333334,2025-11-06;2025-11-13;2025-11-20;2025-11-27,False,40.47445000000016,causal_load_main,day_ahead_planning
2025-12-04,89,15:00,1026.3616666666667,1051.31,2025-11-06;2025-11-13;2025-11-20;2025-11-27,False,24.948333333333267,causal_load_main,day_ahead_planning
2025-12-04,90,15:10,1039.1071625,1057.2139499999998,2025-11-06;2025-11-13;2025-11-20;2025-11-27,False,18.106787499999882,causal_load_main,day_ahead_planning
2025-12-04,91,15:20,1037.9858749999999,1055.9527833333332,2025-11-06;2025-11-13;2025-11-20;2025-11-27,False,17.966908333333322,causal_load_main,day_ahead_planning
2025-12-04,92,15:30,1022.3029166666666,1043.4216666666666,2025-11-06;2025-11-13;2025-11-20;2025-11-27,False,21.118749999999977,causal_load_main,day_ahead_planning
2025-12-04,93,15:40,1030.029508333333,1059.0388166666667,2025-11-06;2025-11-13;2025-11-20;2025-11-27,False,29.009308333333593,causal_load_main,day_ahead_planning
2025-12-04,94,15:50,1022.9050166666666,1064.0135166666666,2025-11-06;2025-11-13;2025-11-20;2025-11-27,False,41.10850000000005,causal_load_main,day_ahead_planning
2025-12-04,95,16:00,1003.0224999999999,1055.1149999999998,2025-11-06;2025-11-13;2025-11-20;2025-11-27,False,52.09249999999986,causal_load_main,day_ahead_planning
2025-12-04,96,16:10,1014.1947,1065.4445666666666,2025-11-06;2025-11-13;2025-11-20;2025-11-27,False,51.24986666666655,causal_load_main,day_ahead_planning
2025-12-04,97,16:20,1028.0726416666666,1053.4953,2025-11-06;2025-11-13;2025-11-20;2025-11-27,False,25.422658333333402,causal_load_main,day_ahead_planning
2025-12-04,98,16:30,1024.28375,1033.8283333333334,2025-11-06;2025-11-13;2025-11-20;2025-11-27,False,9.544583333333321,causal_load_main,day_ahead_planning
2025-12-04,99,16:40,1014.1019125,1061.9501,2025-11-06;2025-11-13;2025-11-20;2025-11-27,False,47.848187499999995,causal_load_main,day_ahead_planning
2025-12-04,100,16:50,1026.4272999999998,1060.7878166666665,2025-11-06;2025-11-13;2025-11-20;2025-11-27,False,34.360516666666626,causal_load_main,day_ahead_planning
2025-12-04,101,17:00,1043.0216666666665,1032.44,2025-11-06;2025-11-13;2025-11-20;2025-11-27,False,10.581666666666479,causal_load_main,day_ahead_planning
2025-12-04,102,17:10,1017.7526291666666,1051.35865,2025-11-06;2025-11-13;2025-11-20;2025-11-27,False,33.60602083333333,causal_load_main,day_ahead_planning
2025-12-04,103,17:20,996.6731666666667,1035.3166166666665,2025-11-06;2025-11-13;2025-11-20;2025-11-27,False,38.6434499999998,causal_load_main,day_ahead_planning
2025-12-04,104,17:30,1021.1145833333333,1009.1433333333332,2025-11-06;2025-11-13;2025-11-20;2025-11-27,False,11.971250000000055,causal_load_main,day_ahead_planning
2025-12-04,105,17:40,1062.4370999999999,1063.5103833333333,2025-11-06;2025-11-13;2025-11-20;2025-11-27,False,1.0732833333333929,causal_load_main,day_ahead_planning
2025-12-04,106,17:50,938.40365,976.7284833333333,2025-11-06;2025-11-13;2025-11-20;2025-11-27,False,38.324833333333345,causal_load_main,day_ahead_planning
2025-12-04,107,18:00,723.5754166666666,769.2933333333333,2025-11-06;2025-11-13;2025-11-20;2025-11-27,False,45.717916666666724,causal_load_main,day_ahead_planning
2025-12-04,108,18:10,688.8426833333333,702.7623666666666,2025-11-06;2025-11-13;2025-11-20;2025-11-27,False,13.919683333333296,causal_load_main,day_ahead_planning
2025-12-04,109,18:20,716.4739833333333,717.7806166666666,2025-11-06;2025-11-13;2025-11-20;2025-11-27,False,1.3066333333332523,causal_load_main,day_ahead_planning
2025-12-04,110,18:30,715.8983333333333,726.3666666666666,2025-11-06;2025-11-13;2025-11-20;2025-11-27,False,10.468333333333248,causal_load_main,day_ahead_planning
2025-12-04,111,18:40,717.6133541666666,711.7782,2025-11-06;2025-11-13;2025-11-20;2025-11-27,False,5.835154166666598,causal_load_main,day_ahead_planning
2025-12-04,112,18:50,725.8174750000001,718.6953166666667,2025-11-06;2025-11-13;2025-11-20;2025-11-27,False,7.122158333333346,causal_load_main,day_ahead_planning
2025-12-04,113,19:00,728.8133333333333,738.7950000000001,2025-11-06;2025-11-13;2025-11-20;2025-11-27,False,9.981666666666797,causal_load_main,day_ahead_planning
2025-12-04,114,19:10,715.5640958333333,721.1818333333333,2025-11-06;2025-11-13;2025-11-20;2025-11-27,False,5.617737499999976,causal_load_main,day_ahead_planning
2025-12-04,115,19:20,708.2605874999999,712.6969166666665,2025-11-06;2025-11-13;2025-11-20;2025-11-27,False,4.43632916666661,causal_load_main,day_ahead_planning
2025-12-04,116,19:30,712.6520833333333,717.4466666666667,2025-11-06;2025-11-13;2025-11-20;2025-11-27,False,4.794583333333435,causal_load_main,day_ahead_planning
2025-12-04,117,19:40,713.8486374999999,697.90555,2025-11-06;2025-11-13;2025-11-20;2025-11-27,False,15.943087499999933,causal_load_main,day_ahead_planning
2025-12-04,118,19:50,713.6373666666666,717.0856666666666,2025-11-06;2025-11-13;2025-11-20;2025-11-27,False,3.4483000000000175,causal_load_main,day_ahead_planning
2025-12-04,119,20:00,715.79375,759.5066666666667,2025-11-06;2025-11-13;2025-11-20;2025-11-27,False,43.712916666666615,causal_load_main,day_ahead_planning
2025-12-04,120,20:10,721.9758208333333,742.2878499999999,2025-11-06;2025-11-13;2025-11-20;2025-11-27,False,20.31202916666666,causal_load_main,day_ahead_planning
2025-12-04,121,20:20,734.4659333333333,727.55405,2025-11-06;2025-11-13;2025-11-20;2025-11-27,False,6.911883333333321,causal_load_main,day_ahead_planning
2025-12-04,122,20:30,739.3141666666666,749.19,2025-11-06;2025-11-13;2025-11-20;2025-11-27,False,9.875833333333503,causal_load_main,day_ahead_planning
2025-12-04,123,20:40,720.7202749999999,772.9340166666666,2025-11-06;2025-11-13;2025-11-20;2025-11-27,False,52.21374166666669,causal_load_main,day_ahead_planning
2025-12-04,124,20:50,718.8990958333333,757.1559666666667,2025-11-06;2025-11-13;2025-11-20;2025-11-27,False,38.25687083333344,causal_load_main,day_ahead_planning
2025-12-04,125,21:00,737.1804166666666,719.6833333333334,2025-11-06;2025-11-13;2025-11-20;2025-11-27,False,17.497083333333194,causal_load_main,day_ahead_planning
2025-12-04,126,21:10,739.2092791666666,717.8252666666667,2025-11-06;2025-11-13;2025-11-20;2025-11-27,False,21.384012499999926,causal_load_main,day_ahead_planning
2025-12-04,127,21:20,734.2330666666667,726.1895833333333,2025-11-06;2025-11-13;2025-11-20;2025-11-27,False,8.04348333333337,causal_load_main,day_ahead_planning
2025-12-04,128,21:30,744.92875,736.3933333333332,2025-11-06;2025-11-13;2025-11-20;2025-11-27,False,8.535416666666833,causal_load_main,day_ahead_planning
2025-12-04,129,21:40,764.6046166666666,750.8380999999999,2025-11-06;2025-11-13;2025-11-20;2025-11-27,False,13.76651666666669,causal_load_main,day_ahead_planning
2025-12-04,130,21:50,672.4562583333333,669.6658833333333,2025-11-06;2025-11-13;2025-11-20;2025-11-27,False,2.7903749999999263,causal_load_main,day_ahead_planning
2025-12-04,131,22:00,529.1895833333333,549.1133333333332,2025-11-06;2025-11-13;2025-11-20;2025-11-27,False,19.923749999999927,causal_load_main,day_ahead_planning
2025-12-04,132,22:10,526.9324791666666,553.2073166666667,2025-11-06;2025-11-13;2025-11-20;2025-11-27,False,26.274837500000103,causal_load_main,day_ahead_planning
2025-12-04,133,22:20,549.362525,555.9542333333333,2025-11-06;2025-11-13;2025-11-20;2025-11-27,False,6.5917083333332585,causal_load_main,day_ahead_planning
2025-12-04,134,22:30,539.0674999999999,519.3433333333332,2025-11-06;2025-11-13;2025-11-20;2025-11-27,False,19.724166666666633,causal_load_main,day_ahead_planning
2025-12-04,135,22:40,552.1928833333333,535.6615833333333,2025-11-06;2025-11-13;2025-11-20;2025-11-27,False,16.531299999999987,causal_load_main,day_ahead_planning
2025-12-04,136,22:50,549.0953708333333,569.9723333333333,2025-11-06;2025-11-13;2025-11-20;2025-11-27,False,20.87696249999999,causal_load_main,day_ahead_planning
2025-12-04,137,23:00,539.8387499999999,588.8116666666666,2025-11-06;2025-11-13;2025-11-20;2025-11-27,False,48.97291666666672,causal_load_main,day_ahead_planning
2025-12-04,138,23:10,576.0375375,595.4752,2025-11-06;2025-11-13;2025-11-20;2025-11-27,False,19.437662499999988,causal_load_main,day_ahead_planning
2025-12-04,139,23:20,579.8854249999999,599.7848833333333,2025-11-06;2025-11-13;2025-11-20;2025-11-27,False,19.899458333333314,causal_load_main,day_ahead_planning
2025-12-04,140,23:30,555.8199999999999,606.9983333333332,2025-11-06;2025-11-13;2025-11-20;2025-11-27,False,51.178333333333285,causal_load_main,day_ahead_planning
2025-12-04,141,23:40,573.4144791666665,602.1696,2025-11-06;2025-11-13;2025-11-20;2025-11-27,False,28.75512083333342,causal_load_main,day_ahead_planning
2025-12-04,142,23:50,509.9232333333333,518.5776666666666,2025-11-06;2025-11-13;2025-11-20;2025-11-27,False,8.654433333333259,causal_load_main,day_ahead_planning
2025-12-04,143,0:00+1,394.34749999999997,408.4866666666667,2025-11-06;2025-11-13;2025-11-20;2025-11-27,False,14.13916666666671,causal_load_main,day_ahead_planning
2025-12-05,0,00:10,393.621175,407.7307166666667,2025-11-07;2025-11-14;2025-11-21;2025-11-28,False,14.1095416666667,causal_load_main,day_ahead_planning
2025-12-05,1,00:20,425.80779583333333,459.73998333333327,2025-11-07;2025-11-14;2025-11-21;2025-11-28,False,33.93218749999994,causal_load_main,day_ahead_planning
2025-12-05,2,00:30,430.51333333333326,476.06,2025-11-07;2025-11-14;2025-11-21;2025-11-28,False,45.54666666666674,causal_load_main,day_ahead_planning
2025-12-05,3,00:40,429.38955,422.1657666666666,2025-11-07;2025-11-14;2025-11-21;2025-11-28,False,7.223783333333358,causal_load_main,day_ahead_planning
2025-12-05,4,00:50,428.24067916666667,403.57124999999996,2025-11-07;2025-11-14;2025-11-21;2025-11-28,False,24.669429166666703,causal_load_main,day_ahead_planning
2025-12-05,5,01:00,424.5208333333333,446.4583333333333,2025-11-07;2025-11-14;2025-11-21;2025-11-28,False,21.9375,causal_load_main,day_ahead_planning
2025-12-05,6,01:10,417.131825,474.8602166666667,2025-11-07;2025-11-14;2025-11-21;2025-11-28,False,57.72839166666671,causal_load_main,day_ahead_planning
2025-12-05,7,01:20,423.2929375,462.60518333333334,2025-11-07;2025-11-14;2025-11-21;2025-11-28,False,39.31224583333335,causal_load_main,day_ahead_planning
2025-12-05,8,01:30,436.4616666666667,438.1533333333333,2025-11-07;2025-11-14;2025-11-21;2025-11-28,False,1.691666666666606,causal_load_main,day_ahead_planning
2025-12-05,9,01:40,433.2829333333333,453.1771,2025-11-07;2025-11-14;2025-11-21;2025-11-28,False,19.894166666666706,causal_load_main,day_ahead_planning
2025-12-05,10,01:50,435.2695791666667,488.17113333333333,2025-11-07;2025-11-14;2025-11-21;2025-11-28,False,52.90155416666664,causal_load_main,day_ahead_planning
2025-12-05,11,02:00,443.6658333333333,498.2733333333333,2025-11-07;2025-11-14;2025-11-21;2025-11-28,False,54.607500000000016,causal_load_main,day_ahead_planning
2025-12-05,12,02:10,437.9481125,459.7876166666666,2025-11-07;2025-11-14;2025-11-21;2025-11-28,False,21.839504166666643,causal_load_main,day_ahead_planning
2025-12-05,13,02:20,436.72907499999997,457.5840666666666,2025-11-07;2025-11-14;2025-11-21;2025-11-28,False,20.85499166666665,causal_load_main,day_ahead_planning
2025-12-05,14,02:30,446.40708333333333,500.2966666666667,2025-11-07;2025-11-14;2025-11-21;2025-11-28,False,53.88958333333335,causal_load_main,day_ahead_planning
2025-12-05,15,02:40,452.66726666666665,516.6884333333333,2025-11-07;2025-11-14;2025-11-21;2025-11-28,False,64.0211666666666,causal_load_main,day_ahead_planning
2025-12-05,16,02:50,448.2750791666666,527.7995333333333,2025-11-07;2025-11-14;2025-11-21;2025-11-28,False,79.52445416666671,causal_load_main,day_ahead_planning
2025-12-05,17,03:00,440.3479166666666,531.9649999999999,2025-11-07;2025-11-14;2025-11-21;2025-11-28,False,91.61708333333331,causal_load_main,day_ahead_planning
2025-12-05,18,03:10,442.39291249999997,499.21274999999997,2025-11-07;2025-11-14;2025-11-21;2025-11-28,False,56.819837500000006,causal_load_main,day_ahead_planning
2025-12-05,19,03:20,444.75752916666664,472.5482833333333,2025-11-07;2025-11-14;2025-11-21;2025-11-28,False,27.79075416666666,causal_load_main,day_ahead_planning
2025-12-05,20,03:30,446.11541666666665,480.98,2025-11-07;2025-11-14;2025-11-21;2025-11-28,False,34.86458333333337,causal_load_main,day_ahead_planning
2025-12-05,21,03:40,454.5892333333333,512.3078833333333,2025-11-07;2025-11-14;2025-11-21;2025-11-28,False,57.71864999999997,causal_load_main,day_ahead_planning
2025-12-05,22,03:50,459.42511666666667,522.7347166666666,2025-11-07;2025-11-14;2025-11-21;2025-11-28,False,63.30959999999993,causal_load_main,day_ahead_planning
2025-12-05,23,04:00,452.59416666666664,511.17833333333334,2025-11-07;2025-11-14;2025-11-21;2025-11-28,False,58.584166666666704,causal_load_main,day_ahead_planning
2025-12-05,24,04:10,437.55392916666665,516.9840666666666,2025-11-07;2025-11-14;2025-11-21;2025-11-28,False,79.4301375,causal_load_main,day_ahead_planning
2025-12-05,25,04:20,432.449975,539.1749,2025-11-07;2025-11-14;2025-11-21;2025-11-28,False,106.72492499999998,causal_load_main,day_ahead_planning
2025-12-05,26,04:30,439.56125,543.0466666666666,2025-11-07;2025-11-14;2025-11-21;2025-11-28,False,103.48541666666665,causal_load_main,day_ahead_planning
2025-12-05,27,04:40,444.71477916666663,503.4746666666666,2025-11-07;2025-11-14;2025-11-21;2025-11-28,False,58.75988749999999,causal_load_main,day_ahead_planning
2025-12-05,28,04:50,445.7620875,519.3477166666667,2025-11-07;2025-11-14;2025-11-21;2025-11-28,False,73.58562916666665,causal_load_main,day_ahead_planning
2025-12-05,29,05:00,444.04249999999996,568.8083333333333,2025-11-07;2025-11-14;2025-11-21;2025-11-28,False,124.76583333333332,causal_load_main,day_ahead_planning
2025-12-05,30,05:10,442.6112958333333,534.6950666666667,2025-11-07;2025-11-14;2025-11-21;2025-11-28,False,92.08377083333335,causal_load_main,day_ahead_planning
2025-12-05,31,05:20,449.6422291666666,520.5372,2025-11-07;2025-11-14;2025-11-21;2025-11-28,False,70.89497083333339,causal_load_main,day_ahead_planning
2025-12-05,32,05:30,459.26,547.7566666666667,2025-11-07;2025-11-14;2025-11-21;2025-11-28,False,88.49666666666667,causal_load_main,day_ahead_planning
2025-12-05,33,05:40,457.8592083333333,531.60795,2025-11-07;2025-11-14;2025-11-21;2025-11-28,False,73.74874166666666,causal_load_main,day_ahead_planning
2025-12-05,34,05:50,461.08055,516.1658833333333,2025-11-07;2025-11-14;2025-11-21;2025-11-28,False,55.085333333333324,causal_load_main,day_ahead_planning
2025-12-05,35,06:00,466.1808333333333,526.6666666666666,2025-11-07;2025-11-14;2025-11-21;2025-11-28,False,60.485833333333346,causal_load_main,day_ahead_planning
2025-12-05,36,06:10,456.3769083333333,538.9124999999999,2025-11-07;2025-11-14;2025-11-21;2025-11-28,False,82.53559166666662,causal_load_main,day_ahead_planning
2025-12-05,37,06:20,460.04740833333324,541.4192666666667,2025-11-07;2025-11-14;2025-11-21;2025-11-28,False,81.37185833333342,causal_load_main,day_ahead_planning
2025-12-05,38,06:30,468.60749999999996,530.26,2025-11-07;2025-11-14;2025-11-21;2025-11-28,False,61.65250000000003,causal_load_main,day_ahead_planning
2025-12-05,39,06:40,449.8303833333333,521.14545,2025-11-07;2025-11-14;2025-11-21;2025-11-28,False,71.31506666666667,causal_load_main,day_ahead_planning
2025-12-05,40,06:50,467.1604583333333,586.7537833333333,2025-11-07;2025-11-14;2025-11-21;2025-11-28,False,119.59332500000005,causal_load_main,day_ahead_planning
2025-12-05,41,07:00,519.4575,668.8249999999999,2025-11-07;2025-11-14;2025-11-21;2025-11-28,False,149.36749999999995,causal_load_main,day_ahead_planning
2025-12-05,42,07:10,537.5857374999999,631.2918,2025-11-07;2025-11-14;2025-11-21;2025-11-28,False,93.70606250000003,causal_load_main,day_ahead_planning
2025-12-05,43,07:20,535.9795958333333,601.1488333333333,2025-11-07;2025-11-14;2025-11-21;2025-11-28,False,65.16923750000001,causal_load_main,day_ahead_planning
2025-12-05,44,07:30,537.49875,630.2933333333333,2025-11-07;2025-11-14;2025-11-21;2025-11-28,False,92.79458333333332,causal_load_main,day_ahead_planning
2025-12-05,45,07:40,545.4077874999999,645.9296666666667,2025-11-07;2025-11-14;2025-11-21;2025-11-28,False,100.52187916666674,causal_load_main,day_ahead_planning
2025-12-05,46,07:50,539.7368708333333,645.7173166666666,2025-11-07;2025-11-14;2025-11-21;2025-11-28,False,105.9804458333333,causal_load_main,day_ahead_planning
2025-12-05,47,08:00,525.865,632.7383333333332,2025-11-07;2025-11-14;2025-11-21;2025-11-28,False,106.87333333333322,causal_load_main,day_ahead_planning
2025-12-05,48,08:10,530.0960958333333,607.8082999999999,2025-11-07;2025-11-14;2025-11-21;2025-11-28,False,77.71220416666665,causal_load_main,day_ahead_planning
2025-12-05,49,08:20,538.6846958333333,614.9273333333333,2025-11-07;2025-11-14;2025-11-21;2025-11-28,False,76.2426375,causal_load_main,day_ahead_planning
2025-12-05,50,08:30,534.125,645.8833333333333,2025-11-07;2025-11-14;2025-11-21;2025-11-28,False,111.75833333333333,causal_load_main,day_ahead_planning
2025-12-05,51,08:40,522.9988958333333,653.0707166666666,2025-11-07;2025-11-14;2025-11-21;2025-11-28,False,130.07182083333328,causal_load_main,day_ahead_planning
2025-12-05,52,08:50,576.3758,680.87545,2025-11-07;2025-11-14;2025-11-21;2025-11-28,False,104.49964999999997,causal_load_main,day_ahead_planning
2025-12-05,53,09:00,656.43,727.4649999999999,2025-11-07;2025-11-14;2025-11-21;2025-11-28,False,71.03499999999997,causal_load_main,day_ahead_planning
2025-12-05,54,09:10,649.7268791666667,742.5013,2025-11-07;2025-11-14;2025-11-21;2025-11-28,False,92.77442083333335,causal_load_main,day_ahead_planning
2025-12-05,55,09:20,635.9422291666666,758.39195,2025-11-07;2025-11-14;2025-11-21;2025-11-28,False,122.44972083333334,causal_load_main,day_ahead_planning
2025-12-05,56,09:30,648.1158333333333,763.6149999999999,2025-11-07;2025-11-14;2025-11-21;2025-11-28,False,115.49916666666661,causal_load_main,day_ahead_planning
2025-12-05,57,09:40,639.4538749999999,713.6462666666666,2025-11-07;2025-11-14;2025-11-21;2025-11-28,False,74.19239166666671,causal_load_main,day_ahead_planning
2025-12-05,58,09:50,627.823325,689.4765833333332,2025-11-07;2025-11-14;2025-11-21;2025-11-28,False,61.65325833333327,causal_load_main,day_ahead_planning
2025-12-05,59,10:00,622.1216666666667,712.89,2025-11-07;2025-11-14;2025-11-21;2025-11-28,False,90.76833333333332,causal_load_main,day_ahead_planning
2025-12-05,60,10:10,612.9216624999999,728.0013666666666,2025-11-07;2025-11-14;2025-11-21;2025-11-28,False,115.07970416666672,causal_load_main,day_ahead_planning
2025-12-05,61,10:20,620.5110958333333,732.8897666666667,2025-11-07;2025-11-14;2025-11-21;2025-11-28,False,112.37867083333333,causal_load_main,day_ahead_planning
2025-12-05,62,10:30,632.9124999999999,727.0450000000001,2025-11-07;2025-11-14;2025-11-21;2025-11-28,False,94.13250000000016,causal_load_main,day_ahead_planning
2025-12-05,63,10:40,616.8537625,704.9973499999999,2025-11-07;2025-11-14;2025-11-21;2025-11-28,False,88.14358749999985,causal_load_main,day_ahead_planning
2025-12-05,64,10:50,611.5954041666666,692.3952999999999,2025-11-07;2025-11-14;2025-11-21;2025-11-28,False,80.79989583333327,causal_load_main,day_ahead_planning
2025-12-05,65,11:00,624.5508333333333,691.4466666666667,2025-11-07;2025-11-14;2025-11-21;2025-11-28,False,66.89583333333337,causal_load_main,day_ahead_planning
2025-12-05,66,11:10,622.5216166666667,680.1755666666666,2025-11-07;2025-11-14;2025-11-21;2025-11-28,False,57.653949999999895,causal_load_main,day_ahead_planning
2025-12-05,67,11:20,611.2756999999999,665.4633833333332,2025-11-07;2025-11-14;2025-11-21;2025-11-28,False,54.187683333333325,causal_load_main,day_ahead_planning
2025-12-05,68,11:30,600.8499999999999,664.8483333333334,2025-11-07;2025-11-14;2025-11-21;2025-11-28,False,63.99833333333345,causal_load_main,day_ahead_planning
2025-12-05,69,11:40,595.8776875,686.814,2025-11-07;2025-11-14;2025-11-21;2025-11-28,False,90.93631249999999,causal_load_main,day_ahead_planning
2025-12-05,70,11:50,602.8276458333332,693.2987166666667,2025-11-07;2025-11-14;2025-11-21;2025-11-28,False,90.47107083333344,causal_load_main,day_ahead_planning
2025-12-05,71,12:00,613.7704166666666,681.55,2025-11-07;2025-11-14;2025-11-21;2025-11-28,False,67.77958333333333,causal_load_main,day_ahead_planning
2025-12-05,72,12:10,612.2110708333333,684.3727166666665,2025-11-07;2025-11-14;2025-11-21;2025-11-28,False,72.16164583333318,causal_load_main,day_ahead_planning
2025-12-05,73,12:20,606.7579916666666,689.3980166666666,2025-11-07;2025-11-14;2025-11-21;2025-11-28,False,82.64002500000004,causal_load_main,day_ahead_planning
2025-12-05,74,12:30,604.98,684.1616666666666,2025-11-07;2025-11-14;2025-11-21;2025-11-28,False,79.18166666666662,causal_load_main,day_ahead_planning
2025-12-05,75,12:40,604.9646458333333,671.89715,2025-11-07;2025-11-14;2025-11-21;2025-11-28,False,66.93250416666672,causal_load_main,day_ahead_planning
2025-12-05,76,12:50,597.4120541666666,670.5037166666666,2025-11-07;2025-11-14;2025-11-21;2025-11-28,False,73.09166249999998,causal_load_main,day_ahead_planning
2025-12-05,77,13:00,585.3670833333333,672.56,2025-11-07;2025-11-14;2025-11-21;2025-11-28,False,87.19291666666663,causal_load_main,day_ahead_planning
2025-12-05,78,13:10,582.5311999999999,655.6294833333333,2025-11-07;2025-11-14;2025-11-21;2025-11-28,False,73.09828333333337,causal_load_main,day_ahead_planning
2025-12-05,79,13:20,588.6726375,650.5707,2025-11-07;2025-11-14;2025-11-21;2025-11-28,False,61.89806250000004,causal_load_main,day_ahead_planning
2025-12-05,80,13:30,597.1408333333333,654.6199999999999,2025-11-07;2025-11-14;2025-11-21;2025-11-28,False,57.47916666666663,causal_load_main,day_ahead_planning
2025-12-05,81,13:40,600.7461666666667,634.17215,2025-11-07;2025-11-14;2025-11-21;2025-11-28,False,33.425983333333306,causal_load_main,day_ahead_planning
2025-12-05,82,13:50,601.0738541666666,619.6665666666667,2025-11-07;2025-11-14;2025-11-21;2025-11-28,False,18.59271250000006,causal_load_main,day_ahead_planning
2025-12-05,83,14:00,597.5874999999999,620.7249999999999,2025-11-07;2025-11-14;2025-11-21;2025-11-28,False,23.137500000000045,causal_load_main,day_ahead_planning
2025-12-05,84,14:10,586.6858291666666,618.3727666666666,2025-11-07;2025-11-14;2025-11-21;2025-11-28,False,31.6869375,causal_load_main,day_ahead_planning
2025-12-05,85,14:20,570.3693,627.5619666666666,2025-11-07;2025-11-14;2025-11-21;2025-11-28,False,57.192666666666696,causal_load_main,day_ahead_planning
2025-12-05,86,14:30,562.9525,647.5699999999999,2025-11-07;2025-11-14;2025-11-21;2025-11-28,False,84.61749999999995,causal_load_main,day_ahead_planning
2025-12-05,87,14:40,578.2706499999999,652.6595666666666,2025-11-07;2025-11-14;2025-11-21;2025-11-28,False,74.38891666666666,causal_load_main,day_ahead_planning
2025-12-05,88,14:50,586.0895125,617.8539333333333,2025-11-07;2025-11-14;2025-11-21;2025-11-28,False,31.76442083333336,causal_load_main,day_ahead_planning
2025-12-05,89,15:00,574.8808333333333,576.6933333333333,2025-11-07;2025-11-14;2025-11-21;2025-11-28,False,1.8125,causal_load_main,day_ahead_planning
2025-12-05,90,15:10,564.4762666666667,590.5500333333333,2025-11-07;2025-11-14;2025-11-21;2025-11-28,False,26.073766666666643,causal_load_main,day_ahead_planning
2025-12-05,91,15:20,578.8421958333333,602.9668333333333,2025-11-07;2025-11-14;2025-11-21;2025-11-28,False,24.12463749999995,causal_load_main,day_ahead_planning
2025-12-05,92,15:30,598.6574999999999,597.2249999999999,2025-11-07;2025-11-14;2025-11-21;2025-11-28,False,1.4325000000000045,causal_load_main,day_ahead_planning
2025-12-05,93,15:40,582.3129833333334,610.21435,2025-11-07;2025-11-14;2025-11-21;2025-11-28,False,27.901366666666604,causal_load_main,day_ahead_planning
2025-12-05,94,15:50,572.5606291666667,615.3438166666666,2025-11-07;2025-11-14;2025-11-21;2025-11-28,False,42.78318749999994,causal_load_main,day_ahead_planning
2025-12-05,95,16:00,577.7795833333332,601.6999999999999,2025-11-07;2025-11-14;2025-11-21;2025-11-28,False,23.92041666666671,causal_load_main,day_ahead_planning
2025-12-05,96,16:10,565.207975,586.0433166666667,2025-11-07;2025-11-14;2025-11-21;2025-11-28,False,20.835341666666636,causal_load_main,day_ahead_planning
2025-12-05,97,16:20,559.9140208333333,567.2654666666666,2025-11-07;2025-11-14;2025-11-21;2025-11-28,False,7.351445833333287,causal_load_main,day_ahead_planning
2025-12-05,98,16:30,570.3641666666666,555.2883333333333,2025-11-07;2025-11-14;2025-11-21;2025-11-28,False,15.075833333333321,causal_load_main,day_ahead_planning
2025-12-05,99,16:40,568.6899125,556.8113166666667,2025-11-07;2025-11-14;2025-11-21;2025-11-28,False,11.878595833333293,causal_load_main,day_ahead_planning
2025-12-05,100,16:50,512.1963625,507.59950000000003,2025-11-07;2025-11-14;2025-11-21;2025-11-28,False,4.596862499999929,causal_load_main,day_ahead_planning
2025-12-05,101,17:00,441.65791666666667,447.5716666666666,2025-11-07;2025-11-14;2025-11-21;2025-11-28,False,5.913749999999936,causal_load_main,day_ahead_planning
2025-12-05,102,17:10,445.64428333333336,483.22989999999993,2025-11-07;2025-11-14;2025-11-21;2025-11-28,False,37.58561666666657,causal_load_main,day_ahead_planning
2025-12-05,103,17:20,459.73055416666665,504.7368833333333,2025-11-07;2025-11-14;2025-11-21;2025-11-28,False,45.00632916666666,causal_load_main,day_ahead_planning
2025-12-05,104,17:30,451.62,473.6233333333333,2025-11-07;2025-11-14;2025-11-21;2025-11-28,False,22.003333333333273,causal_load_main,day_ahead_planning
2025-12-05,105,17:40,451.77937499999996,461.2633666666666,2025-11-07;2025-11-14;2025-11-21;2025-11-28,False,9.483991666666668,causal_load_main,day_ahead_planning
2025-12-05,106,17:50,456.54567499999996,470.8508,2025-11-07;2025-11-14;2025-11-21;2025-11-28,False,14.305125000000032,causal_load_main,day_ahead_planning
2025-12-05,107,18:00,456.12833333333333,478.56666666666666,2025-11-07;2025-11-14;2025-11-21;2025-11-28,False,22.438333333333333,causal_load_main,day_ahead_planning
2025-12-05,108,18:10,448.5811916666666,463.7702333333333,2025-11-07;2025-11-14;2025-11-21;2025-11-28,False,15.189041666666697,causal_load_main,day_ahead_planning
2025-12-05,109,18:20,449.48259999999993,451.84001666666666,2025-11-07;2025-11-14;2025-11-21;2025-11-28,False,2.3574166666667224,causal_load_main,day_ahead_planning
2025-12-05,110,18:30,453.76625,457.205,2025-11-07;2025-11-14;2025-11-21;2025-11-28,False,3.4387499999999704,causal_load_main,day_ahead_planning
2025-12-05,111,18:40,442.9582333333333,468.4298833333333,2025-11-07;2025-11-14;2025-11-21;2025-11-28,False,25.47165000000001,causal_load_main,day_ahead_planning
2025-12-05,112,18:50,443.22097499999995,462.18555,2025-11-07;2025-11-14;2025-11-21;2025-11-28,False,18.964575000000025,causal_load_main,day_ahead_planning
2025-12-05,113,19:00,453.5604166666667,443.56499999999994,2025-11-07;2025-11-14;2025-11-21;2025-11-28,False,9.995416666666756,causal_load_main,day_ahead_planning
2025-12-05,114,19:10,446.6640083333333,439.57289999999995,2025-11-07;2025-11-14;2025-11-21;2025-11-28,False,7.091108333333352,causal_load_main,day_ahead_planning
2025-12-05,115,19:20,443.32477916666664,441.30828333333335,2025-11-07;2025-11-14;2025-11-21;2025-11-28,False,2.0164958333332947,causal_load_main,day_ahead_planning
2025-12-05,116,19:30,454.46333333333337,454.1833333333333,2025-11-07;2025-11-14;2025-11-21;2025-11-28,False,0.2800000000000864,causal_load_main,day_ahead_planning
2025-12-05,117,19:40,467.3972749999999,490.52515,2025-11-07;2025-11-14;2025-11-21;2025-11-28,False,23.127875000000074,causal_load_main,day_ahead_planning
2025-12-05,118,19:50,465.3982541666667,498.44989999999996,2025-11-07;2025-11-14;2025-11-21;2025-11-28,False,33.05164583333328,causal_load_main,day_ahead_planning
2025-12-05,119,20:00,455.42041666666665,470.19166666666666,2025-11-07;2025-11-14;2025-11-21;2025-11-28,False,14.771250000000009,causal_load_main,day_ahead_planning
2025-12-05,120,20:10,458.7768125,448.9997333333333,2025-11-07;2025-11-14;2025-11-21;2025-11-28,False,9.777079166666681,causal_load_main,day_ahead_planning
2025-12-05,121,20:20,457.6398541666666,440.37871666666666,2025-11-07;2025-11-14;2025-11-21;2025-11-28,False,17.26113749999996,causal_load_main,day_ahead_planning
2025-12-05,122,20:30,451.8499999999999,437.8233333333333,2025-11-07;2025-11-14;2025-11-21;2025-11-28,False,14.026666666666586,causal_load_main,day_ahead_planning
2025-12-05,123,20:40,458.70126666666664,436.6635,2025-11-07;2025-11-14;2025-11-21;2025-11-28,False,22.03776666666664,causal_load_main,day_ahead_planning
2025-12-05,124,20:50,456.0986,446.04485,2025-11-07;2025-11-14;2025-11-21;2025-11-28,False,10.05374999999998,causal_load_main,day_ahead_planning
2025-12-05,125,21:00,450.1129166666666,452.105,2025-11-07;2025-11-14;2025-11-21;2025-11-28,False,1.9920833333334258,causal_load_main,day_ahead_planning
2025-12-05,126,21:10,467.3937041666667,431.20696666666663,2025-11-07;2025-11-14;2025-11-21;2025-11-28,False,36.18673750000005,causal_load_main,day_ahead_planning
2025-12-05,127,21:20,466.4584791666667,424.9914833333333,2025-11-07;2025-11-14;2025-11-21;2025-11-28,False,41.466995833333385,causal_load_main,day_ahead_planning
2025-12-05,128,21:30,452.6424999999999,456.3216666666666,2025-11-07;2025-11-14;2025-11-21;2025-11-28,False,3.6791666666666742,causal_load_main,day_ahead_planning
2025-12-05,129,21:40,465.33950416666664,499.02098333333333,2025-11-07;2025-11-14;2025-11-21;2025-11-28,False,33.68147916666669,causal_load_main,day_ahead_planning
2025-12-05,130,21:50,428.65039583333333,476.6111833333333,2025-11-07;2025-11-14;2025-11-21;2025-11-28,False,47.96078749999998,causal_load_main,day_ahead_planning
2025-12-05,131,22:00,363.6529166666666,398.35833333333335,2025-11-07;2025-11-14;2025-11-21;2025-11-28,False,34.705416666666736,causal_load_main,day_ahead_planning
2025-12-05,132,22:10,372.85937916666666,357.10515,2025-11-07;2025-11-14;2025-11-21;2025-11-28,False,15.754229166666676,causal_load_main,day_ahead_planning
2025-12-05,133,22:20,382.7677916666666,385.2005,2025-11-07;2025-11-14;2025-11-21;2025-11-28,False,2.4327083333333803,causal_load_main,day_ahead_planning
2025-12-05,134,22:30,371.68875,428.7983333333333,2025-11-07;2025-11-14;2025-11-21;2025-11-28,False,57.10958333333326,causal_load_main,day_ahead_planning
2025-12-05,135,22:40,391.8449958333333,405.0318,2025-11-07;2025-11-14;2025-11-21;2025-11-28,False,13.186804166666661,causal_load_main,day_ahead_planning
2025-12-05,136,22:50,404.5212666666667,390.5979,2025-11-07;2025-11-14;2025-11-21;2025-11-28,False,13.923366666666709,causal_load_main,day_ahead_planning
2025-12-05,137,23:00,398.1341666666667,404.2633333333333,2025-11-07;2025-11-14;2025-11-21;2025-11-28,False,6.129166666666606,causal_load_main,day_ahead_planning
2025-12-05,138,23:10,400.54882499999997,395.14446666666663,2025-11-07;2025-11-14;2025-11-21;2025-11-28,False,5.4043583333333345,causal_load_main,day_ahead_planning
2025-12-05,139,23:20,395.17091666666664,423.2762,2025-11-07;2025-11-14;2025-11-21;2025-11-28,False,28.105283333333375,causal_load_main,day_ahead_planning
2025-12-05,140,23:30,387.50666666666666,467.3616666666667,2025-11-07;2025-11-14;2025-11-21;2025-11-28,False,79.85500000000002,causal_load_main,day_ahead_planning
2025-12-05,141,23:40,403.0953333333333,440.93234999999993,2025-11-07;2025-11-14;2025-11-21;2025-11-28,False,37.837016666666614,causal_load_main,day_ahead_planning
2025-12-05,142,23:50,414.07324166666666,432.43834999999996,2025-11-07;2025-11-14;2025-11-21;2025-11-28,False,18.365108333333296,causal_load_main,day_ahead_planning
2025-12-05,143,0:00+1,414.46791666666667,462.1016666666667,2025-11-07;2025-11-14;2025-11-21;2025-11-28,False,47.63375000000002,causal_load_main,day_ahead_planning
2025-12-06,0,00:10,422.86145,462.00211666666667,2025-11-08;2025-11-15;2025-11-22;2025-11-29,False,39.140666666666675,causal_load_main,day_ahead_planning
2025-12-06,1,00:20,415.55229583333323,461.99221666666665,2025-11-08;2025-11-15;2025-11-22;2025-11-29,False,46.43992083333342,causal_load_main,day_ahead_planning
2025-12-06,2,00:30,402.25499999999994,464.58833333333337,2025-11-08;2025-11-15;2025-11-22;2025-11-29,False,62.33333333333343,causal_load_main,day_ahead_planning
2025-12-06,3,00:40,417.5011041666666,439.99966666666666,2025-11-08;2025-11-15;2025-11-22;2025-11-29,False,22.498562500000048,causal_load_main,day_ahead_planning
2025-12-06,4,00:50,420.09282499999995,438.2583833333333,2025-11-08;2025-11-15;2025-11-22;2025-11-29,False,18.165558333333365,causal_load_main,day_ahead_planning
2025-12-06,5,01:00,406.65291666666667,460.77,2025-11-08;2025-11-15;2025-11-22;2025-11-29,False,54.11708333333331,causal_load_main,day_ahead_planning
2025-12-06,6,01:10,416.24164583333334,459.6026,2025-11-08;2025-11-15;2025-11-22;2025-11-29,False,43.36095416666666,causal_load_main,day_ahead_planning
2025-12-06,7,01:20,429.5640041666667,464.0944333333333,2025-11-08;2025-11-15;2025-11-22;2025-11-29,False,34.530429166666636,causal_load_main,day_ahead_planning
2025-12-06,8,01:30,431.60375,477.24499999999995,2025-11-08;2025-11-15;2025-11-22;2025-11-29,False,45.64124999999996,causal_load_main,day_ahead_planning
2025-12-06,9,01:40,426.9808083333333,470.30614999999995,2025-11-08;2025-11-15;2025-11-22;2025-11-29,False,43.325341666666645,causal_load_main,day_ahead_planning
2025-12-06,10,01:50,420.8943916666667,471.96989999999994,2025-11-08;2025-11-15;2025-11-22;2025-11-29,False,51.07550833333323,causal_load_main,day_ahead_planning
2025-12-06,11,02:00,418.9475,497.705,2025-11-08;2025-11-15;2025-11-22;2025-11-29,False,78.7575,causal_load_main,day_ahead_planning
2025-12-06,12,02:10,425.91030416666666,525.2213833333333,2025-11-08;2025-11-15;2025-11-22;2025-11-29,False,99.31107916666662,causal_load_main,day_ahead_planning
2025-12-06,13,02:20,440.71616666666665,498.05316666666664,2025-11-08;2025-11-15;2025-11-22;2025-11-29,False,57.33699999999999,causal_load_main,day_ahead_planning
2025-12-06,14,02:30,446.8970833333333,453.5466666666667,2025-11-08;2025-11-15;2025-11-22;2025-11-29,False,6.649583333333396,causal_load_main,day_ahead_planning
2025-12-06,15,02:40,429.09254999999996,485.02358333333336,2025-11-08;2025-11-15;2025-11-22;2025-11-29,False,55.9310333333334,causal_load_main,day_ahead_planning
2025-12-06,16,02:50,429.7531791666666,506.05544999999995,2025-11-08;2025-11-15;2025-11-22;2025-11-29,False,76.30227083333335,causal_load_main,day_ahead_planning
2025-12-06,17,03:00,452.0966666666667,487.3983333333333,2025-11-08;2025-11-15;2025-11-22;2025-11-29,False,35.30166666666662,causal_load_main,day_ahead_planning
2025-12-06,18,03:10,455.72796666666665,487.20910000000003,2025-11-08;2025-11-15;2025-11-22;2025-11-29,False,31.48113333333339,causal_load_main,day_ahead_planning
2025-12-06,19,03:20,441.68719583333336,500.7443999999999,2025-11-08;2025-11-15;2025-11-22;2025-11-29,False,59.057204166666565,causal_load_main,day_ahead_planning
2025-12-06,20,03:30,434.04166666666663,517.1066666666666,2025-11-08;2025-11-15;2025-11-22;2025-11-29,False,83.06499999999994,causal_load_main,day_ahead_planning
2025-12-06,21,03:40,453.46742083333334,534.4925499999999,2025-11-08;2025-11-15;2025-11-22;2025-11-29,False,81.0251291666666,causal_load_main,day_ahead_planning
2025-12-06,22,03:50,460.7577125,544.7779833333333,2025-11-08;2025-11-15;2025-11-22;2025-11-29,False,84.02027083333326,causal_load_main,day_ahead_planning
2025-12-06,23,04:00,446.8570833333333,540.9533333333333,2025-11-08;2025-11-15;2025-11-22;2025-11-29,False,94.09624999999994,causal_load_main,day_ahead_planning
2025-12-06,24,04:10,441.61191249999996,525.3046333333333,2025-11-08;2025-11-15;2025-11-22;2025-11-29,False,83.69272083333334,causal_load_main,day_ahead_planning
2025-12-06,25,04:20,449.1890666666666,524.6543666666666,2025-11-08;2025-11-15;2025-11-22;2025-11-29,False,75.46530000000007,causal_load_main,day_ahead_planning
2025-12-06,26,04:30,460.74041666666665,540.14,2025-11-08;2025-11-15;2025-11-22;2025-11-29,False,79.39958333333334,causal_load_main,day_ahead_planning
2025-12-06,27,04:40,462.67588749999993,549.21115,2025-11-08;2025-11-15;2025-11-22;2025-11-29,False,86.53526250000004,causal_load_main,day_ahead_planning
2025-12-06,28,04:50,447.824875,560.3697166666666,2025-11-08;2025-11-15;2025-11-22;2025-11-29,False,112.54484166666657,causal_load_main,day_ahead_planning
2025-12-06,29,05:00,433.3479166666666,559.535,2025-11-08;2025-11-15;2025-11-22;2025-11-29,False,126.18708333333336,causal_load_main,day_ahead_planning
2025-12-06,30,05:10,445.1942458333333,522.8806999999999,2025-11-08;2025-11-15;2025-11-22;2025-11-29,False,77.68645416666664,causal_load_main,day_ahead_planning
2025-12-06,31,05:20,455.1712416666666,507.3180666666666,2025-11-08;2025-11-15;2025-11-22;2025-11-29,False,52.14682499999998,causal_load_main,day_ahead_planning
2025-12-06,32,05:30,451.7933333333333,520.675,2025-11-08;2025-11-15;2025-11-22;2025-11-29,False,68.88166666666666,causal_load_main,day_ahead_planning
2025-12-06,33,05:40,450.7509333333333,520.3285999999999,2025-11-08;2025-11-15;2025-11-22;2025-11-29,False,69.57766666666663,causal_load_main,day_ahead_planning
2025-12-06,34,05:50,454.30009583333333,537.4051666666667,2025-11-08;2025-11-15;2025-11-22;2025-11-29,False,83.10507083333334,causal_load_main,day_ahead_planning
2025-12-06,35,06:00,457.08875,556.98,2025-11-08;2025-11-15;2025-11-22;2025-11-29,False,99.89125000000001,causal_load_main,day_ahead_planning
2025-12-06,36,06:10,454.07909166666667,531.0744833333333,2025-11-08;2025-11-15;2025-11-22;2025-11-29,False,76.99539166666665,causal_load_main,day_ahead_planning
2025-12-06,37,06:20,456.3181833333333,535.37635,2025-11-08;2025-11-15;2025-11-22;2025-11-29,False,79.0581666666667,causal_load_main,day_ahead_planning
2025-12-06,38,06:30,460.0283333333333,560.49,2025-11-08;2025-11-15;2025-11-22;2025-11-29,False,100.4616666666667,causal_load_main,day_ahead_planning
2025-12-06,39,06:40,455.7112583333333,531.4363833333333,2025-11-08;2025-11-15;2025-11-22;2025-11-29,False,75.72512499999999,causal_load_main,day_ahead_planning
2025-12-06,40,06:50,483.71941666666663,569.5118333333332,2025-11-08;2025-11-15;2025-11-22;2025-11-29,False,85.79241666666661,causal_load_main,day_ahead_planning
2025-12-06,41,07:00,532.8591666666666,658.4883333333332,2025-11-08;2025-11-15;2025-11-22;2025-11-29,False,125.6291666666666,causal_load_main,day_ahead_planning
2025-12-06,42,07:10,546.0328541666665,649.1213833333334,2025-11-08;2025-11-15;2025-11-22;2025-11-29,False,103.08852916666683,causal_load_main,day_ahead_planning
2025-12-06,43,07:20,538.8864041666666,609.1467166666666,2025-11-08;2025-11-15;2025-11-22;2025-11-29,False,70.26031250000005,causal_load_main,day_ahead_planning
2025-12-06,44,07:30,534.4475,606.7083333333333,2025-11-08;2025-11-15;2025-11-22;2025-11-29,False,72.26083333333327,causal_load_main,day_ahead_planning
2025-12-06,45,07:40,540.4784833333333,636.5603666666666,2025-11-08;2025-11-15;2025-11-22;2025-11-29,False,96.08188333333328,causal_load_main,day_ahead_planning
2025-12-06,46,07:50,549.7398874999999,627.9284666666666,2025-11-08;2025-11-15;2025-11-22;2025-11-29,False,78.18857916666673,causal_load_main,day_ahead_planning
2025-12-06,47,08:00,551.8291666666667,594.9483333333333,2025-11-08;2025-11-15;2025-11-22;2025-11-29,False,43.119166666666615,causal_load_main,day_ahead_planning
2025-12-06,48,08:10,541.3723124999999,618.8225,2025-11-08;2025-11-15;2025-11-22;2025-11-29,False,77.45018750000008,causal_load_main,day_ahead_planning
2025-12-06,49,08:20,530.6601374999999,648.0067666666666,2025-11-08;2025-11-15;2025-11-22;2025-11-29,False,117.34662916666673,causal_load_main,day_ahead_planning
2025-12-06,50,08:30,522.60875,635.2883333333333,2025-11-08;2025-11-15;2025-11-22;2025-11-29,False,112.67958333333331,causal_load_main,day_ahead_planning
2025-12-06,51,08:40,519.7815291666666,597.0345666666666,2025-11-08;2025-11-15;2025-11-22;2025-11-29,False,77.2530375,causal_load_main,day_ahead_planning
2025-12-06,52,08:50,574.1445749999999,642.2568666666666,2025-11-08;2025-11-15;2025-11-22;2025-11-29,False,68.11229166666669,causal_load_main,day_ahead_planning
2025-12-06,53,09:00,651.6629166666667,739.3733333333332,2025-11-08;2025-11-15;2025-11-22;2025-11-29,False,87.71041666666656,causal_load_main,day_ahead_planning
2025-12-06,54,09:10,658.1876166666666,747.1385166666666,2025-11-08;2025-11-15;2025-11-22;2025-11-29,False,88.95090000000005,causal_load_main,day_ahead_planning
2025-12-06,55,09:20,649.9877666666666,735.2773,2025-11-08;2025-11-15;2025-11-22;2025-11-29,False,85.28953333333334,causal_load_main,day_ahead_planning
2025-12-06,56,09:30,650.6058333333333,743.9983333333332,2025-11-08;2025-11-15;2025-11-22;2025-11-29,False,93.39249999999993,causal_load_main,day_ahead_planning
2025-12-06,57,09:40,630.9938333333333,739.3307666666666,2025-11-08;2025-11-15;2025-11-22;2025-11-29,False,108.33693333333326,causal_load_main,day_ahead_planning
2025-12-06,58,09:50,634.3827541666666,726.39275,2025-11-08;2025-11-15;2025-11-22;2025-11-29,False,92.00999583333339,causal_load_main,day_ahead_planning
2025-12-06,59,10:00,654.2987499999999,711.7149999999999,2025-11-08;2025-11-15;2025-11-22;2025-11-29,False,57.41624999999999,causal_load_main,day_ahead_planning
2025-12-06,60,10:10,639.0713416666666,698.5073,2025-11-08;2025-11-15;2025-11-22;2025-11-29,False,59.43595833333336,causal_load_main,day_ahead_planning
2025-12-06,61,10:20,628.2812125,711.6924166666665,2025-11-08;2025-11-15;2025-11-22;2025-11-29,False,83.4112041666665,causal_load_main,day_ahead_planning
2025-12-06,62,10:30,635.0362499999999,733.1216666666666,2025-11-08;2025-11-15;2025-11-22;2025-11-29,False,98.08541666666667,causal_load_main,day_ahead_planning
2025-12-06,63,10:40,631.4666374999999,718.3680833333333,2025-11-08;2025-11-15;2025-11-22;2025-11-29,False,86.90144583333336,causal_load_main,day_ahead_planning
2025-12-06,64,10:50,625.2903541666666,709.6549833333333,2025-11-08;2025-11-15;2025-11-22;2025-11-29,False,84.36462916666676,causal_load_main,day_ahead_planning
2025-12-06,65,11:00,618.7183333333332,711.2633333333333,2025-11-08;2025-11-15;2025-11-22;2025-11-29,False,92.54500000000007,causal_load_main,day_ahead_planning
2025-12-06,66,11:10,605.8260416666667,690.3579500000001,2025-11-08;2025-11-15;2025-11-22;2025-11-29,False,84.53190833333338,causal_load_main,day_ahead_planning
2025-12-06,67,11:20,606.6422166666666,701.87475,2025-11-08;2025-11-15;2025-11-22;2025-11-29,False,95.23253333333332,causal_load_main,day_ahead_planning
2025-12-06,68,11:30,617.8075,725.0616666666666,2025-11-08;2025-11-15;2025-11-22;2025-11-29,False,107.2541666666666,causal_load_main,day_ahead_planning
2025-12-06,69,11:40,614.2230333333333,686.5037666666667,2025-11-08;2025-11-15;2025-11-22;2025-11-29,False,72.28073333333339,causal_load_main,day_ahead_planning
2025-12-06,70,11:50,603.8115291666666,688.5004666666666,2025-11-08;2025-11-15;2025-11-22;2025-11-29,False,84.68893750000007,causal_load_main,day_ahead_planning
2025-12-06,71,12:00,598.91,723.6433333333332,2025-11-08;2025-11-15;2025-11-22;2025-11-29,False,124.73333333333323,causal_load_main,day_ahead_planning
2025-12-06,72,12:10,604.0499416666667,682.3292166666666,2025-11-08;2025-11-15;2025-11-22;2025-11-29,False,78.27927499999998,causal_load_main,day_ahead_planning
2025-12-06,73,12:20,609.4241875,659.3240666666666,2025-11-08;2025-11-15;2025-11-22;2025-11-29,False,49.89987916666655,causal_load_main,day_ahead_planning
2025-12-06,74,12:30,606.2070833333332,672.0883333333334,2025-11-08;2025-11-15;2025-11-22;2025-11-29,False,65.88125000000014,causal_load_main,day_ahead_planning
2025-12-06,75,12:40,596.179125,644.0986,2025-11-08;2025-11-15;2025-11-22;2025-11-29,False,47.919475000000034,causal_load_main,day_ahead_planning
2025-12-06,76,12:50,603.7232166666666,639.0417,2025-11-08;2025-11-15;2025-11-22;2025-11-29,False,35.31848333333335,causal_load_main,day_ahead_planning
2025-12-06,77,13:00,619.2183333333332,660.5033333333333,2025-11-08;2025-11-15;2025-11-22;2025-11-29,False,41.28500000000008,causal_load_main,day_ahead_planning
2025-12-06,78,13:10,607.38195,645.2509666666666,2025-11-08;2025-11-15;2025-11-22;2025-11-29,False,37.86901666666665,causal_load_main,day_ahead_planning
2025-12-06,79,13:20,588.0968958333333,645.9087999999999,2025-11-08;2025-11-15;2025-11-22;2025-11-29,False,57.811904166666636,causal_load_main,day_ahead_planning
2025-12-06,80,13:30,581.6408333333334,672.2366666666667,2025-11-08;2025-11-15;2025-11-22;2025-11-29,False,90.5958333333333,causal_load_main,day_ahead_planning
2025-12-06,81,13:40,590.4032916666665,673.05085,2025-11-08;2025-11-15;2025-11-22;2025-11-29,False,82.64755833333345,causal_load_main,day_ahead_planning
2025-12-06,82,13:50,600.8526666666667,645.9839,2025-11-08;2025-11-15;2025-11-22;2025-11-29,False,45.131233333333284,causal_load_main,day_ahead_planning
2025-12-06,83,14:00,602.5595833333333,625.1233333333332,2025-11-08;2025-11-15;2025-11-22;2025-11-29,False,22.563749999999914,causal_load_main,day_ahead_planning
2025-12-06,84,14:10,594.8690791666667,647.7457333333333,2025-11-08;2025-11-15;2025-11-22;2025-11-29,False,52.87665416666664,causal_load_main,day_ahead_planning
2025-12-06,85,14:20,587.9712166666666,671.50145,2025-11-08;2025-11-15;2025-11-22;2025-11-29,False,83.5302333333334,causal_load_main,day_ahead_planning
2025-12-06,86,14:30,582.6145833333333,666.1166666666666,2025-11-08;2025-11-15;2025-11-22;2025-11-29,False,83.5020833333333,causal_load_main,day_ahead_planning
2025-12-06,87,14:40,573.04825,634.4847166666666,2025-11-08;2025-11-15;2025-11-22;2025-11-29,False,61.43646666666655,causal_load_main,day_ahead_planning
2025-12-06,88,14:50,574.7578375,584.89235,2025-11-08;2025-11-15;2025-11-22;2025-11-29,False,10.134512499999914,causal_load_main,day_ahead_planning
2025-12-06,89,15:00,584.2895833333333,564.9516666666666,2025-11-08;2025-11-15;2025-11-22;2025-11-29,False,19.33791666666673,causal_load_main,day_ahead_planning
2025-12-06,90,15:10,581.7453791666667,619.1798833333332,2025-11-08;2025-11-15;2025-11-22;2025-11-29,False,37.43450416666656,causal_load_main,day_ahead_planning
2025-12-06,91,15:20,578.2717583333333,632.5698666666666,2025-11-08;2025-11-15;2025-11-22;2025-11-29,False,54.29810833333329,causal_load_main,day_ahead_planning
2025-12-06,92,15:30,577.0487499999999,590.4183333333333,2025-11-08;2025-11-15;2025-11-22;2025-11-29,False,13.369583333333367,causal_load_main,day_ahead_planning
2025-12-06,93,15:40,569.6315291666666,584.6943833333332,2025-11-08;2025-11-15;2025-11-22;2025-11-29,False,15.062854166666625,causal_load_main,day_ahead_planning
2025-12-06,94,15:50,564.4843083333333,575.0939,2025-11-08;2025-11-15;2025-11-22;2025-11-29,False,10.609591666666688,causal_load_main,day_ahead_planning
2025-12-06,95,16:00,561.4124999999999,565.4549999999999,2025-11-08;2025-11-15;2025-11-22;2025-11-29,False,4.042500000000018,causal_load_main,day_ahead_planning
2025-12-06,96,16:10,553.5384458333333,604.0571,2025-11-08;2025-11-15;2025-11-22;2025-11-29,False,50.51865416666669,causal_load_main,day_ahead_planning
2025-12-06,97,16:20,558.3773333333334,607.6676333333332,2025-11-08;2025-11-15;2025-11-22;2025-11-29,False,49.29029999999989,causal_load_main,day_ahead_planning
2025-12-06,98,16:30,574.1583333333333,590.0166666666667,2025-11-08;2025-11-15;2025-11-22;2025-11-29,False,15.858333333333348,causal_load_main,day_ahead_planning
2025-12-06,99,16:40,570.973275,629.7412166666666,2025-11-08;2025-11-15;2025-11-22;2025-11-29,False,58.767941666666616,causal_load_main,day_ahead_planning
2025-12-06,100,16:50,511.9012916666666,554.7697,2025-11-08;2025-11-15;2025-11-22;2025-11-29,False,42.86840833333332,causal_load_main,day_ahead_planning
2025-12-06,101,17:00,436.47625000000005,413.0183333333333,2025-11-08;2025-11-15;2025-11-22;2025-11-29,False,23.457916666666733,causal_load_main,day_ahead_planning
2025-12-06,102,17:10,429.5902458333333,436.69898333333333,2025-11-08;2025-11-15;2025-11-22;2025-11-29,False,7.108737500000018,causal_load_main,day_ahead_planning
2025-12-06,103,17:20,447.61104166666667,466.8791833333333,2025-11-08;2025-11-15;2025-11-22;2025-11-29,False,19.268141666666622,causal_load_main,day_ahead_planning
2025-12-06,104,17:30,453.78166666666664,427.50666666666666,2025-11-08;2025-11-15;2025-11-22;2025-11-29,False,26.274999999999977,causal_load_main,day_ahead_planning
2025-12-06,105,17:40,450.6154583333333,411.73904999999996,2025-11-08;2025-11-15;2025-11-22;2025-11-29,False,38.87640833333336,causal_load_main,day_ahead_planning
2025-12-06,106,17:50,438.7413,451.34463333333326,2025-11-08;2025-11-15;2025-11-22;2025-11-29,False,12.60333333333324,causal_load_main,day_ahead_planning
2025-12-06,107,18:00,428.91166666666663,490.74333333333334,2025-11-08;2025-11-15;2025-11-22;2025-11-29,False,61.831666666666706,causal_load_main,day_ahead_planning
2025-12-06,108,18:10,435.41668749999997,453.10863333333333,2025-11-08;2025-11-15;2025-11-22;2025-11-29,False,17.691945833333364,causal_load_main,day_ahead_planning
2025-12-06,109,18:20,443.1426416666666,449.61788333333334,2025-11-08;2025-11-15;2025-11-22;2025-11-29,False,6.475241666666761,causal_load_main,day_ahead_planning
2025-12-06,110,18:30,442.62041666666664,481.43833333333333,2025-11-08;2025-11-15;2025-11-22;2025-11-29,False,38.81791666666669,causal_load_main,day_ahead_planning
2025-12-06,111,18:40,440.05926666666664,444.4978,2025-11-08;2025-11-15;2025-11-22;2025-11-29,False,4.438533333333339,causal_load_main,day_ahead_planning
2025-12-06,112,18:50,450.5723458333333,438.70719999999994,2025-11-08;2025-11-15;2025-11-22;2025-11-29,False,11.865145833333372,causal_load_main,day_ahead_planning
2025-12-06,113,19:00,460.81125,476.11833333333334,2025-11-08;2025-11-15;2025-11-22;2025-11-29,False,15.307083333333367,causal_load_main,day_ahead_planning
2025-12-06,114,19:10,444.4486333333333,467.11016666666666,2025-11-08;2025-11-15;2025-11-22;2025-11-29,False,22.661533333333352,causal_load_main,day_ahead_planning
2025-12-06,115,19:20,443.05843749999997,473.4810666666666,2025-11-08;2025-11-15;2025-11-22;2025-11-29,False,30.42262916666664,causal_load_main,day_ahead_planning
2025-12-06,116,19:30,461.91625,499.875,2025-11-08;2025-11-15;2025-11-22;2025-11-29,False,37.95875000000001,causal_load_main,day_ahead_planning
2025-12-06,117,19:40,463.14542499999993,477.31585,2025-11-08;2025-11-15;2025-11-22;2025-11-29,False,14.17042500000008,causal_load_main,day_ahead_planning
2025-12-06,118,19:50,450.9958958333333,429.11958333333337,2025-11-08;2025-11-15;2025-11-22;2025-11-29,False,21.876312499999926,causal_load_main,day_ahead_planning
2025-12-06,119,20:00,447.6266666666666,415.385,2025-11-08;2025-11-15;2025-11-22;2025-11-29,False,32.24166666666662,causal_load_main,day_ahead_planning
2025-12-06,120,20:10,467.44744166666663,472.9096666666667,2025-11-08;2025-11-15;2025-11-22;2025-11-29,False,5.462225000000046,causal_load_main,day_ahead_planning
2025-12-06,121,20:20,469.1430708333333,499.34035,2025-11-08;2025-11-15;2025-11-22;2025-11-29,False,30.197279166666704,causal_load_main,day_ahead_planning
2025-12-06,122,20:30,452.57666666666665,463.155,2025-11-08;2025-11-15;2025-11-22;2025-11-29,False,10.578333333333319,causal_load_main,day_ahead_planning
2025-12-06,123,20:40,457.5226333333333,429.89005,2025-11-08;2025-11-15;2025-11-22;2025-11-29,False,27.632583333333343,causal_load_main,day_ahead_planning
2025-12-06,124,20:50,463.65947916666664,429.3624,2025-11-08;2025-11-15;2025-11-22;2025-11-29,False,34.29707916666666,causal_load_main,day_ahead_planning
2025-12-06,125,21:00,457.6754166666666,460.32,2025-11-08;2025-11-15;2025-11-22;2025-11-29,False,2.644583333333401,causal_load_main,day_ahead_planning
2025-12-06,126,21:10,449.30231249999997,496.3656833333333,2025-11-08;2025-11-15;2025-11-22;2025-11-29,False,47.06337083333335,causal_load_main,day_ahead_planning
2025-12-06,127,21:20,449.58242083333334,496.57618333333335,2025-11-08;2025-11-15;2025-11-22;2025-11-29,False,46.9937625,causal_load_main,day_ahead_planning
2025-12-06,128,21:30,462.7258333333333,465.46166666666664,2025-11-08;2025-11-15;2025-11-22;2025-11-29,False,2.735833333333346,causal_load_main,day_ahead_planning
2025-12-06,129,21:40,476.54832916666663,445.7443999999999,2025-11-08;2025-11-15;2025-11-22;2025-11-29,False,30.803929166666705,causal_load_main,day_ahead_planning
2025-12-06,130,21:50,444.2693208333333,437.6501666666666,2025-11-08;2025-11-15;2025-11-22;2025-11-29,False,6.6191541666667035,causal_load_main,day_ahead_planning
2025-12-06,131,22:00,386.45458333333335,430.07833333333326,2025-11-08;2025-11-15;2025-11-22;2025-11-29,False,43.623749999999916,causal_load_main,day_ahead_planning
2025-12-06,132,22:10,375.2431,413.34586666666667,2025-11-08;2025-11-15;2025-11-22;2025-11-29,False,38.10276666666664,causal_load_main,day_ahead_planning
2025-12-06,133,22:20,386.31861666666657,385.25043333333326,2025-11-08;2025-11-15;2025-11-22;2025-11-29,False,1.0681833333333088,causal_load_main,day_ahead_planning
2025-12-06,134,22:30,391.57375,371.58,2025-11-08;2025-11-15;2025-11-22;2025-11-29,False,19.993750000000034,causal_load_main,day_ahead_planning
2025-12-06,135,22:40,389.9927708333333,402.3738833333333,2025-11-08;2025-11-15;2025-11-22;2025-11-29,False,12.381112500000029,causal_load_main,day_ahead_planning
2025-12-06,136,22:50,402.7432958333333,422.8427,2025-11-08;2025-11-15;2025-11-22;2025-11-29,False,20.09940416666666,causal_load_main,day_ahead_planning
2025-12-06,137,23:00,420.91791666666666,416.73,2025-11-08;2025-11-15;2025-11-22;2025-11-29,False,4.187916666666638,causal_load_main,day_ahead_planning
2025-12-06,138,23:10,414.67086666666665,417.63359999999994,2025-11-08;2025-11-15;2025-11-22;2025-11-29,False,2.96273333333329,causal_load_main,day_ahead_planning
2025-12-06,139,23:20,410.0463541666667,419.09548333333333,2025-11-08;2025-11-15;2025-11-22;2025-11-29,False,9.04912916666666,causal_load_main,day_ahead_planning
2025-12-06,140,23:30,403.9958333333333,418.45333333333326,2025-11-08;2025-11-15;2025-11-22;2025-11-29,False,14.457499999999982,causal_load_main,day_ahead_planning
2025-12-06,141,23:40,381.64190416666656,433.4086,2025-11-08;2025-11-15;2025-11-22;2025-11-29,False,51.766695833333415,causal_load_main,day_ahead_planning
2025-12-06,142,23:50,446.91497083333326,501.5677333333333,2025-11-08;2025-11-15;2025-11-22;2025-11-29,False,54.65276250000005,causal_load_main,day_ahead_planning
2025-12-06,143,0:00+1,558.9070833333333,581.79,2025-11-08;2025-11-15;2025-11-22;2025-11-29,False,22.882916666666688,causal_load_main,day_ahead_planning
2025-12-07,0,00:10,564.0785916666666,589.1623,2025-11-09;2025-11-16;2025-11-23;2025-11-30,False,25.083708333333334,causal_load_main,day_ahead_planning
2025-12-07,1,00:20,553.7214166666665,594.2307166666667,2025-11-09;2025-11-16;2025-11-23;2025-11-30,False,40.50930000000017,causal_load_main,day_ahead_planning
2025-12-07,2,00:30,575.0429166666667,622.9466666666666,2025-11-09;2025-11-16;2025-11-23;2025-11-30,False,47.903749999999945,causal_load_main,day_ahead_planning
2025-12-07,3,00:40,582.2697958333333,632.2420999999999,2025-11-09;2025-11-16;2025-11-23;2025-11-30,False,49.97230416666662,causal_load_main,day_ahead_planning
2025-12-07,4,00:50,585.5141833333333,638.7530333333333,2025-11-09;2025-11-16;2025-11-23;2025-11-30,False,53.23884999999996,causal_load_main,day_ahead_planning
2025-12-07,5,01:00,586.0349999999999,635.635,2025-11-09;2025-11-16;2025-11-23;2025-11-30,False,49.600000000000136,causal_load_main,day_ahead_planning
2025-12-07,6,01:10,571.7932125,602.9226,2025-11-09;2025-11-16;2025-11-23;2025-11-30,False,31.129387500000007,causal_load_main,day_ahead_planning
2025-12-07,7,01:20,571.6688291666667,619.9779166666666,2025-11-09;2025-11-16;2025-11-23;2025-11-30,False,48.30908749999992,causal_load_main,day_ahead_planning
2025-12-07,8,01:30,581.8087499999999,665.7633333333333,2025-11-09;2025-11-16;2025-11-23;2025-11-30,False,83.9545833333334,causal_load_main,day_ahead_planning
2025-12-07,9,01:40,572.0528416666666,637.9088666666667,2025-11-09;2025-11-16;2025-11-23;2025-11-30,False,65.85602500000005,causal_load_main,day_ahead_planning
2025-12-07,10,01:50,577.5053458333333,608.0968666666666,2025-11-09;2025-11-16;2025-11-23;2025-11-30,False,30.591520833333334,causal_load_main,day_ahead_planning
2025-12-07,11,02:00,595.1424999999999,618.4333333333333,2025-11-09;2025-11-16;2025-11-23;2025-11-30,False,23.290833333333353,causal_load_main,day_ahead_planning
2025-12-07,12,02:10,585.1209208333333,638.8744333333333,2025-11-09;2025-11-16;2025-11-23;2025-11-30,False,53.75351249999994,causal_load_main,day_ahead_planning
2025-12-07,13,02:20,578.4584125,649.6414166666666,2025-11-09;2025-11-16;2025-11-23;2025-11-30,False,71.18300416666659,causal_load_main,day_ahead_planning
2025-12-07,14,02:30,589.5279166666667,656.7033333333333,2025-11-09;2025-11-16;2025-11-23;2025-11-30,False,67.17541666666659,causal_load_main,day_ahead_planning
2025-12-07,15,02:40,599.1210166666667,672.63455,2025-11-09;2025-11-16;2025-11-23;2025-11-30,False,73.51353333333327,causal_load_main,day_ahead_planning
2025-12-07,16,02:50,594.32335,651.1793,2025-11-09;2025-11-16;2025-11-23;2025-11-30,False,56.85595000000001,causal_load_main,day_ahead_planning
2025-12-07,17,03:00,581.5787499999999,626.7233333333334,2025-11-09;2025-11-16;2025-11-23;2025-11-30,False,45.14458333333346,causal_load_main,day_ahead_planning
2025-12-07,18,03:10,581.1162541666666,678.15495,2025-11-09;2025-11-16;2025-11-23;2025-11-30,False,97.03869583333335,causal_load_main,day_ahead_planning
2025-12-07,19,03:20,597.9618125,686.8092166666667,2025-11-09;2025-11-16;2025-11-23;2025-11-30,False,88.8474041666667,causal_load_main,day_ahead_planning
2025-12-07,20,03:30,616.26375,638.6266666666667,2025-11-09;2025-11-16;2025-11-23;2025-11-30,False,22.362916666666706,causal_load_main,day_ahead_planning
2025-12-07,21,03:40,613.2985666666666,641.4668333333333,2025-11-09;2025-11-16;2025-11-23;2025-11-30,False,28.168266666666682,causal_load_main,day_ahead_planning
2025-12-07,22,03:50,605.6479625,671.2721833333333,2025-11-09;2025-11-16;2025-11-23;2025-11-30,False,65.62422083333331,causal_load_main,day_ahead_planning
2025-12-07,23,04:00,602.8366666666667,682.5966666666666,2025-11-09;2025-11-16;2025-11-23;2025-11-30,False,79.75999999999988,causal_load_main,day_ahead_planning
2025-12-07,24,04:10,600.7026166666666,661.0124166666667,2025-11-09;2025-11-16;2025-11-23;2025-11-30,False,60.30980000000011,causal_load_main,day_ahead_planning
2025-12-07,25,04:20,607.76405,660.25675,2025-11-09;2025-11-16;2025-11-23;2025-11-30,False,52.49270000000001,causal_load_main,day_ahead_planning
2025-12-07,26,04:30,616.6104166666667,688.8766666666667,2025-11-09;2025-11-16;2025-11-23;2025-11-30,False,72.26625000000001,causal_load_main,day_ahead_planning
2025-12-07,27,04:40,609.1286749999999,701.8518833333333,2025-11-09;2025-11-16;2025-11-23;2025-11-30,False,92.72320833333333,causal_load_main,day_ahead_planning
2025-12-07,28,04:50,601.0580916666667,689.6360666666666,2025-11-09;2025-11-16;2025-11-23;2025-11-30,False,88.57797499999992,causal_load_main,day_ahead_planning
2025-12-07,29,05:00,605.8170833333332,684.105,2025-11-09;2025-11-16;2025-11-23;2025-11-30,False,78.28791666666677,causal_load_main,day_ahead_planning
2025-12-07,30,05:10,621.4318083333333,720.9502166666666,2025-11-09;2025-11-16;2025-11-23;2025-11-30,False,99.51840833333335,causal_load_main,day_ahead_planning
2025-12-07,31,05:20,628.6924291666666,726.9208666666666,2025-11-09;2025-11-16;2025-11-23;2025-11-30,False,98.22843750000004,causal_load_main,day_ahead_planning
2025-12-07,32,05:30,612.1520833333333,675.805,2025-11-09;2025-11-16;2025-11-23;2025-11-30,False,63.65291666666667,causal_load_main,day_ahead_planning
2025-12-07,33,05:40,589.8288791666666,638.1374,2025-11-09;2025-11-16;2025-11-23;2025-11-30,False,48.30852083333332,causal_load_main,day_ahead_planning
2025-12-07,34,05:50,673.4314458333333,760.7890666666667,2025-11-09;2025-11-16;2025-11-23;2025-11-30,False,87.35762083333339,causal_load_main,day_ahead_planning
2025-12-07,35,06:00,807.7041666666667,932.4383333333333,2025-11-09;2025-11-16;2025-11-23;2025-11-30,False,124.73416666666662,causal_load_main,day_ahead_planning
2025-12-07,36,06:10,816.6165416666666,888.4665833333333,2025-11-09;2025-11-16;2025-11-23;2025-11-30,False,71.8500416666667,causal_load_main,day_ahead_planning
2025-12-07,37,06:20,797.3922958333333,845.81175,2025-11-09;2025-11-16;2025-11-23;2025-11-30,False,48.419454166666696,causal_load_main,day_ahead_planning
2025-12-07,38,06:30,807.4483333333334,892.7266666666666,2025-11-09;2025-11-16;2025-11-23;2025-11-30,False,85.2783333333332,causal_load_main,day_ahead_planning
2025-12-07,39,06:40,807.4281208333332,902.5035166666667,2025-11-09;2025-11-16;2025-11-23;2025-11-30,False,95.07539583333346,causal_load_main,day_ahead_planning
2025-12-07,40,06:50,810.3645833333333,895.3751833333333,2025-11-09;2025-11-16;2025-11-23;2025-11-30,False,85.01060000000007,causal_load_main,day_ahead_planning
2025-12-07,41,07:00,812.5962499999999,893.1866666666666,2025-11-09;2025-11-16;2025-11-23;2025-11-30,False,80.59041666666667,causal_load_main,day_ahead_planning
2025-12-07,42,07:10,795.2549958333332,886.4601666666667,2025-11-09;2025-11-16;2025-11-23;2025-11-30,False,91.20517083333357,causal_load_main,day_ahead_planning
2025-12-07,43,07:20,799.3381416666665,890.4229833333334,2025-11-09;2025-11-16;2025-11-23;2025-11-30,False,91.08484166666688,causal_load_main,day_ahead_planning
2025-12-07,44,07:30,805.6291666666666,891.0049999999999,2025-11-09;2025-11-16;2025-11-23;2025-11-30,False,85.37583333333328,causal_load_main,day_ahead_planning
2025-12-07,45,07:40,776.3067958333334,881.5784333333332,2025-11-09;2025-11-16;2025-11-23;2025-11-30,False,105.27163749999988,causal_load_main,day_ahead_planning
2025-12-07,46,07:50,888.5944541666667,1016.7642666666667,2025-11-09;2025-11-16;2025-11-23;2025-11-30,False,128.16981250000003,causal_load_main,day_ahead_planning
2025-12-07,47,08:00,1087.20375,1217.05,2025-11-09;2025-11-16;2025-11-23;2025-11-30,False,129.84625000000005,causal_load_main,day_ahead_planning
2025-12-07,48,08:10,1121.8596541666666,1230.0891666666666,2025-11-09;2025-11-16;2025-11-23;2025-11-30,False,108.22951250000006,causal_load_main,day_ahead_planning
2025-12-07,49,08:20,1104.8550375,1203.60655,2025-11-09;2025-11-16;2025-11-23;2025-11-30,False,98.75151249999999,causal_load_main,day_ahead_planning
2025-12-07,50,08:30,1108.1204166666666,1207.4183333333333,2025-11-09;2025-11-16;2025-11-23;2025-11-30,False,99.29791666666665,causal_load_main,day_ahead_planning
2025-12-07,51,08:40,1089.3415375,1166.3459166666667,2025-11-09;2025-11-16;2025-11-23;2025-11-30,False,77.0043791666667,causal_load_main,day_ahead_planning
2025-12-07,52,08:50,1083.7228624999998,1145.4645166666664,2025-11-09;2025-11-16;2025-11-23;2025-11-30,False,61.74165416666665,causal_load_main,day_ahead_planning
2025-12-07,53,09:00,1098.6445833333332,1166.06,2025-11-09;2025-11-16;2025-11-23;2025-11-30,False,67.41541666666672,causal_load_main,day_ahead_planning
2025-12-07,54,09:10,1102.5413708333333,1179.4319999999998,2025-11-09;2025-11-16;2025-11-23;2025-11-30,False,76.89062916666649,causal_load_main,day_ahead_planning
2025-12-07,55,09:20,1102.2258291666667,1180.3578833333331,2025-11-09;2025-11-16;2025-11-23;2025-11-30,False,78.13205416666642,causal_load_main,day_ahead_planning
2025-12-07,56,09:30,1102.0608333333334,1176.695,2025-11-09;2025-11-16;2025-11-23;2025-11-30,False,74.63416666666649,causal_load_main,day_ahead_planning
2025-12-07,57,09:40,1096.1116916666665,1174.4551,2025-11-09;2025-11-16;2025-11-23;2025-11-30,False,78.3434083333334,causal_load_main,day_ahead_planning
2025-12-07,58,09:50,1087.6687874999998,1167.69155,2025-11-09;2025-11-16;2025-11-23;2025-11-30,False,80.02276250000023,causal_load_main,day_ahead_planning
2025-12-07,59,10:00,1084.7170833333334,1163.6633333333332,2025-11-09;2025-11-16;2025-11-23;2025-11-30,False,78.94624999999974,causal_load_main,day_ahead_planning
2025-12-07,60,10:10,1090.3002958333332,1173.8627499999998,2025-11-09;2025-11-16;2025-11-23;2025-11-30,False,83.56245416666661,causal_load_main,day_ahead_planning
2025-12-07,61,10:20,1080.295625,1164.3308,2025-11-09;2025-11-16;2025-11-23;2025-11-30,False,84.03517499999998,causal_load_main,day_ahead_planning
2025-12-07,62,10:30,1060.1429166666667,1145.4016666666666,2025-11-09;2025-11-16;2025-11-23;2025-11-30,False,85.25874999999996,causal_load_main,day_ahead_planning
2025-12-07,63,10:40,1061.0827375,1162.1143666666667,2025-11-09;2025-11-16;2025-11-23;2025-11-30,False,101.03162916666679,causal_load_main,day_ahead_planning
2025-12-07,64,10:50,1072.1143291666667,1176.6564166666667,2025-11-09;2025-11-16;2025-11-23;2025-11-30,False,104.54208749999998,causal_load_main,day_ahead_planning
2025-12-07,65,11:00,1072.9079166666666,1167.7883333333332,2025-11-09;2025-11-16;2025-11-23;2025-11-30,False,94.88041666666663,causal_load_main,day_ahead_planning
2025-12-07,66,11:10,1056.9561374999998,1151.0554333333332,2025-11-09;2025-11-16;2025-11-23;2025-11-30,False,94.09929583333337,causal_load_main,day_ahead_planning
2025-12-07,67,11:20,1064.024125,1137.7855666666665,2025-11-09;2025-11-16;2025-11-23;2025-11-30,False,73.76144166666654,causal_load_main,day_ahead_planning
2025-12-07,68,11:30,1088.7225,1143.32,2025-11-09;2025-11-16;2025-11-23;2025-11-30,False,54.597499999999854,causal_load_main,day_ahead_planning
2025-12-07,69,11:40,1081.3898291666667,1168.9797833333332,2025-11-09;2025-11-16;2025-11-23;2025-11-30,False,87.58995416666653,causal_load_main,day_ahead_planning
2025-12-07,70,11:50,1042.8473,1142.4186833333333,2025-11-09;2025-11-16;2025-11-23;2025-11-30,False,99.57138333333342,causal_load_main,day_ahead_planning
2025-12-07,71,12:00,1004.2666666666667,1071.7933333333333,2025-11-09;2025-11-16;2025-11-23;2025-11-30,False,67.52666666666664,causal_load_main,day_ahead_planning
2025-12-07,72,12:10,998.7556166666666,1042.7778666666666,2025-11-09;2025-11-16;2025-11-23;2025-11-30,False,44.022249999999985,causal_load_main,day_ahead_planning
2025-12-07,73,12:20,999.8178958333332,1054.3492333333334,2025-11-09;2025-11-16;2025-11-23;2025-11-30,False,54.53133750000018,causal_load_main,day_ahead_planning
2025-12-07,74,12:30,990.4225000000001,1063.4433333333332,2025-11-09;2025-11-16;2025-11-23;2025-11-30,False,73.02083333333303,causal_load_main,day_ahead_planning
2025-12-07,75,12:40,981.9690333333333,1038.0338333333334,2025-11-09;2025-11-16;2025-11-23;2025-11-30,False,56.064800000000105,causal_load_main,day_ahead_planning
2025-12-07,76,12:50,999.5988125,1061.9738166666666,2025-11-09;2025-11-16;2025-11-23;2025-11-30,False,62.3750041666666,causal_load_main,day_ahead_planning
2025-12-07,77,13:00,1031.4958333333332,1125.7233333333334,2025-11-09;2025-11-16;2025-11-23;2025-11-30,False,94.22750000000019,causal_load_main,day_ahead_planning
2025-12-07,78,13:10,1040.8121208333332,1127.5320166666666,2025-11-09;2025-11-16;2025-11-23;2025-11-30,False,86.71989583333334,causal_load_main,day_ahead_planning
2025-12-07,79,13:20,1049.383070833333,1087.1444,2025-11-09;2025-11-16;2025-11-23;2025-11-30,False,37.76132916666688,causal_load_main,day_ahead_planning
2025-12-07,80,13:30,1055.9279166666665,1056.8816666666667,2025-11-09;2025-11-16;2025-11-23;2025-11-30,False,0.9537500000001273,causal_load_main,day_ahead_planning
2025-12-07,81,13:40,1037.5253125,1069.65605,2025-11-09;2025-11-16;2025-11-23;2025-11-30,False,32.13073750000012,causal_load_main,day_ahead_planning
2025-12-07,82,13:50,1034.9954583333333,1079.8553833333333,2025-11-09;2025-11-16;2025-11-23;2025-11-30,False,44.859924999999976,causal_load_main,day_ahead_planning
2025-12-07,83,14:00,1046.1804166666666,1079.8966666666665,2025-11-09;2025-11-16;2025-11-23;2025-11-30,False,33.716249999999945,causal_load_main,day_ahead_planning
2025-12-07,84,14:10,1030.2910958333332,1099.7895833333332,2025-11-09;2025-11-16;2025-11-23;2025-11-30,False,69.49848750000001,causal_load_main,day_ahead_planning
2025-12-07,85,14:20,1026.803925,1092.2919,2025-11-09;2025-11-16;2025-11-23;2025-11-30,False,65.487975,causal_load_main,day_ahead_planning
2025-12-07,86,14:30,1038.03,1059.735,2025-11-09;2025-11-16;2025-11-23;2025-11-30,False,21.704999999999927,causal_load_main,day_ahead_planning
2025-12-07,87,14:40,1026.4045166666665,1059.0085166666665,2025-11-09;2025-11-16;2025-11-23;2025-11-30,False,32.60400000000004,causal_load_main,day_ahead_planning
2025-12-07,88,14:50,1024.3756,1086.3967333333333,2025-11-09;2025-11-16;2025-11-23;2025-11-30,False,62.02113333333318,causal_load_main,day_ahead_planning
2025-12-07,89,15:00,1036.6174999999998,1105.0433333333333,2025-11-09;2025-11-16;2025-11-23;2025-11-30,False,68.42583333333346,causal_load_main,day_ahead_planning
2025-12-07,90,15:10,1033.6049291666666,1081.7662166666667,2025-11-09;2025-11-16;2025-11-23;2025-11-30,False,48.16128750000007,causal_load_main,day_ahead_planning
2025-12-07,91,15:20,1031.5991041666664,1064.6802333333333,2025-11-09;2025-11-16;2025-11-23;2025-11-30,False,33.08112916666687,causal_load_main,day_ahead_planning
2025-12-07,92,15:30,1034.5124999999998,1070.0533333333333,2025-11-09;2025-11-16;2025-11-23;2025-11-30,False,35.54083333333347,causal_load_main,day_ahead_planning
2025-12-07,93,15:40,1028.9152458333333,1066.1939166666666,2025-11-09;2025-11-16;2025-11-23;2025-11-30,False,37.27867083333331,causal_load_main,day_ahead_planning
2025-12-07,94,15:50,1028.4051583333332,1040.5832333333333,2025-11-09;2025-11-16;2025-11-23;2025-11-30,False,12.178075000000035,causal_load_main,day_ahead_planning
2025-12-07,95,16:00,1035.3420833333334,1021.7833333333333,2025-11-09;2025-11-16;2025-11-23;2025-11-30,False,13.558750000000146,causal_load_main,day_ahead_planning
2025-12-07,96,16:10,1036.56385,1046.0961666666667,2025-11-09;2025-11-16;2025-11-23;2025-11-30,False,9.532316666666702,causal_load_main,day_ahead_planning
2025-12-07,97,16:20,1030.0805541666666,1042.7157499999998,2025-11-09;2025-11-16;2025-11-23;2025-11-30,False,12.635195833333228,causal_load_main,day_ahead_planning
2025-12-07,98,16:30,1021.7245833333333,1022.4383333333333,2025-11-09;2025-11-16;2025-11-23;2025-11-30,False,0.7137500000000045,causal_load_main,day_ahead_planning
2025-12-07,99,16:40,1021.5343666666668,1060.6733166666666,2025-11-09;2025-11-16;2025-11-23;2025-11-30,False,39.138949999999795,causal_load_main,day_ahead_planning
2025-12-07,100,16:50,1036.0782916666667,1061.8682166666667,2025-11-09;2025-11-16;2025-11-23;2025-11-30,False,25.78992500000004,causal_load_main,day_ahead_planning
2025-12-07,101,17:00,1048.7099999999998,1015.5666666666666,2025-11-09;2025-11-16;2025-11-23;2025-11-30,False,33.1433333333332,causal_load_main,day_ahead_planning
2025-12-07,102,17:10,1033.3106291666666,1010.4510166666666,2025-11-09;2025-11-16;2025-11-23;2025-11-30,False,22.859612499999912,causal_load_main,day_ahead_planning
2025-12-07,103,17:20,1014.7512416666666,1018.2092666666667,2025-11-09;2025-11-16;2025-11-23;2025-11-30,False,3.4580250000001342,causal_load_main,day_ahead_planning
2025-12-07,104,17:30,1024.1491666666666,1038.5166666666667,2025-11-09;2025-11-16;2025-11-23;2025-11-30,False,14.367500000000064,causal_load_main,day_ahead_planning
2025-12-07,105,17:40,1047.5264291666665,1077.2946499999998,2025-11-09;2025-11-16;2025-11-23;2025-11-30,False,29.768220833333316,causal_load_main,day_ahead_planning
2025-12-07,106,17:50,928.8301041666666,945.1012999999999,2025-11-09;2025-11-16;2025-11-23;2025-11-30,False,16.27119583333331,causal_load_main,day_ahead_planning
2025-12-07,107,18:00,734.1258333333333,727.5966666666666,2025-11-09;2025-11-16;2025-11-23;2025-11-30,False,6.529166666666697,causal_load_main,day_ahead_planning
2025-12-07,108,18:10,699.7212166666667,717.5668999999999,2025-11-09;2025-11-16;2025-11-23;2025-11-30,False,17.845683333333227,causal_load_main,day_ahead_planning
2025-12-07,109,18:20,717.9713333333333,747.1379166666667,2025-11-09;2025-11-16;2025-11-23;2025-11-30,False,29.166583333333392,causal_load_main,day_ahead_planning
2025-12-07,110,18:30,713.7191666666666,738.6666666666666,2025-11-09;2025-11-16;2025-11-23;2025-11-30,False,24.94749999999999,causal_load_main,day_ahead_planning
2025-12-07,111,18:40,720.7456874999999,776.2321499999999,2025-11-09;2025-11-16;2025-11-23;2025-11-30,False,55.486462500000016,causal_load_main,day_ahead_planning
2025-12-07,112,18:50,724.3724416666666,761.6375166666667,2025-11-09;2025-11-16;2025-11-23;2025-11-30,False,37.265075000000024,causal_load_main,day_ahead_planning
2025-12-07,113,19:00,719.5470833333333,700.9649999999999,2025-11-09;2025-11-16;2025-11-23;2025-11-30,False,18.582083333333344,causal_load_main,day_ahead_planning
2025-12-07,114,19:10,719.3627625,711.2553666666665,2025-11-09;2025-11-16;2025-11-23;2025-11-30,False,8.107395833333499,causal_load_main,day_ahead_planning
2025-12-07,115,19:20,717.7764833333332,746.4125,2025-11-09;2025-11-16;2025-11-23;2025-11-30,False,28.63601666666682,causal_load_main,day_ahead_planning
2025-12-07,116,19:30,716.8554166666665,754.4200000000001,2025-11-09;2025-11-16;2025-11-23;2025-11-30,False,37.56458333333353,causal_load_main,day_ahead_planning
2025-12-07,117,19:40,724.9958958333332,730.3118166666666,2025-11-09;2025-11-16;2025-11-23;2025-11-30,False,5.315920833333394,causal_load_main,day_ahead_planning
2025-12-07,118,19:50,724.45105,709.89855,2025-11-09;2025-11-16;2025-11-23;2025-11-30,False,14.552500000000009,causal_load_main,day_ahead_planning
2025-12-07,119,20:00,716.5295833333332,709.6466666666666,2025-11-09;2025-11-16;2025-11-23;2025-11-30,False,6.882916666666574,causal_load_main,day_ahead_planning
2025-12-07,120,20:10,719.8598374999999,721.1756999999999,2025-11-09;2025-11-16;2025-11-23;2025-11-30,False,1.3158624999999802,causal_load_main,day_ahead_planning
2025-12-07,121,20:20,720.5100541666667,751.5101333333333,2025-11-09;2025-11-16;2025-11-23;2025-11-30,False,31.000079166666637,causal_load_main,day_ahead_planning
2025-12-07,122,20:30,721.2570833333332,771.9333333333334,2025-11-09;2025-11-16;2025-11-23;2025-11-30,False,50.67625000000021,causal_load_main,day_ahead_planning
2025-12-07,123,20:40,737.4212416666667,742.0089666666665,2025-11-09;2025-11-16;2025-11-23;2025-11-30,False,4.587724999999864,causal_load_main,day_ahead_planning
2025-12-07,124,20:50,736.2521833333333,729.8850833333332,2025-11-09;2025-11-16;2025-11-23;2025-11-30,False,6.36710000000005,causal_load_main,day_ahead_planning
2025-12-07,125,21:00,724.6141666666667,736.0416666666666,2025-11-09;2025-11-16;2025-11-23;2025-11-30,False,11.427499999999895,causal_load_main,day_ahead_planning
2025-12-07,126,21:10,739.9515,700.3939166666667,2025-11-09;2025-11-16;2025-11-23;2025-11-30,False,39.557583333333355,causal_load_main,day_ahead_planning
2025-12-07,127,21:20,737.6139166666667,697.3577666666666,2025-11-09;2025-11-16;2025-11-23;2025-11-30,False,40.25615000000005,causal_load_main,day_ahead_planning
2025-12-07,128,21:30,725.0920833333332,739.3166666666666,2025-11-09;2025-11-16;2025-11-23;2025-11-30,False,14.224583333333385,causal_load_main,day_ahead_planning
2025-12-07,129,21:40,741.0992458333333,746.1218,2025-11-09;2025-11-16;2025-11-23;2025-11-30,False,5.022554166666737,causal_load_main,day_ahead_planning
2025-12-07,130,21:50,665.1744125,659.7137833333334,2025-11-09;2025-11-16;2025-11-23;2025-11-30,False,5.460629166666649,causal_load_main,day_ahead_planning
2025-12-07,131,22:00,538.1787499999999,551.4783333333332,2025-11-09;2025-11-16;2025-11-23;2025-11-30,False,13.299583333333317,causal_load_main,day_ahead_planning
2025-12-07,132,22:10,534.5062041666666,557.40275,2025-11-09;2025-11-16;2025-11-23;2025-11-30,False,22.896545833333334,causal_load_main,day_ahead_planning
2025-12-07,133,22:20,559.5699833333333,584.4099,2025-11-09;2025-11-16;2025-11-23;2025-11-30,False,24.83991666666668,causal_load_main,day_ahead_planning
2025-12-07,134,22:30,553.2879166666667,571.115,2025-11-09;2025-11-16;2025-11-23;2025-11-30,False,17.82708333333335,causal_load_main,day_ahead_planning
2025-12-07,135,22:40,550.9729833333333,547.3808666666666,2025-11-09;2025-11-16;2025-11-23;2025-11-30,False,3.5921166666666977,causal_load_main,day_ahead_planning
2025-12-07,136,22:50,553.7004291666666,545.4553999999999,2025-11-09;2025-11-16;2025-11-23;2025-11-30,False,8.245029166666654,causal_load_main,day_ahead_planning
2025-12-07,137,23:00,554.1329166666667,566.0,2025-11-09;2025-11-16;2025-11-23;2025-11-30,False,11.867083333333312,causal_load_main,day_ahead_planning
2025-12-07,138,23:10,549.4708666666666,584.5109166666666,2025-11-09;2025-11-16;2025-11-23;2025-11-30,False,35.040050000000065,causal_load_main,day_ahead_planning
2025-12-07,139,23:20,549.2914791666666,600.1716166666666,2025-11-09;2025-11-16;2025-11-23;2025-11-30,False,50.880137500000046,causal_load_main,day_ahead_planning
2025-12-07,140,23:30,552.2166666666667,609.0083333333333,2025-11-09;2025-11-16;2025-11-23;2025-11-30,False,56.79166666666663,causal_load_main,day_ahead_planning
2025-12-07,141,23:40,550.8100749999999,602.8109666666667,2025-11-09;2025-11-16;2025-11-23;2025-11-30,False,52.0008916666668,causal_load_main,day_ahead_planning
2025-12-07,142,23:50,567.7328583333333,593.4850333333333,2025-11-09;2025-11-16;2025-11-23;2025-11-30,False,25.752174999999966,causal_load_main,day_ahead_planning
2025-12-07,143,0:00+1,592.1270833333333,583.8299999999999,2025-11-09;2025-11-16;2025-11-23;2025-11-30,False,8.297083333333376,causal_load_main,day_ahead_planning
2025-12-08,0,00:10,588.4541708333334,568.5156833333333,2025-11-10;2025-11-17;2025-11-24;2025-12-01,False,19.938487500000065,causal_load_main,day_ahead_planning
2025-12-08,1,00:20,585.4852666666666,565.64765,2025-11-10;2025-11-17;2025-11-24;2025-12-01,False,19.837616666666577,causal_load_main,day_ahead_planning
2025-12-08,2,00:30,588.5112499999999,576.6116666666667,2025-11-10;2025-11-17;2025-11-24;2025-12-01,False,11.899583333333226,causal_load_main,day_ahead_planning
2025-12-08,3,00:40,576.5517291666667,587.3752666666667,2025-11-10;2025-11-17;2025-11-24;2025-12-01,False,10.82353749999993,causal_load_main,day_ahead_planning
2025-12-08,4,00:50,581.3844124999999,611.5794833333333,2025-11-10;2025-11-17;2025-11-24;2025-12-01,False,30.195070833333375,causal_load_main,day_ahead_planning
2025-12-08,5,01:00,598.40375,633.765,2025-11-10;2025-11-17;2025-11-24;2025-12-01,False,35.36125000000004,causal_load_main,day_ahead_planning
2025-12-08,6,01:10,591.5017624999999,621.8068499999999,2025-11-10;2025-11-17;2025-11-24;2025-12-01,False,30.305087500000013,causal_load_main,day_ahead_planning
2025-12-08,7,01:20,596.0734208333333,619.6042,2025-11-10;2025-11-17;2025-11-24;2025-12-01,False,23.53077916666666,causal_load_main,day_ahead_planning
2025-12-08,8,01:30,608.2124999999999,636.15,2025-11-10;2025-11-17;2025-11-24;2025-12-01,False,27.937500000000114,causal_load_main,day_ahead_planning
2025-12-08,9,01:40,589.825125,635.9238166666667,2025-11-10;2025-11-17;2025-11-24;2025-12-01,False,46.098691666666696,causal_load_main,day_ahead_planning
2025-12-08,10,01:50,593.5500749999999,623.2058666666667,2025-11-10;2025-11-17;2025-11-24;2025-12-01,False,29.6557916666668,causal_load_main,day_ahead_planning
2025-12-08,11,02:00,617.47,626.7149999999999,2025-11-10;2025-11-17;2025-11-24;2025-12-01,False,9.24499999999989,causal_load_main,day_ahead_planning
2025-12-08,12,02:10,604.0410666666667,664.9419166666667,2025-11-10;2025-11-17;2025-11-24;2025-12-01,False,60.90084999999999,causal_load_main,day_ahead_planning
2025-12-08,13,02:20,583.4845625,664.5206,2025-11-10;2025-11-17;2025-11-24;2025-12-01,False,81.0360374999999,causal_load_main,day_ahead_planning
2025-12-08,14,02:30,580.9849999999999,634.1416666666667,2025-11-10;2025-11-17;2025-11-24;2025-12-01,False,53.15666666666675,causal_load_main,day_ahead_planning
2025-12-08,15,02:40,592.54775,651.8284166666666,2025-11-10;2025-11-17;2025-11-24;2025-12-01,False,59.28066666666666,causal_load_main,day_ahead_planning
2025-12-08,16,02:50,608.7875041666667,656.0715166666666,2025-11-10;2025-11-17;2025-11-24;2025-12-01,False,47.2840124999999,causal_load_main,day_ahead_planning
2025-12-08,17,03:00,619.0625,636.4666666666667,2025-11-10;2025-11-17;2025-11-24;2025-12-01,False,17.404166666666697,causal_load_main,day_ahead_planning
2025-12-08,18,03:10,617.8137416666666,647.2352833333333,2025-11-10;2025-11-17;2025-11-24;2025-12-01,False,29.421541666666712,causal_load_main,day_ahead_planning
2025-12-08,19,03:20,619.7134166666667,654.8433833333333,2025-11-10;2025-11-17;2025-11-24;2025-12-01,False,35.12996666666663,causal_load_main,day_ahead_planning
2025-12-08,20,03:30,622.6924999999999,655.5799999999999,2025-11-10;2025-11-17;2025-11-24;2025-12-01,False,32.887500000000045,causal_load_main,day_ahead_planning
2025-12-08,21,03:40,613.1037541666665,681.2748999999999,2025-11-10;2025-11-17;2025-11-24;2025-12-01,False,68.17114583333341,causal_load_main,day_ahead_planning
2025-12-08,22,03:50,616.5247666666666,696.7558,2025-11-10;2025-11-17;2025-11-24;2025-12-01,False,80.23103333333347,causal_load_main,day_ahead_planning
2025-12-08,23,04:00,630.6395833333333,688.4866666666667,2025-11-10;2025-11-17;2025-11-24;2025-12-01,False,57.84708333333333,causal_load_main,day_ahead_planning
2025-12-08,24,04:10,626.1224541666667,676.4432833333333,2025-11-10;2025-11-17;2025-11-24;2025-12-01,False,50.32082916666661,causal_load_main,day_ahead_planning
2025-12-08,25,04:20,617.1288083333334,659.9234166666666,2025-11-10;2025-11-17;2025-11-24;2025-12-01,False,42.79460833333326,causal_load_main,day_ahead_planning
2025-12-08,26,04:30,623.7075,658.5533333333333,2025-11-10;2025-11-17;2025-11-24;2025-12-01,False,34.8458333333333,causal_load_main,day_ahead_planning
2025-12-08,27,04:40,648.0434541666666,697.7063666666666,2025-11-10;2025-11-17;2025-11-24;2025-12-01,False,49.66291249999995,causal_load_main,day_ahead_planning
2025-12-08,28,04:50,645.3122249999999,724.2640166666666,2025-11-10;2025-11-17;2025-11-24;2025-12-01,False,78.95179166666674,causal_load_main,day_ahead_planning
2025-12-08,29,05:00,624.3120833333332,715.81,2025-11-10;2025-11-17;2025-11-24;2025-12-01,False,91.4979166666667,causal_load_main,day_ahead_planning
2025-12-08,30,05:10,637.2055333333333,701.0652833333334,2025-11-10;2025-11-17;2025-11-24;2025-12-01,False,63.859750000000076,causal_load_main,day_ahead_planning
2025-12-08,31,05:20,649.4441874999999,708.5557833333334,2025-11-10;2025-11-17;2025-11-24;2025-12-01,False,59.11159583333347,causal_load_main,day_ahead_planning
2025-12-08,32,05:30,629.01125,713.7916666666666,2025-11-10;2025-11-17;2025-11-24;2025-12-01,False,84.78041666666661,causal_load_main,day_ahead_planning
2025-12-08,33,05:40,598.0751333333333,687.0371,2025-11-10;2025-11-17;2025-11-24;2025-12-01,False,88.96196666666674,causal_load_main,day_ahead_planning
2025-12-08,34,05:50,686.4067833333334,776.0369666666667,2025-11-10;2025-11-17;2025-11-24;2025-12-01,False,89.63018333333332,causal_load_main,day_ahead_planning
2025-12-08,35,06:00,835.8775,919.1583333333333,2025-11-10;2025-11-17;2025-11-24;2025-12-01,False,83.28083333333325,causal_load_main,day_ahead_planning
2025-12-08,36,06:10,848.2946041666667,896.3659333333333,2025-11-10;2025-11-17;2025-11-24;2025-12-01,False,48.0713291666666,causal_load_main,day_ahead_planning
2025-12-08,37,06:20,818.9347916666666,863.89165,2025-11-10;2025-11-17;2025-11-24;2025-12-01,False,44.95685833333346,causal_load_main,day_ahead_planning
2025-12-08,38,06:30,819.1504166666665,906.0366666666666,2025-11-10;2025-11-17;2025-11-24;2025-12-01,False,86.88625000000013,causal_load_main,day_ahead_planning
2025-12-08,39,06:40,825.0649208333333,942.4160666666667,2025-11-10;2025-11-17;2025-11-24;2025-12-01,False,117.35114583333336,causal_load_main,day_ahead_planning
2025-12-08,40,06:50,830.3282750000001,913.4140333333332,2025-11-10;2025-11-17;2025-11-24;2025-12-01,False,83.08575833333316,causal_load_main,day_ahead_planning
2025-12-08,41,07:00,830.5608333333332,865.3116666666666,2025-11-10;2025-11-17;2025-11-24;2025-12-01,False,34.75083333333339,causal_load_main,day_ahead_planning
2025-12-08,42,07:10,823.4258333333333,892.42695,2025-11-10;2025-11-17;2025-11-24;2025-12-01,False,69.00111666666669,causal_load_main,day_ahead_planning
2025-12-08,43,07:20,827.0207958333332,891.7251166666666,2025-11-10;2025-11-17;2025-11-24;2025-12-01,False,64.70432083333344,causal_load_main,day_ahead_planning
2025-12-08,44,07:30,824.4954166666666,843.9316666666666,2025-11-10;2025-11-17;2025-11-24;2025-12-01,False,19.436249999999973,causal_load_main,day_ahead_planning
2025-12-08,45,07:40,804.4098666666666,857.2932333333333,2025-11-10;2025-11-17;2025-11-24;2025-12-01,False,52.88336666666669,causal_load_main,day_ahead_planning
2025-12-08,46,07:50,925.5224333333333,1006.12195,2025-11-10;2025-11-17;2025-11-24;2025-12-01,False,80.59951666666666,causal_load_main,day_ahead_planning
2025-12-08,47,08:00,1120.6066666666666,1189.1516666666666,2025-11-10;2025-11-17;2025-11-24;2025-12-01,False,68.54500000000007,causal_load_main,day_ahead_planning
2025-12-08,48,08:10,1146.1234124999999,1216.4899999999998,2025-11-10;2025-11-17;2025-11-24;2025-12-01,False,70.36658749999992,causal_load_main,day_ahead_planning
2025-12-08,49,08:20,1123.2332625,1200.7787333333333,2025-11-10;2025-11-17;2025-11-24;2025-12-01,False,77.54547083333341,causal_load_main,day_ahead_planning
2025-12-08,50,08:30,1131.8895833333331,1208.3233333333333,2025-11-10;2025-11-17;2025-11-24;2025-12-01,False,76.43375000000015,causal_load_main,day_ahead_planning
2025-12-08,51,08:40,1129.4273291666666,1195.1101999999998,2025-11-10;2025-11-17;2025-11-24;2025-12-01,False,65.68287083333325,causal_load_main,day_ahead_planning
2025-12-08,52,08:50,1123.3239041666666,1170.7271,2025-11-10;2025-11-17;2025-11-24;2025-12-01,False,47.403195833333484,causal_load_main,day_ahead_planning
2025-12-08,53,09:00,1118.3416666666667,1153.12,2025-11-10;2025-11-17;2025-11-24;2025-12-01,False,34.778333333333194,causal_load_main,day_ahead_planning
2025-12-08,54,09:10,1107.9356583333333,1153.3045666666667,2025-11-10;2025-11-17;2025-11-24;2025-12-01,False,45.368908333333366,causal_load_main,day_ahead_planning
2025-12-08,55,09:20,1106.3493958333331,1178.8209166666666,2025-11-10;2025-11-17;2025-11-24;2025-12-01,False,72.47152083333344,causal_load_main,day_ahead_planning
2025-12-08,56,09:30,1111.9566666666665,1205.3683333333333,2025-11-10;2025-11-17;2025-11-24;2025-12-01,False,93.41166666666686,causal_load_main,day_ahead_planning
2025-12-08,57,09:40,1110.0690166666666,1194.8659666666667,2025-11-10;2025-11-17;2025-11-24;2025-12-01,False,84.79695000000015,causal_load_main,day_ahead_planning
2025-12-08,58,09:50,1117.3737791666667,1177.4238833333334,2025-11-10;2025-11-17;2025-11-24;2025-12-01,False,60.05010416666664,causal_load_main,day_ahead_planning
2025-12-08,59,10:00,1127.2779166666667,1181.0283333333332,2025-11-10;2025-11-17;2025-11-24;2025-12-01,False,53.750416666666524,causal_load_main,day_ahead_planning
2025-12-08,60,10:10,1114.7128583333333,1201.7485,2025-11-10;2025-11-17;2025-11-24;2025-12-01,False,87.0356416666666,causal_load_main,day_ahead_planning
2025-12-08,61,10:20,1104.9799958333333,1189.3035499999999,2025-11-10;2025-11-17;2025-11-24;2025-12-01,False,84.32355416666655,causal_load_main,day_ahead_planning
2025-12-08,62,10:30,1109.94375,1156.375,2025-11-10;2025-11-17;2025-11-24;2025-12-01,False,46.43125000000009,causal_load_main,day_ahead_planning
2025-12-08,63,10:40,1114.8154583333333,1162.6969833333333,2025-11-10;2025-11-17;2025-11-24;2025-12-01,False,47.88152500000001,causal_load_main,day_ahead_planning
2025-12-08,64,10:50,1104.8107,1161.6862999999998,2025-11-10;2025-11-17;2025-11-24;2025-12-01,False,56.87559999999985,causal_load_main,day_ahead_planning
2025-12-08,65,11:00,1090.9274999999998,1143.3716666666664,2025-11-10;2025-11-17;2025-11-24;2025-12-01,False,52.44416666666666,causal_load_main,day_ahead_planning
2025-12-08,66,11:10,1096.4909041666665,1146.7096499999998,2025-11-10;2025-11-17;2025-11-24;2025-12-01,False,50.21874583333329,causal_load_main,day_ahead_planning
2025-12-08,67,11:20,1094.0164916666668,1151.4172666666666,2025-11-10;2025-11-17;2025-11-24;2025-12-01,False,57.40077499999984,causal_load_main,day_ahead_planning
2025-12-08,68,11:30,1085.0970833333333,1146.3116666666665,2025-11-10;2025-11-17;2025-11-24;2025-12-01,False,61.21458333333317,causal_load_main,day_ahead_planning
2025-12-08,69,11:40,1093.8300666666664,1138.4773666666665,2025-11-10;2025-11-17;2025-11-24;2025-12-01,False,44.64730000000009,causal_load_main,day_ahead_planning
2025-12-08,70,11:50,1069.5835749999999,1111.3336166666666,2025-11-10;2025-11-17;2025-11-24;2025-12-01,False,41.750041666666675,causal_load_main,day_ahead_planning
2025-12-08,71,12:00,1022.0120833333333,1081.2316666666666,2025-11-10;2025-11-17;2025-11-24;2025-12-01,False,59.219583333333276,causal_load_main,day_ahead_planning
2025-12-08,72,12:10,1016.4664833333333,1084.87915,2025-11-10;2025-11-17;2025-11-24;2025-12-01,False,68.41266666666672,causal_load_main,day_ahead_planning
2025-12-08,73,12:20,1024.3717,1085.8130666666666,2025-11-10;2025-11-17;2025-11-24;2025-12-01,False,61.44136666666668,causal_load_main,day_ahead_planning
2025-12-08,74,12:30,1015.8191666666667,1071.5883333333331,2025-11-10;2025-11-17;2025-11-24;2025-12-01,False,55.76916666666648,causal_load_main,day_ahead_planning
2025-12-08,75,12:40,997.7951583333333,1067.0249666666666,2025-11-10;2025-11-17;2025-11-24;2025-12-01,False,69.22980833333327,causal_load_main,day_ahead_planning
2025-12-08,76,12:50,1028.4137666666666,1074.8559666666665,2025-11-10;2025-11-17;2025-11-24;2025-12-01,False,46.44219999999996,causal_load_main,day_ahead_planning
2025-12-08,77,13:00,1078.9354166666667,1087.5949999999998,2025-11-10;2025-11-17;2025-11-24;2025-12-01,False,8.659583333333103,causal_load_main,day_ahead_planning
2025-12-08,78,13:10,1062.329225,1093.0311166666665,2025-11-10;2025-11-17;2025-11-24;2025-12-01,False,30.701891666666597,causal_load_main,day_ahead_planning
2025-12-08,79,13:20,1051.73935,1078.6281333333332,2025-11-10;2025-11-17;2025-11-24;2025-12-01,False,26.888783333333095,causal_load_main,day_ahead_planning
2025-12-08,80,13:30,1066.1158333333333,1069.635,2025-11-10;2025-11-17;2025-11-24;2025-12-01,False,3.519166666666706,causal_load_main,day_ahead_planning
2025-12-08,81,13:40,1050.5984624999999,1103.7918166666666,2025-11-10;2025-11-17;2025-11-24;2025-12-01,False,53.19335416666672,causal_load_main,day_ahead_planning
2025-12-08,82,13:50,1034.9836124999997,1120.3550333333333,2025-11-10;2025-11-17;2025-11-24;2025-12-01,False,85.37142083333356,causal_load_main,day_ahead_planning
2025-12-08,83,14:00,1038.9191666666666,1097.9566666666665,2025-11-10;2025-11-17;2025-11-24;2025-12-01,False,59.03749999999991,causal_load_main,day_ahead_planning
2025-12-08,84,14:10,1049.2450124999998,1075.161,2025-11-10;2025-11-17;2025-11-24;2025-12-01,False,25.915987500000256,causal_load_main,day_ahead_planning
2025-12-08,85,14:20,1051.5350583333334,1071.0135666666665,2025-11-10;2025-11-17;2025-11-24;2025-12-01,False,19.47850833333314,causal_load_main,day_ahead_planning
2025-12-08,86,14:30,1043.3404166666664,1062.5816666666665,2025-11-10;2025-11-17;2025-11-24;2025-12-01,False,19.241250000000036,causal_load_main,day_ahead_planning
2025-12-08,87,14:40,1034.3995666666665,1018.5861499999999,2025-11-10;2025-11-17;2025-11-24;2025-12-01,False,15.813416666666626,causal_load_main,day_ahead_planning
2025-12-08,88,14:50,1034.7628249999998,1015.4892499999999,2025-11-10;2025-11-17;2025-11-24;2025-12-01,False,19.273574999999937,causal_load_main,day_ahead_planning
2025-12-08,89,15:00,1038.8479166666666,1056.1666666666665,2025-11-10;2025-11-17;2025-11-24;2025-12-01,False,17.31874999999991,causal_load_main,day_ahead_planning
2025-12-08,90,15:10,1033.230325,1066.7512166666666,2025-11-10;2025-11-17;2025-11-24;2025-12-01,False,33.52089166666656,causal_load_main,day_ahead_planning
2025-12-08,91,15:20,1034.2282,1068.1549833333333,2025-11-10;2025-11-17;2025-11-24;2025-12-01,False,33.92678333333333,causal_load_main,day_ahead_planning
2025-12-08,92,15:30,1038.33375,1062.04,2025-11-10;2025-11-17;2025-11-24;2025-12-01,False,23.706249999999955,causal_load_main,day_ahead_planning
2025-12-08,93,15:40,1025.4966041666667,1025.2699666666667,2025-11-10;2025-11-17;2025-11-24;2025-12-01,False,0.22663749999992433,causal_load_main,day_ahead_planning
2025-12-08,94,15:50,1018.0282291666666,1009.4781833333333,2025-11-10;2025-11-17;2025-11-24;2025-12-01,False,8.550045833333343,causal_load_main,day_ahead_planning
2025-12-08,95,16:00,1021.8533333333332,1034.2216666666666,2025-11-10;2025-11-17;2025-11-24;2025-12-01,False,12.36833333333334,causal_load_main,day_ahead_planning
2025-12-08,96,16:10,1020.6621874999998,1064.43995,2025-11-10;2025-11-17;2025-11-24;2025-12-01,False,43.77776250000011,causal_load_main,day_ahead_planning
2025-12-08,97,16:20,1018.2460833333332,1054.4150333333332,2025-11-10;2025-11-17;2025-11-24;2025-12-01,False,36.168949999999995,causal_load_main,day_ahead_planning
2025-12-08,98,16:30,1021.9962499999999,1020.0533333333333,2025-11-10;2025-11-17;2025-11-24;2025-12-01,False,1.9429166666666333,causal_load_main,day_ahead_planning
2025-12-08,99,16:40,1032.8381041666664,1020.7715666666666,2025-11-10;2025-11-17;2025-11-24;2025-12-01,False,12.066537499999868,causal_load_main,day_ahead_planning
2025-12-08,100,16:50,1033.6894208333333,1035.96635,2025-11-10;2025-11-17;2025-11-24;2025-12-01,False,2.276929166666605,causal_load_main,day_ahead_planning
2025-12-08,101,17:00,1024.7279166666665,1043.4499999999998,2025-11-10;2025-11-17;2025-11-24;2025-12-01,False,18.72208333333333,causal_load_main,day_ahead_planning
2025-12-08,102,17:10,1020.1049166666667,1039.2540666666666,2025-11-10;2025-11-17;2025-11-24;2025-12-01,False,19.149149999999963,causal_load_main,day_ahead_planning
2025-12-08,103,17:20,1005.1620583333333,1017.54605,2025-11-10;2025-11-17;2025-11-24;2025-12-01,False,12.383991666666702,causal_load_main,day_ahead_planning
2025-12-08,104,17:30,1009.3758333333333,1011.4766666666666,2025-11-10;2025-11-17;2025-11-24;2025-12-01,False,2.1008333333332985,causal_load_main,day_ahead_planning
2025-12-08,105,17:40,1052.9348541666668,1038.8621333333333,2025-11-10;2025-11-17;2025-11-24;2025-12-01,False,14.072720833333506,causal_load_main,day_ahead_planning
2025-12-08,106,17:50,927.4649416666666,911.37095,2025-11-10;2025-11-17;2025-11-24;2025-12-01,False,16.093991666666625,causal_load_main,day_ahead_planning
2025-12-08,107,18:00,705.7133333333334,703.2816666666665,2025-11-10;2025-11-17;2025-11-24;2025-12-01,False,2.4316666666668425,causal_load_main,day_ahead_planning
2025-12-08,108,18:10,686.3110041666666,692.19445,2025-11-10;2025-11-17;2025-11-24;2025-12-01,False,5.883445833333326,causal_load_main,day_ahead_planning
2025-12-08,109,18:20,723.2536708333332,718.8836166666666,2025-11-10;2025-11-17;2025-11-24;2025-12-01,False,4.370054166666591,causal_load_main,day_ahead_planning
2025-12-08,110,18:30,718.2120833333332,698.4449999999999,2025-11-10;2025-11-17;2025-11-24;2025-12-01,False,19.76708333333329,causal_load_main,day_ahead_planning
2025-12-08,111,18:40,721.3827541666666,709.2440333333334,2025-11-10;2025-11-17;2025-11-24;2025-12-01,False,12.138720833333196,causal_load_main,day_ahead_planning
2025-12-08,112,18:50,727.3862166666668,735.16655,2025-11-10;2025-11-17;2025-11-24;2025-12-01,False,7.78033333333326,causal_load_main,day_ahead_planning
2025-12-08,113,19:00,727.6758333333332,743.1083333333332,2025-11-10;2025-11-17;2025-11-24;2025-12-01,False,15.432500000000005,causal_load_main,day_ahead_planning
2025-12-08,114,19:10,725.0936541666665,720.5737,2025-11-10;2025-11-17;2025-11-24;2025-12-01,False,4.51995416666648,causal_load_main,day_ahead_planning
2025-12-08,115,19:20,718.4189499999999,701.6608333333334,2025-11-10;2025-11-17;2025-11-24;2025-12-01,False,16.758116666666524,causal_load_main,day_ahead_planning
2025-12-08,116,19:30,715.1754166666666,706.9633333333333,2025-11-10;2025-11-17;2025-11-24;2025-12-01,False,8.21208333333334,causal_load_main,day_ahead_planning
2025-12-08,117,19:40,725.4772375,728.1435499999999,2025-11-10;2025-11-17;2025-11-24;2025-12-01,False,2.66631249999989,causal_load_main,day_ahead_planning
2025-12-08,118,19:50,731.1512208333332,741.8623833333332,2025-11-10;2025-11-17;2025-11-24;2025-12-01,False,10.7111625,causal_load_main,day_ahead_planning
2025-12-08,119,20:00,728.2545833333334,732.5333333333333,2025-11-10;2025-11-17;2025-11-24;2025-12-01,False,4.278749999999945,causal_load_main,day_ahead_planning
2025-12-08,120,20:10,729.8545958333332,705.9498333333332,2025-11-10;2025-11-17;2025-11-24;2025-12-01,False,23.904762499999947,causal_load_main,day_ahead_planning
2025-12-08,121,20:20,731.4537625,706.46075,2025-11-10;2025-11-17;2025-11-24;2025-12-01,False,24.993012500000077,causal_load_main,day_ahead_planning
2025-12-08,122,20:30,724.8183333333334,741.2083333333333,2025-11-10;2025-11-17;2025-11-24;2025-12-01,False,16.389999999999873,causal_load_main,day_ahead_planning
2025-12-08,123,20:40,710.8672708333334,768.9918333333333,2025-11-10;2025-11-17;2025-11-24;2025-12-01,False,58.12456249999991,causal_load_main,day_ahead_planning
2025-12-08,124,20:50,721.1265708333333,745.6076666666665,2025-11-10;2025-11-17;2025-11-24;2025-12-01,False,24.481095833333256,causal_load_main,day_ahead_planning
2025-12-08,125,21:00,739.1841666666667,705.7950000000001,2025-11-10;2025-11-17;2025-11-24;2025-12-01,False,33.3891666666666,causal_load_main,day_ahead_planning
2025-12-08,126,21:10,717.9778916666667,724.2467833333333,2025-11-10;2025-11-17;2025-11-24;2025-12-01,False,6.268891666666605,causal_load_main,day_ahead_planning
2025-12-08,127,21:20,707.9221958333333,724.0266333333334,2025-11-10;2025-11-17;2025-11-24;2025-12-01,False,16.10443750000013,causal_load_main,day_ahead_planning
2025-12-08,128,21:30,733.3804166666666,709.4366666666666,2025-11-10;2025-11-17;2025-11-24;2025-12-01,False,23.943750000000023,causal_load_main,day_ahead_planning
2025-12-08,129,21:40,754.5440416666665,746.6641166666666,2025-11-10;2025-11-17;2025-11-24;2025-12-01,False,7.879924999999957,causal_load_main,day_ahead_planning
2025-12-08,130,21:50,685.2169291666667,680.2164833333333,2025-11-10;2025-11-17;2025-11-24;2025-12-01,False,5.000445833333401,causal_load_main,day_ahead_planning
2025-12-08,131,22:00,568.6654166666666,544.55,2025-11-10;2025-11-17;2025-11-24;2025-12-01,False,24.115416666666647,causal_load_main,day_ahead_planning
2025-12-08,132,22:10,539.6573874999999,542.8860666666667,2025-11-10;2025-11-17;2025-11-24;2025-12-01,False,3.2286791666667796,causal_load_main,day_ahead_planning
2025-12-08,133,22:20,540.1077166666666,571.7149333333333,2025-11-10;2025-11-17;2025-11-24;2025-12-01,False,31.60721666666666,causal_load_main,day_ahead_planning
2025-12-08,134,22:30,533.5041666666666,560.9366666666666,2025-11-10;2025-11-17;2025-11-24;2025-12-01,False,27.432500000000005,causal_load_main,day_ahead_planning
2025-12-08,135,22:40,544.5559125,547.00225,2025-11-10;2025-11-17;2025-11-24;2025-12-01,False,2.446337500000027,causal_load_main,day_ahead_planning
2025-12-08,136,22:50,558.3454208333333,541.2340666666666,2025-11-10;2025-11-17;2025-11-24;2025-12-01,False,17.111354166666615,causal_load_main,day_ahead_planning
2025-12-08,137,23:00,567.6399999999999,544.7383333333332,2025-11-10;2025-11-17;2025-11-24;2025-12-01,False,22.901666666666642,causal_load_main,day_ahead_planning
2025-12-08,138,23:10,577.8332416666666,553.5220333333333,2025-11-10;2025-11-17;2025-11-24;2025-12-01,False,24.311208333333298,causal_load_main,day_ahead_planning
2025-12-08,139,23:20,572.7013125000001,555.1204333333333,2025-11-10;2025-11-17;2025-11-24;2025-12-01,False,17.58087916666682,causal_load_main,day_ahead_planning
2025-12-08,140,23:30,561.78625,561.0833333333333,2025-11-10;2025-11-17;2025-11-24;2025-12-01,False,0.7029166666667379,causal_load_main,day_ahead_planning
2025-12-08,141,23:40,571.5554875,591.37275,2025-11-10;2025-11-17;2025-11-24;2025-12-01,False,19.81726249999997,causal_load_main,day_ahead_planning
2025-12-08,142,23:50,572.6341916666667,597.9528,2025-11-10;2025-11-17;2025-11-24;2025-12-01,False,25.318608333333373,causal_load_main,day_ahead_planning
2025-12-08,143,0:00+1,565.5899999999999,578.3966666666666,2025-11-10;2025-11-17;2025-11-24;2025-12-01,False,12.806666666666729,causal_load_main,day_ahead_planning
2025-12-09,0,00:10,580.6658791666666,582.1842166666667,2025-11-11;2025-11-18;2025-11-25;2025-12-02,False,1.5183375000000296,causal_load_main,day_ahead_planning
2025-12-09,1,00:20,591.0259958333334,613.47145,2025-11-11;2025-11-18;2025-11-25;2025-12-02,False,22.44545416666665,causal_load_main,day_ahead_planning
2025-12-09,2,00:30,582.6258333333333,633.255,2025-11-11;2025-11-18;2025-11-25;2025-12-02,False,50.62916666666672,causal_load_main,day_ahead_planning
2025-12-09,3,00:40,569.7372875,602.9329666666666,2025-11-11;2025-11-18;2025-11-25;2025-12-02,False,33.19567916666665,causal_load_main,day_ahead_planning
2025-12-09,4,00:50,568.9205541666666,605.1585333333333,2025-11-11;2025-11-18;2025-11-25;2025-12-02,False,36.237979166666605,causal_load_main,day_ahead_planning
2025-12-09,5,01:00,579.0741666666665,641.7783333333333,2025-11-11;2025-11-18;2025-11-25;2025-12-02,False,62.704166666666765,causal_load_main,day_ahead_planning
2025-12-09,6,01:10,585.9666791666666,631.0265666666667,2025-11-11;2025-11-18;2025-11-25;2025-12-02,False,45.05988750000006,causal_load_main,day_ahead_planning
2025-12-09,7,01:20,594.0446916666666,601.84105,2025-11-11;2025-11-18;2025-11-25;2025-12-02,False,7.796358333333387,causal_load_main,day_ahead_planning
2025-12-09,8,01:30,600.6483333333333,596.2066666666666,2025-11-11;2025-11-18;2025-11-25;2025-12-02,False,4.44166666666672,causal_load_main,day_ahead_planning
2025-12-09,9,01:40,597.9931125,622.9969833333333,2025-11-11;2025-11-18;2025-11-25;2025-12-02,False,25.00387083333328,causal_load_main,day_ahead_planning
2025-12-09,10,01:50,604.2072291666666,625.4612999999999,2025-11-11;2025-11-18;2025-11-25;2025-12-02,False,21.254070833333344,causal_load_main,day_ahead_planning
2025-12-09,11,02:00,610.3399999999999,608.115,2025-11-11;2025-11-18;2025-11-25;2025-12-02,False,2.224999999999909,causal_load_main,day_ahead_planning
2025-12-09,12,02:10,591.612,625.8327333333333,2025-11-11;2025-11-18;2025-11-25;2025-12-02,False,34.22073333333333,causal_load_main,day_ahead_planning
2025-12-09,13,02:20,592.1146166666667,628.4991166666666,2025-11-11;2025-11-18;2025-11-25;2025-12-02,False,36.38449999999989,causal_load_main,day_ahead_planning
2025-12-09,14,02:30,615.0908333333333,619.9949999999999,2025-11-11;2025-11-18;2025-11-25;2025-12-02,False,4.904166666666583,causal_load_main,day_ahead_planning
2025-12-09,15,02:40,619.7622291666667,653.4525666666666,2025-11-11;2025-11-18;2025-11-25;2025-12-02,False,33.69033749999994,causal_load_main,day_ahead_planning
2025-12-09,16,02:50,621.6893583333333,659.2710333333333,2025-11-11;2025-11-18;2025-11-25;2025-12-02,False,37.58167500000002,causal_load_main,day_ahead_planning
2025-12-09,17,03:00,621.1158333333333,641.91,2025-11-11;2025-11-18;2025-11-25;2025-12-02,False,20.794166666666683,causal_load_main,day_ahead_planning
2025-12-09,18,03:10,601.8291166666667,675.3761999999999,2025-11-11;2025-11-18;2025-11-25;2025-12-02,False,73.54708333333326,causal_load_main,day_ahead_planning
2025-12-09,19,03:20,600.0175166666666,693.1540499999999,2025-11-11;2025-11-18;2025-11-25;2025-12-02,False,93.13653333333332,causal_load_main,day_ahead_planning
2025-12-09,20,03:30,620.9370833333332,679.5366666666666,2025-11-11;2025-11-18;2025-11-25;2025-12-02,False,58.599583333333385,causal_load_main,day_ahead_planning
2025-12-09,21,03:40,632.2381708333332,683.7275,2025-11-11;2025-11-18;2025-11-25;2025-12-02,False,51.48932916666672,causal_load_main,day_ahead_planning
2025-12-09,22,03:50,628.9716625,669.3439333333333,2025-11-11;2025-11-18;2025-11-25;2025-12-02,False,40.372270833333346,causal_load_main,day_ahead_planning
2025-12-09,23,04:00,622.0129166666666,649.8266666666666,2025-11-11;2025-11-18;2025-11-25;2025-12-02,False,27.813750000000027,causal_load_main,day_ahead_planning
2025-12-09,24,04:10,623.1869875,678.7939166666666,2025-11-11;2025-11-18;2025-11-25;2025-12-02,False,55.606929166666646,causal_load_main,day_ahead_planning
2025-12-09,25,04:20,615.7312125,686.2563166666666,2025-11-11;2025-11-18;2025-11-25;2025-12-02,False,70.52510416666667,causal_load_main,day_ahead_planning
2025-12-09,26,04:30,611.1558333333334,670.4183333333333,2025-11-11;2025-11-18;2025-11-25;2025-12-02,False,59.26249999999993,causal_load_main,day_ahead_planning
2025-12-09,27,04:40,636.1064791666666,697.1542666666666,2025-11-11;2025-11-18;2025-11-25;2025-12-02,False,61.04778749999991,causal_load_main,day_ahead_planning
2025-12-09,28,04:50,639.0778541666666,706.89375,2025-11-11;2025-11-18;2025-11-25;2025-12-02,False,67.81589583333334,causal_load_main,day_ahead_planning
2025-12-09,29,05:00,625.0758333333333,685.6733333333333,2025-11-11;2025-11-18;2025-11-25;2025-12-02,False,60.59749999999997,causal_load_main,day_ahead_planning
2025-12-09,30,05:10,647.3791541666666,685.4786833333333,2025-11-11;2025-11-18;2025-11-25;2025-12-02,False,38.099529166666684,causal_load_main,day_ahead_planning
2025-12-09,31,05:20,649.5372333333333,708.2784333333334,2025-11-11;2025-11-18;2025-11-25;2025-12-02,False,58.74120000000005,causal_load_main,day_ahead_planning
2025-12-09,32,05:30,613.6141666666665,707.405,2025-11-11;2025-11-18;2025-11-25;2025-12-02,False,93.79083333333347,causal_load_main,day_ahead_planning
2025-12-09,33,05:40,597.0441125,655.6857833333333,2025-11-11;2025-11-18;2025-11-25;2025-12-02,False,58.641670833333364,causal_load_main,day_ahead_planning
2025-12-09,34,05:50,684.9351666666666,732.8500999999999,2025-11-11;2025-11-18;2025-11-25;2025-12-02,False,47.91493333333324,causal_load_main,day_ahead_planning
2025-12-09,35,06:00,817.1020833333332,893.77,2025-11-11;2025-11-18;2025-11-25;2025-12-02,False,76.66791666666677,causal_load_main,day_ahead_planning
2025-12-09,36,06:10,839.8750666666666,907.9389333333334,2025-11-11;2025-11-18;2025-11-25;2025-12-02,False,68.06386666666674,causal_load_main,day_ahead_planning
2025-12-09,37,06:20,827.9095791666666,903.7269333333334,2025-11-11;2025-11-18;2025-11-25;2025-12-02,False,75.81735416666675,causal_load_main,day_ahead_planning
2025-12-09,38,06:30,831.6183333333333,931.87,2025-11-11;2025-11-18;2025-11-25;2025-12-02,False,100.25166666666667,causal_load_main,day_ahead_planning
2025-12-09,39,06:40,827.2551208333333,908.8701833333332,2025-11-11;2025-11-18;2025-11-25;2025-12-02,False,81.61506249999991,causal_load_main,day_ahead_planning
2025-12-09,40,06:50,825.4783583333333,891.9950333333333,2025-11-11;2025-11-18;2025-11-25;2025-12-02,False,66.51667499999996,causal_load_main,day_ahead_planning
2025-12-09,41,07:00,825.6575,887.1666666666666,2025-11-11;2025-11-18;2025-11-25;2025-12-02,False,61.5091666666666,causal_load_main,day_ahead_planning
2025-12-09,42,07:10,817.0197833333333,850.3599833333333,2025-11-11;2025-11-18;2025-11-25;2025-12-02,False,33.34019999999998,causal_load_main,day_ahead_planning
2025-12-09,43,07:20,828.5978333333333,883.0344166666666,2025-11-11;2025-11-18;2025-11-25;2025-12-02,False,54.436583333333374,causal_load_main,day_ahead_planning
2025-12-09,44,07:30,835.1225,933.71,2025-11-11;2025-11-18;2025-11-25;2025-12-02,False,98.58750000000009,causal_load_main,day_ahead_planning
2025-12-09,45,07:40,804.8741291666666,871.6038166666667,2025-11-11;2025-11-18;2025-11-25;2025-12-02,False,66.72968750000007,causal_load_main,day_ahead_planning
2025-12-09,46,07:50,924.6675250000001,989.9339666666666,2025-11-11;2025-11-18;2025-11-25;2025-12-02,False,65.26644166666654,causal_load_main,day_ahead_planning
2025-12-09,47,08:00,1127.4795833333333,1236.9266666666667,2025-11-11;2025-11-18;2025-11-25;2025-12-02,False,109.44708333333347,causal_load_main,day_ahead_planning
2025-12-09,48,08:10,1143.8293083333333,1244.24875,2025-11-11;2025-11-18;2025-11-25;2025-12-02,False,100.41944166666667,causal_load_main,day_ahead_planning
2025-12-09,49,08:20,1123.0864875,1181.8866333333333,2025-11-11;2025-11-18;2025-11-25;2025-12-02,False,58.80014583333332,causal_load_main,day_ahead_planning
2025-12-09,50,08:30,1139.8595833333331,1182.4916666666666,2025-11-11;2025-11-18;2025-11-25;2025-12-02,False,42.63208333333341,causal_load_main,day_ahead_planning
2025-12-09,51,08:40,1119.0783291666667,1202.3134499999999,2025-11-11;2025-11-18;2025-11-25;2025-12-02,False,83.23512083333321,causal_load_main,day_ahead_planning
2025-12-09,52,08:50,1114.7798208333331,1201.5588333333333,2025-11-11;2025-11-18;2025-11-25;2025-12-02,False,86.77901250000014,causal_load_main,day_ahead_planning
2025-12-09,53,09:00,1131.9325,1188.6016666666665,2025-11-11;2025-11-18;2025-11-25;2025-12-02,False,56.66916666666657,causal_load_main,day_ahead_planning
2025-12-09,54,09:10,1115.7080291666666,1194.4292333333333,2025-11-11;2025-11-18;2025-11-25;2025-12-02,False,78.72120416666667,causal_load_main,day_ahead_planning
2025-12-09,55,09:20,1103.4944708333333,1164.012,2025-11-11;2025-11-18;2025-11-25;2025-12-02,False,60.51752916666669,causal_load_main,day_ahead_planning
2025-12-09,56,09:30,1110.7666666666664,1121.905,2025-11-11;2025-11-18;2025-11-25;2025-12-02,False,11.138333333333549,causal_load_main,day_ahead_planning
2025-12-09,57,09:40,1110.9165458333332,1155.2927833333333,2025-11-11;2025-11-18;2025-11-25;2025-12-02,False,44.376237500000116,causal_load_main,day_ahead_planning
2025-12-09,58,09:50,1093.792345833333,1197.6863666666666,2025-11-11;2025-11-18;2025-11-25;2025-12-02,False,103.89402083333357,causal_load_main,day_ahead_planning
2025-12-09,59,10:00,1082.4029166666667,1192.0033333333333,2025-11-11;2025-11-18;2025-11-25;2025-12-02,False,109.60041666666666,causal_load_main,day_ahead_planning
2025-12-09,60,10:10,1107.2534708333333,1150.3371,2025-11-11;2025-11-18;2025-11-25;2025-12-02,False,43.0836291666667,causal_load_main,day_ahead_planning
2025-12-09,61,10:20,1117.205825,1160.00225,2025-11-11;2025-11-18;2025-11-25;2025-12-02,False,42.796425,causal_load_main,day_ahead_planning
2025-12-09,62,10:30,1098.1908333333333,1196.5149999999999,2025-11-11;2025-11-18;2025-11-25;2025-12-02,False,98.32416666666654,causal_load_main,day_ahead_planning
2025-12-09,63,10:40,1086.0340875,1156.51235,2025-11-11;2025-11-18;2025-11-25;2025-12-02,False,70.47826250000003,causal_load_main,day_ahead_planning
2025-12-09,64,10:50,1085.0102499999998,1135.7697333333333,2025-11-11;2025-11-18;2025-11-25;2025-12-02,False,50.75948333333349,causal_load_main,day_ahead_planning
2025-12-09,65,11:00,1091.8791666666666,1153.6883333333333,2025-11-11;2025-11-18;2025-11-25;2025-12-02,False,61.80916666666667,causal_load_main,day_ahead_planning
2025-12-09,66,11:10,1100.6568041666665,1133.53325,2025-11-11;2025-11-18;2025-11-25;2025-12-02,False,32.87644583333349,causal_load_main,day_ahead_planning
2025-12-09,67,11:20,1091.8563,1121.7969166666667,2025-11-11;2025-11-18;2025-11-25;2025-12-02,False,29.940616666666756,causal_load_main,day_ahead_planning
2025-12-09,68,11:30,1076.8395833333334,1138.4733333333334,2025-11-11;2025-11-18;2025-11-25;2025-12-02,False,61.633749999999964,causal_load_main,day_ahead_planning
2025-12-09,69,11:40,1081.4227666666666,1144.5658833333332,2025-11-11;2025-11-18;2025-11-25;2025-12-02,False,63.14311666666663,causal_load_main,day_ahead_planning
2025-12-09,70,11:50,1055.7842249999999,1102.8737999999998,2025-11-11;2025-11-18;2025-11-25;2025-12-02,False,47.08957499999997,causal_load_main,day_ahead_planning
2025-12-09,71,12:00,1010.1625,1043.9283333333333,2025-11-11;2025-11-18;2025-11-25;2025-12-02,False,33.76583333333326,causal_load_main,day_ahead_planning
2025-12-09,72,12:10,1009.5579833333334,1040.1470833333333,2025-11-11;2025-11-18;2025-11-25;2025-12-02,False,30.589099999999917,causal_load_main,day_ahead_planning
2025-12-09,73,12:20,1021.9372458333332,1065.3480333333332,2025-11-11;2025-11-18;2025-11-25;2025-12-02,False,43.41078749999997,causal_load_main,day_ahead_planning
2025-12-09,74,12:30,1019.7579166666667,1077.23,2025-11-11;2025-11-18;2025-11-25;2025-12-02,False,57.47208333333333,causal_load_main,day_ahead_planning
2025-12-09,75,12:40,1011.1528041666666,1059.8899999999999,2025-11-11;2025-11-18;2025-11-25;2025-12-02,False,48.73719583333332,causal_load_main,day_ahead_planning
2025-12-09,76,12:50,1026.4124708333334,1063.4569333333334,2025-11-11;2025-11-18;2025-11-25;2025-12-02,False,37.04446250000001,causal_load_main,day_ahead_planning
2025-12-09,77,13:00,1054.2391666666665,1097.375,2025-11-11;2025-11-18;2025-11-25;2025-12-02,False,43.135833333333494,causal_load_main,day_ahead_planning
2025-12-09,78,13:10,1054.7855333333332,1119.8318833333333,2025-11-11;2025-11-18;2025-11-25;2025-12-02,False,65.04635000000007,causal_load_main,day_ahead_planning
2025-12-09,79,13:20,1059.2413,1113.0718833333333,2025-11-11;2025-11-18;2025-11-25;2025-12-02,False,53.83058333333338,causal_load_main,day_ahead_planning
2025-12-09,80,13:30,1072.1729166666664,1082.3516666666665,2025-11-11;2025-11-18;2025-11-25;2025-12-02,False,10.178750000000036,causal_load_main,day_ahead_planning
2025-12-09,81,13:40,1065.2197958333334,1055.7735666666667,2025-11-11;2025-11-18;2025-11-25;2025-12-02,False,9.446229166666626,causal_load_main,day_ahead_planning
2025-12-09,82,13:50,1057.0728333333332,1083.2332999999999,2025-11-11;2025-11-18;2025-11-25;2025-12-02,False,26.160466666666707,causal_load_main,day_ahead_planning
2025-12-09,83,14:00,1059.8479166666666,1126.4766666666665,2025-11-11;2025-11-18;2025-11-25;2025-12-02,False,66.62874999999985,causal_load_main,day_ahead_planning
2025-12-09,84,14:10,1064.5242708333333,1093.87755,2025-11-11;2025-11-18;2025-11-25;2025-12-02,False,29.353279166666653,causal_load_main,day_ahead_planning
2025-12-09,85,14:20,1054.1323499999999,1051.4272666666666,2025-11-11;2025-11-18;2025-11-25;2025-12-02,False,2.7050833333332776,causal_load_main,day_ahead_planning
2025-12-09,86,14:30,1038.8795833333334,1047.11,2025-11-11;2025-11-18;2025-11-25;2025-12-02,False,8.230416666666542,causal_load_main,day_ahead_planning
2025-12-09,87,14:40,1044.5474875,1068.8870333333332,2025-11-11;2025-11-18;2025-11-25;2025-12-02,False,24.339545833333204,causal_load_main,day_ahead_planning
2025-12-09,88,14:50,1044.8664291666666,1097.6277499999999,2025-11-11;2025-11-18;2025-11-25;2025-12-02,False,52.76132083333323,causal_load_main,day_ahead_planning
2025-12-09,89,15:00,1033.9370833333332,1095.9516666666666,2025-11-11;2025-11-18;2025-11-25;2025-12-02,False,62.01458333333335,causal_load_main,day_ahead_planning
2025-12-09,90,15:10,1033.0584625,1038.57505,2025-11-11;2025-11-18;2025-11-25;2025-12-02,False,5.516587500000014,causal_load_main,day_ahead_planning
2025-12-09,91,15:20,1037.6172708333334,1013.0091666666667,2025-11-11;2025-11-18;2025-11-25;2025-12-02,False,24.608104166666635,causal_load_main,day_ahead_planning
2025-12-09,92,15:30,1038.4158333333332,1042.5916666666667,2025-11-11;2025-11-18;2025-11-25;2025-12-02,False,4.175833333333458,causal_load_main,day_ahead_planning
2025-12-09,93,15:40,1031.5492958333334,1062.6706,2025-11-11;2025-11-18;2025-11-25;2025-12-02,False,31.121304166666505,causal_load_main,day_ahead_planning
2025-12-09,94,15:50,1025.1183624999999,1030.4867166666666,2025-11-11;2025-11-18;2025-11-25;2025-12-02,False,5.368354166666677,causal_load_main,day_ahead_planning
2025-12-09,95,16:00,1027.7075,991.8933333333332,2025-11-11;2025-11-18;2025-11-25;2025-12-02,False,35.81416666666678,causal_load_main,day_ahead_planning
2025-12-09,96,16:10,1039.4585,1032.0620666666666,2025-11-11;2025-11-18;2025-11-25;2025-12-02,False,7.396433333333334,causal_load_main,day_ahead_planning
2025-12-09,97,16:20,1038.2102916666668,1068.5528166666666,2025-11-11;2025-11-18;2025-11-25;2025-12-02,False,30.342524999999796,causal_load_main,day_ahead_planning
2025-12-09,98,16:30,1030.3137499999998,1058.1183333333333,2025-11-11;2025-11-18;2025-11-25;2025-12-02,False,27.80458333333354,causal_load_main,day_ahead_planning
2025-12-09,99,16:40,1040.7924166666667,1035.8392166666665,2025-11-11;2025-11-18;2025-11-25;2025-12-02,False,4.953200000000152,causal_load_main,day_ahead_planning
2025-12-09,100,16:50,1035.3562499999998,1021.8912999999999,2025-11-11;2025-11-18;2025-11-25;2025-12-02,False,13.46494999999993,causal_load_main,day_ahead_planning
2025-12-09,101,17:00,1015.4008333333331,1026.745,2025-11-11;2025-11-18;2025-11-25;2025-12-02,False,11.344166666666752,causal_load_main,day_ahead_planning
2025-12-09,102,17:10,1017.7869291666667,1046.1518666666666,2025-11-11;2025-11-18;2025-11-25;2025-12-02,False,28.364937499999883,causal_load_main,day_ahead_planning
2025-12-09,103,17:20,1019.4477916666665,1040.60295,2025-11-11;2025-11-18;2025-11-25;2025-12-02,False,21.155158333333475,causal_load_main,day_ahead_planning
2025-12-09,104,17:30,1021.9245833333332,1036.9533333333334,2025-11-11;2025-11-18;2025-11-25;2025-12-02,False,15.028750000000173,causal_load_main,day_ahead_planning
2025-12-09,105,17:40,1029.4871625,1073.1910333333333,2025-11-11;2025-11-18;2025-11-25;2025-12-02,False,43.70387083333321,causal_load_main,day_ahead_planning
2025-12-09,106,17:50,907.2008791666666,946.0602666666666,2025-11-11;2025-11-18;2025-11-25;2025-12-02,False,38.859387500000025,causal_load_main,day_ahead_planning
2025-12-09,107,18:00,723.2404166666666,726.015,2025-11-11;2025-11-18;2025-11-25;2025-12-02,False,2.7745833333333394,causal_load_main,day_ahead_planning
2025-12-09,108,18:10,698.9612791666666,707.76785,2025-11-11;2025-11-18;2025-11-25;2025-12-02,False,8.806570833333353,causal_load_main,day_ahead_planning
2025-12-09,109,18:20,720.5999916666665,750.2668666666666,2025-11-11;2025-11-18;2025-11-25;2025-12-02,False,29.66687500000012,causal_load_main,day_ahead_planning
2025-12-09,110,18:30,714.5808333333332,749.6766666666667,2025-11-11;2025-11-18;2025-11-25;2025-12-02,False,35.09583333333353,causal_load_main,day_ahead_planning
2025-12-09,111,18:40,720.6529499999999,744.8674333333333,2025-11-11;2025-11-18;2025-11-25;2025-12-02,False,24.21448333333342,causal_load_main,day_ahead_planning
2025-12-09,112,18:50,726.3863666666666,745.5317666666666,2025-11-11;2025-11-18;2025-11-25;2025-12-02,False,19.145399999999995,causal_load_main,day_ahead_planning
2025-12-09,113,19:00,724.6691666666666,737.6133333333333,2025-11-11;2025-11-18;2025-11-25;2025-12-02,False,12.944166666666774,causal_load_main,day_ahead_planning
2025-12-09,114,19:10,725.5274791666666,708.6872,2025-11-11;2025-11-18;2025-11-25;2025-12-02,False,16.84027916666662,causal_load_main,day_ahead_planning
2025-12-09,115,19:20,728.3772875,709.4322,2025-11-11;2025-11-18;2025-11-25;2025-12-02,False,18.9450875,causal_load_main,day_ahead_planning
2025-12-09,116,19:30,726.4225,746.0966666666666,2025-11-11;2025-11-18;2025-11-25;2025-12-02,False,19.674166666666565,causal_load_main,day_ahead_planning
2025-12-09,117,19:40,715.574925,768.0807499999999,2025-11-11;2025-11-18;2025-11-25;2025-12-02,False,52.505824999999845,causal_load_main,day_ahead_planning
2025-12-09,118,19:50,714.9051416666666,741.5659166666666,2025-11-11;2025-11-18;2025-11-25;2025-12-02,False,26.660774999999944,causal_load_main,day_ahead_planning
2025-12-09,119,20:00,725.5925,698.9499999999999,2025-11-11;2025-11-18;2025-11-25;2025-12-02,False,26.64250000000004,causal_load_main,day_ahead_planning
2025-12-09,120,20:10,728.3898708333332,708.6292666666666,2025-11-11;2025-11-18;2025-11-25;2025-12-02,False,19.760604166666667,causal_load_main,day_ahead_planning
2025-12-09,121,20:20,717.8481083333332,738.41,2025-11-11;2025-11-18;2025-11-25;2025-12-02,False,20.561891666666725,causal_load_main,day_ahead_planning
2025-12-09,122,20:30,706.63375,749.53,2025-11-11;2025-11-18;2025-11-25;2025-12-02,False,42.89625000000001,causal_load_main,day_ahead_planning
2025-12-09,123,20:40,713.5055666666666,733.9266666666667,2025-11-11;2025-11-18;2025-11-25;2025-12-02,False,20.421100000000138,causal_load_main,day_ahead_planning
2025-12-09,124,20:50,724.4804,727.7550166666666,2025-11-11;2025-11-18;2025-11-25;2025-12-02,False,3.2746166666665886,causal_load_main,day_ahead_planning
2025-12-09,125,21:00,728.8633333333332,742.3416666666667,2025-11-11;2025-11-18;2025-11-25;2025-12-02,False,13.478333333333467,causal_load_main,day_ahead_planning
2025-12-09,126,21:10,729.3384083333333,755.2931,2025-11-11;2025-11-18;2025-11-25;2025-12-02,False,25.95469166666669,causal_load_main,day_ahead_planning
2025-12-09,127,21:20,735.3455375,752.8434666666667,2025-11-11;2025-11-18;2025-11-25;2025-12-02,False,17.497929166666722,causal_load_main,day_ahead_planning
2025-12-09,128,21:30,752.61625,742.51,2025-11-11;2025-11-18;2025-11-25;2025-12-02,False,10.106250000000045,causal_load_main,day_ahead_planning
2025-12-09,129,21:40,761.9162999999999,732.0921166666667,2025-11-11;2025-11-18;2025-11-25;2025-12-02,False,29.824183333333167,causal_load_main,day_ahead_planning
2025-12-09,130,21:50,672.6020791666666,660.5626166666666,2025-11-11;2025-11-18;2025-11-25;2025-12-02,False,12.039462500000013,causal_load_main,day_ahead_planning
2025-12-09,131,22:00,544.0283333333332,562.805,2025-11-11;2025-11-18;2025-11-25;2025-12-02,False,18.776666666666756,causal_load_main,day_ahead_planning
2025-12-09,132,22:10,539.3646,543.83015,2025-11-11;2025-11-18;2025-11-25;2025-12-02,False,4.4655500000000075,causal_load_main,day_ahead_planning
2025-12-09,133,22:20,569.6500958333334,539.9728333333333,2025-11-11;2025-11-18;2025-11-25;2025-12-02,False,29.677262500000097,causal_load_main,day_ahead_planning
2025-12-09,134,22:30,567.08125,537.5883333333334,2025-11-11;2025-11-18;2025-11-25;2025-12-02,False,29.492916666666588,causal_load_main,day_ahead_planning
2025-12-09,135,22:40,551.5284958333333,580.6687666666667,2025-11-11;2025-11-18;2025-11-25;2025-12-02,False,29.140270833333375,causal_load_main,day_ahead_planning
2025-12-09,136,22:50,548.264025,576.08755,2025-11-11;2025-11-18;2025-11-25;2025-12-02,False,27.823525000000018,causal_load_main,day_ahead_planning
2025-12-09,137,23:00,556.5895833333333,533.5733333333333,2025-11-11;2025-11-18;2025-11-25;2025-12-02,False,23.016250000000014,causal_load_main,day_ahead_planning
2025-12-09,138,23:10,557.1966666666666,556.2660666666666,2025-11-11;2025-11-18;2025-11-25;2025-12-02,False,0.9306000000000267,causal_load_main,day_ahead_planning
2025-12-09,139,23:20,561.1647333333333,572.5998999999999,2025-11-11;2025-11-18;2025-11-25;2025-12-02,False,11.435166666666646,causal_load_main,day_ahead_planning
2025-12-09,140,23:30,572.1479166666666,563.5483333333333,2025-11-11;2025-11-18;2025-11-25;2025-12-02,False,8.599583333333271,causal_load_main,day_ahead_planning
2025-12-09,141,23:40,579.3025625,582.2870833333333,2025-11-11;2025-11-18;2025-11-25;2025-12-02,False,2.9845208333332494,causal_load_main,day_ahead_planning
2025-12-09,142,23:50,575.534275,582.9854499999999,2025-11-11;2025-11-18;2025-11-25;2025-12-02,False,7.451174999999921,causal_load_main,day_ahead_planning
2025-12-09,143,0:00+1,566.0429166666665,564.9866666666667,2025-11-11;2025-11-18;2025-11-25;2025-12-02,False,1.0562499999998636,causal_load_main,day_ahead_planning
2025-12-10,0,00:10,563.8827541666667,580.3599999999999,2025-11-12;2025-11-19;2025-11-26;2025-12-03,False,16.4772458333332,causal_load_main,day_ahead_planning
2025-12-10,1,00:20,568.6671166666665,608.6959333333333,2025-11-12;2025-11-19;2025-11-26;2025-12-03,False,40.028816666666785,causal_load_main,day_ahead_planning
2025-12-10,2,00:30,574.1620833333334,624.6949999999999,2025-11-12;2025-11-19;2025-11-26;2025-12-03,False,50.53291666666655,causal_load_main,day_ahead_planning
2025-12-10,3,00:40,575.1197583333333,618.5484333333333,2025-11-12;2025-11-19;2025-11-26;2025-12-03,False,43.428675,causal_load_main,day_ahead_planning
2025-12-10,4,00:50,579.2508583333333,587.9682833333333,2025-11-12;2025-11-19;2025-11-26;2025-12-03,False,8.717424999999935,causal_load_main,day_ahead_planning
2025-12-10,5,01:00,587.4820833333333,568.7416666666666,2025-11-12;2025-11-19;2025-11-26;2025-12-03,False,18.74041666666676,causal_load_main,day_ahead_planning
2025-12-10,6,01:10,591.9643125,606.5876333333333,2025-11-12;2025-11-19;2025-11-26;2025-12-03,False,14.62332083333331,causal_load_main,day_ahead_planning
2025-12-10,7,01:20,590.2658708333333,643.4208666666666,2025-11-12;2025-11-19;2025-11-26;2025-12-03,False,53.15499583333326,causal_load_main,day_ahead_planning
2025-12-10,8,01:30,588.7462499999999,637.1883333333333,2025-11-12;2025-11-19;2025-11-26;2025-12-03,False,48.44208333333336,causal_load_main,day_ahead_planning
2025-12-10,9,01:40,595.538125,600.4331333333333,2025-11-12;2025-11-19;2025-11-26;2025-12-03,False,4.895008333333294,causal_load_main,day_ahead_planning
2025-12-10,10,01:50,597.42665,592.1683666666667,2025-11-12;2025-11-19;2025-11-26;2025-12-03,False,5.258283333333338,causal_load_main,day_ahead_planning
2025-12-10,11,02:00,595.46625,628.3399999999999,2025-11-12;2025-11-19;2025-11-26;2025-12-03,False,32.87374999999997,causal_load_main,day_ahead_planning
2025-12-10,12,02:10,604.28265,665.9482833333333,2025-11-12;2025-11-19;2025-11-26;2025-12-03,False,61.66563333333329,causal_load_main,day_ahead_planning
2025-12-10,13,02:20,614.3870125,647.3687,2025-11-12;2025-11-19;2025-11-26;2025-12-03,False,32.98168750000002,causal_load_main,day_ahead_planning
2025-12-10,14,02:30,617.9408333333333,609.3499999999999,2025-11-12;2025-11-19;2025-11-26;2025-12-03,False,8.590833333333421,causal_load_main,day_ahead_planning
2025-12-10,15,02:40,615.0489749999999,641.4959666666666,2025-11-12;2025-11-19;2025-11-26;2025-12-03,False,26.44699166666669,causal_load_main,day_ahead_planning
2025-12-10,16,02:50,606.4113875,659.7676833333333,2025-11-12;2025-11-19;2025-11-26;2025-12-03,False,53.356295833333206,causal_load_main,day_ahead_planning
2025-12-10,17,03:00,601.9495833333333,641.93,2025-11-12;2025-11-19;2025-11-26;2025-12-03,False,39.980416666666656,causal_load_main,day_ahead_planning
2025-12-10,18,03:10,611.6210249999999,652.3294833333333,2025-11-12;2025-11-19;2025-11-26;2025-12-03,False,40.7084583333334,causal_load_main,day_ahead_planning
2025-12-10,19,03:20,610.5080624999999,676.6075833333333,2025-11-12;2025-11-19;2025-11-26;2025-12-03,False,66.09952083333337,causal_load_main,day_ahead_planning
2025-12-10,20,03:30,601.7137499999999,682.03,2025-11-12;2025-11-19;2025-11-26;2025-12-03,False,80.31625000000008,causal_load_main,day_ahead_planning
2025-12-10,21,03:40,613.6637624999998,655.5740499999999,2025-11-12;2025-11-19;2025-11-26;2025-12-03,False,41.910287500000095,causal_load_main,day_ahead_planning
2025-12-10,22,03:50,629.2497833333332,650.5283999999999,2025-11-12;2025-11-19;2025-11-26;2025-12-03,False,21.27861666666672,causal_load_main,day_ahead_planning
2025-12-10,23,04:00,631.7708333333333,676.1916666666666,2025-11-12;2025-11-19;2025-11-26;2025-12-03,False,44.42083333333335,causal_load_main,day_ahead_planning
2025-12-10,24,04:10,622.5781833333333,692.4875166666667,2025-11-12;2025-11-19;2025-11-26;2025-12-03,False,69.9093333333334,causal_load_main,day_ahead_planning
2025-12-10,25,04:20,625.0501708333334,703.1596833333333,2025-11-12;2025-11-19;2025-11-26;2025-12-03,False,78.10951249999994,causal_load_main,day_ahead_planning
2025-12-10,26,04:30,636.1029166666666,704.3866666666665,2025-11-12;2025-11-19;2025-11-26;2025-12-03,False,68.28374999999994,causal_load_main,day_ahead_planning
2025-12-10,27,04:40,631.5576291666666,687.2099,2025-11-12;2025-11-19;2025-11-26;2025-12-03,False,55.65227083333332,causal_load_main,day_ahead_planning
2025-12-10,28,04:50,628.9869958333334,695.91445,2025-11-12;2025-11-19;2025-11-26;2025-12-03,False,66.92745416666662,causal_load_main,day_ahead_planning
2025-12-10,29,05:00,629.2629166666667,721.185,2025-11-12;2025-11-19;2025-11-26;2025-12-03,False,91.92208333333326,causal_load_main,day_ahead_planning
2025-12-10,30,05:10,617.9788791666666,708.4258499999999,2025-11-12;2025-11-19;2025-11-26;2025-12-03,False,90.44697083333324,causal_load_main,day_ahead_planning
2025-12-10,31,05:20,626.7598125,688.7167333333333,2025-11-12;2025-11-19;2025-11-26;2025-12-03,False,61.956920833333356,causal_load_main,day_ahead_planning
2025-12-10,32,05:30,635.1395833333332,676.8083333333333,2025-11-12;2025-11-19;2025-11-26;2025-12-03,False,41.668750000000045,causal_load_main,day_ahead_planning
2025-12-10,33,05:40,606.5925333333333,671.5157333333333,2025-11-12;2025-11-19;2025-11-26;2025-12-03,False,64.92319999999995,causal_load_main,day_ahead_planning
2025-12-10,34,05:50,685.7296791666666,755.5393666666666,2025-11-12;2025-11-19;2025-11-26;2025-12-03,False,69.8096875,causal_load_main,day_ahead_planning
2025-12-10,35,06:00,830.4370833333332,889.3233333333333,2025-11-12;2025-11-19;2025-11-26;2025-12-03,False,58.88625000000002,causal_load_main,day_ahead_planning
2025-12-10,36,06:10,843.6544791666668,935.6092166666667,2025-11-12;2025-11-19;2025-11-26;2025-12-03,False,91.95473749999996,causal_load_main,day_ahead_planning
2025-12-10,37,06:20,833.3098875,938.3897499999999,2025-11-12;2025-11-19;2025-11-26;2025-12-03,False,105.07986249999999,causal_load_main,day_ahead_planning
2025-12-10,38,06:30,848.00625,930.7483333333332,2025-11-12;2025-11-19;2025-11-26;2025-12-03,False,82.7420833333332,causal_load_main,day_ahead_planning
2025-12-10,39,06:40,826.7577458333333,897.2211166666666,2025-11-12;2025-11-19;2025-11-26;2025-12-03,False,70.46337083333333,causal_load_main,day_ahead_planning
2025-12-10,40,06:50,819.5444125,859.5326833333334,2025-11-12;2025-11-19;2025-11-26;2025-12-03,False,39.98827083333333,causal_load_main,day_ahead_planning
2025-12-10,41,07:00,832.87375,853.3116666666666,2025-11-12;2025-11-19;2025-11-26;2025-12-03,False,20.437916666666638,causal_load_main,day_ahead_planning
2025-12-10,42,07:10,823.7069708333333,895.5386333333332,2025-11-12;2025-11-19;2025-11-26;2025-12-03,False,71.83166249999988,causal_load_main,day_ahead_planning
2025-12-10,43,07:20,837.5289708333332,915.4607166666666,2025-11-12;2025-11-19;2025-11-26;2025-12-03,False,77.93174583333337,causal_load_main,day_ahead_planning
2025-12-10,44,07:30,846.78125,882.8083333333334,2025-11-12;2025-11-19;2025-11-26;2025-12-03,False,36.027083333333394,causal_load_main,day_ahead_planning
2025-12-10,45,07:40,798.4447166666666,857.9822333333333,2025-11-12;2025-11-19;2025-11-26;2025-12-03,False,59.53751666666665,causal_load_main,day_ahead_planning
2025-12-10,46,07:50,906.7538291666666,1001.5336666666667,2025-11-12;2025-11-19;2025-11-26;2025-12-03,False,94.7798375000001,causal_load_main,day_ahead_planning
2025-12-10,47,08:00,1117.1487499999998,1209.67,2025-11-12;2025-11-19;2025-11-26;2025-12-03,False,92.52125000000024,causal_load_main,day_ahead_planning
2025-12-10,48,08:10,1144.1898125,1206.2419499999999,2025-11-12;2025-11-19;2025-11-26;2025-12-03,False,62.052137499999844,causal_load_main,day_ahead_planning
2025-12-10,49,08:20,1118.8798625,1171.1292166666667,2025-11-12;2025-11-19;2025-11-26;2025-12-03,False,52.24935416666676,causal_load_main,day_ahead_planning
2025-12-10,50,08:30,1127.8849999999998,1189.2466666666664,2025-11-12;2025-11-19;2025-11-26;2025-12-03,False,61.36166666666668,causal_load_main,day_ahead_planning
2025-12-10,51,08:40,1123.0233916666666,1171.3052333333333,2025-11-12;2025-11-19;2025-11-26;2025-12-03,False,48.28184166666665,causal_load_main,day_ahead_planning
2025-12-10,52,08:50,1123.5994166666665,1175.4276333333332,2025-11-12;2025-11-19;2025-11-26;2025-12-03,False,51.828216666666776,causal_load_main,day_ahead_planning
2025-12-10,53,09:00,1128.5670833333334,1199.9466666666667,2025-11-12;2025-11-19;2025-11-26;2025-12-03,False,71.37958333333336,causal_load_main,day_ahead_planning
2025-12-10,54,09:10,1112.0105208333332,1180.6621499999999,2025-11-12;2025-11-19;2025-11-26;2025-12-03,False,68.65162916666668,causal_load_main,day_ahead_planning
2025-12-10,55,09:20,1102.39725,1193.9194666666667,2025-11-12;2025-11-19;2025-11-26;2025-12-03,False,91.52221666666674,causal_load_main,day_ahead_planning
2025-12-10,56,09:30,1103.2545833333334,1233.5716666666667,2025-11-12;2025-11-19;2025-11-26;2025-12-03,False,130.31708333333336,causal_load_main,day_ahead_planning
2025-12-10,57,09:40,1092.734758333333,1208.98695,2025-11-12;2025-11-19;2025-11-26;2025-12-03,False,116.25219166666693,causal_load_main,day_ahead_planning
2025-12-10,58,09:50,1101.2362916666666,1164.5845166666666,2025-11-12;2025-11-19;2025-11-26;2025-12-03,False,63.34822499999996,causal_load_main,day_ahead_planning
2025-12-10,59,10:00,1124.7083333333333,1137.195,2025-11-12;2025-11-19;2025-11-26;2025-12-03,False,12.486666666666679,causal_load_main,day_ahead_planning
2025-12-10,60,10:10,1123.7379291666666,1122.4683333333332,2025-11-12;2025-11-19;2025-11-26;2025-12-03,False,1.2695958333333692,causal_load_main,day_ahead_planning
2025-12-10,61,10:20,1109.0273416666664,1122.0880666666667,2025-11-12;2025-11-19;2025-11-26;2025-12-03,False,13.060725000000275,causal_load_main,day_ahead_planning
2025-12-10,62,10:30,1099.9504166666666,1142.7366666666667,2025-11-12;2025-11-19;2025-11-26;2025-12-03,False,42.78625000000011,causal_load_main,day_ahead_planning
2025-12-10,63,10:40,1104.0984833333332,1180.8575,2025-11-12;2025-11-19;2025-11-26;2025-12-03,False,76.75901666666687,causal_load_main,day_ahead_planning
2025-12-10,64,10:50,1100.6659624999998,1183.1093166666665,2025-11-12;2025-11-19;2025-11-26;2025-12-03,False,82.44335416666672,causal_load_main,day_ahead_planning
2025-12-10,65,11:00,1089.0325,1157.8116666666665,2025-11-12;2025-11-19;2025-11-26;2025-12-03,False,68.77916666666647,causal_load_main,day_ahead_planning
2025-12-10,66,11:10,1088.0620625,1162.7813833333332,2025-11-12;2025-11-19;2025-11-26;2025-12-03,False,74.71932083333331,causal_load_main,day_ahead_planning
2025-12-10,67,11:20,1086.3379333333332,1159.48875,2025-11-12;2025-11-19;2025-11-26;2025-12-03,False,73.15081666666674,causal_load_main,day_ahead_planning
2025-12-10,68,11:30,1081.1145833333333,1135.1283333333333,2025-11-12;2025-11-19;2025-11-26;2025-12-03,False,54.01375000000007,causal_load_main,day_ahead_planning
2025-12-10,69,11:40,1079.055033333333,1115.6382833333332,2025-11-12;2025-11-19;2025-11-26;2025-12-03,False,36.583250000000135,causal_load_main,day_ahead_planning
2025-12-10,70,11:50,1059.7901208333333,1081.5573333333332,2025-11-12;2025-11-19;2025-11-26;2025-12-03,False,21.767212499999914,causal_load_main,day_ahead_planning
2025-12-10,71,12:00,1030.0529166666665,1049.96,2025-11-12;2025-11-19;2025-11-26;2025-12-03,False,19.907083333333503,causal_load_main,day_ahead_planning
2025-12-10,72,12:10,1021.0633208333334,1063.6364166666667,2025-11-12;2025-11-19;2025-11-26;2025-12-03,False,42.573095833333355,causal_load_main,day_ahead_planning
2025-12-10,73,12:20,1025.6473624999999,1076.3394166666667,2025-11-12;2025-11-19;2025-11-26;2025-12-03,False,50.69205416666682,causal_load_main,day_ahead_planning
2025-12-10,74,12:30,1022.7220833333333,1061.5233333333333,2025-11-12;2025-11-19;2025-11-26;2025-12-03,False,38.80124999999998,causal_load_main,day_ahead_planning
2025-12-10,75,12:40,1002.1886458333333,1042.8753499999998,2025-11-12;2025-11-19;2025-11-26;2025-12-03,False,40.68670416666646,causal_load_main,day_ahead_planning
2025-12-10,76,12:50,1011.0066458333333,1071.2278999999999,2025-11-12;2025-11-19;2025-11-26;2025-12-03,False,60.22125416666654,causal_load_main,day_ahead_planning
2025-12-10,77,13:00,1050.7604166666665,1116.9783333333332,2025-11-12;2025-11-19;2025-11-26;2025-12-03,False,66.21791666666672,causal_load_main,day_ahead_planning
2025-12-10,78,13:10,1073.6128291666664,1099.5084833333333,2025-11-12;2025-11-19;2025-11-26;2025-12-03,False,25.895654166666873,causal_load_main,day_ahead_planning
2025-12-10,79,13:20,1072.9624291666667,1078.5391833333333,2025-11-12;2025-11-19;2025-11-26;2025-12-03,False,5.57675416666666,causal_load_main,day_ahead_planning
2025-12-10,80,13:30,1057.4720833333333,1090.2866666666666,2025-11-12;2025-11-19;2025-11-26;2025-12-03,False,32.8145833333333,causal_load_main,day_ahead_planning
2025-12-10,81,13:40,1040.9841333333334,1109.2177333333334,2025-11-12;2025-11-19;2025-11-26;2025-12-03,False,68.23360000000002,causal_load_main,day_ahead_planning
2025-12-10,82,13:50,1040.0213625,1102.3703,2025-11-12;2025-11-19;2025-11-26;2025-12-03,False,62.34893750000015,causal_load_main,day_ahead_planning
2025-12-10,83,14:00,1052.6412500000001,1067.3799999999999,2025-11-12;2025-11-19;2025-11-26;2025-12-03,False,14.738749999999754,causal_load_main,day_ahead_planning
2025-12-10,84,14:10,1060.3633375,1037.9521166666666,2025-11-12;2025-11-19;2025-11-26;2025-12-03,False,22.411220833333346,causal_load_main,day_ahead_planning
2025-12-10,85,14:20,1055.4764833333334,1061.09855,2025-11-12;2025-11-19;2025-11-26;2025-12-03,False,5.622066666666569,causal_load_main,day_ahead_planning
2025-12-10,86,14:30,1046.0974999999999,1101.05,2025-11-12;2025-11-19;2025-11-26;2025-12-03,False,54.9525000000001,causal_load_main,day_ahead_planning
2025-12-10,87,14:40,1046.9135833333332,1075.4350833333333,2025-11-12;2025-11-19;2025-11-26;2025-12-03,False,28.52150000000006,causal_load_main,day_ahead_planning
2025-12-10,88,14:50,1047.7539625,1054.6194833333334,2025-11-12;2025-11-19;2025-11-26;2025-12-03,False,6.8655208333334485,causal_load_main,day_ahead_planning
2025-12-10,89,15:00,1044.9225000000001,1059.645,2025-11-12;2025-11-19;2025-11-26;2025-12-03,False,14.722499999999854,causal_load_main,day_ahead_planning
2025-12-10,90,15:10,1043.4505666666664,1042.41805,2025-11-12;2025-11-19;2025-11-26;2025-12-03,False,1.0325166666664245,causal_load_main,day_ahead_planning
2025-12-10,91,15:20,1032.8638624999999,1030.7462,2025-11-12;2025-11-19;2025-11-26;2025-12-03,False,2.117662499999824,causal_load_main,day_ahead_planning
2025-12-10,92,15:30,1019.3454166666667,1041.455,2025-11-12;2025-11-19;2025-11-26;2025-12-03,False,22.109583333333262,causal_load_main,day_ahead_planning
2025-12-10,93,15:40,1021.8123708333333,1057.6232499999999,2025-11-12;2025-11-19;2025-11-26;2025-12-03,False,35.81087916666661,causal_load_main,day_ahead_planning
2025-12-10,94,15:50,1027.8958916666668,1052.6201666666666,2025-11-12;2025-11-19;2025-11-26;2025-12-03,False,24.724274999999807,causal_load_main,day_ahead_planning
2025-12-10,95,16:00,1028.0208333333333,1033.21,2025-11-12;2025-11-19;2025-11-26;2025-12-03,False,5.189166666666779,causal_load_main,day_ahead_planning
2025-12-10,96,16:10,1024.8539291666666,1032.8349166666667,2025-11-12;2025-11-19;2025-11-26;2025-12-03,False,7.980987500000083,causal_load_main,day_ahead_planning
2025-12-10,97,16:20,1026.1825791666665,1049.5700666666667,2025-11-12;2025-11-19;2025-11-26;2025-12-03,False,23.387487500000134,causal_load_main,day_ahead_planning
2025-12-10,98,16:30,1030.0954166666666,1068.8866666666665,2025-11-12;2025-11-19;2025-11-26;2025-12-03,False,38.79124999999999,causal_load_main,day_ahead_planning
2025-12-10,99,16:40,1027.1320791666667,1074.6360166666666,2025-11-12;2025-11-19;2025-11-26;2025-12-03,False,47.50393749999989,causal_load_main,day_ahead_planning
2025-12-10,100,16:50,1020.9457041666667,1058.3006666666665,2025-11-12;2025-11-19;2025-11-26;2025-12-03,False,37.35496249999983,causal_load_main,day_ahead_planning
2025-12-10,101,17:00,1015.6374999999999,1027.4633333333331,2025-11-12;2025-11-19;2025-11-26;2025-12-03,False,11.825833333333208,causal_load_main,day_ahead_planning
2025-12-10,102,17:10,1010.5318625,1001.9565833333332,2025-11-12;2025-11-19;2025-11-26;2025-12-03,False,8.575279166666746,causal_load_main,day_ahead_planning
2025-12-10,103,17:20,999.0723125,994.1947333333333,2025-11-12;2025-11-19;2025-11-26;2025-12-03,False,4.877579166666692,causal_load_main,day_ahead_planning
2025-12-10,104,17:30,1005.7475,1019.2266666666666,2025-11-12;2025-11-19;2025-11-26;2025-12-03,False,13.479166666666629,causal_load_main,day_ahead_planning
2025-12-10,105,17:40,1038.2010541666666,1052.7140666666664,2025-11-12;2025-11-19;2025-11-26;2025-12-03,False,14.513012499999832,causal_load_main,day_ahead_planning
2025-12-10,106,17:50,919.5502416666666,908.9188666666666,2025-11-12;2025-11-19;2025-11-26;2025-12-03,False,10.631374999999935,causal_load_main,day_ahead_planning
2025-12-10,107,18:00,717.2904166666666,696.7466666666666,2025-11-12;2025-11-19;2025-11-26;2025-12-03,False,20.543750000000045,causal_load_main,day_ahead_planning
2025-12-10,108,18:10,692.3448249999999,720.1498499999999,2025-11-12;2025-11-19;2025-11-26;2025-12-03,False,27.805025,causal_load_main,day_ahead_planning
2025-12-10,109,18:20,721.7906041666665,736.6004333333333,2025-11-12;2025-11-19;2025-11-26;2025-12-03,False,14.80982916666676,causal_load_main,day_ahead_planning
2025-12-10,110,18:30,717.9783333333334,670.645,2025-11-12;2025-11-19;2025-11-26;2025-12-03,False,47.33333333333337,causal_load_main,day_ahead_planning
2025-12-10,111,18:40,716.4874166666666,691.9048666666665,2025-11-12;2025-11-19;2025-11-26;2025-12-03,False,24.582550000000083,causal_load_main,day_ahead_planning
2025-12-10,112,18:50,709.2662583333333,725.1953166666667,2025-11-12;2025-11-19;2025-11-26;2025-12-03,False,15.929058333333387,causal_load_main,day_ahead_planning
2025-12-10,113,19:00,702.6983333333333,730.8733333333332,2025-11-12;2025-11-19;2025-11-26;2025-12-03,False,28.174999999999955,causal_load_main,day_ahead_planning
2025-12-10,114,19:10,716.4814208333333,748.9394666666667,2025-11-12;2025-11-19;2025-11-26;2025-12-03,False,32.45804583333336,causal_load_main,day_ahead_planning
2025-12-10,115,19:20,718.2499083333332,740.31715,2025-11-12;2025-11-19;2025-11-26;2025-12-03,False,22.067241666666746,causal_load_main,day_ahead_planning
2025-12-10,116,19:30,706.9141666666666,709.5066666666667,2025-11-12;2025-11-19;2025-11-26;2025-12-03,False,2.5925000000000864,causal_load_main,day_ahead_planning
2025-12-10,117,19:40,712.9533666666666,708.6675333333333,2025-11-12;2025-11-19;2025-11-26;2025-12-03,False,4.285833333333358,causal_load_main,day_ahead_planning
2025-12-10,118,19:50,716.1384874999999,722.8820333333333,2025-11-12;2025-11-19;2025-11-26;2025-12-03,False,6.743545833333428,causal_load_main,day_ahead_planning
2025-12-10,119,20:00,714.0729166666666,721.3733333333332,2025-11-12;2025-11-19;2025-11-26;2025-12-03,False,7.300416666666592,causal_load_main,day_ahead_planning
2025-12-10,120,20:10,726.2933499999999,690.8058666666667,2025-11-12;2025-11-19;2025-11-26;2025-12-03,False,35.487483333333216,causal_load_main,day_ahead_planning
2025-12-10,121,20:20,736.634875,678.8077166666667,2025-11-12;2025-11-19;2025-11-26;2025-12-03,False,57.82715833333327,causal_load_main,day_ahead_planning
2025-12-10,122,20:30,732.47625,695.285,2025-11-12;2025-11-19;2025-11-26;2025-12-03,False,37.19125000000008,causal_load_main,day_ahead_planning
2025-12-10,123,20:40,719.1289208333333,707.7345833333334,2025-11-12;2025-11-19;2025-11-26;2025-12-03,False,11.394337499999892,causal_load_main,day_ahead_planning
2025-12-10,124,20:50,721.0630458333333,724.8511333333332,2025-11-12;2025-11-19;2025-11-26;2025-12-03,False,3.7880874999999605,causal_load_main,day_ahead_planning
2025-12-10,125,21:00,737.06625,744.7016666666666,2025-11-12;2025-11-19;2025-11-26;2025-12-03,False,7.635416666666629,causal_load_main,day_ahead_planning
2025-12-10,126,21:10,739.9054083333333,747.8670833333333,2025-11-12;2025-11-19;2025-11-26;2025-12-03,False,7.961675000000014,causal_load_main,day_ahead_planning
2025-12-10,127,21:20,721.2399833333334,732.0796833333334,2025-11-12;2025-11-19;2025-11-26;2025-12-03,False,10.839699999999993,causal_load_main,day_ahead_planning
2025-12-10,128,21:30,715.3183333333333,723.7183333333334,2025-11-12;2025-11-19;2025-11-26;2025-12-03,False,8.400000000000091,causal_load_main,day_ahead_planning
2025-12-10,129,21:40,748.1778041666666,740.2798166666666,2025-11-12;2025-11-19;2025-11-26;2025-12-03,False,7.897987499999999,causal_load_main,day_ahead_planning
2025-12-10,130,21:50,673.1363708333333,674.8311833333332,2025-11-12;2025-11-19;2025-11-26;2025-12-03,False,1.6948124999998981,causal_load_main,day_ahead_planning
2025-12-10,131,22:00,533.2125,561.6816666666666,2025-11-12;2025-11-19;2025-11-26;2025-12-03,False,28.469166666666638,causal_load_main,day_ahead_planning
2025-12-10,132,22:10,528.8150125,552.1069333333332,2025-11-12;2025-11-19;2025-11-26;2025-12-03,False,23.29192083333328,causal_load_main,day_ahead_planning
2025-12-10,133,22:20,561.3353749999999,577.7014166666667,2025-11-12;2025-11-19;2025-11-26;2025-12-03,False,16.366041666666774,causal_load_main,day_ahead_planning
2025-12-10,134,22:30,559.3245833333333,579.4866666666667,2025-11-12;2025-11-19;2025-11-26;2025-12-03,False,20.162083333333385,causal_load_main,day_ahead_planning
2025-12-10,135,22:40,550.8372499999999,568.97345,2025-11-12;2025-11-19;2025-11-26;2025-12-03,False,18.13620000000003,causal_load_main,day_ahead_planning
2025-12-10,136,22:50,544.2848083333333,573.1774833333333,2025-11-12;2025-11-19;2025-11-26;2025-12-03,False,28.89267499999994,causal_load_main,day_ahead_planning
2025-12-10,137,23:00,547.7708333333333,588.7149999999999,2025-11-12;2025-11-19;2025-11-26;2025-12-03,False,40.94416666666666,causal_load_main,day_ahead_planning
2025-12-10,138,23:10,566.7649875,588.2868166666666,2025-11-12;2025-11-19;2025-11-26;2025-12-03,False,21.521829166666635,causal_load_main,day_ahead_planning
2025-12-10,139,23:20,574.4354208333332,582.3762833333333,2025-11-12;2025-11-19;2025-11-26;2025-12-03,False,7.940862500000094,causal_load_main,day_ahead_planning
2025-12-10,140,23:30,563.9795833333333,574.2866666666666,2025-11-12;2025-11-19;2025-11-26;2025-12-03,False,10.307083333333367,causal_load_main,day_ahead_planning
2025-12-10,141,23:40,556.6346458333333,560.56225,2025-11-12;2025-11-19;2025-11-26;2025-12-03,False,3.927604166666697,causal_load_main,day_ahead_planning
2025-12-10,142,23:50,571.5004958333333,576.5581,2025-11-12;2025-11-19;2025-11-26;2025-12-03,False,5.057604166666692,causal_load_main,day_ahead_planning
2025-12-10,143,0:00+1,589.8754166666666,619.0383333333333,2025-11-12;2025-11-19;2025-11-26;2025-12-03,False,29.16291666666666,causal_load_main,day_ahead_planning
2025-12-11,0,00:10,576.0990416666666,641.4685833333333,2025-11-13;2025-11-20;2025-11-27;2025-12-04,False,65.36954166666669,causal_load_main,day_ahead_planning
2025-12-11,1,00:20,571.9247958333333,620.0269333333333,2025-11-13;2025-11-20;2025-11-27;2025-12-04,False,48.102137500000026,causal_load_main,day_ahead_planning
2025-12-11,2,00:30,580.115,582.2466666666667,2025-11-13;2025-11-20;2025-11-27;2025-12-04,False,2.1316666666666606,causal_load_main,day_ahead_planning
2025-12-11,3,00:40,565.3141208333333,583.8158999999999,2025-11-13;2025-11-20;2025-11-27;2025-12-04,False,18.501779166666665,causal_load_main,day_ahead_planning
2025-12-11,4,00:50,571.7303374999999,612.1336333333334,2025-11-13;2025-11-20;2025-11-27;2025-12-04,False,40.40329583333346,causal_load_main,day_ahead_planning
2025-12-11,5,01:00,596.5933333333332,629.505,2025-11-13;2025-11-20;2025-11-27;2025-12-04,False,32.91166666666675,causal_load_main,day_ahead_planning
2025-12-11,6,01:10,590.0606291666666,609.0727666666667,2025-11-13;2025-11-20;2025-11-27;2025-12-04,False,19.012137500000108,causal_load_main,day_ahead_planning
2025-12-11,7,01:20,582.5191833333333,595.72435,2025-11-13;2025-11-20;2025-11-27;2025-12-04,False,13.205166666666628,causal_load_main,day_ahead_planning
2025-12-11,8,01:30,590.0791666666667,613.5216666666666,2025-11-13;2025-11-20;2025-11-27;2025-12-04,False,23.442499999999995,causal_load_main,day_ahead_planning
2025-12-11,9,01:40,596.5154749999999,643.1047,2025-11-13;2025-11-20;2025-11-27;2025-12-04,False,46.589225000000056,causal_load_main,day_ahead_planning
2025-12-11,10,01:50,596.9267749999999,648.7460333333333,2025-11-13;2025-11-20;2025-11-27;2025-12-04,False,51.81925833333344,causal_load_main,day_ahead_planning
2025-12-11,11,02:00,597.8320833333332,635.2516666666667,2025-11-13;2025-11-20;2025-11-27;2025-12-04,False,37.419583333333435,causal_load_main,day_ahead_planning
2025-12-11,12,02:10,607.1539583333333,640.2615666666666,2025-11-13;2025-11-20;2025-11-27;2025-12-04,False,33.107608333333246,causal_load_main,day_ahead_planning
2025-12-11,13,02:20,606.9321166666666,655.5542833333333,2025-11-13;2025-11-20;2025-11-27;2025-12-04,False,48.62216666666666,causal_load_main,day_ahead_planning
2025-12-11,14,02:30,602.6458333333333,651.7633333333333,2025-11-13;2025-11-20;2025-11-27;2025-12-04,False,49.117500000000064,causal_load_main,day_ahead_planning
2025-12-11,15,02:40,617.0673458333333,616.04895,2025-11-13;2025-11-20;2025-11-27;2025-12-04,False,1.0183958333333294,causal_load_main,day_ahead_planning
2025-12-11,16,02:50,623.5058208333332,632.3007,2025-11-13;2025-11-20;2025-11-27;2025-12-04,False,8.79487916666676,causal_load_main,day_ahead_planning
2025-12-11,17,03:00,613.6633333333333,668.7049999999999,2025-11-13;2025-11-20;2025-11-27;2025-12-04,False,55.04166666666663,causal_load_main,day_ahead_planning
2025-12-11,18,03:10,608.0375083333333,614.9653999999999,2025-11-13;2025-11-20;2025-11-27;2025-12-04,False,6.927891666666596,causal_load_main,day_ahead_planning
2025-12-11,19,03:20,617.112175,599.8972166666666,2025-11-13;2025-11-20;2025-11-27;2025-12-04,False,17.214958333333357,causal_load_main,day_ahead_planning
2025-12-11,20,03:30,629.3575,656.5999999999999,2025-11-13;2025-11-20;2025-11-27;2025-12-04,False,27.24249999999995,causal_load_main,day_ahead_planning
2025-12-11,21,03:40,624.7578041666666,684.3720166666667,2025-11-13;2025-11-20;2025-11-27;2025-12-04,False,59.61421250000012,causal_load_main,day_ahead_planning
2025-12-11,22,03:50,624.9422583333333,675.5424666666667,2025-11-13;2025-11-20;2025-11-27;2025-12-04,False,50.6002083333334,causal_load_main,day_ahead_planning
2025-12-11,23,04:00,637.4541666666667,649.8816666666667,2025-11-13;2025-11-20;2025-11-27;2025-12-04,False,12.427500000000009,causal_load_main,day_ahead_planning
2025-12-11,24,04:10,644.5399208333333,631.055,2025-11-13;2025-11-20;2025-11-27;2025-12-04,False,13.484920833333376,causal_load_main,day_ahead_planning
2025-12-11,25,04:20,627.9546208333334,646.2047833333334,2025-11-13;2025-11-20;2025-11-27;2025-12-04,False,18.250162499999988,causal_load_main,day_ahead_planning
2025-12-11,26,04:30,612.0433333333333,671.625,2025-11-13;2025-11-20;2025-11-27;2025-12-04,False,59.581666666666706,causal_load_main,day_ahead_planning
2025-12-11,27,04:40,638.2513291666667,657.8226999999999,2025-11-13;2025-11-20;2025-11-27;2025-12-04,False,19.571370833333276,causal_load_main,day_ahead_planning
2025-12-11,28,04:50,649.6771791666665,656.0798333333332,2025-11-13;2025-11-20;2025-11-27;2025-12-04,False,6.402654166666707,causal_load_main,day_ahead_planning
2025-12-11,29,05:00,633.0162499999999,678.835,2025-11-13;2025-11-20;2025-11-27;2025-12-04,False,45.818750000000136,causal_load_main,day_ahead_planning
2025-12-11,30,05:10,630.4354166666666,688.8476999999999,2025-11-13;2025-11-20;2025-11-27;2025-12-04,False,58.412283333333335,causal_load_main,day_ahead_planning
2025-12-11,31,05:20,631.6630749999999,705.9780833333332,2025-11-13;2025-11-20;2025-11-27;2025-12-04,False,74.31500833333325,causal_load_main,day_ahead_planning
2025-12-11,32,05:30,618.82125,705.8366666666667,2025-11-13;2025-11-20;2025-11-27;2025-12-04,False,87.01541666666674,causal_load_main,day_ahead_planning
2025-12-11,33,05:40,604.9784500000001,660.4690166666667,2025-11-13;2025-11-20;2025-11-27;2025-12-04,False,55.49056666666661,causal_load_main,day_ahead_planning
2025-12-11,34,05:50,693.8691708333333,751.7522333333333,2025-11-13;2025-11-20;2025-11-27;2025-12-04,False,57.88306249999994,causal_load_main,day_ahead_planning
2025-12-11,35,06:00,827.7904166666666,922.3983333333333,2025-11-13;2025-11-20;2025-11-27;2025-12-04,False,94.60791666666671,causal_load_main,day_ahead_planning
2025-12-11,36,06:10,834.8680749999999,919.6492499999999,2025-11-13;2025-11-20;2025-11-27;2025-12-04,False,84.78117500000008,causal_load_main,day_ahead_planning
2025-12-11,37,06:20,817.48215,872.01145,2025-11-13;2025-11-20;2025-11-27;2025-12-04,False,54.52929999999992,causal_load_main,day_ahead_planning
2025-12-11,38,06:30,830.2491666666666,871.1466666666666,2025-11-13;2025-11-20;2025-11-27;2025-12-04,False,40.897500000000036,causal_load_main,day_ahead_planning
2025-12-11,39,06:40,827.3682624999999,879.901,2025-11-13;2025-11-20;2025-11-27;2025-12-04,False,52.53273750000005,causal_load_main,day_ahead_planning
2025-12-11,40,06:50,832.8203625,887.3724333333332,2025-11-13;2025-11-20;2025-11-27;2025-12-04,False,54.55207083333323,causal_load_main,day_ahead_planning
2025-12-11,41,07:00,845.0587499999999,891.2433333333333,2025-11-13;2025-11-20;2025-11-27;2025-12-04,False,46.18458333333342,causal_load_main,day_ahead_planning
2025-12-11,42,07:10,833.8159125,887.7140166666666,2025-11-13;2025-11-20;2025-11-27;2025-12-04,False,53.8981041666666,causal_load_main,day_ahead_planning
2025-12-11,43,07:20,828.6372624999999,865.8867666666666,2025-11-13;2025-11-20;2025-11-27;2025-12-04,False,37.249504166666725,causal_load_main,day_ahead_planning
2025-12-11,44,07:30,819.9329166666666,835.0516666666667,2025-11-13;2025-11-20;2025-11-27;2025-12-04,False,15.118750000000091,causal_load_main,day_ahead_planning
2025-12-11,45,07:40,792.5298124999999,841.8521000000001,2025-11-13;2025-11-20;2025-11-27;2025-12-04,False,49.32228750000013,causal_load_main,day_ahead_planning
2025-12-11,46,07:50,915.0407375,985.8251833333334,2025-11-13;2025-11-20;2025-11-27;2025-12-04,False,70.7844458333334,causal_load_main,day_ahead_planning
2025-12-11,47,08:00,1125.4933333333333,1182.7733333333333,2025-11-13;2025-11-20;2025-11-27;2025-12-04,False,57.27999999999997,causal_load_main,day_ahead_planning
2025-12-11,48,08:10,1169.8120875,1224.7031666666667,2025-11-13;2025-11-20;2025-11-27;2025-12-04,False,54.891079166666714,causal_load_main,day_ahead_planning
2025-12-11,49,08:20,1130.7910083333331,1192.6084166666665,2025-11-13;2025-11-20;2025-11-27;2025-12-04,False,61.81740833333333,causal_load_main,day_ahead_planning
2025-12-11,50,08:30,1104.7016666666664,1180.5516666666667,2025-11-13;2025-11-20;2025-11-27;2025-12-04,False,75.85000000000036,causal_load_main,day_ahead_planning
2025-12-11,51,08:40,1107.1079666666665,1203.6196666666665,2025-11-13;2025-11-20;2025-11-27;2025-12-04,False,96.51170000000002,causal_load_main,day_ahead_planning
2025-12-11,52,08:50,1125.6763,1209.0835166666666,2025-11-13;2025-11-20;2025-11-27;2025-12-04,False,83.4072166666665,causal_load_main,day_ahead_planning
2025-12-11,53,09:00,1137.1866666666665,1190.0183333333332,2025-11-13;2025-11-20;2025-11-27;2025-12-04,False,52.831666666666706,causal_load_main,day_ahead_planning
2025-12-11,54,09:10,1123.8641666666667,1185.6765,2025-11-13;2025-11-20;2025-11-27;2025-12-04,False,61.8123333333333,causal_load_main,day_ahead_planning
2025-12-11,55,09:20,1107.7996791666667,1173.5364166666666,2025-11-13;2025-11-20;2025-11-27;2025-12-04,False,65.73673749999989,causal_load_main,day_ahead_planning
2025-12-11,56,09:30,1102.7687499999997,1157.1,2025-11-13;2025-11-20;2025-11-27;2025-12-04,False,54.33125000000018,causal_load_main,day_ahead_planning
2025-12-11,57,09:40,1105.5749333333333,1166.7816833333331,2025-11-13;2025-11-20;2025-11-27;2025-12-04,False,61.20674999999983,causal_load_main,day_ahead_planning
2025-12-11,58,09:50,1117.7090208333334,1173.15155,2025-11-13;2025-11-20;2025-11-27;2025-12-04,False,55.442529166666645,causal_load_main,day_ahead_planning
2025-12-11,59,10:00,1124.7533333333333,1156.4383333333333,2025-11-13;2025-11-20;2025-11-27;2025-12-04,False,31.684999999999945,causal_load_main,day_ahead_planning
2025-12-11,60,10:10,1107.3673125,1127.9321833333333,2025-11-13;2025-11-20;2025-11-27;2025-12-04,False,20.564870833333316,causal_load_main,day_ahead_planning
2025-12-11,61,10:20,1094.33205,1121.5098833333332,2025-11-13;2025-11-20;2025-11-27;2025-12-04,False,27.177833333333183,causal_load_main,day_ahead_planning
2025-12-11,62,10:30,1096.75625,1146.2183333333332,2025-11-13;2025-11-20;2025-11-27;2025-12-04,False,49.46208333333334,causal_load_main,day_ahead_planning
2025-12-11,63,10:40,1098.9367124999999,1176.3264333333332,2025-11-13;2025-11-20;2025-11-27;2025-12-04,False,77.38972083333329,causal_load_main,day_ahead_planning
2025-12-11,64,10:50,1097.6512458333332,1170.1746833333332,2025-11-13;2025-11-20;2025-11-27;2025-12-04,False,72.5234375,causal_load_main,day_ahead_planning
2025-12-11,65,11:00,1096.71375,1136.5983333333334,2025-11-13;2025-11-20;2025-11-27;2025-12-04,False,39.88458333333347,causal_load_main,day_ahead_planning
2025-12-11,66,11:10,1100.0011333333332,1125.6859666666664,2025-11-13;2025-11-20;2025-11-27;2025-12-04,False,25.684833333333245,causal_load_main,day_ahead_planning
2025-12-11,67,11:20,1097.8691916666667,1135.7223999999999,2025-11-13;2025-11-20;2025-11-27;2025-12-04,False,37.853208333333214,causal_load_main,day_ahead_planning
2025-12-11,68,11:30,1090.37,1146.0366666666666,2025-11-13;2025-11-20;2025-11-27;2025-12-04,False,55.66666666666674,causal_load_main,day_ahead_planning
2025-12-11,69,11:40,1082.539025,1136.9493833333331,2025-11-13;2025-11-20;2025-11-27;2025-12-04,False,54.41035833333308,causal_load_main,day_ahead_planning
2025-12-11,70,11:50,1048.9217708333333,1114.0795666666666,2025-11-13;2025-11-20;2025-11-27;2025-12-04,False,65.15779583333324,causal_load_main,day_ahead_planning
2025-12-11,71,12:00,1002.7229166666666,1082.4383333333333,2025-11-13;2025-11-20;2025-11-27;2025-12-04,False,79.71541666666667,causal_load_main,day_ahead_planning
2025-12-11,72,12:10,991.4354541666665,1045.44815,2025-11-13;2025-11-20;2025-11-27;2025-12-04,False,54.012695833333396,causal_load_main,day_ahead_planning
2025-12-11,73,12:20,1013.0191374999999,1027.3132166666664,2025-11-13;2025-11-20;2025-11-27;2025-12-04,False,14.294079166666506,causal_load_main,day_ahead_planning
2025-12-11,74,12:30,1030.1645833333332,1038.5949999999998,2025-11-13;2025-11-20;2025-11-27;2025-12-04,False,8.430416666666588,causal_load_main,day_ahead_planning
2025-12-11,75,12:40,1009.6806833333333,1065.85225,2025-11-13;2025-11-20;2025-11-27;2025-12-04,False,56.17156666666665,causal_load_main,day_ahead_planning
2025-12-11,76,12:50,1020.1433166666667,1077.4079,2025-11-13;2025-11-20;2025-11-27;2025-12-04,False,57.264583333333235,causal_load_main,day_ahead_planning
2025-12-11,77,13:00,1060.0683333333332,1085.3483333333334,2025-11-13;2025-11-20;2025-11-27;2025-12-04,False,25.2800000000002,causal_load_main,day_ahead_planning
2025-12-11,78,13:10,1058.3675083333333,1124.24795,2025-11-13;2025-11-20;2025-11-27;2025-12-04,False,65.88044166666668,causal_load_main,day_ahead_planning
2025-12-11,79,13:20,1046.7921208333332,1129.8398,2025-11-13;2025-11-20;2025-11-27;2025-12-04,False,83.04767916666674,causal_load_main,day_ahead_planning
2025-12-11,80,13:30,1044.3879166666666,1096.0033333333333,2025-11-13;2025-11-20;2025-11-27;2025-12-04,False,51.61541666666676,causal_load_main,day_ahead_planning
2025-12-11,81,13:40,1037.6150999999998,1085.5807833333333,2025-11-13;2025-11-20;2025-11-27;2025-12-04,False,47.96568333333357,causal_load_main,day_ahead_planning
2025-12-11,82,13:50,1039.6610208333332,1102.6566333333333,2025-11-13;2025-11-20;2025-11-27;2025-12-04,False,62.99561250000011,causal_load_main,day_ahead_planning
2025-12-11,83,14:00,1052.6062499999998,1111.4299999999998,2025-11-13;2025-11-20;2025-11-27;2025-12-04,False,58.82375000000002,causal_load_main,day_ahead_planning
2025-12-11,84,14:10,1060.0660374999998,1075.2149166666666,2025-11-13;2025-11-20;2025-11-27;2025-12-04,False,15.148879166666802,causal_load_main,day_ahead_planning
2025-12-11,85,14:20,1046.2569250000001,1048.3750666666665,2025-11-13;2025-11-20;2025-11-27;2025-12-04,False,2.118141666666361,causal_load_main,day_ahead_planning
2025-12-11,86,14:30,1031.5445833333333,1050.7816666666665,2025-11-13;2025-11-20;2025-11-27;2025-12-04,False,19.237083333333203,causal_load_main,day_ahead_planning
2025-12-11,87,14:40,1050.2023416666666,1051.4522666666667,2025-11-13;2025-11-20;2025-11-27;2025-12-04,False,1.2499250000000757,causal_load_main,day_ahead_planning
2025-12-11,88,14:50,1052.0091874999998,1046.2812,2025-11-13;2025-11-20;2025-11-27;2025-12-04,False,5.7279874999999265,causal_load_main,day_ahead_planning
2025-12-11,89,15:00,1035.0516666666667,1043.17,2025-11-13;2025-11-20;2025-11-27;2025-12-04,False,8.11833333333334,causal_load_main,day_ahead_planning
2025-12-11,90,15:10,1045.6517916666667,1051.0747166666665,2025-11-13;2025-11-20;2025-11-27;2025-12-04,False,5.42292499999985,causal_load_main,day_ahead_planning
2025-12-11,91,15:20,1046.2190041666665,1064.3357166666665,2025-11-13;2025-11-20;2025-11-27;2025-12-04,False,18.11671249999995,causal_load_main,day_ahead_planning
2025-12-11,92,15:30,1033.0145833333333,1068.81,2025-11-13;2025-11-20;2025-11-27;2025-12-04,False,35.7954166666666,causal_load_main,day_ahead_planning
2025-12-11,93,15:40,1040.1677249999998,1058.2263666666665,2025-11-13;2025-11-20;2025-11-27;2025-12-04,False,18.058641666666745,causal_load_main,day_ahead_planning
2025-12-11,94,15:50,1033.2994124999998,1073.6381333333334,2025-11-13;2025-11-20;2025-11-27;2025-12-04,False,40.33872083333358,causal_load_main,day_ahead_planning
2025-12-11,95,16:00,1015.1020833333332,1093.465,2025-11-13;2025-11-20;2025-11-27;2025-12-04,False,78.3629166666667,causal_load_main,day_ahead_planning
2025-12-11,96,16:10,1025.4475958333333,1057.6086833333334,2025-11-13;2025-11-20;2025-11-27;2025-12-04,False,32.16108750000012,causal_load_main,day_ahead_planning
2025-12-11,97,16:20,1035.1166958333333,1044.8671333333332,2025-11-13;2025-11-20;2025-11-27;2025-12-04,False,9.750437499999862,causal_load_main,day_ahead_planning
2025-12-11,98,16:30,1029.5266666666666,1053.53,2025-11-13;2025-11-20;2025-11-27;2025-12-04,False,24.00333333333333,causal_load_main,day_ahead_planning
2025-12-11,99,16:40,1025.5910625,1008.3885333333333,2025-11-13;2025-11-20;2025-11-27;2025-12-04,False,17.202529166666636,causal_load_main,day_ahead_planning
2025-12-11,100,16:50,1035.1301041666666,999.0218166666666,2025-11-13;2025-11-20;2025-11-27;2025-12-04,False,36.10828749999996,causal_load_main,day_ahead_planning
2025-12-11,101,17:00,1044.85125,1034.1133333333332,2025-11-13;2025-11-20;2025-11-27;2025-12-04,False,10.737916666666706,causal_load_main,day_ahead_planning
2025-12-11,102,17:10,1029.6272416666666,1029.8839333333333,2025-11-13;2025-11-20;2025-11-27;2025-12-04,False,0.25669166666671117,causal_load_main,day_ahead_planning
2025-12-11,103,17:20,1011.0315999999999,1024.3386833333334,2025-11-13;2025-11-20;2025-11-27;2025-12-04,False,13.30708333333348,causal_load_main,day_ahead_planning
2025-12-11,104,17:30,1025.0962499999998,1045.485,2025-11-13;2025-11-20;2025-11-27;2025-12-04,False,20.388750000000073,causal_load_main,day_ahead_planning
2025-12-11,105,17:40,1063.6786541666665,1054.7148666666667,2025-11-13;2025-11-20;2025-11-27;2025-12-04,False,8.963787499999853,causal_load_main,day_ahead_planning
2025-12-11,106,17:50,944.6218041666666,924.34305,2025-11-13;2025-11-20;2025-11-27;2025-12-04,False,20.27875416666666,causal_load_main,day_ahead_planning
2025-12-11,107,18:00,733.0729166666667,736.6299999999999,2025-11-13;2025-11-20;2025-11-27;2025-12-04,False,3.5570833333331393,causal_load_main,day_ahead_planning
2025-12-11,108,18:10,691.7192625,715.2466333333333,2025-11-13;2025-11-20;2025-11-27;2025-12-04,False,23.527370833333293,causal_load_main,day_ahead_planning
2025-12-11,109,18:20,715.0038416666665,729.3626833333333,2025-11-13;2025-11-20;2025-11-27;2025-12-04,False,14.358841666666763,causal_load_main,day_ahead_planning
2025-12-11,110,18:30,714.4533333333334,713.4866666666667,2025-11-13;2025-11-20;2025-11-27;2025-12-04,False,0.966666666666697,causal_load_main,day_ahead_planning
2025-12-11,111,18:40,712.1958416666666,729.8503666666667,2025-11-13;2025-11-20;2025-11-27;2025-12-04,False,17.654525000000035,causal_load_main,day_ahead_planning
2025-12-11,112,18:50,722.4202416666666,728.5174833333333,2025-11-13;2025-11-20;2025-11-27;2025-12-04,False,6.097241666666719,causal_load_main,day_ahead_planning
2025-12-11,113,19:00,733.7545833333334,697.645,2025-11-13;2025-11-20;2025-11-27;2025-12-04,False,36.109583333333376,causal_load_main,day_ahead_planning
2025-12-11,114,19:10,723.7401041666667,689.1154499999999,2025-11-13;2025-11-20;2025-11-27;2025-12-04,False,34.6246541666668,causal_load_main,day_ahead_planning
2025-12-11,115,19:20,713.9013666666667,734.5011833333333,2025-11-13;2025-11-20;2025-11-27;2025-12-04,False,20.599816666666584,causal_load_main,day_ahead_planning
2025-12-11,116,19:30,713.4449999999999,773.3083333333334,2025-11-13;2025-11-20;2025-11-27;2025-12-04,False,59.86333333333346,causal_load_main,day_ahead_planning
2025-12-11,117,19:40,712.6369458333332,714.1472666666666,2025-11-13;2025-11-20;2025-11-27;2025-12-04,False,1.5103208333333669,causal_load_main,day_ahead_planning
2025-12-11,118,19:50,719.4667,681.1040499999999,2025-11-13;2025-11-20;2025-11-27;2025-12-04,False,38.36265000000003,causal_load_main,day_ahead_planning
2025-12-11,119,20:00,729.5354166666667,718.555,2025-11-13;2025-11-20;2025-11-27;2025-12-04,False,10.98041666666677,causal_load_main,day_ahead_planning
2025-12-11,120,20:10,729.0422333333333,746.8491,2025-11-13;2025-11-20;2025-11-27;2025-12-04,False,17.80686666666668,causal_load_main,day_ahead_planning
2025-12-11,121,20:20,733.7830374999999,730.8494000000001,2025-11-13;2025-11-20;2025-11-27;2025-12-04,False,2.9336374999998043,causal_load_main,day_ahead_planning
2025-12-11,122,20:30,741.9391666666667,705.3033333333333,2025-11-13;2025-11-20;2025-11-27;2025-12-04,False,36.63583333333338,causal_load_main,day_ahead_planning
2025-12-11,123,20:40,734.6516416666666,729.7478666666666,2025-11-13;2025-11-20;2025-11-27;2025-12-04,False,4.903774999999996,causal_load_main,day_ahead_planning
2025-12-11,124,20:50,725.2466541666666,737.5097166666666,2025-11-13;2025-11-20;2025-11-27;2025-12-04,False,12.263062499999933,causal_load_main,day_ahead_planning
2025-12-11,125,21:00,724.9254166666667,714.8649999999999,2025-11-13;2025-11-20;2025-11-27;2025-12-04,False,10.06041666666681,causal_load_main,day_ahead_planning
2025-12-11,126,21:10,731.5716166666666,716.1008833333333,2025-11-13;2025-11-20;2025-11-27;2025-12-04,False,15.470733333333328,causal_load_main,day_ahead_planning
2025-12-11,127,21:20,732.7137833333334,728.0570333333333,2025-11-13;2025-11-20;2025-11-27;2025-12-04,False,4.656750000000102,causal_load_main,day_ahead_planning
2025-12-11,128,21:30,738.9345833333334,743.31,2025-11-13;2025-11-20;2025-11-27;2025-12-04,False,4.375416666666524,causal_load_main,day_ahead_planning
2025-12-11,129,21:40,755.0391875,757.1282166666666,2025-11-13;2025-11-20;2025-11-27;2025-12-04,False,2.0890291666665917,causal_load_main,day_ahead_planning
2025-12-11,130,21:50,669.267125,687.5696833333333,2025-11-13;2025-11-20;2025-11-27;2025-12-04,False,18.30255833333331,causal_load_main,day_ahead_planning
2025-12-11,131,22:00,537.3774999999999,573.2383333333332,2025-11-13;2025-11-20;2025-11-27;2025-12-04,False,35.86083333333329,causal_load_main,day_ahead_planning
2025-12-11,132,22:10,536.343525,549.9156666666667,2025-11-13;2025-11-20;2025-11-27;2025-12-04,False,13.572141666666653,causal_load_main,day_ahead_planning
2025-12-11,133,22:20,546.9676916666666,581.7742666666666,2025-11-13;2025-11-20;2025-11-27;2025-12-04,False,34.80657499999995,causal_load_main,day_ahead_planning
2025-12-11,134,22:30,527.1620833333333,591.0333333333333,2025-11-13;2025-11-20;2025-11-27;2025-12-04,False,63.87125000000003,causal_load_main,day_ahead_planning
2025-12-11,135,22:40,552.0196208333332,540.9761,2025-11-13;2025-11-20;2025-11-27;2025-12-04,False,11.043520833333218,causal_load_main,day_ahead_planning
2025-12-11,136,22:50,556.6143999999999,542.3199999999999,2025-11-13;2025-11-20;2025-11-27;2025-12-04,False,14.294399999999996,causal_load_main,day_ahead_planning
2025-12-11,137,23:00,542.2395833333333,586.3716666666667,2025-11-13;2025-11-20;2025-11-27;2025-12-04,False,44.13208333333341,causal_load_main,day_ahead_planning
2025-12-11,138,23:10,576.2447541666667,558.2185999999999,2025-11-13;2025-11-20;2025-11-27;2025-12-04,False,18.026154166666743,causal_load_main,day_ahead_planning
2025-12-11,139,23:20,583.4510541666666,539.0139166666667,2025-11-13;2025-11-20;2025-11-27;2025-12-04,False,44.43713749999995,causal_load_main,day_ahead_planning
2025-12-11,140,23:30,562.9337499999999,569.055,2025-11-13;2025-11-20;2025-11-27;2025-12-04,False,6.121250000000032,causal_load_main,day_ahead_planning
2025-12-11,141,23:40,577.8558791666667,589.8603333333333,2025-11-13;2025-11-20;2025-11-27;2025-12-04,False,12.00445416666662,causal_load_main,day_ahead_planning
2025-12-11,142,23:50,512.1778041666666,520.0045,2025-11-13;2025-11-20;2025-11-27;2025-12-04,False,7.8266958333333605,causal_load_main,day_ahead_planning
2025-12-11,143,0:00+1,397.5420833333333,405.63,2025-11-13;2025-11-20;2025-11-27;2025-12-04,False,8.087916666666672,causal_load_main,day_ahead_planning
2025-12-12,0,00:10,398.36588333333333,381.26796666666667,2025-11-14;2025-11-21;2025-11-28;2025-12-05,False,17.097916666666663,causal_load_main,day_ahead_planning
2025-12-12,1,00:20,438.32280416666663,407.34476666666666,2025-11-14;2025-11-21;2025-11-28;2025-12-05,False,30.97803749999997,causal_load_main,day_ahead_planning
2025-12-12,2,00:30,446.32333333333327,434.13166666666666,2025-11-14;2025-11-21;2025-11-28;2025-12-05,False,12.191666666666606,causal_load_main,day_ahead_planning
2025-12-12,3,00:40,427.68729999999994,448.33756666666665,2025-11-14;2025-11-21;2025-11-28;2025-12-05,False,20.65026666666671,causal_load_main,day_ahead_planning
2025-12-12,4,00:50,421.28589999999997,443.89026666666666,2025-11-14;2025-11-21;2025-11-28;2025-12-05,False,22.604366666666692,causal_load_main,day_ahead_planning
2025-12-12,5,01:00,430.84791666666666,433.6016666666667,2025-11-14;2025-11-21;2025-11-28;2025-12-05,False,2.753750000000025,causal_load_main,day_ahead_planning
2025-12-12,6,01:10,428.3100583333333,442.1015,2025-11-14;2025-11-21;2025-11-28;2025-12-05,False,13.791441666666685,causal_load_main,day_ahead_planning
2025-12-12,7,01:20,428.59336249999996,470.7177,2025-11-14;2025-11-21;2025-11-28;2025-12-05,False,42.124337500000024,causal_load_main,day_ahead_planning
2025-12-12,8,01:30,435.10624999999993,498.27,2025-11-14;2025-11-21;2025-11-28;2025-12-05,False,63.16375000000005,causal_load_main,day_ahead_planning
2025-12-12,9,01:40,435.69090416666666,498.18354999999997,2025-11-14;2025-11-21;2025-11-28;2025-12-05,False,62.49264583333331,causal_load_main,day_ahead_planning
2025-12-12,10,01:50,445.49165,487.75624999999997,2025-11-14;2025-11-21;2025-11-28;2025-12-05,False,42.26459999999997,causal_load_main,day_ahead_planning
2025-12-12,11,02:00,456.05291666666665,483.7783333333333,2025-11-14;2025-11-21;2025-11-28;2025-12-05,False,27.72541666666666,causal_load_main,day_ahead_planning
2025-12-12,12,02:10,443.16717499999993,487.0600166666666,2025-11-14;2025-11-21;2025-11-28;2025-12-05,False,43.8928416666667,causal_load_main,day_ahead_planning
2025-12-12,13,02:20,440.5513083333333,482.5038833333333,2025-11-14;2025-11-21;2025-11-28;2025-12-05,False,41.952575000000024,causal_load_main,day_ahead_planning
2025-12-12,14,02:30,456.5075,482.645,2025-11-14;2025-11-21;2025-11-28;2025-12-05,False,26.13749999999999,causal_load_main,day_ahead_planning
2025-12-12,15,02:40,465.57295416666665,509.79611666666665,2025-11-14;2025-11-21;2025-11-28;2025-12-05,False,44.2231625,causal_load_main,day_ahead_planning
2025-12-12,16,02:50,467.97047499999996,503.5463833333333,2025-11-14;2025-11-21;2025-11-28;2025-12-05,False,35.57590833333336,causal_load_main,day_ahead_planning
2025-12-12,17,03:00,466.5570833333333,475.53,2025-11-14;2025-11-21;2025-11-28;2025-12-05,False,8.972916666666663,causal_load_main,day_ahead_planning
2025-12-12,18,03:10,461.04452499999996,497.04471666666666,2025-11-14;2025-11-21;2025-11-28;2025-12-05,False,36.000191666666694,causal_load_main,day_ahead_planning
2025-12-12,19,03:20,455.5529583333333,509.0779666666666,2025-11-14;2025-11-21;2025-11-28;2025-12-05,False,53.52500833333329,causal_load_main,day_ahead_planning
2025-12-12,20,03:30,456.99125000000004,494.6133333333333,2025-11-14;2025-11-21;2025-11-28;2025-12-05,False,37.62208333333325,causal_load_main,day_ahead_planning
2025-12-12,21,03:40,469.02566666666667,495.91473333333334,2025-11-14;2025-11-21;2025-11-28;2025-12-05,False,26.88906666666668,causal_load_main,day_ahead_planning
2025-12-12,22,03:50,476.30955,491.8909,2025-11-14;2025-11-21;2025-11-28;2025-12-05,False,15.581349999999986,causal_load_main,day_ahead_planning
2025-12-12,23,04:00,470.51041666666663,488.22,2025-11-14;2025-11-21;2025-11-28;2025-12-05,False,17.7095833333334,causal_load_main,day_ahead_planning
2025-12-12,24,04:10,458.6023083333333,517.2703666666666,2025-11-14;2025-11-21;2025-11-28;2025-12-05,False,58.668058333333306,causal_load_main,day_ahead_planning
2025-12-12,25,04:20,460.3429458333333,545.75135,2025-11-14;2025-11-21;2025-11-28;2025-12-05,False,85.40840416666668,causal_load_main,day_ahead_planning
2025-12-12,26,04:30,468.9595833333333,553.8866666666667,2025-11-14;2025-11-21;2025-11-28;2025-12-05,False,84.92708333333337,causal_load_main,day_ahead_planning
2025-12-12,27,04:40,461.4534,550.2365666666667,2025-11-14;2025-11-21;2025-11-28;2025-12-05,False,88.78316666666672,causal_load_main,day_ahead_planning
2025-12-12,28,04:50,466.2958249999999,535.8169499999999,2025-11-14;2025-11-21;2025-11-28;2025-12-05,False,69.52112499999998,causal_load_main,day_ahead_planning
2025-12-12,29,05:00,479.3591666666666,526.1466666666666,2025-11-14;2025-11-21;2025-11-28;2025-12-05,False,46.78750000000002,causal_load_main,day_ahead_planning
2025-12-12,30,05:10,467.93792499999995,540.4419166666667,2025-11-14;2025-11-21;2025-11-28;2025-12-05,False,72.5039916666667,causal_load_main,day_ahead_planning
2025-12-12,31,05:20,466.14866666666666,547.3296833333333,2025-11-14;2025-11-21;2025-11-28;2025-12-05,False,81.18101666666661,causal_load_main,day_ahead_planning
2025-12-12,32,05:30,479.03499999999997,537.0516666666666,2025-11-14;2025-11-21;2025-11-28;2025-12-05,False,58.01666666666665,causal_load_main,day_ahead_planning
2025-12-12,33,05:40,477.3808416666666,530.4643666666666,2025-11-14;2025-11-21;2025-11-28;2025-12-05,False,53.08352500000001,causal_load_main,day_ahead_planning
2025-12-12,34,05:50,478.7896625,532.6885333333332,2025-11-14;2025-11-21;2025-11-28;2025-12-05,False,53.898870833333206,causal_load_main,day_ahead_planning
2025-12-12,35,06:00,484.21916666666664,535.17,2025-11-14;2025-11-21;2025-11-28;2025-12-05,False,50.95083333333332,causal_load_main,day_ahead_planning
2025-12-12,36,06:10,475.8439083333333,530.2620666666667,2025-11-14;2025-11-21;2025-11-28;2025-12-05,False,54.418158333333395,causal_load_main,day_ahead_planning
2025-12-12,37,06:20,474.6718041666667,548.6668,2025-11-14;2025-11-21;2025-11-28;2025-12-05,False,73.99499583333329,causal_load_main,day_ahead_planning
2025-12-12,38,06:30,478.2704166666667,568.6416666666667,2025-11-14;2025-11-21;2025-11-28;2025-12-05,False,90.37124999999997,causal_load_main,day_ahead_planning
2025-12-12,39,06:40,468.98341666666664,540.3587166666666,2025-11-14;2025-11-21;2025-11-28;2025-12-05,False,71.37529999999998,causal_load_main,day_ahead_planning
2025-12-12,40,06:50,498.41836666666666,546.02915,2025-11-14;2025-11-21;2025-11-28;2025-12-05,False,47.6107833333333,causal_load_main,day_ahead_planning
2025-12-12,41,07:00,551.5991666666666,606.9766666666667,2025-11-14;2025-11-21;2025-11-28;2025-12-05,False,55.377500000000055,causal_load_main,day_ahead_planning
2025-12-12,42,07:10,557.3017,655.1243833333333,2025-11-14;2025-11-21;2025-11-28;2025-12-05,False,97.82268333333332,causal_load_main,day_ahead_planning
2025-12-12,43,07:20,554.3988499999999,645.8223166666667,2025-11-14;2025-11-21;2025-11-28;2025-12-05,False,91.42346666666674,causal_load_main,day_ahead_planning
2025-12-12,44,07:30,565.1541666666667,602.9433333333333,2025-11-14;2025-11-21;2025-11-28;2025-12-05,False,37.789166666666574,causal_load_main,day_ahead_planning
2025-12-12,45,07:40,569.8137791666666,594.2223333333333,2025-11-14;2025-11-21;2025-11-28;2025-12-05,False,24.408554166666704,causal_load_main,day_ahead_planning
2025-12-12,46,07:50,561.3551958333333,615.3430833333333,2025-11-14;2025-11-21;2025-11-28;2025-12-05,False,53.987887500000056,causal_load_main,day_ahead_planning
2025-12-12,47,08:00,549.2345833333333,620.7216666666666,2025-11-14;2025-11-21;2025-11-28;2025-12-05,False,71.48708333333332,causal_load_main,day_ahead_planning
2025-12-12,48,08:10,549.5997416666667,574.10295,2025-11-14;2025-11-21;2025-11-28;2025-12-05,False,24.503208333333305,causal_load_main,day_ahead_planning
2025-12-12,49,08:20,554.3146416666666,562.3311,2025-11-14;2025-11-21;2025-11-28;2025-12-05,False,8.01645833333339,causal_load_main,day_ahead_planning
2025-12-12,50,08:30,552.4954166666666,600.2916666666666,2025-11-14;2025-11-21;2025-11-28;2025-12-05,False,47.796249999999986,causal_load_main,day_ahead_planning
2025-12-12,51,08:40,550.0301999999999,624.6180333333333,2025-11-14;2025-11-21;2025-11-28;2025-12-05,False,74.58783333333338,causal_load_main,day_ahead_planning
2025-12-12,52,08:50,601.6201291666666,668.36425,2025-11-14;2025-11-21;2025-11-28;2025-12-05,False,66.74412083333334,causal_load_main,day_ahead_planning
2025-12-12,53,09:00,673.58125,733.0233333333333,2025-11-14;2025-11-21;2025-11-28;2025-12-05,False,59.44208333333336,causal_load_main,day_ahead_planning
2025-12-12,54,09:10,672.8326625,769.2849333333334,2025-11-14;2025-11-21;2025-11-28;2025-12-05,False,96.45227083333339,causal_load_main,day_ahead_planning
2025-12-12,55,09:20,667.1373624999999,754.1959333333332,2025-11-14;2025-11-21;2025-11-28;2025-12-05,False,87.0585708333333,causal_load_main,day_ahead_planning
2025-12-12,56,09:30,679.8174999999999,726.1433333333332,2025-11-14;2025-11-21;2025-11-28;2025-12-05,False,46.32583333333332,causal_load_main,day_ahead_planning
2025-12-12,57,09:40,665.6365,747.4708999999999,2025-11-14;2025-11-21;2025-11-28;2025-12-05,False,81.83439999999996,causal_load_main,day_ahead_planning
2025-12-12,58,09:50,647.1126666666667,762.0171499999999,2025-11-14;2025-11-21;2025-11-28;2025-12-05,False,114.90448333333325,causal_load_main,day_ahead_planning
2025-12-12,59,10:00,641.0470833333333,732.8733333333332,2025-11-14;2025-11-21;2025-11-28;2025-12-05,False,91.82624999999996,causal_load_main,day_ahead_planning
2025-12-12,60,10:10,642.4475958333333,682.7121,2025-11-14;2025-11-21;2025-11-28;2025-12-05,False,40.26450416666671,causal_load_main,day_ahead_planning
2025-12-12,61,10:20,652.7591416666667,671.7679166666667,2025-11-14;2025-11-21;2025-11-28;2025-12-05,False,19.008775000000014,causal_load_main,day_ahead_planning
2025-12-12,62,10:30,657.4704166666667,703.8799999999999,2025-11-14;2025-11-21;2025-11-28;2025-12-05,False,46.40958333333322,causal_load_main,day_ahead_planning
2025-12-12,63,10:40,637.9674583333333,727.0592833333333,2025-11-14;2025-11-21;2025-11-28;2025-12-05,False,89.09182499999997,causal_load_main,day_ahead_planning
2025-12-12,64,10:50,628.7115666666666,727.45265,2025-11-14;2025-11-21;2025-11-28;2025-12-05,False,98.74108333333334,causal_load_main,day_ahead_planning
2025-12-12,65,11:00,636.3691666666666,712.3916666666667,2025-11-14;2025-11-21;2025-11-28;2025-12-05,False,76.02250000000004,causal_load_main,day_ahead_planning
2025-12-12,66,11:10,633.5524125,696.7610999999999,2025-11-14;2025-11-21;2025-11-28;2025-12-05,False,63.208687499999996,causal_load_main,day_ahead_planning
2025-12-12,67,11:20,621.8366249999999,682.2590333333333,2025-11-14;2025-11-21;2025-11-28;2025-12-05,False,60.42240833333335,causal_load_main,day_ahead_planning
2025-12-12,68,11:30,613.7204166666667,674.8116666666666,2025-11-14;2025-11-21;2025-11-28;2025-12-05,False,61.091249999999945,causal_load_main,day_ahead_planning
2025-12-12,69,11:40,619.4655208333334,683.6073666666666,2025-11-14;2025-11-21;2025-11-28;2025-12-05,False,64.14184583333326,causal_load_main,day_ahead_planning
2025-12-12,70,11:50,627.842425,699.9030166666666,2025-11-14;2025-11-21;2025-11-28;2025-12-05,False,72.0605916666666,causal_load_main,day_ahead_planning
2025-12-12,71,12:00,630.6958333333332,701.2883333333332,2025-11-14;2025-11-21;2025-11-28;2025-12-05,False,70.59249999999997,causal_load_main,day_ahead_planning
2025-12-12,72,12:10,628.9362458333333,673.4086666666667,2025-11-14;2025-11-21;2025-11-28;2025-12-05,False,44.472420833333445,causal_load_main,day_ahead_planning
2025-12-12,73,12:20,625.7582208333333,667.11905,2025-11-14;2025-11-21;2025-11-28;2025-12-05,False,41.36082916666669,causal_load_main,day_ahead_planning
2025-12-12,74,12:30,623.7175,672.0116666666667,2025-11-14;2025-11-21;2025-11-28;2025-12-05,False,48.29416666666668,causal_load_main,day_ahead_planning
2025-12-12,75,12:40,622.8655583333333,635.84185,2025-11-14;2025-11-21;2025-11-28;2025-12-05,False,12.976291666666725,causal_load_main,day_ahead_planning
2025-12-12,76,12:50,618.0286166666666,644.1942333333333,2025-11-14;2025-11-21;2025-11-28;2025-12-05,False,26.165616666666665,causal_load_main,day_ahead_planning
2025-12-12,77,13:00,610.1366666666667,693.1933333333333,2025-11-14;2025-11-21;2025-11-28;2025-12-05,False,83.05666666666662,causal_load_main,day_ahead_planning
2025-12-12,78,13:10,606.5655875,688.5419666666667,2025-11-14;2025-11-21;2025-11-28;2025-12-05,False,81.97637916666667,causal_load_main,day_ahead_planning
2025-12-12,79,13:20,610.4449958333332,670.8432666666666,2025-11-14;2025-11-21;2025-11-28;2025-12-05,False,60.39827083333341,causal_load_main,day_ahead_planning
2025-12-12,80,13:30,613.7845833333333,659.0116666666667,2025-11-14;2025-11-21;2025-11-28;2025-12-05,False,45.227083333333326,causal_load_main,day_ahead_planning
2025-12-12,81,13:40,605.6182833333332,629.4223333333333,2025-11-14;2025-11-21;2025-11-28;2025-12-05,False,23.804050000000075,causal_load_main,day_ahead_planning
2025-12-12,82,13:50,602.0462833333333,613.8226166666666,2025-11-14;2025-11-21;2025-11-28;2025-12-05,False,11.776333333333241,causal_load_main,day_ahead_planning
2025-12-12,83,14:00,604.6754166666666,621.8,2025-11-14;2025-11-21;2025-11-28;2025-12-05,False,17.124583333333362,causal_load_main,day_ahead_planning
2025-12-12,84,14:10,597.8901791666667,633.2801833333333,2025-11-14;2025-11-21;2025-11-28;2025-12-05,False,35.390004166666586,causal_load_main,day_ahead_planning
2025-12-12,85,14:20,583.1450333333332,654.5691333333333,2025-11-14;2025-11-21;2025-11-28;2025-12-05,False,71.42410000000007,causal_load_main,day_ahead_planning
2025-12-12,86,14:30,577.3391666666666,665.285,2025-11-14;2025-11-21;2025-11-28;2025-12-05,False,87.94583333333333,causal_load_main,day_ahead_planning
2025-12-12,87,14:40,594.9108375,631.1272166666666,2025-11-14;2025-11-21;2025-11-28;2025-12-05,False,36.216379166666684,causal_load_main,day_ahead_planning
2025-12-12,88,14:50,598.6908874999999,595.5687666666666,2025-11-14;2025-11-21;2025-11-28;2025-12-05,False,3.1221208333332697,causal_load_main,day_ahead_planning
2025-12-12,89,15:00,584.12375,592.47,2025-11-14;2025-11-21;2025-11-28;2025-12-05,False,8.346250000000055,causal_load_main,day_ahead_planning
2025-12-12,90,15:10,582.9520375,616.2473333333332,2025-11-14;2025-11-21;2025-11-28;2025-12-05,False,33.295295833333284,causal_load_main,day_ahead_planning
2025-12-12,91,15:20,589.6741874999999,623.5346499999999,2025-11-14;2025-11-21;2025-11-28;2025-12-05,False,33.86046250000004,causal_load_main,day_ahead_planning
2025-12-12,92,15:30,591.3845833333332,613.91,2025-11-14;2025-11-21;2025-11-28;2025-12-05,False,22.52541666666673,causal_load_main,day_ahead_planning
2025-12-12,93,15:40,582.9450583333332,623.0298833333333,2025-11-14;2025-11-21;2025-11-28;2025-12-05,False,40.08482500000002,causal_load_main,day_ahead_planning
2025-12-12,94,15:50,579.7086541666666,623.7774666666667,2025-11-14;2025-11-21;2025-11-28;2025-12-05,False,44.068812500000035,causal_load_main,day_ahead_planning
2025-12-12,95,16:00,580.6395833333333,599.5866666666666,2025-11-14;2025-11-21;2025-11-28;2025-12-05,False,18.94708333333324,causal_load_main,day_ahead_planning
2025-12-12,96,16:10,570.9214583333332,566.8039,2025-11-14;2025-11-21;2025-11-28;2025-12-05,False,4.11755833333325,causal_load_main,day_ahead_planning
2025-12-12,97,16:20,565.7859208333333,564.0833,2025-11-14;2025-11-21;2025-11-28;2025-12-05,False,1.7026208333332988,causal_load_main,day_ahead_planning
2025-12-12,98,16:30,570.6866666666666,588.0899999999999,2025-11-14;2025-11-21;2025-11-28;2025-12-05,False,17.403333333333308,causal_load_main,day_ahead_planning
2025-12-12,99,16:40,566.7335041666666,590.4276333333332,2025-11-14;2025-11-21;2025-11-28;2025-12-05,False,23.694129166666585,causal_load_main,day_ahead_planning
2025-12-12,100,16:50,511.6334,535.1460833333333,2025-11-14;2025-11-21;2025-11-28;2025-12-05,False,23.512683333333314,causal_load_main,day_ahead_planning
2025-12-12,101,17:00,445.43499999999995,471.9883333333333,2025-11-14;2025-11-21;2025-11-28;2025-12-05,False,26.55333333333334,causal_load_main,day_ahead_planning
2025-12-12,102,17:10,455.1697291666667,484.75538333333327,2025-11-14;2025-11-21;2025-11-28;2025-12-05,False,29.585654166666586,causal_load_main,day_ahead_planning
2025-12-12,103,17:20,467.45560416666666,471.2885166666666,2025-11-14;2025-11-21;2025-11-28;2025-12-05,False,3.8329124999999635,causal_load_main,day_ahead_planning
2025-12-12,104,17:30,450.9824999999999,419.82833333333326,2025-11-14;2025-11-21;2025-11-28;2025-12-05,False,31.15416666666664,causal_load_main,day_ahead_planning
2025-12-12,105,17:40,447.3853541666666,421.63131666666663,2025-11-14;2025-11-21;2025-11-28;2025-12-05,False,25.75403749999998,causal_load_main,day_ahead_planning
2025-12-12,106,17:50,457.1898166666666,431.8470666666666,2025-11-14;2025-11-21;2025-11-28;2025-12-05,False,25.342750000000024,causal_load_main,day_ahead_planning
2025-12-12,107,18:00,462.43499999999995,438.18833333333333,2025-11-14;2025-11-21;2025-11-28;2025-12-05,False,24.246666666666613,causal_load_main,day_ahead_planning
2025-12-12,108,18:10,448.99930833333326,473.0576,2025-11-14;2025-11-21;2025-11-28;2025-12-05,False,24.05829166666672,causal_load_main,day_ahead_planning
2025-12-12,109,18:20,445.6343958333333,478.6332666666666,2025-11-14;2025-11-21;2025-11-28;2025-12-05,False,32.998870833333285,causal_load_main,day_ahead_planning
2025-12-12,110,18:30,453.97999999999996,451.89,2025-11-14;2025-11-21;2025-11-28;2025-12-05,False,2.089999999999975,causal_load_main,day_ahead_planning
2025-12-12,111,18:40,449.0657083333333,448.9516166666666,2025-11-14;2025-11-21;2025-11-28;2025-12-05,False,0.11409166666669535,causal_load_main,day_ahead_planning
2025-12-12,112,18:50,449.7771333333333,451.40304999999995,2025-11-14;2025-11-21;2025-11-28;2025-12-05,False,1.625916666666626,causal_load_main,day_ahead_planning
2025-12-12,113,19:00,455.7841666666667,450.16499999999996,2025-11-14;2025-11-21;2025-11-28;2025-12-05,False,5.619166666666729,causal_load_main,day_ahead_planning
2025-12-12,114,19:10,446.56205833333325,457.0807,2025-11-14;2025-11-21;2025-11-28;2025-12-05,False,10.518641666666724,causal_load_main,day_ahead_planning
2025-12-12,115,19:20,442.33639999999997,453.78496666666666,2025-11-14;2025-11-21;2025-11-28;2025-12-05,False,11.448566666666693,causal_load_main,day_ahead_planning
2025-12-12,116,19:30,454.37333333333333,446.27166666666665,2025-11-14;2025-11-21;2025-11-28;2025-12-05,False,8.101666666666688,causal_load_main,day_ahead_planning
2025-12-12,117,19:40,471.43306249999995,455.53119999999996,2025-11-14;2025-11-21;2025-11-28;2025-12-05,False,15.901862499999993,causal_load_main,day_ahead_planning
2025-12-12,118,19:50,471.4971333333333,437.6116333333333,2025-11-14;2025-11-21;2025-11-28;2025-12-05,False,33.88549999999998,causal_load_main,day_ahead_planning
2025-12-12,119,20:00,459.91375,422.59999999999997,2025-11-14;2025-11-21;2025-11-28;2025-12-05,False,37.31375000000003,causal_load_main,day_ahead_planning
2025-12-12,120,20:10,460.4971791666666,482.11385,2025-11-14;2025-11-21;2025-11-28;2025-12-05,False,21.616670833333387,causal_load_main,day_ahead_planning
2025-12-12,121,20:20,453.0533875,498.09726666666666,2025-11-14;2025-11-21;2025-11-28;2025-12-05,False,45.04387916666667,causal_load_main,day_ahead_planning
2025-12-12,122,20:30,440.55708333333325,456.92833333333334,2025-11-14;2025-11-21;2025-11-28;2025-12-05,False,16.37125000000009,causal_load_main,day_ahead_planning
2025-12-12,123,20:40,447.81045000000006,463.0027666666666,2025-11-14;2025-11-21;2025-11-28;2025-12-05,False,15.192316666666557,causal_load_main,day_ahead_planning
2025-12-12,124,20:50,450.4888291666667,483.0582166666666,2025-11-14;2025-11-21;2025-11-28;2025-12-05,False,32.56938749999995,causal_load_main,day_ahead_planning
2025-12-12,125,21:00,447.0633333333333,485.61833333333334,2025-11-14;2025-11-21;2025-11-28;2025-12-05,False,38.555000000000064,causal_load_main,day_ahead_planning
2025-12-12,126,21:10,459.18268333333333,476.9069833333333,2025-11-14;2025-11-21;2025-11-28;2025-12-05,False,17.72429999999997,causal_load_main,day_ahead_planning
2025-12-12,127,21:20,461.3190208333333,462.5119666666667,2025-11-14;2025-11-21;2025-11-28;2025-12-05,False,1.1929458333333969,causal_load_main,day_ahead_planning
2025-12-12,128,21:30,459.8779166666667,449.35999999999996,2025-11-14;2025-11-21;2025-11-28;2025-12-05,False,10.517916666666736,causal_load_main,day_ahead_planning
2025-12-12,129,21:40,479.3963708333333,440.9614833333333,2025-11-14;2025-11-21;2025-11-28;2025-12-05,False,38.4348875,causal_load_main,day_ahead_planning
2025-12-12,130,21:50,445.6074125,421.0852333333333,2025-11-14;2025-11-21;2025-11-28;2025-12-05,False,24.522179166666717,causal_load_main,day_ahead_planning
2025-12-12,131,22:00,375.97541666666666,404.4816666666666,2025-11-14;2025-11-21;2025-11-28;2025-12-05,False,28.506249999999966,causal_load_main,day_ahead_planning
2025-12-12,132,22:10,368.2974958333333,422.03486666666663,2025-11-14;2025-11-21;2025-11-28;2025-12-05,False,53.73737083333333,causal_load_main,day_ahead_planning
2025-12-12,133,22:20,376.6054,427.44905,2025-11-14;2025-11-21;2025-11-28;2025-12-05,False,50.843650000000025,causal_load_main,day_ahead_planning
2025-12-12,134,22:30,376.22833333333324,401.10833333333335,2025-11-14;2025-11-21;2025-11-28;2025-12-05,False,24.88000000000011,causal_load_main,day_ahead_planning
2025-12-12,135,22:40,389.8073958333333,374.37665,2025-11-14;2025-11-21;2025-11-28;2025-12-05,False,15.430745833333333,causal_load_main,day_ahead_planning
2025-12-12,136,22:50,396.3941541666666,393.81435,2025-11-14;2025-11-21;2025-11-28;2025-12-05,False,2.5798041666666336,causal_load_main,day_ahead_planning
2025-12-12,137,23:00,392.10541666666666,435.4783333333333,2025-11-14;2025-11-21;2025-11-28;2025-12-05,False,43.37291666666664,causal_load_main,day_ahead_planning
2025-12-12,138,23:10,395.3833208333333,427.36676666666665,2025-11-14;2025-11-21;2025-11-28;2025-12-05,False,31.98344583333335,causal_load_main,day_ahead_planning
2025-12-12,139,23:20,400.06615416666665,399.22963333333337,2025-11-14;2025-11-21;2025-11-28;2025-12-05,False,0.8365208333332816,causal_load_main,day_ahead_planning
2025-12-12,140,23:30,405.3070833333333,380.1016666666667,2025-11-14;2025-11-21;2025-11-28;2025-12-05,False,25.205416666666622,causal_load_main,day_ahead_planning
2025-12-12,141,23:40,417.03312916666664,376.01956666666666,2025-11-14;2025-11-21;2025-11-28;2025-12-05,False,41.01356249999998,causal_load_main,day_ahead_planning
2025-12-12,142,23:50,421.96029999999996,406.7769333333333,2025-11-14;2025-11-21;2025-11-28;2025-12-05,False,15.183366666666643,causal_load_main,day_ahead_planning
2025-12-12,143,0:00+1,420.3983333333333,447.96333333333337,2025-11-14;2025-11-21;2025-11-28;2025-12-05,False,27.565000000000055,causal_load_main,day_ahead_planning
2025-12-13,0,00:10,425.15396250000003,449.98173333333335,2025-11-15;2025-11-22;2025-11-29;2025-12-06,False,24.827770833333318,causal_load_main,day_ahead_planning
2025-12-13,1,00:20,425.65144166666664,452.25593333333336,2025-11-15;2025-11-22;2025-11-29;2025-12-06,False,26.604491666666718,causal_load_main,day_ahead_planning
2025-12-13,2,00:30,421.95458333333335,471.70166666666665,2025-11-15;2025-11-22;2025-11-29;2025-12-06,False,49.74708333333331,causal_load_main,day_ahead_planning
2025-12-13,3,00:40,425.21247083333327,482.4521666666667,2025-11-15;2025-11-22;2025-11-29;2025-12-06,False,57.23969583333343,causal_load_main,day_ahead_planning
2025-12-13,4,00:50,424.83922083333334,469.9855666666666,2025-11-15;2025-11-22;2025-11-29;2025-12-06,False,45.14634583333327,causal_load_main,day_ahead_planning
2025-12-13,5,01:00,420.08,453.02,2025-11-15;2025-11-22;2025-11-29;2025-12-06,False,32.94,causal_load_main,day_ahead_planning
2025-12-13,6,01:10,422.8890916666666,465.4669666666667,2025-11-15;2025-11-22;2025-11-29;2025-12-06,False,42.57787500000006,causal_load_main,day_ahead_planning
2025-12-13,7,01:20,433.85063333333335,483.2991666666667,2025-11-15;2025-11-22;2025-11-29;2025-12-06,False,49.44853333333333,causal_load_main,day_ahead_planning
2025-12-13,8,01:30,441.1220833333333,488.4266666666666,2025-11-15;2025-11-22;2025-11-29;2025-12-06,False,47.30458333333331,causal_load_main,day_ahead_planning
2025-12-13,9,01:40,432.751875,484.7695833333333,2025-11-15;2025-11-22;2025-11-29;2025-12-06,False,52.0177083333333,causal_load_main,day_ahead_planning
2025-12-13,10,01:50,432.75571249999996,481.09434999999996,2025-11-15;2025-11-22;2025-11-29;2025-12-06,False,48.338637500000004,causal_load_main,day_ahead_planning
2025-12-13,11,02:00,445.70708333333334,482.7983333333333,2025-11-15;2025-11-22;2025-11-29;2025-12-06,False,37.091249999999945,causal_load_main,day_ahead_planning
2025-12-13,12,02:10,452.296075,489.2262666666666,2025-11-15;2025-11-22;2025-11-29;2025-12-06,False,36.930191666666644,causal_load_main,day_ahead_planning
2025-12-13,13,02:20,451.757025,493.12401666666665,2025-11-15;2025-11-22;2025-11-29;2025-12-06,False,41.36699166666665,causal_load_main,day_ahead_planning
2025-12-13,14,02:30,446.63083333333327,490.2266666666667,2025-11-15;2025-11-22;2025-11-29;2025-12-06,False,43.59583333333342,causal_load_main,day_ahead_planning
2025-12-13,15,02:40,440.72799166666664,485.0692833333333,2025-11-15;2025-11-22;2025-11-29;2025-12-06,False,44.34129166666668,causal_load_main,day_ahead_planning
2025-12-13,16,02:50,448.44232083333327,497.1884,2025-11-15;2025-11-22;2025-11-29;2025-12-06,False,48.74607916666673,causal_load_main,day_ahead_planning
2025-12-13,17,03:00,462.5508333333333,508.0816666666666,2025-11-15;2025-11-22;2025-11-29;2025-12-06,False,45.530833333333305,causal_load_main,day_ahead_planning
2025-12-13,18,03:10,460.6513375,481.5557833333333,2025-11-15;2025-11-22;2025-11-29;2025-12-06,False,20.904445833333284,causal_load_main,day_ahead_planning
2025-12-13,19,03:20,456.38817916666665,474.43601666666666,2025-11-15;2025-11-22;2025-11-29;2025-12-06,False,18.047837500000014,causal_load_main,day_ahead_planning
2025-12-13,20,03:30,464.5129166666666,495.08500000000004,2025-11-15;2025-11-22;2025-11-29;2025-12-06,False,30.57208333333341,causal_load_main,day_ahead_planning
2025-12-13,21,03:40,484.68252916666665,496.06015,2025-11-15;2025-11-22;2025-11-29;2025-12-06,False,11.377620833333367,causal_load_main,day_ahead_planning
2025-12-13,22,03:50,490.15627083333334,494.4616,2025-11-15;2025-11-22;2025-11-29;2025-12-06,False,4.305329166666638,causal_load_main,day_ahead_planning
2025-12-13,23,04:00,477.15125,502.9216666666667,2025-11-15;2025-11-22;2025-11-29;2025-12-06,False,25.770416666666677,causal_load_main,day_ahead_planning
2025-12-13,24,04:10,468.02649166666663,514.1229333333333,2025-11-15;2025-11-22;2025-11-29;2025-12-06,False,46.09644166666669,causal_load_main,day_ahead_planning
2025-12-13,25,04:20,471.3920958333333,526.0806666666666,2025-11-15;2025-11-22;2025-11-29;2025-12-06,False,54.6885708333333,causal_load_main,day_ahead_planning
2025-12-13,26,04:30,481.9383333333333,528.0283333333333,2025-11-15;2025-11-22;2025-11-29;2025-12-06,False,46.09000000000003,causal_load_main,day_ahead_planning
2025-12-13,27,04:40,486.0022666666666,510.2662,2025-11-15;2025-11-22;2025-11-29;2025-12-06,False,24.263933333333398,causal_load_main,day_ahead_planning
2025-12-13,28,04:50,477.7352625,506.8754833333333,2025-11-15;2025-11-22;2025-11-29;2025-12-06,False,29.14022083333333,causal_load_main,day_ahead_planning
2025-12-13,29,05:00,466.8225,520.0683333333333,2025-11-15;2025-11-22;2025-11-29;2025-12-06,False,53.24583333333328,causal_load_main,day_ahead_planning
2025-12-13,30,05:10,469.38545833333325,520.5768499999999,2025-11-15;2025-11-22;2025-11-29;2025-12-06,False,51.191391666666675,causal_load_main,day_ahead_planning
2025-12-13,31,05:20,473.85469166666667,523.7618166666666,2025-11-15;2025-11-22;2025-11-29;2025-12-06,False,49.90712499999995,causal_load_main,day_ahead_planning
2025-12-13,32,05:30,471.56249999999994,530.1433333333333,2025-11-15;2025-11-22;2025-11-29;2025-12-06,False,58.58083333333337,causal_load_main,day_ahead_planning
2025-12-13,33,05:40,466.6169666666666,527.7699833333334,2025-11-15;2025-11-22;2025-11-29;2025-12-06,False,61.15301666666676,causal_load_main,day_ahead_planning
2025-12-13,34,05:50,473.1951875,557.50825,2025-11-15;2025-11-22;2025-11-29;2025-12-06,False,84.3130625,causal_load_main,day_ahead_planning
2025-12-13,35,06:00,481.8508333333333,601.4983333333332,2025-11-15;2025-11-22;2025-11-29;2025-12-06,False,119.64749999999992,causal_load_main,day_ahead_planning
2025-12-13,36,06:10,471.364825,594.5567333333333,2025-11-15;2025-11-22;2025-11-29;2025-12-06,False,123.19190833333334,causal_load_main,day_ahead_planning
2025-12-13,37,06:20,475.25150833333333,569.2660666666666,2025-11-15;2025-11-22;2025-11-29;2025-12-06,False,94.01455833333324,causal_load_main,day_ahead_planning
2025-12-13,38,06:30,488.6691666666666,541.9166666666666,2025-11-15;2025-11-22;2025-11-29;2025-12-06,False,53.2475,causal_load_main,day_ahead_planning
2025-12-13,39,06:40,478.9538458333333,509.8147666666667,2025-11-15;2025-11-22;2025-11-29;2025-12-06,False,30.86092083333341,causal_load_main,day_ahead_planning
2025-12-13,40,06:50,507.3248708333333,554.1304833333334,2025-11-15;2025-11-22;2025-11-29;2025-12-06,False,46.80561250000005,causal_load_main,day_ahead_planning
2025-12-13,41,07:00,565.1029166666666,633.905,2025-11-15;2025-11-22;2025-11-29;2025-12-06,False,68.80208333333337,causal_load_main,day_ahead_planning
2025-12-13,42,07:10,574.8916083333334,621.3386166666667,2025-11-15;2025-11-22;2025-11-29;2025-12-06,False,46.447008333333315,causal_load_main,day_ahead_planning
2025-12-13,43,07:20,559.5202416666666,610.2194666666667,2025-11-15;2025-11-22;2025-11-29;2025-12-06,False,50.69922500000007,causal_load_main,day_ahead_planning
2025-12-13,44,07:30,552.3420833333332,631.8016666666666,2025-11-15;2025-11-22;2025-11-29;2025-12-06,False,79.4595833333334,causal_load_main,day_ahead_planning
2025-12-13,45,07:40,562.5415333333333,623.4122,2025-11-15;2025-11-22;2025-11-29;2025-12-06,False,60.87066666666669,causal_load_main,day_ahead_planning
2025-12-13,46,07:50,566.1848458333333,622.3011666666666,2025-11-15;2025-11-22;2025-11-29;2025-12-06,False,56.11632083333336,causal_load_main,day_ahead_planning
2025-12-13,47,08:00,560.7595833333332,637.3766666666667,2025-11-15;2025-11-22;2025-11-29;2025-12-06,False,76.61708333333343,causal_load_main,day_ahead_planning
2025-12-13,48,08:10,564.97245,635.2024166666666,2025-11-15;2025-11-22;2025-11-29;2025-12-06,False,70.22996666666666,causal_load_main,day_ahead_planning
2025-12-13,49,08:20,564.8527125,630.6053999999999,2025-11-15;2025-11-22;2025-11-29;2025-12-06,False,65.75268749999987,causal_load_main,day_ahead_planning
2025-12-13,50,08:30,550.7929166666667,630.5233333333333,2025-11-15;2025-11-22;2025-11-29;2025-12-06,False,79.73041666666666,causal_load_main,day_ahead_planning
2025-12-13,51,08:40,538.7713166666666,629.7756499999999,2025-11-15;2025-11-22;2025-11-29;2025-12-06,False,91.0043333333333,causal_load_main,day_ahead_planning
2025-12-13,52,08:50,590.880675,655.2838833333333,2025-11-15;2025-11-22;2025-11-29;2025-12-06,False,64.40320833333328,causal_load_main,day_ahead_planning
2025-12-13,53,09:00,671.4041666666666,704.7583333333333,2025-11-15;2025-11-22;2025-11-29;2025-12-06,False,33.35416666666674,causal_load_main,day_ahead_planning
2025-12-13,54,09:10,677.4547083333332,741.5999499999999,2025-11-15;2025-11-22;2025-11-29;2025-12-06,False,64.14524166666672,causal_load_main,day_ahead_planning
2025-12-13,55,09:20,670.7920083333333,743.0510833333333,2025-11-15;2025-11-22;2025-11-29;2025-12-06,False,72.25907499999994,causal_load_main,day_ahead_planning
2025-12-13,56,09:30,676.8249999999998,718.1716666666666,2025-11-15;2025-11-22;2025-11-29;2025-12-06,False,41.346666666666806,causal_load_main,day_ahead_planning
2025-12-13,57,09:40,660.8848333333333,699.9677333333334,2025-11-15;2025-11-22;2025-11-29;2025-12-06,False,39.08290000000011,causal_load_main,day_ahead_planning
2025-12-13,58,09:50,660.2869666666667,704.5329499999999,2025-11-15;2025-11-22;2025-11-29;2025-12-06,False,44.24598333333324,causal_load_main,day_ahead_planning
2025-12-13,59,10:00,673.0958333333333,722.6166666666666,2025-11-15;2025-11-22;2025-11-29;2025-12-06,False,49.52083333333326,causal_load_main,day_ahead_planning
2025-12-13,60,10:10,658.2995791666667,731.2615166666666,2025-11-15;2025-11-22;2025-11-29;2025-12-06,False,72.96193749999986,causal_load_main,day_ahead_planning
2025-12-13,61,10:20,649.1739041666666,735.5258833333334,2025-11-15;2025-11-22;2025-11-29;2025-12-06,False,86.35197916666675,causal_load_main,day_ahead_planning
2025-12-13,62,10:30,655.9962499999999,738.7399999999999,2025-11-15;2025-11-22;2025-11-29;2025-12-06,False,82.74374999999998,causal_load_main,day_ahead_planning
2025-12-13,63,10:40,654.2941291666666,731.7609833333332,2025-11-15;2025-11-22;2025-11-29;2025-12-06,False,77.46685416666662,causal_load_main,day_ahead_planning
2025-12-13,64,10:50,648.8873541666667,694.1144166666666,2025-11-15;2025-11-22;2025-11-29;2025-12-06,False,45.227062499999874,causal_load_main,day_ahead_planning
2025-12-13,65,11:00,640.0308333333332,664.41,2025-11-15;2025-11-22;2025-11-29;2025-12-06,False,24.37916666666672,causal_load_main,day_ahead_planning
2025-12-13,66,11:10,623.7244958333333,701.03525,2025-11-15;2025-11-22;2025-11-29;2025-12-06,False,77.3107541666667,causal_load_main,day_ahead_planning
2025-12-13,67,11:20,626.4595583333332,700.5994000000001,2025-11-15;2025-11-22;2025-11-29;2025-12-06,False,74.13984166666683,causal_load_main,day_ahead_planning
2025-12-13,68,11:30,639.3479166666666,663.8399999999999,2025-11-15;2025-11-22;2025-11-29;2025-12-06,False,24.492083333333312,causal_load_main,day_ahead_planning
2025-12-13,69,11:40,628.0061333333333,689.8001166666666,2025-11-15;2025-11-22;2025-11-29;2025-12-06,False,61.793983333333244,causal_load_main,day_ahead_planning
2025-12-13,70,11:50,626.3995666666667,694.6495,2025-11-15;2025-11-22;2025-11-29;2025-12-06,False,68.24993333333327,causal_load_main,day_ahead_planning
2025-12-13,71,12:00,635.5191666666667,659.0133333333333,2025-11-15;2025-11-22;2025-11-29;2025-12-06,False,23.494166666666615,causal_load_main,day_ahead_planning
2025-12-13,72,12:10,622.1781,652.7421166666666,2025-11-15;2025-11-22;2025-11-29;2025-12-06,False,30.56401666666659,causal_load_main,day_ahead_planning
2025-12-13,73,12:20,616.6998208333332,656.7427333333333,2025-11-15;2025-11-22;2025-11-29;2025-12-06,False,40.04291250000006,causal_load_main,day_ahead_planning
2025-12-13,74,12:30,622.1358333333333,656.5516666666666,2025-11-15;2025-11-22;2025-11-29;2025-12-06,False,34.41583333333335,causal_load_main,day_ahead_planning
2025-12-13,75,12:40,611.6318291666666,662.1884166666666,2025-11-15;2025-11-22;2025-11-29;2025-12-06,False,50.55658749999998,causal_load_main,day_ahead_planning
2025-12-13,76,12:50,611.7614958333334,669.1120666666666,2025-11-15;2025-11-22;2025-11-29;2025-12-06,False,57.35057083333322,causal_load_main,day_ahead_planning
2025-12-13,77,13:00,622.7120833333333,666.15,2025-11-15;2025-11-22;2025-11-29;2025-12-06,False,43.43791666666664,causal_load_main,day_ahead_planning
2025-12-13,78,13:10,615.4623666666666,648.8485499999999,2025-11-15;2025-11-22;2025-11-29;2025-12-06,False,33.38618333333329,causal_load_main,day_ahead_planning
2025-12-13,79,13:20,604.4249958333332,648.2942833333333,2025-11-15;2025-11-22;2025-11-29;2025-12-06,False,43.86928750000004,causal_load_main,day_ahead_planning
2025-12-13,80,13:30,601.0454166666667,657.4583333333333,2025-11-15;2025-11-22;2025-11-29;2025-12-06,False,56.41291666666655,causal_load_main,day_ahead_planning
2025-12-13,81,13:40,602.6104958333333,639.986,2025-11-15;2025-11-22;2025-11-29;2025-12-06,False,37.3755041666667,causal_load_main,day_ahead_planning
2025-12-13,82,13:50,606.7370041666666,628.6687,2025-11-15;2025-11-22;2025-11-29;2025-12-06,False,21.93169583333338,causal_load_main,day_ahead_planning
2025-12-13,83,14:00,608.8595833333334,636.1016666666667,2025-11-15;2025-11-22;2025-11-29;2025-12-06,False,27.242083333333312,causal_load_main,day_ahead_planning
2025-12-13,84,14:10,605.5805708333332,640.9976666666666,2025-11-15;2025-11-22;2025-11-29;2025-12-06,False,35.417095833333406,causal_load_main,day_ahead_planning
2025-12-13,85,14:20,606.9901708333333,638.6600166666666,2025-11-15;2025-11-22;2025-11-29;2025-12-06,False,31.669845833333284,causal_load_main,day_ahead_planning
2025-12-13,86,14:30,606.8120833333332,631.7366666666667,2025-11-15;2025-11-22;2025-11-29;2025-12-06,False,24.92458333333343,causal_load_main,day_ahead_planning
2025-12-13,87,14:40,589.8685624999999,625.3065333333333,2025-11-15;2025-11-22;2025-11-29;2025-12-06,False,35.43797083333334,causal_load_main,day_ahead_planning
2025-12-13,88,14:50,583.0755291666666,622.7187666666666,2025-11-15;2025-11-22;2025-11-29;2025-12-06,False,39.643237500000055,causal_load_main,day_ahead_planning
2025-12-13,89,15:00,593.1266666666666,619.22,2025-11-15;2025-11-22;2025-11-29;2025-12-06,False,26.093333333333476,causal_load_main,day_ahead_planning
2025-12-13,90,15:10,598.5919708333333,606.3638333333333,2025-11-15;2025-11-22;2025-11-29;2025-12-06,False,7.7718624999999975,causal_load_main,day_ahead_planning
2025-12-13,91,15:20,590.0505541666666,591.4422833333333,2025-11-15;2025-11-22;2025-11-29;2025-12-06,False,1.3917291666666642,causal_load_main,day_ahead_planning
2025-12-13,92,15:30,576.2649999999999,584.6916666666666,2025-11-15;2025-11-22;2025-11-29;2025-12-06,False,8.426666666666733,causal_load_main,day_ahead_planning
2025-12-13,93,15:40,573.7272833333333,588.1577,2025-11-15;2025-11-22;2025-11-29;2025-12-06,False,14.430416666666702,causal_load_main,day_ahead_planning
2025-12-13,94,15:50,571.1590916666667,577.39705,2025-11-15;2025-11-22;2025-11-29;2025-12-06,False,6.237958333333381,causal_load_main,day_ahead_planning
2025-12-13,95,16:00,565.5470833333334,566.3066666666666,2025-11-15;2025-11-22;2025-11-29;2025-12-06,False,0.7595833333332394,causal_load_main,day_ahead_planning
2025-12-13,96,16:10,565.6013,588.4721166666666,2025-11-15;2025-11-22;2025-11-29;2025-12-06,False,22.870816666666542,causal_load_main,day_ahead_planning
2025-12-13,97,16:20,566.1110249999999,581.1305333333332,2025-11-15;2025-11-22;2025-11-29;2025-12-06,False,15.019508333333306,causal_load_main,day_ahead_planning
2025-12-13,98,16:30,573.4183333333333,563.8666666666666,2025-11-15;2025-11-22;2025-11-29;2025-12-06,False,9.551666666666733,causal_load_main,day_ahead_planning
2025-12-13,99,16:40,586.9387374999999,606.7204166666667,2025-11-15;2025-11-22;2025-11-29;2025-12-06,False,19.781679166666777,causal_load_main,day_ahead_planning
2025-12-13,100,16:50,523.9567125,563.4435,2025-11-15;2025-11-22;2025-11-29;2025-12-06,False,39.48678749999999,causal_load_main,day_ahead_planning
2025-12-13,101,17:00,426.26,451.07499999999993,2025-11-15;2025-11-22;2025-11-29;2025-12-06,False,24.81499999999994,causal_load_main,day_ahead_planning
2025-12-13,102,17:10,427.46266249999996,440.65085,2025-11-15;2025-11-22;2025-11-29;2025-12-06,False,13.188187500000026,causal_load_main,day_ahead_planning
2025-12-13,103,17:20,451.1935458333333,449.5064,2025-11-15;2025-11-22;2025-11-29;2025-12-06,False,1.687145833333318,causal_load_main,day_ahead_planning
2025-12-13,104,17:30,447.11541666666665,430.3833333333333,2025-11-15;2025-11-22;2025-11-29;2025-12-06,False,16.73208333333332,causal_load_main,day_ahead_planning
2025-12-13,105,17:40,441.05570833333326,424.58825,2025-11-15;2025-11-22;2025-11-29;2025-12-06,False,16.46745833333324,causal_load_main,day_ahead_planning
2025-12-13,106,17:50,442.5534541666666,424.2130833333333,2025-11-15;2025-11-22;2025-11-29;2025-12-06,False,18.34037083333328,causal_load_main,day_ahead_planning
2025-12-13,107,18:00,446.09875,441.08500000000004,2025-11-15;2025-11-22;2025-11-29;2025-12-06,False,5.013749999999959,causal_load_main,day_ahead_planning
2025-12-13,108,18:10,442.5596166666666,493.6596833333333,2025-11-15;2025-11-22;2025-11-29;2025-12-06,False,51.10006666666669,causal_load_main,day_ahead_planning
2025-12-13,109,18:20,447.47272499999997,498.9484,2025-11-15;2025-11-22;2025-11-29;2025-12-06,False,51.475675000000024,causal_load_main,day_ahead_planning
2025-12-13,110,18:30,454.71166666666664,453.945,2025-11-15;2025-11-22;2025-11-29;2025-12-06,False,0.7666666666666515,causal_load_main,day_ahead_planning
2025-12-13,111,18:40,443.8906208333333,438.28168333333326,2025-11-15;2025-11-22;2025-11-29;2025-12-06,False,5.608937500000025,causal_load_main,day_ahead_planning
2025-12-13,112,18:50,447.13120416666663,440.0894833333333,2025-11-15;2025-11-22;2025-11-29;2025-12-06,False,7.041720833333329,causal_load_main,day_ahead_planning
2025-12-13,113,19:00,459.48791666666665,441.15,2025-11-15;2025-11-22;2025-11-29;2025-12-06,False,18.337916666666672,causal_load_main,day_ahead_planning
2025-12-13,114,19:10,445.8112458333333,443.6512333333333,2025-11-15;2025-11-22;2025-11-29;2025-12-06,False,2.1600124999999935,causal_load_main,day_ahead_planning
2025-12-13,115,19:20,449.376175,458.9680833333333,2025-11-15;2025-11-22;2025-11-29;2025-12-06,False,9.591908333333322,causal_load_main,day_ahead_planning
2025-12-13,116,19:30,470.7495833333333,462.1633333333333,2025-11-15;2025-11-22;2025-11-29;2025-12-06,False,8.586250000000007,causal_load_main,day_ahead_planning
2025-12-13,117,19:40,463.66711666666663,419.9539666666667,2025-11-15;2025-11-22;2025-11-29;2025-12-06,False,43.71314999999993,causal_load_main,day_ahead_planning
2025-12-13,118,19:50,445.83565000000004,414.92845,2025-11-15;2025-11-22;2025-11-29;2025-12-06,False,30.907200000000046,causal_load_main,day_ahead_planning
2025-12-13,119,20:00,447.5408333333333,458.9,2025-11-15;2025-11-22;2025-11-29;2025-12-06,False,11.359166666666681,causal_load_main,day_ahead_planning
2025-12-13,120,20:10,478.2381208333333,481.08756666666665,2025-11-15;2025-11-22;2025-11-29;2025-12-06,False,2.849445833333334,causal_load_main,day_ahead_planning
2025-12-13,121,20:20,483.34158333333335,480.74468333333334,2025-11-15;2025-11-22;2025-11-29;2025-12-06,False,2.596900000000005,causal_load_main,day_ahead_planning
2025-12-13,122,20:30,457.35583333333335,470.06333333333333,2025-11-15;2025-11-22;2025-11-29;2025-12-06,False,12.707499999999982,causal_load_main,day_ahead_planning
2025-12-13,123,20:40,447.58370833333333,459.2433,2025-11-15;2025-11-22;2025-11-29;2025-12-06,False,11.659591666666643,causal_load_main,day_ahead_planning
2025-12-13,124,20:50,452.427775,471.10549999999995,2025-11-15;2025-11-22;2025-11-29;2025-12-06,False,18.677724999999953,causal_load_main,day_ahead_planning
2025-12-13,125,21:00,460.30541666666664,484.05333333333334,2025-11-15;2025-11-22;2025-11-29;2025-12-06,False,23.747916666666697,causal_load_main,day_ahead_planning
2025-12-13,126,21:10,463.5911125,455.9557666666666,2025-11-15;2025-11-22;2025-11-29;2025-12-06,False,7.635345833333417,causal_load_main,day_ahead_planning
2025-12-13,127,21:20,459.20535,449.82565,2025-11-15;2025-11-22;2025-11-29;2025-12-06,False,9.379700000000014,causal_load_main,day_ahead_planning
2025-12-13,128,21:30,457.38625,481.34833333333336,2025-11-15;2025-11-22;2025-11-29;2025-12-06,False,23.96208333333334,causal_load_main,day_ahead_planning
2025-12-13,129,21:40,466.99851666666666,496.27250000000004,2025-11-15;2025-11-22;2025-11-29;2025-12-06,False,29.273983333333376,causal_load_main,day_ahead_planning
2025-12-13,130,21:50,445.3021666666666,459.7382666666666,2025-11-15;2025-11-22;2025-11-29;2025-12-06,False,14.43610000000001,causal_load_main,day_ahead_planning
2025-12-13,131,22:00,398.9354166666667,401.4916666666666,2025-11-15;2025-11-22;2025-11-29;2025-12-06,False,2.5562499999999204,causal_load_main,day_ahead_planning
2025-12-13,132,22:10,380.83072916666663,387.53478333333334,2025-11-15;2025-11-22;2025-11-29;2025-12-06,False,6.704054166666708,causal_load_main,day_ahead_planning
2025-12-13,133,22:20,380.06684999999993,393.8091,2025-11-15;2025-11-22;2025-11-29;2025-12-06,False,13.74225000000007,causal_load_main,day_ahead_planning
2025-12-13,134,22:30,383.26374999999996,388.755,2025-11-15;2025-11-22;2025-11-29;2025-12-06,False,5.491250000000036,causal_load_main,day_ahead_planning
2025-12-13,135,22:40,391.9712999999999,370.33275000000003,2025-11-15;2025-11-22;2025-11-29;2025-12-06,False,21.638549999999896,causal_load_main,day_ahead_planning
2025-12-13,136,22:50,410.02955,388.0744833333333,2025-11-15;2025-11-22;2025-11-29;2025-12-06,False,21.955066666666653,causal_load_main,day_ahead_planning
2025-12-13,137,23:00,426.50666666666666,416.41166666666663,2025-11-15;2025-11-22;2025-11-29;2025-12-06,False,10.095000000000027,causal_load_main,day_ahead_planning
2025-12-13,138,23:10,423.6044583333333,386.1603,2025-11-15;2025-11-22;2025-11-29;2025-12-06,False,37.44415833333329,causal_load_main,day_ahead_planning
2025-12-13,139,23:20,415.9314333333333,398.0861333333333,2025-11-15;2025-11-22;2025-11-29;2025-12-06,False,17.84530000000001,causal_load_main,day_ahead_planning
2025-12-13,140,23:30,406.30499999999995,440.01,2025-11-15;2025-11-22;2025-11-29;2025-12-06,False,33.70500000000004,causal_load_main,day_ahead_planning
2025-12-13,141,23:40,396.92097083333334,410.3933,2025-11-15;2025-11-22;2025-11-29;2025-12-06,False,13.472329166666668,causal_load_main,day_ahead_planning
2025-12-13,142,23:50,461.99196666666666,465.35581666666667,2025-11-15;2025-11-22;2025-11-29;2025-12-06,False,3.3638500000000136,causal_load_main,day_ahead_planning
2025-12-13,143,0:00+1,563.4716666666666,588.4183333333333,2025-11-15;2025-11-22;2025-11-29;2025-12-06,False,24.946666666666715,causal_load_main,day_ahead_planning
2025-12-14,0,00:10,579.375125,592.6912333333332,2025-11-16;2025-11-23;2025-11-30;2025-12-07,False,13.316108333333204,causal_load_main,day_ahead_planning
2025-12-14,1,00:20,571.0398749999999,561.2438999999999,2025-11-16;2025-11-23;2025-11-30;2025-12-07,False,9.795974999999999,causal_load_main,day_ahead_planning
2025-12-14,2,00:30,582.0683333333333,571.5483333333333,2025-11-16;2025-11-23;2025-11-30;2025-12-07,False,10.519999999999982,causal_load_main,day_ahead_planning
2025-12-14,3,00:40,594.5856708333333,612.7311666666667,2025-11-16;2025-11-23;2025-11-30;2025-12-07,False,18.14549583333337,causal_load_main,day_ahead_planning
2025-12-14,4,00:50,604.3568125,626.2757666666666,2025-11-16;2025-11-23;2025-11-30;2025-12-07,False,21.918954166666595,causal_load_main,day_ahead_planning
2025-12-14,5,01:00,601.03625,608.4616666666666,2025-11-16;2025-11-23;2025-11-30;2025-12-07,False,7.425416666666592,causal_load_main,day_ahead_planning
2025-12-14,6,01:10,577.564375,606.0297499999999,2025-11-16;2025-11-23;2025-11-30;2025-12-07,False,28.46537499999988,causal_load_main,day_ahead_planning
2025-12-14,7,01:20,578.1524125,605.0776,2025-11-16;2025-11-23;2025-11-30;2025-12-07,False,26.925187499999993,causal_load_main,day_ahead_planning
2025-12-14,8,01:30,595.985,598.8383333333334,2025-11-16;2025-11-23;2025-11-30;2025-12-07,False,2.853333333333353,causal_load_main,day_ahead_planning
2025-12-14,9,01:40,584.0581916666666,600.3714333333332,2025-11-16;2025-11-23;2025-11-30;2025-12-07,False,16.313241666666613,causal_load_main,day_ahead_planning
2025-12-14,10,01:50,587.4269541666666,609.7503833333333,2025-11-16;2025-11-23;2025-11-30;2025-12-07,False,22.323429166666642,causal_load_main,day_ahead_planning
2025-12-14,11,02:00,606.2987499999999,618.77,2025-11-16;2025-11-23;2025-11-30;2025-12-07,False,12.471250000000055,causal_load_main,day_ahead_planning
2025-12-14,12,02:10,594.1670083333333,620.9696333333333,2025-11-16;2025-11-23;2025-11-30;2025-12-07,False,26.80262499999992,causal_load_main,day_ahead_planning
2025-12-14,13,02:20,589.8449083333333,634.80715,2025-11-16;2025-11-23;2025-11-30;2025-12-07,False,44.96224166666673,causal_load_main,day_ahead_planning
2025-12-14,14,02:30,606.8108333333333,658.2583333333333,2025-11-16;2025-11-23;2025-11-30;2025-12-07,False,51.44749999999999,causal_load_main,day_ahead_planning
2025-12-14,15,02:40,615.5276749999999,668.0974666666666,2025-11-16;2025-11-23;2025-11-30;2025-12-07,False,52.569791666666674,causal_load_main,day_ahead_planning
2025-12-14,16,02:50,605.0359166666667,663.4041833333333,2025-11-16;2025-11-23;2025-11-30;2025-12-07,False,58.368266666666614,causal_load_main,day_ahead_planning
2025-12-14,17,03:00,591.5408333333332,650.38,2025-11-16;2025-11-23;2025-11-30;2025-12-07,False,58.839166666666756,causal_load_main,day_ahead_planning
2025-12-14,18,03:10,601.773775,640.1669833333333,2025-11-16;2025-11-23;2025-11-30;2025-12-07,False,38.39320833333329,causal_load_main,day_ahead_planning
2025-12-14,19,03:20,617.2002708333333,656.3656333333333,2025-11-16;2025-11-23;2025-11-30;2025-12-07,False,39.165362500000015,causal_load_main,day_ahead_planning
2025-12-14,20,03:30,621.9904166666666,673.39,2025-11-16;2025-11-23;2025-11-30;2025-12-07,False,51.39958333333334,causal_load_main,day_ahead_planning
2025-12-14,21,03:40,617.8939916666666,643.2212833333333,2025-11-16;2025-11-23;2025-11-30;2025-12-07,False,25.327291666666724,causal_load_main,day_ahead_planning
2025-12-14,22,03:50,619.0424499999999,633.5718333333333,2025-11-16;2025-11-23;2025-11-30;2025-12-07,False,14.529383333333385,causal_load_main,day_ahead_planning
2025-12-14,23,04:00,622.3499999999999,657.7816666666666,2025-11-16;2025-11-23;2025-11-30;2025-12-07,False,35.43166666666673,causal_load_main,day_ahead_planning
2025-12-14,24,04:10,614.5507499999999,664.0071,2025-11-16;2025-11-23;2025-11-30;2025-12-07,False,49.45635000000016,causal_load_main,day_ahead_planning
2025-12-14,25,04:20,620.5924083333333,673.98475,2025-11-16;2025-11-23;2025-11-30;2025-12-07,False,53.39234166666665,causal_load_main,day_ahead_planning
2025-12-14,26,04:30,636.7583333333333,701.39,2025-11-16;2025-11-23;2025-11-30;2025-12-07,False,64.63166666666666,causal_load_main,day_ahead_planning
2025-12-14,27,04:40,632.8821833333333,726.9617833333333,2025-11-16;2025-11-23;2025-11-30;2025-12-07,False,94.07960000000003,causal_load_main,day_ahead_planning
2025-12-14,28,04:50,626.0948958333332,712.0232166666666,2025-11-16;2025-11-23;2025-11-30;2025-12-07,False,85.92832083333337,causal_load_main,day_ahead_planning
2025-12-14,29,05:00,630.7408333333333,677.4466666666666,2025-11-16;2025-11-23;2025-11-30;2025-12-07,False,46.70583333333332,causal_load_main,day_ahead_planning
2025-12-14,30,05:10,643.7093124999999,682.5563833333333,2025-11-16;2025-11-23;2025-11-30;2025-12-07,False,38.84707083333342,causal_load_main,day_ahead_planning
2025-12-14,31,05:20,652.0546541666665,686.34025,2025-11-16;2025-11-23;2025-11-30;2025-12-07,False,34.285595833333446,causal_load_main,day_ahead_planning
2025-12-14,32,05:30,637.1716666666666,673.5266666666666,2025-11-16;2025-11-23;2025-11-30;2025-12-07,False,36.35500000000002,causal_load_main,day_ahead_planning
2025-12-14,33,05:40,609.0715791666667,683.5420999999999,2025-11-16;2025-11-23;2025-11-30;2025-12-07,False,74.47052083333324,causal_load_main,day_ahead_planning
2025-12-14,34,05:50,696.1315625,764.3458833333334,2025-11-16;2025-11-23;2025-11-30;2025-12-07,False,68.21432083333343,causal_load_main,day_ahead_planning
2025-12-14,35,06:00,838.7841666666666,871.2116666666667,2025-11-16;2025-11-23;2025-11-30;2025-12-07,False,32.42750000000012,causal_load_main,day_ahead_planning
2025-12-14,36,06:10,839.537025,900.3494499999999,2025-11-16;2025-11-23;2025-11-30;2025-12-07,False,60.81242499999996,causal_load_main,day_ahead_planning
2025-12-14,37,06:20,813.8266041666666,887.5913,2025-11-16;2025-11-23;2025-11-30;2025-12-07,False,73.76469583333346,causal_load_main,day_ahead_planning
2025-12-14,38,06:30,828.8566666666666,878.9016666666666,2025-11-16;2025-11-23;2025-11-30;2025-12-07,False,50.04500000000007,causal_load_main,day_ahead_planning
2025-12-14,39,06:40,835.8400291666667,888.7171333333333,2025-11-16;2025-11-23;2025-11-30;2025-12-07,False,52.87710416666664,causal_load_main,day_ahead_planning
2025-12-14,40,06:50,836.7407916666666,908.1604166666666,2025-11-16;2025-11-23;2025-11-30;2025-12-07,False,71.419625,causal_load_main,day_ahead_planning
2025-12-14,41,07:00,831.5208333333333,912.8483333333334,2025-11-16;2025-11-23;2025-11-30;2025-12-07,False,81.3275000000001,causal_load_main,day_ahead_planning
2025-12-14,42,07:10,814.3449375,885.2799,2025-11-16;2025-11-23;2025-11-30;2025-12-07,False,70.93496249999998,causal_load_main,day_ahead_planning
2025-12-14,43,07:20,817.9459333333333,872.6423,2025-11-16;2025-11-23;2025-11-30;2025-12-07,False,54.69636666666668,causal_load_main,day_ahead_planning
2025-12-14,44,07:30,824.1833333333334,877.3249999999999,2025-11-16;2025-11-23;2025-11-30;2025-12-07,False,53.14166666666654,causal_load_main,day_ahead_planning
2025-12-14,45,07:40,805.2038041666666,875.7418166666666,2025-11-16;2025-11-23;2025-11-30;2025-12-07,False,70.53801250000004,causal_load_main,day_ahead_planning
2025-12-14,46,07:50,924.98965,976.7109999999999,2025-11-16;2025-11-23;2025-11-30;2025-12-07,False,51.721349999999916,causal_load_main,day_ahead_planning
2025-12-14,47,08:00,1121.2749999999999,1140.6016666666665,2025-11-16;2025-11-23;2025-11-30;2025-12-07,False,19.326666666666597,causal_load_main,day_ahead_planning
2025-12-14,48,08:10,1149.9851999999998,1198.90715,2025-11-16;2025-11-23;2025-11-30;2025-12-07,False,48.92195000000015,causal_load_main,day_ahead_planning
2025-12-14,49,08:20,1132.7247291666665,1194.8717833333333,2025-11-16;2025-11-23;2025-11-30;2025-12-07,False,62.14705416666675,causal_load_main,day_ahead_planning
2025-12-14,50,08:30,1135.8,1189.5549999999998,2025-11-16;2025-11-23;2025-11-30;2025-12-07,False,53.75499999999988,causal_load_main,day_ahead_planning
2025-12-14,51,08:40,1104.607020833333,1198.6857833333333,2025-11-16;2025-11-23;2025-11-30;2025-12-07,False,94.07876250000027,causal_load_main,day_ahead_planning
2025-12-14,52,08:50,1096.4677499999998,1205.79965,2025-11-16;2025-11-23;2025-11-30;2025-12-07,False,109.33190000000013,causal_load_main,day_ahead_planning
2025-12-14,53,09:00,1121.293333333333,1201.0749999999998,2025-11-16;2025-11-23;2025-11-30;2025-12-07,False,79.78166666666675,causal_load_main,day_ahead_planning
2025-12-14,54,09:10,1127.0239208333332,1192.3758833333331,2025-11-16;2025-11-23;2025-11-30;2025-12-07,False,65.3519624999999,causal_load_main,day_ahead_planning
2025-12-14,55,09:20,1121.3386624999998,1199.6451166666666,2025-11-16;2025-11-23;2025-11-30;2025-12-07,False,78.30645416666675,causal_load_main,day_ahead_planning
2025-12-14,56,09:30,1115.6854166666667,1210.8799999999999,2025-11-16;2025-11-23;2025-11-30;2025-12-07,False,95.19458333333318,causal_load_main,day_ahead_planning
2025-12-14,57,09:40,1110.219725,1193.1831,2025-11-16;2025-11-23;2025-11-30;2025-12-07,False,82.96337500000004,causal_load_main,day_ahead_planning
2025-12-14,58,09:50,1107.7992125,1168.83485,2025-11-16;2025-11-23;2025-11-30;2025-12-07,False,61.03563749999989,causal_load_main,day_ahead_planning
2025-12-14,59,10:00,1108.0145833333331,1163.4466666666667,2025-11-16;2025-11-23;2025-11-30;2025-12-07,False,55.432083333333594,causal_load_main,day_ahead_planning
2025-12-14,60,10:10,1105.3523041666667,1182.4659833333333,2025-11-16;2025-11-23;2025-11-30;2025-12-07,False,77.11367916666654,causal_load_main,day_ahead_planning
2025-12-14,61,10:20,1091.1589875,1194.7524833333332,2025-11-16;2025-11-23;2025-11-30;2025-12-07,False,103.59349583333324,causal_load_main,day_ahead_planning
2025-12-14,62,10:30,1078.3245833333333,1175.695,2025-11-16;2025-11-23;2025-11-30;2025-12-07,False,97.37041666666664,causal_load_main,day_ahead_planning
2025-12-14,63,10:40,1090.1933291666667,1136.0265,2025-11-16;2025-11-23;2025-11-30;2025-12-07,False,45.83317083333327,causal_load_main,day_ahead_planning
2025-12-14,64,10:50,1103.5609041666667,1159.3799833333333,2025-11-16;2025-11-23;2025-11-30;2025-12-07,False,55.8190791666666,causal_load_main,day_ahead_planning
2025-12-14,65,11:00,1100.81875,1205.295,2025-11-16;2025-11-23;2025-11-30;2025-12-07,False,104.47625000000016,causal_load_main,day_ahead_planning
2025-12-14,66,11:10,1087.3956458333332,1149.2718666666665,2025-11-16;2025-11-23;2025-11-30;2025-12-07,False,61.876220833333264,causal_load_main,day_ahead_planning
2025-12-14,67,11:20,1089.5622416666665,1094.9024666666664,2025-11-16;2025-11-23;2025-11-30;2025-12-07,False,5.3402249999999185,causal_load_main,day_ahead_planning
2025-12-14,68,11:30,1106.84375,1105.59,2025-11-16;2025-11-23;2025-11-30;2025-12-07,False,1.2537500000000819,causal_load_main,day_ahead_planning
2025-12-14,69,11:40,1108.2284041666667,1139.47885,2025-11-16;2025-11-23;2025-11-30;2025-12-07,False,31.250445833333288,causal_load_main,day_ahead_planning
2025-12-14,70,11:50,1069.7069208333332,1131.7959166666665,2025-11-16;2025-11-23;2025-11-30;2025-12-07,False,62.08899583333323,causal_load_main,day_ahead_planning
2025-12-14,71,12:00,1017.0304166666665,1081.895,2025-11-16;2025-11-23;2025-11-30;2025-12-07,False,64.86458333333348,causal_load_main,day_ahead_planning
2025-12-14,72,12:10,1004.175825,1049.1536333333333,2025-11-16;2025-11-23;2025-11-30;2025-12-07,False,44.977808333333314,causal_load_main,day_ahead_planning
2025-12-14,73,12:20,1008.0693458333333,1055.6512666666665,2025-11-16;2025-11-23;2025-11-30;2025-12-07,False,47.58192083333324,causal_load_main,day_ahead_planning
2025-12-14,74,12:30,1001.5220833333333,1060.84,2025-11-16;2025-11-23;2025-11-30;2025-12-07,False,59.31791666666663,causal_load_main,day_ahead_planning
2025-12-14,75,12:40,985.8588333333333,1015.2818166666666,2025-11-16;2025-11-23;2025-11-30;2025-12-07,False,29.422983333333264,causal_load_main,day_ahead_planning
2025-12-14,76,12:50,1010.3877291666666,1036.7590166666666,2025-11-16;2025-11-23;2025-11-30;2025-12-07,False,26.371287499999994,causal_load_main,day_ahead_planning
2025-12-14,77,13:00,1059.20875,1116.8999999999999,2025-11-16;2025-11-23;2025-11-30;2025-12-07,False,57.691249999999854,causal_load_main,day_ahead_planning
2025-12-14,78,13:10,1064.7536416666667,1124.1451666666667,2025-11-16;2025-11-23;2025-11-30;2025-12-07,False,59.391525,causal_load_main,day_ahead_planning
2025-12-14,79,13:20,1059.1515541666665,1105.8272166666666,2025-11-16;2025-11-23;2025-11-30;2025-12-07,False,46.675662500000044,causal_load_main,day_ahead_planning
2025-12-14,80,13:30,1060.3366666666666,1098.9433333333332,2025-11-16;2025-11-23;2025-11-30;2025-12-07,False,38.60666666666657,causal_load_main,day_ahead_planning
2025-12-14,81,13:40,1053.84265,1087.4946499999999,2025-11-16;2025-11-23;2025-11-30;2025-12-07,False,33.651999999999816,causal_load_main,day_ahead_planning
2025-12-14,82,13:50,1054.2694875,1071.4292333333333,2025-11-16;2025-11-23;2025-11-30;2025-12-07,False,17.159745833333318,causal_load_main,day_ahead_planning
2025-12-14,83,14:00,1056.7329166666666,1061.8733333333332,2025-11-16;2025-11-23;2025-11-30;2025-12-07,False,5.140416666666624,causal_load_main,day_ahead_planning
2025-12-14,84,14:10,1041.9968999999999,1072.4911833333333,2025-11-16;2025-11-23;2025-11-30;2025-12-07,False,30.494283333333442,causal_load_main,day_ahead_planning
2025-12-14,85,14:20,1040.0999958333334,1099.6715,2025-11-16;2025-11-23;2025-11-30;2025-12-07,False,59.5715041666665,causal_load_main,day_ahead_planning
2025-12-14,86,14:30,1046.4145833333332,1108.9366666666665,2025-11-16;2025-11-23;2025-11-30;2025-12-07,False,62.522083333333285,causal_load_main,day_ahead_planning
2025-12-14,87,14:40,1029.233475,1068.8516,2025-11-16;2025-11-23;2025-11-30;2025-12-07,False,39.618124999999964,causal_load_main,day_ahead_planning
2025-12-14,88,14:50,1034.5859666666665,1061.4604166666666,2025-11-16;2025-11-23;2025-11-30;2025-12-07,False,26.874450000000024,causal_load_main,day_ahead_planning
2025-12-14,89,15:00,1058.3945833333332,1093.01,2025-11-16;2025-11-23;2025-11-30;2025-12-07,False,34.61541666666676,causal_load_main,day_ahead_planning
2025-12-14,90,15:10,1048.1571666666666,1087.8379,2025-11-16;2025-11-23;2025-11-30;2025-12-07,False,39.680733333333364,causal_load_main,day_ahead_planning
2025-12-14,91,15:20,1036.1487291666665,1060.7003333333332,2025-11-16;2025-11-23;2025-11-30;2025-12-07,False,24.55160416666672,causal_load_main,day_ahead_planning
2025-12-14,92,15:30,1036.425,1055.19,2025-11-16;2025-11-23;2025-11-30;2025-12-07,False,18.7650000000001,causal_load_main,day_ahead_planning
2025-12-14,93,15:40,1030.472325,1092.7591166666666,2025-11-16;2025-11-23;2025-11-30;2025-12-07,False,62.28679166666666,causal_load_main,day_ahead_planning
2025-12-14,94,15:50,1029.5816541666668,1090.3287999999998,2025-11-16;2025-11-23;2025-11-30;2025-12-07,False,60.74714583333298,causal_load_main,day_ahead_planning
2025-12-14,95,16:00,1038.1087499999999,1037.98,2025-11-16;2025-11-23;2025-11-30;2025-12-07,False,0.12874999999985448,causal_load_main,day_ahead_planning
2025-12-14,96,16:10,1044.3683125,1008.1471499999999,2025-11-16;2025-11-23;2025-11-30;2025-12-07,False,36.221162500000105,causal_load_main,day_ahead_planning
2025-12-14,97,16:20,1033.1605583333333,1005.7553166666667,2025-11-16;2025-11-23;2025-11-30;2025-12-07,False,27.405241666666598,causal_load_main,day_ahead_planning
2025-12-14,98,16:30,1019.0041666666666,1028.465,2025-11-16;2025-11-23;2025-11-30;2025-12-07,False,9.460833333333312,causal_load_main,day_ahead_planning
2025-12-14,99,16:40,1032.3380458333334,1068.1531333333332,2025-11-16;2025-11-23;2025-11-30;2025-12-07,False,35.81508749999989,causal_load_main,day_ahead_planning
2025-12-14,100,16:50,1046.5388625,1055.5353833333334,2025-11-16;2025-11-23;2025-11-30;2025-12-07,False,8.996520833333307,causal_load_main,day_ahead_planning
2025-12-14,101,17:00,1042.9804166666665,1014.9216666666666,2025-11-16;2025-11-23;2025-11-30;2025-12-07,False,28.058749999999918,causal_load_main,day_ahead_planning
2025-12-14,102,17:10,1027.4114875,1037.7973,2025-11-16;2025-11-23;2025-11-30;2025-12-07,False,10.385812499999929,causal_load_main,day_ahead_planning
2025-12-14,103,17:20,1013.1103041666667,1052.7808333333332,2025-11-16;2025-11-23;2025-11-30;2025-12-07,False,39.6705291666666,causal_load_main,day_ahead_planning
2025-12-14,104,17:30,1024.5037499999999,1047.5949999999998,2025-11-16;2025-11-23;2025-11-30;2025-12-07,False,23.091249999999945,causal_load_main,day_ahead_planning
2025-12-14,105,17:40,1053.5946041666666,1057.7831833333332,2025-11-16;2025-11-23;2025-11-30;2025-12-07,False,4.188579166666614,causal_load_main,day_ahead_planning
2025-12-14,106,17:50,936.4057541666665,919.2911666666666,2025-11-16;2025-11-23;2025-11-30;2025-12-07,False,17.114587499999857,causal_load_main,day_ahead_planning
2025-12-14,107,18:00,737.7466666666667,717.2216666666666,2025-11-16;2025-11-23;2025-11-30;2025-12-07,False,20.52500000000009,causal_load_main,day_ahead_planning
2025-12-14,108,18:10,701.7419749999999,720.8249333333333,2025-11-16;2025-11-23;2025-11-30;2025-12-07,False,19.08295833333341,causal_load_main,day_ahead_planning
2025-12-14,109,18:20,723.3552041666667,744.6798166666667,2025-11-16;2025-11-23;2025-11-30;2025-12-07,False,21.324612500000057,causal_load_main,day_ahead_planning
2025-12-14,110,18:30,723.8541666666666,700.3399999999999,2025-11-16;2025-11-23;2025-11-30;2025-12-07,False,23.51416666666671,causal_load_main,day_ahead_planning
2025-12-14,111,18:40,730.6601499999999,687.4983,2025-11-16;2025-11-23;2025-11-30;2025-12-07,False,43.16184999999996,causal_load_main,day_ahead_planning
2025-12-14,112,18:50,730.6284999999999,702.9292666666666,2025-11-16;2025-11-23;2025-11-30;2025-12-07,False,27.699233333333268,causal_load_main,day_ahead_planning
2025-12-14,113,19:00,721.3420833333332,721.9416666666666,2025-11-16;2025-11-23;2025-11-30;2025-12-07,False,0.5995833333333849,causal_load_main,day_ahead_planning
2025-12-14,114,19:10,718.70875,732.0482999999999,2025-11-16;2025-11-23;2025-11-30;2025-12-07,False,13.339549999999917,causal_load_main,day_ahead_planning
2025-12-14,115,19:20,723.2043291666666,742.1127499999999,2025-11-16;2025-11-23;2025-11-30;2025-12-07,False,18.908420833333253,causal_load_main,day_ahead_planning
2025-12-14,116,19:30,728.1654166666667,743.3583333333332,2025-11-16;2025-11-23;2025-11-30;2025-12-07,False,15.19291666666652,causal_load_main,day_ahead_planning
2025-12-14,117,19:40,725.9326208333332,719.89135,2025-11-16;2025-11-23;2025-11-30;2025-12-07,False,6.041270833333215,causal_load_main,day_ahead_planning
2025-12-14,118,19:50,717.251725,716.7923499999999,2025-11-16;2025-11-23;2025-11-30;2025-12-07,False,0.45937500000002274,causal_load_main,day_ahead_planning
2025-12-14,119,20:00,710.4179166666665,745.0716666666667,2025-11-16;2025-11-23;2025-11-30;2025-12-07,False,34.65375000000017,causal_load_main,day_ahead_planning
2025-12-14,120,20:10,715.1699791666665,766.45415,2025-11-16;2025-11-23;2025-11-30;2025-12-07,False,51.28417083333352,causal_load_main,day_ahead_planning
2025-12-14,121,20:20,725.5884666666666,746.2377333333334,2025-11-16;2025-11-23;2025-11-30;2025-12-07,False,20.64926666666679,causal_load_main,day_ahead_planning
2025-12-14,122,20:30,736.9283333333333,706.9566666666666,2025-11-16;2025-11-23;2025-11-30;2025-12-07,False,29.971666666666692,causal_load_main,day_ahead_planning
2025-12-14,123,20:40,745.9627541666666,706.8162,2025-11-16;2025-11-23;2025-11-30;2025-12-07,False,39.14655416666665,causal_load_main,day_ahead_planning
2025-12-14,124,20:50,736.3058749999999,724.2105166666666,2025-11-16;2025-11-23;2025-11-30;2025-12-07,False,12.095358333333252,causal_load_main,day_ahead_planning
2025-12-14,125,21:00,719.2158333333333,732.85,2025-11-16;2025-11-23;2025-11-30;2025-12-07,False,13.634166666666715,causal_load_main,day_ahead_planning
2025-12-14,126,21:10,724.0386249999999,727.7661499999999,2025-11-16;2025-11-23;2025-11-30;2025-12-07,False,3.727525000000014,causal_load_main,day_ahead_planning
2025-12-14,127,21:20,729.8965625,725.3740666666665,2025-11-16;2025-11-23;2025-11-30;2025-12-07,False,4.522495833333437,causal_load_main,day_ahead_planning
2025-12-14,128,21:30,734.5558333333333,738.7916666666666,2025-11-16;2025-11-23;2025-11-30;2025-12-07,False,4.235833333333289,causal_load_main,day_ahead_planning
2025-12-14,129,21:40,741.7628916666666,753.2937499999999,2025-11-16;2025-11-23;2025-11-30;2025-12-07,False,11.530858333333299,causal_load_main,day_ahead_planning
2025-12-14,130,21:50,660.3556416666667,683.0635166666666,2025-11-16;2025-11-23;2025-11-30;2025-12-07,False,22.707874999999945,causal_load_main,day_ahead_planning
2025-12-14,131,22:00,541.8966666666666,570.3616666666667,2025-11-16;2025-11-23;2025-11-30;2025-12-07,False,28.465000000000032,causal_load_main,day_ahead_planning
2025-12-14,132,22:10,541.5423833333334,552.9186166666666,2025-11-16;2025-11-23;2025-11-30;2025-12-07,False,11.376233333333175,causal_load_main,day_ahead_planning
2025-12-14,133,22:20,565.9881916666666,569.8221833333333,2025-11-16;2025-11-23;2025-11-30;2025-12-07,False,3.8339916666667477,causal_load_main,day_ahead_planning
2025-12-14,134,22:30,557.1099999999999,565.9616666666666,2025-11-16;2025-11-23;2025-11-30;2025-12-07,False,8.851666666666688,causal_load_main,day_ahead_planning
2025-12-14,135,22:40,549.2916708333332,548.3579,2025-11-16;2025-11-23;2025-11-30;2025-12-07,False,0.9337708333332557,causal_load_main,day_ahead_planning
2025-12-14,136,22:50,550.3150874999999,543.2948333333333,2025-11-16;2025-11-23;2025-11-30;2025-12-07,False,7.020254166666632,causal_load_main,day_ahead_planning
2025-12-14,137,23:00,557.5170833333333,558.3249999999999,2025-11-16;2025-11-23;2025-11-30;2025-12-07,False,0.8079166666666424,causal_load_main,day_ahead_planning
2025-12-14,138,23:10,565.8972416666666,578.14965,2025-11-16;2025-11-23;2025-11-30;2025-12-07,False,12.252408333333392,causal_load_main,day_ahead_planning
2025-12-14,139,23:20,571.8827333333332,587.9633333333334,2025-11-16;2025-11-23;2025-11-30;2025-12-07,False,16.080600000000118,causal_load_main,day_ahead_planning
2025-12-14,140,23:30,571.2754166666666,578.2983333333333,2025-11-16;2025-11-23;2025-11-30;2025-12-07,False,7.022916666666674,causal_load_main,day_ahead_planning
2025-12-14,141,23:40,564.6366375,557.1023499999999,2025-11-16;2025-11-23;2025-11-30;2025-12-07,False,7.534287500000119,causal_load_main,day_ahead_planning
2025-12-14,142,23:50,574.0780833333333,577.9149666666666,2025-11-16;2025-11-23;2025-11-30;2025-12-07,False,3.836883333333276,causal_load_main,day_ahead_planning
2025-12-14,143,0:00+1,592.18,609.63,2025-11-16;2025-11-23;2025-11-30;2025-12-07,False,17.450000000000045,causal_load_main,day_ahead_planning
2025-12-15,0,00:10,589.0068666666666,572.6283166666666,2025-11-17;2025-11-24;2025-12-01;2025-12-08,False,16.37855000000002,causal_load_main,day_ahead_planning
2025-12-15,1,00:20,583.1985208333333,570.9348,2025-11-17;2025-11-24;2025-12-01;2025-12-08,False,12.26372083333331,causal_load_main,day_ahead_planning
2025-12-15,2,00:30,581.30125,613.0916666666667,2025-11-17;2025-11-24;2025-12-01;2025-12-08,False,31.790416666666715,causal_load_main,day_ahead_planning
2025-12-15,3,00:40,574.9348666666667,606.1955499999999,2025-11-17;2025-11-24;2025-12-01;2025-12-08,False,31.26068333333319,causal_load_main,day_ahead_planning
2025-12-15,4,00:50,592.1878666666667,616.7371833333333,2025-11-17;2025-11-24;2025-12-01;2025-12-08,False,24.54931666666664,causal_load_main,day_ahead_planning
2025-12-15,5,01:00,617.9808333333333,647.5799999999999,2025-11-17;2025-11-24;2025-12-01;2025-12-08,False,29.599166666666633,causal_load_main,day_ahead_planning
2025-12-15,6,01:10,607.2182124999999,628.6041333333333,2025-11-17;2025-11-24;2025-12-01;2025-12-08,False,21.38592083333333,causal_load_main,day_ahead_planning
2025-12-15,7,01:20,602.4770291666666,614.5305166666667,2025-11-17;2025-11-24;2025-12-01;2025-12-08,False,12.053487500000074,causal_load_main,day_ahead_planning
2025-12-15,8,01:30,612.2808333333332,615.305,2025-11-17;2025-11-24;2025-12-01;2025-12-08,False,3.0241666666667015,causal_load_main,day_ahead_planning
2025-12-15,9,01:40,604.3265333333334,591.8708166666667,2025-11-17;2025-11-24;2025-12-01;2025-12-08,False,12.455716666666717,causal_load_main,day_ahead_planning
2025-12-15,10,01:50,607.3382624999999,613.0098833333333,2025-11-17;2025-11-24;2025-12-01;2025-12-08,False,5.67162083333335,causal_load_main,day_ahead_planning
2025-12-15,11,02:00,623.5345833333333,668.17,2025-11-17;2025-11-24;2025-12-01;2025-12-08,False,44.63541666666663,causal_load_main,day_ahead_planning
2025-12-15,12,02:10,621.8400291666667,668.2783999999999,2025-11-17;2025-11-24;2025-12-01;2025-12-08,False,46.43837083333324,causal_load_main,day_ahead_planning
2025-12-15,13,02:20,607.658325,638.4539166666666,2025-11-17;2025-11-24;2025-12-01;2025-12-08,False,30.79559166666661,causal_load_main,day_ahead_planning
2025-12-15,14,02:30,598.7175,626.9,2025-11-17;2025-11-24;2025-12-01;2025-12-08,False,28.182500000000005,causal_load_main,day_ahead_planning
2025-12-15,15,02:40,608.2470374999999,654.7442333333333,2025-11-17;2025-11-24;2025-12-01;2025-12-08,False,46.49719583333342,causal_load_main,day_ahead_planning
2025-12-15,16,02:50,621.1526666666666,664.4644999999999,2025-11-17;2025-11-24;2025-12-01;2025-12-08,False,43.31183333333331,causal_load_main,day_ahead_planning
2025-12-15,17,03:00,629.4575,649.2716666666666,2025-11-17;2025-11-24;2025-12-01;2025-12-08,False,19.814166666666665,causal_load_main,day_ahead_planning
2025-12-15,18,03:10,637.0991458333333,653.91305,2025-11-17;2025-11-24;2025-12-01;2025-12-08,False,16.813904166666703,causal_load_main,day_ahead_planning
2025-12-15,19,03:20,639.1390416666666,650.6464,2025-11-17;2025-11-24;2025-12-01;2025-12-08,False,11.5073583333334,causal_load_main,day_ahead_planning
2025-12-15,20,03:30,636.8983333333333,653.2249999999999,2025-11-17;2025-11-24;2025-12-01;2025-12-08,False,16.326666666666597,causal_load_main,day_ahead_planning
2025-12-15,21,03:40,638.1143583333333,701.0231666666666,2025-11-17;2025-11-24;2025-12-01;2025-12-08,False,62.908808333333354,causal_load_main,day_ahead_planning
2025-12-15,22,03:50,641.5847166666666,700.3122666666666,2025-11-17;2025-11-24;2025-12-01;2025-12-08,False,58.72754999999995,causal_load_main,day_ahead_planning
2025-12-15,23,04:00,642.3220833333334,659.3633333333332,2025-11-17;2025-11-24;2025-12-01;2025-12-08,False,17.041249999999877,causal_load_main,day_ahead_planning
2025-12-15,24,04:10,636.0407083333332,676.2655166666666,2025-11-17;2025-11-24;2025-12-01;2025-12-08,False,40.224808333333385,causal_load_main,day_ahead_planning
2025-12-15,25,04:20,627.542975,670.2413666666666,2025-11-17;2025-11-24;2025-12-01;2025-12-08,False,42.69839166666668,causal_load_main,day_ahead_planning
2025-12-15,26,04:30,634.4166666666666,642.0966666666666,2025-11-17;2025-11-24;2025-12-01;2025-12-08,False,7.67999999999995,causal_load_main,day_ahead_planning
2025-12-15,27,04:40,667.3540708333333,677.5945166666667,2025-11-17;2025-11-24;2025-12-01;2025-12-08,False,10.24044583333341,causal_load_main,day_ahead_planning
2025-12-15,28,04:50,670.8593874999999,695.8033499999999,2025-11-17;2025-11-24;2025-12-01;2025-12-08,False,24.943962499999998,causal_load_main,day_ahead_planning
2025-12-15,29,05:00,649.7416666666666,678.515,2025-11-17;2025-11-24;2025-12-01;2025-12-08,False,28.773333333333426,causal_load_main,day_ahead_planning
2025-12-15,30,05:10,662.9421625,690.4388166666665,2025-11-17;2025-11-24;2025-12-01;2025-12-08,False,27.49665416666653,causal_load_main,day_ahead_planning
2025-12-15,31,05:20,678.8106499999999,705.4993833333333,2025-11-17;2025-11-24;2025-12-01;2025-12-08,False,26.688733333333403,causal_load_main,day_ahead_planning
2025-12-15,32,05:30,659.2395833333333,690.8433333333334,2025-11-17;2025-11-24;2025-12-01;2025-12-08,False,31.603750000000105,causal_load_main,day_ahead_planning
2025-12-15,33,05:40,619.1814208333333,662.1599166666666,2025-11-17;2025-11-24;2025-12-01;2025-12-08,False,42.97849583333334,causal_load_main,day_ahead_planning
2025-12-15,34,05:50,707.0262499999999,751.2422333333334,2025-11-17;2025-11-24;2025-12-01;2025-12-08,False,44.2159833333335,causal_load_main,day_ahead_planning
2025-12-15,35,06:00,861.8920833333333,897.0699999999999,2025-11-17;2025-11-24;2025-12-01;2025-12-08,False,35.17791666666665,causal_load_main,day_ahead_planning
2025-12-15,36,06:10,865.7147541666666,902.40865,2025-11-17;2025-11-24;2025-12-01;2025-12-08,False,36.693895833333386,causal_load_main,day_ahead_planning
2025-12-15,37,06:20,835.8654,903.6367499999999,2025-11-17;2025-11-24;2025-12-01;2025-12-08,False,67.77134999999987,causal_load_main,day_ahead_planning
2025-12-15,38,06:30,848.54,937.875,2025-11-17;2025-11-24;2025-12-01;2025-12-08,False,89.33500000000004,causal_load_main,day_ahead_planning
2025-12-15,39,06:40,859.548925,901.8431499999999,2025-11-17;2025-11-24;2025-12-01;2025-12-08,False,42.29422499999987,causal_load_main,day_ahead_planning
2025-12-15,40,06:50,854.6529041666668,867.8114333333333,2025-11-17;2025-11-24;2025-12-01;2025-12-08,False,13.15852916666654,causal_load_main,day_ahead_planning
2025-12-15,41,07:00,844.4345833333332,880.4266666666667,2025-11-17;2025-11-24;2025-12-01;2025-12-08,False,35.99208333333354,causal_load_main,day_ahead_planning
2025-12-15,42,07:10,847.7632083333333,908.3465166666666,2025-11-17;2025-11-24;2025-12-01;2025-12-08,False,60.58330833333332,causal_load_main,day_ahead_planning
2025-12-15,43,07:20,852.8848999999999,911.8804166666666,2025-11-17;2025-11-24;2025-12-01;2025-12-08,False,58.99551666666673,causal_load_main,day_ahead_planning
2025-12-15,44,07:30,839.1779166666665,882.5483333333333,2025-11-17;2025-11-24;2025-12-01;2025-12-08,False,43.370416666666756,causal_load_main,day_ahead_planning
2025-12-15,45,07:40,821.4924625,868.9648,2025-11-17;2025-11-24;2025-12-01;2025-12-08,False,47.47233749999998,causal_load_main,day_ahead_planning
2025-12-15,46,07:50,949.3269,1006.9960333333333,2025-11-17;2025-11-24;2025-12-01;2025-12-08,False,57.66913333333332,causal_load_main,day_ahead_planning
2025-12-15,47,08:00,1146.7904166666667,1199.875,2025-11-17;2025-11-24;2025-12-01;2025-12-08,False,53.084583333333285,causal_load_main,day_ahead_planning
2025-12-15,48,08:10,1171.6292208333332,1197.1715333333332,2025-11-17;2025-11-24;2025-12-01;2025-12-08,False,25.54231249999998,causal_load_main,day_ahead_planning
2025-12-15,49,08:20,1146.416775,1144.2750166666665,2025-11-17;2025-11-24;2025-12-01;2025-12-08,False,2.141758333333428,causal_load_main,day_ahead_planning
2025-12-15,50,08:30,1151.935,1154.4499999999998,2025-11-17;2025-11-24;2025-12-01;2025-12-08,False,2.5149999999998727,causal_load_main,day_ahead_planning
2025-12-15,51,08:40,1146.3915416666666,1196.570783333333,2025-11-17;2025-11-24;2025-12-01;2025-12-08,False,50.179241666666485,causal_load_main,day_ahead_planning
2025-12-15,52,08:50,1140.0776125,1200.8518666666666,2025-11-17;2025-11-24;2025-12-01;2025-12-08,False,60.77425416666665,causal_load_main,day_ahead_planning
2025-12-15,53,09:00,1135.0445833333333,1166.9666666666667,2025-11-17;2025-11-24;2025-12-01;2025-12-08,False,31.922083333333376,causal_load_main,day_ahead_planning
2025-12-15,54,09:10,1120.5572708333334,1154.9046333333333,2025-11-17;2025-11-24;2025-12-01;2025-12-08,False,34.34736249999992,causal_load_main,day_ahead_planning
2025-12-15,55,09:20,1123.9400999999998,1155.7985999999999,2025-11-17;2025-11-24;2025-12-01;2025-12-08,False,31.85850000000005,causal_load_main,day_ahead_planning
2025-12-15,56,09:30,1141.1374999999998,1153.8666666666666,2025-11-17;2025-11-24;2025-12-01;2025-12-08,False,12.729166666666742,causal_load_main,day_ahead_planning
2025-12-15,57,09:40,1140.7038083333332,1147.2653833333334,2025-11-17;2025-11-24;2025-12-01;2025-12-08,False,6.561575000000175,causal_load_main,day_ahead_planning
2025-12-15,58,09:50,1144.676175,1145.8582333333334,2025-11-17;2025-11-24;2025-12-01;2025-12-08,False,1.1820583333333161,causal_load_main,day_ahead_planning
2025-12-15,59,10:00,1153.9566666666665,1175.1466666666665,2025-11-17;2025-11-24;2025-12-01;2025-12-08,False,21.190000000000055,causal_load_main,day_ahead_planning
2025-12-15,60,10:10,1144.3641708333332,1241.8825333333332,2025-11-17;2025-11-24;2025-12-01;2025-12-08,False,97.51836249999997,causal_load_main,day_ahead_planning
2025-12-15,61,10:20,1130.7097583333332,1233.2408833333334,2025-11-17;2025-11-24;2025-12-01;2025-12-08,False,102.5311250000002,causal_load_main,day_ahead_planning
2025-12-15,62,10:30,1126.40375,1160.0833333333333,2025-11-17;2025-11-24;2025-12-01;2025-12-08,False,33.67958333333331,causal_load_main,day_ahead_planning
2025-12-15,63,10:40,1128.6174125,1143.139,2025-11-17;2025-11-24;2025-12-01;2025-12-08,False,14.521587499999896,causal_load_main,day_ahead_planning
2025-12-15,64,10:50,1117.1983458333334,1131.7022666666667,2025-11-17;2025-11-24;2025-12-01;2025-12-08,False,14.503920833333268,causal_load_main,day_ahead_planning
2025-12-15,65,11:00,1101.9299999999998,1121.1133333333332,2025-11-17;2025-11-24;2025-12-01;2025-12-08,False,19.183333333333394,causal_load_main,day_ahead_planning
2025-12-15,66,11:10,1110.9720874999998,1164.6877,2025-11-17;2025-11-24;2025-12-01;2025-12-08,False,53.715612500000134,causal_load_main,day_ahead_planning
2025-12-15,67,11:20,1111.5051666666666,1188.5803833333332,2025-11-17;2025-11-24;2025-12-01;2025-12-08,False,77.07521666666662,causal_load_main,day_ahead_planning
2025-12-15,68,11:30,1102.3241666666665,1161.54,2025-11-17;2025-11-24;2025-12-01;2025-12-08,False,59.21583333333342,causal_load_main,day_ahead_planning
2025-12-15,69,11:40,1109.5587833333332,1122.4989333333333,2025-11-17;2025-11-24;2025-12-01;2025-12-08,False,12.94015000000013,causal_load_main,day_ahead_planning
2025-12-15,70,11:50,1083.3202458333333,1089.2509166666666,2025-11-17;2025-11-24;2025-12-01;2025-12-08,False,5.930670833333352,causal_load_main,day_ahead_planning
2025-12-15,71,12:00,1035.6379166666666,1065.36,2025-11-17;2025-11-24;2025-12-01;2025-12-08,False,29.72208333333333,causal_load_main,day_ahead_planning
2025-12-15,72,12:10,1034.0274791666666,1049.4941666666666,2025-11-17;2025-11-24;2025-12-01;2025-12-08,False,15.466687500000035,causal_load_main,day_ahead_planning
2025-12-15,73,12:20,1043.5645583333333,1052.2751333333333,2025-11-17;2025-11-24;2025-12-01;2025-12-08,False,8.710575000000063,causal_load_main,day_ahead_planning
2025-12-15,74,12:30,1034.2575,1066.2716666666665,2025-11-17;2025-11-24;2025-12-01;2025-12-08,False,32.0141666666666,causal_load_main,day_ahead_planning
2025-12-15,75,12:40,1017.6824958333334,1072.0250166666665,2025-11-17;2025-11-24;2025-12-01;2025-12-08,False,54.34252083333308,causal_load_main,day_ahead_planning
2025-12-15,76,12:50,1042.3651875,1085.1842666666666,2025-11-17;2025-11-24;2025-12-01;2025-12-08,False,42.8190791666666,causal_load_main,day_ahead_planning
2025-12-15,77,13:00,1084.4708333333333,1100.7333333333331,2025-11-17;2025-11-24;2025-12-01;2025-12-08,False,16.262499999999818,causal_load_main,day_ahead_planning
2025-12-15,78,13:10,1071.7930708333333,1094.1707666666666,2025-11-17;2025-11-24;2025-12-01;2025-12-08,False,22.37769583333329,causal_load_main,day_ahead_planning
2025-12-15,79,13:20,1060.6550458333331,1081.3986666666665,2025-11-17;2025-11-24;2025-12-01;2025-12-08,False,20.743620833333352,causal_load_main,day_ahead_planning
2025-12-15,80,13:30,1072.3166666666666,1080.7266666666665,2025-11-17;2025-11-24;2025-12-01;2025-12-08,False,8.409999999999854,causal_load_main,day_ahead_planning
2025-12-15,81,13:40,1070.2070125,1092.0665,2025-11-17;2025-11-24;2025-12-01;2025-12-08,False,21.859487499999886,causal_load_main,day_ahead_planning
2025-12-15,82,13:50,1058.7594958333334,1076.7716666666665,2025-11-17;2025-11-24;2025-12-01;2025-12-08,False,18.01217083333313,causal_load_main,day_ahead_planning
2025-12-15,83,14:00,1052.8083333333334,1053.885,2025-11-17;2025-11-24;2025-12-01;2025-12-08,False,1.076666666666597,causal_load_main,day_ahead_planning
2025-12-15,84,14:10,1059.6769875,1077.692,2025-11-17;2025-11-24;2025-12-01;2025-12-08,False,18.01501250000001,causal_load_main,day_ahead_planning
2025-12-15,85,14:20,1059.7885833333332,1078.7034166666667,2025-11-17;2025-11-24;2025-12-01;2025-12-08,False,18.91483333333349,causal_load_main,day_ahead_planning
2025-12-15,86,14:30,1043.87,1051.695,2025-11-17;2025-11-24;2025-12-01;2025-12-08,False,7.8250000000000455,causal_load_main,day_ahead_planning
2025-12-15,87,14:40,1023.7030749999999,1063.1407166666665,2025-11-17;2025-11-24;2025-12-01;2025-12-08,False,39.43764166666665,causal_load_main,day_ahead_planning
2025-12-15,88,14:50,1025.6242,1083.6813,2025-11-17;2025-11-24;2025-12-01;2025-12-08,False,58.05709999999999,causal_load_main,day_ahead_planning
2025-12-15,89,15:00,1043.5679166666664,1085.4383333333333,2025-11-17;2025-11-24;2025-12-01;2025-12-08,False,41.87041666666687,causal_load_main,day_ahead_planning
2025-12-15,90,15:10,1047.00895,1072.7532666666666,2025-11-17;2025-11-24;2025-12-01;2025-12-08,False,25.74431666666669,causal_load_main,day_ahead_planning
2025-12-15,91,15:20,1049.7878958333333,1071.1782333333333,2025-11-17;2025-11-24;2025-12-01;2025-12-08,False,21.390337499999987,causal_load_main,day_ahead_planning
2025-12-15,92,15:30,1049.7370833333332,1072.7133333333331,2025-11-17;2025-11-24;2025-12-01;2025-12-08,False,22.976249999999936,causal_load_main,day_ahead_planning
2025-12-15,93,15:40,1029.024175,1050.0276666666666,2025-11-17;2025-11-24;2025-12-01;2025-12-08,False,21.003491666666605,causal_load_main,day_ahead_planning
2025-12-15,94,15:50,1015.8314041666666,1049.5569166666667,2025-11-17;2025-11-24;2025-12-01;2025-12-08,False,33.725512500000036,causal_load_main,day_ahead_planning
2025-12-15,95,16:00,1020.5304166666665,1064.6283333333333,2025-11-17;2025-11-24;2025-12-01;2025-12-08,False,44.09791666666683,causal_load_main,day_ahead_planning
2025-12-15,96,16:10,1025.6529333333333,1040.2649999999999,2025-11-17;2025-11-24;2025-12-01;2025-12-08,False,14.612066666666578,causal_load_main,day_ahead_planning
2025-12-15,97,16:20,1021.5975041666666,1014.8396333333333,2025-11-17;2025-11-24;2025-12-01;2025-12-08,False,6.7578708333333,causal_load_main,day_ahead_planning
2025-12-15,98,16:30,1018.3704166666666,1020.6166666666666,2025-11-17;2025-11-24;2025-12-01;2025-12-08,False,2.246249999999918,causal_load_main,day_ahead_planning
2025-12-15,99,16:40,1032.6674666666665,1047.3962166666665,2025-11-17;2025-11-24;2025-12-01;2025-12-08,False,14.728749999999991,causal_load_main,day_ahead_planning
2025-12-15,100,16:50,1039.8271708333332,1039.6226166666665,2025-11-17;2025-11-24;2025-12-01;2025-12-08,False,0.2045541666666395,causal_load_main,day_ahead_planning
2025-12-15,101,17:00,1030.75875,1011.6083333333332,2025-11-17;2025-11-24;2025-12-01;2025-12-08,False,19.15041666666673,causal_load_main,day_ahead_planning
2025-12-15,102,17:10,1018.736625,1028.5154,2025-11-17;2025-11-24;2025-12-01;2025-12-08,False,9.778774999999996,causal_load_main,day_ahead_planning
2025-12-15,103,17:20,1003.4495,1039.2312499999998,2025-11-17;2025-11-24;2025-12-01;2025-12-08,False,35.781749999999874,causal_load_main,day_ahead_planning
2025-12-15,104,17:30,1011.7166666666665,1049.7216666666666,2025-11-17;2025-11-24;2025-12-01;2025-12-08,False,38.00500000000011,causal_load_main,day_ahead_planning
2025-12-15,105,17:40,1048.34585,1086.9876666666667,2025-11-17;2025-11-24;2025-12-01;2025-12-08,False,38.64181666666673,causal_load_main,day_ahead_planning
2025-12-15,106,17:50,920.7188291666666,930.8612666666666,2025-11-17;2025-11-24;2025-12-01;2025-12-08,False,10.142437499999915,causal_load_main,day_ahead_planning
2025-12-15,107,18:00,702.1954166666667,681.39,2025-11-17;2025-11-24;2025-12-01;2025-12-08,False,20.8054166666667,causal_load_main,day_ahead_planning
2025-12-15,108,18:10,676.7836,681.7131666666667,2025-11-17;2025-11-24;2025-12-01;2025-12-08,False,4.9295666666666875,causal_load_main,day_ahead_planning
2025-12-15,109,18:20,714.4264999999999,725.7594666666666,2025-11-17;2025-11-24;2025-12-01;2025-12-08,False,11.33296666666672,causal_load_main,day_ahead_planning
2025-12-15,110,18:30,715.3804166666666,699.7866666666666,2025-11-17;2025-11-24;2025-12-01;2025-12-08,False,15.59375,causal_load_main,day_ahead_planning
2025-12-15,111,18:40,713.0774208333333,701.3608833333333,2025-11-17;2025-11-24;2025-12-01;2025-12-08,False,11.716537500000072,causal_load_main,day_ahead_planning
2025-12-15,112,18:50,723.5198041666666,736.6640833333332,2025-11-17;2025-11-24;2025-12-01;2025-12-08,False,13.144279166666593,causal_load_main,day_ahead_planning
2025-12-15,113,19:00,735.4712499999999,757.8633333333333,2025-11-17;2025-11-24;2025-12-01;2025-12-08,False,22.392083333333403,causal_load_main,day_ahead_planning
2025-12-15,114,19:10,725.9693458333334,719.8225666666667,2025-11-17;2025-11-24;2025-12-01;2025-12-08,False,6.146779166666647,causal_load_main,day_ahead_planning
2025-12-15,115,19:20,710.4044708333333,698.8341333333333,2025-11-17;2025-11-24;2025-12-01;2025-12-08,False,11.57033750000005,causal_load_main,day_ahead_planning
2025-12-15,116,19:30,708.7045833333333,716.41,2025-11-17;2025-11-24;2025-12-01;2025-12-08,False,7.705416666666679,causal_load_main,day_ahead_planning
2025-12-15,117,19:40,726.5533999999999,723.05485,2025-11-17;2025-11-24;2025-12-01;2025-12-08,False,3.4985499999999092,causal_load_main,day_ahead_planning
2025-12-15,118,19:50,735.1129166666666,726.1469333333332,2025-11-17;2025-11-24;2025-12-01;2025-12-08,False,8.965983333333384,causal_load_main,day_ahead_planning
2025-12-15,119,20:00,726.8562499999999,727.6466666666666,2025-11-17;2025-11-24;2025-12-01;2025-12-08,False,0.7904166666667152,causal_load_main,day_ahead_planning
2025-12-15,120,20:10,721.2104124999998,719.0054,2025-11-17;2025-11-24;2025-12-01;2025-12-08,False,2.205012499999839,causal_load_main,day_ahead_planning
2025-12-15,121,20:20,725.4252708333333,729.7251666666666,2025-11-17;2025-11-24;2025-12-01;2025-12-08,False,4.299895833333267,causal_load_main,day_ahead_planning
2025-12-15,122,20:30,732.9379166666665,748.6700000000001,2025-11-17;2025-11-24;2025-12-01;2025-12-08,False,15.732083333333549,causal_load_main,day_ahead_planning
2025-12-15,123,20:40,731.4542624999999,734.0554333333332,2025-11-17;2025-11-24;2025-12-01;2025-12-08,False,2.601170833333299,causal_load_main,day_ahead_planning
2025-12-15,124,20:50,727.2103791666666,720.9855666666667,2025-11-17;2025-11-24;2025-12-01;2025-12-08,False,6.224812499999871,causal_load_main,day_ahead_planning
2025-12-15,125,21:00,724.2333333333333,718.2916666666666,2025-11-17;2025-11-24;2025-12-01;2025-12-08,False,5.94166666666672,causal_load_main,day_ahead_planning
2025-12-15,126,21:10,720.1571708333333,700.0415333333333,2025-11-17;2025-11-24;2025-12-01;2025-12-08,False,20.115637500000048,causal_load_main,day_ahead_planning
2025-12-15,127,21:20,715.457025,685.3971833333333,2025-11-17;2025-11-24;2025-12-01;2025-12-08,False,30.059841666666784,causal_load_main,day_ahead_planning
2025-12-15,128,21:30,724.7716666666665,704.2616666666665,2025-11-17;2025-11-24;2025-12-01;2025-12-08,False,20.50999999999999,causal_load_main,day_ahead_planning
2025-12-15,129,21:40,748.0461041666667,749.0857333333333,2025-11-17;2025-11-24;2025-12-01;2025-12-08,False,1.0396291666666002,causal_load_main,day_ahead_planning
2025-12-15,130,21:50,680.4660791666666,676.5154333333332,2025-11-17;2025-11-24;2025-12-01;2025-12-08,False,3.9506458333333967,causal_load_main,day_ahead_planning
2025-12-15,131,22:00,562.0441666666666,533.3333333333333,2025-11-17;2025-11-24;2025-12-01;2025-12-08,False,28.710833333333312,causal_load_main,day_ahead_planning
2025-12-15,132,22:10,545.3649958333333,519.49295,2025-11-17;2025-11-24;2025-12-01;2025-12-08,False,25.872045833333345,causal_load_main,day_ahead_planning
2025-12-15,133,22:20,552.7722208333333,554.9157499999999,2025-11-17;2025-11-24;2025-12-01;2025-12-08,False,2.1435291666665535,causal_load_main,day_ahead_planning
2025-12-15,134,22:30,541.0216666666665,568.7233333333334,2025-11-17;2025-11-24;2025-12-01;2025-12-08,False,27.701666666666824,causal_load_main,day_ahead_planning
2025-12-15,135,22:40,547.2857083333333,571.9759833333333,2025-11-17;2025-11-24;2025-12-01;2025-12-08,False,24.69027499999993,causal_load_main,day_ahead_planning
2025-12-15,136,22:50,556.1180708333334,576.2036166666667,2025-11-17;2025-11-24;2025-12-01;2025-12-08,False,20.0855458333333,causal_load_main,day_ahead_planning
2025-12-15,137,23:00,563.5545833333333,578.4433333333333,2025-11-17;2025-11-24;2025-12-01;2025-12-08,False,14.888749999999959,causal_load_main,day_ahead_planning
2025-12-15,138,23:10,580.2710249999999,570.6441666666666,2025-11-17;2025-11-24;2025-12-01;2025-12-08,False,9.626858333333303,causal_load_main,day_ahead_planning
2025-12-15,139,23:20,575.1403541666666,577.6433499999999,2025-11-17;2025-11-24;2025-12-01;2025-12-08,False,2.5029958333333298,causal_load_main,day_ahead_planning
2025-12-15,140,23:30,558.8516666666667,595.9966666666667,2025-11-17;2025-11-24;2025-12-01;2025-12-08,False,37.14499999999998,causal_load_main,day_ahead_planning
2025-12-15,141,23:40,573.7512791666666,594.3627166666666,2025-11-17;2025-11-24;2025-12-01;2025-12-08,False,20.61143750000008,causal_load_main,day_ahead_planning
2025-12-15,142,23:50,580.9128291666666,576.7070166666666,2025-11-17;2025-11-24;2025-12-01;2025-12-08,False,4.205812499999979,causal_load_main,day_ahead_planning
2025-12-15,143,0:00+1,572.7079166666666,562.5766666666666,2025-11-17;2025-11-24;2025-12-01;2025-12-08,False,10.131250000000023,causal_load_main,day_ahead_planning
2025-12-16,0,00:10,582.1440083333333,572.4185,2025-11-18;2025-11-25;2025-12-02;2025-12-09,False,9.725508333333323,causal_load_main,day_ahead_planning
2025-12-16,1,00:20,596.2975458333333,603.9423166666666,2025-11-18;2025-11-25;2025-12-02;2025-12-09,False,7.6447708333332685,causal_load_main,day_ahead_planning
2025-12-16,2,00:30,597.0091666666667,627.9983333333332,2025-11-18;2025-11-25;2025-12-02;2025-12-09,False,30.989166666666506,causal_load_main,day_ahead_planning
2025-12-16,3,00:40,581.6046666666666,613.2955,2025-11-18;2025-11-25;2025-12-02;2025-12-09,False,31.69083333333333,causal_load_main,day_ahead_planning
2025-12-16,4,00:50,580.4300041666665,602.0573999999999,2025-11-18;2025-11-25;2025-12-02;2025-12-09,False,21.627395833333367,causal_load_main,day_ahead_planning
2025-12-16,5,01:00,594.7408333333333,601.8249999999999,2025-11-18;2025-11-25;2025-12-02;2025-12-09,False,7.084166666666647,causal_load_main,day_ahead_planning
2025-12-16,6,01:10,598.0217916666666,586.1623833333333,2025-11-18;2025-11-25;2025-12-02;2025-12-09,False,11.85940833333325,causal_load_main,day_ahead_planning
2025-12-16,7,01:20,600.9684625,602.3496833333334,2025-11-18;2025-11-25;2025-12-02;2025-12-09,False,1.3812208333333729,causal_load_main,day_ahead_planning
2025-12-16,8,01:30,606.0891666666665,635.9399999999999,2025-11-18;2025-11-25;2025-12-02;2025-12-09,False,29.850833333333412,causal_load_main,day_ahead_planning
2025-12-16,9,01:40,603.9122791666667,622.17165,2025-11-18;2025-11-25;2025-12-02;2025-12-09,False,18.259370833333264,causal_load_main,day_ahead_planning
2025-12-16,10,01:50,607.6435541666666,615.2198166666667,2025-11-18;2025-11-25;2025-12-02;2025-12-09,False,7.576262500000098,causal_load_main,day_ahead_planning
2025-12-16,11,02:00,613.5820833333333,636.8299999999999,2025-11-18;2025-11-25;2025-12-02;2025-12-09,False,23.247916666666583,causal_load_main,day_ahead_planning
2025-12-16,12,02:10,605.3974333333333,651.7603833333333,2025-11-18;2025-11-25;2025-12-02;2025-12-09,False,46.362949999999955,causal_load_main,day_ahead_planning
2025-12-16,13,02:20,606.1236041666666,649.5647833333333,2025-11-18;2025-11-25;2025-12-02;2025-12-09,False,43.44117916666664,causal_load_main,day_ahead_planning
2025-12-16,14,02:30,621.4004166666666,638.9866666666667,2025-11-18;2025-11-25;2025-12-02;2025-12-09,False,17.586250000000064,causal_load_main,day_ahead_planning
2025-12-16,15,02:40,632.7785666666666,636.6899833333333,2025-11-18;2025-11-25;2025-12-02;2025-12-09,False,3.911416666666696,causal_load_main,day_ahead_planning
2025-12-16,16,02:50,635.5384791666667,641.90885,2025-11-18;2025-11-25;2025-12-02;2025-12-09,False,6.370370833333368,causal_load_main,day_ahead_planning
2025-12-16,17,03:00,631.9741666666666,651.1949999999999,2025-11-18;2025-11-25;2025-12-02;2025-12-09,False,19.220833333333303,causal_load_main,day_ahead_planning
2025-12-16,18,03:10,628.1211416666665,663.0762833333333,2025-11-18;2025-11-25;2025-12-02;2025-12-09,False,34.955141666666805,causal_load_main,day_ahead_planning
2025-12-16,19,03:20,631.4705208333332,676.1867833333333,2025-11-18;2025-11-25;2025-12-02;2025-12-09,False,44.716262500000084,causal_load_main,day_ahead_planning
2025-12-16,20,03:30,640.8824999999999,676.4849999999999,2025-11-18;2025-11-25;2025-12-02;2025-12-09,False,35.602499999999964,causal_load_main,day_ahead_planning
2025-12-16,21,03:40,646.6647333333333,651.1437333333333,2025-11-18;2025-11-25;2025-12-02;2025-12-09,False,4.479000000000042,causal_load_main,day_ahead_planning
2025-12-16,22,03:50,641.5689583333333,641.12695,2025-11-18;2025-11-25;2025-12-02;2025-12-09,False,0.44200833333331957,causal_load_main,day_ahead_planning
2025-12-16,23,04:00,637.6920833333334,660.1416666666667,2025-11-18;2025-11-25;2025-12-02;2025-12-09,False,22.449583333333294,causal_load_main,day_ahead_planning
2025-12-16,24,04:10,651.4236166666666,684.2999833333333,2025-11-18;2025-11-25;2025-12-02;2025-12-09,False,32.87636666666674,causal_load_main,day_ahead_planning
2025-12-16,25,04:20,644.6503958333333,702.9162666666666,2025-11-18;2025-11-25;2025-12-02;2025-12-09,False,58.26587083333334,causal_load_main,day_ahead_planning
2025-12-16,26,04:30,630.7183333333332,713.7333333333332,2025-11-18;2025-11-25;2025-12-02;2025-12-09,False,83.01499999999999,causal_load_main,day_ahead_planning
2025-12-16,27,04:40,659.0242999999999,715.57015,2025-11-18;2025-11-25;2025-12-02;2025-12-09,False,56.54585000000009,causal_load_main,day_ahead_planning
2025-12-16,28,04:50,665.9572458333332,694.3600833333333,2025-11-18;2025-11-25;2025-12-02;2025-12-09,False,28.402837500000032,causal_load_main,day_ahead_planning
2025-12-16,29,05:00,648.7179166666666,667.48,2025-11-18;2025-11-25;2025-12-02;2025-12-09,False,18.762083333333408,causal_load_main,day_ahead_planning
2025-12-16,30,05:10,666.1614249999999,673.7545666666666,2025-11-18;2025-11-25;2025-12-02;2025-12-09,False,7.593141666666725,causal_load_main,day_ahead_planning
2025-12-16,31,05:20,667.2531833333334,698.2351999999998,2025-11-18;2025-11-25;2025-12-02;2025-12-09,False,30.982016666666482,causal_load_main,day_ahead_planning
2025-12-16,32,05:30,632.0520833333333,696.245,2025-11-18;2025-11-25;2025-12-02;2025-12-09,False,64.19291666666675,causal_load_main,day_ahead_planning
2025-12-16,33,05:40,612.3097416666667,655.85995,2025-11-18;2025-11-25;2025-12-02;2025-12-09,False,43.55020833333333,causal_load_main,day_ahead_planning
2025-12-16,34,05:50,701.2051958333332,747.6041,2025-11-18;2025-11-25;2025-12-02;2025-12-09,False,46.39890416666685,causal_load_main,day_ahead_planning
2025-12-16,35,06:00,839.3325,910.7483333333332,2025-11-18;2025-11-25;2025-12-02;2025-12-09,False,71.41583333333324,causal_load_main,day_ahead_planning
2025-12-16,36,06:10,864.9429,909.8347666666666,2025-11-18;2025-11-25;2025-12-02;2025-12-09,False,44.8918666666666,causal_load_main,day_ahead_planning
2025-12-16,37,06:20,852.4835125,908.48105,2025-11-18;2025-11-25;2025-12-02;2025-12-09,False,55.99753750000002,causal_load_main,day_ahead_planning
2025-12-16,38,06:30,855.7395833333333,941.7666666666667,2025-11-18;2025-11-25;2025-12-02;2025-12-09,False,86.0270833333334,causal_load_main,day_ahead_planning
2025-12-16,39,06:40,853.3490416666666,880.2630666666666,2025-11-18;2025-11-25;2025-12-02;2025-12-09,False,26.914025000000038,causal_load_main,day_ahead_planning
2025-12-16,40,06:50,848.8105666666665,854.5414499999999,2025-11-18;2025-11-25;2025-12-02;2025-12-09,False,5.730883333333395,causal_load_main,day_ahead_planning
2025-12-16,41,07:00,840.74375,894.9499999999999,2025-11-18;2025-11-25;2025-12-02;2025-12-09,False,54.206249999999955,causal_load_main,day_ahead_planning
2025-12-16,42,07:10,826.5417458333333,898.1866833333333,2025-11-18;2025-11-25;2025-12-02;2025-12-09,False,71.64493750000008,causal_load_main,day_ahead_planning
2025-12-16,43,07:20,843.1832416666666,894.5898166666666,2025-11-18;2025-11-25;2025-12-02;2025-12-09,False,51.406574999999975,causal_load_main,day_ahead_planning
2025-12-16,44,07:30,858.7733333333333,885.6066666666667,2025-11-18;2025-11-25;2025-12-02;2025-12-09,False,26.83333333333337,causal_load_main,day_ahead_planning
2025-12-16,45,07:40,827.9329624999999,859.6509833333332,2025-11-18;2025-11-25;2025-12-02;2025-12-09,False,31.7180208333333,causal_load_main,day_ahead_planning
2025-12-16,46,07:50,952.36365,996.0877,2025-11-18;2025-11-25;2025-12-02;2025-12-09,False,43.724050000000034,causal_load_main,day_ahead_planning
2025-12-16,47,08:00,1164.4870833333334,1215.7366666666667,2025-11-18;2025-11-25;2025-12-02;2025-12-09,False,51.24958333333325,causal_load_main,day_ahead_planning
2025-12-16,48,08:10,1177.1030875,1237.0374,2025-11-18;2025-11-25;2025-12-02;2025-12-09,False,59.93431250000003,causal_load_main,day_ahead_planning
2025-12-16,49,08:20,1144.3923249999998,1191.3089333333332,2025-11-18;2025-11-25;2025-12-02;2025-12-09,False,46.91660833333344,causal_load_main,day_ahead_planning
2025-12-16,50,08:30,1157.07875,1190.1966666666667,2025-11-18;2025-11-25;2025-12-02;2025-12-09,False,33.117916666666815,causal_load_main,day_ahead_planning
2025-12-16,51,08:40,1150.2910916666665,1211.0121833333333,2025-11-18;2025-11-25;2025-12-02;2025-12-09,False,60.72109166666678,causal_load_main,day_ahead_planning
2025-12-16,52,08:50,1144.9976749999998,1202.0016333333333,2025-11-18;2025-11-25;2025-12-02;2025-12-09,False,57.00395833333346,causal_load_main,day_ahead_planning
2025-12-16,53,09:00,1149.7041666666664,1178.3733333333332,2025-11-18;2025-11-25;2025-12-02;2025-12-09,False,28.669166666666797,causal_load_main,day_ahead_planning
2025-12-16,54,09:10,1142.5612708333333,1195.4011166666664,2025-11-18;2025-11-25;2025-12-02;2025-12-09,False,52.83984583333313,causal_load_main,day_ahead_planning
2025-12-16,55,09:20,1124.3202749999998,1181.8526,2025-11-18;2025-11-25;2025-12-02;2025-12-09,False,57.53232500000013,causal_load_main,day_ahead_planning
2025-12-16,56,09:30,1113.8441666666668,1138.6149999999998,2025-11-18;2025-11-25;2025-12-02;2025-12-09,False,24.77083333333303,causal_load_main,day_ahead_planning
2025-12-16,57,09:40,1127.700158333333,1143.88715,2025-11-18;2025-11-25;2025-12-02;2025-12-09,False,16.186991666666927,causal_load_main,day_ahead_planning
2025-12-16,58,09:50,1127.3048,1168.0293333333334,2025-11-18;2025-11-25;2025-12-02;2025-12-09,False,40.72453333333351,causal_load_main,day_ahead_planning
2025-12-16,59,10:00,1112.51625,1178.3583333333331,2025-11-18;2025-11-25;2025-12-02;2025-12-09,False,65.84208333333322,causal_load_main,day_ahead_planning
2025-12-16,60,10:10,1121.5073416666664,1170.2906333333333,2025-11-18;2025-11-25;2025-12-02;2025-12-09,False,48.783291666666855,causal_load_main,day_ahead_planning
2025-12-16,61,10:20,1136.57915,1151.88275,2025-11-18;2025-11-25;2025-12-02;2025-12-09,False,15.30359999999996,causal_load_main,day_ahead_planning
2025-12-16,62,10:30,1132.7029166666666,1145.4733333333334,2025-11-18;2025-11-25;2025-12-02;2025-12-09,False,12.770416666666733,causal_load_main,day_ahead_planning
2025-12-16,63,10:40,1104.9711375,1169.0108166666666,2025-11-18;2025-11-25;2025-12-02;2025-12-09,False,64.0396791666667,causal_load_main,day_ahead_planning
2025-12-16,64,10:50,1097.7909958333332,1179.2242833333332,2025-11-18;2025-11-25;2025-12-02;2025-12-09,False,81.4332875,causal_load_main,day_ahead_planning
2025-12-16,65,11:00,1115.1220833333332,1161.3633333333332,2025-11-18;2025-11-25;2025-12-02;2025-12-09,False,46.241250000000036,causal_load_main,day_ahead_planning
2025-12-16,66,11:10,1117.3713041666665,1145.4751666666666,2025-11-18;2025-11-25;2025-12-02;2025-12-09,False,28.103862500000105,causal_load_main,day_ahead_planning
2025-12-16,67,11:20,1102.1569,1162.86305,2025-11-18;2025-11-25;2025-12-02;2025-12-09,False,60.70614999999998,causal_load_main,day_ahead_planning
2025-12-16,68,11:30,1091.4083333333333,1196.1566666666665,2025-11-18;2025-11-25;2025-12-02;2025-12-09,False,104.74833333333322,causal_load_main,day_ahead_planning
2025-12-16,69,11:40,1101.5529208333332,1192.1100333333334,2025-11-18;2025-11-25;2025-12-02;2025-12-09,False,90.55711250000013,causal_load_main,day_ahead_planning
2025-12-16,70,11:50,1073.3643333333332,1148.581,2025-11-18;2025-11-25;2025-12-02;2025-12-09,False,75.2166666666667,causal_load_main,day_ahead_planning
2025-12-16,71,12:00,1021.1858333333332,1090.1133333333332,2025-11-18;2025-11-25;2025-12-02;2025-12-09,False,68.92750000000001,causal_load_main,day_ahead_planning
2025-12-16,72,12:10,1022.3296791666667,1051.3697166666666,2025-11-18;2025-11-25;2025-12-02;2025-12-09,False,29.040037499999926,causal_load_main,day_ahead_planning
2025-12-16,73,12:20,1037.1714041666664,1052.1070666666665,2025-11-18;2025-11-25;2025-12-02;2025-12-09,False,14.935662500000035,causal_load_main,day_ahead_planning
2025-12-16,74,12:30,1035.7283333333335,1065.5933333333332,2025-11-18;2025-11-25;2025-12-02;2025-12-09,False,29.86499999999978,causal_load_main,day_ahead_planning
2025-12-16,75,12:40,1030.5677458333334,1046.8691666666666,2025-11-18;2025-11-25;2025-12-02;2025-12-09,False,16.301420833333168,causal_load_main,day_ahead_planning
2025-12-16,76,12:50,1043.511225,1045.6212333333333,2025-11-18;2025-11-25;2025-12-02;2025-12-09,False,2.110008333333326,causal_load_main,day_ahead_planning
2025-12-16,77,13:00,1067.0929166666665,1069.5433333333333,2025-11-18;2025-11-25;2025-12-02;2025-12-09,False,2.450416666666797,causal_load_main,day_ahead_planning
2025-12-16,78,13:10,1073.6580458333333,1074.4208833333332,2025-11-18;2025-11-25;2025-12-02;2025-12-09,False,0.7628374999999323,causal_load_main,day_ahead_planning
2025-12-16,79,13:20,1078.2539708333331,1072.44585,2025-11-18;2025-11-25;2025-12-02;2025-12-09,False,5.808120833333078,causal_load_main,day_ahead_planning
2025-12-16,80,13:30,1079.8179166666664,1080.3833333333332,2025-11-18;2025-11-25;2025-12-02;2025-12-09,False,0.5654166666668061,causal_load_main,day_ahead_planning
2025-12-16,81,13:40,1063.3733791666666,1100.3164666666667,2025-11-18;2025-11-25;2025-12-02;2025-12-09,False,36.94308750000005,causal_load_main,day_ahead_planning
2025-12-16,82,13:50,1064.6082666666666,1116.7168166666665,2025-11-18;2025-11-25;2025-12-02;2025-12-09,False,52.10854999999992,causal_load_main,day_ahead_planning
2025-12-16,83,14:00,1082.27875,1111.955,2025-11-18;2025-11-25;2025-12-02;2025-12-09,False,29.676249999999982,causal_load_main,day_ahead_planning
2025-12-16,84,14:10,1077.1236999999999,1084.5491,2025-11-18;2025-11-25;2025-12-02;2025-12-09,False,7.4254000000000815,causal_load_main,day_ahead_planning
2025-12-16,85,14:20,1057.4455625,1085.379,2025-11-18;2025-11-25;2025-12-02;2025-12-09,False,27.933437499999854,causal_load_main,day_ahead_planning
2025-12-16,86,14:30,1045.0970833333333,1099.4299999999998,2025-11-18;2025-11-25;2025-12-02;2025-12-09,False,54.332916666666506,causal_load_main,day_ahead_planning
2025-12-16,87,14:40,1053.6929791666666,1063.9283999999998,2025-11-18;2025-11-25;2025-12-02;2025-12-09,False,10.235420833333137,causal_load_main,day_ahead_planning
2025-12-16,88,14:50,1060.3498541666665,1037.79785,2025-11-18;2025-11-25;2025-12-02;2025-12-09,False,22.55200416666662,causal_load_main,day_ahead_planning
2025-12-16,89,15:00,1053.4866666666667,1040.4916666666666,2025-11-18;2025-11-25;2025-12-02;2025-12-09,False,12.995000000000118,causal_load_main,day_ahead_planning
2025-12-16,90,15:10,1042.2666666666664,1034.9113499999999,2025-11-18;2025-11-25;2025-12-02;2025-12-09,False,7.3553166666665675,causal_load_main,day_ahead_planning
2025-12-16,91,15:20,1036.7111791666666,1039.3043166666666,2025-11-18;2025-11-25;2025-12-02;2025-12-09,False,2.5931375000000116,causal_load_main,day_ahead_planning
2025-12-16,92,15:30,1038.57375,1052.4816666666666,2025-11-18;2025-11-25;2025-12-02;2025-12-09,False,13.907916666666551,causal_load_main,day_ahead_planning
2025-12-16,93,15:40,1039.3788791666666,1048.20885,2025-11-18;2025-11-25;2025-12-02;2025-12-09,False,8.829970833333391,causal_load_main,day_ahead_planning
2025-12-16,94,15:50,1024.3649333333333,1036.1580999999999,2025-11-18;2025-11-25;2025-12-02;2025-12-09,False,11.793166666666593,causal_load_main,day_ahead_planning
2025-12-16,95,16:00,1013.67875,1032.8066666666666,2025-11-18;2025-11-25;2025-12-02;2025-12-09,False,19.12791666666658,causal_load_main,day_ahead_planning
2025-12-16,96,16:10,1040.8903791666667,1042.5055166666666,2025-11-18;2025-11-25;2025-12-02;2025-12-09,False,1.6151374999999462,causal_load_main,day_ahead_planning
2025-12-16,97,16:20,1050.7635083333332,1033.29765,2025-11-18;2025-11-25;2025-12-02;2025-12-09,False,17.465858333333244,causal_load_main,day_ahead_planning
2025-12-16,98,16:30,1035.0316666666668,1009.9866666666667,2025-11-18;2025-11-25;2025-12-02;2025-12-09,False,25.045000000000073,causal_load_main,day_ahead_planning
2025-12-16,99,16:40,1037.730175,1008.6115499999999,2025-11-18;2025-11-25;2025-12-02;2025-12-09,False,29.118625000000065,causal_load_main,day_ahead_planning
2025-12-16,100,16:50,1035.4380041666666,1008.6295833333334,2025-11-18;2025-11-25;2025-12-02;2025-12-09,False,26.80842083333323,causal_load_main,day_ahead_planning
2025-12-16,101,17:00,1023.9991666666666,1013.8716666666666,2025-11-18;2025-11-25;2025-12-02;2025-12-09,False,10.127500000000055,causal_load_main,day_ahead_planning
2025-12-16,102,17:10,1025.6480000000001,1046.90175,2025-11-18;2025-11-25;2025-12-02;2025-12-09,False,21.253749999999854,causal_load_main,day_ahead_planning
2025-12-16,103,17:20,1022.3559541666666,1053.0485999999999,2025-11-18;2025-11-25;2025-12-02;2025-12-09,False,30.692645833333245,causal_load_main,day_ahead_planning
2025-12-16,104,17:30,1025.4387499999998,1047.1383333333333,2025-11-18;2025-11-25;2025-12-02;2025-12-09,False,21.69958333333352,causal_load_main,day_ahead_planning
2025-12-16,105,17:40,1042.212125,1071.0308,2025-11-18;2025-11-25;2025-12-02;2025-12-09,False,28.818674999999985,causal_load_main,day_ahead_planning
2025-12-16,106,17:50,916.5335666666665,932.6347833333332,2025-11-18;2025-11-25;2025-12-02;2025-12-09,False,16.101216666666687,causal_load_main,day_ahead_planning
2025-12-16,107,18:00,719.4916666666667,718.31,2025-11-18;2025-11-25;2025-12-02;2025-12-09,False,1.1816666666667288,causal_load_main,day_ahead_planning
2025-12-16,108,18:10,697.054625,726.0326,2025-11-18;2025-11-25;2025-12-02;2025-12-09,False,28.977975000000015,causal_load_main,day_ahead_planning
2025-12-16,109,18:20,726.4273375,758.6729833333334,2025-11-18;2025-11-25;2025-12-02;2025-12-09,False,32.245645833333356,causal_load_main,day_ahead_planning
2025-12-16,110,18:30,722.7866666666667,721.515,2025-11-18;2025-11-25;2025-12-02;2025-12-09,False,1.2716666666667606,causal_load_main,day_ahead_planning
2025-12-16,111,18:40,725.2701708333333,717.8536833333333,2025-11-18;2025-11-25;2025-12-02;2025-12-09,False,7.4164875000000166,causal_load_main,day_ahead_planning
2025-12-16,112,18:50,736.0439166666666,724.98,2025-11-18;2025-11-25;2025-12-02;2025-12-09,False,11.063916666666614,causal_load_main,day_ahead_planning
2025-12-16,113,19:00,738.3870833333333,721.7466666666666,2025-11-18;2025-11-25;2025-12-02;2025-12-09,False,16.640416666666738,causal_load_main,day_ahead_planning
2025-12-16,114,19:10,720.4961833333333,721.1841999999999,2025-11-18;2025-11-25;2025-12-02;2025-12-09,False,0.6880166666666128,causal_load_main,day_ahead_planning
2025-12-16,115,19:20,720.6215958333332,730.2505666666666,2025-11-18;2025-11-25;2025-12-02;2025-12-09,False,9.62897083333337,causal_load_main,day_ahead_planning
2025-12-16,116,19:30,736.3704166666666,744.28,2025-11-18;2025-11-25;2025-12-02;2025-12-09,False,7.90958333333333,causal_load_main,day_ahead_planning
2025-12-16,117,19:40,727.5631333333333,746.8952833333333,2025-11-18;2025-11-25;2025-12-02;2025-12-09,False,19.332149999999956,causal_load_main,day_ahead_planning
2025-12-16,118,19:50,714.9818791666667,716.3745333333333,2025-11-18;2025-11-25;2025-12-02;2025-12-09,False,1.3926541666666026,causal_load_main,day_ahead_planning
2025-12-16,119,20:00,715.2479166666666,689.8999999999999,2025-11-18;2025-11-25;2025-12-02;2025-12-09,False,25.34791666666672,causal_load_main,day_ahead_planning
2025-12-16,120,20:10,722.4623041666666,726.3580166666667,2025-11-18;2025-11-25;2025-12-02;2025-12-09,False,3.8957125000000588,causal_load_main,day_ahead_planning
2025-12-16,121,20:20,721.5143625,735.9420666666666,2025-11-18;2025-11-25;2025-12-02;2025-12-09,False,14.427704166666672,causal_load_main,day_ahead_planning
2025-12-16,122,20:30,716.2133333333334,705.3316666666666,2025-11-18;2025-11-25;2025-12-02;2025-12-09,False,10.881666666666774,causal_load_main,day_ahead_planning
2025-12-16,123,20:40,723.9421125,710.94915,2025-11-18;2025-11-25;2025-12-02;2025-12-09,False,12.992962499999976,causal_load_main,day_ahead_planning
2025-12-16,124,20:50,732.8864541666666,731.9147166666667,2025-11-18;2025-11-25;2025-12-02;2025-12-09,False,0.9717374999999038,causal_load_main,day_ahead_planning
2025-12-16,125,21:00,735.55625,744.675,2025-11-18;2025-11-25;2025-12-02;2025-12-09,False,9.118749999999977,causal_load_main,day_ahead_planning
2025-12-16,126,21:10,736.5963708333333,746.05545,2025-11-18;2025-11-25;2025-12-02;2025-12-09,False,9.459079166666697,causal_load_main,day_ahead_planning
2025-12-16,127,21:20,741.6148,724.9982499999999,2025-11-18;2025-11-25;2025-12-02;2025-12-09,False,16.616550000000075,causal_load_main,day_ahead_planning
2025-12-16,128,21:30,752.6945833333334,719.0483333333333,2025-11-18;2025-11-25;2025-12-02;2025-12-09,False,33.64625000000012,causal_load_main,day_ahead_planning
2025-12-16,129,21:40,752.9134125,762.7222833333333,2025-11-18;2025-11-25;2025-12-02;2025-12-09,False,9.80887083333323,causal_load_main,day_ahead_planning
2025-12-16,130,21:50,669.8217958333333,687.1578,2025-11-18;2025-11-25;2025-12-02;2025-12-09,False,17.336004166666612,causal_load_main,day_ahead_planning
2025-12-16,131,22:00,552.5458333333333,545.9016666666666,2025-11-18;2025-11-25;2025-12-02;2025-12-09,False,6.644166666666706,causal_load_main,day_ahead_planning
2025-12-16,132,22:10,535.682425,564.6482833333333,2025-11-18;2025-11-25;2025-12-02;2025-12-09,False,28.965858333333358,causal_load_main,day_ahead_planning
2025-12-16,133,22:20,556.6957416666667,572.5098666666667,2025-11-18;2025-11-25;2025-12-02;2025-12-09,False,15.81412499999999,causal_load_main,day_ahead_planning
2025-12-16,134,22:30,562.6533333333333,525.6883333333333,2025-11-18;2025-11-25;2025-12-02;2025-12-09,False,36.96500000000003,causal_load_main,day_ahead_planning
2025-12-16,135,22:40,561.0146166666666,552.9548833333333,2025-11-18;2025-11-25;2025-12-02;2025-12-09,False,8.05973333333327,causal_load_main,day_ahead_planning
2025-12-16,136,22:50,559.0537666666667,562.5675166666666,2025-11-18;2025-11-25;2025-12-02;2025-12-09,False,3.513749999999959,causal_load_main,day_ahead_planning
2025-12-16,137,23:00,557.5570833333333,545.8666666666666,2025-11-18;2025-11-25;2025-12-02;2025-12-09,False,11.690416666666692,causal_load_main,day_ahead_planning
2025-12-16,138,23:10,553.8198916666665,589.1277166666666,2025-11-18;2025-11-25;2025-12-02;2025-12-09,False,35.30782500000009,causal_load_main,day_ahead_planning
2025-12-16,139,23:20,554.2499208333334,600.9952499999999,2025-11-18;2025-11-25;2025-12-02;2025-12-09,False,46.74532916666658,causal_load_main,day_ahead_planning
2025-12-16,140,23:30,566.7729166666667,570.4116666666666,2025-11-18;2025-11-25;2025-12-02;2025-12-09,False,3.638749999999959,causal_load_main,day_ahead_planning
2025-12-16,141,23:40,588.8547291666666,582.0489,2025-11-18;2025-11-25;2025-12-02;2025-12-09,False,6.805829166666626,causal_load_main,day_ahead_planning
2025-12-16,142,23:50,582.0222958333334,600.42275,2025-11-18;2025-11-25;2025-12-02;2025-12-09,False,18.400454166666577,causal_load_main,day_ahead_planning
2025-12-16,143,0:00+1,558.1212499999999,602.6083333333333,2025-11-18;2025-11-25;2025-12-02;2025-12-09,False,44.48708333333343,causal_load_main,day_ahead_planning
2025-12-17,0,00:10,568.0662666666667,604.2710333333333,2025-11-19;2025-11-26;2025-12-03;2025-12-10,False,36.204766666666615,causal_load_main,day_ahead_planning
2025-12-17,1,00:20,583.2865416666666,600.2270833333333,2025-11-19;2025-11-26;2025-12-03;2025-12-10,False,16.940541666666718,causal_load_main,day_ahead_planning
2025-12-17,2,00:30,586.9008333333333,596.2533333333333,2025-11-19;2025-11-26;2025-12-03;2025-12-10,False,9.352500000000077,causal_load_main,day_ahead_planning
2025-12-17,3,00:40,590.2842499999999,605.2244166666667,2025-11-19;2025-11-26;2025-12-03;2025-12-10,False,14.940166666666755,causal_load_main,day_ahead_planning
2025-12-17,4,00:50,589.5286375,603.5850666666666,2025-11-19;2025-11-26;2025-12-03;2025-12-10,False,14.056429166666703,causal_load_main,day_ahead_planning
2025-12-17,5,01:00,588.86375,599.5316666666666,2025-11-19;2025-11-26;2025-12-03;2025-12-10,False,10.667916666666656,causal_load_main,day_ahead_planning
2025-12-17,6,01:10,598.7504458333333,623.7163333333333,2025-11-19;2025-11-26;2025-12-03;2025-12-10,False,24.965887500000008,causal_load_main,day_ahead_planning
2025-12-17,7,01:20,605.91605,634.6223333333332,2025-11-19;2025-11-26;2025-12-03;2025-12-10,False,28.706283333333204,causal_load_main,day_ahead_planning
2025-12-17,8,01:30,604.5037499999999,621.7783333333333,2025-11-19;2025-11-26;2025-12-03;2025-12-10,False,17.274583333333453,causal_load_main,day_ahead_planning
2025-12-17,9,01:40,601.4768375,618.69755,2025-11-19;2025-11-26;2025-12-03;2025-12-10,False,17.22071249999999,causal_load_main,day_ahead_planning
2025-12-17,10,01:50,601.1886583333334,635.8001166666666,2025-11-19;2025-11-26;2025-12-03;2025-12-10,False,34.61145833333319,causal_load_main,day_ahead_planning
2025-12-17,11,02:00,608.2795833333332,657.2266666666667,2025-11-19;2025-11-26;2025-12-03;2025-12-10,False,48.94708333333347,causal_load_main,day_ahead_planning
2025-12-17,12,02:10,623.4925833333333,656.2272166666667,2025-11-19;2025-11-26;2025-12-03;2025-12-10,False,32.73463333333336,causal_load_main,day_ahead_planning
2025-12-17,13,02:20,628.6549958333333,642.0288333333333,2025-11-19;2025-11-26;2025-12-03;2025-12-10,False,13.373837500000036,causal_load_main,day_ahead_planning
2025-12-17,14,02:30,624.1716666666666,626.0749999999999,2025-11-19;2025-11-26;2025-12-03;2025-12-10,False,1.9033333333333076,causal_load_main,day_ahead_planning
2025-12-17,15,02:40,626.2220333333332,614.9766666666667,2025-11-19;2025-11-26;2025-12-03;2025-12-10,False,11.245366666666541,causal_load_main,day_ahead_planning
2025-12-17,16,02:50,621.8656958333332,623.1192666666666,2025-11-19;2025-11-26;2025-12-03;2025-12-10,False,1.253570833333356,causal_load_main,day_ahead_planning
2025-12-17,17,03:00,614.6304166666666,646.7916666666666,2025-11-19;2025-11-26;2025-12-03;2025-12-10,False,32.161249999999995,causal_load_main,day_ahead_planning
2025-12-17,18,03:10,623.1605583333334,663.8356,2025-11-19;2025-11-26;2025-12-03;2025-12-10,False,40.67504166666663,causal_load_main,day_ahead_planning
2025-12-17,19,03:20,631.2693,659.89275,2025-11-19;2025-11-26;2025-12-03;2025-12-10,False,28.623449999999934,causal_load_main,day_ahead_planning
2025-12-17,20,03:30,630.1783333333333,648.26,2025-11-19;2025-11-26;2025-12-03;2025-12-10,False,18.081666666666706,causal_load_main,day_ahead_planning
2025-12-17,21,03:40,628.2934833333333,658.0695166666667,2025-11-19;2025-11-26;2025-12-03;2025-12-10,False,29.77603333333343,causal_load_main,day_ahead_planning
2025-12-17,22,03:50,636.4448416666665,679.66005,2025-11-19;2025-11-26;2025-12-03;2025-12-10,False,43.21520833333341,causal_load_main,day_ahead_planning
2025-12-17,23,04:00,647.8708333333333,688.8933333333332,2025-11-19;2025-11-26;2025-12-03;2025-12-10,False,41.02249999999992,causal_load_main,day_ahead_planning
2025-12-17,24,04:10,646.5140791666666,669.9758166666666,2025-11-19;2025-11-26;2025-12-03;2025-12-10,False,23.461737499999913,causal_load_main,day_ahead_planning
2025-12-17,25,04:20,649.9795583333332,657.17945,2025-11-19;2025-11-26;2025-12-03;2025-12-10,False,7.199891666666758,causal_load_main,day_ahead_planning
2025-12-17,26,04:30,656.6083333333333,667.5933333333332,2025-11-19;2025-11-26;2025-12-03;2025-12-10,False,10.9849999999999,causal_load_main,day_ahead_planning
2025-12-17,27,04:40,647.9836083333332,684.58995,2025-11-19;2025-11-26;2025-12-03;2025-12-10,False,36.60634166666682,causal_load_main,day_ahead_planning
2025-12-17,28,04:50,648.5421791666666,678.3069166666667,2025-11-19;2025-11-26;2025-12-03;2025-12-10,False,29.764737500000024,causal_load_main,day_ahead_planning
2025-12-17,29,05:00,656.78125,675.8883333333333,2025-11-19;2025-11-26;2025-12-03;2025-12-10,False,19.10708333333332,causal_load_main,day_ahead_planning
2025-12-17,30,05:10,647.3932749999999,727.31805,2025-11-19;2025-11-26;2025-12-03;2025-12-10,False,79.92477500000007,causal_load_main,day_ahead_planning
2025-12-17,31,05:20,645.7134249999999,739.4380333333334,2025-11-19;2025-11-26;2025-12-03;2025-12-10,False,93.72460833333344,causal_load_main,day_ahead_planning
2025-12-17,32,05:30,645.19625,706.6816666666666,2025-11-19;2025-11-26;2025-12-03;2025-12-10,False,61.48541666666665,causal_load_main,day_ahead_planning
2025-12-17,33,05:40,630.0958458333333,726.3329166666667,2025-11-19;2025-11-26;2025-12-03;2025-12-10,False,96.2370708333334,causal_load_main,day_ahead_planning
2025-12-17,34,05:50,718.7256041666667,809.0477333333333,2025-11-19;2025-11-26;2025-12-03;2025-12-10,False,90.32212916666663,causal_load_main,day_ahead_planning
2025-12-17,35,06:00,860.2820833333334,899.5583333333334,2025-11-19;2025-11-26;2025-12-03;2025-12-10,False,39.276250000000005,causal_load_main,day_ahead_planning
2025-12-17,36,06:10,873.1421541666666,922.7905000000001,2025-11-19;2025-11-26;2025-12-03;2025-12-10,False,49.64834583333345,causal_load_main,day_ahead_planning
2025-12-17,37,06:20,859.4136833333333,896.7779499999999,2025-11-19;2025-11-26;2025-12-03;2025-12-10,False,37.364266666666595,causal_load_main,day_ahead_planning
2025-12-17,38,06:30,869.4166666666665,879.6583333333333,2025-11-19;2025-11-26;2025-12-03;2025-12-10,False,10.241666666666788,causal_load_main,day_ahead_planning
2025-12-17,39,06:40,850.0500041666667,916.0636333333333,2025-11-19;2025-11-26;2025-12-03;2025-12-10,False,66.01362916666665,causal_load_main,day_ahead_planning
2025-12-17,40,06:50,832.8176791666666,934.8722333333333,2025-11-19;2025-11-26;2025-12-03;2025-12-10,False,102.05455416666666,causal_load_main,day_ahead_planning
2025-12-17,41,07:00,837.1254166666666,919.8199999999999,2025-11-19;2025-11-26;2025-12-03;2025-12-10,False,82.6945833333333,causal_load_main,day_ahead_planning
2025-12-17,42,07:10,850.5263916666667,920.0818333333333,2025-11-19;2025-11-26;2025-12-03;2025-12-10,False,69.55544166666664,causal_load_main,day_ahead_planning
2025-12-17,43,07:20,870.1259583333332,911.8156166666665,2025-11-19;2025-11-26;2025-12-03;2025-12-10,False,41.68965833333334,causal_load_main,day_ahead_planning
2025-12-17,44,07:30,861.0316666666666,877.6816666666666,2025-11-19;2025-11-26;2025-12-03;2025-12-10,False,16.649999999999977,causal_load_main,day_ahead_planning
2025-12-17,45,07:40,812.6727374999999,853.6944666666666,2025-11-19;2025-11-26;2025-12-03;2025-12-10,False,41.02172916666666,causal_load_main,day_ahead_planning
2025-12-17,46,07:50,935.7221833333333,976.4335333333333,2025-11-19;2025-11-26;2025-12-03;2025-12-10,False,40.71135000000004,causal_load_main,day_ahead_planning
2025-12-17,47,08:00,1152.8370833333333,1176.8016666666667,2025-11-19;2025-11-26;2025-12-03;2025-12-10,False,23.964583333333394,causal_load_main,day_ahead_planning
2025-12-17,48,08:10,1162.6900791666667,1230.5783833333332,2025-11-19;2025-11-26;2025-12-03;2025-12-10,False,67.88830416666656,causal_load_main,day_ahead_planning
2025-12-17,49,08:20,1133.9599166666667,1211.7174666666665,2025-11-19;2025-11-26;2025-12-03;2025-12-10,False,77.75754999999981,causal_load_main,day_ahead_planning
2025-12-17,50,08:30,1154.3079166666666,1192.1816666666666,2025-11-19;2025-11-26;2025-12-03;2025-12-10,False,37.87374999999997,causal_load_main,day_ahead_planning
2025-12-17,51,08:40,1141.5000458333332,1168.6176833333334,2025-11-19;2025-11-26;2025-12-03;2025-12-10,False,27.117637500000228,causal_load_main,day_ahead_planning
2025-12-17,52,08:50,1139.685325,1152.47785,2025-11-19;2025-11-26;2025-12-03;2025-12-10,False,12.792525000000069,causal_load_main,day_ahead_planning
2025-12-17,53,09:00,1153.595,1155.1866666666665,2025-11-19;2025-11-26;2025-12-03;2025-12-10,False,1.5916666666664696,causal_load_main,day_ahead_planning
2025-12-17,54,09:10,1137.8096791666667,1176.7638499999998,2025-11-19;2025-11-26;2025-12-03;2025-12-10,False,38.95417083333314,causal_load_main,day_ahead_planning
2025-12-17,55,09:20,1136.287425,1190.7425666666666,2025-11-19;2025-11-26;2025-12-03;2025-12-10,False,54.45514166666658,causal_load_main,day_ahead_planning
2025-12-17,56,09:30,1148.6520833333334,1180.9099999999999,2025-11-19;2025-11-26;2025-12-03;2025-12-10,False,32.25791666666646,causal_load_main,day_ahead_planning
2025-12-17,57,09:40,1129.7894333333334,1154.6189,2025-11-19;2025-11-26;2025-12-03;2025-12-10,False,24.829466666666576,causal_load_main,day_ahead_planning
2025-12-17,58,09:50,1122.9945916666666,1144.9431,2025-11-19;2025-11-26;2025-12-03;2025-12-10,False,21.948508333333393,causal_load_main,day_ahead_planning
2025-12-17,59,10:00,1135.8991666666666,1162.9733333333334,2025-11-19;2025-11-26;2025-12-03;2025-12-10,False,27.07416666666677,causal_load_main,day_ahead_planning
2025-12-17,60,10:10,1130.3791541666665,1188.8041166666667,2025-11-19;2025-11-26;2025-12-03;2025-12-10,False,58.42496250000022,causal_load_main,day_ahead_planning
2025-12-17,61,10:20,1118.8556458333333,1192.8840166666666,2025-11-19;2025-11-26;2025-12-03;2025-12-10,False,74.02837083333338,causal_load_main,day_ahead_planning
2025-12-17,62,10:30,1116.51625,1175.9666666666667,2025-11-19;2025-11-26;2025-12-03;2025-12-10,False,59.4504166666668,causal_load_main,day_ahead_planning
2025-12-17,63,10:40,1122.6302541666666,1164.9851833333332,2025-11-19;2025-11-26;2025-12-03;2025-12-10,False,42.35492916666658,causal_load_main,day_ahead_planning
2025-12-17,64,10:50,1116.3870958333332,1161.5851166666666,2025-11-19;2025-11-26;2025-12-03;2025-12-10,False,45.19802083333343,causal_load_main,day_ahead_planning
2025-12-17,65,11:00,1107.1695833333333,1152.0749999999998,2025-11-19;2025-11-26;2025-12-03;2025-12-10,False,44.9054166666665,causal_load_main,day_ahead_planning
2025-12-17,66,11:10,1121.8140875,1127.3723166666666,2025-11-19;2025-11-26;2025-12-03;2025-12-10,False,5.558229166666706,causal_load_main,day_ahead_planning
2025-12-17,67,11:20,1119.0518791666666,1128.7755833333333,2025-11-19;2025-11-26;2025-12-03;2025-12-10,False,9.723704166666721,causal_load_main,day_ahead_planning
2025-12-17,68,11:30,1096.4395833333333,1149.0749999999998,2025-11-19;2025-11-26;2025-12-03;2025-12-10,False,52.635416666666515,causal_load_main,day_ahead_planning
2025-12-17,69,11:40,1090.714825,1133.90485,2025-11-19;2025-11-26;2025-12-03;2025-12-10,False,43.19002499999988,causal_load_main,day_ahead_planning
2025-12-17,70,11:50,1072.4221458333332,1086.0574,2025-11-19;2025-11-26;2025-12-03;2025-12-10,False,13.635254166666755,causal_load_main,day_ahead_planning
2025-12-17,71,12:00,1041.1745833333334,1045.725,2025-11-19;2025-11-26;2025-12-03;2025-12-10,False,4.550416666666479,causal_load_main,day_ahead_planning
2025-12-17,72,12:10,1032.6462208333332,1055.6650166666666,2025-11-19;2025-11-26;2025-12-03;2025-12-10,False,23.018795833333343,causal_load_main,day_ahead_planning
2025-12-17,73,12:20,1041.4370416666666,1079.6333166666666,2025-11-19;2025-11-26;2025-12-03;2025-12-10,False,38.196275000000014,causal_load_main,day_ahead_planning
2025-12-17,74,12:30,1042.7383333333332,1072.5533333333333,2025-11-19;2025-11-26;2025-12-03;2025-12-10,False,29.815000000000055,causal_load_main,day_ahead_planning
2025-12-17,75,12:40,1021.1105041666666,1027.5432333333333,2025-11-19;2025-11-26;2025-12-03;2025-12-10,False,6.432729166666718,causal_load_main,day_ahead_planning
2025-12-17,76,12:50,1029.9721041666667,1040.2575499999998,2025-11-19;2025-11-26;2025-12-03;2025-12-10,False,10.285445833333142,causal_load_main,day_ahead_planning
2025-12-17,77,13:00,1068.4679166666665,1104.8049999999998,2025-11-19;2025-11-26;2025-12-03;2025-12-10,False,36.33708333333334,causal_load_main,day_ahead_planning
2025-12-17,78,13:10,1081.229875,1119.8763,2025-11-19;2025-11-26;2025-12-03;2025-12-10,False,38.64642499999991,causal_load_main,day_ahead_planning
2025-12-17,79,13:20,1080.3217916666667,1109.2582666666667,2025-11-19;2025-11-26;2025-12-03;2025-12-10,False,28.936474999999973,causal_load_main,day_ahead_planning
2025-12-17,80,13:30,1076.1266666666668,1096.1916666666666,2025-11-19;2025-11-26;2025-12-03;2025-12-10,False,20.064999999999827,causal_load_main,day_ahead_planning
2025-12-17,81,13:40,1064.014775,1078.9256833333334,2025-11-19;2025-11-26;2025-12-03;2025-12-10,False,14.910908333333282,causal_load_main,day_ahead_planning
2025-12-17,82,13:50,1056.08025,1086.3876,2025-11-19;2025-11-26;2025-12-03;2025-12-10,False,30.307350000000042,causal_load_main,day_ahead_planning
2025-12-17,83,14:00,1056.8270833333333,1105.0033333333333,2025-11-19;2025-11-26;2025-12-03;2025-12-10,False,48.17624999999998,causal_load_main,day_ahead_planning
2025-12-17,84,14:10,1060.1138416666665,1089.4164833333332,2025-11-19;2025-11-26;2025-12-03;2025-12-10,False,29.30264166666666,causal_load_main,day_ahead_planning
2025-12-17,85,14:20,1064.8767333333333,1068.2932166666665,2025-11-19;2025-11-26;2025-12-03;2025-12-10,False,3.41648333333319,causal_load_main,day_ahead_planning
2025-12-17,86,14:30,1065.2029166666666,1066.8016666666667,2025-11-19;2025-11-26;2025-12-03;2025-12-10,False,1.5987500000001091,causal_load_main,day_ahead_planning
2025-12-17,87,14:40,1054.8984166666667,1080.5427833333333,2025-11-19;2025-11-26;2025-12-03;2025-12-10,False,25.644366666666656,causal_load_main,day_ahead_planning
2025-12-17,88,14:50,1050.7418083333332,1078.7592833333333,2025-11-19;2025-11-26;2025-12-03;2025-12-10,False,28.017475000000104,causal_load_main,day_ahead_planning
2025-12-17,89,15:00,1054.7716666666665,1062.435,2025-11-19;2025-11-26;2025-12-03;2025-12-10,False,7.663333333333412,causal_load_main,day_ahead_planning
2025-12-17,90,15:10,1051.5226083333332,1061.5523666666666,2025-11-19;2025-11-26;2025-12-03;2025-12-10,False,10.029758333333348,causal_load_main,day_ahead_planning
2025-12-17,91,15:20,1038.2037083333335,1069.69745,2025-11-19;2025-11-26;2025-12-03;2025-12-10,False,31.493741666666438,causal_load_main,day_ahead_planning
2025-12-17,92,15:30,1026.4025,1069.5716666666667,2025-11-19;2025-11-26;2025-12-03;2025-12-10,False,43.1691666666668,causal_load_main,day_ahead_planning
2025-12-17,93,15:40,1031.1201374999998,1052.6097166666666,2025-11-19;2025-11-26;2025-12-03;2025-12-10,False,21.489579166666772,causal_load_main,day_ahead_planning
2025-12-17,94,15:50,1037.5803583333332,1048.6338666666666,2025-11-19;2025-11-26;2025-12-03;2025-12-10,False,11.053508333333411,causal_load_main,day_ahead_planning
2025-12-17,95,16:00,1034.9054166666665,1051.27,2025-11-19;2025-11-26;2025-12-03;2025-12-10,False,16.364583333333485,causal_load_main,day_ahead_planning
2025-12-17,96,16:10,1027.6791166666667,1026.8242666666665,2025-11-19;2025-11-26;2025-12-03;2025-12-10,False,0.8548500000001695,causal_load_main,day_ahead_planning
2025-12-17,97,16:20,1035.1815333333334,1013.8490499999999,2025-11-19;2025-11-26;2025-12-03;2025-12-10,False,21.33248333333347,causal_load_main,day_ahead_planning
2025-12-17,98,16:30,1050.7679166666667,1030.61,2025-11-19;2025-11-26;2025-12-03;2025-12-10,False,20.15791666666678,causal_load_main,day_ahead_planning
2025-12-17,99,16:40,1046.6606791666666,1054.8708166666665,2025-11-19;2025-11-26;2025-12-03;2025-12-10,False,8.210137499999973,causal_load_main,day_ahead_planning
2025-12-17,100,16:50,1028.4812166666666,1058.7506833333332,2025-11-19;2025-11-26;2025-12-03;2025-12-10,False,30.26946666666663,causal_load_main,day_ahead_planning
2025-12-17,101,17:00,1011.4087499999999,1035.155,2025-11-19;2025-11-26;2025-12-03;2025-12-10,False,23.746250000000032,causal_load_main,day_ahead_planning
2025-12-17,102,17:10,1004.9484541666666,1000.4632833333333,2025-11-19;2025-11-26;2025-12-03;2025-12-10,False,4.485170833333314,causal_load_main,day_ahead_planning
2025-12-17,103,17:20,994.2818666666666,978.2992333333333,2025-11-19;2025-11-26;2025-12-03;2025-12-10,False,15.982633333333297,causal_load_main,day_ahead_planning
2025-12-17,104,17:30,1001.9445833333332,1003.6099999999999,2025-11-19;2025-11-26;2025-12-03;2025-12-10,False,1.6654166666667152,causal_load_main,day_ahead_planning
2025-12-17,105,17:40,1039.8344291666667,1063.7946333333332,2025-11-19;2025-11-26;2025-12-03;2025-12-10,False,23.960204166666472,causal_load_main,day_ahead_planning
2025-12-17,106,17:50,917.5286458333333,933.1473833333332,2025-11-19;2025-11-26;2025-12-03;2025-12-10,False,15.618737499999952,causal_load_main,day_ahead_planning
2025-12-17,107,18:00,712.2520833333333,698.73,2025-11-19;2025-11-26;2025-12-03;2025-12-10,False,13.522083333333285,causal_load_main,day_ahead_planning
2025-12-17,108,18:10,705.8431958333332,689.7509666666666,2025-11-19;2025-11-26;2025-12-03;2025-12-10,False,16.092229166666584,causal_load_main,day_ahead_planning
2025-12-17,109,18:20,732.3198791666666,746.5873833333333,2025-11-19;2025-11-26;2025-12-03;2025-12-10,False,14.26750416666664,causal_load_main,day_ahead_planning
2025-12-17,110,18:30,704.6616666666666,746.8516666666666,2025-11-19;2025-11-26;2025-12-03;2025-12-10,False,42.18999999999994,causal_load_main,day_ahead_planning
2025-12-17,111,18:40,704.3064708333334,726.8847333333333,2025-11-19;2025-11-26;2025-12-03;2025-12-10,False,22.578262499999937,causal_load_main,day_ahead_planning
2025-12-17,112,18:50,710.5441458333333,704.2534999999999,2025-11-19;2025-11-26;2025-12-03;2025-12-10,False,6.2906458333334285,causal_load_main,day_ahead_planning
2025-12-17,113,19:00,713.54375,694.1099999999999,2025-11-19;2025-11-26;2025-12-03;2025-12-10,False,19.433750000000146,causal_load_main,day_ahead_planning
2025-12-17,114,19:10,728.9271625,705.7693666666667,2025-11-19;2025-11-26;2025-12-03;2025-12-10,False,23.157795833333353,causal_load_main,day_ahead_planning
2025-12-17,115,19:20,722.3040249999999,710.3361499999999,2025-11-19;2025-11-26;2025-12-03;2025-12-10,False,11.96787500000005,causal_load_main,day_ahead_planning
2025-12-17,116,19:30,700.6679166666667,702.0233333333333,2025-11-19;2025-11-26;2025-12-03;2025-12-10,False,1.355416666666656,causal_load_main,day_ahead_planning
2025-12-17,117,19:40,707.1042249999999,699.9801666666667,2025-11-19;2025-11-26;2025-12-03;2025-12-10,False,7.12405833333321,causal_load_main,day_ahead_planning
2025-12-17,118,19:50,713.3993291666666,693.3600166666666,2025-11-19;2025-11-26;2025-12-03;2025-12-10,False,20.039312499999937,causal_load_main,day_ahead_planning
2025-12-17,119,20:00,708.7725,688.0783333333334,2025-11-19;2025-11-26;2025-12-03;2025-12-10,False,20.69416666666666,causal_load_main,day_ahead_planning
2025-12-17,120,20:10,712.8528249999999,704.3842166666666,2025-11-19;2025-11-26;2025-12-03;2025-12-10,False,8.46860833333335,causal_load_main,day_ahead_planning
2025-12-17,121,20:20,723.261125,722.4575499999999,2025-11-19;2025-11-26;2025-12-03;2025-12-10,False,0.8035750000001372,causal_load_main,day_ahead_planning
2025-12-17,122,20:30,726.5058333333333,736.7149999999999,2025-11-19;2025-11-26;2025-12-03;2025-12-10,False,10.209166666666647,causal_load_main,day_ahead_planning
2025-12-17,123,20:40,715.4206958333333,754.7095333333333,2025-11-19;2025-11-26;2025-12-03;2025-12-10,False,39.2888375,causal_load_main,day_ahead_planning
2025-12-17,124,20:50,726.5937416666666,741.184,2025-11-19;2025-11-26;2025-12-03;2025-12-10,False,14.590258333333395,causal_load_main,day_ahead_planning
2025-12-17,125,21:00,752.7304166666665,712.3199999999999,2025-11-19;2025-11-26;2025-12-03;2025-12-10,False,40.410416666666606,causal_load_main,day_ahead_planning
2025-12-17,126,21:10,746.7659041666666,725.30555,2025-11-19;2025-11-26;2025-12-03;2025-12-10,False,21.460354166666548,causal_load_main,day_ahead_planning
2025-12-17,127,21:20,722.4692208333333,752.6778999999999,2025-11-19;2025-11-26;2025-12-03;2025-12-10,False,30.20867916666657,causal_load_main,day_ahead_planning
2025-12-17,128,21:30,718.5441666666666,767.1183333333333,2025-11-19;2025-11-26;2025-12-03;2025-12-10,False,48.57416666666677,causal_load_main,day_ahead_planning
2025-12-17,129,21:40,744.9651833333334,754.0737999999999,2025-11-19;2025-11-26;2025-12-03;2025-12-10,False,9.108616666666535,causal_load_main,day_ahead_planning
2025-12-17,130,21:50,669.621725,666.7935,2025-11-19;2025-11-26;2025-12-03;2025-12-10,False,2.828224999999975,causal_load_main,day_ahead_planning
2025-12-17,131,22:00,536.9375,557.385,2025-11-19;2025-11-26;2025-12-03;2025-12-10,False,20.44749999999999,causal_load_main,day_ahead_planning
2025-12-17,132,22:10,532.9720708333332,540.6331499999999,2025-11-19;2025-11-26;2025-12-03;2025-12-10,False,7.6610791666666955,causal_load_main,day_ahead_planning
2025-12-17,133,22:20,565.8052416666666,556.1646833333333,2025-11-19;2025-11-26;2025-12-03;2025-12-10,False,9.640558333333274,causal_load_main,day_ahead_planning
2025-12-17,134,22:30,564.9633333333334,560.7566666666667,2025-11-19;2025-11-26;2025-12-03;2025-12-10,False,4.206666666666706,causal_load_main,day_ahead_planning
2025-12-17,135,22:40,552.8440958333333,565.70335,2025-11-19;2025-11-26;2025-12-03;2025-12-10,False,12.859254166666688,causal_load_main,day_ahead_planning
2025-12-17,136,22:50,549.6644625,553.7339666666667,2025-11-19;2025-11-26;2025-12-03;2025-12-10,False,4.069504166666661,causal_load_main,day_ahead_planning
2025-12-17,137,23:00,560.9916666666666,541.5116666666667,2025-11-19;2025-11-26;2025-12-03;2025-12-10,False,19.479999999999905,causal_load_main,day_ahead_planning
2025-12-17,138,23:10,577.3059333333333,565.9398333333334,2025-11-19;2025-11-26;2025-12-03;2025-12-10,False,11.36609999999996,causal_load_main,day_ahead_planning
2025-12-17,139,23:20,581.7800958333332,580.6833166666667,2025-11-19;2025-11-26;2025-12-03;2025-12-10,False,1.096779166666579,causal_load_main,day_ahead_planning
2025-12-17,140,23:30,572.3416666666667,582.5649999999999,2025-11-19;2025-11-26;2025-12-03;2025-12-10,False,10.223333333333244,causal_load_main,day_ahead_planning
2025-12-17,141,23:40,564.7644791666667,608.6736,2025-11-19;2025-11-26;2025-12-03;2025-12-10,False,43.909120833333304,causal_load_main,day_ahead_planning
2025-12-17,142,23:50,578.9188708333334,602.92875,2025-11-19;2025-11-26;2025-12-03;2025-12-10,False,24.00987916666668,causal_load_main,day_ahead_planning
2025-12-17,143,0:00+1,600.5387499999999,564.275,2025-11-19;2025-11-26;2025-12-03;2025-12-10,False,36.26374999999996,causal_load_main,day_ahead_planning
2025-12-18,0,00:10,594.90625,556.56165,2025-11-20;2025-11-27;2025-12-04;2025-12-11,False,38.344600000000014,causal_load_main,day_ahead_planning
2025-12-18,1,00:20,584.2311166666666,586.1190833333333,2025-11-20;2025-11-27;2025-12-04;2025-12-11,False,1.8879666666666708,causal_load_main,day_ahead_planning
2025-12-18,2,00:30,578.3816666666667,620.4433333333333,2025-11-20;2025-11-27;2025-12-04;2025-12-11,False,42.06166666666661,causal_load_main,day_ahead_planning
2025-12-18,3,00:40,569.5796291666667,621.3240333333333,2025-11-20;2025-11-27;2025-12-04;2025-12-11,False,51.74440416666664,causal_load_main,day_ahead_planning
2025-12-18,4,00:50,584.9815625,619.7850333333333,2025-11-20;2025-11-27;2025-12-04;2025-12-11,False,34.803470833333336,causal_load_main,day_ahead_planning
2025-12-18,5,01:00,608.2262499999999,612.4383333333333,2025-11-20;2025-11-27;2025-12-04;2025-12-11,False,4.212083333333339,causal_load_main,day_ahead_planning
2025-12-18,6,01:10,593.2284,572.0763833333333,2025-11-20;2025-11-27;2025-12-04;2025-12-11,False,21.15201666666667,causal_load_main,day_ahead_planning
2025-12-18,7,01:20,583.2387708333333,579.1267,2025-11-20;2025-11-27;2025-12-04;2025-12-11,False,4.112070833333291,causal_load_main,day_ahead_planning
2025-12-18,8,01:30,599.8712499999999,627.6316666666667,2025-11-20;2025-11-27;2025-12-04;2025-12-11,False,27.760416666666742,causal_load_main,day_ahead_planning
2025-12-18,9,01:40,619.3644541666666,635.9138499999999,2025-11-20;2025-11-27;2025-12-04;2025-12-11,False,16.54939583333328,causal_load_main,day_ahead_planning
2025-12-18,10,01:50,616.3216708333332,669.5412666666666,2025-11-20;2025-11-27;2025-12-04;2025-12-11,False,53.219595833333415,causal_load_main,day_ahead_planning
2025-12-18,11,02:00,603.4725,710.7466666666666,2025-11-20;2025-11-27;2025-12-04;2025-12-11,False,107.27416666666659,causal_load_main,day_ahead_planning
2025-12-18,12,02:10,615.0800666666667,665.3872333333334,2025-11-20;2025-11-27;2025-12-04;2025-12-11,False,50.30716666666672,causal_load_main,day_ahead_planning
2025-12-18,13,02:20,621.1336291666667,615.8838833333333,2025-11-20;2025-11-27;2025-12-04;2025-12-11,False,5.24974583333335,causal_load_main,day_ahead_planning
2025-12-18,14,02:30,615.5024999999999,609.9283333333333,2025-11-20;2025-11-27;2025-12-04;2025-12-11,False,5.574166666666656,causal_load_main,day_ahead_planning
2025-12-18,15,02:40,622.7529666666666,622.5174166666666,2025-11-20;2025-11-27;2025-12-04;2025-12-11,False,0.23554999999998927,causal_load_main,day_ahead_planning
2025-12-18,16,02:50,629.27595,657.2876333333334,2025-11-20;2025-11-27;2025-12-04;2025-12-11,False,28.011683333333394,causal_load_main,day_ahead_planning
2025-12-18,17,03:00,622.9191666666666,694.1166666666666,2025-11-20;2025-11-27;2025-12-04;2025-12-11,False,71.19749999999999,causal_load_main,day_ahead_planning
2025-12-18,18,03:10,609.4202166666666,693.9384333333334,2025-11-20;2025-11-27;2025-12-04;2025-12-11,False,84.51821666666672,causal_load_main,day_ahead_planning
2025-12-18,19,03:20,618.4844499999999,669.1290833333333,2025-11-20;2025-11-27;2025-12-04;2025-12-11,False,50.64463333333333,causal_load_main,day_ahead_planning
2025-12-18,20,03:30,644.3954166666666,645.6716666666666,2025-11-20;2025-11-27;2025-12-04;2025-12-11,False,1.2762500000000045,causal_load_main,day_ahead_planning
2025-12-18,21,03:40,651.1461666666667,646.2640666666666,2025-11-20;2025-11-27;2025-12-04;2025-12-11,False,4.882100000000037,causal_load_main,day_ahead_planning
2025-12-18,22,03:50,646.4713041666666,677.0965333333334,2025-11-20;2025-11-27;2025-12-04;2025-12-11,False,30.625229166666713,causal_load_main,day_ahead_planning
2025-12-18,23,04:00,643.8462499999999,699.7366666666667,2025-11-20;2025-11-27;2025-12-04;2025-12-11,False,55.89041666666674,causal_load_main,day_ahead_planning
2025-12-18,24,04:10,646.2901125,670.4318,2025-11-20;2025-11-27;2025-12-04;2025-12-11,False,24.14168749999999,causal_load_main,day_ahead_planning
2025-12-18,25,04:20,638.9021,680.2594666666666,2025-11-20;2025-11-27;2025-12-04;2025-12-11,False,41.35736666666662,causal_load_main,day_ahead_planning
2025-12-18,26,04:30,632.21875,721.2783333333333,2025-11-20;2025-11-27;2025-12-04;2025-12-11,False,89.05958333333331,causal_load_main,day_ahead_planning
2025-12-18,27,04:40,650.9798499999999,693.3126166666666,2025-11-20;2025-11-27;2025-12-04;2025-12-11,False,42.33276666666666,causal_load_main,day_ahead_planning
2025-12-18,28,04:50,659.1937833333333,657.5823,2025-11-20;2025-11-27;2025-12-04;2025-12-11,False,1.61148333333324,causal_load_main,day_ahead_planning
2025-12-18,29,05:00,648.0445833333333,663.6183333333333,2025-11-20;2025-11-27;2025-12-04;2025-12-11,False,15.573750000000018,causal_load_main,day_ahead_planning
2025-12-18,30,05:10,645.6026291666666,696.2614666666666,2025-11-20;2025-11-27;2025-12-04;2025-12-11,False,50.658837500000004,causal_load_main,day_ahead_planning
2025-12-18,31,05:20,655.7689249999999,698.9495,2025-11-20;2025-11-27;2025-12-04;2025-12-11,False,43.18057500000009,causal_load_main,day_ahead_planning
2025-12-18,32,05:30,653.9,681.6199999999999,2025-11-20;2025-11-27;2025-12-04;2025-12-11,False,27.719999999999914,causal_load_main,day_ahead_planning
2025-12-18,33,05:40,630.7564666666667,714.6859999999999,2025-11-20;2025-11-27;2025-12-04;2025-12-11,False,83.92953333333321,causal_load_main,day_ahead_planning
2025-12-18,34,05:50,717.1167499999999,803.2240666666667,2025-11-20;2025-11-27;2025-12-04;2025-12-11,False,86.10731666666675,causal_load_main,day_ahead_planning
2025-12-18,35,06:00,857.6354166666667,885.3533333333332,2025-11-20;2025-11-27;2025-12-04;2025-12-11,False,27.717916666666497,causal_load_main,day_ahead_planning
2025-12-18,36,06:10,855.9444208333333,884.4110166666666,2025-11-20;2025-11-27;2025-12-04;2025-12-11,False,28.46659583333326,causal_load_main,day_ahead_planning
2025-12-18,37,06:20,831.0872999999999,861.3720666666666,2025-11-20;2025-11-27;2025-12-04;2025-12-11,False,30.284766666666656,causal_load_main,day_ahead_planning
2025-12-18,38,06:30,847.3575,858.1099999999999,2025-11-20;2025-11-27;2025-12-04;2025-12-11,False,10.75249999999994,causal_load_main,day_ahead_planning
2025-12-18,39,06:40,849.7319749999999,865.0700833333333,2025-11-20;2025-11-27;2025-12-04;2025-12-11,False,15.338108333333366,causal_load_main,day_ahead_planning
2025-12-18,40,06:50,849.1944458333332,882.5281666666666,2025-11-20;2025-11-27;2025-12-04;2025-12-11,False,33.33372083333336,causal_load_main,day_ahead_planning
2025-12-18,41,07:00,854.9370833333334,898.1466666666666,2025-11-20;2025-11-27;2025-12-04;2025-12-11,False,43.209583333333285,causal_load_main,day_ahead_planning
2025-12-18,42,07:10,857.3236708333334,897.3198666666667,2025-11-20;2025-11-27;2025-12-04;2025-12-11,False,39.99619583333333,causal_load_main,day_ahead_planning
2025-12-18,43,07:20,850.3981833333332,915.5451833333333,2025-11-20;2025-11-27;2025-12-04;2025-12-11,False,65.14700000000005,causal_load_main,day_ahead_planning
2025-12-18,44,07:30,825.7220833333332,921.7399999999999,2025-11-20;2025-11-27;2025-12-04;2025-12-11,False,96.01791666666668,causal_load_main,day_ahead_planning
2025-12-18,45,07:40,805.0218875,872.3248833333333,2025-11-20;2025-11-27;2025-12-04;2025-12-11,False,67.30299583333328,causal_load_main,day_ahead_planning
2025-12-18,46,07:50,934.3372875,976.7756999999999,2025-11-20;2025-11-27;2025-12-04;2025-12-11,False,42.43841249999991,causal_load_main,day_ahead_planning
2025-12-18,47,08:00,1144.5091666666665,1188.6166666666666,2025-11-20;2025-11-27;2025-12-04;2025-12-11,False,44.10750000000007,causal_load_main,day_ahead_planning
2025-12-18,48,08:10,1197.4931541666665,1232.46625,2025-11-20;2025-11-27;2025-12-04;2025-12-11,False,34.973095833333446,causal_load_main,day_ahead_planning
2025-12-18,49,08:20,1162.5093791666666,1194.1267833333332,2025-11-20;2025-11-27;2025-12-04;2025-12-11,False,31.617404166666574,causal_load_main,day_ahead_planning
2025-12-18,50,08:30,1132.2929166666665,1172.6866666666665,2025-11-20;2025-11-27;2025-12-04;2025-12-11,False,40.393749999999955,causal_load_main,day_ahead_planning
2025-12-18,51,08:40,1132.7447583333333,1177.0403166666665,2025-11-20;2025-11-27;2025-12-04;2025-12-11,False,44.29555833333325,causal_load_main,day_ahead_planning
2025-12-18,52,08:50,1146.7942,1178.5613333333333,2025-11-20;2025-11-27;2025-12-04;2025-12-11,False,31.767133333333277,causal_load_main,day_ahead_planning
2025-12-18,53,09:00,1154.8166666666666,1166.1833333333334,2025-11-20;2025-11-27;2025-12-04;2025-12-11,False,11.366666666666788,causal_load_main,day_ahead_planning
2025-12-18,54,09:10,1148.6801666666665,1158.2576833333333,2025-11-20;2025-11-27;2025-12-04;2025-12-11,False,9.577516666666725,causal_load_main,day_ahead_planning
2025-12-18,55,09:20,1135.9091291666666,1183.4088166666666,2025-11-20;2025-11-27;2025-12-04;2025-12-11,False,47.499687499999936,causal_load_main,day_ahead_planning
2025-12-18,56,09:30,1127.4183333333333,1200.28,2025-11-20;2025-11-27;2025-12-04;2025-12-11,False,72.86166666666668,causal_load_main,day_ahead_planning
2025-12-18,57,09:40,1130.8967874999998,1144.4126999999999,2025-11-20;2025-11-27;2025-12-04;2025-12-11,False,13.515912500000013,causal_load_main,day_ahead_planning
2025-12-18,58,09:50,1142.4111541666666,1140.9583666666667,2025-11-20;2025-11-27;2025-12-04;2025-12-11,False,1.4527874999998858,causal_load_main,day_ahead_planning
2025-12-18,59,10:00,1144.17125,1203.2066666666665,2025-11-20;2025-11-27;2025-12-04;2025-12-11,False,59.03541666666638,causal_load_main,day_ahead_planning
2025-12-18,60,10:10,1120.5658416666665,1216.3053833333333,2025-11-20;2025-11-27;2025-12-04;2025-12-11,False,95.73954166666681,causal_load_main,day_ahead_planning
2025-12-18,61,10:20,1106.9388749999998,1192.2025166666667,2025-11-20;2025-11-27;2025-12-04;2025-12-11,False,85.2636416666669,causal_load_main,day_ahead_planning
2025-12-18,62,10:30,1115.43375,1156.6016666666665,2025-11-20;2025-11-27;2025-12-04;2025-12-11,False,41.16791666666654,causal_load_main,day_ahead_planning
2025-12-18,63,10:40,1124.2261416666665,1125.9869833333332,2025-11-20;2025-11-27;2025-12-04;2025-12-11,False,1.7608416666666926,causal_load_main,day_ahead_planning
2025-12-18,64,10:50,1120.5374333333334,1153.9616999999998,2025-11-20;2025-11-27;2025-12-04;2025-12-11,False,33.424266666666426,causal_load_main,day_ahead_planning
2025-12-18,65,11:00,1109.66125,1194.0633333333333,2025-11-20;2025-11-27;2025-12-04;2025-12-11,False,84.40208333333317,causal_load_main,day_ahead_planning
2025-12-18,66,11:10,1107.2932583333331,1142.5745166666666,2025-11-20;2025-11-27;2025-12-04;2025-12-11,False,35.281258333333426,causal_load_main,day_ahead_planning
2025-12-18,67,11:20,1109.1927083333333,1100.8952833333333,2025-11-20;2025-11-27;2025-12-04;2025-12-11,False,8.297424999999976,causal_load_main,day_ahead_planning
2025-12-18,68,11:30,1108.55375,1129.3666666666666,2025-11-20;2025-11-27;2025-12-04;2025-12-11,False,20.812916666666524,causal_load_main,day_ahead_planning
2025-12-18,69,11:40,1099.2076541666665,1180.1347666666666,2025-11-20;2025-11-27;2025-12-04;2025-12-11,False,80.92711250000002,causal_load_main,day_ahead_planning
2025-12-18,70,11:50,1068.3603249999999,1152.9014166666666,2025-11-20;2025-11-27;2025-12-04;2025-12-11,False,84.54109166666672,causal_load_main,day_ahead_planning
2025-12-18,71,12:00,1028.3783333333333,1075.5549999999998,2025-11-20;2025-11-27;2025-12-04;2025-12-11,False,47.176666666666506,causal_load_main,day_ahead_planning
2025-12-18,72,12:10,1011.6267416666667,1068.2204166666666,2025-11-20;2025-11-27;2025-12-04;2025-12-11,False,56.59367499999985,causal_load_main,day_ahead_planning
2025-12-18,73,12:20,1022.1957041666666,1062.8903833333334,2025-11-20;2025-11-27;2025-12-04;2025-12-11,False,40.69467916666679,causal_load_main,day_ahead_planning
2025-12-18,74,12:30,1036.6258333333333,1034.01,2025-11-20;2025-11-27;2025-12-04;2025-12-11,False,2.615833333333285,causal_load_main,day_ahead_planning
2025-12-18,75,12:40,1028.39735,1032.8517,2025-11-20;2025-11-27;2025-12-04;2025-12-11,False,4.454349999999977,causal_load_main,day_ahead_planning
2025-12-18,76,12:50,1037.2139958333332,1054.17335,2025-11-20;2025-11-27;2025-12-04;2025-12-11,False,16.9593541666668,causal_load_main,day_ahead_planning
2025-12-18,77,13:00,1067.7304166666668,1084.045,2025-11-20;2025-11-27;2025-12-04;2025-12-11,False,16.314583333333303,causal_load_main,day_ahead_planning
2025-12-18,78,13:10,1080.9999125,1114.7902333333332,2025-11-20;2025-11-27;2025-12-04;2025-12-11,False,33.790320833333226,causal_load_main,day_ahead_planning
2025-12-18,79,13:20,1071.5286666666666,1137.7432333333331,2025-11-20;2025-11-27;2025-12-04;2025-12-11,False,66.21456666666654,causal_load_main,day_ahead_planning
2025-12-18,80,13:30,1055.2937499999998,1138.4733333333334,2025-11-20;2025-11-27;2025-12-04;2025-12-11,False,83.17958333333354,causal_load_main,day_ahead_planning
2025-12-18,81,13:40,1054.1102166666665,1109.1323,2025-11-20;2025-11-27;2025-12-04;2025-12-11,False,55.02208333333351,causal_load_main,day_ahead_planning
2025-12-18,82,13:50,1063.0330666666666,1088.2115,2025-11-20;2025-11-27;2025-12-04;2025-12-11,False,25.17843333333326,causal_load_main,day_ahead_planning
2025-12-18,83,14:00,1071.2141666666666,1085.4266666666667,2025-11-20;2025-11-27;2025-12-04;2025-12-11,False,14.212500000000091,causal_load_main,day_ahead_planning
2025-12-18,84,14:10,1069.2681499999999,1078.7397666666666,2025-11-20;2025-11-27;2025-12-04;2025-12-11,False,9.471616666666705,causal_load_main,day_ahead_planning
2025-12-18,85,14:20,1051.0751333333333,1079.55945,2025-11-20;2025-11-27;2025-12-04;2025-12-11,False,28.4843166666667,causal_load_main,day_ahead_planning
2025-12-18,86,14:30,1036.645,1080.35,2025-11-20;2025-11-27;2025-12-04;2025-12-11,False,43.70499999999993,causal_load_main,day_ahead_planning
2025-12-18,87,14:40,1052.3408375,1061.0045,2025-11-20;2025-11-27;2025-12-04;2025-12-11,False,8.6636625000001,causal_load_main,day_ahead_planning
2025-12-18,88,14:50,1051.4651875,1059.6920833333334,2025-11-20;2025-11-27;2025-12-04;2025-12-11,False,8.226895833333401,causal_load_main,day_ahead_planning
2025-12-18,89,15:00,1032.9499999999998,1073.9466666666667,2025-11-20;2025-11-27;2025-12-04;2025-12-11,False,40.9966666666669,causal_load_main,day_ahead_planning
2025-12-18,90,15:10,1041.3784208333332,1062.5798666666665,2025-11-20;2025-11-27;2025-12-04;2025-12-11,False,21.20144583333331,causal_load_main,day_ahead_planning
2025-12-18,91,15:20,1048.8378208333331,1050.4180166666665,2025-11-20;2025-11-27;2025-12-04;2025-12-11,False,1.5801958333333914,causal_load_main,day_ahead_planning
2025-12-18,92,15:30,1044.7779166666667,1053.6333333333332,2025-11-20;2025-11-27;2025-12-04;2025-12-11,False,8.855416666666542,causal_load_main,day_ahead_planning
2025-12-18,93,15:40,1047.2067874999998,1058.73675,2025-11-20;2025-11-27;2025-12-04;2025-12-11,False,11.529962500000238,causal_load_main,day_ahead_planning
2025-12-18,94,15:50,1044.438420833333,1038.7298833333332,2025-11-20;2025-11-27;2025-12-04;2025-12-11,False,5.70853749999992,causal_load_main,day_ahead_planning
2025-12-18,95,16:00,1036.0437499999998,1010.4866666666667,2025-11-20;2025-11-27;2025-12-04;2025-12-11,False,25.55708333333314,causal_load_main,day_ahead_planning
2025-12-18,96,16:10,1036.3055666666667,1018.0864666666666,2025-11-20;2025-11-27;2025-12-04;2025-12-11,False,18.219100000000026,causal_load_main,day_ahead_planning
2025-12-18,97,16:20,1041.7864791666666,1028.3871166666665,2025-11-20;2025-11-27;2025-12-04;2025-12-11,False,13.399362500000052,causal_load_main,day_ahead_planning
2025-12-18,98,16:30,1038.6075,1029.8883333333333,2025-11-20;2025-11-27;2025-12-04;2025-12-11,False,8.719166666666752,causal_load_main,day_ahead_planning
2025-12-18,99,16:40,1019.6060291666666,1042.8577166666666,2025-11-20;2025-11-27;2025-12-04;2025-12-11,False,23.251687500000003,causal_load_main,day_ahead_planning
2025-12-18,100,16:50,1024.9611541666666,1049.7096,2025-11-20;2025-11-27;2025-12-04;2025-12-11,False,24.748445833333335,causal_load_main,day_ahead_planning
2025-12-18,101,17:00,1044.6125,1044.0683333333332,2025-11-20;2025-11-27;2025-12-04;2025-12-11,False,0.544166666666797,causal_load_main,day_ahead_planning
2025-12-18,102,17:10,1027.7262624999998,1037.80605,2025-11-20;2025-11-27;2025-12-04;2025-12-11,False,10.079787500000066,causal_load_main,day_ahead_planning
2025-12-18,103,17:20,1008.1867541666666,1031.9074999999998,2025-11-20;2025-11-27;2025-12-04;2025-12-11,False,23.72074583333324,causal_load_main,day_ahead_planning
2025-12-18,104,17:30,1024.837083333333,1038.9166666666665,2025-11-20;2025-11-27;2025-12-04;2025-12-11,False,14.079583333333403,causal_load_main,day_ahead_planning
2025-12-18,105,17:40,1059.1935625,1048.2651166666665,2025-11-20;2025-11-27;2025-12-04;2025-12-11,False,10.928445833333626,causal_load_main,day_ahead_planning
2025-12-18,106,17:50,943.0045583333333,910.8577499999999,2025-11-20;2025-11-27;2025-12-04;2025-12-11,False,32.14680833333341,causal_load_main,day_ahead_planning
2025-12-18,107,18:00,742.0562500000001,715.27,2025-11-20;2025-11-27;2025-12-04;2025-12-11,False,26.78625000000011,causal_load_main,day_ahead_planning
2025-12-18,108,18:10,703.9362041666666,713.7619166666666,2025-11-20;2025-11-27;2025-12-04;2025-12-11,False,9.825712500000009,causal_load_main,day_ahead_planning
2025-12-18,109,18:20,723.298825,732.62285,2025-11-20;2025-11-27;2025-12-04;2025-12-11,False,9.324025000000006,causal_load_main,day_ahead_planning
2025-12-18,110,18:30,718.1883333333333,696.5383333333332,2025-11-20;2025-11-27;2025-12-04;2025-12-11,False,21.65000000000009,causal_load_main,day_ahead_planning
2025-12-18,111,18:40,715.6044041666667,703.5015,2025-11-20;2025-11-27;2025-12-04;2025-12-11,False,12.10290416666669,causal_load_main,day_ahead_planning
2025-12-18,112,18:50,719.6974291666666,715.1857333333334,2025-11-20;2025-11-27;2025-12-04;2025-12-11,False,4.511695833333192,causal_load_main,day_ahead_planning
2025-12-18,113,19:00,721.8766666666667,701.9849999999999,2025-11-20;2025-11-27;2025-12-04;2025-12-11,False,19.891666666666765,causal_load_main,day_ahead_planning
2025-12-18,114,19:10,714.9597625,685.136,2025-11-20;2025-11-27;2025-12-04;2025-12-11,False,29.823762500000043,causal_load_main,day_ahead_planning
2025-12-18,115,19:20,718.9254916666665,705.9121333333333,2025-11-20;2025-11-27;2025-12-04;2025-12-11,False,13.013358333333258,causal_load_main,day_ahead_planning
2025-12-18,116,19:30,725.3441666666666,741.9666666666667,2025-11-20;2025-11-27;2025-12-04;2025-12-11,False,16.62250000000006,causal_load_main,day_ahead_planning
2025-12-18,117,19:40,707.6389958333334,729.2434666666666,2025-11-20;2025-11-27;2025-12-04;2025-12-11,False,21.604470833333153,causal_load_main,day_ahead_planning
2025-12-18,118,19:50,705.4685708333333,707.8335833333333,2025-11-20;2025-11-27;2025-12-04;2025-12-11,False,2.3650125000000344,causal_load_main,day_ahead_planning
2025-12-18,119,20:00,724.82625,709.3299999999999,2025-11-20;2025-11-27;2025-12-04;2025-12-11,False,15.496250000000032,causal_load_main,day_ahead_planning
2025-12-18,120,20:10,731.2803541666666,724.9444,2025-11-20;2025-11-27;2025-12-04;2025-12-11,False,6.335954166666625,causal_load_main,day_ahead_planning
2025-12-18,121,20:20,730.8369458333334,727.0727499999999,2025-11-20;2025-11-27;2025-12-04;2025-12-11,False,3.764195833333474,causal_load_main,day_ahead_planning
2025-12-18,122,20:30,733.1516666666666,719.6333333333333,2025-11-20;2025-11-27;2025-12-04;2025-12-11,False,13.518333333333317,causal_load_main,day_ahead_planning
2025-12-18,123,20:40,737.9520333333332,731.10915,2025-11-20;2025-11-27;2025-12-04;2025-12-11,False,6.842883333333248,causal_load_main,day_ahead_planning
2025-12-18,124,20:50,734.0796083333332,745.4976833333333,2025-11-20;2025-11-27;2025-12-04;2025-12-11,False,11.418075000000044,causal_load_main,day_ahead_planning
2025-12-18,125,21:00,725.0766666666666,749.14,2025-11-20;2025-11-27;2025-12-04;2025-12-11,False,24.06333333333339,causal_load_main,day_ahead_planning
2025-12-18,126,21:10,726.3883166666667,741.5117166666666,2025-11-20;2025-11-27;2025-12-04;2025-12-11,False,15.123399999999947,causal_load_main,day_ahead_planning
2025-12-18,127,21:20,732.2563458333334,720.6057833333332,2025-11-20;2025-11-27;2025-12-04;2025-12-11,False,11.650562500000206,causal_load_main,day_ahead_planning
2025-12-18,128,21:30,744.3029166666666,716.0716666666667,2025-11-20;2025-11-27;2025-12-04;2025-12-11,False,28.231249999999932,causal_load_main,day_ahead_planning
2025-12-18,129,21:40,754.3380916666666,747.5648166666666,2025-11-20;2025-11-27;2025-12-04;2025-12-11,False,6.773275000000012,causal_load_main,day_ahead_planning
2025-12-18,130,21:50,670.734075,676.2181333333333,2025-11-20;2025-11-27;2025-12-04;2025-12-11,False,5.484058333333337,causal_load_main,day_ahead_planning
2025-12-18,131,22:00,546.8866666666665,554.5816666666666,2025-11-20;2025-11-27;2025-12-04;2025-12-11,False,7.69500000000005,causal_load_main,day_ahead_planning
2025-12-18,132,22:10,538.8371249999999,576.8869166666666,2025-11-20;2025-11-27;2025-12-04;2025-12-11,False,38.04979166666669,causal_load_main,day_ahead_planning
2025-12-18,133,22:20,553.8461749999999,587.3059333333333,2025-11-20;2025-11-27;2025-12-04;2025-12-11,False,33.45975833333341,causal_load_main,day_ahead_planning
2025-12-18,134,22:30,542.8929166666667,540.605,2025-11-20;2025-11-27;2025-12-04;2025-12-11,False,2.2879166666666606,causal_load_main,day_ahead_planning
2025-12-18,135,22:40,548.7545208333333,552.1281166666666,2025-11-20;2025-11-27;2025-12-04;2025-12-11,False,3.3735958333332974,causal_load_main,day_ahead_planning
2025-12-18,136,22:50,551.9937083333332,579.0673999999999,2025-11-20;2025-11-27;2025-12-04;2025-12-11,False,27.07369166666672,causal_load_main,day_ahead_planning
2025-12-18,137,23:00,551.585,585.6733333333333,2025-11-20;2025-11-27;2025-12-04;2025-12-11,False,34.08833333333325,causal_load_main,day_ahead_planning
2025-12-18,138,23:10,568.6707166666665,583.0876333333333,2025-11-20;2025-11-27;2025-12-04;2025-12-11,False,14.416916666666793,causal_load_main,day_ahead_planning
2025-12-18,139,23:20,574.5685874999999,575.1854833333333,2025-11-20;2025-11-27;2025-12-04;2025-12-11,False,0.6168958333333876,causal_load_main,day_ahead_planning
2025-12-18,140,23:30,575.56,571.9933333333333,2025-11-20;2025-11-27;2025-12-04;2025-12-11,False,3.566666666666606,causal_load_main,day_ahead_planning
2025-12-18,141,23:40,592.1500416666667,572.4508166666667,2025-11-20;2025-11-27;2025-12-04;2025-12-11,False,19.699224999999956,causal_load_main,day_ahead_planning
2025-12-18,142,23:50,518.4804833333333,503.0883166666666,2025-11-20;2025-11-27;2025-12-04;2025-12-11,False,15.39216666666664,causal_load_main,day_ahead_planning
2025-12-18,143,0:00+1,397.79999999999995,407.71166666666664,2025-11-20;2025-11-27;2025-12-04;2025-12-11,False,9.91166666666669,causal_load_main,day_ahead_planning
2025-12-19,0,00:10,394.19016666666664,411.60133333333334,2025-11-21;2025-11-28;2025-12-05;2025-12-12,False,17.411166666666702,causal_load_main,day_ahead_planning
2025-12-19,1,00:20,433.0816166666666,428.62001666666663,2025-11-21;2025-11-28;2025-12-05;2025-12-12,False,4.461599999999976,causal_load_main,day_ahead_planning
2025-12-19,2,00:30,444.4504166666666,422.2183333333333,2025-11-21;2025-11-28;2025-12-05;2025-12-12,False,22.23208333333332,causal_load_main,day_ahead_planning
2025-12-19,3,00:40,431.86800416666665,442.45163333333335,2025-11-21;2025-11-28;2025-12-05;2025-12-12,False,10.583629166666697,causal_load_main,day_ahead_planning
2025-12-19,4,00:50,427.0275916666667,470.02451666666667,2025-11-21;2025-11-28;2025-12-05;2025-12-12,False,42.996924999999976,causal_load_main,day_ahead_planning
2025-12-19,5,01:00,434.67625,466.1333333333333,2025-11-21;2025-11-28;2025-12-05;2025-12-12,False,31.457083333333344,causal_load_main,day_ahead_planning
2025-12-19,6,01:10,434.70730833333334,419.74604999999997,2025-11-21;2025-11-28;2025-12-05;2025-12-12,False,14.961258333333376,causal_load_main,day_ahead_planning
2025-12-19,7,01:20,439.7242166666667,428.70208333333335,2025-11-21;2025-11-28;2025-12-05;2025-12-12,False,11.02213333333333,causal_load_main,day_ahead_planning
2025-12-19,8,01:30,451.04875,474.0816666666666,2025-11-21;2025-11-28;2025-12-05;2025-12-12,False,23.03291666666661,causal_load_main,day_ahead_planning
2025-12-19,9,01:40,455.1274583333333,449.96388333333334,2025-11-21;2025-11-28;2025-12-05;2025-12-12,False,5.16357499999998,causal_load_main,day_ahead_planning
2025-12-19,10,01:50,457.7366833333333,470.6232666666666,2025-11-21;2025-11-28;2025-12-05;2025-12-12,False,12.886583333333306,causal_load_main,day_ahead_planning
2025-12-19,11,02:00,459.0645833333333,530.5716666666666,2025-11-21;2025-11-28;2025-12-05;2025-12-12,False,71.5070833333333,causal_load_main,day_ahead_planning
2025-12-19,12,02:10,453.2455499999999,502.64716666666664,2025-11-21;2025-11-28;2025-12-05;2025-12-12,False,49.40161666666671,causal_load_main,day_ahead_planning
2025-12-19,13,02:20,452.3682458333333,474.24876666666665,2025-11-21;2025-11-28;2025-12-05;2025-12-12,False,21.880520833333378,causal_load_main,day_ahead_planning
2025-12-19,14,02:30,464.37541666666664,490.095,2025-11-21;2025-11-28;2025-12-05;2025-12-12,False,25.71958333333339,causal_load_main,day_ahead_planning
2025-12-19,15,02:40,483.5559458333333,503.4244,2025-11-21;2025-11-28;2025-12-05;2025-12-12,False,19.86845416666671,causal_load_main,day_ahead_planning
2025-12-19,16,02:50,485.92859999999996,495.8340166666667,2025-11-21;2025-11-28;2025-12-05;2025-12-12,False,9.905416666666724,causal_load_main,day_ahead_planning
2025-12-19,17,03:00,473.52416666666664,485.34999999999997,2025-11-21;2025-11-28;2025-12-05;2025-12-12,False,11.825833333333321,causal_load_main,day_ahead_planning
2025-12-19,18,03:10,470.93953750000003,501.93433333333337,2025-11-21;2025-11-28;2025-12-05;2025-12-12,False,30.99479583333334,causal_load_main,day_ahead_planning
2025-12-19,19,03:20,471.70866666666666,511.8960833333333,2025-11-21;2025-11-28;2025-12-05;2025-12-12,False,40.18741666666665,causal_load_main,day_ahead_planning
2025-12-19,20,03:30,475.0495833333333,502.69333333333327,2025-11-21;2025-11-28;2025-12-05;2025-12-12,False,27.643749999999955,causal_load_main,day_ahead_planning
2025-12-19,21,03:40,487.3840208333333,496.0822166666667,2025-11-21;2025-11-28;2025-12-05;2025-12-12,False,8.698195833333386,causal_load_main,day_ahead_planning
2025-12-19,22,03:50,489.9368958333333,501.13661666666667,2025-11-21;2025-11-28;2025-12-05;2025-12-12,False,11.199720833333345,causal_load_main,day_ahead_planning
2025-12-19,23,04:00,483.1358333333333,514.6333333333333,2025-11-21;2025-11-28;2025-12-05;2025-12-12,False,31.497500000000002,causal_load_main,day_ahead_planning
2025-12-19,24,04:10,486.3817041666666,523.5695666666666,2025-11-21;2025-11-28;2025-12-05;2025-12-12,False,37.18786249999994,causal_load_main,day_ahead_planning
2025-12-19,25,04:20,492.60150416666664,512.2491333333332,2025-11-21;2025-11-28;2025-12-05;2025-12-12,False,19.647629166666604,causal_load_main,day_ahead_planning
2025-12-19,26,04:30,493.43125,499.91999999999996,2025-11-21;2025-11-28;2025-12-05;2025-12-12,False,6.488749999999982,causal_load_main,day_ahead_planning
2025-12-19,27,04:40,489.611725,521.1632999999999,2025-11-21;2025-11-28;2025-12-05;2025-12-12,False,31.551574999999957,causal_load_main,day_ahead_planning
2025-12-19,28,04:50,494.7787374999999,532.5269666666666,2025-11-21;2025-11-28;2025-12-05;2025-12-12,False,37.74822916666665,causal_load_main,day_ahead_planning
2025-12-19,29,05:00,501.01374999999996,532.5666666666666,2025-11-21;2025-11-28;2025-12-05;2025-12-12,False,31.552916666666647,causal_load_main,day_ahead_planning
2025-12-19,30,05:10,488.344525,555.8041,2025-11-21;2025-11-28;2025-12-05;2025-12-12,False,67.45957499999997,causal_load_main,day_ahead_planning
2025-12-19,31,05:20,485.7806458333333,537.5392166666666,2025-11-21;2025-11-28;2025-12-05;2025-12-12,False,51.75857083333324,causal_load_main,day_ahead_planning
2025-12-19,32,05:30,496.87166666666667,490.865,2025-11-21;2025-11-28;2025-12-05;2025-12-12,False,6.006666666666661,causal_load_main,day_ahead_planning
2025-12-19,33,05:40,496.7755458333333,502.49236666666667,2025-11-21;2025-11-28;2025-12-05;2025-12-12,False,5.716820833333372,causal_load_main,day_ahead_planning
2025-12-19,34,05:50,498.10996666666665,541.0885499999999,2025-11-21;2025-11-28;2025-12-05;2025-12-12,False,42.97858333333329,causal_load_main,day_ahead_planning
2025-12-19,35,06:00,503.2054166666667,558.3166666666666,2025-11-21;2025-11-28;2025-12-05;2025-12-12,False,55.11124999999993,causal_load_main,day_ahead_planning
2025-12-19,36,06:10,500.51912916666663,536.9785999999999,2025-11-21;2025-11-28;2025-12-05;2025-12-12,False,36.459470833333285,causal_load_main,day_ahead_planning
2025-12-19,37,06:20,502.22285,527.3259166666667,2025-11-21;2025-11-28;2025-12-05;2025-12-12,False,25.103066666666678,causal_load_main,day_ahead_planning
2025-12-19,38,06:30,502.28249999999997,538.5683333333333,2025-11-21;2025-11-28;2025-12-05;2025-12-12,False,36.2858333333333,causal_load_main,day_ahead_planning
2025-12-19,39,06:40,488.6923791666666,539.0059333333334,2025-11-21;2025-11-28;2025-12-05;2025-12-12,False,50.313554166666734,causal_load_main,day_ahead_planning
2025-12-19,40,06:50,519.0307416666666,562.3437666666666,2025-11-21;2025-11-28;2025-12-05;2025-12-12,False,43.31302500000004,causal_load_main,day_ahead_planning
2025-12-19,41,07:00,578.68625,614.3766666666667,2025-11-21;2025-11-28;2025-12-05;2025-12-12,False,35.69041666666669,causal_load_main,day_ahead_planning
2025-12-19,42,07:10,590.0232374999999,652.8380833333333,2025-11-21;2025-11-28;2025-12-05;2025-12-12,False,62.81484583333338,causal_load_main,day_ahead_planning
2025-12-19,43,07:20,581.4787833333332,627.3655166666666,2025-11-21;2025-11-28;2025-12-05;2025-12-12,False,45.88673333333338,causal_load_main,day_ahead_planning
2025-12-19,44,07:30,580.72,589.9166666666666,2025-11-21;2025-11-28;2025-12-05;2025-12-12,False,9.196666666666601,causal_load_main,day_ahead_planning
2025-12-19,45,07:40,585.3199291666666,642.4831333333333,2025-11-21;2025-11-28;2025-12-05;2025-12-12,False,57.163204166666674,causal_load_main,day_ahead_planning
2025-12-19,46,07:50,585.8477125,676.9164499999999,2025-11-21;2025-11-28;2025-12-05;2025-12-12,False,91.0687375,causal_load_main,day_ahead_planning
2025-12-19,47,08:00,577.5779166666666,648.0366666666666,2025-11-21;2025-11-28;2025-12-05;2025-12-12,False,70.45875000000001,causal_load_main,day_ahead_planning
2025-12-19,48,08:10,565.0994291666666,617.7537166666666,2025-11-21;2025-11-28;2025-12-05;2025-12-12,False,52.65428750000001,causal_load_main,day_ahead_planning
2025-12-19,49,08:20,564.6071125,608.7563833333334,2025-11-21;2025-11-28;2025-12-05;2025-12-12,False,44.14927083333339,causal_load_main,day_ahead_planning
2025-12-19,50,08:30,570.8208333333332,609.855,2025-11-21;2025-11-28;2025-12-05;2025-12-12,False,39.034166666666806,causal_load_main,day_ahead_planning
2025-12-19,51,08:40,571.6503041666666,606.2076999999999,2025-11-21;2025-11-28;2025-12-05;2025-12-12,False,34.55739583333332,causal_load_main,day_ahead_planning
2025-12-19,52,08:50,620.82735,655.0870333333332,2025-11-21;2025-11-28;2025-12-05;2025-12-12,False,34.259683333333214,causal_load_main,day_ahead_planning
2025-12-19,53,09:00,693.8708333333333,730.9849999999999,2025-11-21;2025-11-28;2025-12-05;2025-12-12,False,37.11416666666662,causal_load_main,day_ahead_planning
2025-12-19,54,09:10,704.3648458333333,739.3061166666666,2025-11-21;2025-11-28;2025-12-05;2025-12-12,False,34.941270833333306,causal_load_main,day_ahead_planning
2025-12-19,55,09:20,695.7685458333333,712.8299499999999,2025-11-21;2025-11-28;2025-12-05;2025-12-12,False,17.061404166666648,causal_load_main,day_ahead_planning
2025-12-19,56,09:30,696.6312499999999,705.6166666666666,2025-11-21;2025-11-28;2025-12-05;2025-12-12,False,8.985416666666652,causal_load_main,day_ahead_planning
2025-12-19,57,09:40,691.6322083333333,735.1414833333333,2025-11-21;2025-11-28;2025-12-05;2025-12-12,False,43.509275,causal_load_main,day_ahead_planning
2025-12-19,58,09:50,683.3952124999998,724.2026333333333,2025-11-21;2025-11-28;2025-12-05;2025-12-12,False,40.80742083333348,causal_load_main,day_ahead_planning
2025-12-19,59,10:00,673.5908333333332,685.0716666666667,2025-11-21;2025-11-28;2025-12-05;2025-12-12,False,11.480833333333521,causal_load_main,day_ahead_planning
2025-12-19,60,10:10,662.0672541666667,706.1646999999999,2025-11-21;2025-11-28;2025-12-05;2025-12-12,False,44.09744583333327,causal_load_main,day_ahead_planning
2025-12-19,61,10:20,664.1518333333333,730.86295,2025-11-21;2025-11-28;2025-12-05;2025-12-12,False,66.71111666666661,causal_load_main,day_ahead_planning
2025-12-19,62,10:30,673.6924999999999,720.6533333333333,2025-11-21;2025-11-28;2025-12-05;2025-12-12,False,46.960833333333426,causal_load_main,day_ahead_planning
2025-12-19,63,10:40,668.1354458333333,694.3397666666666,2025-11-21;2025-11-28;2025-12-05;2025-12-12,False,26.204320833333327,causal_load_main,day_ahead_planning
2025-12-19,64,10:50,660.3475041666666,677.3702999999999,2025-11-21;2025-11-28;2025-12-05;2025-12-12,False,17.02279583333336,causal_load_main,day_ahead_planning
2025-12-19,65,11:00,657.9491666666667,691.7133333333333,2025-11-21;2025-11-28;2025-12-05;2025-12-12,False,33.7641666666666,causal_load_main,day_ahead_planning
2025-12-19,66,11:10,653.8702874999999,731.4008166666667,2025-11-21;2025-11-28;2025-12-05;2025-12-12,False,77.53052916666684,causal_load_main,day_ahead_planning
2025-12-19,67,11:20,640.6408458333333,702.9784999999999,2025-11-21;2025-11-28;2025-12-05;2025-12-12,False,62.33765416666665,causal_load_main,day_ahead_planning
2025-12-19,68,11:30,629.9533333333333,630.88,2025-11-21;2025-11-28;2025-12-05;2025-12-12,False,0.9266666666667334,causal_load_main,day_ahead_planning
2025-12-19,69,11:40,641.6668,637.362,2025-11-21;2025-11-28;2025-12-05;2025-12-12,False,4.3048,causal_load_main,day_ahead_planning
2025-12-19,70,11:50,652.8493458333332,677.9608666666666,2025-11-21;2025-11-28;2025-12-05;2025-12-12,False,25.111520833333316,causal_load_main,day_ahead_planning
2025-12-19,71,12:00,651.52,683.78,2025-11-21;2025-11-28;2025-12-05;2025-12-12,False,32.25999999999999,causal_load_main,day_ahead_planning
2025-12-19,72,12:10,647.0147291666667,634.15765,2025-11-21;2025-11-28;2025-12-05;2025-12-12,False,12.857079166666722,causal_load_main,day_ahead_planning
2025-12-19,73,12:20,646.0014624999999,621.6918499999999,2025-11-21;2025-11-28;2025-12-05;2025-12-12,False,24.309612499999957,causal_load_main,day_ahead_planning
2025-12-19,74,12:30,642.8329166666666,663.5866666666666,2025-11-21;2025-11-28;2025-12-05;2025-12-12,False,20.753749999999968,causal_load_main,day_ahead_planning
2025-12-19,75,12:40,629.0698,689.2875,2025-11-21;2025-11-28;2025-12-05;2025-12-12,False,60.217700000000036,causal_load_main,day_ahead_planning
2025-12-19,76,12:50,629.2187791666666,691.0354666666667,2025-11-21;2025-11-28;2025-12-05;2025-12-12,False,61.81668750000006,causal_load_main,day_ahead_planning
2025-12-19,77,13:00,641.6129166666666,673.8149999999999,2025-11-21;2025-11-28;2025-12-05;2025-12-12,False,32.20208333333335,causal_load_main,day_ahead_planning
2025-12-19,78,13:10,639.4818541666666,645.8299666666667,2025-11-21;2025-11-28;2025-12-05;2025-12-12,False,6.34811250000007,causal_load_main,day_ahead_planning
2025-12-19,79,13:20,633.0768708333333,642.4054666666666,2025-11-21;2025-11-28;2025-12-05;2025-12-12,False,9.328595833333338,causal_load_main,day_ahead_planning
2025-12-19,80,13:30,626.2141666666666,657.28,2025-11-21;2025-11-28;2025-12-05;2025-12-12,False,31.06583333333333,causal_load_main,day_ahead_planning
2025-12-19,81,13:40,611.733925,649.4909833333334,2025-11-21;2025-11-28;2025-12-05;2025-12-12,False,37.75705833333336,causal_load_main,day_ahead_planning
2025-12-19,82,13:50,602.2908041666667,632.7343,2025-11-21;2025-11-28;2025-12-05;2025-12-12,False,30.44349583333326,causal_load_main,day_ahead_planning
2025-12-19,83,14:00,602.8916666666667,630.7116666666666,2025-11-21;2025-11-28;2025-12-05;2025-12-12,False,27.819999999999936,causal_load_main,day_ahead_planning
2025-12-19,84,14:10,605.6871541666667,651.6318333333334,2025-11-21;2025-11-28;2025-12-05;2025-12-12,False,45.944679166666674,causal_load_main,day_ahead_planning
2025-12-19,85,14:20,603.0861249999999,659.3862833333333,2025-11-21;2025-11-28;2025-12-05;2025-12-12,False,56.30015833333334,causal_load_main,day_ahead_planning
2025-12-19,86,14:30,600.6916666666666,627.0999999999999,2025-11-21;2025-11-28;2025-12-05;2025-12-12,False,26.408333333333303,causal_load_main,day_ahead_planning
2025-12-19,87,14:40,608.2677541666667,569.4898833333333,2025-11-21;2025-11-28;2025-12-05;2025-12-12,False,38.777870833333395,causal_load_main,day_ahead_planning
2025-12-19,88,14:50,601.88505,580.5179333333333,2025-11-21;2025-11-28;2025-12-05;2025-12-12,False,21.367116666666675,causal_load_main,day_ahead_planning
2025-12-19,89,15:00,585.9054166666667,635.9683333333332,2025-11-21;2025-11-28;2025-12-05;2025-12-12,False,50.062916666666524,causal_load_main,day_ahead_planning
2025-12-19,90,15:10,590.3884458333333,620.3921333333333,2025-11-21;2025-11-28;2025-12-05;2025-12-12,False,30.003687499999955,causal_load_main,day_ahead_planning
2025-12-19,91,15:20,601.1470791666667,601.0626666666667,2025-11-21;2025-11-28;2025-12-05;2025-12-12,False,0.0844124999999849,causal_load_main,day_ahead_planning
2025-12-19,92,15:30,601.4366666666666,614.845,2025-11-21;2025-11-28;2025-12-05;2025-12-12,False,13.408333333333417,causal_load_main,day_ahead_planning
2025-12-19,93,15:40,589.6778791666667,622.5156999999999,2025-11-21;2025-11-28;2025-12-05;2025-12-12,False,32.83782083333324,causal_load_main,day_ahead_planning
2025-12-19,94,15:50,587.8885124999999,593.40275,2025-11-21;2025-11-28;2025-12-05;2025-12-12,False,5.514237500000036,causal_load_main,day_ahead_planning
2025-12-19,95,16:00,591.4141666666666,556.5783333333333,2025-11-21;2025-11-28;2025-12-05;2025-12-12,False,34.83583333333331,causal_load_main,day_ahead_planning
2025-12-19,96,16:10,575.6169,570.3604166666667,2025-11-21;2025-11-28;2025-12-05;2025-12-12,False,5.256483333333335,causal_load_main,day_ahead_planning
2025-12-19,97,16:20,564.6896750000001,585.8944166666666,2025-11-21;2025-11-28;2025-12-05;2025-12-12,False,21.204741666666564,causal_load_main,day_ahead_planning
2025-12-19,98,16:30,569.6941666666667,591.9483333333333,2025-11-21;2025-11-28;2025-12-05;2025-12-12,False,22.254166666666606,causal_load_main,day_ahead_planning
2025-12-19,99,16:40,568.84615,612.0690833333333,2025-11-21;2025-11-28;2025-12-05;2025-12-12,False,43.222933333333344,causal_load_main,day_ahead_planning
2025-12-19,100,16:50,515.8606124999999,555.64635,2025-11-21;2025-11-28;2025-12-05;2025-12-12,False,39.785737500000096,causal_load_main,day_ahead_planning
2025-12-19,101,17:00,451.8620833333333,459.43833333333333,2025-11-21;2025-11-28;2025-12-05;2025-12-12,False,7.576250000000016,causal_load_main,day_ahead_planning
2025-12-19,102,17:10,466.2411333333333,461.22523333333334,2025-11-21;2025-11-28;2025-12-05;2025-12-12,False,5.015899999999988,causal_load_main,day_ahead_planning
2025-12-19,103,17:20,473.0270499999999,480.1184666666666,2025-11-21;2025-11-28;2025-12-05;2025-12-12,False,7.091416666666703,causal_load_main,day_ahead_planning
2025-12-19,104,17:30,445.67083333333323,463.77666666666664,2025-11-21;2025-11-28;2025-12-05;2025-12-12,False,18.105833333333408,causal_load_main,day_ahead_planning
2025-12-19,105,17:40,443.8172541666666,444.6088833333333,2025-11-21;2025-11-28;2025-12-05;2025-12-12,False,0.7916291666667234,causal_load_main,day_ahead_planning
2025-12-19,106,17:50,455.2220208333333,452.0209333333333,2025-11-21;2025-11-28;2025-12-05;2025-12-12,False,3.2010875000000283,causal_load_main,day_ahead_planning
2025-12-19,107,18:00,459.50666666666666,462.25,2025-11-21;2025-11-28;2025-12-05;2025-12-12,False,2.7433333333333394,causal_load_main,day_ahead_planning
2025-12-19,108,18:10,452.72237916666666,429.6857666666666,2025-11-21;2025-11-28;2025-12-05;2025-12-12,False,23.036612500000047,causal_load_main,day_ahead_planning
2025-12-19,109,18:20,451.6512375,423.6578333333333,2025-11-21;2025-11-28;2025-12-05;2025-12-12,False,27.993404166666664,causal_load_main,day_ahead_planning
2025-12-19,110,18:30,454.21500000000003,460.70166666666665,2025-11-21;2025-11-28;2025-12-05;2025-12-12,False,6.486666666666622,causal_load_main,day_ahead_planning
2025-12-19,111,18:40,444.31763333333333,485.91185,2025-11-21;2025-11-28;2025-12-05;2025-12-12,False,41.59421666666668,causal_load_main,day_ahead_planning
2025-12-19,112,18:50,444.1176333333333,487.0848833333333,2025-11-21;2025-11-28;2025-12-05;2025-12-12,False,42.967250000000035,causal_load_main,day_ahead_planning
2025-12-19,113,19:00,454.5758333333333,465.5466666666667,2025-11-21;2025-11-28;2025-12-05;2025-12-12,False,10.97083333333336,causal_load_main,day_ahead_planning
2025-12-19,114,19:10,452.9976875,434.0167666666667,2025-11-21;2025-11-28;2025-12-05;2025-12-12,False,18.9809208333333,causal_load_main,day_ahead_planning
2025-12-19,115,19:20,446.23643749999997,439.9162833333333,2025-11-21;2025-11-28;2025-12-05;2025-12-12,False,6.3201541666666685,causal_load_main,day_ahead_planning
2025-12-19,116,19:30,450.52458333333334,469.5716666666666,2025-11-21;2025-11-28;2025-12-05;2025-12-12,False,19.047083333333262,causal_load_main,day_ahead_planning
2025-12-19,117,19:40,471.4545583333333,463.1509166666666,2025-11-21;2025-11-28;2025-12-05;2025-12-12,False,8.303641666666692,causal_load_main,day_ahead_planning
2025-12-19,118,19:50,468.1663041666667,453.44613333333336,2025-11-21;2025-11-28;2025-12-05;2025-12-12,False,14.720170833333327,causal_load_main,day_ahead_planning
2025-12-19,119,20:00,449.895,457.6583333333333,2025-11-21;2025-11-28;2025-12-05;2025-12-12,False,7.763333333333321,causal_load_main,day_ahead_planning
2025-12-19,120,20:10,463.68118749999996,461.49615,2025-11-21;2025-11-28;2025-12-05;2025-12-12,False,2.1850374999999644,causal_load_main,day_ahead_planning
2025-12-19,121,20:20,463.679825,480.94606666666664,2025-11-21;2025-11-28;2025-12-05;2025-12-12,False,17.266241666666645,causal_load_main,day_ahead_planning
2025-12-19,122,20:30,443.82041666666663,498.8883333333333,2025-11-21;2025-11-28;2025-12-05;2025-12-12,False,55.06791666666669,causal_load_main,day_ahead_planning
2025-12-19,123,20:40,446.95270833333325,476.73301666666663,2025-11-21;2025-11-28;2025-12-05;2025-12-12,False,29.78030833333338,causal_load_main,day_ahead_planning
2025-12-19,124,20:50,457.67221666666666,452.9946333333333,2025-11-21;2025-11-28;2025-12-05;2025-12-12,False,4.677583333333359,causal_load_main,day_ahead_planning
2025-12-19,125,21:00,462.64625,452.82833333333326,2025-11-21;2025-11-28;2025-12-05;2025-12-12,False,9.817916666666747,causal_load_main,day_ahead_planning
2025-12-19,126,21:10,463.80002916666666,466.57,2025-11-21;2025-11-28;2025-12-05;2025-12-12,False,2.769970833333332,causal_load_main,day_ahead_planning
2025-12-19,127,21:20,455.74161666666663,478.1554833333333,2025-11-21;2025-11-28;2025-12-05;2025-12-12,False,22.41386666666665,causal_load_main,day_ahead_planning
2025-12-19,128,21:30,453.6141666666666,482.3066666666667,2025-11-21;2025-11-28;2025-12-05;2025-12-12,False,28.692500000000052,causal_load_main,day_ahead_planning
2025-12-19,129,21:40,472.6847958333333,477.1696833333333,2025-11-21;2025-11-28;2025-12-05;2025-12-12,False,4.4848875000000135,causal_load_main,day_ahead_planning
2025-12-19,130,21:50,443.2276958333333,429.58833333333337,2025-11-21;2025-11-28;2025-12-05;2025-12-12,False,13.639362499999947,causal_load_main,day_ahead_planning
2025-12-19,131,22:00,381.64374999999995,368.7583333333333,2025-11-21;2025-11-28;2025-12-05;2025-12-12,False,12.885416666666629,causal_load_main,day_ahead_planning
2025-12-19,132,22:10,378.21521249999995,368.35238333333336,2025-11-21;2025-11-28;2025-12-05;2025-12-12,False,9.862829166666586,causal_load_main,day_ahead_planning
2025-12-19,133,22:20,390.4112708333333,399.27624999999995,2025-11-21;2025-11-28;2025-12-05;2025-12-12,False,8.864979166666672,causal_load_main,day_ahead_planning
2025-12-19,134,22:30,390.29249999999996,418.78166666666664,2025-11-21;2025-11-28;2025-12-05;2025-12-12,False,28.489166666666677,causal_load_main,day_ahead_planning
2025-12-19,135,22:40,394.40181666666666,410.1115,2025-11-21;2025-11-28;2025-12-05;2025-12-12,False,15.709683333333317,causal_load_main,day_ahead_planning
2025-12-19,136,22:50,401.3420041666667,407.80884999999995,2025-11-21;2025-11-28;2025-12-05;2025-12-12,False,6.466845833333252,causal_load_main,day_ahead_planning
2025-12-19,137,23:00,405.59916666666663,426.7266666666667,2025-11-21;2025-11-28;2025-12-05;2025-12-12,False,21.127500000000055,causal_load_main,day_ahead_planning
2025-12-19,138,23:10,404.30336666666665,444.6023333333333,2025-11-21;2025-11-28;2025-12-05;2025-12-12,False,40.29896666666667,causal_load_main,day_ahead_planning
2025-12-19,139,23:20,401.49614166666663,423.5705833333333,2025-11-21;2025-11-28;2025-12-05;2025-12-12,False,22.074441666666644,causal_load_main,day_ahead_planning
2025-12-19,140,23:30,402.0720833333333,398.70166666666665,2025-11-21;2025-11-28;2025-12-05;2025-12-12,False,3.3704166666666424,causal_load_main,day_ahead_planning
2025-12-19,141,23:40,408.5134791666666,439.3833333333333,2025-11-21;2025-11-28;2025-12-05;2025-12-12,False,30.8698541666667,causal_load_main,day_ahead_planning
2025-12-19,142,23:50,417.2675791666666,451.92335,2025-11-21;2025-11-28;2025-12-05;2025-12-12,False,34.655770833333406,causal_load_main,day_ahead_planning
2025-12-19,143,0:00+1,426.8029166666667,427.7783333333333,2025-11-21;2025-11-28;2025-12-05;2025-12-12,False,0.9754166666666038,causal_load_main,day_ahead_planning
2025-12-20,0,00:10,436.7300375,447.80448333333334,2025-11-22;2025-11-29;2025-12-06;2025-12-13,False,11.074445833333357,causal_load_main,day_ahead_planning
2025-12-20,1,00:20,437.8589916666666,447.70889999999997,2025-11-22;2025-11-29;2025-12-06;2025-12-13,False,9.84990833333336,causal_load_main,day_ahead_planning
2025-12-20,2,00:30,435.00041666666664,423.1133333333333,2025-11-22;2025-11-29;2025-12-06;2025-12-13,False,11.88708333333335,causal_load_main,day_ahead_planning
2025-12-20,3,00:40,440.95512916666667,440.94868333333335,2025-11-22;2025-11-29;2025-12-06;2025-12-13,False,0.006445833333316386,causal_load_main,day_ahead_planning
2025-12-20,4,00:50,436.86492499999997,464.57295,2025-11-22;2025-11-29;2025-12-06;2025-12-13,False,27.70802500000002,causal_load_main,day_ahead_planning
2025-12-20,5,01:00,426.21541666666667,466.09,2025-11-22;2025-11-29;2025-12-06;2025-12-13,False,39.874583333333305,causal_load_main,day_ahead_planning
2025-12-20,6,01:10,433.74098749999996,455.40111666666667,2025-11-22;2025-11-29;2025-12-06;2025-12-13,False,21.660129166666707,causal_load_main,day_ahead_planning
2025-12-20,7,01:20,447.6424375,450.58844999999997,2025-11-22;2025-11-29;2025-12-06;2025-12-13,False,2.946012499999938,causal_load_main,day_ahead_planning
2025-12-20,8,01:30,451.64666666666665,467.695,2025-11-22;2025-11-29;2025-12-06;2025-12-13,False,16.048333333333346,causal_load_main,day_ahead_planning
2025-12-20,9,01:40,442.25063333333327,505.5146833333333,2025-11-22;2025-11-29;2025-12-06;2025-12-13,False,63.264050000000054,causal_load_main,day_ahead_planning
2025-12-20,10,01:50,445.6124749999999,511.70961666666665,2025-11-22;2025-11-29;2025-12-06;2025-12-13,False,66.09714166666674,causal_load_main,day_ahead_planning
2025-12-20,11,02:00,462.41374999999994,491.65666666666664,2025-11-22;2025-11-29;2025-12-06;2025-12-13,False,29.2429166666667,causal_load_main,day_ahead_planning
2025-12-20,12,02:10,468.2433541666666,499.47051666666664,2025-11-22;2025-11-29;2025-12-06;2025-12-13,False,31.22716250000002,causal_load_main,day_ahead_planning
2025-12-20,13,02:20,469.10422916666664,503.8985666666666,2025-11-22;2025-11-29;2025-12-06;2025-12-13,False,34.79433749999998,causal_load_main,day_ahead_planning
2025-12-20,14,02:30,466.1479166666667,485.9266666666666,2025-11-22;2025-11-29;2025-12-06;2025-12-13,False,19.778749999999945,causal_load_main,day_ahead_planning
2025-12-20,15,02:40,455.338875,464.00545,2025-11-22;2025-11-29;2025-12-06;2025-12-13,False,8.666575000000023,causal_load_main,day_ahead_planning
2025-12-20,16,02:50,461.405175,467.23064999999997,2025-11-22;2025-11-29;2025-12-06;2025-12-13,False,5.825474999999983,causal_load_main,day_ahead_planning
2025-12-20,17,03:00,476.56708333333324,486.12666666666667,2025-11-22;2025-11-29;2025-12-06;2025-12-13,False,9.559583333333421,causal_load_main,day_ahead_planning
2025-12-20,18,03:10,468.0553125,484.7157666666667,2025-11-22;2025-11-29;2025-12-06;2025-12-13,False,16.660454166666682,causal_load_main,day_ahead_planning
2025-12-20,19,03:20,461.4473875,483.0423166666667,2025-11-22;2025-11-29;2025-12-06;2025-12-13,False,21.594929166666702,causal_load_main,day_ahead_planning
2025-12-20,20,03:30,473.3908333333333,483.98333333333335,2025-11-22;2025-11-29;2025-12-06;2025-12-13,False,10.59250000000003,causal_load_main,day_ahead_planning
2025-12-20,21,03:40,493.6039,474.44854999999995,2025-11-22;2025-11-29;2025-12-06;2025-12-13,False,19.155350000000055,causal_load_main,day_ahead_planning
2025-12-20,22,03:50,500.7444375,500.38514999999995,2025-11-22;2025-11-29;2025-12-06;2025-12-13,False,0.3592875000000504,causal_load_main,day_ahead_planning
2025-12-20,23,04:00,490.04249999999996,541.3916666666667,2025-11-22;2025-11-29;2025-12-06;2025-12-13,False,51.34916666666669,causal_load_main,day_ahead_planning
2025-12-20,24,04:10,477.7873958333333,529.6310666666666,2025-11-22;2025-11-29;2025-12-06;2025-12-13,False,51.843670833333306,causal_load_main,day_ahead_planning
2025-12-20,25,04:20,486.6496208333333,529.5186,2025-11-22;2025-11-29;2025-12-06;2025-12-13,False,42.86897916666669,causal_load_main,day_ahead_planning
2025-12-20,26,04:30,505.2049999999999,552.3599999999999,2025-11-22;2025-11-29;2025-12-06;2025-12-13,False,47.15499999999997,causal_load_main,day_ahead_planning
2025-12-20,27,04:40,499.98834166666666,542.0763,2025-11-22;2025-11-29;2025-12-06;2025-12-13,False,42.08795833333329,causal_load_main,day_ahead_planning
2025-12-20,28,04:50,490.3756291666666,520.8417999999999,2025-11-22;2025-11-29;2025-12-06;2025-12-13,False,30.466170833333308,causal_load_main,day_ahead_planning
2025-12-20,29,05:00,488.49749999999995,520.4566666666666,2025-11-22;2025-11-29;2025-12-06;2025-12-13,False,31.959166666666647,causal_load_main,day_ahead_planning
2025-12-20,30,05:10,487.7127958333333,546.8819,2025-11-22;2025-11-29;2025-12-06;2025-12-13,False,59.16910416666667,causal_load_main,day_ahead_planning
2025-12-20,31,05:20,489.34399583333334,549.3977,2025-11-22;2025-11-29;2025-12-06;2025-12-13,False,60.05370416666665,causal_load_main,day_ahead_planning
2025-12-20,32,05:30,489.3983333333333,533.7316666666666,2025-11-22;2025-11-29;2025-12-06;2025-12-13,False,44.33333333333326,causal_load_main,day_ahead_planning
2025-12-20,33,05:40,484.0292416666667,546.9863666666666,2025-11-22;2025-11-29;2025-12-06;2025-12-13,False,62.95712499999996,causal_load_main,day_ahead_planning
2025-12-20,34,05:50,498.1990374999999,524.8242499999999,2025-11-22;2025-11-29;2025-12-06;2025-12-13,False,26.625212499999975,causal_load_main,day_ahead_planning
2025-12-20,35,06:00,520.5441666666666,489.2083333333333,2025-11-22;2025-11-29;2025-12-06;2025-12-13,False,31.335833333333255,causal_load_main,day_ahead_planning
2025-12-20,36,06:10,513.7719541666667,529.3739166666667,2025-11-22;2025-11-29;2025-12-06;2025-12-13,False,15.601962500000013,causal_load_main,day_ahead_planning
2025-12-20,37,06:20,509.27093749999995,549.4934999999999,2025-11-22;2025-11-29;2025-12-06;2025-12-13,False,40.22256249999998,causal_load_main,day_ahead_planning
2025-12-20,38,06:30,509.5383333333333,533.3599999999999,2025-11-22;2025-11-29;2025-12-06;2025-12-13,False,23.8216666666666,causal_load_main,day_ahead_planning
2025-12-20,39,06:40,493.6374583333333,562.83205,2025-11-22;2025-11-29;2025-12-06;2025-12-13,False,69.19459166666667,causal_load_main,day_ahead_planning
2025-12-20,40,06:50,528.1853833333333,604.5221333333333,2025-11-22;2025-11-29;2025-12-06;2025-12-13,False,76.33674999999994,causal_load_main,day_ahead_planning
2025-12-20,41,07:00,591.3141666666666,619.5816666666666,2025-11-22;2025-11-29;2025-12-06;2025-12-13,False,28.26750000000004,causal_load_main,day_ahead_planning
2025-12-20,42,07:10,588.0400791666666,606.1641333333333,2025-11-22;2025-11-29;2025-12-06;2025-12-13,False,18.124054166666724,causal_load_main,day_ahead_planning
2025-12-20,43,07:20,571.9406083333333,608.67965,2025-11-22;2025-11-29;2025-12-06;2025-12-13,False,36.73904166666671,causal_load_main,day_ahead_planning
2025-12-20,44,07:30,577.73375,620.0333333333333,2025-11-22;2025-11-29;2025-12-06;2025-12-13,False,42.29958333333332,causal_load_main,day_ahead_planning
2025-12-20,45,07:40,585.4780666666666,598.0881333333333,2025-11-22;2025-11-29;2025-12-06;2025-12-13,False,12.61006666666674,causal_load_main,day_ahead_planning
2025-12-20,46,07:50,585.9104333333333,607.5416499999999,2025-11-22;2025-11-29;2025-12-06;2025-12-13,False,21.631216666666546,causal_load_main,day_ahead_planning
2025-12-20,47,08:00,583.14,645.265,2025-11-22;2025-11-29;2025-12-06;2025-12-13,False,62.125,causal_load_main,day_ahead_planning
2025-12-20,48,08:10,586.5403875,639.38925,2025-11-22;2025-11-29;2025-12-06;2025-12-13,False,52.848862499999996,causal_load_main,day_ahead_planning
2025-12-20,49,08:20,586.6411541666666,622.3306833333334,2025-11-22;2025-11-29;2025-12-06;2025-12-13,False,35.689529166666716,causal_load_main,day_ahead_planning
2025-12-20,50,08:30,578.1083333333333,615.9666666666667,2025-11-22;2025-11-29;2025-12-06;2025-12-13,False,37.85833333333335,causal_load_main,day_ahead_planning
2025-12-20,51,08:40,573.4859375,616.43545,2025-11-22;2025-11-29;2025-12-06;2025-12-13,False,42.94951249999997,causal_load_main,day_ahead_planning
2025-12-20,52,08:50,617.473575,663.7323333333333,2025-11-22;2025-11-29;2025-12-06;2025-12-13,False,46.258758333333276,causal_load_main,day_ahead_planning
2025-12-20,53,09:00,682.5483333333333,722.475,2025-11-22;2025-11-29;2025-12-06;2025-12-13,False,39.92666666666673,causal_load_main,day_ahead_planning
2025-12-20,54,09:10,691.8555416666667,713.3654333333334,2025-11-22;2025-11-29;2025-12-06;2025-12-13,False,21.509891666666704,causal_load_main,day_ahead_planning
2025-12-20,55,09:20,689.3239541666667,722.6517,2025-11-22;2025-11-29;2025-12-06;2025-12-13,False,33.327745833333324,causal_load_main,day_ahead_planning
2025-12-20,56,09:30,692.1408333333333,746.6566666666665,2025-11-22;2025-11-29;2025-12-06;2025-12-13,False,54.51583333333326,causal_load_main,day_ahead_planning
2025-12-20,57,09:40,675.1979041666666,699.74065,2025-11-22;2025-11-29;2025-12-06;2025-12-13,False,24.542745833333356,causal_load_main,day_ahead_planning
2025-12-20,58,09:50,673.1896208333333,690.6329833333332,2025-11-22;2025-11-29;2025-12-06;2025-12-13,False,17.44336249999992,causal_load_main,day_ahead_planning
2025-12-20,59,10:00,684.3370833333333,722.4699999999999,2025-11-22;2025-11-29;2025-12-06;2025-12-13,False,38.132916666666574,causal_load_main,day_ahead_planning
2025-12-20,60,10:10,672.4381958333333,692.67155,2025-11-22;2025-11-29;2025-12-06;2025-12-13,False,20.233354166666686,causal_load_main,day_ahead_planning
2025-12-20,61,10:20,669.9318875,692.5208166666666,2025-11-22;2025-11-29;2025-12-06;2025-12-13,False,22.588929166666617,causal_load_main,day_ahead_planning
2025-12-20,62,10:30,683.6808333333332,730.9566666666666,2025-11-22;2025-11-29;2025-12-06;2025-12-13,False,47.27583333333337,causal_load_main,day_ahead_planning
2025-12-20,63,10:40,684.4020208333333,716.6178666666666,2025-11-22;2025-11-29;2025-12-06;2025-12-13,False,32.21584583333333,causal_load_main,day_ahead_planning
2025-12-20,64,10:50,671.6736041666666,685.6115166666666,2025-11-22;2025-11-29;2025-12-06;2025-12-13,False,13.937912500000039,causal_load_main,day_ahead_planning
2025-12-20,65,11:00,657.5295833333333,675.2133333333334,2025-11-22;2025-11-29;2025-12-06;2025-12-13,False,17.683750000000032,causal_load_main,day_ahead_planning
2025-12-20,66,11:10,653.9416791666666,684.1335166666665,2025-11-22;2025-11-29;2025-12-06;2025-12-13,False,30.191837499999906,causal_load_main,day_ahead_planning
2025-12-20,67,11:20,653.8585416666666,686.7256333333332,2025-11-22;2025-11-29;2025-12-06;2025-12-13,False,32.867091666666624,causal_load_main,day_ahead_planning
2025-12-20,68,11:30,651.8945833333332,680.8783333333333,2025-11-22;2025-11-29;2025-12-06;2025-12-13,False,28.9837500000001,causal_load_main,day_ahead_planning
2025-12-20,69,11:40,649.6738499999999,686.6740833333333,2025-11-22;2025-11-29;2025-12-06;2025-12-13,False,37.000233333333426,causal_load_main,day_ahead_planning
2025-12-20,70,11:50,650.5486,695.6324833333333,2025-11-22;2025-11-29;2025-12-06;2025-12-13,False,45.08388333333335,causal_load_main,day_ahead_planning
2025-12-20,71,12:00,648.79125,686.015,2025-11-22;2025-11-29;2025-12-06;2025-12-13,False,37.223749999999995,causal_load_main,day_ahead_planning
2025-12-20,72,12:10,636.1463374999998,649.6635166666666,2025-11-22;2025-11-29;2025-12-06;2025-12-13,False,13.517179166666779,causal_load_main,day_ahead_planning
2025-12-20,73,12:20,630.8933333333332,651.7484499999999,2025-11-22;2025-11-29;2025-12-06;2025-12-13,False,20.85511666666673,causal_load_main,day_ahead_planning
2025-12-20,74,12:30,632.64875,680.8283333333333,2025-11-22;2025-11-29;2025-12-06;2025-12-13,False,48.17958333333331,causal_load_main,day_ahead_planning
2025-12-20,75,12:40,624.3700291666667,662.4141833333333,2025-11-22;2025-11-29;2025-12-06;2025-12-13,False,38.04415416666666,causal_load_main,day_ahead_planning
2025-12-20,76,12:50,622.8739041666665,646.8432666666666,2025-11-22;2025-11-29;2025-12-06;2025-12-13,False,23.969362500000102,causal_load_main,day_ahead_planning
2025-12-20,77,13:00,628.5554166666666,648.1116666666667,2025-11-22;2025-11-29;2025-12-06;2025-12-13,False,19.55625000000009,causal_load_main,day_ahead_planning
2025-12-20,78,13:10,623.5376999999999,632.8638166666666,2025-11-22;2025-11-29;2025-12-06;2025-12-13,False,9.326116666666735,causal_load_main,day_ahead_planning
2025-12-20,79,13:20,617.0366624999999,648.7063333333333,2025-11-22;2025-11-29;2025-12-06;2025-12-13,False,31.669670833333385,causal_load_main,day_ahead_planning
2025-12-20,80,13:30,614.34625,673.27,2025-11-22;2025-11-29;2025-12-06;2025-12-13,False,58.92374999999993,causal_load_main,day_ahead_planning
2025-12-20,81,13:40,611.6885958333332,633.6578166666666,2025-11-22;2025-11-29;2025-12-06;2025-12-13,False,21.96922083333334,causal_load_main,day_ahead_planning
2025-12-20,82,13:50,612.6203958333333,613.9556333333333,2025-11-22;2025-11-29;2025-12-06;2025-12-13,False,1.3352374999999483,causal_load_main,day_ahead_planning
2025-12-20,83,14:00,616.6279166666666,629.5966666666666,2025-11-22;2025-11-29;2025-12-06;2025-12-13,False,12.96875,causal_load_main,day_ahead_planning
2025-12-20,84,14:10,618.793825,616.7538,2025-11-22;2025-11-29;2025-12-06;2025-12-13,False,2.040025000000014,causal_load_main,day_ahead_planning
2025-12-20,85,14:20,620.3492458333333,626.27855,2025-11-22;2025-11-29;2025-12-06;2025-12-13,False,5.929304166666725,causal_load_main,day_ahead_planning
2025-12-20,86,14:30,616.4866666666667,650.79,2025-11-22;2025-11-29;2025-12-06;2025-12-13,False,34.303333333333285,causal_load_main,day_ahead_planning
2025-12-20,87,14:40,600.9338416666666,624.5921666666666,2025-11-22;2025-11-29;2025-12-06;2025-12-13,False,23.65832499999999,causal_load_main,day_ahead_planning
2025-12-20,88,14:50,591.4016750000001,599.1859333333333,2025-11-22;2025-11-29;2025-12-06;2025-12-13,False,7.784258333333241,causal_load_main,day_ahead_planning
2025-12-20,89,15:00,595.1675,612.2449999999999,2025-11-22;2025-11-29;2025-12-06;2025-12-13,False,17.077499999999873,causal_load_main,day_ahead_planning
2025-12-20,90,15:10,601.4044833333332,640.9825999999999,2025-11-22;2025-11-29;2025-12-06;2025-12-13,False,39.57811666666669,causal_load_main,day_ahead_planning
2025-12-20,91,15:20,594.0349833333333,602.9079999999999,2025-11-22;2025-11-29;2025-12-06;2025-12-13,False,8.873016666666558,causal_load_main,day_ahead_planning
2025-12-20,92,15:30,581.1587499999999,532.135,2025-11-22;2025-11-29;2025-12-06;2025-12-13,False,49.02374999999995,causal_load_main,day_ahead_planning
2025-12-20,93,15:40,583.4461166666666,547.9330833333333,2025-11-22;2025-11-29;2025-12-06;2025-12-13,False,35.51303333333328,causal_load_main,day_ahead_planning
2025-12-20,94,15:50,572.7806041666666,588.6200333333334,2025-11-22;2025-11-29;2025-12-06;2025-12-13,False,15.839429166666719,causal_load_main,day_ahead_planning
2025-12-20,95,16:00,557.8266666666666,605.1966666666666,2025-11-22;2025-11-29;2025-12-06;2025-12-13,False,47.370000000000005,causal_load_main,day_ahead_planning
2025-12-20,96,16:10,575.3232458333333,607.8454333333333,2025-11-22;2025-11-29;2025-12-06;2025-12-13,False,32.52218749999997,causal_load_main,day_ahead_planning
2025-12-20,97,16:20,580.2878291666666,605.92515,2025-11-22;2025-11-29;2025-12-06;2025-12-13,False,25.637320833333433,causal_load_main,day_ahead_planning
2025-12-20,98,16:30,575.0962499999999,605.52,2025-11-22;2025-11-29;2025-12-06;2025-12-13,False,30.42375000000004,causal_load_main,day_ahead_planning
2025-12-20,99,16:40,594.4486625,596.6469666666667,2025-11-22;2025-11-29;2025-12-06;2025-12-13,False,2.1983041666667305,causal_load_main,day_ahead_planning
2025-12-20,100,16:50,536.4635666666666,520.2155166666666,2025-11-22;2025-11-29;2025-12-06;2025-12-13,False,16.24804999999992,causal_load_main,day_ahead_planning
2025-12-20,101,17:00,433.6420833333333,429.90999999999997,2025-11-22;2025-11-29;2025-12-06;2025-12-13,False,3.732083333333321,causal_load_main,day_ahead_planning
2025-12-20,102,17:10,430.7238791666666,448.3893333333333,2025-11-22;2025-11-29;2025-12-06;2025-12-13,False,17.665454166666677,causal_load_main,day_ahead_planning
2025-12-20,103,17:20,448.23555416666665,478.58885,2025-11-22;2025-11-29;2025-12-06;2025-12-13,False,30.353295833333334,causal_load_main,day_ahead_planning
2025-12-20,104,17:30,438.6208333333333,469.0333333333333,2025-11-22;2025-11-29;2025-12-06;2025-12-13,False,30.412500000000023,causal_load_main,day_ahead_planning
2025-12-20,105,17:40,435.9343208333333,459.1114,2025-11-22;2025-11-29;2025-12-06;2025-12-13,False,23.177079166666715,causal_load_main,day_ahead_planning
2025-12-20,106,17:50,441.4092749999999,444.9661166666666,2025-11-22;2025-11-29;2025-12-06;2025-12-13,False,3.556841666666685,causal_load_main,day_ahead_planning
2025-12-20,107,18:00,448.3879166666667,430.7416666666666,2025-11-22;2025-11-29;2025-12-06;2025-12-13,False,17.646250000000066,causal_load_main,day_ahead_planning
2025-12-20,108,18:10,453.0504375,435.4194333333333,2025-11-22;2025-11-29;2025-12-06;2025-12-13,False,17.631004166666685,causal_load_main,day_ahead_planning
2025-12-20,109,18:20,457.36219166666666,457.02548333333334,2025-11-22;2025-11-29;2025-12-06;2025-12-13,False,0.33670833333331984,causal_load_main,day_ahead_planning
2025-12-20,110,18:30,456.50791666666663,475.04333333333335,2025-11-22;2025-11-29;2025-12-06;2025-12-13,False,18.53541666666672,causal_load_main,day_ahead_planning
2025-12-20,111,18:40,445.0367041666666,467.14865,2025-11-22;2025-11-29;2025-12-06;2025-12-13,False,22.11194583333338,causal_load_main,day_ahead_planning
2025-12-20,112,18:50,446.22604166666656,455.4176666666666,2025-11-22;2025-11-29;2025-12-06;2025-12-13,False,9.191625000000045,causal_load_main,day_ahead_planning
2025-12-20,113,19:00,454.69375,457.0916666666667,2025-11-22;2025-11-29;2025-12-06;2025-12-13,False,2.3979166666666742,causal_load_main,day_ahead_planning
2025-12-20,114,19:10,445.0217375,467.5269833333333,2025-11-22;2025-11-29;2025-12-06;2025-12-13,False,22.505245833333333,causal_load_main,day_ahead_planning
2025-12-20,115,19:20,452.8052124999999,460.58701666666667,2025-11-22;2025-11-29;2025-12-06;2025-12-13,False,7.7818041666667455,causal_load_main,day_ahead_planning
2025-12-20,116,19:30,470.7983333333333,444.32,2025-11-22;2025-11-29;2025-12-06;2025-12-13,False,26.478333333333296,causal_load_main,day_ahead_planning
2025-12-20,117,19:40,453.52677083333333,450.30060000000003,2025-11-22;2025-11-29;2025-12-06;2025-12-13,False,3.226170833333299,causal_load_main,day_ahead_planning
2025-12-20,118,19:50,435.4693625,448.7783166666666,2025-11-22;2025-11-29;2025-12-06;2025-12-13,False,13.308954166666638,causal_load_main,day_ahead_planning
2025-12-20,119,20:00,446.9466666666667,441.90166666666664,2025-11-22;2025-11-29;2025-12-06;2025-12-13,False,5.045000000000073,causal_load_main,day_ahead_planning
2025-12-20,120,20:10,481.0524291666666,460.71348333333333,2025-11-22;2025-11-29;2025-12-06;2025-12-13,False,20.338945833333298,causal_load_main,day_ahead_planning
2025-12-20,121,20:20,483.9584125,463.74518333333333,2025-11-22;2025-11-29;2025-12-06;2025-12-13,False,20.21322916666668,causal_load_main,day_ahead_planning
2025-12-20,122,20:30,454.7133333333333,449.195,2025-11-22;2025-11-29;2025-12-06;2025-12-13,False,5.518333333333317,causal_load_main,day_ahead_planning
2025-12-20,123,20:40,444.82468333333327,457.47270000000003,2025-11-22;2025-11-29;2025-12-06;2025-12-13,False,12.648016666666763,causal_load_main,day_ahead_planning
2025-12-20,124,20:50,457.71014166666663,465.90511666666663,2025-11-22;2025-11-29;2025-12-06;2025-12-13,False,8.194975,causal_load_main,day_ahead_planning
2025-12-20,125,21:00,470.75374999999997,465.9866666666667,2025-11-22;2025-11-29;2025-12-06;2025-12-13,False,4.767083333333289,causal_load_main,day_ahead_planning
2025-12-20,126,21:10,461.2952333333333,471.1529833333333,2025-11-22;2025-11-29;2025-12-06;2025-12-13,False,9.85775000000001,causal_load_main,day_ahead_planning
2025-12-20,127,21:20,458.2366916666667,462.1746833333333,2025-11-22;2025-11-29;2025-12-06;2025-12-13,False,3.937991666666619,causal_load_main,day_ahead_planning
2025-12-20,128,21:30,469.91041666666666,454.24499999999995,2025-11-22;2025-11-29;2025-12-06;2025-12-13,False,15.665416666666715,causal_load_main,day_ahead_planning
2025-12-20,129,21:40,471.9222208333333,479.83878333333337,2025-11-22;2025-11-29;2025-12-06;2025-12-13,False,7.916562500000055,causal_load_main,day_ahead_planning
2025-12-20,130,21:50,444.839375,472.6726166666666,2025-11-22;2025-11-29;2025-12-06;2025-12-13,False,27.833241666666595,causal_load_main,day_ahead_planning
2025-12-20,131,22:00,403.6233333333333,428.09833333333336,2025-11-22;2025-11-29;2025-12-06;2025-12-13,False,24.47500000000008,causal_load_main,day_ahead_planning
2025-12-20,132,22:10,385.2435083333333,409.21659999999997,2025-11-22;2025-11-29;2025-12-06;2025-12-13,False,23.973091666666676,causal_load_main,day_ahead_planning
2025-12-20,133,22:20,383.7449791666666,403.8082166666666,2025-11-22;2025-11-29;2025-12-06;2025-12-13,False,20.063237500000014,causal_load_main,day_ahead_planning
2025-12-20,134,22:30,386.22375,399.6733333333333,2025-11-22;2025-11-29;2025-12-06;2025-12-13,False,13.449583333333294,causal_load_main,day_ahead_planning
2025-12-20,135,22:40,388.8415166666666,405.79211666666663,2025-11-22;2025-11-29;2025-12-06;2025-12-13,False,16.95060000000001,causal_load_main,day_ahead_planning
2025-12-20,136,22:50,406.0345083333333,434.6745166666666,2025-11-22;2025-11-29;2025-12-06;2025-12-13,False,28.6400083333333,causal_load_main,day_ahead_planning
2025-12-20,137,23:00,424.47375,454.49499999999995,2025-11-22;2025-11-29;2025-12-06;2025-12-13,False,30.021249999999952,causal_load_main,day_ahead_planning
2025-12-20,138,23:10,414.93301249999996,418.8956666666666,2025-11-22;2025-11-29;2025-12-06;2025-12-13,False,3.9626541666666526,causal_load_main,day_ahead_planning
2025-12-20,139,23:20,411.60862499999996,399.4417833333333,2025-11-22;2025-11-29;2025-12-06;2025-12-13,False,12.166841666666642,causal_load_main,day_ahead_planning
2025-12-20,140,23:30,416.1841666666666,407.83,2025-11-22;2025-11-29;2025-12-06;2025-12-13,False,8.354166666666629,causal_load_main,day_ahead_planning
2025-12-20,141,23:40,408.9902208333333,399.3888333333333,2025-11-22;2025-11-29;2025-12-06;2025-12-13,False,9.601387499999987,causal_load_main,day_ahead_planning
2025-12-20,142,23:50,473.4739583333333,457.3801166666666,2025-11-22;2025-11-29;2025-12-06;2025-12-13,False,16.09384166666672,causal_load_main,day_ahead_planning
2025-12-20,143,0:00+1,574.6095833333334,562.2116666666666,2025-11-22;2025-11-29;2025-12-06;2025-12-13,False,12.397916666666788,causal_load_main,day_ahead_planning
2025-12-21,0,00:10,583.2283458333334,596.0177166666666,2025-11-23;2025-11-30;2025-12-07;2025-12-14,False,12.789370833333237,causal_load_main,day_ahead_planning
2025-12-21,1,00:20,569.6132249999999,589.6451666666667,2025-11-23;2025-11-30;2025-12-07;2025-12-14,False,20.03194166666674,causal_load_main,day_ahead_planning
2025-12-21,2,00:30,584.3774999999999,578.6833333333333,2025-11-23;2025-11-30;2025-12-07;2025-12-14,False,5.694166666666661,causal_load_main,day_ahead_planning
2025-12-21,3,00:40,606.4918749999999,564.7100333333333,2025-11-23;2025-11-30;2025-12-07;2025-12-14,False,41.78184166666665,causal_load_main,day_ahead_planning
2025-12-21,4,00:50,613.587675,549.9038833333333,2025-11-23;2025-11-30;2025-12-07;2025-12-14,False,63.68379166666671,causal_load_main,day_ahead_planning
2025-12-21,5,01:00,600.4845833333334,558.21,2025-11-23;2025-11-30;2025-12-07;2025-12-14,False,42.27458333333334,causal_load_main,day_ahead_planning
2025-12-21,6,01:10,582.9264833333332,610.3485166666667,2025-11-23;2025-11-30;2025-12-07;2025-12-14,False,27.422033333333502,causal_load_main,day_ahead_planning
2025-12-21,7,01:20,591.2365541666667,633.23595,2025-11-23;2025-11-30;2025-12-07;2025-12-14,False,41.999395833333324,causal_load_main,day_ahead_planning
2025-12-21,8,01:30,610.2691666666667,622.6966666666666,2025-11-23;2025-11-30;2025-12-07;2025-12-14,False,12.427499999999895,causal_load_main,day_ahead_planning
2025-12-21,9,01:40,597.3170833333334,637.4892666666666,2025-11-23;2025-11-30;2025-12-07;2025-12-14,False,40.17218333333324,causal_load_main,day_ahead_planning
2025-12-21,10,01:50,592.8139541666667,622.3679999999999,2025-11-23;2025-11-30;2025-12-07;2025-12-14,False,29.554045833333248,causal_load_main,day_ahead_planning
2025-12-21,11,02:00,605.4833333333333,597.8583333333333,2025-11-23;2025-11-30;2025-12-07;2025-12-14,False,7.625,causal_load_main,day_ahead_planning
2025-12-21,12,02:10,604.2215625,642.7462333333333,2025-11-23;2025-11-30;2025-12-07;2025-12-14,False,38.52467083333329,causal_load_main,day_ahead_planning
2025-12-21,13,02:20,609.4045375,653.8691166666666,2025-11-23;2025-11-30;2025-12-07;2025-12-14,False,44.46457916666668,causal_load_main,day_ahead_planning
2025-12-21,14,02:30,624.2916666666666,621.75,2025-11-23;2025-11-30;2025-12-07;2025-12-14,False,2.5416666666666288,causal_load_main,day_ahead_planning
2025-12-21,15,02:40,627.4142458333333,636.6433333333333,2025-11-23;2025-11-30;2025-12-07;2025-12-14,False,9.229087499999991,causal_load_main,day_ahead_planning
2025-12-21,16,02:50,620.7581625,631.9107333333333,2025-11-23;2025-11-30;2025-12-07;2025-12-14,False,11.152570833333243,causal_load_main,day_ahead_planning
2025-12-21,17,03:00,614.57375,625.2883333333333,2025-11-23;2025-11-30;2025-12-07;2025-12-14,False,10.71458333333328,causal_load_main,day_ahead_planning
2025-12-21,18,03:10,618.0723791666667,696.7576833333333,2025-11-23;2025-11-30;2025-12-07;2025-12-14,False,78.68530416666658,causal_load_main,day_ahead_planning
2025-12-21,19,03:20,627.9480083333333,685.8887833333333,2025-11-23;2025-11-30;2025-12-07;2025-12-14,False,57.94077500000003,causal_load_main,day_ahead_planning
2025-12-21,20,03:30,635.4141666666666,624.79,2025-11-23;2025-11-30;2025-12-07;2025-12-14,False,10.62416666666661,causal_load_main,day_ahead_planning
2025-12-21,21,03:40,633.7676375,703.4143,2025-11-23;2025-11-30;2025-12-07;2025-12-14,False,69.64666250000005,causal_load_main,day_ahead_planning
2025-12-21,22,03:50,633.2946791666666,737.3209499999999,2025-11-23;2025-11-30;2025-12-07;2025-12-14,False,104.02627083333334,causal_load_main,day_ahead_planning
2025-12-21,23,04:00,633.6058333333333,679.8583333333333,2025-11-23;2025-11-30;2025-12-07;2025-12-14,False,46.252500000000055,causal_load_main,day_ahead_planning
2025-12-21,24,04:10,627.5633666666666,673.1570666666667,2025-11-23;2025-11-30;2025-12-07;2025-12-14,False,45.59370000000001,causal_load_main,day_ahead_planning
2025-12-21,25,04:20,639.1120208333333,680.3992333333333,2025-11-23;2025-11-30;2025-12-07;2025-12-14,False,41.28721250000001,causal_load_main,day_ahead_planning
2025-12-21,26,04:30,661.02375,677.4783333333332,2025-11-23;2025-11-30;2025-12-07;2025-12-14,False,16.45458333333329,causal_load_main,day_ahead_planning
2025-12-21,27,04:40,659.7493791666666,686.9797333333332,2025-11-23;2025-11-30;2025-12-07;2025-12-14,False,27.230354166666643,causal_load_main,day_ahead_planning
2025-12-21,28,04:50,652.2367166666666,680.6025666666667,2025-11-23;2025-11-30;2025-12-07;2025-12-14,False,28.365850000000137,causal_load_main,day_ahead_planning
2025-12-21,29,05:00,653.7208333333333,672.0516666666666,2025-11-23;2025-11-30;2025-12-07;2025-12-14,False,18.330833333333317,causal_load_main,day_ahead_planning
2025-12-21,30,05:10,661.7760166666667,702.9903666666667,2025-11-23;2025-11-30;2025-12-07;2025-12-14,False,41.21434999999997,causal_load_main,day_ahead_planning
2025-12-21,31,05:20,662.7264541666666,708.8747333333333,2025-11-23;2025-11-30;2025-12-07;2025-12-14,False,46.148279166666725,causal_load_main,day_ahead_planning
2025-12-21,32,05:30,647.6633333333333,677.7633333333333,2025-11-23;2025-11-30;2025-12-07;2025-12-14,False,30.100000000000023,causal_load_main,day_ahead_planning
2025-12-21,33,05:40,635.6969124999998,679.6296833333333,2025-11-23;2025-11-30;2025-12-07;2025-12-14,False,43.93277083333351,causal_load_main,day_ahead_planning
2025-12-21,34,05:50,720.9693041666667,786.2857666666666,2025-11-23;2025-11-30;2025-12-07;2025-12-14,False,65.31646249999994,causal_load_main,day_ahead_planning
2025-12-21,35,06:00,848.50875,915.1083333333332,2025-11-23;2025-11-30;2025-12-07;2025-12-14,False,66.59958333333327,causal_load_main,day_ahead_planning
2025-12-21,36,06:10,858.4295333333332,906.553,2025-11-23;2025-11-30;2025-12-07;2025-12-14,False,48.123466666666786,causal_load_main,day_ahead_planning
2025-12-21,37,06:20,838.2000166666667,901.3054166666667,2025-11-23;2025-11-30;2025-12-07;2025-12-14,False,63.10540000000003,causal_load_main,day_ahead_planning
2025-12-21,38,06:30,844.5208333333333,931.175,2025-11-23;2025-11-30;2025-12-07;2025-12-14,False,86.6541666666667,causal_load_main,day_ahead_planning
2025-12-21,39,06:40,849.0007958333333,891.8811000000001,2025-11-23;2025-11-30;2025-12-07;2025-12-14,False,42.88030416666675,causal_load_main,day_ahead_planning
2025-12-21,40,06:50,859.4005374999999,872.2081666666666,2025-11-23;2025-11-30;2025-12-07;2025-12-14,False,12.80762916666663,causal_load_main,day_ahead_planning
2025-12-21,41,07:00,864.4108333333332,895.6999999999999,2025-11-23;2025-11-30;2025-12-07;2025-12-14,False,31.289166666666688,causal_load_main,day_ahead_planning
2025-12-21,42,07:10,841.1384625,893.4640166666666,2025-11-23;2025-11-30;2025-12-07;2025-12-14,False,52.32555416666662,causal_load_main,day_ahead_planning
2025-12-21,43,07:20,834.0265041666667,886.8849333333333,2025-11-23;2025-11-30;2025-12-07;2025-12-14,False,52.85842916666661,causal_load_main,day_ahead_planning
2025-12-21,44,07:30,838.4566666666666,871.9533333333334,2025-11-23;2025-11-30;2025-12-07;2025-12-14,False,33.49666666666678,causal_load_main,day_ahead_planning
2025-12-21,45,07:40,828.2689416666666,844.3141166666666,2025-11-23;2025-11-30;2025-12-07;2025-12-14,False,16.045174999999972,causal_load_main,day_ahead_planning
2025-12-21,46,07:50,945.4576958333332,981.5207666666666,2025-11-23;2025-11-30;2025-12-07;2025-12-14,False,36.06307083333343,causal_load_main,day_ahead_planning
2025-12-21,47,08:00,1134.95625,1196.7983333333332,2025-11-23;2025-11-30;2025-12-07;2025-12-14,False,61.84208333333322,causal_load_main,day_ahead_planning
2025-12-21,48,08:10,1178.5178833333332,1209.0584999999999,2025-11-23;2025-11-30;2025-12-07;2025-12-14,False,30.540616666666665,causal_load_main,day_ahead_planning
2025-12-21,49,08:20,1160.3214833333334,1192.14925,2025-11-23;2025-11-30;2025-12-07;2025-12-14,False,31.827766666666548,causal_load_main,day_ahead_planning
2025-12-21,50,08:30,1148.0691666666667,1227.835,2025-11-23;2025-11-30;2025-12-07;2025-12-14,False,79.76583333333338,causal_load_main,day_ahead_planning
2025-12-21,51,08:40,1126.6980958333334,1222.1887666666667,2025-11-23;2025-11-30;2025-12-07;2025-12-14,False,95.4906708333333,causal_load_main,day_ahead_planning
2025-12-21,52,08:50,1126.9084083333332,1212.6767166666666,2025-11-23;2025-11-30;2025-12-07;2025-12-14,False,85.76830833333338,causal_load_main,day_ahead_planning
2025-12-21,53,09:00,1145.2045833333332,1209.2749999999999,2025-11-23;2025-11-30;2025-12-07;2025-12-14,False,64.07041666666669,causal_load_main,day_ahead_planning
2025-12-21,54,09:10,1144.6535416666666,1179.4681,2025-11-23;2025-11-30;2025-12-07;2025-12-14,False,34.81455833333348,causal_load_main,day_ahead_planning
2025-12-21,55,09:20,1140.3741833333333,1169.02805,2025-11-23;2025-11-30;2025-12-07;2025-12-14,False,28.653866666666545,causal_load_main,day_ahead_planning
2025-12-21,56,09:30,1140.3858333333333,1191.7649999999999,2025-11-23;2025-11-30;2025-12-07;2025-12-14,False,51.379166666666606,causal_load_main,day_ahead_planning
2025-12-21,57,09:40,1134.8697,1209.90835,2025-11-23;2025-11-30;2025-12-07;2025-12-14,False,75.03864999999996,causal_load_main,day_ahead_planning
2025-12-21,58,09:50,1125.3535499999998,1190.447,2025-11-23;2025-11-30;2025-12-07;2025-12-14,False,65.09345000000008,causal_load_main,day_ahead_planning
2025-12-21,59,10:00,1120.90625,1152.0383333333332,2025-11-23;2025-11-30;2025-12-07;2025-12-14,False,31.132083333333185,causal_load_main,day_ahead_planning
2025-12-21,60,10:10,1128.1342375,1145.5621333333333,2025-11-23;2025-11-30;2025-12-07;2025-12-14,False,17.427895833333423,causal_load_main,day_ahead_planning
2025-12-21,61,10:20,1126.9293916666666,1152.1980833333332,2025-11-23;2025-11-30;2025-12-07;2025-12-14,False,25.268691666666655,causal_load_main,day_ahead_planning
2025-12-21,62,10:30,1114.2625,1158.5783333333334,2025-11-23;2025-11-30;2025-12-07;2025-12-14,False,44.31583333333333,causal_load_main,day_ahead_planning
2025-12-21,63,10:40,1108.6989833333332,1173.4486499999998,2025-11-23;2025-11-30;2025-12-07;2025-12-14,False,64.7496666666666,causal_load_main,day_ahead_planning
2025-12-21,64,10:50,1118.9248041666665,1199.1954,2025-11-23;2025-11-30;2025-12-07;2025-12-14,False,80.27059583333357,causal_load_main,day_ahead_planning
2025-12-21,65,11:00,1127.4441666666667,1211.1033333333332,2025-11-23;2025-11-30;2025-12-07;2025-12-14,False,83.65916666666658,causal_load_main,day_ahead_planning
2025-12-21,66,11:10,1107.7906083333332,1180.0967333333333,2025-11-23;2025-11-30;2025-12-07;2025-12-14,False,72.30612500000007,causal_load_main,day_ahead_planning
2025-12-21,67,11:20,1090.4512333333332,1158.1015666666667,2025-11-23;2025-11-30;2025-12-07;2025-12-14,False,67.65033333333349,causal_load_main,day_ahead_planning
2025-12-21,68,11:30,1098.4566666666667,1159.0266666666666,2025-11-23;2025-11-30;2025-12-07;2025-12-14,False,60.569999999999936,causal_load_main,day_ahead_planning
2025-12-21,69,11:40,1119.959425,1143.3451,2025-11-23;2025-11-30;2025-12-07;2025-12-14,False,23.385674999999992,causal_load_main,day_ahead_planning
2025-12-21,70,11:50,1095.1544583333334,1094.3222833333332,2025-11-23;2025-11-30;2025-12-07;2025-12-14,False,0.8321750000002339,causal_load_main,day_ahead_planning
2025-12-21,71,12:00,1037.6758333333332,1055.1499999999999,2025-11-23;2025-11-30;2025-12-07;2025-12-14,False,17.474166666666633,causal_load_main,day_ahead_planning
2025-12-21,72,12:10,1021.6180916666667,1083.6438333333333,2025-11-23;2025-11-30;2025-12-07;2025-12-14,False,62.02574166666659,causal_load_main,day_ahead_planning
2025-12-21,73,12:20,1023.0433291666666,1086.7223999999999,2025-11-23;2025-11-30;2025-12-07;2025-12-14,False,63.6790708333333,causal_load_main,day_ahead_planning
2025-12-21,74,12:30,1012.4658333333332,1045.5516666666667,2025-11-23;2025-11-30;2025-12-07;2025-12-14,False,33.08583333333354,causal_load_main,day_ahead_planning
2025-12-21,75,12:40,994.0362124999999,1039.1261166666666,2025-11-23;2025-11-30;2025-12-07;2025-12-14,False,45.089904166666656,causal_load_main,day_ahead_planning
2025-12-21,76,12:50,1022.9688541666667,1085.4605,2025-11-23;2025-11-30;2025-12-07;2025-12-14,False,62.49164583333322,causal_load_main,day_ahead_planning
2025-12-21,77,13:00,1078.3929166666667,1139.4066666666665,2025-11-23;2025-11-30;2025-12-07;2025-12-14,False,61.013749999999845,causal_load_main,day_ahead_planning
2025-12-21,78,13:10,1081.4093125,1132.8890999999999,2025-11-23;2025-11-30;2025-12-07;2025-12-14,False,51.47978749999993,causal_load_main,day_ahead_planning
2025-12-21,79,13:20,1073.2226375,1092.3975999999998,2025-11-23;2025-11-30;2025-12-07;2025-12-14,False,19.174962499999765,causal_load_main,day_ahead_planning
2025-12-21,80,13:30,1073.40375,1058.3466666666666,2025-11-23;2025-11-30;2025-12-07;2025-12-14,False,15.057083333333367,causal_load_main,day_ahead_planning
2025-12-21,81,13:40,1059.9750791666665,1055.568,2025-11-23;2025-11-30;2025-12-07;2025-12-14,False,4.407079166666563,causal_load_main,day_ahead_planning
2025-12-21,82,13:50,1054.0138625,1085.9077333333332,2025-11-23;2025-11-30;2025-12-07;2025-12-14,False,31.893870833333267,causal_load_main,day_ahead_planning
2025-12-21,83,14:00,1058.6787499999998,1109.8016666666667,2025-11-23;2025-11-30;2025-12-07;2025-12-14,False,51.122916666666924,causal_load_main,day_ahead_planning
2025-12-21,84,14:10,1056.1256958333333,1079.1305666666667,2025-11-23;2025-11-30;2025-12-07;2025-12-14,False,23.00487083333337,causal_load_main,day_ahead_planning
2025-12-21,85,14:20,1060.2010208333331,1051.8516166666666,2025-11-23;2025-11-30;2025-12-07;2025-12-14,False,8.349404166666545,causal_load_main,day_ahead_planning
2025-12-21,86,14:30,1062.4695833333333,1048.9283333333333,2025-11-23;2025-11-30;2025-12-07;2025-12-14,False,13.541249999999991,causal_load_main,day_ahead_planning
2025-12-21,87,14:40,1042.2973208333333,1040.1812499999999,2025-11-23;2025-11-30;2025-12-07;2025-12-14,False,2.116070833333424,causal_load_main,day_ahead_planning
2025-12-21,88,14:50,1049.037075,1044.6055,2025-11-23;2025-11-30;2025-12-07;2025-12-14,False,4.431575000000066,causal_load_main,day_ahead_planning
2025-12-21,89,15:00,1074.3570833333333,1051.4716666666666,2025-11-23;2025-11-30;2025-12-07;2025-12-14,False,22.885416666666742,causal_load_main,day_ahead_planning
2025-12-21,90,15:10,1059.2416333333335,1030.7194166666666,2025-11-23;2025-11-30;2025-12-07;2025-12-14,False,28.522216666666964,causal_load_main,day_ahead_planning
2025-12-21,91,15:20,1042.1221416666665,1041.5735,2025-11-23;2025-11-30;2025-12-07;2025-12-14,False,0.5486416666665264,causal_load_main,day_ahead_planning
2025-12-21,92,15:30,1043.7491666666665,1068.8316666666665,2025-11-23;2025-11-30;2025-12-07;2025-12-14,False,25.082499999999982,causal_load_main,day_ahead_planning
2025-12-21,93,15:40,1045.4441375000001,1038.2059166666666,2025-11-23;2025-11-30;2025-12-07;2025-12-14,False,7.238220833333571,causal_load_main,day_ahead_planning
2025-12-21,94,15:50,1042.476170833333,1023.3541333333333,2025-11-23;2025-11-30;2025-12-07;2025-12-14,False,19.122037499999806,causal_load_main,day_ahead_planning
2025-12-21,95,16:00,1038.0370833333332,1031.7366666666667,2025-11-23;2025-11-30;2025-12-07;2025-12-14,False,6.300416666666479,causal_load_main,day_ahead_planning
2025-12-21,96,16:10,1035.5348958333334,1001.2239999999999,2025-11-23;2025-11-30;2025-12-07;2025-12-14,False,34.31089583333346,causal_load_main,day_ahead_planning
2025-12-21,97,16:20,1024.5564791666666,1003.6383666666667,2025-11-23;2025-11-30;2025-12-07;2025-12-14,False,20.918112499999893,causal_load_main,day_ahead_planning
2025-12-21,98,16:30,1017.8612499999999,1038.5466666666666,2025-11-23;2025-11-30;2025-12-07;2025-12-14,False,20.685416666666697,causal_load_main,day_ahead_planning
2025-12-21,99,16:40,1038.0865291666667,1029.6313666666665,2025-11-23;2025-11-30;2025-12-07;2025-12-14,False,8.455162500000142,causal_load_main,day_ahead_planning
2025-12-21,100,16:50,1043.08115,1021.8329333333332,2025-11-23;2025-11-30;2025-12-07;2025-12-14,False,21.248216666666735,causal_load_main,day_ahead_planning
2025-12-21,101,17:00,1028.472083333333,1028.7966666666666,2025-11-23;2025-11-30;2025-12-07;2025-12-14,False,0.3245833333335213,causal_load_main,day_ahead_planning
2025-12-21,102,17:10,1029.3196416666667,1018.6957,2025-11-23;2025-11-30;2025-12-07;2025-12-14,False,10.623941666666724,causal_load_main,day_ahead_planning
2025-12-21,103,17:20,1023.658475,1026.7837833333333,2025-11-23;2025-11-30;2025-12-07;2025-12-14,False,3.1253083333333507,causal_load_main,day_ahead_planning
2025-12-21,104,17:30,1027.3249999999998,1056.4616666666666,2025-11-23;2025-11-30;2025-12-07;2025-12-14,False,29.13666666666677,causal_load_main,day_ahead_planning
2025-12-21,105,17:40,1056.5298833333331,1048.3491333333332,2025-11-23;2025-11-30;2025-12-07;2025-12-14,False,8.180749999999989,causal_load_main,day_ahead_planning
2025-12-21,106,17:50,931.6270583333333,898.8176333333333,2025-11-23;2025-11-30;2025-12-07;2025-12-14,False,32.80942499999992,causal_load_main,day_ahead_planning
2025-12-21,107,18:00,725.1954166666667,712.6333333333333,2025-11-23;2025-11-30;2025-12-07;2025-12-14,False,12.562083333333362,causal_load_main,day_ahead_planning
2025-12-21,108,18:10,707.0060708333333,715.41445,2025-11-23;2025-11-30;2025-12-07;2025-12-14,False,8.408379166666691,causal_load_main,day_ahead_planning
2025-12-21,109,18:20,735.4964791666666,748.2732666666667,2025-11-23;2025-11-30;2025-12-07;2025-12-14,False,12.776787500000069,causal_load_main,day_ahead_planning
2025-12-21,110,18:30,721.4845833333334,730.0083333333333,2025-11-23;2025-11-30;2025-12-07;2025-12-14,False,8.52374999999995,causal_load_main,day_ahead_planning
2025-12-21,111,18:40,719.3694833333334,734.3443833333333,2025-11-23;2025-11-30;2025-12-07;2025-12-14,False,14.974899999999934,causal_load_main,day_ahead_planning
2025-12-21,112,18:50,724.2546666666666,750.0835999999999,2025-11-23;2025-11-30;2025-12-07;2025-12-14,False,25.82893333333334,causal_load_main,day_ahead_planning
2025-12-21,113,19:00,726.0533333333333,748.46,2025-11-23;2025-11-30;2025-12-07;2025-12-14,False,22.40666666666675,causal_load_main,day_ahead_planning
2025-12-21,114,19:10,727.0439416666667,722.4832333333334,2025-11-23;2025-11-30;2025-12-07;2025-12-14,False,4.560708333333309,causal_load_main,day_ahead_planning
2025-12-21,115,19:20,732.8344583333333,726.1655166666666,2025-11-23;2025-11-30;2025-12-07;2025-12-14,False,6.668941666666683,causal_load_main,day_ahead_planning
2025-12-21,116,19:30,735.4295833333333,744.4316666666666,2025-11-23;2025-11-30;2025-12-07;2025-12-14,False,9.002083333333303,causal_load_main,day_ahead_planning
2025-12-21,117,19:40,721.3538416666665,716.9286999999999,2025-11-23;2025-11-30;2025-12-07;2025-12-14,False,4.425141666666605,causal_load_main,day_ahead_planning
2025-12-21,118,19:50,711.6235166666665,733.1194999999999,2025-11-23;2025-11-30;2025-12-07;2025-12-14,False,21.495983333333356,causal_load_main,day_ahead_planning
2025-12-21,119,20:00,717.15625,780.2683333333332,2025-11-23;2025-11-30;2025-12-07;2025-12-14,False,63.1120833333332,causal_load_main,day_ahead_planning
2025-12-21,120,20:10,728.6099583333332,747.5859,2025-11-23;2025-11-30;2025-12-07;2025-12-14,False,18.975941666666813,causal_load_main,day_ahead_planning
2025-12-21,121,20:20,731.8858458333333,692.8171,2025-11-23;2025-11-30;2025-12-07;2025-12-14,False,39.06874583333331,causal_load_main,day_ahead_planning
2025-12-21,122,20:30,729.3495833333333,681.7516666666667,2025-11-23;2025-11-30;2025-12-07;2025-12-14,False,47.597916666666606,causal_load_main,day_ahead_planning
2025-12-21,123,20:40,733.8054083333334,720.3711,2025-11-23;2025-11-30;2025-12-07;2025-12-14,False,13.434308333333433,causal_load_main,day_ahead_planning
2025-12-21,124,20:50,731.0651458333332,722.8001666666667,2025-11-23;2025-11-30;2025-12-07;2025-12-14,False,8.264979166666535,causal_load_main,day_ahead_planning
2025-12-21,125,21:00,723.6191666666666,690.7433333333333,2025-11-23;2025-11-30;2025-12-07;2025-12-14,False,32.875833333333276,causal_load_main,day_ahead_planning
2025-12-21,126,21:10,728.8641708333333,704.5435,2025-11-23;2025-11-30;2025-12-07;2025-12-14,False,24.320670833333338,causal_load_main,day_ahead_planning
2025-12-21,127,21:20,730.6508791666665,721.1607166666665,2025-11-23;2025-11-30;2025-12-07;2025-12-14,False,9.490162499999997,causal_load_main,day_ahead_planning
2025-12-21,128,21:30,733.81,726.305,2025-11-23;2025-11-30;2025-12-07;2025-12-14,False,7.5049999999999955,causal_load_main,day_ahead_planning
2025-12-21,129,21:40,745.0266124999999,739.5190333333333,2025-11-23;2025-11-30;2025-12-07;2025-12-14,False,5.507579166666687,causal_load_main,day_ahead_planning
2025-12-21,130,21:50,667.4279541666667,678.4992333333332,2025-11-23;2025-11-30;2025-12-07;2025-12-14,False,11.0712791666665,causal_load_main,day_ahead_planning
2025-12-21,131,22:00,549.2054166666667,572.4,2025-11-23;2025-11-30;2025-12-07;2025-12-14,False,23.1945833333333,causal_load_main,day_ahead_planning
2025-12-21,132,22:10,546.8661,545.0923166666666,2025-11-23;2025-11-30;2025-12-07;2025-12-14,False,1.7737833333333128,causal_load_main,day_ahead_planning
2025-12-21,133,22:20,569.3292791666667,550.8361333333332,2025-11-23;2025-11-30;2025-12-07;2025-12-14,False,18.493145833333415,causal_load_main,day_ahead_planning
2025-12-21,134,22:30,558.7916666666666,542.5999999999999,2025-11-23;2025-11-30;2025-12-07;2025-12-14,False,16.19166666666672,causal_load_main,day_ahead_planning
2025-12-21,135,22:40,548.4949833333333,525.919,2025-11-23;2025-11-30;2025-12-07;2025-12-14,False,22.575983333333284,causal_load_main,day_ahead_planning
2025-12-21,136,22:50,547.5574666666666,543.3939166666667,2025-11-23;2025-11-30;2025-12-07;2025-12-14,False,4.1635499999999865,causal_load_main,day_ahead_planning
2025-12-21,137,23:00,556.2458333333333,584.8283333333333,2025-11-23;2025-11-30;2025-12-07;2025-12-14,False,28.582499999999982,causal_load_main,day_ahead_planning
2025-12-21,138,23:10,570.8024458333333,592.4525666666666,2025-11-23;2025-11-30;2025-12-07;2025-12-14,False,21.65012083333329,causal_load_main,day_ahead_planning
2025-12-21,139,23:20,578.8210999999999,565.9438,2025-11-23;2025-11-30;2025-12-07;2025-12-14,False,12.877299999999877,causal_load_main,day_ahead_planning
2025-12-21,140,23:30,575.5875,550.9316666666666,2025-11-23;2025-11-30;2025-12-07;2025-12-14,False,24.655833333333362,causal_load_main,day_ahead_planning
2025-12-21,141,23:40,568.8697125,589.9602166666666,2025-11-23;2025-11-30;2025-12-07;2025-12-14,False,21.09050416666662,causal_load_main,day_ahead_planning
2025-12-21,142,23:50,575.9485875,595.3318333333333,2025-11-23;2025-11-30;2025-12-07;2025-12-14,False,19.383245833333262,causal_load_main,day_ahead_planning
2025-12-21,143,0:00+1,591.8629166666666,577.4,2025-11-23;2025-11-30;2025-12-07;2025-12-14,False,14.462916666666615,causal_load_main,day_ahead_planning
2025-12-22,0,00:10,594.9778875,624.2327,2025-11-24;2025-12-01;2025-12-08;2025-12-15,False,29.25481250000007,causal_load_main,day_ahead_planning
2025-12-22,1,00:20,594.3812916666667,618.6696166666666,2025-11-24;2025-12-01;2025-12-08;2025-12-15,False,24.288324999999872,causal_load_main,day_ahead_planning
2025-12-22,2,00:30,592.7366666666667,566.4016666666666,2025-11-24;2025-12-01;2025-12-08;2025-12-15,False,26.335000000000036,causal_load_main,day_ahead_planning
2025-12-22,3,00:40,586.450075,596.2459833333332,2025-11-24;2025-12-01;2025-12-08;2025-12-15,False,9.795908333333273,causal_load_main,day_ahead_planning
2025-12-22,4,00:50,602.1639833333332,631.2273,2025-11-24;2025-12-01;2025-12-08;2025-12-15,False,29.063316666666765,causal_load_main,day_ahead_planning
2025-12-22,5,01:00,623.4945833333333,634.0933333333332,2025-11-24;2025-12-01;2025-12-08;2025-12-15,False,10.598749999999995,causal_load_main,day_ahead_planning
2025-12-22,6,01:10,607.8596458333333,645.7625666666667,2025-11-24;2025-12-01;2025-12-08;2025-12-15,False,37.90292083333338,causal_load_main,day_ahead_planning
2025-12-22,7,01:20,607.6088791666666,648.7864166666666,2025-11-24;2025-12-01;2025-12-08;2025-12-15,False,41.17753749999997,causal_load_main,day_ahead_planning
2025-12-22,8,01:30,625.4949999999999,640.8783333333333,2025-11-24;2025-12-01;2025-12-08;2025-12-15,False,15.38333333333344,causal_load_main,day_ahead_planning
2025-12-22,9,01:40,613.222725,644.4177333333333,2025-11-24;2025-12-01;2025-12-08;2025-12-15,False,31.195008333333362,causal_load_main,day_ahead_planning
2025-12-22,10,01:50,611.5126875,656.804,2025-11-24;2025-12-01;2025-12-08;2025-12-15,False,45.291312500000004,causal_load_main,day_ahead_planning
2025-12-22,11,02:00,630.8554166666667,656.6433333333333,2025-11-24;2025-12-01;2025-12-08;2025-12-15,False,25.78791666666666,causal_load_main,day_ahead_planning
2025-12-22,12,02:10,636.4899375,630.2672166666666,2025-11-24;2025-12-01;2025-12-08;2025-12-15,False,6.222720833333369,causal_load_main,day_ahead_planning
2025-12-22,13,02:20,626.3435416666666,639.8998666666666,2025-11-24;2025-12-01;2025-12-08;2025-12-15,False,13.556325000000015,causal_load_main,day_ahead_planning
2025-12-22,14,02:30,618.7137499999999,679.3249999999999,2025-11-24;2025-12-01;2025-12-08;2025-12-15,False,60.61125000000004,causal_load_main,day_ahead_planning
2025-12-22,15,02:40,631.9922833333334,675.9717333333333,2025-11-24;2025-12-01;2025-12-08;2025-12-15,False,43.97944999999993,causal_load_main,day_ahead_planning
2025-12-22,16,02:50,639.9587083333333,642.36185,2025-11-24;2025-12-01;2025-12-08;2025-12-15,False,2.40314166666667,causal_load_main,day_ahead_planning
2025-12-22,17,03:00,638.3504166666667,620.5233333333333,2025-11-24;2025-12-01;2025-12-08;2025-12-15,False,17.82708333333335,causal_load_main,day_ahead_planning
2025-12-22,18,03:10,647.1268541666667,644.0899666666667,2025-11-24;2025-12-01;2025-12-08;2025-12-15,False,3.0368875000000344,causal_load_main,day_ahead_planning
2025-12-22,19,03:20,651.2639625,684.3039,2025-11-24;2025-12-01;2025-12-08;2025-12-15,False,33.03993749999995,causal_load_main,day_ahead_planning
2025-12-22,20,03:30,651.2462499999999,702.8533333333332,2025-11-24;2025-12-01;2025-12-08;2025-12-15,False,51.60708333333332,causal_load_main,day_ahead_planning
2025-12-22,21,03:40,662.8013541666667,684.2205333333333,2025-11-24;2025-12-01;2025-12-08;2025-12-15,False,21.419179166666595,causal_load_main,day_ahead_planning
2025-12-22,22,03:50,665.3941083333332,677.0101666666667,2025-11-24;2025-12-01;2025-12-08;2025-12-15,False,11.616058333333513,causal_load_main,day_ahead_planning
2025-12-22,23,04:00,657.4420833333334,687.5799999999999,2025-11-24;2025-12-01;2025-12-08;2025-12-15,False,30.13791666666657,causal_load_main,day_ahead_planning
2025-12-22,24,04:10,657.031075,675.8814166666666,2025-11-24;2025-12-01;2025-12-08;2025-12-15,False,18.850341666666623,causal_load_main,day_ahead_planning
2025-12-22,25,04:20,649.3726291666666,649.7794333333333,2025-11-24;2025-12-01;2025-12-08;2025-12-15,False,0.4068041666666886,causal_load_main,day_ahead_planning
2025-12-22,26,04:30,647.7516666666666,645.645,2025-11-24;2025-12-01;2025-12-08;2025-12-15,False,2.1066666666665697,causal_load_main,day_ahead_planning
2025-12-22,27,04:40,679.9889541666666,689.1533666666666,2025-11-24;2025-12-01;2025-12-08;2025-12-15,False,9.164412499999912,causal_load_main,day_ahead_planning
2025-12-22,28,04:50,688.93085,704.1011166666667,2025-11-24;2025-12-01;2025-12-08;2025-12-15,False,15.170266666666748,causal_load_main,day_ahead_planning
2025-12-22,29,05:00,670.6949999999999,690.0083333333333,2025-11-24;2025-12-01;2025-12-08;2025-12-15,False,19.31333333333339,causal_load_main,day_ahead_planning
2025-12-22,30,05:10,678.5707416666667,718.4072666666666,2025-11-24;2025-12-01;2025-12-08;2025-12-15,False,39.83652499999994,causal_load_main,day_ahead_planning
2025-12-22,31,05:20,694.812225,744.4012166666666,2025-11-24;2025-12-01;2025-12-08;2025-12-15,False,49.58899166666663,causal_load_main,day_ahead_planning
2025-12-22,32,05:30,681.87875,715.4583333333333,2025-11-24;2025-12-01;2025-12-08;2025-12-15,False,33.57958333333329,causal_load_main,day_ahead_planning
2025-12-22,33,05:40,642.5718458333333,649.2057,2025-11-24;2025-12-01;2025-12-08;2025-12-15,False,6.6338541666666515,causal_load_main,day_ahead_planning
2025-12-22,34,05:50,734.519275,739.9702333333332,2025-11-24;2025-12-01;2025-12-08;2025-12-15,False,5.450958333333233,causal_load_main,day_ahead_planning
2025-12-22,35,06:00,894.8591666666666,916.7950000000001,2025-11-24;2025-12-01;2025-12-08;2025-12-15,False,21.93583333333345,causal_load_main,day_ahead_planning
2025-12-22,36,06:10,894.1737541666665,905.7471666666667,2025-11-24;2025-12-01;2025-12-08;2025-12-15,False,11.573412500000131,causal_load_main,day_ahead_planning
2025-12-22,37,06:20,866.7725499999999,851.2023166666665,2025-11-24;2025-12-01;2025-12-08;2025-12-15,False,15.570233333333363,causal_load_main,day_ahead_planning
2025-12-22,38,06:30,884.0604166666667,854.6716666666666,2025-11-24;2025-12-01;2025-12-08;2025-12-15,False,29.388750000000073,causal_load_main,day_ahead_planning
2025-12-22,39,06:40,880.5389916666666,871.2112333333332,2025-11-24;2025-12-01;2025-12-08;2025-12-15,False,9.32775833333335,causal_load_main,day_ahead_planning
2025-12-22,40,06:50,869.1836291666666,874.9274166666667,2025-11-24;2025-12-01;2025-12-08;2025-12-15,False,5.743787500000053,causal_load_main,day_ahead_planning
2025-12-22,41,07:00,869.4620833333333,880.78,2025-11-24;2025-12-01;2025-12-08;2025-12-15,False,11.317916666666633,causal_load_main,day_ahead_planning
2025-12-22,42,07:10,880.9702166666666,916.346,2025-11-24;2025-12-01;2025-12-08;2025-12-15,False,35.3757833333334,causal_load_main,day_ahead_planning
2025-12-22,43,07:20,883.5950958333333,924.9382499999999,2025-11-24;2025-12-01;2025-12-08;2025-12-15,False,41.343154166666636,causal_load_main,day_ahead_planning
2025-12-22,44,07:30,861.2691666666666,896.6583333333333,2025-11-24;2025-12-01;2025-12-08;2025-12-15,False,35.38916666666671,causal_load_main,day_ahead_planning
2025-12-22,45,07:40,840.7690874999998,896.1005499999999,2025-11-24;2025-12-01;2025-12-08;2025-12-15,False,55.33146250000004,causal_load_main,day_ahead_planning
2025-12-22,46,07:50,973.2654916666667,1006.2148,2025-11-24;2025-12-01;2025-12-08;2025-12-15,False,32.949308333333306,causal_load_main,day_ahead_planning
2025-12-22,47,08:00,1173.7325,1161.7549999999999,2025-11-24;2025-12-01;2025-12-08;2025-12-15,False,11.977500000000191,causal_load_main,day_ahead_planning
2025-12-22,48,08:10,1189.0085,1201.75745,2025-11-24;2025-12-01;2025-12-08;2025-12-15,False,12.74895000000015,causal_load_main,day_ahead_planning
2025-12-22,49,08:20,1155.79295,1188.1114166666666,2025-11-24;2025-12-01;2025-12-08;2025-12-15,False,32.31846666666661,causal_load_main,day_ahead_planning
2025-12-22,50,08:30,1165.8441666666665,1185.1133333333332,2025-11-24;2025-12-01;2025-12-08;2025-12-15,False,19.269166666666706,causal_load_main,day_ahead_planning
2025-12-22,51,08:40,1173.8786041666667,1194.85915,2025-11-24;2025-12-01;2025-12-08;2025-12-15,False,20.98054583333328,causal_load_main,day_ahead_planning
2025-12-22,52,08:50,1168.1275875000001,1191.9385166666666,2025-11-24;2025-12-01;2025-12-08;2025-12-15,False,23.810929166666483,causal_load_main,day_ahead_planning
2025-12-22,53,09:00,1153.88625,1176.2649999999999,2025-11-24;2025-12-01;2025-12-08;2025-12-15,False,22.378749999999854,causal_load_main,day_ahead_planning
2025-12-22,54,09:10,1142.913375,1170.3635166666666,2025-11-24;2025-12-01;2025-12-08;2025-12-15,False,27.450141666666468,causal_load_main,day_ahead_planning
2025-12-22,55,09:20,1143.9217916666666,1162.0198833333334,2025-11-24;2025-12-01;2025-12-08;2025-12-15,False,18.098091666666733,causal_load_main,day_ahead_planning
2025-12-22,56,09:30,1152.2937499999998,1157.3083333333334,2025-11-24;2025-12-01;2025-12-08;2025-12-15,False,5.014583333333576,causal_load_main,day_ahead_planning
2025-12-22,57,09:40,1155.4679041666668,1177.1753999999999,2025-11-24;2025-12-01;2025-12-08;2025-12-15,False,21.70749583333304,causal_load_main,day_ahead_planning
2025-12-22,58,09:50,1158.9334291666667,1193.7519499999999,2025-11-24;2025-12-01;2025-12-08;2025-12-15,False,34.818520833333196,causal_load_main,day_ahead_planning
2025-12-22,59,10:00,1169.6466666666665,1188.8866666666665,2025-11-24;2025-12-01;2025-12-08;2025-12-15,False,19.24000000000001,causal_load_main,day_ahead_planning
2025-12-22,60,10:10,1184.5879416666667,1170.7301333333332,2025-11-24;2025-12-01;2025-12-08;2025-12-15,False,13.857808333333423,causal_load_main,day_ahead_planning
2025-12-22,61,10:20,1175.4422666666665,1162.4876666666667,2025-11-24;2025-12-01;2025-12-08;2025-12-15,False,12.9545999999998,causal_load_main,day_ahead_planning
2025-12-22,62,10:30,1150.325,1162.0966666666666,2025-11-24;2025-12-01;2025-12-08;2025-12-15,False,11.771666666666533,causal_load_main,day_ahead_planning
2025-12-22,63,10:40,1144.5424708333333,1151.037733333333,2025-11-24;2025-12-01;2025-12-08;2025-12-15,False,6.495262499999853,causal_load_main,day_ahead_planning
2025-12-22,64,10:50,1133.2703666666666,1157.8534,2025-11-24;2025-12-01;2025-12-08;2025-12-15,False,24.583033333333333,causal_load_main,day_ahead_planning
2025-12-22,65,11:00,1121.2749999999999,1171.7399999999998,2025-11-24;2025-12-01;2025-12-08;2025-12-15,False,50.46499999999992,causal_load_main,day_ahead_planning
2025-12-22,66,11:10,1139.0578624999998,1150.1762666666666,2025-11-24;2025-12-01;2025-12-08;2025-12-15,False,11.118404166666778,causal_load_main,day_ahead_planning
2025-12-22,67,11:20,1142.1990791666665,1128.0407333333333,2025-11-24;2025-12-01;2025-12-08;2025-12-15,False,14.158345833333215,causal_load_main,day_ahead_planning
2025-12-22,68,11:30,1124.1333333333332,1127.3316666666665,2025-11-24;2025-12-01;2025-12-08;2025-12-15,False,3.1983333333332666,causal_load_main,day_ahead_planning
2025-12-22,69,11:40,1118.2682958333332,1132.1295833333334,2025-11-24;2025-12-01;2025-12-08;2025-12-15,False,13.861287500000117,causal_load_main,day_ahead_planning
2025-12-22,70,11:50,1092.0488333333333,1108.11195,2025-11-24;2025-12-01;2025-12-08;2025-12-15,False,16.0631166666667,causal_load_main,day_ahead_planning
2025-12-22,71,12:00,1051.9295833333333,1064.1933333333332,2025-11-24;2025-12-01;2025-12-08;2025-12-15,False,12.263749999999845,causal_load_main,day_ahead_planning
2025-12-22,72,12:10,1044.7981375,1044.51795,2025-11-24;2025-12-01;2025-12-08;2025-12-15,False,0.2801875000000109,causal_load_main,day_ahead_planning
2025-12-22,73,12:20,1054.9981375,1044.3454499999998,2025-11-24;2025-12-01;2025-12-08;2025-12-15,False,10.652687500000184,causal_load_main,day_ahead_planning
2025-12-22,74,12:30,1055.9675,1048.61,2025-11-24;2025-12-01;2025-12-08;2025-12-15,False,7.357500000000073,causal_load_main,day_ahead_planning
2025-12-22,75,12:40,1041.0077416666666,1046.2376166666666,2025-11-24;2025-12-01;2025-12-08;2025-12-15,False,5.229874999999993,causal_load_main,day_ahead_planning
2025-12-22,76,12:50,1058.1743333333334,1034.1214833333333,2025-11-24;2025-12-01;2025-12-08;2025-12-15,False,24.052850000000035,causal_load_main,day_ahead_planning
2025-12-22,77,13:00,1093.7920833333333,1049.0933333333332,2025-11-24;2025-12-01;2025-12-08;2025-12-15,False,44.69875000000002,causal_load_main,day_ahead_planning
2025-12-22,78,13:10,1085.1512125,1125.1849499999998,2025-11-24;2025-12-01;2025-12-08;2025-12-15,False,40.033737499999916,causal_load_main,day_ahead_planning
2025-12-22,79,13:20,1072.8492666666666,1140.0567666666666,2025-11-24;2025-12-01;2025-12-08;2025-12-15,False,67.20749999999998,causal_load_main,day_ahead_planning
2025-12-22,80,13:30,1078.7354166666667,1084.7849999999999,2025-11-24;2025-12-01;2025-12-08;2025-12-15,False,6.049583333333203,causal_load_main,day_ahead_planning
2025-12-22,81,13:40,1082.0565583333332,1070.1264999999999,2025-11-24;2025-12-01;2025-12-08;2025-12-15,False,11.930058333333363,causal_load_main,day_ahead_planning
2025-12-22,82,13:50,1073.9639,1075.3566333333333,2025-11-24;2025-12-01;2025-12-08;2025-12-15,False,1.3927333333333536,causal_load_main,day_ahead_planning
2025-12-22,83,14:00,1065.00875,1079.3166666666666,2025-11-24;2025-12-01;2025-12-08;2025-12-15,False,14.307916666666642,causal_load_main,day_ahead_planning
2025-12-22,84,14:10,1071.1445625,1091.4403833333333,2025-11-24;2025-12-01;2025-12-08;2025-12-15,False,20.295820833333437,causal_load_main,day_ahead_planning
2025-12-22,85,14:20,1067.5539541666667,1106.5997666666667,2025-11-24;2025-12-01;2025-12-08;2025-12-15,False,39.04581250000001,causal_load_main,day_ahead_planning
2025-12-22,86,14:30,1049.0949999999998,1105.0816666666665,2025-11-24;2025-12-01;2025-12-08;2025-12-15,False,55.98666666666668,causal_load_main,day_ahead_planning
2025-12-22,87,14:40,1038.2036208333334,1071.3296166666667,2025-11-24;2025-12-01;2025-12-08;2025-12-15,False,33.12599583333326,causal_load_main,day_ahead_planning
2025-12-22,88,14:50,1046.4665208333333,1046.9666499999998,2025-11-24;2025-12-01;2025-12-08;2025-12-15,False,0.5001291666665111,causal_load_main,day_ahead_planning
2025-12-22,89,15:00,1059.9570833333332,1048.7433333333333,2025-11-24;2025-12-01;2025-12-08;2025-12-15,False,11.21374999999989,causal_load_main,day_ahead_planning
2025-12-22,90,15:10,1054.8752583333332,1058.5329166666666,2025-11-24;2025-12-01;2025-12-08;2025-12-15,False,3.657658333333302,causal_load_main,day_ahead_planning
2025-12-22,91,15:20,1056.0692083333333,1074.9079166666666,2025-11-24;2025-12-01;2025-12-08;2025-12-15,False,18.838708333333216,causal_load_main,day_ahead_planning
2025-12-22,92,15:30,1061.1729166666667,1079.9899999999998,2025-11-24;2025-12-01;2025-12-08;2025-12-15,False,18.81708333333313,causal_load_main,day_ahead_planning
2025-12-22,93,15:40,1042.7548791666666,1052.5522999999998,2025-11-24;2025-12-01;2025-12-08;2025-12-15,False,9.797420833333263,causal_load_main,day_ahead_planning
2025-12-22,94,15:50,1030.1535541666667,1039.5638333333332,2025-11-24;2025-12-01;2025-12-08;2025-12-15,False,9.410279166666442,causal_load_main,day_ahead_planning
2025-12-22,95,16:00,1034.10125,1045.2199999999998,2025-11-24;2025-12-01;2025-12-08;2025-12-15,False,11.118749999999864,causal_load_main,day_ahead_planning
2025-12-22,96,16:10,1034.9798791666667,1027.4140166666666,2025-11-24;2025-12-01;2025-12-08;2025-12-15,False,7.565862500000094,causal_load_main,day_ahead_planning
2025-12-22,97,16:20,1025.4572083333333,999.3890333333334,2025-11-24;2025-12-01;2025-12-08;2025-12-15,False,26.068174999999883,causal_load_main,day_ahead_planning
2025-12-22,98,16:30,1018.7275,996.685,2025-11-24;2025-12-01;2025-12-08;2025-12-15,False,22.042500000000018,causal_load_main,day_ahead_planning
2025-12-22,99,16:40,1032.3374416666666,1036.8859,2025-11-24;2025-12-01;2025-12-08;2025-12-15,False,4.5484583333334285,causal_load_main,day_ahead_planning
2025-12-22,100,16:50,1034.6445124999998,1039.6292166666667,2025-11-24;2025-12-01;2025-12-08;2025-12-15,False,4.984704166666916,causal_load_main,day_ahead_planning
2025-12-22,101,17:00,1021.5720833333332,1015.4266666666667,2025-11-24;2025-12-01;2025-12-08;2025-12-15,False,6.145416666666506,causal_load_main,day_ahead_planning
2025-12-22,102,17:10,1018.6546166666667,1047.7088999999999,2025-11-24;2025-12-01;2025-12-08;2025-12-15,False,29.05428333333316,causal_load_main,day_ahead_planning
2025-12-22,103,17:20,1011.6587583333333,1055.0949333333333,2025-11-24;2025-12-01;2025-12-08;2025-12-15,False,43.43617500000005,causal_load_main,day_ahead_planning
2025-12-22,104,17:30,1021.2741666666666,1034.2783333333332,2025-11-24;2025-12-01;2025-12-08;2025-12-15,False,13.004166666666606,causal_load_main,day_ahead_planning
2025-12-22,105,17:40,1057.7928541666665,1043.3354333333332,2025-11-24;2025-12-01;2025-12-08;2025-12-15,False,14.457420833333344,causal_load_main,day_ahead_planning
2025-12-22,106,17:50,923.2626541666666,916.5267833333334,2025-11-24;2025-12-01;2025-12-08;2025-12-15,False,6.7358708333332515,causal_load_main,day_ahead_planning
2025-12-22,107,18:00,698.5699999999998,722.8999999999999,2025-11-24;2025-12-01;2025-12-08;2025-12-15,False,24.33000000000004,causal_load_main,day_ahead_planning
2025-12-22,108,18:10,681.6124916666665,717.3881333333334,2025-11-24;2025-12-01;2025-12-08;2025-12-15,False,35.77564166666684,causal_load_main,day_ahead_planning
2025-12-22,109,18:20,720.0561333333333,738.5993166666667,2025-11-24;2025-12-01;2025-12-08;2025-12-15,False,18.543183333333445,causal_load_main,day_ahead_planning
2025-12-22,110,18:30,711.7549999999999,708.8683333333333,2025-11-24;2025-12-01;2025-12-08;2025-12-15,False,2.8866666666665424,causal_load_main,day_ahead_planning
2025-12-22,111,18:40,711.0582833333333,713.1352333333332,2025-11-24;2025-12-01;2025-12-08;2025-12-15,False,2.076949999999897,causal_load_main,day_ahead_planning
2025-12-22,112,18:50,731.5286,724.37965,2025-11-24;2025-12-01;2025-12-08;2025-12-15,False,7.1489500000000135,causal_load_main,day_ahead_planning
2025-12-22,113,19:00,747.0366666666665,723.905,2025-11-24;2025-12-01;2025-12-08;2025-12-15,False,23.131666666666547,causal_load_main,day_ahead_planning
2025-12-22,114,19:10,723.0881333333333,725.9706833333332,2025-11-24;2025-12-01;2025-12-08;2025-12-15,False,2.882549999999924,causal_load_main,day_ahead_planning
2025-12-22,115,19:20,700.8620166666666,723.8419166666665,2025-11-24;2025-12-01;2025-12-08;2025-12-15,False,22.97989999999993,causal_load_main,day_ahead_planning
2025-12-22,116,19:30,705.8683333333332,724.0883333333333,2025-11-24;2025-12-01;2025-12-08;2025-12-15,False,18.220000000000027,causal_load_main,day_ahead_planning
2025-12-22,117,19:40,725.6012958333333,742.3855,2025-11-24;2025-12-01;2025-12-08;2025-12-15,False,16.784204166666655,causal_load_main,day_ahead_planning
2025-12-22,118,19:50,736.0064083333332,755.8664166666667,2025-11-24;2025-12-01;2025-12-08;2025-12-15,False,19.860008333333553,causal_load_main,day_ahead_planning
2025-12-22,119,20:00,732.1204166666666,753.0799999999999,2025-11-24;2025-12-01;2025-12-08;2025-12-15,False,20.959583333333285,causal_load_main,day_ahead_planning
2025-12-22,120,20:10,728.8702791666666,744.7204166666667,2025-11-24;2025-12-01;2025-12-08;2025-12-15,False,15.850137500000073,causal_load_main,day_ahead_planning
2025-12-22,121,20:20,733.7765499999999,744.1594666666666,2025-11-24;2025-12-01;2025-12-08;2025-12-15,False,10.382916666666688,causal_load_main,day_ahead_planning
2025-12-22,122,20:30,738.9091666666666,745.5716666666667,2025-11-24;2025-12-01;2025-12-08;2025-12-15,False,6.662500000000136,causal_load_main,day_ahead_planning
2025-12-22,123,20:40,730.6820124999999,733.7051833333333,2025-11-24;2025-12-01;2025-12-08;2025-12-15,False,3.0231708333333245,causal_load_main,day_ahead_planning
2025-12-22,124,20:50,725.4257583333333,732.6893499999999,2025-11-24;2025-12-01;2025-12-08;2025-12-15,False,7.263591666666571,causal_load_main,day_ahead_planning
2025-12-22,125,21:00,726.4879166666666,743.8166666666666,2025-11-24;2025-12-01;2025-12-08;2025-12-15,False,17.328750000000014,causal_load_main,day_ahead_planning
2025-12-22,126,21:10,720.5763416666666,743.1977666666667,2025-11-24;2025-12-01;2025-12-08;2025-12-15,False,22.621425000000045,causal_load_main,day_ahead_planning
2025-12-22,127,21:20,710.8887833333333,737.7143333333333,2025-11-24;2025-12-01;2025-12-08;2025-12-15,False,26.82555000000002,causal_load_main,day_ahead_planning
2025-12-22,128,21:30,718.8912499999999,740.1783333333333,2025-11-24;2025-12-01;2025-12-08;2025-12-15,False,21.287083333333385,causal_load_main,day_ahead_planning
2025-12-22,129,21:40,747.5519125000001,743.3530000000001,2025-11-24;2025-12-01;2025-12-08;2025-12-15,False,4.198912500000006,causal_load_main,day_ahead_planning
2025-12-22,130,21:50,678.5026291666666,673.8470166666666,2025-11-24;2025-12-01;2025-12-08;2025-12-15,False,4.655612499999961,causal_load_main,day_ahead_planning
2025-12-22,131,22:00,552.44625,567.8833333333333,2025-11-24;2025-12-01;2025-12-08;2025-12-15,False,15.437083333333362,causal_load_main,day_ahead_planning
2025-12-22,132,22:10,536.6440166666666,542.65175,2025-11-24;2025-12-01;2025-12-08;2025-12-15,False,6.007733333333363,causal_load_main,day_ahead_planning
2025-12-22,133,22:20,550.5635958333332,538.0821,2025-11-24;2025-12-01;2025-12-08;2025-12-15,False,12.48149583333327,causal_load_main,day_ahead_planning
2025-12-22,134,22:30,545.3079166666666,525.5366666666666,2025-11-24;2025-12-01;2025-12-08;2025-12-15,False,19.77125000000001,causal_load_main,day_ahead_planning
2025-12-22,135,22:40,555.317825,539.0303333333333,2025-11-24;2025-12-01;2025-12-08;2025-12-15,False,16.28749166666671,causal_load_main,day_ahead_planning
2025-12-22,136,22:50,566.6159666666667,555.6214,2025-11-24;2025-12-01;2025-12-08;2025-12-15,False,10.994566666666742,causal_load_main,day_ahead_planning
2025-12-22,137,23:00,572.4741666666666,559.285,2025-11-24;2025-12-01;2025-12-08;2025-12-15,False,13.189166666666665,causal_load_main,day_ahead_planning
2025-12-22,138,23:10,580.7402541666665,556.25415,2025-11-24;2025-12-01;2025-12-08;2025-12-15,False,24.486104166666564,causal_load_main,day_ahead_planning
2025-12-22,139,23:20,577.19765,554.01315,2025-11-24;2025-12-01;2025-12-08;2025-12-15,False,23.184499999999957,causal_load_main,day_ahead_planning
2025-12-22,140,23:30,570.3591666666666,565.4333333333333,2025-11-24;2025-12-01;2025-12-08;2025-12-15,False,4.925833333333344,causal_load_main,day_ahead_planning
2025-12-22,141,23:40,584.2196791666667,596.81115,2025-11-24;2025-12-01;2025-12-08;2025-12-15,False,12.591470833333346,causal_load_main,day_ahead_planning
2025-12-22,142,23:50,592.1249833333334,608.691,2025-11-24;2025-12-01;2025-12-08;2025-12-15,False,16.566016666666656,causal_load_main,day_ahead_planning
2025-12-22,143,0:00+1,584.0620833333332,591.335,2025-11-24;2025-12-01;2025-12-08;2025-12-15,False,7.272916666666788,causal_load_main,day_ahead_planning
2025-12-23,0,00:10,579.6096291666665,575.10835,2025-11-25;2025-12-02;2025-12-09;2025-12-16,False,4.5012791666665635,causal_load_main,day_ahead_planning
2025-12-23,1,00:20,596.5551624999999,584.3503499999999,2025-11-25;2025-12-02;2025-12-09;2025-12-16,False,12.204812500000003,causal_load_main,day_ahead_planning
2025-12-23,2,00:30,613.4120833333334,605.4516666666666,2025-11-25;2025-12-02;2025-12-09;2025-12-16,False,7.960416666666788,causal_load_main,day_ahead_planning
2025-12-23,3,00:40,592.8735999999999,600.5056333333333,2025-11-25;2025-12-02;2025-12-09;2025-12-16,False,7.632033333333425,causal_load_main,day_ahead_planning
2025-12-23,4,00:50,585.5144791666667,579.0180333333333,2025-11-25;2025-12-02;2025-12-09;2025-12-16,False,6.496445833333382,causal_load_main,day_ahead_planning
2025-12-23,5,01:00,599.6654166666666,577.4216666666666,2025-11-25;2025-12-02;2025-12-09;2025-12-16,False,22.243749999999977,causal_load_main,day_ahead_planning
2025-12-23,6,01:10,595.8395291666666,619.1396,2025-11-25;2025-12-02;2025-12-09;2025-12-16,False,23.300070833333393,causal_load_main,day_ahead_planning
2025-12-23,7,01:20,600.0487958333333,621.8876833333334,2025-11-25;2025-12-02;2025-12-09;2025-12-16,False,21.838887500000055,causal_load_main,day_ahead_planning
2025-12-23,8,01:30,614.8679166666666,591.5666666666666,2025-11-25;2025-12-02;2025-12-09;2025-12-16,False,23.301249999999982,causal_load_main,day_ahead_planning
2025-12-23,9,01:40,614.2160208333332,614.6024166666666,2025-11-25;2025-12-02;2025-12-09;2025-12-16,False,0.38639583333338123,causal_load_main,day_ahead_planning
2025-12-23,10,01:50,618.1075666666666,642.8430999999999,2025-11-25;2025-12-02;2025-12-09;2025-12-16,False,24.735533333333365,causal_load_main,day_ahead_planning
2025-12-23,11,02:00,627.3225,648.1433333333333,2025-11-25;2025-12-02;2025-12-09;2025-12-16,False,20.820833333333326,causal_load_main,day_ahead_planning
2025-12-23,12,02:10,622.3292083333332,650.0021333333333,2025-11-25;2025-12-02;2025-12-09;2025-12-16,False,27.672925000000077,causal_load_main,day_ahead_planning
2025-12-23,13,02:20,625.7796375,640.0826166666666,2025-11-25;2025-12-02;2025-12-09;2025-12-16,False,14.302979166666546,causal_load_main,day_ahead_planning
2025-12-23,14,02:30,639.7120833333333,630.5866666666666,2025-11-25;2025-12-02;2025-12-09;2025-12-16,False,9.125416666666752,causal_load_main,day_ahead_planning
2025-12-23,15,02:40,642.6401625,646.2467166666667,2025-11-25;2025-12-02;2025-12-09;2025-12-16,False,3.606554166666683,causal_load_main,day_ahead_planning
2025-12-23,16,02:50,644.3445791666666,651.82105,2025-11-25;2025-12-02;2025-12-09;2025-12-16,False,7.476470833333451,causal_load_main,day_ahead_planning
2025-12-23,17,03:00,648.1208333333332,649.2783333333333,2025-11-25;2025-12-02;2025-12-09;2025-12-16,False,1.157500000000141,causal_load_main,day_ahead_planning
2025-12-23,18,03:10,646.7069999999999,674.7808,2025-11-25;2025-12-02;2025-12-09;2025-12-16,False,28.07380000000012,causal_load_main,day_ahead_planning
2025-12-23,19,03:20,648.7305583333332,692.8187666666665,2025-11-25;2025-12-02;2025-12-09;2025-12-16,False,44.08820833333334,causal_load_main,day_ahead_planning
2025-12-23,20,03:30,656.1833333333333,685.8999999999999,2025-11-25;2025-12-02;2025-12-09;2025-12-16,False,29.716666666666583,causal_load_main,day_ahead_planning
2025-12-23,21,03:40,661.0289499999999,673.8265166666666,2025-11-25;2025-12-02;2025-12-09;2025-12-16,False,12.79756666666674,causal_load_main,day_ahead_planning
2025-12-23,22,03:50,658.7436291666667,677.5225833333333,2025-11-25;2025-12-02;2025-12-09;2025-12-16,False,18.778954166666608,causal_load_main,day_ahead_planning
2025-12-23,23,04:00,658.2995833333333,672.18,2025-11-25;2025-12-02;2025-12-09;2025-12-16,False,13.880416666666633,causal_load_main,day_ahead_planning
2025-12-23,24,04:10,670.7398666666667,623.1100333333333,2025-11-25;2025-12-02;2025-12-09;2025-12-16,False,47.62983333333341,causal_load_main,day_ahead_planning
2025-12-23,25,04:20,667.5271499999999,632.76905,2025-11-25;2025-12-02;2025-12-09;2025-12-16,False,34.7580999999999,causal_load_main,day_ahead_planning
2025-12-23,26,04:30,658.65,706.9016666666666,2025-11-25;2025-12-02;2025-12-09;2025-12-16,False,48.251666666666665,causal_load_main,day_ahead_planning
2025-12-23,27,04:40,680.5782166666667,741.76505,2025-11-25;2025-12-02;2025-12-09;2025-12-16,False,61.18683333333331,causal_load_main,day_ahead_planning
2025-12-23,28,04:50,684.50515,722.6864999999999,2025-11-25;2025-12-02;2025-12-09;2025-12-16,False,38.18134999999995,causal_load_main,day_ahead_planning
2025-12-23,29,05:00,668.7504166666666,681.9649999999999,2025-11-25;2025-12-02;2025-12-09;2025-12-16,False,13.21458333333328,causal_load_main,day_ahead_planning
2025-12-23,30,05:10,680.5407791666665,663.6396833333333,2025-11-25;2025-12-02;2025-12-09;2025-12-16,False,16.901095833333216,causal_load_main,day_ahead_planning
2025-12-23,31,05:20,687.9416666666666,664.9666166666666,2025-11-25;2025-12-02;2025-12-09;2025-12-16,False,22.97505000000001,causal_load_main,day_ahead_planning
2025-12-23,32,05:30,664.085,655.1633333333333,2025-11-25;2025-12-02;2025-12-09;2025-12-16,False,8.921666666666738,causal_load_main,day_ahead_planning
2025-12-23,33,05:40,634.2211500000001,626.65675,2025-11-25;2025-12-02;2025-12-09;2025-12-16,False,7.5644000000000915,causal_load_main,day_ahead_planning
2025-12-23,34,05:50,720.7126999999999,719.0508166666666,2025-11-25;2025-12-02;2025-12-09;2025-12-16,False,1.6618833333333214,causal_load_main,day_ahead_planning
2025-12-23,35,06:00,867.3920833333332,881.2166666666667,2025-11-25;2025-12-02;2025-12-09;2025-12-16,False,13.824583333333521,causal_load_main,day_ahead_planning
2025-12-23,36,06:10,888.0097000000001,908.1454166666667,2025-11-25;2025-12-02;2025-12-09;2025-12-16,False,20.135716666666667,causal_load_main,day_ahead_planning
2025-12-23,37,06:20,880.6653,885.9481666666667,2025-11-25;2025-12-02;2025-12-09;2025-12-16,False,5.282866666666678,causal_load_main,day_ahead_planning
2025-12-23,38,06:30,893.2574999999999,881.03,2025-11-25;2025-12-02;2025-12-09;2025-12-16,False,12.227499999999964,causal_load_main,day_ahead_planning
2025-12-23,39,06:40,873.8981291666666,872.18595,2025-11-25;2025-12-02;2025-12-09;2025-12-16,False,1.7121791666666013,causal_load_main,day_ahead_planning
2025-12-23,40,06:50,863.0017958333333,867.2322833333333,2025-11-25;2025-12-02;2025-12-09;2025-12-16,False,4.230487499999981,causal_load_main,day_ahead_planning
2025-12-23,41,07:00,866.1179166666666,871.0916666666667,2025-11-25;2025-12-02;2025-12-09;2025-12-16,False,4.973750000000109,causal_load_main,day_ahead_planning
2025-12-23,42,07:10,850.3952166666667,879.0307666666665,2025-11-25;2025-12-02;2025-12-09;2025-12-16,False,28.635549999999853,causal_load_main,day_ahead_planning
2025-12-23,43,07:20,862.5979499999999,891.0440166666667,2025-11-25;2025-12-02;2025-12-09;2025-12-16,False,28.446066666666866,causal_load_main,day_ahead_planning
2025-12-23,44,07:30,879.6270833333333,876.1366666666665,2025-11-25;2025-12-02;2025-12-09;2025-12-16,False,3.4904166666667606,causal_load_main,day_ahead_planning
2025-12-23,45,07:40,852.8451416666667,830.31475,2025-11-25;2025-12-02;2025-12-09;2025-12-16,False,22.530391666666674,causal_load_main,day_ahead_planning
2025-12-23,46,07:50,978.7880208333333,970.5235333333333,2025-11-25;2025-12-02;2025-12-09;2025-12-16,False,8.264487500000087,causal_load_main,day_ahead_planning
2025-12-23,47,08:00,1189.8570833333333,1199.8216666666667,2025-11-25;2025-12-02;2025-12-09;2025-12-16,False,9.964583333333394,causal_load_main,day_ahead_planning
2025-12-23,48,08:10,1202.1085249999999,1189.4856166666666,2025-11-25;2025-12-02;2025-12-09;2025-12-16,False,12.622908333333271,causal_load_main,day_ahead_planning
2025-12-23,49,08:20,1164.6343958333332,1151.1202166666667,2025-11-25;2025-12-02;2025-12-09;2025-12-16,False,13.514179166666509,causal_load_main,day_ahead_planning
2025-12-23,50,08:30,1172.9908333333333,1197.7783333333332,2025-11-25;2025-12-02;2025-12-09;2025-12-16,False,24.78749999999991,causal_load_main,day_ahead_planning
2025-12-23,51,08:40,1172.392825,1221.5292,2025-11-25;2025-12-02;2025-12-09;2025-12-16,False,49.136375000000044,causal_load_main,day_ahead_planning
2025-12-23,52,08:50,1167.6951791666665,1184.632383333333,2025-11-25;2025-12-02;2025-12-09;2025-12-16,False,16.93720416666656,causal_load_main,day_ahead_planning
2025-12-23,53,09:00,1168.575833333333,1145.67,2025-11-25;2025-12-02;2025-12-09;2025-12-16,False,22.90583333333302,causal_load_main,day_ahead_planning
2025-12-23,54,09:10,1168.8853083333333,1188.0669166666667,2025-11-25;2025-12-02;2025-12-09;2025-12-16,False,19.181608333333315,causal_load_main,day_ahead_planning
2025-12-23,55,09:20,1148.6702458333332,1196.3161666666665,2025-11-25;2025-12-02;2025-12-09;2025-12-16,False,47.64592083333332,causal_load_main,day_ahead_planning
2025-12-23,56,09:30,1127.6362499999998,1148.7766666666666,2025-11-25;2025-12-02;2025-12-09;2025-12-16,False,21.14041666666685,causal_load_main,day_ahead_planning
2025-12-23,57,09:40,1146.0243208333331,1141.0058166666665,2025-11-25;2025-12-02;2025-12-09;2025-12-16,False,5.018504166666617,causal_load_main,day_ahead_planning
2025-12-23,58,09:50,1156.6548749999997,1159.9664833333331,2025-11-25;2025-12-02;2025-12-09;2025-12-16,False,3.3116083333334245,causal_load_main,day_ahead_planning
2025-12-23,59,10:00,1143.5779166666666,1171.9716666666666,2025-11-25;2025-12-02;2025-12-09;2025-12-16,False,28.393749999999955,causal_load_main,day_ahead_planning
2025-12-23,60,10:10,1137.9461041666666,1160.4233833333333,2025-11-25;2025-12-02;2025-12-09;2025-12-16,False,22.477279166666676,causal_load_main,day_ahead_planning
2025-12-23,61,10:20,1144.4834375,1144.4172333333331,2025-11-25;2025-12-02;2025-12-09;2025-12-16,False,0.06620416666692108,causal_load_main,day_ahead_planning
2025-12-23,62,10:30,1146.8116666666665,1144.6216666666664,2025-11-25;2025-12-02;2025-12-09;2025-12-16,False,2.1900000000000546,causal_load_main,day_ahead_planning
2025-12-23,63,10:40,1127.9498708333333,1164.9677166666665,2025-11-25;2025-12-02;2025-12-09;2025-12-16,False,37.01784583333324,causal_load_main,day_ahead_planning
2025-12-23,64,10:50,1122.2461083333333,1172.8779166666666,2025-11-25;2025-12-02;2025-12-09;2025-12-16,False,50.63180833333331,causal_load_main,day_ahead_planning
2025-12-23,65,11:00,1134.11375,1158.4416666666666,2025-11-25;2025-12-02;2025-12-09;2025-12-16,False,24.327916666666624,causal_load_main,day_ahead_planning
2025-12-23,66,11:10,1134.2541291666666,1143.631483333333,2025-11-25;2025-12-02;2025-12-09;2025-12-16,False,9.377354166666464,causal_load_main,day_ahead_planning
2025-12-23,67,11:20,1129.8980208333332,1149.1701833333332,2025-11-25;2025-12-02;2025-12-09;2025-12-16,False,19.272162499999922,causal_load_main,day_ahead_planning
2025-12-23,68,11:30,1131.0249999999999,1151.3133333333333,2025-11-25;2025-12-02;2025-12-09;2025-12-16,False,20.288333333333412,causal_load_main,day_ahead_planning
2025-12-23,69,11:40,1132.3910833333334,1108.589,2025-11-25;2025-12-02;2025-12-09;2025-12-16,False,23.802083333333485,causal_load_main,day_ahead_planning
2025-12-23,70,11:50,1098.0704833333332,1080.6021,2025-11-25;2025-12-02;2025-12-09;2025-12-16,False,17.468383333333122,causal_load_main,day_ahead_planning
2025-12-23,71,12:00,1048.0516666666667,1079.0383333333332,2025-11-25;2025-12-02;2025-12-09;2025-12-16,False,30.98666666666645,causal_load_main,day_ahead_planning
2025-12-23,72,12:10,1043.05945,1062.6493166666667,2025-11-25;2025-12-02;2025-12-09;2025-12-16,False,19.589866666666694,causal_load_main,day_ahead_planning
2025-12-23,73,12:20,1053.8555708333333,1070.0611166666665,2025-11-25;2025-12-02;2025-12-09;2025-12-16,False,16.20554583333319,causal_load_main,day_ahead_planning
2025-12-23,74,12:30,1053.7024999999999,1090.8683333333333,2025-11-25;2025-12-02;2025-12-09;2025-12-16,False,37.16583333333347,causal_load_main,day_ahead_planning
2025-12-23,75,12:40,1046.523675,1073.4888666666666,2025-11-25;2025-12-02;2025-12-09;2025-12-16,False,26.96519166666667,causal_load_main,day_ahead_planning
2025-12-23,76,12:50,1054.7844249999998,1077.3325,2025-11-25;2025-12-02;2025-12-09;2025-12-16,False,22.548075000000154,causal_load_main,day_ahead_planning
2025-12-23,77,13:00,1074.7166666666665,1109.7966666666666,2025-11-25;2025-12-02;2025-12-09;2025-12-16,False,35.080000000000155,causal_load_main,day_ahead_planning
2025-12-23,78,13:10,1081.4916249999999,1114.7244666666666,2025-11-25;2025-12-02;2025-12-09;2025-12-16,False,33.23284166666667,causal_load_main,day_ahead_planning
2025-12-23,79,13:20,1087.4039249999998,1103.3960499999998,2025-11-25;2025-12-02;2025-12-09;2025-12-16,False,15.992124999999987,causal_load_main,day_ahead_planning
2025-12-23,80,13:30,1092.0691666666667,1094.485,2025-11-25;2025-12-02;2025-12-09;2025-12-16,False,2.4158333333332394,causal_load_main,day_ahead_planning
2025-12-23,81,13:40,1082.8621041666665,1097.4430499999999,2025-11-25;2025-12-02;2025-12-09;2025-12-16,False,14.580945833333317,causal_load_main,day_ahead_planning
2025-12-23,82,13:50,1085.5731166666665,1123.9100666666666,2025-11-25;2025-12-02;2025-12-09;2025-12-16,False,38.336950000000115,causal_load_main,day_ahead_planning
2025-12-23,83,14:00,1094.7779166666664,1133.245,2025-11-25;2025-12-02;2025-12-09;2025-12-16,False,38.46708333333345,causal_load_main,day_ahead_planning
2025-12-23,84,14:10,1079.2221625,1072.4242333333332,2025-11-25;2025-12-02;2025-12-09;2025-12-16,False,6.7979291666667905,causal_load_main,day_ahead_planning
2025-12-23,85,14:20,1067.0225791666667,1045.2196,2025-11-25;2025-12-02;2025-12-09;2025-12-16,False,21.802979166666773,causal_load_main,day_ahead_planning
2025-12-23,86,14:30,1066.0274999999997,1071.3883333333333,2025-11-25;2025-12-02;2025-12-09;2025-12-16,False,5.36083333333363,causal_load_main,day_ahead_planning
2025-12-23,87,14:40,1056.9721749999999,1068.0371666666665,2025-11-25;2025-12-02;2025-12-09;2025-12-16,False,11.064991666666629,causal_load_main,day_ahead_planning
2025-12-23,88,14:50,1053.3248083333333,1037.3275666666666,2025-11-25;2025-12-02;2025-12-09;2025-12-16,False,15.997241666666696,causal_load_main,day_ahead_planning
2025-12-23,89,15:00,1052.91375,1014.8816666666667,2025-11-25;2025-12-02;2025-12-09;2025-12-16,False,38.032083333333276,causal_load_main,day_ahead_planning
2025-12-23,90,15:10,1039.4183083333332,1029.3429666666666,2025-11-25;2025-12-02;2025-12-09;2025-12-16,False,10.075341666666645,causal_load_main,day_ahead_planning
2025-12-23,91,15:20,1035.5534208333333,1040.0317333333332,2025-11-25;2025-12-02;2025-12-09;2025-12-16,False,4.478312499999902,causal_load_main,day_ahead_planning
2025-12-23,92,15:30,1046.21375,1032.9083333333333,2025-11-25;2025-12-02;2025-12-09;2025-12-16,False,13.305416666666588,causal_load_main,day_ahead_planning
2025-12-23,93,15:40,1049.7582166666666,1031.4850499999998,2025-11-25;2025-12-02;2025-12-09;2025-12-16,False,18.27316666666684,causal_load_main,day_ahead_planning
2025-12-23,94,15:50,1031.3699749999998,1033.5385166666665,2025-11-25;2025-12-02;2025-12-09;2025-12-16,False,2.1685416666666697,causal_load_main,day_ahead_planning
2025-12-23,95,16:00,1014.3366666666666,1039.395,2025-11-25;2025-12-02;2025-12-09;2025-12-16,False,25.058333333333394,causal_load_main,day_ahead_planning
2025-12-23,96,16:10,1035.3613166666664,1052.3188333333333,2025-11-25;2025-12-02;2025-12-09;2025-12-16,False,16.957516666666834,causal_load_main,day_ahead_planning
2025-12-23,97,16:20,1043.273325,1050.8539999999998,2025-11-25;2025-12-02;2025-12-09;2025-12-16,False,7.580674999999701,causal_load_main,day_ahead_planning
2025-12-23,98,16:30,1029.0258333333334,1039.0949999999998,2025-11-25;2025-12-02;2025-12-09;2025-12-16,False,10.069166666666433,causal_load_main,day_ahead_planning
2025-12-23,99,16:40,1032.1342541666666,1041.5131833333332,2025-11-25;2025-12-02;2025-12-09;2025-12-16,False,9.378929166666694,causal_load_main,day_ahead_planning
2025-12-23,100,16:50,1030.0345041666665,1038.0565333333334,2025-11-25;2025-12-02;2025-12-09;2025-12-16,False,8.022029166666925,causal_load_main,day_ahead_planning
2025-12-23,101,17:00,1020.9358333333332,1026.9516666666666,2025-11-25;2025-12-02;2025-12-09;2025-12-16,False,6.015833333333376,causal_load_main,day_ahead_planning
2025-12-23,102,17:10,1028.4228083333333,1027.4599833333332,2025-11-25;2025-12-02;2025-12-09;2025-12-16,False,0.9628250000000662,causal_load_main,day_ahead_planning
2025-12-23,103,17:20,1031.3870458333333,1025.82385,2025-11-25;2025-12-02;2025-12-09;2025-12-16,False,5.563195833333339,causal_load_main,day_ahead_planning
2025-12-23,104,17:30,1038.3899999999999,1042.4533333333334,2025-11-25;2025-12-02;2025-12-09;2025-12-16,False,4.063333333333503,causal_load_main,day_ahead_planning
2025-12-23,105,17:40,1054.9396916666665,1084.1687666666667,2025-11-25;2025-12-02;2025-12-09;2025-12-16,False,29.229075000000194,causal_load_main,day_ahead_planning
2025-12-23,106,17:50,921.7376749999999,947.35605,2025-11-25;2025-12-02;2025-12-09;2025-12-16,False,25.61837500000013,causal_load_main,day_ahead_planning
2025-12-23,107,18:00,720.0699999999999,714.8033333333333,2025-11-25;2025-12-02;2025-12-09;2025-12-16,False,5.2666666666666515,causal_load_main,day_ahead_planning
2025-12-23,108,18:10,709.6393208333333,694.5315999999999,2025-11-25;2025-12-02;2025-12-09;2025-12-16,False,15.10772083333336,causal_load_main,day_ahead_planning
2025-12-23,109,18:20,742.084725,743.7792166666666,2025-11-25;2025-12-02;2025-12-09;2025-12-16,False,1.6944916666665222,causal_load_main,day_ahead_planning
2025-12-23,110,18:30,728.3591666666666,744.5949999999999,2025-11-25;2025-12-02;2025-12-09;2025-12-16,False,16.23583333333329,causal_load_main,day_ahead_planning
2025-12-23,111,18:40,728.3154041666666,721.8551166666666,2025-11-25;2025-12-02;2025-12-09;2025-12-16,False,6.460287499999936,causal_load_main,day_ahead_planning
2025-12-23,112,18:50,739.5568083333333,705.7954333333333,2025-11-25;2025-12-02;2025-12-09;2025-12-16,False,33.76137499999993,causal_load_main,day_ahead_planning
2025-12-23,113,19:00,739.5074999999999,703.6116666666667,2025-11-25;2025-12-02;2025-12-09;2025-12-16,False,35.89583333333326,causal_load_main,day_ahead_planning
2025-12-23,114,19:10,717.6147208333332,703.7840166666666,2025-11-25;2025-12-02;2025-12-09;2025-12-16,False,13.830704166666578,causal_load_main,day_ahead_planning
2025-12-23,115,19:20,719.8542583333333,711.1742333333333,2025-11-25;2025-12-02;2025-12-09;2025-12-16,False,8.680025,causal_load_main,day_ahead_planning
2025-12-23,116,19:30,742.5774999999999,733.4366666666666,2025-11-25;2025-12-02;2025-12-09;2025-12-16,False,9.140833333333262,causal_load_main,day_ahead_planning
2025-12-23,117,19:40,735.6540875,761.9816333333333,2025-11-25;2025-12-02;2025-12-09;2025-12-16,False,26.327545833333375,causal_load_main,day_ahead_planning
2025-12-23,118,19:50,717.6010124999999,734.3411666666666,2025-11-25;2025-12-02;2025-12-09;2025-12-16,False,16.740154166666684,causal_load_main,day_ahead_planning
2025-12-23,119,20:00,711.7083333333333,685.68,2025-11-25;2025-12-02;2025-12-09;2025-12-16,False,26.028333333333308,causal_load_main,day_ahead_planning
2025-12-23,120,20:10,721.4182999999999,716.6917833333333,2025-11-25;2025-12-02;2025-12-09;2025-12-16,False,4.726516666666612,causal_load_main,day_ahead_planning
2025-12-23,121,20:20,724.3383624999999,749.2959999999999,2025-11-25;2025-12-02;2025-12-09;2025-12-16,False,24.957637500000033,causal_load_main,day_ahead_planning
2025-12-23,122,20:30,718.9995833333334,738.0083333333333,2025-11-25;2025-12-02;2025-12-09;2025-12-16,False,19.008749999999964,causal_load_main,day_ahead_planning
2025-12-23,123,20:40,724.0656291666667,714.7715166666667,2025-11-25;2025-12-02;2025-12-09;2025-12-16,False,9.294112499999983,causal_load_main,day_ahead_planning
2025-12-23,124,20:50,730.2890291666666,706.1526666666666,2025-11-25;2025-12-02;2025-12-09;2025-12-16,False,24.13636250000002,causal_load_main,day_ahead_planning
2025-12-23,125,21:00,732.8016666666667,712.8066666666666,2025-11-25;2025-12-02;2025-12-09;2025-12-16,False,19.99500000000012,causal_load_main,day_ahead_planning
2025-12-23,126,21:10,736.6563083333333,714.8548499999999,2025-11-25;2025-12-02;2025-12-09;2025-12-16,False,21.801458333333358,causal_load_main,day_ahead_planning
2025-12-23,127,21:20,740.4014291666665,706.6036,2025-11-25;2025-12-02;2025-12-09;2025-12-16,False,33.797829166666475,causal_load_main,day_ahead_planning
2025-12-23,128,21:30,750.7933333333333,720.2349999999999,2025-11-25;2025-12-02;2025-12-09;2025-12-16,False,30.558333333333394,causal_load_main,day_ahead_planning
2025-12-23,129,21:40,760.9897208333334,773.7868666666666,2025-11-25;2025-12-02;2025-12-09;2025-12-16,False,12.797145833333161,causal_load_main,day_ahead_planning
2025-12-23,130,21:50,677.31485,703.3065499999999,2025-11-25;2025-12-02;2025-12-09;2025-12-16,False,25.991699999999923,causal_load_main,day_ahead_planning
2025-12-23,131,22:00,552.8295833333333,546.0883333333334,2025-11-25;2025-12-02;2025-12-09;2025-12-16,False,6.741249999999923,causal_load_main,day_ahead_planning
2025-12-23,132,22:10,544.8911458333333,516.1450666666666,2025-11-25;2025-12-02;2025-12-09;2025-12-16,False,28.746079166666732,causal_load_main,day_ahead_planning
2025-12-23,133,22:20,558.8135958333332,548.6701499999999,2025-11-25;2025-12-02;2025-12-09;2025-12-16,False,10.143445833333317,causal_load_main,day_ahead_planning
2025-12-23,134,22:30,548.55125,569.7149999999999,2025-11-25;2025-12-02;2025-12-09;2025-12-16,False,21.163749999999936,causal_load_main,day_ahead_planning
2025-12-23,135,22:40,560.4302875,573.5499,2025-11-25;2025-12-02;2025-12-09;2025-12-16,False,13.119612500000017,causal_load_main,day_ahead_planning
2025-12-23,136,22:50,558.8995125,573.5151999999999,2025-11-25;2025-12-02;2025-12-09;2025-12-16,False,14.615687499999922,causal_load_main,day_ahead_planning
2025-12-23,137,23:00,546.93875,571.2866666666666,2025-11-25;2025-12-02;2025-12-09;2025-12-16,False,24.347916666666606,causal_load_main,day_ahead_planning
2025-12-23,138,23:10,566.7554958333333,561.08545,2025-11-25;2025-12-02;2025-12-09;2025-12-16,False,5.6700458333332335,causal_load_main,day_ahead_planning
2025-12-23,139,23:20,578.84275,568.54845,2025-11-25;2025-12-02;2025-12-09;2025-12-16,False,10.294300000000021,causal_load_main,day_ahead_planning
2025-12-23,140,23:30,576.4170833333333,588.38,2025-11-25;2025-12-02;2025-12-09;2025-12-16,False,11.962916666666729,causal_load_main,day_ahead_planning
2025-12-23,141,23:40,590.3052416666667,588.2878499999999,2025-11-25;2025-12-02;2025-12-09;2025-12-16,False,2.0173916666667537,causal_load_main,day_ahead_planning
2025-12-23,142,23:50,588.6622291666666,583.5952333333332,2025-11-25;2025-12-02;2025-12-09;2025-12-16,False,5.066995833333408,causal_load_main,day_ahead_planning
2025-12-23,143,0:00+1,572.17125,596.5783333333333,2025-11-25;2025-12-02;2025-12-09;2025-12-16,False,24.407083333333276,causal_load_main,day_ahead_planning
2025-12-24,0,00:10,577.5265499999999,630.7687333333333,2025-11-26;2025-12-03;2025-12-10;2025-12-17,False,53.2421833333334,causal_load_main,day_ahead_planning
2025-12-24,1,00:20,590.8746041666666,638.3580333333333,2025-11-26;2025-12-03;2025-12-10;2025-12-17,False,47.483429166666724,causal_load_main,day_ahead_planning
2025-12-24,2,00:30,597.8824999999999,607.0433333333333,2025-11-26;2025-12-03;2025-12-10;2025-12-17,False,9.160833333333358,causal_load_main,day_ahead_planning
2025-12-24,3,00:40,597.3779541666665,574.0829333333334,2025-11-26;2025-12-03;2025-12-10;2025-12-17,False,23.295020833333183,causal_load_main,day_ahead_planning
2025-12-24,4,00:50,590.5625708333332,579.3816333333333,2025-11-26;2025-12-03;2025-12-10;2025-12-17,False,11.180937499999914,causal_load_main,day_ahead_planning
2025-12-24,5,01:00,590.6041666666666,606.7266666666667,2025-11-26;2025-12-03;2025-12-10;2025-12-17,False,16.12250000000006,causal_load_main,day_ahead_planning
2025-12-24,6,01:10,610.882625,603.7890666666666,2025-11-26;2025-12-03;2025-12-10;2025-12-17,False,7.0935583333333625,causal_load_main,day_ahead_planning
2025-12-24,7,01:20,621.01125,597.0680833333333,2025-11-26;2025-12-03;2025-12-10;2025-12-17,False,23.943166666666684,causal_load_main,day_ahead_planning
2025-12-24,8,01:30,612.1616666666666,594.6866666666666,2025-11-26;2025-12-03;2025-12-10;2025-12-17,False,17.475000000000023,causal_load_main,day_ahead_planning
2025-12-24,9,01:40,605.2067291666666,580.6062999999999,2025-11-26;2025-12-03;2025-12-10;2025-12-17,False,24.600429166666686,causal_load_main,day_ahead_planning
2025-12-24,10,01:50,609.0312125,594.3756833333333,2025-11-26;2025-12-03;2025-12-10;2025-12-17,False,14.655529166666724,causal_load_main,day_ahead_planning
2025-12-24,11,02:00,622.62875,631.3333333333333,2025-11-26;2025-12-03;2025-12-10;2025-12-17,False,8.70458333333329,causal_load_main,day_ahead_planning
2025-12-24,12,02:10,637.0182916666666,643.0407166666666,2025-11-26;2025-12-03;2025-12-10;2025-12-17,False,6.022424999999998,causal_load_main,day_ahead_planning
2025-12-24,13,02:20,638.3257583333333,639.7454166666666,2025-11-26;2025-12-03;2025-12-10;2025-12-17,False,1.4196583333333592,causal_load_main,day_ahead_planning
2025-12-24,14,02:30,631.1724999999999,639.405,2025-11-26;2025-12-03;2025-12-10;2025-12-17,False,8.232500000000073,causal_load_main,day_ahead_planning
2025-12-24,15,02:40,632.66345,647.28545,2025-11-26;2025-12-03;2025-12-10;2025-12-17,False,14.621999999999957,causal_load_main,day_ahead_planning
2025-12-24,16,02:50,632.0339875,649.1702,2025-11-26;2025-12-03;2025-12-10;2025-12-17,False,17.136212500000056,causal_load_main,day_ahead_planning
2025-12-24,17,03:00,629.1608333333332,645.7249999999999,2025-11-26;2025-12-03;2025-12-10;2025-12-17,False,16.564166666666665,causal_load_main,day_ahead_planning
2025-12-24,18,03:10,635.3499666666667,652.8133333333333,2025-11-26;2025-12-03;2025-12-10;2025-12-17,False,17.463366666666616,causal_load_main,day_ahead_planning
2025-12-24,19,03:20,637.2142833333334,667.8226999999999,2025-11-26;2025-12-03;2025-12-10;2025-12-17,False,30.608416666666585,causal_load_main,day_ahead_planning
2025-12-24,20,03:30,635.2083333333333,669.8966666666666,2025-11-26;2025-12-03;2025-12-10;2025-12-17,False,34.68833333333339,causal_load_main,day_ahead_planning
2025-12-24,21,03:40,643.9750291666667,646.3706833333333,2025-11-26;2025-12-03;2025-12-10;2025-12-17,False,2.3956541666666453,causal_load_main,day_ahead_planning
2025-12-24,22,03:50,654.4773833333333,666.40265,2025-11-26;2025-12-03;2025-12-10;2025-12-17,False,11.925266666666744,causal_load_main,day_ahead_planning
2025-12-24,23,04:00,660.8616666666667,715.55,2025-11-26;2025-12-03;2025-12-10;2025-12-17,False,54.688333333333276,causal_load_main,day_ahead_planning
2025-12-24,24,04:10,665.7998083333333,708.6745833333332,2025-11-26;2025-12-03;2025-12-10;2025-12-17,False,42.874774999999886,causal_load_main,day_ahead_planning
2025-12-24,25,04:20,668.770075,692.2243833333333,2025-11-26;2025-12-03;2025-12-10;2025-12-17,False,23.4543083333333,causal_load_main,day_ahead_planning
2025-12-24,26,04:30,668.4654166666667,691.06,2025-11-26;2025-12-03;2025-12-10;2025-12-17,False,22.594583333333276,causal_load_main,day_ahead_planning
2025-12-24,27,04:40,665.2684541666666,680.7443333333333,2025-11-26;2025-12-03;2025-12-10;2025-12-17,False,15.475879166666687,causal_load_main,day_ahead_planning
2025-12-24,28,04:50,665.531075,662.4660833333332,2025-11-26;2025-12-03;2025-12-10;2025-12-17,False,3.0649916666667423,causal_load_main,day_ahead_planning
2025-12-24,29,05:00,669.6604166666666,651.275,2025-11-26;2025-12-03;2025-12-10;2025-12-17,False,18.38541666666663,causal_load_main,day_ahead_planning
2025-12-24,30,05:10,672.9881624999999,664.7537333333332,2025-11-26;2025-12-03;2025-12-10;2025-12-17,False,8.2344291666667,causal_load_main,day_ahead_planning
2025-12-24,31,05:20,679.5231083333333,701.7243333333332,2025-11-26;2025-12-03;2025-12-10;2025-12-17,False,22.20122499999991,causal_load_main,day_ahead_planning
2025-12-24,32,05:30,678.13625,721.6833333333334,2025-11-26;2025-12-03;2025-12-10;2025-12-17,False,43.547083333333376,causal_load_main,day_ahead_planning
2025-12-24,33,05:40,667.4186708333333,691.9508833333332,2025-11-26;2025-12-03;2025-12-10;2025-12-17,False,24.5322124999999,causal_load_main,day_ahead_planning
2025-12-24,34,05:50,747.1041458333333,741.5118833333332,2025-11-26;2025-12-03;2025-12-10;2025-12-17,False,5.592262500000061,causal_load_main,day_ahead_planning
2025-12-24,35,06:00,876.4920833333333,861.0899999999999,2025-11-26;2025-12-03;2025-12-10;2025-12-17,False,15.402083333333394,causal_load_main,day_ahead_planning
2025-12-24,36,06:10,903.2507041666667,902.7033333333334,2025-11-26;2025-12-03;2025-12-10;2025-12-17,False,0.5473708333332752,causal_load_main,day_ahead_planning
2025-12-24,37,06:20,889.2004541666665,880.3814333333332,2025-11-26;2025-12-03;2025-12-10;2025-12-17,False,8.819020833333298,causal_load_main,day_ahead_planning
2025-12-24,38,06:30,884.0166666666665,864.395,2025-11-26;2025-12-03;2025-12-10;2025-12-17,False,19.621666666666556,causal_load_main,day_ahead_planning
2025-12-24,39,06:40,873.9234583333332,904.8967166666666,2025-11-26;2025-12-03;2025-12-10;2025-12-17,False,30.973258333333433,causal_load_main,day_ahead_planning
2025-12-24,40,06:50,861.5761041666667,920.8143333333334,2025-11-26;2025-12-03;2025-12-10;2025-12-17,False,59.238229166666656,causal_load_main,day_ahead_planning
2025-12-24,41,07:00,859.2683333333332,896.62,2025-11-26;2025-12-03;2025-12-10;2025-12-17,False,37.3516666666668,causal_load_main,day_ahead_planning
2025-12-24,42,07:10,876.7295416666666,896.8782666666666,2025-11-26;2025-12-03;2025-12-10;2025-12-17,False,20.148725000000013,causal_load_main,day_ahead_planning
2025-12-24,43,07:20,893.9863958333333,911.9208333333332,2025-11-26;2025-12-03;2025-12-10;2025-12-17,False,17.934437499999945,causal_load_main,day_ahead_planning
2025-12-24,44,07:30,876.9837499999999,898.8999999999999,2025-11-26;2025-12-03;2025-12-10;2025-12-17,False,21.91624999999999,causal_load_main,day_ahead_planning
2025-12-24,45,07:40,834.6409999999998,858.0159666666666,2025-11-26;2025-12-03;2025-12-10;2025-12-17,False,23.37496666666675,causal_load_main,day_ahead_planning
2025-12-24,46,07:50,960.2270458333334,999.9819166666666,2025-11-26;2025-12-03;2025-12-10;2025-12-17,False,39.75487083333326,causal_load_main,day_ahead_planning
2025-12-24,47,08:00,1175.5229166666668,1228.085,2025-11-26;2025-12-03;2025-12-10;2025-12-17,False,52.56208333333325,causal_load_main,day_ahead_planning
2025-12-24,48,08:10,1195.3245166666666,1218.4258166666666,2025-11-26;2025-12-03;2025-12-10;2025-12-17,False,23.101300000000037,causal_load_main,day_ahead_planning
2025-12-24,49,08:20,1169.1843666666666,1169.0673666666667,2025-11-26;2025-12-03;2025-12-10;2025-12-17,False,0.1169999999999618,causal_load_main,day_ahead_planning
2025-12-24,50,08:30,1179.2404166666665,1182.6533333333332,2025-11-26;2025-12-03;2025-12-10;2025-12-17,False,3.4129166666666606,causal_load_main,day_ahead_planning
2025-12-24,51,08:40,1157.9481875000001,1164.942,2025-11-26;2025-12-03;2025-12-10;2025-12-17,False,6.993812499999876,causal_load_main,day_ahead_planning
2025-12-24,52,08:50,1154.1142125,1151.4349666666667,2025-11-26;2025-12-03;2025-12-10;2025-12-17,False,2.679245833333198,causal_load_main,day_ahead_planning
2025-12-24,53,09:00,1172.6104166666667,1162.835,2025-11-26;2025-12-03;2025-12-10;2025-12-17,False,9.775416666666615,causal_load_main,day_ahead_planning
2025-12-24,54,09:10,1164.0391541666668,1172.5605166666664,2025-11-26;2025-12-03;2025-12-10;2025-12-17,False,8.521362499999668,causal_load_main,day_ahead_planning
2025-12-24,55,09:20,1159.8516916666665,1164.6890833333332,2025-11-26;2025-12-03;2025-12-10;2025-12-17,False,4.83739166666669,causal_load_main,day_ahead_planning
2025-12-24,56,09:30,1165.7495833333332,1143.6633333333332,2025-11-26;2025-12-03;2025-12-10;2025-12-17,False,22.086250000000064,causal_load_main,day_ahead_planning
2025-12-24,57,09:40,1153.4427999999998,1132.0951,2025-11-26;2025-12-03;2025-12-10;2025-12-17,False,21.347699999999804,causal_load_main,day_ahead_planning
2025-12-24,58,09:50,1144.6659875,1154.3108333333332,2025-11-26;2025-12-03;2025-12-10;2025-12-17,False,9.644845833333193,causal_load_main,day_ahead_planning
2025-12-24,59,10:00,1147.9375,1181.4566666666665,2025-11-26;2025-12-03;2025-12-10;2025-12-17,False,33.51916666666648,causal_load_main,day_ahead_planning
2025-12-24,60,10:10,1148.3855374999998,1159.8747833333332,2025-11-26;2025-12-03;2025-12-10;2025-12-17,False,11.48924583333337,causal_load_main,day_ahead_planning
2025-12-24,61,10:20,1142.8886041666665,1147.49995,2025-11-26;2025-12-03;2025-12-10;2025-12-17,False,4.6113458333334165,causal_load_main,day_ahead_planning
2025-12-24,62,10:30,1139.84625,1165.3783333333333,2025-11-26;2025-12-03;2025-12-10;2025-12-17,False,25.532083333333276,causal_load_main,day_ahead_planning
2025-12-24,63,10:40,1147.0862583333333,1174.8990999999999,2025-11-26;2025-12-03;2025-12-10;2025-12-17,False,27.8128416666666,causal_load_main,day_ahead_planning
2025-12-24,64,10:50,1138.8127833333333,1161.7970333333333,2025-11-26;2025-12-03;2025-12-10;2025-12-17,False,22.984249999999975,causal_load_main,day_ahead_planning
2025-12-24,65,11:00,1122.6833333333332,1152.2433333333333,2025-11-26;2025-12-03;2025-12-10;2025-12-17,False,29.560000000000173,causal_load_main,day_ahead_planning
2025-12-24,66,11:10,1131.210075,1176.1027333333332,2025-11-26;2025-12-03;2025-12-10;2025-12-17,False,44.8926583333332,causal_load_main,day_ahead_planning
2025-12-24,67,11:20,1130.4714625,1149.3099833333333,2025-11-26;2025-12-03;2025-12-10;2025-12-17,False,18.838520833333405,causal_load_main,day_ahead_planning
2025-12-24,68,11:30,1113.83,1091.4083333333333,2025-11-26;2025-12-03;2025-12-10;2025-12-17,False,22.421666666666624,causal_load_main,day_ahead_planning
2025-12-24,69,11:40,1106.306125,1105.7217833333334,2025-11-26;2025-12-03;2025-12-10;2025-12-17,False,0.5843416666666599,causal_load_main,day_ahead_planning
2025-12-24,70,11:50,1084.0497874999999,1105.6102333333333,2025-11-26;2025-12-03;2025-12-10;2025-12-17,False,21.56044583333346,causal_load_main,day_ahead_planning
2025-12-24,71,12:00,1053.9975,1063.6633333333332,2025-11-26;2025-12-03;2025-12-10;2025-12-17,False,9.66583333333324,causal_load_main,day_ahead_planning
2025-12-24,72,12:10,1053.0526333333332,1045.97605,2025-11-26;2025-12-03;2025-12-10;2025-12-17,False,7.076583333333247,causal_load_main,day_ahead_planning
2025-12-24,73,12:20,1064.1653,1058.8333666666667,2025-11-26;2025-12-03;2025-12-10;2025-12-17,False,5.331933333333154,causal_load_main,day_ahead_planning
2025-12-24,74,12:30,1059.6295833333334,1066.7833333333333,2025-11-26;2025-12-03;2025-12-10;2025-12-17,False,7.153749999999945,causal_load_main,day_ahead_planning
2025-12-24,75,12:40,1032.6821666666665,1037.3612333333333,2025-11-26;2025-12-03;2025-12-10;2025-12-17,False,4.679066666666813,causal_load_main,day_ahead_planning
2025-12-24,76,12:50,1043.3797416666666,1048.1507,2025-11-26;2025-12-03;2025-12-10;2025-12-17,False,4.770958333333283,causal_load_main,day_ahead_planning
2025-12-24,77,13:00,1084.0570833333331,1107.0883333333331,2025-11-26;2025-12-03;2025-12-10;2025-12-17,False,23.03125,causal_load_main,day_ahead_planning
2025-12-24,78,13:10,1087.560720833333,1136.7189166666667,2025-11-26;2025-12-03;2025-12-10;2025-12-17,False,49.15819583333359,causal_load_main,day_ahead_planning
2025-12-24,79,13:20,1084.4729,1110.4755,2025-11-26;2025-12-03;2025-12-10;2025-12-17,False,26.00260000000003,causal_load_main,day_ahead_planning
2025-12-24,80,13:30,1088.11875,1076.8766666666666,2025-11-26;2025-12-03;2025-12-10;2025-12-17,False,11.24208333333354,causal_load_main,day_ahead_planning
2025-12-24,81,13:40,1078.6997208333332,1103.8147999999999,2025-11-26;2025-12-03;2025-12-10;2025-12-17,False,25.115079166666646,causal_load_main,day_ahead_planning
2025-12-24,82,13:50,1073.3541875,1097.1228999999998,2025-11-26;2025-12-03;2025-12-10;2025-12-17,False,23.768712499999765,causal_load_main,day_ahead_planning
2025-12-24,83,14:00,1075.215,1049.215,2025-11-26;2025-12-03;2025-12-10;2025-12-17,False,26.0,causal_load_main,day_ahead_planning
2025-12-24,84,14:10,1069.980075,1050.04575,2025-11-26;2025-12-03;2025-12-10;2025-12-17,False,19.934324999999944,causal_load_main,day_ahead_planning
2025-12-24,85,14:20,1067.7918791666666,1069.60225,2025-11-26;2025-12-03;2025-12-10;2025-12-17,False,1.8103708333333088,causal_load_main,day_ahead_planning
2025-12-24,86,14:30,1070.4195833333333,1068.0349999999999,2025-11-26;2025-12-03;2025-12-10;2025-12-17,False,2.3845833333334667,causal_load_main,day_ahead_planning
2025-12-24,87,14:40,1068.15875,1043.9203333333332,2025-11-26;2025-12-03;2025-12-10;2025-12-17,False,24.238416666666808,causal_load_main,day_ahead_planning
2025-12-24,88,14:50,1064.2222833333333,1058.9235833333332,2025-11-26;2025-12-03;2025-12-10;2025-12-17,False,5.2987000000000535,causal_load_main,day_ahead_planning
2025-12-24,89,15:00,1061.3920833333332,1090.6633333333332,2025-11-26;2025-12-03;2025-12-10;2025-12-17,False,29.27125000000001,causal_load_main,day_ahead_planning
2025-12-24,90,15:10,1058.3208916666667,1057.8392,2025-11-26;2025-12-03;2025-12-10;2025-12-17,False,0.4816916666668476,causal_load_main,day_ahead_planning
2025-12-24,91,15:20,1052.5568208333334,1037.7509499999999,2025-11-26;2025-12-03;2025-12-10;2025-12-17,False,14.805870833333529,causal_load_main,day_ahead_planning
2025-12-24,92,15:30,1044.1925,1056.2549999999999,2025-11-26;2025-12-03;2025-12-10;2025-12-17,False,12.062499999999773,causal_load_main,day_ahead_planning
2025-12-24,93,15:40,1037.4069666666667,1058.5942833333334,2025-11-26;2025-12-03;2025-12-10;2025-12-17,False,21.187316666666675,causal_load_main,day_ahead_planning
2025-12-24,94,15:50,1040.7890583333333,1037.47615,2025-11-26;2025-12-03;2025-12-10;2025-12-17,False,3.3129083333333256,causal_load_main,day_ahead_planning
2025-12-24,95,16:00,1045.3154166666666,1025.045,2025-11-26;2025-12-03;2025-12-10;2025-12-17,False,20.270416666666506,causal_load_main,day_ahead_planning
2025-12-24,96,16:10,1034.0721583333334,1052.4393833333334,2025-11-26;2025-12-03;2025-12-10;2025-12-17,False,18.367224999999962,causal_load_main,day_ahead_planning
2025-12-24,97,16:20,1032.0507041666667,1045.2202833333333,2025-11-26;2025-12-03;2025-12-10;2025-12-17,False,13.169579166666608,causal_load_main,day_ahead_planning
2025-12-24,98,16:30,1046.0575,1008.6666666666666,2025-11-26;2025-12-03;2025-12-10;2025-12-17,False,37.39083333333326,causal_load_main,day_ahead_planning
2025-12-24,99,16:40,1055.2907708333332,1024.5745666666667,2025-11-26;2025-12-03;2025-12-10;2025-12-17,False,30.716204166666557,causal_load_main,day_ahead_planning
2025-12-24,100,16:50,1044.8294708333333,1056.3698666666664,2025-11-26;2025-12-03;2025-12-10;2025-12-17,False,11.54039583333315,causal_load_main,day_ahead_planning
2025-12-24,101,17:00,1020.8162499999999,1063.5216666666665,2025-11-26;2025-12-03;2025-12-10;2025-12-17,False,42.70541666666668,causal_load_main,day_ahead_planning
2025-12-24,102,17:10,1002.6283291666666,1040.12555,2025-11-26;2025-12-03;2025-12-10;2025-12-17,False,37.49722083333336,causal_load_main,day_ahead_planning
2025-12-24,103,17:20,986.9906749999999,1011.5375666666666,2025-11-26;2025-12-03;2025-12-10;2025-12-17,False,24.54689166666674,causal_load_main,day_ahead_planning
2025-12-24,104,17:30,999.2124999999999,1010.0533333333333,2025-11-26;2025-12-03;2025-12-10;2025-12-17,False,10.840833333333421,causal_load_main,day_ahead_planning
2025-12-24,105,17:40,1043.6945208333332,1027.9750999999999,2025-11-26;2025-12-03;2025-12-10;2025-12-17,False,15.719420833333288,causal_load_main,day_ahead_planning
2025-12-24,106,17:50,918.1732583333333,911.1843,2025-11-26;2025-12-03;2025-12-10;2025-12-17,False,6.988958333333244,causal_load_main,day_ahead_planning
2025-12-24,107,18:00,705.1858333333333,724.4233333333333,2025-11-26;2025-12-03;2025-12-10;2025-12-17,False,19.237499999999955,causal_load_main,day_ahead_planning
2025-12-24,108,18:10,703.6053708333333,699.5416666666666,2025-11-26;2025-12-03;2025-12-10;2025-12-17,False,4.063704166666639,causal_load_main,day_ahead_planning
2025-12-24,109,18:20,739.0060333333333,720.74785,2025-11-26;2025-12-03;2025-12-10;2025-12-17,False,18.258183333333363,causal_load_main,day_ahead_planning
2025-12-24,110,18:30,713.7366666666666,713.81,2025-11-26;2025-12-03;2025-12-10;2025-12-17,False,0.07333333333338032,causal_load_main,day_ahead_planning
2025-12-24,111,18:40,706.6694041666667,722.4869833333333,2025-11-26;2025-12-03;2025-12-10;2025-12-17,False,15.817579166666633,causal_load_main,day_ahead_planning
2025-12-24,112,18:50,708.6881125,737.7030666666666,2025-11-26;2025-12-03;2025-12-10;2025-12-17,False,29.014954166666598,causal_load_main,day_ahead_planning
2025-12-24,113,19:00,712.0358333333331,742.8,2025-11-26;2025-12-03;2025-12-10;2025-12-17,False,30.764166666666824,causal_load_main,day_ahead_planning
2025-12-24,114,19:10,725.1071166666666,731.9542499999999,2025-11-26;2025-12-03;2025-12-10;2025-12-17,False,6.847133333333318,causal_load_main,day_ahead_planning
2025-12-24,115,19:20,720.5071208333331,714.6113666666666,2025-11-26;2025-12-03;2025-12-10;2025-12-17,False,5.8957541666665065,causal_load_main,day_ahead_planning
2025-12-24,116,19:30,701.8408333333334,708.6216666666666,2025-11-26;2025-12-03;2025-12-10;2025-12-17,False,6.780833333333135,causal_load_main,day_ahead_planning
2025-12-24,117,19:40,700.9014583333334,724.7806166666666,2025-11-26;2025-12-03;2025-12-10;2025-12-17,False,23.87915833333318,causal_load_main,day_ahead_planning
2025-12-24,118,19:50,702.2947791666666,728.8687166666666,2025-11-26;2025-12-03;2025-12-10;2025-12-17,False,26.573937500000056,causal_load_main,day_ahead_planning
2025-12-24,119,20:00,700.4720833333332,717.8,2025-11-26;2025-12-03;2025-12-10;2025-12-17,False,17.327916666666738,causal_load_main,day_ahead_planning
2025-12-24,120,20:10,707.9113166666666,722.5677499999999,2025-11-26;2025-12-03;2025-12-10;2025-12-17,False,14.656433333333325,causal_load_main,day_ahead_planning
2025-12-24,121,20:20,720.7135874999999,740.1677500000001,2025-11-26;2025-12-03;2025-12-10;2025-12-17,False,19.454162500000166,causal_load_main,day_ahead_planning
2025-12-24,122,20:30,727.3333333333333,745.8716666666666,2025-11-26;2025-12-03;2025-12-10;2025-12-17,False,18.5383333333333,causal_load_main,day_ahead_planning
2025-12-24,123,20:40,720.5589541666667,719.1361166666667,2025-11-26;2025-12-03;2025-12-10;2025-12-17,False,1.4228375000000142,causal_load_main,day_ahead_planning
2025-12-24,124,20:50,722.5650166666667,705.0895666666667,2025-11-26;2025-12-03;2025-12-10;2025-12-17,False,17.475450000000023,causal_load_main,day_ahead_planning
2025-12-24,125,21:00,735.8645833333333,717.6233333333332,2025-11-26;2025-12-03;2025-12-10;2025-12-17,False,18.241250000000036,causal_load_main,day_ahead_planning
2025-12-24,126,21:10,740.0627208333333,727.1037166666666,2025-11-26;2025-12-03;2025-12-10;2025-12-17,False,12.95900416666666,causal_load_main,day_ahead_planning
2025-12-24,127,21:20,732.1218083333333,722.2567999999999,2025-11-26;2025-12-03;2025-12-10;2025-12-17,False,9.865008333333435,causal_load_main,day_ahead_planning
2025-12-24,128,21:30,732.1062499999999,726.0,2025-11-26;2025-12-03;2025-12-10;2025-12-17,False,6.106249999999932,causal_load_main,day_ahead_planning
2025-12-24,129,21:40,747.8318083333334,752.9534,2025-11-26;2025-12-03;2025-12-10;2025-12-17,False,5.121591666666632,causal_load_main,day_ahead_planning
2025-12-24,130,21:50,672.1484416666666,676.98,2025-11-26;2025-12-03;2025-12-10;2025-12-17,False,4.831558333333419,causal_load_main,day_ahead_planning
2025-12-24,131,22:00,548.4758333333333,535.1966666666666,2025-11-26;2025-12-03;2025-12-10;2025-12-17,False,13.279166666666697,causal_load_main,day_ahead_planning
2025-12-24,132,22:10,538.5126666666666,506.46734999999995,2025-11-26;2025-12-03;2025-12-10;2025-12-17,False,32.04531666666668,causal_load_main,day_ahead_planning
2025-12-24,133,22:20,562.6420208333333,543.1625833333333,2025-11-26;2025-12-03;2025-12-10;2025-12-17,False,19.479437500000017,causal_load_main,day_ahead_planning
2025-12-24,134,22:30,561.4091666666667,574.5466666666666,2025-11-26;2025-12-03;2025-12-10;2025-12-17,False,13.137499999999932,causal_load_main,day_ahead_planning
2025-12-24,135,22:40,554.3533875,578.8036,2025-11-26;2025-12-03;2025-12-10;2025-12-17,False,24.450212499999907,causal_load_main,day_ahead_planning
2025-12-24,136,22:50,547.5338291666667,584.94295,2025-11-26;2025-12-03;2025-12-10;2025-12-17,False,37.409120833333304,causal_load_main,day_ahead_planning
2025-12-24,137,23:00,551.8125,587.6899999999999,2025-11-26;2025-12-03;2025-12-10;2025-12-17,False,35.87749999999994,causal_load_main,day_ahead_planning
2025-12-24,138,23:10,576.224575,556.8707499999999,2025-11-26;2025-12-03;2025-12-10;2025-12-17,False,19.35382500000003,causal_load_main,day_ahead_planning
2025-12-24,139,23:20,587.8323375,546.3771999999999,2025-11-26;2025-12-03;2025-12-10;2025-12-17,False,41.45513750000009,causal_load_main,day_ahead_planning
2025-12-24,140,23:30,580.6608333333332,569.5183333333333,2025-11-26;2025-12-03;2025-12-10;2025-12-17,False,11.142499999999927,causal_load_main,day_ahead_planning
2025-12-24,141,23:40,580.1397499999999,586.6569666666667,2025-11-26;2025-12-03;2025-12-10;2025-12-17,False,6.517216666666741,causal_load_main,day_ahead_planning
2025-12-24,142,23:50,586.9801749999999,594.6201,2025-11-26;2025-12-03;2025-12-10;2025-12-17,False,7.639925000000062,causal_load_main,day_ahead_planning
2025-12-24,143,0:00+1,592.7033333333334,595.54,2025-11-26;2025-12-03;2025-12-10;2025-12-17,False,2.836666666666588,causal_load_main,day_ahead_planning
2025-12-25,0,00:10,590.2378958333334,589.42175,2025-11-27;2025-12-04;2025-12-11;2025-12-18,False,0.816145833333394,causal_load_main,day_ahead_planning
2025-12-25,1,00:20,588.0598625,585.5513,2025-11-27;2025-12-04;2025-12-11;2025-12-18,False,2.508562500000039,causal_load_main,day_ahead_planning
2025-12-25,2,00:30,587.8125,591.4016666666666,2025-11-27;2025-12-04;2025-12-11;2025-12-18,False,3.5891666666666424,causal_load_main,day_ahead_planning
2025-12-25,3,00:40,586.1437583333333,604.7145666666667,2025-11-27;2025-12-04;2025-12-11;2025-12-18,False,18.57080833333339,causal_load_main,day_ahead_planning
2025-12-25,4,00:50,600.8503000000001,602.7747166666666,2025-11-27;2025-12-04;2025-12-11;2025-12-18,False,1.9244166666665024,causal_load_main,day_ahead_planning
2025-12-25,5,01:00,612.7633333333333,597.3433333333332,2025-11-27;2025-12-04;2025-12-11;2025-12-18,False,15.420000000000073,causal_load_main,day_ahead_planning
2025-12-25,6,01:10,585.92585,624.34455,2025-11-27;2025-12-04;2025-12-11;2025-12-18,False,38.41870000000006,causal_load_main,day_ahead_planning
2025-12-25,7,01:20,583.2879125,657.9586666666667,2025-11-27;2025-12-04;2025-12-11;2025-12-18,False,74.67075416666671,causal_load_main,day_ahead_planning
2025-12-25,8,01:30,615.1241666666666,651.5633333333333,2025-11-27;2025-12-04;2025-12-11;2025-12-18,False,36.439166666666665,causal_load_main,day_ahead_planning
2025-12-25,9,01:40,629.4352833333332,586.6123166666666,2025-11-27;2025-12-04;2025-12-11;2025-12-18,False,42.822966666666616,causal_load_main,day_ahead_planning
2025-12-25,10,01:50,635.7065,571.4506166666666,2025-11-27;2025-12-04;2025-12-11;2025-12-18,False,64.25588333333337,causal_load_main,day_ahead_planning
2025-12-25,11,02:00,639.38375,629.2233333333334,2025-11-27;2025-12-04;2025-12-11;2025-12-18,False,10.160416666666606,causal_load_main,day_ahead_planning
2025-12-25,12,02:10,631.6889458333333,672.7775666666666,2025-11-27;2025-12-04;2025-12-11;2025-12-18,False,41.08862083333338,causal_load_main,day_ahead_planning
2025-12-25,13,02:20,627.21625,646.2686833333332,2025-11-27;2025-12-04;2025-12-11;2025-12-18,False,19.052433333333283,causal_load_main,day_ahead_planning
2025-12-25,14,02:30,628.50875,607.4466666666666,2025-11-27;2025-12-04;2025-12-11;2025-12-18,False,21.062083333333362,causal_load_main,day_ahead_planning
2025-12-25,15,02:40,626.5500416666666,658.90185,2025-11-27;2025-12-04;2025-12-11;2025-12-18,False,32.35180833333334,causal_load_main,day_ahead_planning
2025-12-25,16,02:50,637.1233833333333,672.2530833333333,2025-11-27;2025-12-04;2025-12-11;2025-12-18,False,35.12969999999996,causal_load_main,day_ahead_planning
2025-12-25,17,03:00,649.8795833333334,633.03,2025-11-27;2025-12-04;2025-12-11;2025-12-18,False,16.849583333333385,causal_load_main,day_ahead_planning
2025-12-25,18,03:10,638.0173833333333,654.0315166666667,2025-11-27;2025-12-04;2025-12-11;2025-12-18,False,16.014133333333348,causal_load_main,day_ahead_planning
2025-12-25,19,03:20,637.0570375,669.2999,2025-11-27;2025-12-04;2025-12-11;2025-12-18,False,32.2428625,causal_load_main,day_ahead_planning
2025-12-25,20,03:30,653.0533333333333,643.0333333333333,2025-11-27;2025-12-04;2025-12-11;2025-12-18,False,10.019999999999982,causal_load_main,day_ahead_planning
2025-12-25,21,03:40,656.9884708333333,620.4665833333333,2025-11-27;2025-12-04;2025-12-11;2025-12-18,False,36.521887499999934,causal_load_main,day_ahead_planning
2025-12-25,22,03:50,660.3115875,659.6699333333333,2025-11-27;2025-12-04;2025-12-11;2025-12-18,False,0.6416541666666262,causal_load_main,day_ahead_planning
2025-12-25,23,04:00,665.6091666666666,722.4616666666667,2025-11-27;2025-12-04;2025-12-11;2025-12-18,False,56.85250000000008,causal_load_main,day_ahead_planning
2025-12-25,24,04:10,661.5686374999999,708.4134999999999,2025-11-27;2025-12-04;2025-12-11;2025-12-18,False,46.84486249999998,causal_load_main,day_ahead_planning
2025-12-25,25,04:20,658.7175958333333,661.7233,2025-11-27;2025-12-04;2025-12-11;2025-12-18,False,3.0057041666666464,causal_load_main,day_ahead_planning
2025-12-25,26,04:30,662.4137499999999,644.3216666666666,2025-11-27;2025-12-04;2025-12-11;2025-12-18,False,18.092083333333335,causal_load_main,day_ahead_planning
2025-12-25,27,04:40,666.8146791666666,679.4809,2025-11-27;2025-12-04;2025-12-11;2025-12-18,False,12.666220833333455,causal_load_main,day_ahead_planning
2025-12-25,28,04:50,665.1960875,715.6186333333333,2025-11-27;2025-12-04;2025-12-11;2025-12-18,False,50.42254583333329,causal_load_main,day_ahead_planning
2025-12-25,29,05:00,663.0766666666666,722.4416666666666,2025-11-27;2025-12-04;2025-12-11;2025-12-18,False,59.36500000000001,causal_load_main,day_ahead_planning
2025-12-25,30,05:10,672.1436666666666,711.6463999999999,2025-11-27;2025-12-04;2025-12-11;2025-12-18,False,39.50273333333325,causal_load_main,day_ahead_planning
2025-12-25,31,05:20,679.5592458333333,702.2479333333333,2025-11-27;2025-12-04;2025-12-11;2025-12-18,False,22.688687500000015,causal_load_main,day_ahead_planning
2025-12-25,32,05:30,670.2620833333333,680.8416666666667,2025-11-27;2025-12-04;2025-12-11;2025-12-18,False,10.579583333333403,causal_load_main,day_ahead_planning
2025-12-25,33,05:40,658.5657041666666,642.0080499999999,2025-11-27;2025-12-04;2025-12-11;2025-12-18,False,16.55765416666668,causal_load_main,day_ahead_planning
2025-12-25,34,05:50,751.5439375,736.7951833333333,2025-11-27;2025-12-04;2025-12-11;2025-12-18,False,14.748754166666686,causal_load_main,day_ahead_planning
2025-12-25,35,06:00,884.5570833333334,911.8333333333333,2025-11-27;2025-12-04;2025-12-11;2025-12-18,False,27.27624999999989,causal_load_main,day_ahead_planning
2025-12-25,36,06:10,875.9888416666665,945.2630999999999,2025-11-27;2025-12-04;2025-12-11;2025-12-18,False,69.27425833333336,causal_load_main,day_ahead_planning
2025-12-25,37,06:20,849.5578041666665,913.2891,2025-11-27;2025-12-04;2025-12-11;2025-12-18,False,63.731295833333434,causal_load_main,day_ahead_planning
2025-12-25,38,06:30,866.5120833333333,887.3683333333333,2025-11-27;2025-12-04;2025-12-11;2025-12-18,False,20.856250000000045,causal_load_main,day_ahead_planning
2025-12-25,39,06:40,866.9050416666666,867.2827833333333,2025-11-27;2025-12-04;2025-12-11;2025-12-18,False,0.3777416666666795,causal_load_main,day_ahead_planning
2025-12-25,40,06:50,868.4478291666666,890.4852333333333,2025-11-27;2025-12-04;2025-12-11;2025-12-18,False,22.03740416666676,causal_load_main,day_ahead_planning
2025-12-25,41,07:00,879.2049999999999,927.2716666666666,2025-11-27;2025-12-04;2025-12-11;2025-12-18,False,48.06666666666672,causal_load_main,day_ahead_planning
2025-12-25,42,07:10,881.7184833333333,905.5004166666665,2025-11-27;2025-12-04;2025-12-11;2025-12-18,False,23.7819333333332,causal_load_main,day_ahead_planning
2025-12-25,43,07:20,878.1324458333332,889.0523666666666,2025-11-27;2025-12-04;2025-12-11;2025-12-18,False,10.919920833333322,causal_load_main,day_ahead_planning
2025-12-25,44,07:30,858.8349999999999,882.7816666666665,2025-11-27;2025-12-04;2025-12-11;2025-12-18,False,23.9466666666666,causal_load_main,day_ahead_planning
2025-12-25,45,07:40,834.7744208333332,854.8128166666667,2025-11-27;2025-12-04;2025-12-11;2025-12-18,False,20.038395833333425,causal_load_main,day_ahead_planning
2025-12-25,46,07:50,956.2192541666666,987.54025,2025-11-27;2025-12-04;2025-12-11;2025-12-18,False,31.320995833333427,causal_load_main,day_ahead_planning
2025-12-25,47,08:00,1160.6475,1191.5633333333333,2025-11-27;2025-12-04;2025-12-11;2025-12-18,False,30.91583333333324,causal_load_main,day_ahead_planning
2025-12-25,48,08:10,1213.65605,1175.3098333333332,2025-11-27;2025-12-04;2025-12-11;2025-12-18,False,38.346216666666805,causal_load_main,day_ahead_planning
2025-12-25,49,08:20,1182.0831875,1134.3002499999998,2025-11-27;2025-12-04;2025-12-11;2025-12-18,False,47.782937500000116,causal_load_main,day_ahead_planning
2025-12-25,50,08:30,1154.7554166666664,1166.5083333333332,2025-11-27;2025-12-04;2025-12-11;2025-12-18,False,11.752916666666806,causal_load_main,day_ahead_planning
2025-12-25,51,08:40,1154.2655666666665,1176.7098999999998,2025-11-27;2025-12-04;2025-12-11;2025-12-18,False,22.44433333333336,causal_load_main,day_ahead_planning
2025-12-25,52,08:50,1163.0035125,1186.1131833333334,2025-11-27;2025-12-04;2025-12-11;2025-12-18,False,23.10967083333344,causal_load_main,day_ahead_planning
2025-12-25,53,09:00,1166.4504166666666,1192.83,2025-11-27;2025-12-04;2025-12-11;2025-12-18,False,26.379583333333358,causal_load_main,day_ahead_planning
2025-12-25,54,09:10,1164.2064249999999,1165.7613,2025-11-27;2025-12-04;2025-12-11;2025-12-18,False,1.5548750000000382,causal_load_main,day_ahead_planning
2025-12-25,55,09:20,1161.8186249999999,1171.03335,2025-11-27;2025-12-04;2025-12-11;2025-12-18,False,9.214725000000044,causal_load_main,day_ahead_planning
2025-12-25,56,09:30,1156.5329166666666,1196.2383333333332,2025-11-27;2025-12-04;2025-12-11;2025-12-18,False,39.70541666666668,causal_load_main,day_ahead_planning
2025-12-25,57,09:40,1144.4994749999998,1164.9714333333332,2025-11-27;2025-12-04;2025-12-11;2025-12-18,False,20.471958333333305,causal_load_main,day_ahead_planning
2025-12-25,58,09:50,1153.8973624999999,1154.0880666666667,2025-11-27;2025-12-04;2025-12-11;2025-12-18,False,0.19070416666681922,causal_load_main,day_ahead_planning
2025-12-25,59,10:00,1171.2070833333332,1177.1533333333332,2025-11-27;2025-12-04;2025-12-11;2025-12-18,False,5.946249999999964,causal_load_main,day_ahead_planning
2025-12-25,60,10:10,1153.0166083333334,1166.41355,2025-11-27;2025-12-04;2025-12-11;2025-12-18,False,13.396941666666635,causal_load_main,day_ahead_planning
2025-12-25,61,10:20,1133.9897541666664,1139.5458833333332,2025-11-27;2025-12-04;2025-12-11;2025-12-18,False,5.5561291666667785,causal_load_main,day_ahead_planning
2025-12-25,62,10:30,1132.4254166666665,1130.7466666666664,2025-11-27;2025-12-04;2025-12-11;2025-12-18,False,1.6787500000000364,causal_load_main,day_ahead_planning
2025-12-25,63,10:40,1133.7560833333332,1152.9733166666665,2025-11-27;2025-12-04;2025-12-11;2025-12-18,False,19.217233333333297,causal_load_main,day_ahead_planning
2025-12-25,64,10:50,1137.2858999999999,1160.3627499999998,2025-11-27;2025-12-04;2025-12-11;2025-12-18,False,23.076849999999922,causal_load_main,day_ahead_planning
2025-12-25,65,11:00,1137.3675,1143.9416666666666,2025-11-27;2025-12-04;2025-12-11;2025-12-18,False,6.574166666666542,causal_load_main,day_ahead_planning
2025-12-25,66,11:10,1125.9935166666664,1135.8610166666667,2025-11-27;2025-12-04;2025-12-11;2025-12-18,False,9.867500000000291,causal_load_main,day_ahead_planning
2025-12-25,67,11:20,1120.2941166666665,1127.7196999999999,2025-11-27;2025-12-04;2025-12-11;2025-12-18,False,7.425583333333407,causal_load_main,day_ahead_planning
2025-12-25,68,11:30,1127.8179166666666,1124.7066666666665,2025-11-27;2025-12-04;2025-12-11;2025-12-18,False,3.1112500000001546,causal_load_main,day_ahead_planning
2025-12-25,69,11:40,1133.9662416666665,1138.7903999999999,2025-11-27;2025-12-04;2025-12-11;2025-12-18,False,4.824158333333344,causal_load_main,day_ahead_planning
2025-12-25,70,11:50,1102.0543874999998,1115.7062166666665,2025-11-27;2025-12-04;2025-12-11;2025-12-18,False,13.65182916666663,causal_load_main,day_ahead_planning
2025-12-25,71,12:00,1050.3804166666664,1071.3983333333333,2025-11-27;2025-12-04;2025-12-11;2025-12-18,False,21.017916666666906,causal_load_main,day_ahead_planning
2025-12-25,72,12:10,1037.5491583333333,1076.9175833333334,2025-11-27;2025-12-04;2025-12-11;2025-12-18,False,39.368425000000116,causal_load_main,day_ahead_planning
2025-12-25,73,12:20,1042.8449249999999,1077.8663999999999,2025-11-27;2025-12-04;2025-12-11;2025-12-18,False,35.02147500000001,causal_load_main,day_ahead_planning
2025-12-25,74,12:30,1042.5279166666667,1038.9783333333332,2025-11-27;2025-12-04;2025-12-11;2025-12-18,False,3.5495833333334303,causal_load_main,day_ahead_planning
2025-12-25,75,12:40,1036.7842999999998,993.2144499999999,2025-11-27;2025-12-04;2025-12-11;2025-12-18,False,43.56984999999986,causal_load_main,day_ahead_planning
2025-12-25,76,12:50,1050.1714875,1034.27345,2025-11-27;2025-12-04;2025-12-11;2025-12-18,False,15.8980375000001,causal_load_main,day_ahead_planning
2025-12-25,77,13:00,1080.0033333333333,1125.4783333333332,2025-11-27;2025-12-04;2025-12-11;2025-12-18,False,45.47499999999991,causal_load_main,day_ahead_planning
2025-12-25,78,13:10,1096.1478541666665,1132.8207333333332,2025-11-27;2025-12-04;2025-12-11;2025-12-18,False,36.67287916666669,causal_load_main,day_ahead_planning
2025-12-25,79,13:20,1091.7680499999997,1110.2545666666665,2025-11-27;2025-12-04;2025-12-11;2025-12-18,False,18.48651666666683,causal_load_main,day_ahead_planning
2025-12-25,80,13:30,1077.6054166666665,1099.085,2025-11-27;2025-12-04;2025-12-11;2025-12-18,False,21.479583333333494,causal_load_main,day_ahead_planning
2025-12-25,81,13:40,1071.7619041666667,1084.7062833333332,2025-11-27;2025-12-04;2025-12-11;2025-12-18,False,12.944379166666522,causal_load_main,day_ahead_planning
2025-12-25,82,13:50,1075.9211458333334,1073.4212833333331,2025-11-27;2025-12-04;2025-12-11;2025-12-18,False,2.4998625000002903,causal_load_main,day_ahead_planning
2025-12-25,83,14:00,1080.7604166666665,1068.8283333333334,2025-11-27;2025-12-04;2025-12-11;2025-12-18,False,11.93208333333314,causal_load_main,day_ahead_planning
2025-12-25,84,14:10,1073.9996624999999,1067.2393833333333,2025-11-27;2025-12-04;2025-12-11;2025-12-18,False,6.760279166666578,causal_load_main,day_ahead_planning
2025-12-25,85,14:20,1058.8869,1069.39635,2025-11-27;2025-12-04;2025-12-11;2025-12-18,False,10.509450000000015,causal_load_main,day_ahead_planning
2025-12-25,86,14:30,1048.335833333333,1058.07,2025-11-27;2025-12-04;2025-12-11;2025-12-18,False,9.734166666666852,causal_load_main,day_ahead_planning
2025-12-25,87,14:40,1053.2751083333333,1017.9895166666666,2025-11-27;2025-12-04;2025-12-11;2025-12-18,False,35.28559166666662,causal_load_main,day_ahead_planning
2025-12-25,88,14:50,1054.8422999999998,1014.94885,2025-11-27;2025-12-04;2025-12-11;2025-12-18,False,39.8934499999998,causal_load_main,day_ahead_planning
2025-12-25,89,15:00,1049.09375,1056.4633333333331,2025-11-27;2025-12-04;2025-12-11;2025-12-18,False,7.369583333333139,causal_load_main,day_ahead_planning
2025-12-25,90,15:10,1049.6116416666664,1079.3968166666666,2025-11-27;2025-12-04;2025-12-11;2025-12-18,False,29.78517500000021,causal_load_main,day_ahead_planning
2025-12-25,91,15:20,1050.7245541666666,1055.5632166666664,2025-11-27;2025-12-04;2025-12-11;2025-12-18,False,4.838662499999828,causal_load_main,day_ahead_planning
2025-12-25,92,15:30,1049.8954166666667,1024.0333333333333,2025-11-27;2025-12-04;2025-12-11;2025-12-18,False,25.86208333333343,causal_load_main,day_ahead_planning
2025-12-25,93,15:40,1050.5517,1050.1078666666667,2025-11-27;2025-12-04;2025-12-11;2025-12-18,False,0.44383333333325936,causal_load_main,day_ahead_planning
2025-12-25,94,15:50,1047.5498041666667,1075.9675833333333,2025-11-27;2025-12-04;2025-12-11;2025-12-18,False,28.417779166666605,causal_load_main,day_ahead_planning
2025-12-25,95,16:00,1041.4229166666667,1071.0,2025-11-27;2025-12-04;2025-12-11;2025-12-18,False,29.57708333333335,causal_load_main,day_ahead_planning
2025-12-25,96,16:10,1039.0079583333331,1057.7774,2025-11-27;2025-12-04;2025-12-11;2025-12-18,False,18.769441666666808,causal_load_main,day_ahead_planning
2025-12-25,97,16:20,1040.5262874999999,1037.6281833333333,2025-11-27;2025-12-04;2025-12-11;2025-12-18,False,2.8981041666665988,causal_load_main,day_ahead_planning
2025-12-25,98,16:30,1040.085,1017.2516666666667,2025-11-27;2025-12-04;2025-12-11;2025-12-18,False,22.83333333333337,causal_load_main,day_ahead_planning
2025-12-25,99,16:40,1032.4663333333333,1009.6424499999999,2025-11-27;2025-12-04;2025-12-11;2025-12-18,False,22.823883333333356,causal_load_main,day_ahead_planning
2025-12-25,100,16:50,1031.7498958333333,1008.4539666666666,2025-11-27;2025-12-04;2025-12-11;2025-12-18,False,23.295929166666724,causal_load_main,day_ahead_planning
2025-12-25,101,17:00,1036.4845833333334,1020.1783333333333,2025-11-27;2025-12-04;2025-12-11;2025-12-18,False,16.30625000000009,causal_load_main,day_ahead_planning
2025-12-25,102,17:10,1029.920775,1050.4786666666666,2025-11-27;2025-12-04;2025-12-11;2025-12-18,False,20.557891666666592,causal_load_main,day_ahead_planning
2025-12-25,103,17:20,1016.5586208333333,1035.5529166666665,2025-11-27;2025-12-04;2025-12-11;2025-12-18,False,18.99429583333324,causal_load_main,day_ahead_planning
2025-12-25,104,17:30,1025.3458333333333,1008.8033333333333,2025-11-27;2025-12-04;2025-12-11;2025-12-18,False,16.542500000000018,causal_load_main,day_ahead_planning
2025-12-25,105,17:40,1057.46745,1046.2724666666666,2025-11-27;2025-12-04;2025-12-11;2025-12-18,False,11.19498333333354,causal_load_main,day_ahead_planning
2025-12-25,106,17:50,939.79755,948.9928833333333,2025-11-27;2025-12-04;2025-12-11;2025-12-18,False,9.195333333333338,causal_load_main,day_ahead_planning
2025-12-25,107,18:00,737.1474999999999,754.9633333333333,2025-11-27;2025-12-04;2025-12-11;2025-12-18,False,17.81583333333333,causal_load_main,day_ahead_planning
2025-12-25,108,18:10,703.0489124999999,716.6204333333333,2025-11-27;2025-12-04;2025-12-11;2025-12-18,False,13.571520833333352,causal_load_main,day_ahead_planning
2025-12-25,109,18:20,724.4733833333332,722.4802333333333,2025-11-27;2025-12-04;2025-12-11;2025-12-18,False,1.9931499999999005,causal_load_main,day_ahead_planning
2025-12-25,110,18:30,717.6554166666665,708.8449999999999,2025-11-27;2025-12-04;2025-12-11;2025-12-18,False,8.810416666666583,causal_load_main,day_ahead_planning
2025-12-25,111,18:40,714.8207166666666,727.3117833333333,2025-11-27;2025-12-04;2025-12-11;2025-12-18,False,12.491066666666711,causal_load_main,day_ahead_planning
2025-12-25,112,18:50,716.1587833333333,725.5857333333333,2025-11-27;2025-12-04;2025-12-11;2025-12-18,False,9.426950000000033,causal_load_main,day_ahead_planning
2025-12-25,113,19:00,712.35625,703.1933333333333,2025-11-27;2025-12-04;2025-12-11;2025-12-18,False,9.162916666666774,causal_load_main,day_ahead_planning
2025-12-25,114,19:10,702.1536208333333,715.7439999999999,2025-11-27;2025-12-04;2025-12-11;2025-12-18,False,13.590379166666594,causal_load_main,day_ahead_planning
2025-12-25,115,19:20,714.6698624999999,727.8751333333332,2025-11-27;2025-12-04;2025-12-11;2025-12-18,False,13.205270833333316,causal_load_main,day_ahead_planning
2025-12-25,116,19:30,732.89,728.87,2025-11-27;2025-12-04;2025-12-11;2025-12-18,False,4.019999999999982,causal_load_main,day_ahead_planning
2025-12-25,117,19:40,711.7381499999999,745.2699833333332,2025-11-27;2025-12-04;2025-12-11;2025-12-18,False,33.53183333333334,causal_load_main,day_ahead_planning
2025-12-25,118,19:50,705.8308166666666,759.9748,2025-11-27;2025-12-04;2025-12-11;2025-12-18,False,54.14398333333338,causal_load_main,day_ahead_planning
2025-12-25,119,20:00,727.4116666666666,752.855,2025-11-27;2025-12-04;2025-12-11;2025-12-18,False,25.443333333333385,causal_load_main,day_ahead_planning
2025-12-25,120,20:10,733.5986458333333,722.1773,2025-11-27;2025-12-04;2025-12-11;2025-12-18,False,11.421345833333362,causal_load_main,day_ahead_planning
2025-12-25,121,20:20,732.1333416666666,704.84915,2025-11-27;2025-12-04;2025-12-11;2025-12-18,False,27.28419166666663,causal_load_main,day_ahead_planning
2025-12-25,122,20:30,734.6295833333334,717.8299999999999,2025-11-27;2025-12-04;2025-12-11;2025-12-18,False,16.79958333333343,causal_load_main,day_ahead_planning
2025-12-25,123,20:40,740.0123125,744.1151,2025-11-27;2025-12-04;2025-12-11;2025-12-18,False,4.102787499999977,causal_load_main,day_ahead_planning
2025-12-25,124,20:50,735.4138541666666,750.4278833333333,2025-11-27;2025-12-04;2025-12-11;2025-12-18,False,15.01402916666666,causal_load_main,day_ahead_planning
2025-12-25,125,21:00,724.32625,734.37,2025-11-27;2025-12-04;2025-12-11;2025-12-18,False,10.043750000000045,causal_load_main,day_ahead_planning
2025-12-25,126,21:10,723.1357083333332,723.4165333333333,2025-11-27;2025-12-04;2025-12-11;2025-12-18,False,0.28082500000004984,causal_load_main,day_ahead_planning
2025-12-25,127,21:20,723.9560624999999,725.8829833333332,2025-11-27;2025-12-04;2025-12-11;2025-12-18,False,1.92692083333327,causal_load_main,day_ahead_planning
2025-12-25,128,21:30,734.5466666666666,741.1366666666665,2025-11-27;2025-12-04;2025-12-11;2025-12-18,False,6.589999999999918,causal_load_main,day_ahead_planning
2025-12-25,129,21:40,755.0025791666666,748.4038666666667,2025-11-27;2025-12-04;2025-12-11;2025-12-18,False,6.59871249999992,causal_load_main,day_ahead_planning
2025-12-25,130,21:50,675.5195708333333,667.6651999999999,2025-11-27;2025-12-04;2025-12-11;2025-12-18,False,7.854370833333405,causal_load_main,day_ahead_planning
2025-12-25,131,22:00,550.9629166666666,545.3583333333333,2025-11-27;2025-12-04;2025-12-11;2025-12-18,False,5.604583333333267,causal_load_main,day_ahead_planning
2025-12-25,132,22:10,554.2574458333333,520.3782,2025-11-27;2025-12-04;2025-12-11;2025-12-18,False,33.87924583333336,causal_load_main,day_ahead_planning
2025-12-25,133,22:20,567.3376083333333,538.6393333333333,2025-11-27;2025-12-04;2025-12-11;2025-12-18,False,28.698274999999967,causal_load_main,day_ahead_planning
2025-12-25,134,22:30,540.8795833333334,543.9949999999999,2025-11-27;2025-12-04;2025-12-11;2025-12-18,False,3.1154166666665333,causal_load_main,day_ahead_planning
2025-12-25,135,22:40,545.9547291666667,534.10995,2025-11-27;2025-12-04;2025-12-11;2025-12-18,False,11.844779166666626,causal_load_main,day_ahead_planning
2025-12-25,136,22:50,561.9636833333332,530.0506499999999,2025-11-27;2025-12-04;2025-12-11;2025-12-18,False,31.91303333333326,causal_load_main,day_ahead_planning
2025-12-25,137,23:00,570.25625,537.7149999999999,2025-11-27;2025-12-04;2025-12-11;2025-12-18,False,32.541250000000105,causal_load_main,day_ahead_planning
2025-12-25,138,23:10,575.8479416666667,547.0127833333333,2025-11-27;2025-12-04;2025-12-11;2025-12-18,False,28.83515833333331,causal_load_main,day_ahead_planning
2025-12-25,139,23:20,573.4953791666666,565.7602833333333,2025-11-27;2025-12-04;2025-12-11;2025-12-18,False,7.7350958333332756,causal_load_main,day_ahead_planning
2025-12-25,140,23:30,574.6112499999999,603.7633333333333,2025-11-27;2025-12-04;2025-12-11;2025-12-18,False,29.152083333333394,causal_load_main,day_ahead_planning
2025-12-25,141,23:40,584.356325,638.9657,2025-11-27;2025-12-04;2025-12-11;2025-12-18,False,54.609375,causal_load_main,day_ahead_planning
2025-12-25,142,23:50,511.8219583333333,542.9432333333333,2025-11-27;2025-12-04;2025-12-11;2025-12-18,False,31.12127499999997,causal_load_main,day_ahead_planning
2025-12-25,143,0:00+1,400.74541666666664,393.4816666666666,2025-11-27;2025-12-04;2025-12-11;2025-12-18,False,7.263750000000016,causal_load_main,day_ahead_planning
2025-12-26,0,00:10,398.439675,411.80216666666666,2025-11-28;2025-12-05;2025-12-12;2025-12-19,False,13.362491666666642,causal_load_main,day_ahead_planning
2025-12-26,1,00:20,433.87508333333335,467.4189833333333,2025-11-28;2025-12-05;2025-12-12;2025-12-19,False,33.54389999999995,causal_load_main,day_ahead_planning
2025-12-26,2,00:30,444.87666666666667,467.65666666666664,2025-11-28;2025-12-05;2025-12-12;2025-12-19,False,22.779999999999973,causal_load_main,day_ahead_planning
2025-12-26,3,00:40,438.6224583333333,447.7244333333333,2025-11-28;2025-12-05;2025-12-12;2025-12-19,False,9.101974999999982,causal_load_main,day_ahead_planning
2025-12-26,4,00:50,437.8341166666666,440.0512,2025-11-28;2025-12-05;2025-12-12;2025-12-19,False,2.2170833333333917,causal_load_main,day_ahead_planning
2025-12-26,5,01:00,442.84124999999995,449.0483333333333,2025-11-28;2025-12-05;2025-12-12;2025-12-19,False,6.207083333333344,causal_load_main,day_ahead_planning
2025-12-26,6,01:10,438.48084166666666,456.27654999999993,2025-11-28;2025-12-05;2025-12-12;2025-12-19,False,17.795708333333266,causal_load_main,day_ahead_planning
2025-12-26,7,01:20,448.0485375,456.18653333333333,2025-11-28;2025-12-05;2025-12-12;2025-12-19,False,8.13799583333332,causal_load_main,day_ahead_planning
2025-12-26,8,01:30,463.39083333333326,461.3433333333333,2025-11-28;2025-12-05;2025-12-12;2025-12-19,False,2.047499999999957,causal_load_main,day_ahead_planning
2025-12-26,9,01:40,453.8183625,485.37775,2025-11-28;2025-12-05;2025-12-12;2025-12-19,False,31.559387500000014,causal_load_main,day_ahead_planning
2025-12-26,10,01:50,461.01851666666664,490.0709,2025-11-28;2025-12-05;2025-12-12;2025-12-19,False,29.052383333333353,causal_load_main,day_ahead_planning
2025-12-26,11,02:00,480.18875,476.76666666666665,2025-11-28;2025-12-05;2025-12-12;2025-12-19,False,3.4220833333333758,causal_load_main,day_ahead_planning
2025-12-26,12,02:10,464.7597041666666,485.48595,2025-11-28;2025-12-05;2025-12-12;2025-12-19,False,20.726245833333394,causal_load_main,day_ahead_planning
2025-12-26,13,02:20,458.9950458333333,500.9034833333333,2025-11-28;2025-12-05;2025-12-12;2025-12-19,False,41.90843750000005,causal_load_main,day_ahead_planning
2025-12-26,14,02:30,479.31458333333336,508.955,2025-11-28;2025-12-05;2025-12-12;2025-12-19,False,29.640416666666624,causal_load_main,day_ahead_planning
2025-12-26,15,02:40,494.48935833333326,508.75145,2025-11-28;2025-12-05;2025-12-12;2025-12-19,False,14.26209166666672,causal_load_main,day_ahead_planning
2025-12-26,16,02:50,488.9133375,490.4511666666666,2025-11-28;2025-12-05;2025-12-12;2025-12-19,False,1.5378291666665973,causal_load_main,day_ahead_planning
2025-12-26,17,03:00,477.6320833333333,465.7483333333333,2025-11-28;2025-12-05;2025-12-12;2025-12-19,False,11.88375000000002,causal_load_main,day_ahead_planning
2025-12-26,18,03:10,487.08740416666666,466.9250666666667,2025-11-28;2025-12-05;2025-12-12;2025-12-19,False,20.16233749999998,causal_load_main,day_ahead_planning
2025-12-26,19,03:20,486.59269166666667,510.0873833333333,2025-11-28;2025-12-05;2025-12-12;2025-12-19,False,23.494691666666654,causal_load_main,day_ahead_planning
2025-12-26,20,03:30,476.76125,544.625,2025-11-28;2025-12-05;2025-12-12;2025-12-19,False,67.86374999999998,causal_load_main,day_ahead_planning
2025-12-26,21,03:40,488.9421791666667,501.25505,2025-11-28;2025-12-05;2025-12-12;2025-12-19,False,12.312870833333307,causal_load_main,day_ahead_planning
2025-12-26,22,03:50,495.6915041666666,480.8659333333333,2025-11-28;2025-12-05;2025-12-12;2025-12-19,False,14.825570833333302,causal_load_main,day_ahead_planning
2025-12-26,23,04:00,494.01458333333335,518.93,2025-11-28;2025-12-05;2025-12-12;2025-12-19,False,24.9154166666666,causal_load_main,day_ahead_planning
2025-12-26,24,04:10,508.63907499999993,548.04085,2025-11-28;2025-12-05;2025-12-12;2025-12-19,False,39.40177500000004,causal_load_main,day_ahead_planning
2025-12-26,25,04:20,517.6256208333333,527.0128666666667,2025-11-28;2025-12-05;2025-12-12;2025-12-19,False,9.387245833333395,causal_load_main,day_ahead_planning
2025-12-26,26,04:30,510.8254166666667,494.2383333333333,2025-11-28;2025-12-05;2025-12-12;2025-12-19,False,16.587083333333396,causal_load_main,day_ahead_planning
2025-12-26,27,04:40,503.0632625,522.2214166666666,2025-11-28;2025-12-05;2025-12-12;2025-12-19,False,19.158154166666634,causal_load_main,day_ahead_planning
2025-12-26,28,04:50,512.1661041666666,536.4834166666667,2025-11-28;2025-12-05;2025-12-12;2025-12-19,False,24.31731250000007,causal_load_main,day_ahead_planning
2025-12-26,29,05:00,526.4191666666666,513.3983333333333,2025-11-28;2025-12-05;2025-12-12;2025-12-19,False,13.020833333333258,causal_load_main,day_ahead_planning
2025-12-26,30,05:10,517.1448666666666,505.73818333333327,2025-11-28;2025-12-05;2025-12-12;2025-12-19,False,11.406683333333376,causal_load_main,day_ahead_planning
2025-12-26,31,05:20,506.80909166666663,518.0296833333333,2025-11-28;2025-12-05;2025-12-12;2025-12-19,False,11.220591666666678,causal_load_main,day_ahead_planning
2025-12-26,32,05:30,505.4158333333333,535.2483333333332,2025-11-28;2025-12-05;2025-12-12;2025-12-19,False,29.832499999999925,causal_load_main,day_ahead_planning
2025-12-26,33,05:40,503.437375,539.4348166666666,2025-11-28;2025-12-05;2025-12-12;2025-12-19,False,35.997441666666646,causal_load_main,day_ahead_planning
2025-12-26,34,05:50,514.2465625,527.8825999999999,2025-11-28;2025-12-05;2025-12-12;2025-12-19,False,13.63603749999993,causal_load_main,day_ahead_planning
2025-12-26,35,06:00,528.0245833333333,522.645,2025-11-28;2025-12-05;2025-12-12;2025-12-19,False,5.379583333333358,causal_load_main,day_ahead_planning
2025-12-26,36,06:10,520.0561,549.5633833333333,2025-11-28;2025-12-05;2025-12-12;2025-12-19,False,29.50728333333325,causal_load_main,day_ahead_planning
2025-12-26,37,06:20,520.7295875,567.6619,2025-11-28;2025-12-05;2025-12-12;2025-12-19,False,46.932312499999966,causal_load_main,day_ahead_planning
2025-12-26,38,06:30,526.71375,553.8583333333333,2025-11-28;2025-12-05;2025-12-12;2025-12-19,False,27.144583333333344,causal_load_main,day_ahead_planning
2025-12-26,39,06:40,511.1509875,532.9399333333333,2025-11-28;2025-12-05;2025-12-12;2025-12-19,False,21.788945833333344,causal_load_main,day_ahead_planning
2025-12-26,40,06:50,539.9742916666667,576.7301166666666,2025-11-28;2025-12-05;2025-12-12;2025-12-19,False,36.75582499999996,causal_load_main,day_ahead_planning
2025-12-26,41,07:00,603.4133333333333,651.6783333333333,2025-11-28;2025-12-05;2025-12-12;2025-12-19,False,48.264999999999986,causal_load_main,day_ahead_planning
2025-12-26,42,07:10,617.5117833333334,647.3340333333333,2025-11-28;2025-12-05;2025-12-12;2025-12-19,False,29.82224999999994,causal_load_main,day_ahead_planning
2025-12-26,43,07:20,599.1392291666666,611.3419333333333,2025-11-28;2025-12-05;2025-12-12;2025-12-19,False,12.20270416666665,causal_load_main,day_ahead_planning
2025-12-26,44,07:30,588.37375,602.4516666666666,2025-11-28;2025-12-05;2025-12-12;2025-12-19,False,14.077916666666624,causal_load_main,day_ahead_planning
2025-12-26,45,07:40,607.7627875,632.1330833333333,2025-11-28;2025-12-05;2025-12-12;2025-12-19,False,24.37029583333333,causal_load_main,day_ahead_planning
2025-12-26,46,07:50,623.2226916666666,644.2617833333334,2025-11-28;2025-12-05;2025-12-12;2025-12-19,False,21.039091666666764,causal_load_main,day_ahead_planning
2025-12-26,47,08:00,612.2312499999999,627.9616666666666,2025-11-28;2025-12-05;2025-12-12;2025-12-19,False,15.730416666666656,causal_load_main,day_ahead_planning
2025-12-26,48,08:10,585.3959416666667,622.8539333333333,2025-11-28;2025-12-05;2025-12-12;2025-12-19,False,37.45799166666666,causal_load_main,day_ahead_planning
2025-12-26,49,08:20,581.0060041666667,623.3450166666667,2025-11-28;2025-12-05;2025-12-12;2025-12-19,False,42.33901249999997,causal_load_main,day_ahead_planning
2025-12-26,50,08:30,596.3054166666666,613.6333333333333,2025-11-28;2025-12-05;2025-12-12;2025-12-19,False,17.327916666666738,causal_load_main,day_ahead_planning
2025-12-26,51,08:40,601.1606208333333,599.3959,2025-11-28;2025-12-05;2025-12-12;2025-12-19,False,1.7647208333332856,causal_load_main,day_ahead_planning
2025-12-26,52,08:50,643.0729249999999,658.8158333333333,2025-11-28;2025-12-05;2025-12-12;2025-12-19,False,15.74290833333339,causal_load_main,day_ahead_planning
2025-12-26,53,09:00,707.8325,744.6700000000001,2025-11-28;2025-12-05;2025-12-12;2025-12-19,False,36.83750000000009,causal_load_main,day_ahead_planning
2025-12-26,54,09:10,723.6427249999999,725.6290833333334,2025-11-28;2025-12-05;2025-12-12;2025-12-19,False,1.9863583333334418,causal_load_main,day_ahead_planning
2025-12-26,55,09:20,714.1037333333333,702.5103666666666,2025-11-28;2025-12-05;2025-12-12;2025-12-19,False,11.593366666666611,causal_load_main,day_ahead_planning
2025-12-26,56,09:30,708.645,711.0283333333333,2025-11-28;2025-12-05;2025-12-12;2025-12-19,False,2.3833333333333258,causal_load_main,day_ahead_planning
2025-12-26,57,09:40,711.6699666666666,691.0704333333333,2025-11-28;2025-12-05;2025-12-12;2025-12-19,False,20.599533333333284,causal_load_main,day_ahead_planning
2025-12-26,58,09:50,704.2784208333333,694.70415,2025-11-28;2025-12-05;2025-12-12;2025-12-19,False,9.57427083333323,causal_load_main,day_ahead_planning
2025-12-26,59,10:00,687.7116666666666,726.5749999999999,2025-11-28;2025-12-05;2025-12-12;2025-12-19,False,38.863333333333344,causal_load_main,day_ahead_planning
2025-12-26,60,10:10,683.6761041666666,728.3606499999999,2025-11-28;2025-12-05;2025-12-12;2025-12-19,False,44.68454583333323,causal_load_main,day_ahead_planning
2025-12-26,61,10:20,692.2969166666667,698.4021333333333,2025-11-28;2025-12-05;2025-12-12;2025-12-19,False,6.105216666666593,causal_load_main,day_ahead_planning
2025-12-26,62,10:30,698.8470833333332,676.9966666666667,2025-11-28;2025-12-05;2025-12-12;2025-12-19,False,21.850416666666547,causal_load_main,day_ahead_planning
2025-12-26,63,10:40,688.2875624999998,704.8200666666667,2025-11-28;2025-12-05;2025-12-12;2025-12-19,False,16.532504166666854,causal_load_main,day_ahead_planning
2025-12-26,64,10:50,680.1728166666666,719.0470499999999,2025-11-28;2025-12-05;2025-12-12;2025-12-19,False,38.874233333333336,causal_load_main,day_ahead_planning
2025-12-26,65,11:00,683.37625,693.6766666666667,2025-11-28;2025-12-05;2025-12-12;2025-12-19,False,10.300416666666706,causal_load_main,day_ahead_planning
2025-12-26,66,11:10,684.7892125,664.7045666666667,2025-11-28;2025-12-05;2025-12-12;2025-12-19,False,20.084645833333298,causal_load_main,day_ahead_planning
2025-12-26,67,11:20,662.9479333333333,663.0299166666666,2025-11-28;2025-12-05;2025-12-12;2025-12-19,False,0.08198333333336905,causal_load_main,day_ahead_planning
2025-12-26,68,11:30,636.65125,692.56,2025-11-28;2025-12-05;2025-12-12;2025-12-19,False,55.90874999999994,causal_load_main,day_ahead_planning
2025-12-26,69,11:40,648.9898541666666,724.6213166666666,2025-11-28;2025-12-05;2025-12-12;2025-12-19,False,75.6314625,causal_load_main,day_ahead_planning
2025-12-26,70,11:50,672.3480625,704.2885666666666,2025-11-28;2025-12-05;2025-12-12;2025-12-19,False,31.940504166666642,causal_load_main,day_ahead_planning
2025-12-26,71,12:00,676.3899999999999,660.6483333333333,2025-11-28;2025-12-05;2025-12-12;2025-12-19,False,15.74166666666656,causal_load_main,day_ahead_planning
2025-12-26,72,12:10,656.7012374999999,675.9267,2025-11-28;2025-12-05;2025-12-12;2025-12-19,False,19.22546250000005,causal_load_main,day_ahead_planning
2025-12-26,73,12:20,648.9803499999999,687.2113333333333,2025-11-28;2025-12-05;2025-12-12;2025-12-19,False,38.23098333333337,causal_load_main,day_ahead_planning
2025-12-26,74,12:30,655.6770833333333,674.015,2025-11-28;2025-12-05;2025-12-12;2025-12-19,False,18.33791666666673,causal_load_main,day_ahead_planning
2025-12-26,75,12:40,648.9532083333334,676.9547333333333,2025-11-28;2025-12-05;2025-12-12;2025-12-19,False,28.0015249999999,causal_load_main,day_ahead_planning
2025-12-26,76,12:50,650.6252583333332,664.4797,2025-11-28;2025-12-05;2025-12-12;2025-12-19,False,13.85444166666673,causal_load_main,day_ahead_planning
2025-12-26,77,13:00,658.4479166666666,636.6999999999999,2025-11-28;2025-12-05;2025-12-12;2025-12-19,False,21.747916666666697,causal_load_main,day_ahead_planning
2025-12-26,78,13:10,647.0622083333333,633.19615,2025-11-28;2025-12-05;2025-12-12;2025-12-19,False,13.866058333333285,causal_load_main,day_ahead_planning
2025-12-26,79,13:20,644.5541083333333,648.42595,2025-11-28;2025-12-05;2025-12-12;2025-12-19,False,3.8718416666666826,causal_load_main,day_ahead_planning
2025-12-26,80,13:30,649.6175000000001,649.3399999999999,2025-11-28;2025-12-05;2025-12-12;2025-12-19,False,0.2775000000001455,causal_load_main,day_ahead_planning
2025-12-26,81,13:40,631.3461666666667,613.0142999999999,2025-11-28;2025-12-05;2025-12-12;2025-12-19,False,18.33186666666677,causal_load_main,day_ahead_planning
2025-12-26,82,13:50,612.2392166666666,615.0752166666666,2025-11-28;2025-12-05;2025-12-12;2025-12-19,False,2.8360000000000127,causal_load_main,day_ahead_planning
2025-12-26,83,14:00,609.7008333333333,650.5266666666666,2025-11-28;2025-12-05;2025-12-12;2025-12-19,False,40.82583333333332,causal_load_main,day_ahead_planning
2025-12-26,84,14:10,619.5158416666666,642.3871833333333,2025-11-28;2025-12-05;2025-12-12;2025-12-19,False,22.871341666666694,causal_load_main,day_ahead_planning
2025-12-26,85,14:20,626.9629666666666,643.6899,2025-11-28;2025-12-05;2025-12-12;2025-12-19,False,16.726933333333363,causal_load_main,day_ahead_planning
2025-12-26,86,14:30,621.4770833333332,655.2883333333333,2025-11-28;2025-12-05;2025-12-12;2025-12-19,False,33.811250000000086,causal_load_main,day_ahead_planning
2025-12-26,87,14:40,604.3251333333333,623.4526,2025-11-28;2025-12-05;2025-12-12;2025-12-19,False,19.12746666666669,causal_load_main,day_ahead_planning
2025-12-26,88,14:50,596.8469666666667,615.0624833333333,2025-11-28;2025-12-05;2025-12-12;2025-12-19,False,18.21551666666653,causal_load_main,day_ahead_planning
2025-12-26,89,15:00,603.5687499999999,627.4533333333333,2025-11-28;2025-12-05;2025-12-12;2025-12-19,False,23.884583333333353,causal_load_main,day_ahead_planning
2025-12-26,90,15:10,609.6801375,593.7167,2025-11-28;2025-12-05;2025-12-12;2025-12-19,False,15.963437500000055,causal_load_main,day_ahead_planning
2025-12-26,91,15:20,610.2748291666667,588.0449666666666,2025-11-28;2025-12-05;2025-12-12;2025-12-19,False,22.22986250000008,causal_load_main,day_ahead_planning
2025-12-26,92,15:30,607.9720833333333,618.98,2025-11-28;2025-12-05;2025-12-12;2025-12-19,False,11.007916666666688,causal_load_main,day_ahead_planning
2025-12-26,93,15:40,606.6316833333333,613.85385,2025-11-28;2025-12-05;2025-12-12;2025-12-19,False,7.222166666666681,causal_load_main,day_ahead_planning
2025-12-26,94,15:50,596.5739291666666,583.6320833333333,2025-11-28;2025-12-05;2025-12-12;2025-12-19,False,12.941845833333332,causal_load_main,day_ahead_planning
2025-12-26,95,16:00,581.52625,569.1816666666666,2025-11-28;2025-12-05;2025-12-12;2025-12-19,False,12.34458333333339,causal_load_main,day_ahead_planning
2025-12-26,96,16:10,576.963025,595.76865,2025-11-28;2025-12-05;2025-12-12;2025-12-19,False,18.805624999999964,causal_load_main,day_ahead_planning
2025-12-26,97,16:20,578.2504708333333,598.8296166666667,2025-11-28;2025-12-05;2025-12-12;2025-12-19,False,20.579145833333314,causal_load_main,day_ahead_planning
2025-12-26,98,16:30,581.98875,583.6566666666666,2025-11-28;2025-12-05;2025-12-12;2025-12-19,False,1.667916666666656,causal_load_main,day_ahead_planning
2025-12-26,99,16:40,580.0885375,602.89915,2025-11-28;2025-12-05;2025-12-12;2025-12-19,False,22.810612499999934,causal_load_main,day_ahead_planning
2025-12-26,100,16:50,524.3007208333333,538.2424,2025-11-28;2025-12-05;2025-12-12;2025-12-19,False,13.941679166666631,causal_load_main,day_ahead_planning
2025-12-26,101,17:00,455.9620833333333,437.02,2025-11-28;2025-12-05;2025-12-12;2025-12-19,False,18.9420833333333,causal_load_main,day_ahead_planning
2025-12-26,102,17:10,469.7596458333333,469.33966666666663,2025-11-28;2025-12-05;2025-12-12;2025-12-19,False,0.41997916666667834,causal_load_main,day_ahead_planning
2025-12-26,103,17:20,479.3883416666666,468.8281833333333,2025-11-28;2025-12-05;2025-12-12;2025-12-19,False,10.560158333333277,causal_load_main,day_ahead_planning
2025-12-26,104,17:30,452.1570833333333,411.115,2025-11-28;2025-12-05;2025-12-12;2025-12-19,False,41.04208333333327,causal_load_main,day_ahead_planning
2025-12-26,105,17:40,442.1785708333333,438.98519999999996,2025-11-28;2025-12-05;2025-12-12;2025-12-19,False,3.193370833333347,causal_load_main,day_ahead_planning
2025-12-26,106,17:50,450.6525791666666,456.2380333333333,2025-11-28;2025-12-05;2025-12-12;2025-12-19,False,5.585454166666693,causal_load_main,day_ahead_planning
2025-12-26,107,18:00,457.6720833333333,442.91833333333335,2025-11-28;2025-12-05;2025-12-12;2025-12-19,False,14.753749999999968,causal_load_main,day_ahead_planning
2025-12-26,108,18:10,447.86519166666665,476.2856,2025-11-28;2025-12-05;2025-12-12;2025-12-19,False,28.42040833333334,causal_load_main,day_ahead_planning
2025-12-26,109,18:20,449.3833874999999,473.69104999999996,2025-11-28;2025-12-05;2025-12-12;2025-12-19,False,24.30766250000005,causal_load_main,day_ahead_planning
2025-12-26,110,18:30,461.79624999999993,430.23499999999996,2025-11-28;2025-12-05;2025-12-12;2025-12-19,False,31.561249999999973,causal_load_main,day_ahead_planning
2025-12-26,111,18:40,457.47956666666664,431.6304333333333,2025-11-28;2025-12-05;2025-12-12;2025-12-19,False,25.849133333333327,causal_load_main,day_ahead_planning
2025-12-26,112,18:50,456.7742291666666,450.08556666666664,2025-11-28;2025-12-05;2025-12-12;2025-12-19,False,6.688662499999964,causal_load_main,day_ahead_planning
2025-12-26,113,19:00,460.3945833333333,451.72,2025-11-28;2025-12-05;2025-12-12;2025-12-19,False,8.67458333333326,causal_load_main,day_ahead_planning
2025-12-26,114,19:10,448.53121666666664,435.38131666666663,2025-11-28;2025-12-05;2025-12-12;2025-12-19,False,13.149900000000002,causal_load_main,day_ahead_planning
2025-12-26,115,19:20,446.2572041666666,434.6841333333333,2025-11-28;2025-12-05;2025-12-12;2025-12-19,False,11.573070833333304,causal_load_main,day_ahead_planning
2025-12-26,116,19:30,462.19708333333335,451.7966666666667,2025-11-28;2025-12-05;2025-12-12;2025-12-19,False,10.400416666666672,causal_load_main,day_ahead_planning
2025-12-26,117,19:40,476.3601125,455.23813333333334,2025-11-28;2025-12-05;2025-12-12;2025-12-19,False,21.121979166666677,causal_load_main,day_ahead_planning
2025-12-26,118,19:50,467.97927916666663,439.2279833333333,2025-11-28;2025-12-05;2025-12-12;2025-12-19,False,28.7512958333333,causal_load_main,day_ahead_planning
2025-12-26,119,20:00,452.78208333333333,422.615,2025-11-28;2025-12-05;2025-12-12;2025-12-19,False,30.167083333333323,causal_load_main,day_ahead_planning
2025-12-26,120,20:10,465.2241583333333,431.7362833333333,2025-11-28;2025-12-05;2025-12-12;2025-12-19,False,33.48787500000003,causal_load_main,day_ahead_planning
2025-12-26,121,20:20,471.024025,451.8843166666666,2025-11-28;2025-12-05;2025-12-12;2025-12-19,False,19.139708333333374,causal_load_main,day_ahead_planning
2025-12-26,122,20:30,460.92041666666665,459.405,2025-11-28;2025-12-05;2025-12-12;2025-12-19,False,1.515416666666681,causal_load_main,day_ahead_planning
2025-12-26,123,20:40,460.1523458333333,443.63103333333333,2025-11-28;2025-12-05;2025-12-12;2025-12-19,False,16.521312499999965,causal_load_main,day_ahead_planning
2025-12-26,124,20:50,461.95433749999995,438.30395,2025-11-28;2025-12-05;2025-12-12;2025-12-19,False,23.650387499999965,causal_load_main,day_ahead_planning
2025-12-26,125,21:00,460.45416666666665,454.145,2025-11-28;2025-12-05;2025-12-12;2025-12-19,False,6.30916666666667,causal_load_main,day_ahead_planning
2025-12-26,126,21:10,458.1318916666666,469.3933833333333,2025-11-28;2025-12-05;2025-12-12;2025-12-19,False,11.2614916666667,causal_load_main,day_ahead_planning
2025-12-26,127,21:20,453.8952166666666,469.66964999999993,2025-11-28;2025-12-05;2025-12-12;2025-12-19,False,15.77443333333332,causal_load_main,day_ahead_planning
2025-12-26,128,21:30,456.32333333333327,462.9683333333333,2025-11-28;2025-12-05;2025-12-12;2025-12-19,False,6.645000000000039,causal_load_main,day_ahead_planning
2025-12-26,129,21:40,469.12136666666663,463.1745833333333,2025-11-28;2025-12-05;2025-12-12;2025-12-19,False,5.946783333333315,causal_load_main,day_ahead_planning
2025-12-26,130,21:50,437.7106166666667,430.4616,2025-11-28;2025-12-05;2025-12-12;2025-12-19,False,7.249016666666705,causal_load_main,day_ahead_planning
2025-12-26,131,22:00,381.14374999999995,387.3666666666666,2025-11-28;2025-12-05;2025-12-12;2025-12-19,False,6.222916666666663,causal_load_main,day_ahead_planning
2025-12-26,132,22:10,378.12368333333336,399.8445333333333,2025-11-28;2025-12-05;2025-12-12;2025-12-19,False,21.720849999999928,causal_load_main,day_ahead_planning
2025-12-26,133,22:20,394.101975,407.09906666666666,2025-11-28;2025-12-05;2025-12-12;2025-12-19,False,12.997091666666677,causal_load_main,day_ahead_planning
2025-12-26,134,22:30,397.68916666666667,398.48333333333335,2025-11-28;2025-12-05;2025-12-12;2025-12-19,False,0.7941666666666833,causal_load_main,day_ahead_planning
2025-12-26,135,22:40,393.5234541666666,419.17613333333327,2025-11-28;2025-12-05;2025-12-12;2025-12-19,False,25.652679166666644,causal_load_main,day_ahead_planning
2025-12-26,136,22:50,399.565925,411.0641833333333,2025-11-28;2025-12-05;2025-12-12;2025-12-19,False,11.498258333333297,causal_load_main,day_ahead_planning
2025-12-26,137,23:00,413.58708333333334,382.4266666666666,2025-11-28;2025-12-05;2025-12-12;2025-12-19,False,31.16041666666672,causal_load_main,day_ahead_planning
2025-12-26,138,23:10,415.7163458333333,403.49294999999995,2025-11-28;2025-12-05;2025-12-12;2025-12-19,False,12.22339583333337,causal_load_main,day_ahead_planning
2025-12-26,139,23:20,408.3373458333333,422.25941666666665,2025-11-28;2025-12-05;2025-12-12;2025-12-19,False,13.92207083333335,causal_load_main,day_ahead_planning
2025-12-26,140,23:30,403.28041666666667,411.1633333333333,2025-11-28;2025-12-05;2025-12-12;2025-12-19,False,7.882916666666631,causal_load_main,day_ahead_planning
2025-12-26,141,23:40,411.79538333333335,398.58458333333334,2025-11-28;2025-12-05;2025-12-12;2025-12-19,False,13.210800000000006,causal_load_main,day_ahead_planning
2025-12-26,142,23:50,428.25161249999996,410.4067,2025-11-28;2025-12-05;2025-12-12;2025-12-19,False,17.844912499999964,causal_load_main,day_ahead_planning
2025-12-26,143,0:00+1,441.75625,421.7416666666666,2025-11-28;2025-12-05;2025-12-12;2025-12-19,False,20.014583333333405,causal_load_main,day_ahead_planning
2025-12-27,0,00:10,443.941925,389.6990333333333,2025-11-29;2025-12-06;2025-12-13;2025-12-20,False,54.24289166666671,causal_load_main,day_ahead_planning
2025-12-27,1,00:20,440.4976333333333,393.1877333333333,2025-11-29;2025-12-06;2025-12-13;2025-12-20,False,47.30989999999997,causal_load_main,day_ahead_planning
2025-12-27,2,00:30,439.4029166666666,443.87166666666667,2025-11-29;2025-12-06;2025-12-13;2025-12-20,False,4.468750000000057,causal_load_main,day_ahead_planning
2025-12-27,3,00:40,443.93778749999996,468.02116666666666,2025-11-29;2025-12-06;2025-12-13;2025-12-20,False,24.083379166666703,causal_load_main,day_ahead_planning
2025-12-27,4,00:50,444.17275,445.7856166666666,2025-11-29;2025-12-06;2025-12-13;2025-12-20,False,1.612866666666605,causal_load_main,day_ahead_planning
2025-12-27,5,01:00,441.6845833333333,428.66166666666663,2025-11-29;2025-12-06;2025-12-13;2025-12-20,False,13.022916666666674,causal_load_main,day_ahead_planning
2025-12-27,6,01:10,447.96995416666664,479.75669999999997,2025-11-29;2025-12-06;2025-12-13;2025-12-20,False,31.786745833333327,causal_load_main,day_ahead_planning
2025-12-27,7,01:20,455.4012208333333,488.00834999999995,2025-11-29;2025-12-06;2025-12-13;2025-12-20,False,32.60712916666665,causal_load_main,day_ahead_planning
2025-12-27,8,01:30,459.97499999999997,447.8566666666666,2025-11-29;2025-12-06;2025-12-13;2025-12-20,False,12.11833333333334,causal_load_main,day_ahead_planning
2025-12-27,9,01:40,465.5912708333333,460.98429999999996,2025-11-29;2025-12-06;2025-12-13;2025-12-20,False,4.606970833333321,causal_load_main,day_ahead_planning
2025-12-27,10,01:50,473.39847499999996,463.5619,2025-11-29;2025-12-06;2025-12-13;2025-12-20,False,9.836574999999982,causal_load_main,day_ahead_planning
2025-12-27,11,02:00,481.6383333333333,444.15166666666664,2025-11-29;2025-12-06;2025-12-13;2025-12-20,False,37.48666666666668,causal_load_main,day_ahead_planning
2025-12-27,12,02:10,486.1935166666666,460.9212166666667,2025-11-29;2025-12-06;2025-12-13;2025-12-20,False,25.272299999999916,causal_load_main,day_ahead_planning
2025-12-27,13,02:20,482.3433708333333,471.5389,2025-11-29;2025-12-06;2025-12-13;2025-12-20,False,10.804470833333312,causal_load_main,day_ahead_planning
2025-12-27,14,02:30,472.8416666666667,469.74499999999995,2025-11-29;2025-12-06;2025-12-13;2025-12-20,False,3.0966666666667493,causal_load_main,day_ahead_planning
2025-12-27,15,02:40,467.3558416666666,490.8761333333333,2025-11-29;2025-12-06;2025-12-13;2025-12-20,False,23.520291666666708,causal_load_main,day_ahead_planning
2025-12-27,16,02:50,472.1323,490.37536666666665,2025-11-29;2025-12-06;2025-12-13;2025-12-20,False,18.243066666666664,causal_load_main,day_ahead_planning
2025-12-27,17,03:00,477.27791666666667,464.51,2025-11-29;2025-12-06;2025-12-13;2025-12-20,False,12.767916666666679,causal_load_main,day_ahead_planning
2025-12-27,18,03:10,467.9603625,462.1208833333333,2025-11-29;2025-12-06;2025-12-13;2025-12-20,False,5.839479166666649,causal_load_main,day_ahead_planning
2025-12-27,19,03:20,469.0435166666667,495.20546666666667,2025-11-29;2025-12-06;2025-12-13;2025-12-20,False,26.16194999999999,causal_load_main,day_ahead_planning
2025-12-27,20,03:30,484.77208333333334,538.3149999999999,2025-11-29;2025-12-06;2025-12-13;2025-12-20,False,53.5429166666666,causal_load_main,day_ahead_planning
2025-12-27,21,03:40,495.24154999999996,549.9286166666666,2025-11-29;2025-12-06;2025-12-13;2025-12-20,False,54.687066666666624,causal_load_main,day_ahead_planning
2025-12-27,22,03:50,505.9440208333333,534.5221166666666,2025-11-29;2025-12-06;2025-12-13;2025-12-20,False,28.57809583333335,causal_load_main,day_ahead_planning
2025-12-27,23,04:00,509.7720833333333,509.435,2025-11-29;2025-12-06;2025-12-13;2025-12-20,False,0.33708333333328255,causal_load_main,day_ahead_planning
2025-12-27,24,04:10,494.94783333333334,494.50056666666666,2025-11-29;2025-12-06;2025-12-13;2025-12-20,False,0.44726666666667825,causal_load_main,day_ahead_planning
2025-12-27,25,04:20,505.1974958333333,513.1326666666666,2025-11-29;2025-12-06;2025-12-13;2025-12-20,False,7.935170833333359,causal_load_main,day_ahead_planning
2025-12-27,26,04:30,531.0304166666667,540.755,2025-11-29;2025-12-06;2025-12-13;2025-12-20,False,9.724583333333271,causal_load_main,day_ahead_planning
2025-12-27,27,04:40,518.6960375,528.1991666666667,2025-11-29;2025-12-06;2025-12-13;2025-12-20,False,9.503129166666668,causal_load_main,day_ahead_planning
2025-12-27,28,04:50,504.79848749999996,521.1259,2025-11-29;2025-12-06;2025-12-13;2025-12-20,False,16.327412500000037,causal_load_main,day_ahead_planning
2025-12-27,29,05:00,507.7458333333333,537.1883333333333,2025-11-29;2025-12-06;2025-12-13;2025-12-20,False,29.442499999999995,causal_load_main,day_ahead_planning
2025-12-27,30,05:10,508.90987499999994,546.3390166666666,2025-11-29;2025-12-06;2025-12-13;2025-12-20,False,37.429141666666624,causal_load_main,day_ahead_planning
2025-12-27,31,05:20,507.6037333333333,537.4057,2025-11-29;2025-12-06;2025-12-13;2025-12-20,False,29.801966666666715,causal_load_main,day_ahead_planning
2025-12-27,32,05:30,507.8320833333333,519.7316666666666,2025-11-29;2025-12-06;2025-12-13;2025-12-20,False,11.899583333333283,causal_load_main,day_ahead_planning
2025-12-27,33,05:40,511.9621791666666,512.3069833333333,2025-11-29;2025-12-06;2025-12-13;2025-12-20,False,0.3448041666666768,causal_load_main,day_ahead_planning
2025-12-27,34,05:50,516.9881833333334,512.0028666666666,2025-11-29;2025-12-06;2025-12-13;2025-12-20,False,4.98531666666679,causal_load_main,day_ahead_planning
2025-12-27,35,06:00,522.5745833333333,514.1933333333333,2025-11-29;2025-12-06;2025-12-13;2025-12-20,False,8.381250000000023,causal_load_main,day_ahead_planning
2025-12-27,36,06:10,530.3526666666667,519.33705,2025-11-29;2025-12-06;2025-12-13;2025-12-20,False,11.015616666666688,causal_load_main,day_ahead_planning
2025-12-27,37,06:20,533.9131958333332,530.5614666666667,2025-11-29;2025-12-06;2025-12-13;2025-12-20,False,3.351729166666587,causal_load_main,day_ahead_planning
2025-12-27,38,06:30,527.8841666666667,531.81,2025-11-29;2025-12-06;2025-12-13;2025-12-20,False,3.9258333333332303,causal_load_main,day_ahead_planning
2025-12-27,39,06:40,519.9862958333333,514.4672666666667,2025-11-29;2025-12-06;2025-12-13;2025-12-20,False,5.519029166666655,causal_load_main,day_ahead_planning
2025-12-27,40,06:50,554.4794041666667,571.3400333333333,2025-11-29;2025-12-06;2025-12-13;2025-12-20,False,16.860629166666627,causal_load_main,day_ahead_planning
2025-12-27,41,07:00,605.8720833333333,648.7416666666666,2025-11-29;2025-12-06;2025-12-13;2025-12-20,False,42.86958333333325,causal_load_main,day_ahead_planning
2025-12-27,42,07:10,601.9184708333333,601.2540666666666,2025-11-29;2025-12-06;2025-12-13;2025-12-20,False,0.6644041666667135,causal_load_main,day_ahead_planning
2025-12-27,43,07:20,595.7988833333334,595.0751666666666,2025-11-29;2025-12-06;2025-12-13;2025-12-20,False,0.7237166666667463,causal_load_main,day_ahead_planning
2025-12-27,44,07:30,605.4845833333333,654.9733333333334,2025-11-29;2025-12-06;2025-12-13;2025-12-20,False,49.488750000000095,causal_load_main,day_ahead_planning
2025-12-27,45,07:40,597.1057458333333,639.1673499999999,2025-11-29;2025-12-06;2025-12-13;2025-12-20,False,42.0616041666666,causal_load_main,day_ahead_planning
2025-12-27,46,07:50,597.4499083333333,620.2205666666666,2025-11-29;2025-12-06;2025-12-13;2025-12-20,False,22.77065833333336,causal_load_main,day_ahead_planning
2025-12-27,47,08:00,610.3816666666665,627.625,2025-11-29;2025-12-06;2025-12-13;2025-12-20,False,17.243333333333453,causal_load_main,day_ahead_planning
2025-12-27,48,08:10,609.659175,613.9452,2025-11-29;2025-12-06;2025-12-13;2025-12-20,False,4.286024999999995,causal_load_main,day_ahead_planning
2025-12-27,49,08:20,603.419825,617.3182666666667,2025-11-29;2025-12-06;2025-12-13;2025-12-20,False,13.898441666666713,causal_load_main,day_ahead_planning
2025-12-27,50,08:30,597.2645833333333,628.4833333333333,2025-11-29;2025-12-06;2025-12-13;2025-12-20,False,31.21875,causal_load_main,day_ahead_planning
2025-12-27,51,08:40,595.2915958333333,605.49835,2025-11-29;2025-12-06;2025-12-13;2025-12-20,False,10.206754166666656,causal_load_main,day_ahead_planning
2025-12-27,52,08:50,638.4314999999999,648.2394666666667,2025-11-29;2025-12-06;2025-12-13;2025-12-20,False,9.807966666666744,causal_load_main,day_ahead_planning
2025-12-27,53,09:00,699.8712499999999,734.0749999999999,2025-11-29;2025-12-06;2025-12-13;2025-12-20,False,34.203750000000014,causal_load_main,day_ahead_planning
2025-12-27,54,09:10,707.0277458333333,732.4868666666666,2025-11-29;2025-12-06;2025-12-13;2025-12-20,False,25.459120833333373,causal_load_main,day_ahead_planning
2025-12-27,55,09:20,709.4314833333333,712.7885833333332,2025-11-29;2025-12-06;2025-12-13;2025-12-20,False,3.357099999999946,causal_load_main,day_ahead_planning
2025-12-27,56,09:30,716.9770833333332,715.3799999999999,2025-11-29;2025-12-06;2025-12-13;2025-12-20,False,1.5970833333333303,causal_load_main,day_ahead_planning
2025-12-27,57,09:40,692.2458875,709.8092833333333,2025-11-29;2025-12-06;2025-12-13;2025-12-20,False,17.56339583333329,causal_load_main,day_ahead_planning
2025-12-27,58,09:50,689.1690916666666,704.1255166666666,2025-11-29;2025-12-06;2025-12-13;2025-12-20,False,14.956424999999967,causal_load_main,day_ahead_planning
2025-12-27,59,10:00,706.9816666666666,704.2333333333332,2025-11-29;2025-12-06;2025-12-13;2025-12-20,False,2.748333333333335,causal_load_main,day_ahead_planning
2025-12-27,60,10:10,692.3568791666667,703.9547833333332,2025-11-29;2025-12-06;2025-12-13;2025-12-20,False,11.59790416666658,causal_load_main,day_ahead_planning
2025-12-27,61,10:20,692.0355583333333,700.1323666666667,2025-11-29;2025-12-06;2025-12-13;2025-12-20,False,8.096808333333456,causal_load_main,day_ahead_planning
2025-12-27,62,10:30,711.7154166666666,707.0816666666666,2025-11-29;2025-12-06;2025-12-13;2025-12-20,False,4.633749999999964,causal_load_main,day_ahead_planning
2025-12-27,63,10:40,704.9798041666666,738.2470833333333,2025-11-29;2025-12-06;2025-12-13;2025-12-20,False,33.267279166666754,causal_load_main,day_ahead_planning
2025-12-27,64,10:50,684.2822375000001,740.06855,2025-11-29;2025-12-06;2025-12-13;2025-12-20,False,55.786312499999894,causal_load_main,day_ahead_planning
2025-12-27,65,11:00,669.4529166666666,705.655,2025-11-29;2025-12-06;2025-12-13;2025-12-20,False,36.20208333333335,causal_load_main,day_ahead_planning
2025-12-27,66,11:10,667.7491916666665,680.9818333333333,2025-11-29;2025-12-06;2025-12-13;2025-12-20,False,13.232641666666723,causal_load_main,day_ahead_planning
2025-12-27,67,11:20,668.8161833333334,669.1263166666666,2025-11-29;2025-12-06;2025-12-13;2025-12-20,False,0.3101333333332832,causal_load_main,day_ahead_planning
2025-12-27,68,11:30,666.4975,662.7766666666666,2025-11-29;2025-12-06;2025-12-13;2025-12-20,False,3.720833333333303,causal_load_main,day_ahead_planning
2025-12-27,69,11:40,664.4654125,655.5094166666667,2025-11-29;2025-12-06;2025-12-13;2025-12-20,False,8.955995833333304,causal_load_main,day_ahead_planning
2025-12-27,70,11:50,670.6653541666667,641.55895,2025-11-29;2025-12-06;2025-12-13;2025-12-20,False,29.10640416666672,causal_load_main,day_ahead_planning
2025-12-27,71,12:00,671.4841666666666,643.5666666666666,2025-11-29;2025-12-06;2025-12-13;2025-12-20,False,27.917500000000018,causal_load_main,day_ahead_planning
2025-12-27,72,12:10,647.1869125,689.1297833333333,2025-11-29;2025-12-06;2025-12-13;2025-12-20,False,41.94287083333336,causal_load_main,day_ahead_planning
2025-12-27,73,12:20,641.0593916666666,715.2428,2025-11-29;2025-12-06;2025-12-13;2025-12-20,False,74.18340833333343,causal_load_main,day_ahead_planning
2025-12-27,74,12:30,652.6608333333334,694.8533333333332,2025-11-29;2025-12-06;2025-12-13;2025-12-20,False,42.19249999999988,causal_load_main,day_ahead_planning
2025-12-27,75,12:40,640.4630916666667,663.8859,2025-11-29;2025-12-06;2025-12-13;2025-12-20,False,23.42280833333325,causal_load_main,day_ahead_planning
2025-12-27,76,12:50,635.5204333333334,671.2704166666666,2025-11-29;2025-12-06;2025-12-13;2025-12-20,False,35.74998333333326,causal_load_main,day_ahead_planning
2025-12-27,77,13:00,642.5170833333333,694.7166666666667,2025-11-29;2025-12-06;2025-12-13;2025-12-20,False,52.19958333333341,causal_load_main,day_ahead_planning
2025-12-27,78,13:10,634.3643125,667.9318,2025-11-29;2025-12-06;2025-12-13;2025-12-20,False,33.56748749999997,causal_load_main,day_ahead_planning
2025-12-27,79,13:20,635.7480833333332,641.4745499999999,2025-11-29;2025-12-06;2025-12-13;2025-12-20,False,5.726466666666738,causal_load_main,day_ahead_planning
2025-12-27,80,13:30,643.3495833333334,640.5583333333333,2025-11-29;2025-12-06;2025-12-13;2025-12-20,False,2.7912500000001046,causal_load_main,day_ahead_planning
2025-12-27,81,13:40,627.3598916666665,642.6723499999999,2025-11-29;2025-12-06;2025-12-13;2025-12-20,False,15.312458333333439,causal_load_main,day_ahead_planning
2025-12-27,82,13:50,616.3363999999999,654.7414666666666,2025-11-29;2025-12-06;2025-12-13;2025-12-20,False,38.4050666666667,causal_load_main,day_ahead_planning
2025-12-27,83,14:00,620.8370833333333,665.6099999999999,2025-11-29;2025-12-06;2025-12-13;2025-12-20,False,44.77291666666656,causal_load_main,day_ahead_planning
2025-12-27,84,14:10,624.095025,647.1224333333332,2025-11-29;2025-12-06;2025-12-13;2025-12-20,False,23.027408333333256,causal_load_main,day_ahead_planning
2025-12-27,85,14:20,631.3943416666666,608.3724666666667,2025-11-29;2025-12-06;2025-12-13;2025-12-20,False,23.02187499999991,causal_load_main,day_ahead_planning
2025-12-27,86,14:30,634.8912499999999,592.0883333333334,2025-11-29;2025-12-06;2025-12-13;2025-12-20,False,42.80291666666653,causal_load_main,day_ahead_planning
2025-12-27,87,14:40,617.6390333333334,631.7171,2025-11-29;2025-12-06;2025-12-13;2025-12-20,False,14.078066666666587,causal_load_main,day_ahead_planning
2025-12-27,88,14:50,601.6068458333333,633.2396833333332,2025-11-29;2025-12-06;2025-12-13;2025-12-20,False,31.632837499999937,causal_load_main,day_ahead_planning
2025-12-27,89,15:00,603.0562499999999,602.5183333333333,2025-11-29;2025-12-06;2025-12-13;2025-12-20,False,0.5379166666665469,causal_load_main,day_ahead_planning
2025-12-27,90,15:10,615.1424208333333,632.3765833333333,2025-11-29;2025-12-06;2025-12-13;2025-12-20,False,17.234162500000025,causal_load_main,day_ahead_planning
2025-12-27,91,15:20,603.4034666666666,639.9235,2025-11-29;2025-12-06;2025-12-13;2025-12-20,False,36.520033333333345,causal_load_main,day_ahead_planning
2025-12-27,92,15:30,577.3091666666667,599.0016666666667,2025-11-29;2025-12-06;2025-12-13;2025-12-20,False,21.692499999999995,causal_load_main,day_ahead_planning
2025-12-27,93,15:40,578.6150875,572.6986166666666,2025-11-29;2025-12-06;2025-12-13;2025-12-20,False,5.916470833333392,causal_load_main,day_ahead_planning
2025-12-27,94,15:50,577.5085333333334,572.28125,2025-11-29;2025-12-06;2025-12-13;2025-12-20,False,5.227283333333389,causal_load_main,day_ahead_planning
2025-12-27,95,16:00,569.9608333333333,587.01,2025-11-29;2025-12-06;2025-12-13;2025-12-20,False,17.04916666666668,causal_load_main,day_ahead_planning
2025-12-27,96,16:10,581.6203624999999,597.2722666666666,2025-11-29;2025-12-06;2025-12-13;2025-12-20,False,15.651904166666668,causal_load_main,day_ahead_planning
2025-12-27,97,16:20,582.1972333333333,581.9025166666667,2025-11-29;2025-12-06;2025-12-13;2025-12-20,False,0.29471666666665897,causal_load_main,day_ahead_planning
2025-12-27,98,16:30,578.9120833333333,569.99,2025-11-29;2025-12-06;2025-12-13;2025-12-20,False,8.922083333333262,causal_load_main,day_ahead_planning
2025-12-27,99,16:40,596.777875,600.1357666666667,2025-11-29;2025-12-06;2025-12-13;2025-12-20,False,3.35789166666666,causal_load_main,day_ahead_planning
2025-12-27,100,16:50,531.9401708333332,554.78305,2025-11-29;2025-12-06;2025-12-13;2025-12-20,False,22.842879166666762,causal_load_main,day_ahead_planning
2025-12-27,101,17:00,427.2045833333333,459.19166666666666,2025-11-29;2025-12-06;2025-12-13;2025-12-20,False,31.987083333333374,causal_load_main,day_ahead_planning
2025-12-27,102,17:10,438.2289,463.84680000000003,2025-11-29;2025-12-06;2025-12-13;2025-12-20,False,25.61790000000002,causal_load_main,day_ahead_planning
2025-12-27,103,17:20,459.6473791666666,493.4735666666666,2025-11-29;2025-12-06;2025-12-13;2025-12-20,False,33.8261875,causal_load_main,day_ahead_planning
2025-12-27,104,17:30,440.8166666666666,482.2633333333333,2025-11-29;2025-12-06;2025-12-13;2025-12-20,False,41.446666666666715,causal_load_main,day_ahead_planning
2025-12-27,105,17:40,437.19728749999996,446.07323333333335,2025-11-29;2025-12-06;2025-12-13;2025-12-20,False,8.87594583333339,causal_load_main,day_ahead_planning
2025-12-27,106,17:50,441.52700416666664,451.70404999999994,2025-11-29;2025-12-06;2025-12-13;2025-12-20,False,10.177045833333295,causal_load_main,day_ahead_planning
2025-12-27,107,18:00,444.59,485.2183333333333,2025-11-29;2025-12-06;2025-12-13;2025-12-20,False,40.62833333333333,causal_load_main,day_ahead_planning
2025-12-27,108,18:10,451.3334583333333,468.3017333333333,2025-11-29;2025-12-06;2025-12-13;2025-12-20,False,16.968275000000006,causal_load_main,day_ahead_planning
2025-12-27,109,18:20,462.52279999999996,435.4819166666667,2025-11-29;2025-12-06;2025-12-13;2025-12-20,False,27.040883333333284,causal_load_main,day_ahead_planning
2025-12-27,110,18:30,464.86375,437.7366666666667,2025-11-29;2025-12-06;2025-12-13;2025-12-20,False,27.127083333333303,causal_load_main,day_ahead_planning
2025-12-27,111,18:40,445.6072958333333,486.2933833333333,2025-11-29;2025-12-06;2025-12-13;2025-12-20,False,40.686087499999985,causal_load_main,day_ahead_planning
2025-12-27,112,18:50,443.34664999999995,489.3859,2025-11-29;2025-12-06;2025-12-13;2025-12-20,False,46.03925000000004,causal_load_main,day_ahead_planning
2025-12-27,113,19:00,458.8354166666667,440.9,2025-11-29;2025-12-06;2025-12-13;2025-12-20,False,17.935416666666697,causal_load_main,day_ahead_planning
2025-12-27,114,19:10,456.70878333333326,424.0161833333333,2025-11-29;2025-12-06;2025-12-13;2025-12-20,False,32.69259999999997,causal_load_main,day_ahead_planning
2025-12-27,115,19:20,458.75797916666664,433.97041666666667,2025-11-29;2025-12-06;2025-12-13;2025-12-20,False,24.78756249999998,causal_load_main,day_ahead_planning
2025-12-27,116,19:30,464.40999999999997,440.8883333333333,2025-11-29;2025-12-06;2025-12-13;2025-12-20,False,23.521666666666647,causal_load_main,day_ahead_planning
2025-12-27,117,19:40,448.36463333333336,427.27026666666666,2025-11-29;2025-12-06;2025-12-13;2025-12-20,False,21.0943666666667,causal_load_main,day_ahead_planning
2025-12-27,118,19:50,434.6103083333333,430.83485,2025-11-29;2025-12-06;2025-12-13;2025-12-20,False,3.7754583333332903,causal_load_main,day_ahead_planning
2025-12-27,119,20:00,445.105,460.20333333333326,2025-11-29;2025-12-06;2025-12-13;2025-12-20,False,15.098333333333244,causal_load_main,day_ahead_planning
2025-12-27,120,20:10,475.82742499999995,485.0086833333333,2025-11-29;2025-12-06;2025-12-13;2025-12-20,False,9.181258333333346,causal_load_main,day_ahead_planning
2025-12-27,121,20:20,480.3051958333333,491.20889999999997,2025-11-29;2025-12-06;2025-12-13;2025-12-20,False,10.903704166666671,causal_load_main,day_ahead_planning
2025-12-27,122,20:30,456.66166666666663,482.66166666666663,2025-11-29;2025-12-06;2025-12-13;2025-12-20,False,26.0,causal_load_main,day_ahead_planning
2025-12-27,123,20:40,448.07082083333336,471.5650166666667,2025-11-29;2025-12-06;2025-12-13;2025-12-20,False,23.494195833333322,causal_load_main,day_ahead_planning
2025-12-27,124,20:50,457.35963749999996,451.0690666666667,2025-11-29;2025-12-06;2025-12-13;2025-12-20,False,6.290570833333277,causal_load_main,day_ahead_planning
2025-12-27,125,21:00,468.37333333333333,431.6533333333333,2025-11-29;2025-12-06;2025-12-13;2025-12-20,False,36.72000000000003,causal_load_main,day_ahead_planning
2025-12-27,126,21:10,464.9424583333333,436.5780666666667,2025-11-29;2025-12-06;2025-12-13;2025-12-20,False,28.36439166666662,causal_load_main,day_ahead_planning
2025-12-27,127,21:20,463.22220416666664,451.7795,2025-11-29;2025-12-06;2025-12-13;2025-12-20,False,11.442704166666658,causal_load_main,day_ahead_planning
2025-12-27,128,21:30,469.86041666666665,465.1116666666667,2025-11-29;2025-12-06;2025-12-13;2025-12-20,False,4.748749999999973,causal_load_main,day_ahead_planning
2025-12-27,129,21:40,471.6464875,469.45956666666666,2025-11-29;2025-12-06;2025-12-13;2025-12-20,False,2.1869208333333177,causal_load_main,day_ahead_planning
2025-12-27,130,21:50,448.19079166666666,434.2751666666666,2025-11-29;2025-12-06;2025-12-13;2025-12-20,False,13.915625000000034,causal_load_main,day_ahead_planning
2025-12-27,131,22:00,412.45916666666665,377.98499999999996,2025-11-29;2025-12-06;2025-12-13;2025-12-20,False,34.47416666666669,causal_load_main,day_ahead_planning
2025-12-27,132,22:10,398.94174166666664,360.26596666666666,2025-11-29;2025-12-06;2025-12-13;2025-12-20,False,38.67577499999999,causal_load_main,day_ahead_planning
2025-12-27,133,22:20,389.6359041666666,385.16893333333337,2025-11-29;2025-12-06;2025-12-13;2025-12-20,False,4.466970833333221,causal_load_main,day_ahead_planning
2025-12-27,134,22:30,381.10375,424.23333333333335,2025-11-29;2025-12-06;2025-12-13;2025-12-20,False,43.12958333333336,causal_load_main,day_ahead_planning
2025-12-27,135,22:40,392.29391666666663,438.65424999999993,2025-11-29;2025-12-06;2025-12-13;2025-12-20,False,46.3603333333333,causal_load_main,day_ahead_planning
2025-12-27,136,22:50,418.6708249999999,421.1029166666666,2025-11-29;2025-12-06;2025-12-13;2025-12-20,False,2.432091666666679,causal_load_main,day_ahead_planning
2025-12-27,137,23:00,432.6266666666666,391.6533333333333,2025-11-29;2025-12-06;2025-12-13;2025-12-20,False,40.9733333333333,causal_load_main,day_ahead_planning
2025-12-27,138,23:10,409.9875083333333,383.78881666666666,2025-11-29;2025-12-06;2025-12-13;2025-12-20,False,26.19869166666666,causal_load_main,day_ahead_planning
2025-12-27,139,23:20,404.7654625,405.6769333333333,2025-11-29;2025-12-06;2025-12-13;2025-12-20,False,0.9114708333332828,causal_load_main,day_ahead_planning
2025-12-27,140,23:30,419.7183333333333,422.32666666666665,2025-11-29;2025-12-06;2025-12-13;2025-12-20,False,2.6083333333333485,causal_load_main,day_ahead_planning
2025-12-27,141,23:40,417.69077916666663,399.5250166666666,2025-11-29;2025-12-06;2025-12-13;2025-12-20,False,18.165762500000028,causal_load_main,day_ahead_planning
2025-12-27,142,23:50,479.6717249999999,446.27703333333335,2025-11-29;2025-12-06;2025-12-13;2025-12-20,False,33.394691666666574,causal_load_main,day_ahead_planning
2025-12-27,143,0:00+1,577.0720833333332,563.0433333333333,2025-11-29;2025-12-06;2025-12-13;2025-12-20,False,14.028749999999945,causal_load_main,day_ahead_planning
2025-12-28,0,00:10,588.29765,630.8252666666666,2025-11-30;2025-12-07;2025-12-14;2025-12-21,False,42.52761666666663,causal_load_main,day_ahead_planning
2025-12-28,1,00:20,576.381225,633.1768166666666,2025-11-30;2025-12-07;2025-12-14;2025-12-21,False,56.79559166666661,causal_load_main,day_ahead_planning
2025-12-28,2,00:30,585.4191666666666,612.3699999999999,2025-11-30;2025-12-07;2025-12-14;2025-12-21,False,26.95083333333332,causal_load_main,day_ahead_planning
2025-12-28,3,00:40,595.4166916666666,617.7170166666666,2025-11-30;2025-12-07;2025-12-14;2025-12-21,False,22.300325000000043,causal_load_main,day_ahead_planning
2025-12-28,4,00:50,596.9806166666666,603.9755666666666,2025-11-30;2025-12-07;2025-12-14;2025-12-21,False,6.994950000000017,causal_load_main,day_ahead_planning
2025-12-28,5,01:00,594.2041666666667,575.6666666666666,2025-11-30;2025-12-07;2025-12-14;2025-12-21,False,18.537500000000023,causal_load_main,day_ahead_planning
2025-12-28,6,01:10,598.4916458333333,589.5773333333333,2025-11-30;2025-12-07;2025-12-14;2025-12-21,False,8.914312500000051,causal_load_main,day_ahead_planning
2025-12-28,7,01:20,609.8316041666667,617.2382833333334,2025-11-30;2025-12-07;2025-12-14;2025-12-21,False,7.406679166666663,causal_load_main,day_ahead_planning
2025-12-28,8,01:30,619.6795833333333,623.3416666666667,2025-11-30;2025-12-07;2025-12-14;2025-12-21,False,3.662083333333385,causal_load_main,day_ahead_planning
2025-12-28,9,01:40,617.6079208333333,601.7374833333333,2025-11-30;2025-12-07;2025-12-14;2025-12-21,False,15.87043749999998,causal_load_main,day_ahead_planning
2025-12-28,10,01:50,608.14555,599.2668166666666,2025-11-30;2025-12-07;2025-12-14;2025-12-21,False,8.878733333333344,causal_load_main,day_ahead_planning
2025-12-28,11,02:00,604.5704166666667,619.0466666666666,2025-11-30;2025-12-07;2025-12-14;2025-12-21,False,14.476249999999936,causal_load_main,day_ahead_planning
2025-12-28,12,02:10,617.5881333333333,622.4730333333333,2025-11-30;2025-12-07;2025-12-14;2025-12-21,False,4.884900000000016,causal_load_main,day_ahead_planning
2025-12-28,13,02:20,628.7549791666667,630.1440166666666,2025-11-30;2025-12-07;2025-12-14;2025-12-21,False,1.3890374999999722,causal_load_main,day_ahead_planning
2025-12-28,14,02:30,633.545,652.4,2025-11-30;2025-12-07;2025-12-14;2025-12-21,False,18.855000000000018,causal_load_main,day_ahead_planning
2025-12-28,15,02:40,640.6550333333333,671.7312499999999,2025-11-30;2025-12-07;2025-12-14;2025-12-21,False,31.076216666666596,causal_load_main,day_ahead_planning
2025-12-28,16,02:50,628.7432541666667,663.9239666666666,2025-11-30;2025-12-07;2025-12-14;2025-12-21,False,35.18071249999991,causal_load_main,day_ahead_planning
2025-12-28,17,03:00,616.69125,648.1033333333332,2025-11-30;2025-12-07;2025-12-14;2025-12-21,False,31.41208333333327,causal_load_main,day_ahead_planning
2025-12-28,18,03:10,644.7109333333333,666.6254166666666,2025-11-30;2025-12-07;2025-12-14;2025-12-21,False,21.91448333333335,causal_load_main,day_ahead_planning
2025-12-28,19,03:20,650.3436958333333,678.3014833333333,2025-11-30;2025-12-07;2025-12-14;2025-12-21,False,27.957787499999995,causal_load_main,day_ahead_planning
2025-12-28,20,03:30,633.0829166666666,676.6033333333332,2025-11-30;2025-12-07;2025-12-14;2025-12-21,False,43.52041666666662,causal_load_main,day_ahead_planning
2025-12-28,21,03:40,654.2335083333332,694.2871166666666,2025-11-30;2025-12-07;2025-12-14;2025-12-21,False,40.053608333333386,causal_load_main,day_ahead_planning
2025-12-28,22,03:50,671.7488249999999,699.2768833333332,2025-11-30;2025-12-07;2025-12-14;2025-12-21,False,27.52805833333332,causal_load_main,day_ahead_planning
2025-12-28,23,04:00,662.0316666666668,692.355,2025-11-30;2025-12-07;2025-12-14;2025-12-21,False,30.323333333333267,causal_load_main,day_ahead_planning
2025-12-28,24,04:10,647.69745,704.8507666666666,2025-11-30;2025-12-07;2025-12-14;2025-12-21,False,57.15331666666657,causal_load_main,day_ahead_planning
2025-12-28,25,04:20,653.8131916666666,694.6940833333333,2025-11-30;2025-12-07;2025-12-14;2025-12-21,False,40.880891666666685,causal_load_main,day_ahead_planning
2025-12-28,26,04:30,674.2833333333333,672.3916666666667,2025-11-30;2025-12-07;2025-12-14;2025-12-21,False,1.8916666666666515,causal_load_main,day_ahead_planning
2025-12-28,27,04:40,678.9495083333333,693.6531499999999,2025-11-30;2025-12-07;2025-12-14;2025-12-21,False,14.703641666666613,causal_load_main,day_ahead_planning
2025-12-28,28,04:50,667.214125,711.1028166666666,2025-11-30;2025-12-07;2025-12-14;2025-12-21,False,43.88869166666666,causal_load_main,day_ahead_planning
2025-12-28,29,05:00,662.1266666666667,696.1666666666666,2025-11-30;2025-12-07;2025-12-14;2025-12-21,False,34.039999999999964,causal_load_main,day_ahead_planning
2025-12-28,30,05:10,684.8852208333333,670.8840499999999,2025-11-30;2025-12-07;2025-12-14;2025-12-21,False,14.00117083333339,causal_load_main,day_ahead_planning
2025-12-28,31,05:20,687.9880958333333,675.0455999999999,2025-11-30;2025-12-07;2025-12-14;2025-12-21,False,12.942495833333396,causal_load_main,day_ahead_planning
2025-12-28,32,05:30,660.23875,678.0116666666667,2025-11-30;2025-12-07;2025-12-14;2025-12-21,False,17.772916666666674,causal_load_main,day_ahead_planning
2025-12-28,33,05:40,653.0681208333333,632.8208,2025-11-30;2025-12-07;2025-12-14;2025-12-21,False,20.247320833333333,causal_load_main,day_ahead_planning
2025-12-28,34,05:50,747.047,712.5886666666667,2025-11-30;2025-12-07;2025-12-14;2025-12-21,False,34.45833333333337,causal_load_main,day_ahead_planning
2025-12-28,35,06:00,875.8708333333333,870.6783333333333,2025-11-30;2025-12-07;2025-12-14;2025-12-21,False,5.1924999999999955,causal_load_main,day_ahead_planning
2025-12-28,36,06:10,883.6965833333334,876.9336,2025-11-30;2025-12-07;2025-12-14;2025-12-21,False,6.762983333333409,causal_load_main,day_ahead_planning
2025-12-28,37,06:20,866.100325,862.4972333333333,2025-11-30;2025-12-07;2025-12-14;2025-12-21,False,3.603091666666728,causal_load_main,day_ahead_planning
2025-12-28,38,06:30,876.0483333333334,893.05,2025-11-30;2025-12-07;2025-12-14;2025-12-21,False,17.00166666666655,causal_load_main,day_ahead_planning
2025-12-28,39,06:40,874.1861583333333,897.8990333333333,2025-11-30;2025-12-07;2025-12-14;2025-12-21,False,23.71287499999994,causal_load_main,day_ahead_planning
2025-12-28,40,06:50,878.7980083333332,894.7821999999999,2025-11-30;2025-12-07;2025-12-14;2025-12-21,False,15.984191666666675,causal_load_main,day_ahead_planning
2025-12-28,41,07:00,885.3783333333333,894.9133333333332,2025-11-30;2025-12-07;2025-12-14;2025-12-21,False,9.534999999999854,causal_load_main,day_ahead_planning
2025-12-28,42,07:10,866.3436750000001,888.2404833333333,2025-11-30;2025-12-07;2025-12-14;2025-12-21,False,21.896808333333183,causal_load_main,day_ahead_planning
2025-12-28,43,07:20,853.3055416666666,898.4354666666666,2025-11-30;2025-12-07;2025-12-14;2025-12-21,False,45.12992499999996,causal_load_main,day_ahead_planning
2025-12-28,44,07:30,847.5733333333333,896.0333333333333,2025-11-30;2025-12-07;2025-12-14;2025-12-21,False,48.460000000000036,causal_load_main,day_ahead_planning
2025-12-28,45,07:40,842.0810916666666,853.0072166666666,2025-11-30;2025-12-07;2025-12-14;2025-12-21,False,10.92612500000007,causal_load_main,day_ahead_planning
2025-12-28,46,07:50,968.1302125,979.6498666666666,2025-11-30;2025-12-07;2025-12-14;2025-12-21,False,11.519654166666669,causal_load_main,day_ahead_planning
2025-12-28,47,08:00,1159.5733333333333,1204.3833333333332,2025-11-30;2025-12-07;2025-12-14;2025-12-21,False,44.809999999999945,causal_load_main,day_ahead_planning
2025-12-28,48,08:10,1198.3427458333333,1224.5435166666666,2025-11-30;2025-12-07;2025-12-14;2025-12-21,False,26.20077083333331,causal_load_main,day_ahead_planning
2025-12-28,49,08:20,1183.8653458333333,1175.7102,2025-11-30;2025-12-07;2025-12-14;2025-12-21,False,8.155145833333336,causal_load_main,day_ahead_planning
2025-12-28,50,08:30,1184.0299999999997,1171.7666666666667,2025-11-30;2025-12-07;2025-12-14;2025-12-21,False,12.263333333333094,causal_load_main,day_ahead_planning
2025-12-28,51,08:40,1168.0527708333334,1187.8156,2025-11-30;2025-12-07;2025-12-14;2025-12-21,False,19.762829166666506,causal_load_main,day_ahead_planning
2025-12-28,52,08:50,1162.6390166666665,1185.4777333333332,2025-11-30;2025-12-07;2025-12-14;2025-12-21,False,22.83871666666664,causal_load_main,day_ahead_planning
2025-12-28,53,09:00,1171.715,1160.2466666666664,2025-11-30;2025-12-07;2025-12-14;2025-12-21,False,11.468333333333476,causal_load_main,day_ahead_planning
2025-12-28,54,09:10,1169.8836666666666,1139.9633666666666,2025-11-30;2025-12-07;2025-12-14;2025-12-21,False,29.920299999999997,causal_load_main,day_ahead_planning
2025-12-28,55,09:20,1167.3600374999999,1138.3447333333334,2025-11-30;2025-12-07;2025-12-14;2025-12-21,False,29.01530416666651,causal_load_main,day_ahead_planning
2025-12-28,56,09:30,1168.0425,1154.3716666666664,2025-11-30;2025-12-07;2025-12-14;2025-12-21,False,13.670833333333576,causal_load_main,day_ahead_planning
2025-12-28,57,09:40,1161.9002125,1173.34805,2025-11-30;2025-12-07;2025-12-14;2025-12-21,False,11.447837500000105,causal_load_main,day_ahead_planning
2025-12-28,58,09:50,1146.3387125,1170.7337833333331,2025-11-30;2025-12-07;2025-12-14;2025-12-21,False,24.395070833333193,causal_load_main,day_ahead_planning
2025-12-28,59,10:00,1134.1408333333331,1156.4216666666666,2025-11-30;2025-12-07;2025-12-14;2025-12-21,False,22.280833333333476,causal_load_main,day_ahead_planning
2025-12-28,60,10:10,1141.3322791666665,1160.2619333333332,2025-11-30;2025-12-07;2025-12-14;2025-12-21,False,18.92965416666675,causal_load_main,day_ahead_planning
2025-12-28,61,10:20,1144.6551833333333,1147.3272666666667,2025-11-30;2025-12-07;2025-12-14;2025-12-21,False,2.6720833333333758,causal_load_main,day_ahead_planning
2025-12-28,62,10:30,1136.5979166666666,1122.8116666666665,2025-11-30;2025-12-07;2025-12-14;2025-12-21,False,13.78625000000011,causal_load_main,day_ahead_planning
2025-12-28,63,10:40,1134.3413249999999,1130.4656166666666,2025-11-30;2025-12-07;2025-12-14;2025-12-21,False,3.8757083333332503,causal_load_main,day_ahead_planning
2025-12-28,64,10:50,1149.6450416666667,1142.5093166666666,2025-11-30;2025-12-07;2025-12-14;2025-12-21,False,7.135725000000093,causal_load_main,day_ahead_planning
2025-12-28,65,11:00,1162.2425,1138.1966666666667,2025-11-30;2025-12-07;2025-12-14;2025-12-21,False,24.04583333333335,causal_load_main,day_ahead_planning
2025-12-28,66,11:10,1138.9294916666665,1127.4763833333332,2025-11-30;2025-12-07;2025-12-14;2025-12-21,False,11.453108333333375,causal_load_main,day_ahead_planning
2025-12-28,67,11:20,1115.181095833333,1139.3281499999998,2025-11-30;2025-12-07;2025-12-14;2025-12-21,False,24.14705416666675,causal_load_main,day_ahead_planning
2025-12-28,68,11:30,1118.41625,1171.0416666666665,2025-11-30;2025-12-07;2025-12-14;2025-12-21,False,52.625416666666524,causal_load_main,day_ahead_planning
2025-12-28,69,11:40,1136.7570333333333,1182.6954999999998,2025-11-30;2025-12-07;2025-12-14;2025-12-21,False,45.9384666666665,causal_load_main,day_ahead_planning
2025-12-28,70,11:50,1107.4824125,1133.50415,2025-11-30;2025-12-07;2025-12-14;2025-12-21,False,26.021737499999972,causal_load_main,day_ahead_planning
2025-12-28,71,12:00,1048.8233333333333,1058.21,2025-11-30;2025-12-07;2025-12-14;2025-12-21,False,9.38666666666677,causal_load_main,day_ahead_planning
2025-12-28,72,12:10,1041.8209416666666,1038.9882166666666,2025-11-30;2025-12-07;2025-12-14;2025-12-21,False,2.832724999999982,causal_load_main,day_ahead_planning
2025-12-28,73,12:20,1046.912958333333,1047.3539666666666,2025-11-30;2025-12-07;2025-12-14;2025-12-21,False,0.4410083333334569,causal_load_main,day_ahead_planning
2025-12-28,74,12:30,1031.6520833333334,1048.9683333333332,2025-11-30;2025-12-07;2025-12-14;2025-12-21,False,17.316249999999854,causal_load_main,day_ahead_planning
2025-12-28,75,12:40,1012.2619458333334,1041.6385666666665,2025-11-30;2025-12-07;2025-12-14;2025-12-21,False,29.376620833333163,causal_load_main,day_ahead_planning
2025-12-28,76,12:50,1042.8026333333332,1058.70165,2025-11-30;2025-12-07;2025-12-14;2025-12-21,False,15.89901666666674,causal_load_main,day_ahead_planning
2025-12-28,77,13:00,1102.6679166666665,1085.2549999999999,2025-11-30;2025-12-07;2025-12-14;2025-12-21,False,17.41291666666666,causal_load_main,day_ahead_planning
2025-12-28,78,13:10,1112.41115,1074.7137166666666,2025-11-30;2025-12-07;2025-12-14;2025-12-21,False,37.697433333333265,causal_load_main,day_ahead_planning
2025-12-28,79,13:20,1091.3929291666664,1078.1968833333333,2025-11-30;2025-12-07;2025-12-14;2025-12-21,False,13.196045833333073,causal_load_main,day_ahead_planning
2025-12-28,80,13:30,1069.8120833333332,1102.2633333333333,2025-11-30;2025-12-07;2025-12-14;2025-12-21,False,32.45125000000007,causal_load_main,day_ahead_planning
2025-12-28,81,13:40,1060.9482583333333,1096.1989166666667,2025-11-30;2025-12-07;2025-12-14;2025-12-21,False,35.25065833333338,causal_load_main,day_ahead_planning
2025-12-28,82,13:50,1068.8622708333332,1059.95795,2025-11-30;2025-12-07;2025-12-14;2025-12-21,False,8.904320833333259,causal_load_main,day_ahead_planning
2025-12-28,83,14:00,1080.0983333333334,1036.8533333333332,2025-11-30;2025-12-07;2025-12-14;2025-12-21,False,43.24500000000012,causal_load_main,day_ahead_planning
2025-12-28,84,14:10,1075.2851041666665,1069.1435666666666,2025-11-30;2025-12-07;2025-12-14;2025-12-21,False,6.141537499999913,causal_load_main,day_ahead_planning
2025-12-28,85,14:20,1071.5898416666666,1079.0288333333333,2025-11-30;2025-12-07;2025-12-14;2025-12-21,False,7.438991666666652,causal_load_main,day_ahead_planning
2025-12-28,86,14:30,1065.9775,1046.2966666666666,2025-11-30;2025-12-07;2025-12-14;2025-12-21,False,19.68083333333334,causal_load_main,day_ahead_planning
2025-12-28,87,14:40,1042.9702125,1025.90935,2025-11-30;2025-12-07;2025-12-14;2025-12-21,False,17.060862499999985,causal_load_main,day_ahead_planning
2025-12-28,88,14:50,1051.8395874999999,1022.0087,2025-11-30;2025-12-07;2025-12-14;2025-12-21,False,29.830887499999903,causal_load_main,day_ahead_planning
2025-12-28,89,15:00,1078.6808333333333,1029.6983333333333,2025-11-30;2025-12-07;2025-12-14;2025-12-21,False,48.98250000000007,causal_load_main,day_ahead_planning
2025-12-28,90,15:10,1059.6417,1043.3421333333333,2025-11-30;2025-12-07;2025-12-14;2025-12-21,False,16.29956666666658,causal_load_main,day_ahead_planning
2025-12-28,91,15:20,1046.9742333333334,1037.7581,2025-11-30;2025-12-07;2025-12-14;2025-12-21,False,9.216133333333346,causal_load_main,day_ahead_planning
2025-12-28,92,15:30,1057.80875,1027.0983333333334,2025-11-30;2025-12-07;2025-12-14;2025-12-21,False,30.71041666666656,causal_load_main,day_ahead_planning
2025-12-28,93,15:40,1055.1839458333332,1049.0194,2025-11-30;2025-12-07;2025-12-14;2025-12-21,False,6.16454583333325,causal_load_main,day_ahead_planning
2025-12-28,94,15:50,1045.4146208333332,1060.2688833333332,2025-11-30;2025-12-07;2025-12-14;2025-12-21,False,14.854262500000004,causal_load_main,day_ahead_planning
2025-12-28,95,16:00,1036.0795833333332,1046.0,2025-11-30;2025-12-07;2025-12-14;2025-12-21,False,9.920416666666824,causal_load_main,day_ahead_planning
2025-12-28,96,16:10,1026.0743791666666,1034.4888666666666,2025-11-30;2025-12-07;2025-12-14;2025-12-21,False,8.41448749999995,causal_load_main,day_ahead_planning
2025-12-28,97,16:20,1020.5955916666666,1029.9420166666666,2025-11-30;2025-12-07;2025-12-14;2025-12-21,False,9.346425000000067,causal_load_main,day_ahead_planning
2025-12-28,98,16:30,1025.5170833333332,1028.105,2025-11-30;2025-12-07;2025-12-14;2025-12-21,False,2.5879166666668425,causal_load_main,day_ahead_planning
2025-12-28,99,16:40,1039.71375,1023.9367,2025-11-30;2025-12-07;2025-12-14;2025-12-21,False,15.777049999999917,causal_load_main,day_ahead_planning
2025-12-28,100,16:50,1039.4492083333334,1017.1244166666667,2025-11-30;2025-12-07;2025-12-14;2025-12-21,False,22.324791666666783,causal_load_main,day_ahead_planning
2025-12-28,101,17:00,1025.8583333333333,1014.4649999999999,2025-11-30;2025-12-07;2025-12-14;2025-12-21,False,11.39333333333343,causal_load_main,day_ahead_planning
2025-12-28,102,17:10,1022.7330750000001,1020.9476666666666,2025-11-30;2025-12-07;2025-12-14;2025-12-21,False,1.7854083333335211,causal_load_main,day_ahead_planning
2025-12-28,103,17:20,1023.4916666666666,1013.5024833333333,2025-11-30;2025-12-07;2025-12-14;2025-12-21,False,9.989183333333244,causal_load_main,day_ahead_planning
2025-12-28,104,17:30,1037.5104166666665,1025.6149999999998,2025-11-30;2025-12-07;2025-12-14;2025-12-21,False,11.895416666666733,causal_load_main,day_ahead_planning
2025-12-28,105,17:40,1057.021083333333,1086.7249666666667,2025-11-30;2025-12-07;2025-12-14;2025-12-21,False,29.70388333333358,causal_load_main,day_ahead_planning
2025-12-28,106,17:50,922.5372916666665,970.9929166666667,2025-11-30;2025-12-07;2025-12-14;2025-12-21,False,48.45562500000017,causal_load_main,day_ahead_planning
2025-12-28,107,18:00,718.645,739.4116666666666,2025-11-30;2025-12-07;2025-12-14;2025-12-21,False,20.76666666666665,causal_load_main,day_ahead_planning
2025-12-28,108,18:10,706.9532999999999,699.0473499999999,2025-11-30;2025-12-07;2025-12-14;2025-12-21,False,7.905949999999962,causal_load_main,day_ahead_planning
2025-12-28,109,18:20,735.7327666666666,740.70415,2025-11-30;2025-12-07;2025-12-14;2025-12-21,False,4.971383333333392,causal_load_main,day_ahead_planning
2025-12-28,110,18:30,720.3183333333333,757.6033333333332,2025-11-30;2025-12-07;2025-12-14;2025-12-21,False,37.28499999999997,causal_load_main,day_ahead_planning
2025-12-28,111,18:40,727.2915291666666,751.3555166666666,2025-11-30;2025-12-07;2025-12-14;2025-12-21,False,24.063987500000053,causal_load_main,day_ahead_planning
2025-12-28,112,18:50,735.5429291666666,717.2752999999999,2025-11-30;2025-12-07;2025-12-14;2025-12-21,False,18.267629166666666,causal_load_main,day_ahead_planning
2025-12-28,113,19:00,730.2979166666667,682.4866666666667,2025-11-30;2025-12-07;2025-12-14;2025-12-21,False,47.81124999999997,causal_load_main,day_ahead_planning
2025-12-28,114,19:10,726.5884833333333,690.3342666666667,2025-11-30;2025-12-07;2025-12-14;2025-12-21,False,36.25421666666659,causal_load_main,day_ahead_planning
2025-12-28,115,19:20,736.7489833333333,711.4748999999999,2025-11-30;2025-12-07;2025-12-14;2025-12-21,False,25.27408333333335,causal_load_main,day_ahead_planning
2025-12-28,116,19:30,743.2658333333334,716.5133333333333,2025-11-30;2025-12-07;2025-12-14;2025-12-21,False,26.752500000000055,causal_load_main,day_ahead_planning
2025-12-28,117,19:40,719.7966624999999,703.4244166666667,2025-11-30;2025-12-07;2025-12-14;2025-12-21,False,16.37224583333318,causal_load_main,day_ahead_planning
2025-12-28,118,19:50,717.1076541666666,703.8290999999999,2025-11-30;2025-12-07;2025-12-14;2025-12-21,False,13.278554166666709,causal_load_main,day_ahead_planning
2025-12-28,119,20:00,738.5733333333333,715.8483333333334,2025-11-30;2025-12-07;2025-12-14;2025-12-21,False,22.72499999999991,causal_load_main,day_ahead_planning
2025-12-28,120,20:10,736.5867708333333,712.2518,2025-11-30;2025-12-07;2025-12-14;2025-12-21,False,24.334970833333273,causal_load_main,day_ahead_planning
2025-12-28,121,20:20,726.8314499999999,728.5039499999999,2025-11-30;2025-12-07;2025-12-14;2025-12-21,False,1.6725000000000136,causal_load_main,day_ahead_planning
2025-12-28,122,20:30,725.015,754.0283333333333,2025-11-30;2025-12-07;2025-12-14;2025-12-21,False,29.01333333333332,causal_load_main,day_ahead_planning
2025-12-28,123,20:40,727.7912166666666,738.8098833333333,2025-11-30;2025-12-07;2025-12-14;2025-12-21,False,11.018666666666718,causal_load_main,day_ahead_planning
2025-12-28,124,20:50,722.5080541666666,721.9186166666666,2025-11-30;2025-12-07;2025-12-14;2025-12-21,False,0.5894375000000309,causal_load_main,day_ahead_planning
2025-12-28,125,21:00,711.9133333333333,723.2433333333333,2025-11-30;2025-12-07;2025-12-14;2025-12-21,False,11.330000000000041,causal_load_main,day_ahead_planning
2025-12-28,126,21:10,711.9067708333332,726.2113333333333,2025-11-30;2025-12-07;2025-12-14;2025-12-21,False,14.304562500000088,causal_load_main,day_ahead_planning
2025-12-28,127,21:20,721.0341374999998,736.40965,2025-11-30;2025-12-07;2025-12-14;2025-12-21,False,15.37551250000024,causal_load_main,day_ahead_planning
2025-12-28,128,21:30,738.2508333333333,753.2183333333334,2025-11-30;2025-12-07;2025-12-14;2025-12-21,False,14.967500000000086,causal_load_main,day_ahead_planning
2025-12-28,129,21:40,749.1505999999999,750.8473833333334,2025-11-30;2025-12-07;2025-12-14;2025-12-21,False,1.6967833333334283,causal_load_main,day_ahead_planning
2025-12-28,130,21:50,672.6365041666666,657.97705,2025-11-30;2025-12-07;2025-12-14;2025-12-21,False,14.659454166666592,causal_load_main,day_ahead_planning
2025-12-28,131,22:00,559.2075,535.6066666666666,2025-11-30;2025-12-07;2025-12-14;2025-12-21,False,23.600833333333412,causal_load_main,day_ahead_planning
2025-12-28,132,22:10,550.8651,526.6229,2025-11-30;2025-12-07;2025-12-14;2025-12-21,False,24.242200000000025,causal_load_main,day_ahead_planning
2025-12-28,133,22:20,566.1536583333333,532.85155,2025-11-30;2025-12-07;2025-12-14;2025-12-21,False,33.30210833333331,causal_load_main,day_ahead_planning
2025-12-28,134,22:30,553.1225,523.0216666666666,2025-11-30;2025-12-07;2025-12-14;2025-12-21,False,30.1008333333333,causal_load_main,day_ahead_planning
2025-12-28,135,22:40,542.8222041666667,559.5514,2025-11-30;2025-12-07;2025-12-14;2025-12-21,False,16.72919583333328,causal_load_main,day_ahead_planning
2025-12-28,136,22:50,549.6695791666666,568.8503666666666,2025-11-30;2025-12-07;2025-12-14;2025-12-21,False,19.18078749999995,causal_load_main,day_ahead_planning
2025-12-28,137,23:00,568.35875,537.9066666666666,2025-11-30;2025-12-07;2025-12-14;2025-12-21,False,30.45208333333335,causal_load_main,day_ahead_planning
2025-12-28,138,23:10,581.4847416666667,532.3087499999999,2025-11-30;2025-12-07;2025-12-14;2025-12-21,False,49.17599166666673,causal_load_main,day_ahead_planning
2025-12-28,139,23:20,582.1403499999999,548.1471333333333,2025-11-30;2025-12-07;2025-12-14;2025-12-21,False,33.993216666666626,causal_load_main,day_ahead_planning
2025-12-28,140,23:30,576.6945833333332,564.9666666666667,2025-11-30;2025-12-07;2025-12-14;2025-12-21,False,11.727916666666488,causal_load_main,day_ahead_planning
2025-12-28,141,23:40,577.9407166666666,569.5740999999999,2025-11-30;2025-12-07;2025-12-14;2025-12-21,False,8.366616666666687,causal_load_main,day_ahead_planning
2025-12-28,142,23:50,582.6965541666666,570.0069333333333,2025-11-30;2025-12-07;2025-12-14;2025-12-21,False,12.689620833333265,causal_load_main,day_ahead_planning
2025-12-28,143,0:00+1,590.32875,573.17,2025-11-30;2025-12-07;2025-12-14;2025-12-21,False,17.158750000000055,causal_load_main,day_ahead_planning
2025-12-29,0,00:10,601.8918291666666,579.8040833333333,2025-12-01;2025-12-08;2025-12-15;2025-12-22,False,22.087745833333315,causal_load_main,day_ahead_planning
2025-12-29,1,00:20,599.7562125,591.0426666666666,2025-12-01;2025-12-08;2025-12-15;2025-12-22,False,8.713545833333342,causal_load_main,day_ahead_planning
2025-12-29,2,00:30,588.7629166666667,593.865,2025-12-01;2025-12-08;2025-12-15;2025-12-22,False,5.102083333333326,causal_load_main,day_ahead_planning
2025-12-29,3,00:40,594.5446374999999,576.49115,2025-12-01;2025-12-08;2025-12-15;2025-12-22,False,18.05348749999996,causal_load_main,day_ahead_planning
2025-12-29,4,00:50,616.4015999999999,586.6014666666666,2025-12-01;2025-12-08;2025-12-15;2025-12-22,False,29.800133333333292,causal_load_main,day_ahead_planning
2025-12-29,5,01:00,632.1983333333333,623.31,2025-12-01;2025-12-08;2025-12-15;2025-12-22,False,8.888333333333321,causal_load_main,day_ahead_planning
2025-12-29,6,01:10,620.7731375,632.6288,2025-12-01;2025-12-08;2025-12-15;2025-12-22,False,11.855662499999994,causal_load_main,day_ahead_planning
2025-12-29,7,01:20,620.8161124999999,604.6157333333333,2025-12-01;2025-12-08;2025-12-15;2025-12-22,False,16.200379166666607,causal_load_main,day_ahead_planning
2025-12-29,8,01:30,634.7874999999999,588.7983333333333,2025-12-01;2025-12-08;2025-12-15;2025-12-22,False,45.98916666666662,causal_load_main,day_ahead_planning
2025-12-29,9,01:40,629.4281541666666,643.06835,2025-12-01;2025-12-08;2025-12-15;2025-12-22,False,13.64019583333345,causal_load_main,day_ahead_planning
2025-12-29,10,01:50,632.297475,672.2887333333333,2025-12-01;2025-12-08;2025-12-15;2025-12-22,False,39.99125833333335,causal_load_main,day_ahead_planning
2025-12-29,11,02:00,647.7025,646.0966666666666,2025-12-01;2025-12-08;2025-12-15;2025-12-22,False,1.6058333333334076,causal_load_main,day_ahead_planning
2025-12-29,12,02:10,649.5197833333333,628.1457666666666,2025-12-01;2025-12-08;2025-12-15;2025-12-22,False,21.37401666666665,causal_load_main,day_ahead_planning
2025-12-29,13,02:20,645.7698208333334,642.2071333333333,2025-12-01;2025-12-08;2025-12-15;2025-12-22,False,3.562687500000038,causal_load_main,day_ahead_planning
2025-12-29,14,02:30,648.4533333333333,661.7466666666667,2025-12-01;2025-12-08;2025-12-15;2025-12-22,False,13.293333333333408,causal_load_main,day_ahead_planning
2025-12-29,15,02:40,658.6225416666666,646.4199166666666,2025-12-01;2025-12-08;2025-12-15;2025-12-22,False,12.202625000000012,causal_load_main,day_ahead_planning
2025-12-29,16,02:50,654.9546208333334,653.5432666666666,2025-12-01;2025-12-08;2025-12-15;2025-12-22,False,1.411354166666797,causal_load_main,day_ahead_planning
2025-12-29,17,03:00,644.2737500000001,676.9116666666666,2025-12-01;2025-12-08;2025-12-15;2025-12-22,False,32.63791666666657,causal_load_main,day_ahead_planning
2025-12-29,18,03:10,654.9105291666667,657.2398333333333,2025-12-01;2025-12-08;2025-12-15;2025-12-22,False,2.3293041666665886,causal_load_main,day_ahead_planning
2025-12-29,19,03:20,667.5062624999999,670.643,2025-12-01;2025-12-08;2025-12-15;2025-12-22,False,3.1367375000000948,causal_load_main,day_ahead_planning
2025-12-29,20,03:30,673.8187499999999,697.2866666666666,2025-12-01;2025-12-08;2025-12-15;2025-12-22,False,23.467916666666724,causal_load_main,day_ahead_planning
2025-12-29,21,03:40,683.3791416666666,643.96125,2025-12-01;2025-12-08;2025-12-15;2025-12-22,False,39.417891666666605,causal_load_main,day_ahead_planning
2025-12-29,22,03:50,684.0501041666666,639.4895833333333,2025-12-01;2025-12-08;2025-12-15;2025-12-22,False,44.560520833333385,causal_load_main,day_ahead_planning
2025-12-29,23,04:00,677.9020833333333,697.8466666666666,2025-12-01;2025-12-08;2025-12-15;2025-12-22,False,19.9445833333333,causal_load_main,day_ahead_planning
2025-12-29,24,04:10,678.3243958333333,700.3726333333334,2025-12-01;2025-12-08;2025-12-15;2025-12-22,False,22.04823750000014,causal_load_main,day_ahead_planning
2025-12-29,25,04:20,666.4459416666666,683.00235,2025-12-01;2025-12-08;2025-12-15;2025-12-22,False,16.556408333333366,causal_load_main,day_ahead_planning
2025-12-29,26,04:30,660.4470833333332,675.8499999999999,2025-12-01;2025-12-08;2025-12-15;2025-12-22,False,15.40291666666667,causal_load_main,day_ahead_planning
2025-12-29,27,04:40,696.7559416666666,670.8459166666667,2025-12-01;2025-12-08;2025-12-15;2025-12-22,False,25.910024999999905,causal_load_main,day_ahead_planning
2025-12-29,28,04:50,707.5042166666667,690.5279499999999,2025-12-01;2025-12-08;2025-12-15;2025-12-22,False,16.97626666666679,causal_load_main,day_ahead_planning
2025-12-29,29,05:00,690.4470833333332,718.145,2025-12-01;2025-12-08;2025-12-15;2025-12-22,False,27.697916666666742,causal_load_main,day_ahead_planning
2025-12-29,30,05:10,709.4565374999999,708.9349833333333,2025-12-01;2025-12-08;2025-12-15;2025-12-22,False,0.5215541666665331,causal_load_main,day_ahead_planning
2025-12-29,31,05:20,725.3599,694.1600166666667,2025-12-01;2025-12-08;2025-12-15;2025-12-22,False,31.199883333333332,causal_load_main,day_ahead_planning
2025-12-29,32,05:30,701.1258333333333,685.1783333333333,2025-12-01;2025-12-08;2025-12-15;2025-12-22,False,15.947499999999991,causal_load_main,day_ahead_planning
2025-12-29,33,05:40,662.4496125,674.074,2025-12-01;2025-12-08;2025-12-15;2025-12-22,False,11.624387500000012,causal_load_main,day_ahead_planning
2025-12-29,34,05:50,759.1078708333334,728.8033833333334,2025-12-01;2025-12-08;2025-12-15;2025-12-22,False,30.30448750000005,causal_load_main,day_ahead_planning
2025-12-29,35,06:00,917.6341666666667,828.5166666666667,2025-12-01;2025-12-08;2025-12-15;2025-12-22,False,89.11750000000006,causal_load_main,day_ahead_planning
2025-12-29,36,06:10,907.5672958333332,874.2905333333333,2025-12-01;2025-12-08;2025-12-15;2025-12-22,False,33.276762499999904,causal_load_main,day_ahead_planning
2025-12-29,37,06:20,878.5494916666667,886.6501666666666,2025-12-01;2025-12-08;2025-12-15;2025-12-22,False,8.10067499999991,causal_load_main,day_ahead_planning
2025-12-29,38,06:30,902.8604166666667,892.415,2025-12-01;2025-12-08;2025-12-15;2025-12-22,False,10.445416666666688,causal_load_main,day_ahead_planning
2025-12-29,39,06:40,901.0937958333334,892.9487,2025-12-01;2025-12-08;2025-12-15;2025-12-22,False,8.145095833333357,causal_load_main,day_ahead_planning
2025-12-29,40,06:50,887.2726416666667,887.35765,2025-12-01;2025-12-08;2025-12-15;2025-12-22,False,0.08500833333334867,causal_load_main,day_ahead_planning
2025-12-29,41,07:00,888.3541666666667,886.6833333333334,2025-12-01;2025-12-08;2025-12-15;2025-12-22,False,1.6708333333333485,causal_load_main,day_ahead_planning
2025-12-29,42,07:10,908.5110166666666,902.5700166666667,2025-12-01;2025-12-08;2025-12-15;2025-12-22,False,5.940999999999917,causal_load_main,day_ahead_planning
2025-12-29,43,07:20,911.6351958333332,901.9145666666666,2025-12-01;2025-12-08;2025-12-15;2025-12-22,False,9.72062916666664,causal_load_main,day_ahead_planning
2025-12-29,44,07:30,885.0070833333333,880.135,2025-12-01;2025-12-08;2025-12-15;2025-12-22,False,4.872083333333308,causal_load_main,day_ahead_planning
2025-12-29,45,07:40,872.5826958333332,883.0801166666666,2025-12-01;2025-12-08;2025-12-15;2025-12-22,False,10.497420833333422,causal_load_main,day_ahead_planning
2025-12-29,46,07:50,1001.57755,992.4114,2025-12-01;2025-12-08;2025-12-15;2025-12-22,False,9.166150000000016,causal_load_main,day_ahead_planning
2025-12-29,47,08:00,1188.7041666666667,1149.495,2025-12-01;2025-12-08;2025-12-15;2025-12-22,False,39.20916666666676,causal_load_main,day_ahead_planning
2025-12-29,48,08:10,1208.1659333333332,1198.7055,2025-12-01;2025-12-08;2025-12-15;2025-12-22,False,9.460433333333185,causal_load_main,day_ahead_planning
2025-12-29,49,08:20,1182.2104041666666,1189.8808166666665,2025-12-01;2025-12-08;2025-12-15;2025-12-22,False,7.670412499999884,causal_load_main,day_ahead_planning
2025-12-29,50,08:30,1192.3704166666666,1184.6149999999998,2025-12-01;2025-12-08;2025-12-15;2025-12-22,False,7.755416666666861,causal_load_main,day_ahead_planning
2025-12-29,51,08:40,1197.6174291666666,1193.4311166666666,2025-12-01;2025-12-08;2025-12-15;2025-12-22,False,4.1863124999999854,causal_load_main,day_ahead_planning
2025-12-29,52,08:50,1188.1410291666666,1189.2857166666665,2025-12-01;2025-12-08;2025-12-15;2025-12-22,False,1.1446874999999181,causal_load_main,day_ahead_planning
2025-12-29,53,09:00,1172.6691666666666,1175.7233333333334,2025-12-01;2025-12-08;2025-12-15;2025-12-22,False,3.054166666666788,causal_load_main,day_ahead_planning
2025-12-29,54,09:10,1165.9653333333333,1182.0945666666667,2025-12-01;2025-12-08;2025-12-15;2025-12-22,False,16.12923333333333,causal_load_main,day_ahead_planning
2025-12-29,55,09:20,1169.472925,1184.1822499999998,2025-12-01;2025-12-08;2025-12-15;2025-12-22,False,14.709324999999808,causal_load_main,day_ahead_planning
2025-12-29,56,09:30,1175.4495833333333,1173.8216666666667,2025-12-01;2025-12-08;2025-12-15;2025-12-22,False,1.6279166666665787,causal_load_main,day_ahead_planning
2025-12-29,57,09:40,1175.1783291666666,1167.2072333333333,2025-12-01;2025-12-08;2025-12-15;2025-12-22,False,7.9710958333332655,causal_load_main,day_ahead_planning
2025-12-29,58,09:50,1178.6317458333333,1158.8524666666667,2025-12-01;2025-12-08;2025-12-15;2025-12-22,False,19.779279166666583,causal_load_main,day_ahead_planning
2025-12-29,59,10:00,1190.825833333333,1146.5583333333334,2025-12-01;2025-12-08;2025-12-15;2025-12-22,False,44.2674999999997,causal_load_main,day_ahead_planning
2025-12-29,60,10:10,1202.9564,1138.5881333333332,2025-12-01;2025-12-08;2025-12-15;2025-12-22,False,64.36826666666684,causal_load_main,day_ahead_planning
2025-12-29,61,10:20,1191.33755,1147.4989999999998,2025-12-01;2025-12-08;2025-12-15;2025-12-22,False,43.83855000000017,causal_load_main,day_ahead_planning
2025-12-29,62,10:30,1165.7570833333332,1154.7183333333332,2025-12-01;2025-12-08;2025-12-15;2025-12-22,False,11.038749999999936,causal_load_main,day_ahead_planning
2025-12-29,63,10:40,1159.9361791666665,1131.58575,2025-12-01;2025-12-08;2025-12-15;2025-12-22,False,28.350429166666572,causal_load_main,day_ahead_planning
2025-12-29,64,10:50,1156.177225,1133.5927833333333,2025-12-01;2025-12-08;2025-12-15;2025-12-22,False,22.584441666666635,causal_load_main,day_ahead_planning
2025-12-29,65,11:00,1150.7720833333333,1148.6016666666665,2025-12-01;2025-12-08;2025-12-15;2025-12-22,False,2.1704166666668243,causal_load_main,day_ahead_planning
2025-12-29,66,11:10,1157.9479,1109.9618333333333,2025-12-01;2025-12-08;2025-12-15;2025-12-22,False,47.9860666666666,causal_load_main,day_ahead_planning
2025-12-29,67,11:20,1155.9364416666665,1085.7661333333333,2025-12-01;2025-12-08;2025-12-15;2025-12-22,False,70.1703083333332,causal_load_main,day_ahead_planning
2025-12-29,68,11:30,1142.5795833333332,1104.0166666666667,2025-12-01;2025-12-08;2025-12-15;2025-12-22,False,38.562916666666524,causal_load_main,day_ahead_planning
2025-12-29,69,11:40,1134.3791666666666,1118.2694999999999,2025-12-01;2025-12-08;2025-12-15;2025-12-22,False,16.109666666666726,causal_load_main,day_ahead_planning
2025-12-29,70,11:50,1108.5870916666668,1086.1512833333331,2025-12-01;2025-12-08;2025-12-15;2025-12-22,False,22.435808333333625,causal_load_main,day_ahead_planning
2025-12-29,71,12:00,1072.0058333333332,1031.6383333333333,2025-12-01;2025-12-08;2025-12-15;2025-12-22,False,40.367499999999836,causal_load_main,day_ahead_planning
2025-12-29,72,12:10,1060.1379124999999,1023.3622666666666,2025-12-01;2025-12-08;2025-12-15;2025-12-22,False,36.775645833333215,causal_load_main,day_ahead_planning
2025-12-29,73,12:20,1064.5987083333332,1050.2294333333332,2025-12-01;2025-12-08;2025-12-15;2025-12-22,False,14.369275000000016,causal_load_main,day_ahead_planning
2025-12-29,74,12:30,1066.4004166666666,1073.5816666666665,2025-12-01;2025-12-08;2025-12-15;2025-12-22,False,7.181249999999864,causal_load_main,day_ahead_planning
2025-12-29,75,12:40,1056.7402375,1066.4163333333331,2025-12-01;2025-12-08;2025-12-15;2025-12-22,False,9.676095833333193,causal_load_main,day_ahead_planning
2025-12-29,76,12:50,1062.9028583333334,1073.0124333333333,2025-12-01;2025-12-08;2025-12-15;2025-12-22,False,10.10957499999995,causal_load_main,day_ahead_planning
2025-12-29,77,13:00,1088.5608333333332,1086.4416666666666,2025-12-01;2025-12-08;2025-12-15;2025-12-22,False,2.119166666666615,causal_load_main,day_ahead_planning
2025-12-29,78,13:10,1106.35975,1060.8295166666667,2025-12-01;2025-12-08;2025-12-15;2025-12-22,False,45.5302333333334,causal_load_main,day_ahead_planning
2025-12-29,79,13:20,1096.9470041666664,1066.4923,2025-12-01;2025-12-08;2025-12-15;2025-12-22,False,30.454704166666488,causal_load_main,day_ahead_planning
2025-12-29,80,13:30,1079.9412499999999,1102.565,2025-12-01;2025-12-08;2025-12-15;2025-12-22,False,22.6237500000002,causal_load_main,day_ahead_planning
2025-12-29,81,13:40,1091.7183,1093.8853166666665,2025-12-01;2025-12-08;2025-12-15;2025-12-22,False,2.167016666666541,causal_load_main,day_ahead_planning
2025-12-29,82,13:50,1091.7032,1070.3696166666666,2025-12-01;2025-12-08;2025-12-15;2025-12-22,False,21.33358333333331,causal_load_main,day_ahead_planning
2025-12-29,83,14:00,1075.8674999999998,1050.945,2025-12-01;2025-12-08;2025-12-15;2025-12-22,False,24.9224999999999,causal_load_main,day_ahead_planning
2025-12-29,84,14:10,1081.0928083333333,1031.94495,2025-12-01;2025-12-08;2025-12-15;2025-12-22,False,49.14785833333326,causal_load_main,day_ahead_planning
2025-12-29,85,14:20,1084.2247291666667,1068.0585833333332,2025-12-01;2025-12-08;2025-12-15;2025-12-22,False,16.16614583333353,causal_load_main,day_ahead_planning
2025-12-29,86,14:30,1070.81875,1121.0366666666666,2025-12-01;2025-12-08;2025-12-15;2025-12-22,False,50.217916666666724,causal_load_main,day_ahead_planning
2025-12-29,87,14:40,1053.5006166666667,1090.6898666666666,2025-12-01;2025-12-08;2025-12-15;2025-12-22,False,37.1892499999999,causal_load_main,day_ahead_planning
2025-12-29,88,14:50,1054.4689958333333,1056.8603333333333,2025-12-01;2025-12-08;2025-12-15;2025-12-22,False,2.3913374999999633,causal_load_main,day_ahead_planning
2025-12-29,89,15:00,1067.0416666666665,1054.5083333333332,2025-12-01;2025-12-08;2025-12-15;2025-12-22,False,12.533333333333303,causal_load_main,day_ahead_planning
2025-12-29,90,15:10,1065.5985999999998,1041.6089499999998,2025-12-01;2025-12-08;2025-12-15;2025-12-22,False,23.989649999999983,causal_load_main,day_ahead_planning
2025-12-29,91,15:20,1071.0237625,1031.3833666666665,2025-12-01;2025-12-08;2025-12-15;2025-12-22,False,39.640395833333514,causal_load_main,day_ahead_planning
2025-12-29,92,15:30,1075.8645833333333,1026.4366666666665,2025-12-01;2025-12-08;2025-12-15;2025-12-22,False,49.42791666666676,causal_load_main,day_ahead_planning
2025-12-29,93,15:40,1050.0910291666664,1013.5476833333333,2025-12-01;2025-12-08;2025-12-15;2025-12-22,False,36.54334583333309,causal_load_main,day_ahead_planning
2025-12-29,94,15:50,1032.6383916666664,1016.1885666666667,2025-12-01;2025-12-08;2025-12-15;2025-12-22,False,16.44982499999969,causal_load_main,day_ahead_planning
2025-12-29,95,16:00,1036.034583333333,1028.26,2025-12-01;2025-12-08;2025-12-15;2025-12-22,False,7.774583333333112,causal_load_main,day_ahead_planning
2025-12-29,96,16:10,1034.0585124999998,1022.9881499999999,2025-12-01;2025-12-08;2025-12-15;2025-12-22,False,11.070362499999874,causal_load_main,day_ahead_planning
2025-12-29,97,16:20,1022.4962749999999,1043.26225,2025-12-01;2025-12-08;2025-12-15;2025-12-22,False,20.76597500000014,causal_load_main,day_ahead_planning
2025-12-29,98,16:30,1017.6079166666667,1064.8383333333331,2025-12-01;2025-12-08;2025-12-15;2025-12-22,False,47.23041666666643,causal_load_main,day_ahead_planning
2025-12-29,99,16:40,1035.8496833333331,1022.2883499999999,2025-12-01;2025-12-08;2025-12-15;2025-12-22,False,13.56133333333321,causal_load_main,day_ahead_planning
2025-12-29,100,16:50,1038.7980916666666,1018.9391166666666,2025-12-01;2025-12-08;2025-12-15;2025-12-22,False,19.858974999999987,causal_load_main,day_ahead_planning
2025-12-29,101,17:00,1026.1554166666665,1055.1716666666666,2025-12-01;2025-12-08;2025-12-15;2025-12-22,False,29.016250000000127,causal_load_main,day_ahead_planning
2025-12-29,102,17:10,1032.4138833333332,1027.1490333333331,2025-12-01;2025-12-08;2025-12-15;2025-12-22,False,5.264850000000024,causal_load_main,day_ahead_planning
2025-12-29,103,17:20,1026.1039125,996.0086166666666,2025-12-01;2025-12-08;2025-12-15;2025-12-22,False,30.095295833333353,causal_load_main,day_ahead_planning
2025-12-29,104,17:30,1024.617083333333,1010.5166666666667,2025-12-01;2025-12-08;2025-12-15;2025-12-22,False,14.100416666666433,causal_load_main,day_ahead_planning
2025-12-29,105,17:40,1053.8268291666668,1032.7827,2025-12-01;2025-12-08;2025-12-15;2025-12-22,False,21.044129166666835,causal_load_main,day_ahead_planning
2025-12-29,106,17:50,923.8959708333333,910.4088833333333,2025-12-01;2025-12-08;2025-12-15;2025-12-22,False,13.48708750000003,causal_load_main,day_ahead_planning
2025-12-29,107,18:00,710.0783333333331,718.6883333333333,2025-12-01;2025-12-08;2025-12-15;2025-12-22,False,8.610000000000127,causal_load_main,day_ahead_planning
2025-12-29,108,18:10,695.9436875,697.1832833333333,2025-12-01;2025-12-08;2025-12-15;2025-12-22,False,1.2395958333332828,causal_load_main,day_ahead_planning
2025-12-29,109,18:20,726.9823041666666,725.2232333333333,2025-12-01;2025-12-08;2025-12-15;2025-12-22,False,1.7590708333333396,causal_load_main,day_ahead_planning
2025-12-29,110,18:30,709.2116666666667,715.1733333333333,2025-12-01;2025-12-08;2025-12-15;2025-12-22,False,5.961666666666588,causal_load_main,day_ahead_planning
2025-12-29,111,18:40,707.5878083333332,702.0947333333334,2025-12-01;2025-12-08;2025-12-15;2025-12-22,False,5.4930749999998625,causal_load_main,day_ahead_planning
2025-12-29,112,18:50,727.8191416666666,706.9446166666667,2025-12-01;2025-12-08;2025-12-15;2025-12-22,False,20.87452499999995,causal_load_main,day_ahead_planning
2025-12-29,113,19:00,741.6333333333332,716.8266666666666,2025-12-01;2025-12-08;2025-12-15;2025-12-22,False,24.806666666666615,causal_load_main,day_ahead_planning
2025-12-29,114,19:10,721.1054333333334,705.8755166666666,2025-12-01;2025-12-08;2025-12-15;2025-12-22,False,15.229916666666782,causal_load_main,day_ahead_planning
2025-12-29,115,19:20,706.9579083333333,709.9677166666667,2025-12-01;2025-12-08;2025-12-15;2025-12-22,False,3.0098083333333534,causal_load_main,day_ahead_planning
2025-12-29,116,19:30,716.5795833333333,731.6366666666665,2025-12-01;2025-12-08;2025-12-15;2025-12-22,False,15.057083333333253,causal_load_main,day_ahead_planning
2025-12-29,117,19:40,729.5501166666667,738.3544833333333,2025-12-01;2025-12-08;2025-12-15;2025-12-22,False,8.804366666666624,causal_load_main,day_ahead_planning
2025-12-29,118,19:50,737.0447958333333,751.9125166666665,2025-12-01;2025-12-08;2025-12-15;2025-12-22,False,14.867720833333237,causal_load_main,day_ahead_planning
2025-12-29,119,20:00,735.6745833333333,766.7683333333332,2025-12-01;2025-12-08;2025-12-15;2025-12-22,False,31.093749999999886,causal_load_main,day_ahead_planning
2025-12-29,120,20:10,728.3507291666666,751.7335333333333,2025-12-01;2025-12-08;2025-12-15;2025-12-22,False,23.382804166666688,causal_load_main,day_ahead_planning
2025-12-29,121,20:20,733.5078124999999,737.1333999999999,2025-12-01;2025-12-08;2025-12-15;2025-12-22,False,3.6255875000000515,causal_load_main,day_ahead_planning
2025-12-29,122,20:30,743.4275,730.1099999999999,2025-12-01;2025-12-08;2025-12-15;2025-12-22,False,13.31750000000011,causal_load_main,day_ahead_planning
2025-12-29,123,20:40,732.3517374999999,712.8871999999999,2025-12-01;2025-12-08;2025-12-15;2025-12-22,False,19.464537500000006,causal_load_main,day_ahead_planning
2025-12-29,124,20:50,721.4692749999999,721.2615833333332,2025-12-01;2025-12-08;2025-12-15;2025-12-22,False,0.207691666666733,causal_load_main,day_ahead_planning
2025-12-29,125,21:00,722.7041666666667,740.6283333333333,2025-12-01;2025-12-08;2025-12-15;2025-12-22,False,17.92416666666668,causal_load_main,day_ahead_planning
2025-12-29,126,21:10,725.831375,721.4546,2025-12-01;2025-12-08;2025-12-15;2025-12-22,False,4.376774999999952,causal_load_main,day_ahead_planning
2025-12-29,127,21:20,718.7743083333332,727.4695166666667,2025-12-01;2025-12-08;2025-12-15;2025-12-22,False,8.695208333333426,causal_load_main,day_ahead_planning
2025-12-29,128,21:30,721.5362499999999,762.2683333333332,2025-12-01;2025-12-08;2025-12-15;2025-12-22,False,40.73208333333332,causal_load_main,day_ahead_planning
2025-12-29,129,21:40,749.4479708333333,751.4917833333334,2025-12-01;2025-12-08;2025-12-15;2025-12-22,False,2.043812500000058,causal_load_main,day_ahead_planning
2025-12-29,130,21:50,678.7301416666667,668.5060333333333,2025-12-01;2025-12-08;2025-12-15;2025-12-22,False,10.224108333333334,causal_load_main,day_ahead_planning
2025-12-29,131,22:00,550.9704166666667,566.0833333333333,2025-12-01;2025-12-08;2025-12-15;2025-12-22,False,15.112916666666592,causal_load_main,day_ahead_planning
2025-12-29,132,22:10,540.3696,534.1705833333333,2025-12-01;2025-12-08;2025-12-15;2025-12-22,False,6.199016666666694,causal_load_main,day_ahead_planning
2025-12-29,133,22:20,554.4726083333333,546.3680833333333,2025-12-01;2025-12-08;2025-12-15;2025-12-22,False,8.104524999999967,causal_load_main,day_ahead_planning
2025-12-29,134,22:30,543.1958333333332,567.72,2025-12-01;2025-12-08;2025-12-15;2025-12-22,False,24.524166666666815,causal_load_main,day_ahead_planning
2025-12-29,135,22:40,551.9570833333332,585.0126499999999,2025-12-01;2025-12-08;2025-12-15;2025-12-22,False,33.055566666666664,causal_load_main,day_ahead_planning
2025-12-29,136,22:50,564.12405,587.2442,2025-12-01;2025-12-08;2025-12-15;2025-12-22,False,23.120149999999967,causal_load_main,day_ahead_planning
2025-12-29,137,23:00,566.7879166666665,570.275,2025-12-01;2025-12-08;2025-12-15;2025-12-22,False,3.4870833333334303,causal_load_main,day_ahead_planning
2025-12-29,138,23:10,566.360475,544.71575,2025-12-01;2025-12-08;2025-12-15;2025-12-22,False,21.644724999999994,causal_load_main,day_ahead_planning
2025-12-29,139,23:20,565.0126791666667,551.2064666666666,2025-12-01;2025-12-08;2025-12-15;2025-12-22,False,13.806212500000015,causal_load_main,day_ahead_planning
2025-12-29,140,23:30,570.6870833333332,574.1016666666667,2025-12-01;2025-12-08;2025-12-15;2025-12-22,False,3.4145833333334394,causal_load_main,day_ahead_planning
2025-12-29,141,23:40,590.1759666666667,563.19345,2025-12-01;2025-12-08;2025-12-15;2025-12-22,False,26.982516666666697,causal_load_main,day_ahead_planning
2025-12-29,142,23:50,598.6174166666667,580.4439666666666,2025-12-01;2025-12-08;2025-12-15;2025-12-22,False,18.173450000000116,causal_load_main,day_ahead_planning
2025-12-29,143,0:00+1,589.8591666666666,615.0066666666667,2025-12-01;2025-12-08;2025-12-15;2025-12-22,False,25.147500000000036,causal_load_main,day_ahead_planning
2025-12-30,0,00:10,584.3880666666666,592.9046166666667,2025-12-02;2025-12-09;2025-12-16;2025-12-23,False,8.516550000000052,causal_load_main,day_ahead_planning
2025-12-30,1,00:20,600.8234166666666,589.4710833333334,2025-12-02;2025-12-09;2025-12-16;2025-12-23,False,11.352333333333263,causal_load_main,day_ahead_planning
2025-12-30,2,00:30,620.145,618.9816666666666,2025-12-02;2025-12-09;2025-12-16;2025-12-23,False,1.1633333333334122,causal_load_main,day_ahead_planning
2025-12-30,3,00:40,605.5857541666667,613.9485166666666,2025-12-02;2025-12-09;2025-12-16;2025-12-23,False,8.362762499999917,causal_load_main,day_ahead_planning
2025-12-30,4,00:50,595.0444291666665,578.8993833333333,2025-12-02;2025-12-09;2025-12-16;2025-12-23,False,16.145045833333256,causal_load_main,day_ahead_planning
2025-12-30,5,01:00,603.0970833333332,561.6783333333333,2025-12-02;2025-12-09;2025-12-16;2025-12-23,False,41.41874999999993,causal_load_main,day_ahead_planning
2025-12-30,6,01:10,607.9784041666667,604.7397833333333,2025-12-02;2025-12-09;2025-12-16;2025-12-23,False,3.238620833333357,causal_load_main,day_ahead_planning
2025-12-30,7,01:20,611.8410875,635.5554333333333,2025-12-02;2025-12-09;2025-12-16;2025-12-23,False,23.71434583333337,causal_load_main,day_ahead_planning
2025-12-30,8,01:30,616.5866666666666,631.1016666666667,2025-12-02;2025-12-09;2025-12-16;2025-12-23,False,14.5150000000001,causal_load_main,day_ahead_planning
2025-12-30,9,01:40,620.2317041666666,634.26135,2025-12-02;2025-12-09;2025-12-16;2025-12-23,False,14.029645833333348,causal_load_main,day_ahead_planning
2025-12-30,10,01:50,631.2870583333333,638.1690333333333,2025-12-02;2025-12-09;2025-12-16;2025-12-23,False,6.881975000000011,causal_load_main,day_ahead_planning
2025-12-30,11,02:00,643.85375,638.3966666666666,2025-12-02;2025-12-09;2025-12-16;2025-12-23,False,5.457083333333344,causal_load_main,day_ahead_planning
2025-12-30,12,02:10,641.9201958333333,641.8571499999999,2025-12-02;2025-12-09;2025-12-16;2025-12-23,False,0.06304583333337632,causal_load_main,day_ahead_planning
2025-12-30,13,02:20,637.1072833333333,638.7918999999999,2025-12-02;2025-12-09;2025-12-16;2025-12-23,False,1.6846166666666704,causal_load_main,day_ahead_planning
2025-12-30,14,02:30,640.2845833333333,635.9033333333333,2025-12-02;2025-12-09;2025-12-16;2025-12-23,False,4.381250000000023,causal_load_main,day_ahead_planning
2025-12-30,15,02:40,651.2661458333332,648.3234,2025-12-02;2025-12-09;2025-12-16;2025-12-23,False,2.9427458333332197,causal_load_main,day_ahead_planning
2025-12-30,16,02:50,657.6765666666668,643.6561166666667,2025-12-02;2025-12-09;2025-12-16;2025-12-23,False,14.020450000000096,causal_load_main,day_ahead_planning
2025-12-30,17,03:00,658.8054166666666,622.02,2025-12-02;2025-12-09;2025-12-16;2025-12-23,False,36.785416666666606,causal_load_main,day_ahead_planning
2025-12-30,18,03:10,664.8448958333333,620.1137166666666,2025-12-02;2025-12-09;2025-12-16;2025-12-23,False,44.73117916666672,causal_load_main,day_ahead_planning
2025-12-30,19,03:20,671.2780458333332,641.4502,2025-12-02;2025-12-09;2025-12-16;2025-12-23,False,29.827845833333186,causal_load_main,day_ahead_planning
2025-12-30,20,03:30,673.9541666666667,657.8599999999999,2025-12-02;2025-12-09;2025-12-16;2025-12-23,False,16.09416666666675,causal_load_main,day_ahead_planning
2025-12-30,21,03:40,673.3135374999999,641.6583166666667,2025-12-02;2025-12-09;2025-12-16;2025-12-23,False,31.65522083333326,causal_load_main,day_ahead_planning
2025-12-30,22,03:50,671.3121791666666,654.8279666666666,2025-12-02;2025-12-09;2025-12-16;2025-12-23,False,16.484212500000012,causal_load_main,day_ahead_planning
2025-12-30,23,04:00,669.52875,694.355,2025-12-02;2025-12-09;2025-12-16;2025-12-23,False,24.826250000000073,causal_load_main,day_ahead_planning
2025-12-30,24,04:10,668.9850166666666,692.4546499999999,2025-12-02;2025-12-09;2025-12-16;2025-12-23,False,23.469633333333263,causal_load_main,day_ahead_planning
2025-12-30,25,04:20,671.5589541666666,672.3932333333332,2025-12-02;2025-12-09;2025-12-16;2025-12-23,False,0.8342791666666471,causal_load_main,day_ahead_planning
2025-12-30,26,04:30,684.8895833333332,669.1866666666666,2025-12-02;2025-12-09;2025-12-16;2025-12-23,False,15.702916666666624,causal_load_main,day_ahead_planning
2025-12-30,27,04:40,710.5329875,690.5360499999999,2025-12-02;2025-12-09;2025-12-16;2025-12-23,False,19.996937500000058,causal_load_main,day_ahead_planning
2025-12-30,28,04:50,706.3765791666666,686.2985666666666,2025-12-02;2025-12-09;2025-12-16;2025-12-23,False,20.0780125,causal_load_main,day_ahead_planning
2025-12-30,29,05:00,683.4770833333332,671.8399999999999,2025-12-02;2025-12-09;2025-12-16;2025-12-23,False,11.637083333333294,causal_load_main,day_ahead_planning
2025-12-30,30,05:10,694.5069541666666,707.0986833333333,2025-12-02;2025-12-09;2025-12-16;2025-12-23,False,12.59172916666671,causal_load_main,day_ahead_planning
2025-12-30,31,05:20,703.23875,715.0896833333333,2025-12-02;2025-12-09;2025-12-16;2025-12-23,False,11.850933333333273,causal_load_main,day_ahead_planning
2025-12-30,32,05:30,678.4179166666667,677.8583333333333,2025-12-02;2025-12-09;2025-12-16;2025-12-23,False,0.5595833333333076,causal_load_main,day_ahead_planning
2025-12-30,33,05:40,646.1318958333334,669.5525166666666,2025-12-02;2025-12-09;2025-12-16;2025-12-23,False,23.42062083333326,causal_load_main,day_ahead_planning
2025-12-30,34,05:50,740.3793166666667,751.1839499999999,2025-12-02;2025-12-09;2025-12-16;2025-12-23,False,10.804633333333186,causal_load_main,day_ahead_planning
2025-12-30,35,06:00,897.8408333333333,865.8583333333332,2025-12-02;2025-12-09;2025-12-16;2025-12-23,False,31.982500000000073,causal_load_main,day_ahead_planning
2025-12-30,36,06:10,912.9616666666667,889.4079166666667,2025-12-02;2025-12-09;2025-12-16;2025-12-23,False,23.553750000000036,causal_load_main,day_ahead_planning
2025-12-30,37,06:20,900.8594833333333,880.17995,2025-12-02;2025-12-09;2025-12-16;2025-12-23,False,20.679533333333325,causal_load_main,day_ahead_planning
2025-12-30,38,06:30,914.9970833333332,881.0416666666666,2025-12-02;2025-12-09;2025-12-16;2025-12-23,False,33.955416666666565,causal_load_main,day_ahead_planning
2025-12-30,39,06:40,892.6028291666667,875.4561333333332,2025-12-02;2025-12-09;2025-12-16;2025-12-23,False,17.14669583333341,causal_load_main,day_ahead_planning
2025-12-30,40,06:50,880.1569499999999,859.6288833333333,2025-12-02;2025-12-09;2025-12-16;2025-12-23,False,20.528066666666632,causal_load_main,day_ahead_planning
2025-12-30,41,07:00,885.9666666666666,854.8083333333334,2025-12-02;2025-12-09;2025-12-16;2025-12-23,False,31.15833333333319,causal_load_main,day_ahead_planning
2025-12-30,42,07:10,873.2789,887.4185666666667,2025-12-02;2025-12-09;2025-12-16;2025-12-23,False,14.139666666666699,causal_load_main,day_ahead_planning
2025-12-30,43,07:20,889.0691291666667,920.1333166666666,2025-12-02;2025-12-09;2025-12-16;2025-12-23,False,31.06418749999989,causal_load_main,day_ahead_planning
2025-12-30,44,07:30,903.7829166666666,904.8,2025-12-02;2025-12-09;2025-12-16;2025-12-23,False,1.017083333333403,causal_load_main,day_ahead_planning
2025-12-30,45,07:40,863.0592166666667,852.1745166666666,2025-12-02;2025-12-09;2025-12-16;2025-12-23,False,10.884700000000066,causal_load_main,day_ahead_planning
2025-12-30,46,07:50,990.1196666666667,972.7105666666666,2025-12-02;2025-12-09;2025-12-16;2025-12-23,False,17.40910000000008,causal_load_main,day_ahead_planning
2025-12-30,47,08:00,1214.94625,1195.4783333333332,2025-12-02;2025-12-09;2025-12-16;2025-12-23,False,19.467916666666724,causal_load_main,day_ahead_planning
2025-12-30,48,08:10,1224.7894291666667,1221.1233333333332,2025-12-02;2025-12-09;2025-12-16;2025-12-23,False,3.6660958333334293,causal_load_main,day_ahead_planning
2025-12-30,49,08:20,1182.9625666666666,1157.8154666666665,2025-12-02;2025-12-09;2025-12-16;2025-12-23,False,25.147100000000137,causal_load_main,day_ahead_planning
2025-12-30,50,08:30,1196.7770833333334,1133.3783333333333,2025-12-02;2025-12-09;2025-12-16;2025-12-23,False,63.398750000000064,causal_load_main,day_ahead_planning
2025-12-30,51,08:40,1205.4776291666667,1162.3723666666665,2025-12-02;2025-12-09;2025-12-16;2025-12-23,False,43.10526250000021,causal_load_main,day_ahead_planning
2025-12-30,52,08:50,1193.1362291666665,1155.7912999999999,2025-12-02;2025-12-09;2025-12-16;2025-12-23,False,37.34492916666659,causal_load_main,day_ahead_planning
2025-12-30,53,09:00,1180.5729166666665,1136.5349999999999,2025-12-02;2025-12-09;2025-12-16;2025-12-23,False,44.03791666666666,causal_load_main,day_ahead_planning
2025-12-30,54,09:10,1192.9466625,1203.2225833333332,2025-12-02;2025-12-09;2025-12-16;2025-12-23,False,10.275920833333203,causal_load_main,day_ahead_planning
2025-12-30,55,09:20,1181.6714625,1218.0454166666666,2025-12-02;2025-12-09;2025-12-16;2025-12-23,False,36.373954166666636,causal_load_main,day_ahead_planning
2025-12-30,56,09:30,1152.1583333333333,1167.1366666666665,2025-12-02;2025-12-09;2025-12-16;2025-12-23,False,14.97833333333324,causal_load_main,day_ahead_planning
2025-12-30,57,09:40,1160.1955166666667,1175.6121666666666,2025-12-02;2025-12-09;2025-12-16;2025-12-23,False,15.41664999999989,causal_load_main,day_ahead_planning
2025-12-30,58,09:50,1173.7236541666666,1189.2364333333333,2025-12-02;2025-12-09;2025-12-16;2025-12-23,False,15.512779166666633,causal_load_main,day_ahead_planning
2025-12-30,59,10:00,1170.0670833333334,1173.5416666666665,2025-12-02;2025-12-09;2025-12-16;2025-12-23,False,3.4745833333331575,causal_load_main,day_ahead_planning
2025-12-30,60,10:10,1160.4218041666668,1155.1169,2025-12-02;2025-12-09;2025-12-16;2025-12-23,False,5.304904166666802,causal_load_main,day_ahead_planning
2025-12-30,61,10:20,1161.783758333333,1138.6829166666666,2025-12-02;2025-12-09;2025-12-16;2025-12-23,False,23.100841666666383,causal_load_main,day_ahead_planning
2025-12-30,62,10:30,1167.0083333333332,1132.7333333333331,2025-12-02;2025-12-09;2025-12-16;2025-12-23,False,34.27500000000009,causal_load_main,day_ahead_planning
2025-12-30,63,10:40,1155.3982083333335,1145.5191833333333,2025-12-02;2025-12-09;2025-12-16;2025-12-23,False,9.879025000000183,causal_load_main,day_ahead_planning
2025-12-30,64,10:50,1151.4938624999998,1146.3754333333331,2025-12-02;2025-12-09;2025-12-16;2025-12-23,False,5.118429166666601,causal_load_main,day_ahead_planning
2025-12-30,65,11:00,1157.2791666666667,1138.9883333333332,2025-12-02;2025-12-09;2025-12-16;2025-12-23,False,18.290833333333467,causal_load_main,day_ahead_planning
2025-12-30,66,11:10,1150.2508083333332,1157.10685,2025-12-02;2025-12-09;2025-12-16;2025-12-23,False,6.85604166666667,causal_load_main,day_ahead_planning
2025-12-30,67,11:20,1145.6631166666666,1178.58215,2025-12-02;2025-12-09;2025-12-16;2025-12-23,False,32.919033333333346,causal_load_main,day_ahead_planning
2025-12-30,68,11:30,1148.8575,1180.6983333333333,2025-12-02;2025-12-09;2025-12-16;2025-12-23,False,31.840833333333194,causal_load_main,day_ahead_planning
2025-12-30,69,11:40,1143.4633374999999,1154.4624999999999,2025-12-02;2025-12-09;2025-12-16;2025-12-23,False,10.999162500000011,causal_load_main,day_ahead_planning
2025-12-30,70,11:50,1107.2083874999998,1092.2891666666665,2025-12-02;2025-12-09;2025-12-16;2025-12-23,False,14.919220833333384,causal_load_main,day_ahead_planning
2025-12-30,71,12:00,1062.8899999999999,1034.2783333333332,2025-12-02;2025-12-09;2025-12-16;2025-12-23,False,28.61166666666668,causal_load_main,day_ahead_planning
2025-12-30,72,12:10,1060.7324041666666,1040.5128333333332,2025-12-02;2025-12-09;2025-12-16;2025-12-23,False,20.219570833333364,causal_load_main,day_ahead_planning
2025-12-30,73,12:20,1075.9566,1062.6727666666666,2025-12-02;2025-12-09;2025-12-16;2025-12-23,False,13.283833333333405,causal_load_main,day_ahead_planning
2025-12-30,74,12:30,1078.225,1061.485,2025-12-02;2025-12-09;2025-12-16;2025-12-23,False,16.74000000000001,causal_load_main,day_ahead_planning
2025-12-30,75,12:40,1062.0557333333331,1045.6017833333333,2025-12-02;2025-12-09;2025-12-16;2025-12-23,False,16.45394999999985,causal_load_main,day_ahead_planning
2025-12-30,76,12:50,1064.6192958333331,1065.0340833333332,2025-12-02;2025-12-09;2025-12-16;2025-12-23,False,0.4147875000001022,causal_load_main,day_ahead_planning
2025-12-30,77,13:00,1088.8883333333333,1096.3366666666666,2025-12-02;2025-12-09;2025-12-16;2025-12-23,False,7.448333333333267,causal_load_main,day_ahead_planning
2025-12-30,78,13:10,1100.7339749999999,1071.9711499999999,2025-12-02;2025-12-09;2025-12-16;2025-12-23,False,28.76282500000002,causal_load_main,day_ahead_planning
2025-12-30,79,13:20,1096.7923999999998,1076.0979166666666,2025-12-02;2025-12-09;2025-12-16;2025-12-23,False,20.69448333333321,causal_load_main,day_ahead_planning
2025-12-30,80,13:30,1089.3858333333333,1106.585,2025-12-02;2025-12-09;2025-12-16;2025-12-23,False,17.19916666666677,causal_load_main,day_ahead_planning
2025-12-30,81,13:40,1093.7848833333333,1077.0177166666667,2025-12-02;2025-12-09;2025-12-16;2025-12-23,False,16.767166666666526,causal_load_main,day_ahead_planning
2025-12-30,82,13:50,1106.6134291666665,1059.9721333333332,2025-12-02;2025-12-09;2025-12-16;2025-12-23,False,46.64129583333329,causal_load_main,day_ahead_planning
2025-12-30,83,14:00,1110.0495833333332,1068.7749999999999,2025-12-02;2025-12-09;2025-12-16;2025-12-23,False,41.27458333333334,causal_load_main,day_ahead_planning
2025-12-30,84,14:10,1088.8508083333334,1045.8216333333332,2025-12-02;2025-12-09;2025-12-16;2025-12-23,False,43.02917500000012,causal_load_main,day_ahead_planning
2025-12-30,85,14:20,1075.268725,1047.6284666666666,2025-12-02;2025-12-09;2025-12-16;2025-12-23,False,27.64025833333335,causal_load_main,day_ahead_planning
2025-12-30,86,14:30,1076.4541666666664,1077.5066666666667,2025-12-02;2025-12-09;2025-12-16;2025-12-23,False,1.0525000000002365,causal_load_main,day_ahead_planning
2025-12-30,87,14:40,1069.9963916666666,1075.4118833333332,2025-12-02;2025-12-09;2025-12-16;2025-12-23,False,5.4154916666666395,causal_load_main,day_ahead_planning
2025-12-30,88,14:50,1062.8986208333333,1058.6377499999999,2025-12-02;2025-12-09;2025-12-16;2025-12-23,False,4.260870833333456,causal_load_main,day_ahead_planning
2025-12-30,89,15:00,1054.8345833333333,1051.2033333333334,2025-12-02;2025-12-09;2025-12-16;2025-12-23,False,3.631249999999909,causal_load_main,day_ahead_planning
2025-12-30,90,15:10,1038.3059958333333,1054.6480833333333,2025-12-02;2025-12-09;2025-12-16;2025-12-23,False,16.342087499999934,causal_load_main,day_ahead_planning
2025-12-30,91,15:20,1036.165325,1036.9997833333332,2025-12-02;2025-12-09;2025-12-16;2025-12-23,False,0.8344583333332594,causal_load_main,day_ahead_planning
2025-12-30,92,15:30,1048.9187499999998,1011.0466666666666,2025-12-02;2025-12-09;2025-12-16;2025-12-23,False,37.872083333333194,causal_load_main,day_ahead_planning
2025-12-30,93,15:40,1051.3213583333331,1023.9481166666666,2025-12-02;2025-12-09;2025-12-16;2025-12-23,False,27.37324166666656,causal_load_main,day_ahead_planning
2025-12-30,94,15:50,1036.551783333333,1048.8723333333332,2025-12-02;2025-12-09;2025-12-16;2025-12-23,False,12.32055000000014,causal_load_main,day_ahead_planning
2025-12-30,95,16:00,1026.1341666666667,1050.9066666666665,2025-12-02;2025-12-09;2025-12-16;2025-12-23,False,24.77249999999981,causal_load_main,day_ahead_planning
2025-12-30,96,16:10,1046.3973958333333,1021.2528166666666,2025-12-02;2025-12-09;2025-12-16;2025-12-23,False,25.144579166666745,causal_load_main,day_ahead_planning
2025-12-30,97,16:20,1051.7181541666666,1009.3725333333333,2025-12-02;2025-12-09;2025-12-16;2025-12-23,False,42.34562083333333,causal_load_main,day_ahead_planning
2025-12-30,98,16:30,1034.2866666666666,1029.12,2025-12-02;2025-12-09;2025-12-16;2025-12-23,False,5.1666666666667425,causal_load_main,day_ahead_planning
2025-12-30,99,16:40,1030.2818125,1045.7914666666666,2025-12-02;2025-12-09;2025-12-16;2025-12-23,False,15.509654166666678,causal_load_main,day_ahead_planning
2025-12-30,100,16:50,1028.5802166666667,1032.6408499999998,2025-12-02;2025-12-09;2025-12-16;2025-12-23,False,4.060633333333044,causal_load_main,day_ahead_planning
2025-12-30,101,17:00,1027.878333333333,1010.56,2025-12-02;2025-12-09;2025-12-16;2025-12-23,False,17.318333333333157,causal_load_main,day_ahead_planning
2025-12-30,102,17:10,1039.6077958333333,1020.7374666666666,2025-12-02;2025-12-09;2025-12-16;2025-12-23,False,18.870329166666693,causal_load_main,day_ahead_planning
2025-12-30,103,17:20,1039.2588333333333,1009.62115,2025-12-02;2025-12-09;2025-12-16;2025-12-23,False,29.63768333333337,causal_load_main,day_ahead_planning
2025-12-30,104,17:30,1042.31,1001.0916666666667,2025-12-02;2025-12-09;2025-12-16;2025-12-23,False,41.21833333333325,causal_load_main,day_ahead_planning
2025-12-30,105,17:40,1063.290325,1048.0230833333333,2025-12-02;2025-12-09;2025-12-16;2025-12-23,False,15.267241666666678,causal_load_main,day_ahead_planning
2025-12-30,106,17:50,929.2844833333332,928.7395333333334,2025-12-02;2025-12-09;2025-12-16;2025-12-23,False,0.5449499999998579,causal_load_main,day_ahead_planning
2025-12-30,107,18:00,720.88875,714.2183333333334,2025-12-02;2025-12-09;2025-12-16;2025-12-23,False,6.670416666666597,causal_load_main,day_ahead_planning
2025-12-30,108,18:10,711.3622833333333,713.7955499999999,2025-12-02;2025-12-09;2025-12-16;2025-12-23,False,2.4332666666666682,causal_load_main,day_ahead_planning
2025-12-30,109,18:20,748.3048458333333,749.93225,2025-12-02;2025-12-09;2025-12-16;2025-12-23,False,1.627404166666679,causal_load_main,day_ahead_planning
2025-12-30,110,18:30,736.655,731.3883333333333,2025-12-02;2025-12-09;2025-12-16;2025-12-23,False,5.2666666666666515,causal_load_main,day_ahead_planning
2025-12-30,111,18:40,733.7470374999999,745.0755833333333,2025-12-02;2025-12-09;2025-12-16;2025-12-23,False,11.32854583333335,causal_load_main,day_ahead_planning
2025-12-30,112,18:50,738.2567166666666,745.3227833333333,2025-12-02;2025-12-09;2025-12-16;2025-12-23,False,7.066066666666643,causal_load_main,day_ahead_planning
2025-12-30,113,19:00,732.3570833333333,714.9083333333333,2025-12-02;2025-12-09;2025-12-16;2025-12-23,False,17.448750000000018,causal_load_main,day_ahead_planning
2025-12-30,114,19:10,710.4942416666665,695.8001999999999,2025-12-02;2025-12-09;2025-12-16;2025-12-23,False,14.694041666666635,causal_load_main,day_ahead_planning
2025-12-30,115,19:20,713.8871333333333,709.2293999999999,2025-12-02;2025-12-09;2025-12-16;2025-12-23,False,4.65773333333334,causal_load_main,day_ahead_planning
2025-12-30,116,19:30,742.4795833333333,729.6916666666666,2025-12-02;2025-12-09;2025-12-16;2025-12-23,False,12.78791666666666,causal_load_main,day_ahead_planning
2025-12-30,117,19:40,751.3679458333332,714.6216999999999,2025-12-02;2025-12-09;2025-12-16;2025-12-23,False,36.74624583333332,causal_load_main,day_ahead_planning
2025-12-30,118,19:50,729.5242291666666,713.5407,2025-12-02;2025-12-09;2025-12-16;2025-12-23,False,15.983529166666585,causal_load_main,day_ahead_planning
2025-12-30,119,20:00,706.63875,729.7516666666667,2025-12-02;2025-12-09;2025-12-16;2025-12-23,False,23.112916666666706,causal_load_main,day_ahead_planning
2025-12-30,120,20:10,722.3564041666666,718.30675,2025-12-02;2025-12-09;2025-12-16;2025-12-23,False,4.049654166666642,causal_load_main,day_ahead_planning
2025-12-30,121,20:20,731.7760499999999,717.3531666666665,2025-12-02;2025-12-09;2025-12-16;2025-12-23,False,14.422883333333402,causal_load_main,day_ahead_planning
2025-12-30,122,20:30,720.9470833333332,726.1499999999999,2025-12-02;2025-12-09;2025-12-16;2025-12-23,False,5.202916666666624,causal_load_main,day_ahead_planning
2025-12-30,123,20:40,719.9648416666666,705.1658833333332,2025-12-02;2025-12-09;2025-12-16;2025-12-23,False,14.798958333333417,causal_load_main,day_ahead_planning
2025-12-30,124,20:50,725.6603499999999,699.1399333333334,2025-12-02;2025-12-09;2025-12-16;2025-12-23,False,26.520416666666506,causal_load_main,day_ahead_planning
2025-12-30,125,21:00,732.6166666666666,722.7183333333334,2025-12-02;2025-12-09;2025-12-16;2025-12-23,False,9.898333333333198,causal_load_main,day_ahead_planning
2025-12-30,126,21:10,739.634125,742.0147833333333,2025-12-02;2025-12-09;2025-12-16;2025-12-23,False,2.3806583333332583,causal_load_main,day_ahead_planning
2025-12-30,127,21:20,737.0136208333332,738.2337833333332,2025-12-02;2025-12-09;2025-12-16;2025-12-23,False,1.220162500000015,causal_load_main,day_ahead_planning
2025-12-30,128,21:30,740.3570833333333,740.6499999999999,2025-12-02;2025-12-09;2025-12-16;2025-12-23,False,0.29291666666654237,causal_load_main,day_ahead_planning
2025-12-30,129,21:40,759.8273166666665,774.0599,2025-12-02;2025-12-09;2025-12-16;2025-12-23,False,14.232583333333423,causal_load_main,day_ahead_planning
2025-12-30,130,21:50,682.1743749999999,682.0935833333333,2025-12-02;2025-12-09;2025-12-16;2025-12-23,False,0.0807916666666415,causal_load_main,day_ahead_planning
2025-12-30,131,22:00,552.7129166666666,527.8299999999999,2025-12-02;2025-12-09;2025-12-16;2025-12-23,False,24.882916666666688,causal_load_main,day_ahead_planning
2025-12-30,132,22:10,540.6431208333333,542.6760999999999,2025-12-02;2025-12-09;2025-12-16;2025-12-23,False,2.032979166666564,causal_load_main,day_ahead_planning
2025-12-30,133,22:20,556.5677833333333,578.2165333333332,2025-12-02;2025-12-09;2025-12-16;2025-12-23,False,21.64874999999995,causal_load_main,day_ahead_planning
2025-12-30,134,22:30,552.1970833333332,564.4716666666666,2025-12-02;2025-12-09;2025-12-16;2025-12-23,False,12.27458333333334,causal_load_main,day_ahead_planning
2025-12-30,135,22:40,567.170425,578.0523833333333,2025-12-02;2025-12-09;2025-12-16;2025-12-23,False,10.881958333333273,causal_load_main,day_ahead_planning
2025-12-30,136,22:50,564.2810625,579.49035,2025-12-02;2025-12-09;2025-12-16;2025-12-23,False,15.209287500000073,causal_load_main,day_ahead_planning
2025-12-30,137,23:00,549.6929166666666,561.6433333333333,2025-12-02;2025-12-09;2025-12-16;2025-12-23,False,11.950416666666683,causal_load_main,day_ahead_planning
2025-12-30,138,23:10,570.2065833333334,562.54365,2025-12-02;2025-12-09;2025-12-16;2025-12-23,False,7.662933333333399,causal_load_main,day_ahead_planning
2025-12-30,139,23:20,582.6226666666666,550.5929166666666,2025-12-02;2025-12-09;2025-12-16;2025-12-23,False,32.029750000000035,causal_load_main,day_ahead_planning
2025-12-30,140,23:30,577.93125,539.8983333333333,2025-12-02;2025-12-09;2025-12-16;2025-12-23,False,38.032916666666665,causal_load_main,day_ahead_planning
2025-12-30,141,23:40,589.028375,576.31255,2025-12-02;2025-12-09;2025-12-16;2025-12-23,False,12.715824999999995,causal_load_main,day_ahead_planning
2025-12-30,142,23:50,588.9188791666666,582.5886333333333,2025-12-02;2025-12-09;2025-12-16;2025-12-23,False,6.330245833333265,causal_load_main,day_ahead_planning
2025-12-30,143,0:00+1,581.54125,567.2283333333332,2025-12-02;2025-12-09;2025-12-16;2025-12-23,False,14.312916666666752,causal_load_main,day_ahead_planning
2025-12-31,0,00:10,600.5176833333333,609.6642833333333,2025-12-03;2025-12-10;2025-12-17;2025-12-24,False,9.146600000000035,causal_load_main,day_ahead_planning
2025-12-31,1,00:20,613.6635041666666,610.65375,2025-12-03;2025-12-10;2025-12-17;2025-12-24,False,3.009754166666653,causal_load_main,day_ahead_planning
2025-12-31,2,00:30,608.38375,572.8816666666667,2025-12-03;2025-12-10;2025-12-17;2025-12-24,False,35.5020833333333,causal_load_main,day_ahead_planning
2025-12-31,3,00:40,602.922475,597.2934666666666,2025-12-03;2025-12-10;2025-12-17;2025-12-24,False,5.629008333333331,causal_load_main,day_ahead_planning
2025-12-31,4,00:50,593.6179541666667,592.7615166666667,2025-12-03;2025-12-10;2025-12-17;2025-12-24,False,0.85643749999997,causal_load_main,day_ahead_planning
2025-12-31,5,01:00,592.53,564.65,2025-12-03;2025-12-10;2025-12-17;2025-12-24,False,27.879999999999995,causal_load_main,day_ahead_planning
2025-12-31,6,01:10,618.3504833333333,610.16805,2025-12-03;2025-12-10;2025-12-17;2025-12-24,False,8.182433333333279,causal_load_main,day_ahead_planning
2025-12-31,7,01:20,631.7265458333334,616.9448166666666,2025-12-03;2025-12-10;2025-12-17;2025-12-24,False,14.781729166666764,causal_load_main,day_ahead_planning
2025-12-31,8,01:30,620.0962499999999,591.0799999999999,2025-12-03;2025-12-10;2025-12-17;2025-12-24,False,29.016250000000014,causal_load_main,day_ahead_planning
2025-12-31,9,01:40,609.9715749999999,650.0234333333333,2025-12-03;2025-12-10;2025-12-17;2025-12-24,False,40.05185833333337,causal_load_main,day_ahead_planning
2025-12-31,10,01:50,617.2291583333333,673.7977999999999,2025-12-03;2025-12-10;2025-12-17;2025-12-24,False,56.56864166666662,causal_load_main,day_ahead_planning
2025-12-31,11,02:00,637.0370833333333,641.7366666666667,2025-12-03;2025-12-10;2025-12-17;2025-12-24,False,4.699583333333408,causal_load_main,day_ahead_planning
2025-12-31,12,02:10,649.5555291666667,653.7388666666666,2025-12-03;2025-12-10;2025-12-17;2025-12-24,False,4.18333749999988,causal_load_main,day_ahead_planning
2025-12-31,13,02:20,645.9601958333333,653.3213333333333,2025-12-03;2025-12-10;2025-12-17;2025-12-24,False,7.361137500000041,causal_load_main,day_ahead_planning
2025-12-31,14,02:30,635.71875,625.2516666666667,2025-12-03;2025-12-10;2025-12-17;2025-12-24,False,10.467083333333335,causal_load_main,day_ahead_planning
2025-12-31,15,02:40,636.9878249999999,624.6094333333333,2025-12-03;2025-12-10;2025-12-17;2025-12-24,False,12.37839166666663,causal_load_main,day_ahead_planning
2025-12-31,16,02:50,641.7607833333333,657.7527166666666,2025-12-03;2025-12-10;2025-12-17;2025-12-24,False,15.99193333333335,causal_load_main,day_ahead_planning
2025-12-31,17,03:00,645.7812499999999,683.2049999999999,2025-12-03;2025-12-10;2025-12-17;2025-12-24,False,37.42375000000004,causal_load_main,day_ahead_planning
2025-12-31,18,03:10,653.2163625000001,653.3148333333334,2025-12-03;2025-12-10;2025-12-17;2025-12-24,False,0.09847083333329465,causal_load_main,day_ahead_planning
2025-12-31,19,03:20,660.0729375,631.9474833333334,2025-12-03;2025-12-10;2025-12-17;2025-12-24,False,28.1254541666666,causal_load_main,day_ahead_planning
2025-12-31,20,03:30,659.8495833333333,647.72,2025-12-03;2025-12-10;2025-12-17;2025-12-24,False,12.129583333333244,causal_load_main,day_ahead_planning
2025-12-31,21,03:40,652.9499833333333,665.5439333333334,2025-12-03;2025-12-10;2025-12-17;2025-12-24,False,12.593950000000063,causal_load_main,day_ahead_planning
2025-12-31,22,03:50,666.9173499999999,652.00725,2025-12-03;2025-12-10;2025-12-17;2025-12-24,False,14.910099999999943,causal_load_main,day_ahead_planning
2025-12-31,23,04:00,693.0074999999999,630.8149999999999,2025-12-03;2025-12-10;2025-12-17;2025-12-24,False,62.192499999999995,causal_load_main,day_ahead_planning
2025-12-31,24,04:10,693.8909249999999,654.5747166666666,2025-12-03;2025-12-10;2025-12-17;2025-12-24,False,39.31620833333329,causal_load_main,day_ahead_planning
2025-12-31,25,04:20,689.1833208333333,670.2945833333333,2025-12-03;2025-12-10;2025-12-17;2025-12-24,False,18.888737499999934,causal_load_main,day_ahead_planning
2025-12-31,26,04:30,690.0483333333333,661.4499999999999,2025-12-03;2025-12-10;2025-12-17;2025-12-24,False,28.598333333333358,causal_load_main,day_ahead_planning
2025-12-31,27,04:40,687.5566999999999,666.2476166666667,2025-12-03;2025-12-10;2025-12-17;2025-12-24,False,21.309083333333206,causal_load_main,day_ahead_planning
2025-12-31,28,04:50,684.9031125,687.7372999999999,2025-12-03;2025-12-10;2025-12-17;2025-12-24,False,2.834187499999871,causal_load_main,day_ahead_planning
2025-12-31,29,05:00,685.13,716.0283333333333,2025-12-03;2025-12-10;2025-12-17;2025-12-24,False,30.898333333333312,causal_load_main,day_ahead_planning
2025-12-31,30,05:10,688.7910541666665,735.0580666666666,2025-12-03;2025-12-10;2025-12-17;2025-12-24,False,46.26701250000008,causal_load_main,day_ahead_planning
2025-12-31,31,05:20,699.4193916666666,719.2062999999999,2025-12-03;2025-12-10;2025-12-17;2025-12-24,False,19.786908333333372,causal_load_main,day_ahead_planning
2025-12-31,32,05:30,702.7475,670.4333333333333,2025-12-03;2025-12-10;2025-12-17;2025-12-24,False,32.314166666666665,causal_load_main,day_ahead_planning
2025-12-31,33,05:40,693.0558416666665,638.9386166666666,2025-12-03;2025-12-10;2025-12-17;2025-12-24,False,54.11722499999996,causal_load_main,day_ahead_planning
2025-12-31,34,05:50,766.2490041666666,738.7819,2025-12-03;2025-12-10;2025-12-17;2025-12-24,False,27.467104166666672,causal_load_main,day_ahead_planning
2025-12-31,35,06:00,886.8475000000001,886.5216666666666,2025-12-03;2025-12-10;2025-12-17;2025-12-24,False,0.3258333333334349,causal_load_main,day_ahead_planning
2025-12-31,36,06:10,912.3449125000001,873.65915,2025-12-03;2025-12-10;2025-12-17;2025-12-24,False,38.68576250000012,causal_load_main,day_ahead_planning
2025-12-31,37,06:20,897.7885916666667,837.9217833333333,2025-12-03;2025-12-10;2025-12-17;2025-12-24,False,59.866808333333324,causal_load_main,day_ahead_planning
2025-12-31,38,06:30,896.6608333333332,867.285,2025-12-03;2025-12-10;2025-12-17;2025-12-24,False,29.375833333333276,causal_load_main,day_ahead_planning
2025-12-31,39,06:40,904.7767583333333,909.8613666666666,2025-12-03;2025-12-10;2025-12-17;2025-12-24,False,5.084608333333335,causal_load_main,day_ahead_planning
2025-12-31,40,06:50,899.4586291666666,911.3522833333333,2025-12-03;2025-12-10;2025-12-17;2025-12-24,False,11.893654166666693,causal_load_main,day_ahead_planning
2025-12-31,41,07:00,887.2229166666666,873.8316666666666,2025-12-03;2025-12-10;2025-12-17;2025-12-24,False,13.391250000000014,causal_load_main,day_ahead_planning
2025-12-31,42,07:10,896.9094249999999,849.4875166666667,2025-12-03;2025-12-10;2025-12-17;2025-12-24,False,47.42190833333325,causal_load_main,day_ahead_planning
2025-12-31,43,07:20,913.2670958333332,866.7519833333333,2025-12-03;2025-12-10;2025-12-17;2025-12-24,False,46.51511249999987,causal_load_main,day_ahead_planning
2025-12-31,44,07:30,899.8654166666665,892.7883333333332,2025-12-03;2025-12-10;2025-12-17;2025-12-24,False,7.0770833333333485,causal_load_main,day_ahead_planning
2025-12-31,45,07:40,861.004475,890.5569666666667,2025-12-03;2025-12-10;2025-12-17;2025-12-24,False,29.552491666666697,causal_load_main,day_ahead_planning
2025-12-31,46,07:50,989.0041916666667,1013.7763166666666,2025-12-03;2025-12-10;2025-12-17;2025-12-24,False,24.77212499999996,causal_load_main,day_ahead_planning
2025-12-31,47,08:00,1203.2429166666666,1207.08,2025-12-03;2025-12-10;2025-12-17;2025-12-24,False,3.8370833333333394,causal_load_main,day_ahead_planning
2025-12-31,48,08:10,1215.5109666666667,1236.5490666666665,2025-12-03;2025-12-10;2025-12-17;2025-12-24,False,21.03809999999976,causal_load_main,day_ahead_planning
2025-12-31,49,08:20,1179.6168166666666,1181.19445,2025-12-03;2025-12-10;2025-12-17;2025-12-24,False,1.5776333333333241,causal_load_main,day_ahead_planning
2025-12-31,50,08:30,1184.8866666666663,1147.3366666666666,2025-12-03;2025-12-10;2025-12-17;2025-12-24,False,37.54999999999973,causal_load_main,day_ahead_planning
2025-12-31,51,08:40,1168.0733,1166.7163666666665,2025-12-03;2025-12-10;2025-12-17;2025-12-24,False,1.3569333333334725,causal_load_main,day_ahead_planning
2025-12-31,52,08:50,1166.9905833333332,1189.5717166666666,2025-12-03;2025-12-10;2025-12-17;2025-12-24,False,22.581133333333355,causal_load_main,day_ahead_planning
2025-12-31,53,09:00,1186.1516666666666,1187.5783333333334,2025-12-03;2025-12-10;2025-12-17;2025-12-24,False,1.4266666666667334,causal_load_main,day_ahead_planning
2025-12-31,54,09:10,1184.4898416666665,1170.8986,2025-12-03;2025-12-10;2025-12-17;2025-12-24,False,13.59124166666652,causal_load_main,day_ahead_planning
2025-12-31,55,09:20,1179.521820833333,1140.1828333333333,2025-12-03;2025-12-10;2025-12-17;2025-12-24,False,39.3389874999998,causal_load_main,day_ahead_planning
2025-12-31,56,09:30,1176.6058333333333,1125.8066666666666,2025-12-03;2025-12-10;2025-12-17;2025-12-24,False,50.79916666666668,causal_load_main,day_ahead_planning
2025-12-31,57,09:40,1163.0039416666666,1166.5143333333333,2025-12-03;2025-12-10;2025-12-17;2025-12-24,False,3.510391666666692,causal_load_main,day_ahead_planning
2025-12-31,58,09:50,1161.9427833333332,1206.09765,2025-12-03;2025-12-10;2025-12-17;2025-12-24,False,44.15486666666675,causal_load_main,day_ahead_planning
2025-12-31,59,10:00,1171.1670833333333,1205.1633333333332,2025-12-03;2025-12-10;2025-12-17;2025-12-24,False,33.99624999999992,causal_load_main,day_ahead_planning
2025-12-31,60,10:10,1164.5463666666665,1173.7580833333332,2025-12-03;2025-12-10;2025-12-17;2025-12-24,False,9.211716666666689,causal_load_main,day_ahead_planning
2025-12-31,61,10:20,1158.7317041666665,1154.3275333333331,2025-12-03;2025-12-10;2025-12-17;2025-12-24,False,4.40417083333341,causal_load_main,day_ahead_planning
2025-12-31,62,10:30,1162.855,1157.8833333333332,2025-12-03;2025-12-10;2025-12-17;2025-12-24,False,4.971666666666806,causal_load_main,day_ahead_planning
2025-12-31,63,10:40,1166.8901208333332,1161.0766333333331,2025-12-03;2025-12-10;2025-12-17;2025-12-24,False,5.813487500000065,causal_load_main,day_ahead_planning
2025-12-31,64,10:50,1159.4538208333333,1159.0050833333332,2025-12-03;2025-12-10;2025-12-17;2025-12-24,False,0.4487375000001066,causal_load_main,day_ahead_planning
2025-12-31,65,11:00,1149.2358333333332,1141.6116666666667,2025-12-03;2025-12-10;2025-12-17;2025-12-24,False,7.624166666666497,causal_load_main,day_ahead_planning
2025-12-31,66,11:10,1153.7867166666665,1106.3656166666665,2025-12-03;2025-12-10;2025-12-17;2025-12-24,False,47.421100000000024,causal_load_main,day_ahead_planning
2025-12-31,67,11:20,1146.9104916666668,1117.1811333333333,2025-12-03;2025-12-10;2025-12-17;2025-12-24,False,29.729358333333494,causal_load_main,day_ahead_planning
2025-12-31,68,11:30,1128.6095833333334,1153.6066666666666,2025-12-03;2025-12-10;2025-12-17;2025-12-24,False,24.997083333333194,causal_load_main,day_ahead_planning
2025-12-31,69,11:40,1122.2718166666666,1126.2421166666666,2025-12-03;2025-12-10;2025-12-17;2025-12-24,False,3.970299999999952,causal_load_main,day_ahead_planning
2025-12-31,70,11:50,1097.7268875,1073.2417999999998,2025-12-03;2025-12-10;2025-12-17;2025-12-24,False,24.48508750000019,causal_load_main,day_ahead_planning
2025-12-31,71,12:00,1063.9808333333333,1042.8449999999998,2025-12-03;2025-12-10;2025-12-17;2025-12-24,False,21.135833333333494,causal_load_main,day_ahead_planning
2025-12-31,72,12:10,1065.3623583333333,1047.5808166666666,2025-12-03;2025-12-10;2025-12-17;2025-12-24,False,17.781541666666726,causal_load_main,day_ahead_planning
2025-12-31,73,12:20,1076.2998458333334,1050.5621333333333,2025-12-03;2025-12-10;2025-12-17;2025-12-24,False,25.737712500000043,causal_load_main,day_ahead_planning
2025-12-31,74,12:30,1069.4225000000001,1042.9766666666665,2025-12-03;2025-12-10;2025-12-17;2025-12-24,False,26.445833333333667,causal_load_main,day_ahead_planning
2025-12-31,75,12:40,1047.1987374999999,1051.0176999999999,2025-12-03;2025-12-10;2025-12-17;2025-12-24,False,3.818962499999998,causal_load_main,day_ahead_planning
2025-12-31,76,12:50,1063.0380999999998,1078.8159833333334,2025-12-03;2025-12-10;2025-12-17;2025-12-24,False,15.777883333333648,causal_load_main,day_ahead_planning
2025-12-31,77,13:00,1105.935,1093.2283333333332,2025-12-03;2025-12-10;2025-12-17;2025-12-24,False,12.706666666666706,causal_load_main,day_ahead_planning
2025-12-31,78,13:10,1109.9092958333333,1060.67555,2025-12-03;2025-12-10;2025-12-17;2025-12-24,False,49.23374583333339,causal_load_main,day_ahead_planning
2025-12-31,79,13:20,1096.2463375,1065.8645833333333,2025-12-03;2025-12-10;2025-12-17;2025-12-24,False,30.381754166666724,causal_load_main,day_ahead_planning
2025-12-31,80,13:30,1092.4433333333332,1104.2633333333333,2025-12-03;2025-12-10;2025-12-17;2025-12-24,False,11.820000000000164,causal_load_main,day_ahead_planning
2025-12-31,81,13:40,1101.2514625,1086.8853666666666,2025-12-03;2025-12-10;2025-12-17;2025-12-24,False,14.366095833333247,causal_load_main,day_ahead_planning
2025-12-31,82,13:50,1093.8805458333331,1061.3247666666666,2025-12-03;2025-12-10;2025-12-17;2025-12-24,False,32.555779166666525,causal_load_main,day_ahead_planning
2025-12-31,83,14:00,1071.1725,1060.1066666666666,2025-12-03;2025-12-10;2025-12-17;2025-12-24,False,11.06583333333333,causal_load_main,day_ahead_planning
2025-12-31,84,14:10,1063.6002208333334,1064.0029,2025-12-03;2025-12-10;2025-12-17;2025-12-24,False,0.40267916666653036,causal_load_main,day_ahead_planning
2025-12-31,85,14:20,1070.5953416666666,1050.6429666666666,2025-12-03;2025-12-10;2025-12-17;2025-12-24,False,19.952375000000075,causal_load_main,day_ahead_planning
2025-12-31,86,14:30,1078.4474999999998,1037.85,2025-12-03;2025-12-10;2025-12-17;2025-12-24,False,40.597499999999854,causal_load_main,day_ahead_planning
2025-12-31,87,14:40,1075.1207375,1060.2039,2025-12-03;2025-12-10;2025-12-17;2025-12-24,False,14.916837499999929,causal_load_main,day_ahead_planning
2025-12-31,88,14:50,1074.2144250000001,1061.2514333333334,2025-12-03;2025-12-10;2025-12-17;2025-12-24,False,12.962991666666767,causal_load_main,day_ahead_planning
2025-12-31,89,15:00,1074.2270833333332,1044.0566666666666,2025-12-03;2025-12-10;2025-12-17;2025-12-24,False,30.170416666666597,causal_load_main,day_ahead_planning
2025-12-31,90,15:10,1060.8562375000001,1062.04025,2025-12-03;2025-12-10;2025-12-17;2025-12-24,False,1.1840124999998807,causal_load_main,day_ahead_planning
2025-12-31,91,15:20,1053.692858333333,1044.3563833333333,2025-12-03;2025-12-10;2025-12-17;2025-12-24,False,9.336474999999837,causal_load_main,day_ahead_planning
2025-12-31,92,15:30,1054.6475,1006.1766666666667,2025-12-03;2025-12-10;2025-12-17;2025-12-24,False,48.4708333333333,causal_load_main,day_ahead_planning
2025-12-31,93,15:40,1046.2964583333332,1038.8451666666665,2025-12-03;2025-12-10;2025-12-17;2025-12-24,False,7.451291666666748,causal_load_main,day_ahead_planning
2025-12-31,94,15:50,1038.8791541666665,1070.0834499999999,2025-12-03;2025-12-10;2025-12-17;2025-12-24,False,31.20429583333339,causal_load_main,day_ahead_planning
2025-12-31,95,16:00,1037.0316666666668,1068.6683333333333,2025-12-03;2025-12-10;2025-12-17;2025-12-24,False,31.636666666666542,causal_load_main,day_ahead_planning
2025-12-31,96,16:10,1035.1279083333334,1070.2288833333332,2025-12-03;2025-12-10;2025-12-17;2025-12-24,False,35.100974999999835,causal_load_main,day_ahead_planning
2025-12-31,97,16:20,1037.4955916666665,1047.3624499999999,2025-12-03;2025-12-10;2025-12-17;2025-12-24,False,9.866858333333312,causal_load_main,day_ahead_planning
2025-12-31,98,16:30,1045.7666666666667,1014.905,2025-12-03;2025-12-10;2025-12-17;2025-12-24,False,30.86166666666668,causal_load_main,day_ahead_planning
2025-12-31,99,16:40,1054.3208416666666,1022.9441333333332,2025-12-03;2025-12-10;2025-12-17;2025-12-24,False,31.376708333333454,causal_load_main,day_ahead_planning
2025-12-31,100,16:50,1050.3743874999998,1029.1811833333331,2025-12-03;2025-12-10;2025-12-17;2025-12-24,False,21.193204166666646,causal_load_main,day_ahead_planning
2025-12-31,101,17:00,1031.8279166666666,1018.8333333333333,2025-12-03;2025-12-10;2025-12-17;2025-12-24,False,12.994583333333367,causal_load_main,day_ahead_planning
2025-12-31,102,17:10,1008.9087374999999,1018.6585166666666,2025-12-03;2025-12-10;2025-12-17;2025-12-24,False,9.749779166666713,causal_load_main,day_ahead_planning
2025-12-31,103,17:20,992.1540124999999,1017.85695,2025-12-03;2025-12-10;2025-12-17;2025-12-24,False,25.702937500000075,causal_load_main,day_ahead_planning
2025-12-31,104,17:30,1007.28,1025.6733333333332,2025-12-03;2025-12-10;2025-12-17;2025-12-24,False,18.393333333333203,causal_load_main,day_ahead_planning
2025-12-31,105,17:40,1046.587570833333,1041.0886666666665,2025-12-03;2025-12-10;2025-12-17;2025-12-24,False,5.498904166666534,causal_load_main,day_ahead_planning
2025-12-31,106,17:50,921.5836124999998,913.6909166666666,2025-12-03;2025-12-10;2025-12-17;2025-12-24,False,7.892695833333278,causal_load_main,day_ahead_planning
2025-12-31,107,18:00,712.8137499999999,720.4366666666666,2025-12-03;2025-12-10;2025-12-17;2025-12-24,False,7.622916666666697,causal_load_main,day_ahead_planning
2025-12-31,108,18:10,703.3383958333333,708.1202,2025-12-03;2025-12-10;2025-12-17;2025-12-24,False,4.781804166666689,causal_load_main,day_ahead_planning
2025-12-31,109,18:20,736.3218041666667,748.34795,2025-12-03;2025-12-10;2025-12-17;2025-12-24,False,12.026145833333317,causal_load_main,day_ahead_planning
2025-12-31,110,18:30,715.8470833333332,744.5016666666667,2025-12-03;2025-12-10;2025-12-17;2025-12-24,False,28.65458333333345,causal_load_main,day_ahead_planning
2025-12-31,111,18:40,705.3219624999999,726.4114833333333,2025-12-03;2025-12-10;2025-12-17;2025-12-24,False,21.08952083333338,causal_load_main,day_ahead_planning
2025-12-31,112,18:50,708.3283458333333,715.0575166666665,2025-12-03;2025-12-10;2025-12-17;2025-12-24,False,6.729170833333228,causal_load_main,day_ahead_planning
2025-12-31,113,19:00,717.6583333333333,711.785,2025-12-03;2025-12-10;2025-12-17;2025-12-24,False,5.873333333333335,causal_load_main,day_ahead_planning
2025-12-31,114,19:10,728.5627541666665,709.08545,2025-12-03;2025-12-10;2025-12-17;2025-12-24,False,19.4773041666665,causal_load_main,day_ahead_planning
2025-12-31,115,19:20,723.0096374999999,726.2150833333333,2025-12-03;2025-12-10;2025-12-17;2025-12-24,False,3.2054458333333287,causal_load_main,day_ahead_planning
2025-12-31,116,19:30,707.1683333333332,746.9383333333333,2025-12-03;2025-12-10;2025-12-17;2025-12-24,False,39.770000000000095,causal_load_main,day_ahead_planning
2025-12-31,117,19:40,705.7782041666666,731.9663666666667,2025-12-03;2025-12-10;2025-12-17;2025-12-24,False,26.18816250000009,causal_load_main,day_ahead_planning
2025-12-31,118,19:50,708.0753416666666,717.7387666666666,2025-12-03;2025-12-10;2025-12-17;2025-12-24,False,9.663424999999961,causal_load_main,day_ahead_planning
2025-12-31,119,20:00,707.1287500000001,726.0966666666666,2025-12-03;2025-12-10;2025-12-17;2025-12-24,False,18.967916666666497,causal_load_main,day_ahead_planning
2025-12-31,120,20:10,709.1792583333333,740.61085,2025-12-03;2025-12-10;2025-12-17;2025-12-24,False,31.43159166666669,causal_load_main,day_ahead_planning
2025-12-31,121,20:20,720.3902291666667,729.9435,2025-12-03;2025-12-10;2025-12-17;2025-12-24,False,9.553270833333272,causal_load_main,day_ahead_planning
2025-12-31,122,20:30,730.4495833333332,709.1949999999999,2025-12-03;2025-12-10;2025-12-17;2025-12-24,False,21.254583333333244,causal_load_main,day_ahead_planning
2025-12-31,123,20:40,723.2829916666666,722.4152666666666,2025-12-03;2025-12-10;2025-12-17;2025-12-24,False,0.8677249999999503,causal_load_main,day_ahead_planning
2025-12-31,124,20:50,723.6461916666666,732.6352666666667,2025-12-03;2025-12-10;2025-12-17;2025-12-24,False,8.98907500000007,causal_load_main,day_ahead_planning
2025-12-31,125,21:00,735.4445833333332,735.5466666666666,2025-12-03;2025-12-10;2025-12-17;2025-12-24,False,0.10208333333343944,causal_load_main,day_ahead_planning
2025-12-31,126,21:10,737.1632916666666,761.5012333333334,2025-12-03;2025-12-10;2025-12-17;2025-12-24,False,24.33794166666678,causal_load_main,day_ahead_planning
2025-12-31,127,21:20,731.0363833333333,768.2396,2025-12-03;2025-12-10;2025-12-17;2025-12-24,False,37.20321666666666,causal_load_main,day_ahead_planning
2025-12-31,128,21:30,736.53375,753.89,2025-12-03;2025-12-10;2025-12-17;2025-12-24,False,17.356249999999932,causal_load_main,day_ahead_planning
2025-12-31,129,21:40,754.8587208333332,747.5275666666666,2025-12-03;2025-12-10;2025-12-17;2025-12-24,False,7.331154166666579,causal_load_main,day_ahead_planning
2025-12-31,130,21:50,678.2076416666666,671.9958833333333,2025-12-03;2025-12-10;2025-12-17;2025-12-24,False,6.211758333333364,causal_load_main,day_ahead_planning
2025-12-31,131,22:00,550.685,570.6233333333332,2025-12-03;2025-12-10;2025-12-17;2025-12-24,False,19.938333333333276,causal_load_main,day_ahead_planning
2025-12-31,132,22:10,535.5596499999999,571.86515,2025-12-03;2025-12-10;2025-12-17;2025-12-24,False,36.30550000000005,causal_load_main,day_ahead_planning
2025-12-31,133,22:20,559.0691625,560.9617666666666,2025-12-03;2025-12-10;2025-12-17;2025-12-24,False,1.8926041666666151,causal_load_main,day_ahead_planning
2025-12-31,134,22:30,564.3133333333333,521.0716666666666,2025-12-03;2025-12-10;2025-12-17;2025-12-24,False,43.241666666666674,causal_load_main,day_ahead_planning
2025-12-31,135,22:40,567.7827374999999,549.2862166666666,2025-12-03;2025-12-10;2025-12-17;2025-12-24,False,18.496520833333307,causal_load_main,day_ahead_planning
2025-12-31,136,22:50,567.6051041666667,561.9758666666667,2025-12-03;2025-12-10;2025-12-17;2025-12-24,False,5.629237500000045,causal_load_main,day_ahead_planning
2025-12-31,137,23:00,566.3475,540.635,2025-12-03;2025-12-10;2025-12-17;2025-12-24,False,25.712499999999977,causal_load_main,day_ahead_planning
2025-12-31,138,23:10,572.056275,552.4734166666666,2025-12-03;2025-12-10;2025-12-17;2025-12-24,False,19.582858333333434,causal_load_main,day_ahead_planning
2025-12-31,139,23:20,575.7551041666666,561.6897166666666,2025-12-03;2025-12-10;2025-12-17;2025-12-24,False,14.065387499999929,causal_load_main,day_ahead_planning
2025-12-31,140,23:30,578.0483333333333,559.915,2025-12-03;2025-12-10;2025-12-17;2025-12-24,False,18.133333333333326,causal_load_main,day_ahead_planning
2025-12-31,141,23:40,588.1021541666667,582.209,2025-12-03;2025-12-10;2025-12-17;2025-12-24,False,5.893154166666704,causal_load_main,day_ahead_planning
2025-12-31,142,23:50,594.2429375,619.9677999999999,2025-12-03;2025-12-10;2025-12-17;2025-12-24,False,25.72486249999986,causal_load_main,day_ahead_planning
2025-12-31,143,0:00+1,595.1925,659.6633333333333,2025-12-03;2025-12-10;2025-12-17;2025-12-24,False,64.4708333333333,causal_load_main,day_ahead_planning
