current_date,target_date,issue_hour,pv_mapping_mode,next_day_terminal_soc_kwh,soc_sample_kwh,virtual_next_day_cost_yuan,value_subgradient_yuan_per_kwh,certified_max_gap_yuan,bundle_sample_count,information
2025-12-01,2025-12-02,0,linear_anchor_main,,1200.0,50774.36009390623,-0.4544192997661961,0.7992968171674875,10,Q3 linear_anchor_main overlay + causal prior-day load/PV; no future actual PV
2025-12-01,2025-12-02,0,linear_anchor_main,,2850.385326518956,50025.10148281841,-0.4534706164681456,0.7992968171674875,10,Q3 linear_anchor_main overlay + causal prior-day load/PV; no future actual PV
2025-12-01,2025-12-02,0,linear_anchor_main,,3709.580558841014,49635.588461984175,-0.4525219331700951,0.7992968171674875,10,Q3 linear_anchor_main overlay + causal prior-day load/PV; no future actual PV
2025-12-01,2025-12-02,0,linear_anchor_main,,5876.908642692508,48656.393149484036,-0.45104620359534986,0.7992968171674875,10,Q3 linear_anchor_main overlay + causal prior-day load/PV; no future actual PV
2025-12-01,2025-12-02,0,linear_anchor_main,,7916.746839258588,47737.87599262118,-0.4499921110419604,0.7992968171674875,10,Q3 linear_anchor_main overlay + causal prior-day load/PV; no future actual PV
2025-12-01,2025-12-02,0,linear_anchor_main,,8527.11293175291,47463.43481615123,-0.44777851667984253,0.7992968171674875,10,Q3 linear_anchor_main overlay + causal prior-day load/PV; no future actual PV
2025-12-01,2025-12-02,0,linear_anchor_main,,9724.673525666662,46927.35286168558,-0.44746228891382567,0.7992968171674875,10,Q3 linear_anchor_main overlay + causal prior-day load/PV; no future actual PV
2025-12-01,2025-12-02,0,linear_anchor_main,,10009.430584957698,46799.93481615084,-0.4211205160046231,0.7992968171674875,10,Q3 linear_anchor_main overlay + causal prior-day load/PV; no future actual PV
2025-12-01,2025-12-02,0,linear_anchor_main,,10326.74199953175,46666.308469511256,-0.4211205160046231,0.7992968171674875,10,Q3 linear_anchor_main overlay + causal prior-day load/PV; no future actual PV
2025-12-01,2025-12-02,0,linear_anchor_main,,10800.0,46467.226635376166,-0.4030006650118583,0.7992968171674875,10,Q3 linear_anchor_main overlay + causal prior-day load/PV; no future actual PV
2025-12-01,2025-12-02,6,linear_anchor_main,,1200.0,50774.36009390623,-0.4544192997661961,0.7992968171674875,10,Q3 linear_anchor_main overlay + causal prior-day load/PV; no future actual PV
2025-12-01,2025-12-02,6,linear_anchor_main,,2850.385326518956,50025.10148281841,-0.4534706164681456,0.7992968171674875,10,Q3 linear_anchor_main overlay + causal prior-day load/PV; no future actual PV
2025-12-01,2025-12-02,6,linear_anchor_main,,3709.580558841014,49635.588461984175,-0.4525219331700951,0.7992968171674875,10,Q3 linear_anchor_main overlay + causal prior-day load/PV; no future actual PV
2025-12-01,2025-12-02,6,linear_anchor_main,,5876.908642692508,48656.393149484036,-0.45104620359534986,0.7992968171674875,10,Q3 linear_anchor_main overlay + causal prior-day load/PV; no future actual PV
2025-12-01,2025-12-02,6,linear_anchor_main,,7916.746839258588,47737.87599262118,-0.4499921110419604,0.7992968171674875,10,Q3 linear_anchor_main overlay + causal prior-day load/PV; no future actual PV
2025-12-01,2025-12-02,6,linear_anchor_main,,8527.11293175291,47463.43481615123,-0.44777851667984253,0.7992968171674875,10,Q3 linear_anchor_main overlay + causal prior-day load/PV; no future actual PV
2025-12-01,2025-12-02,6,linear_anchor_main,,9724.673525666662,46927.35286168558,-0.44746228891382567,0.7992968171674875,10,Q3 linear_anchor_main overlay + causal prior-day load/PV; no future actual PV
2025-12-01,2025-12-02,6,linear_anchor_main,,10009.430584957698,46799.93481615084,-0.4211205160046231,0.7992968171674875,10,Q3 linear_anchor_main overlay + causal prior-day load/PV; no future actual PV
2025-12-01,2025-12-02,6,linear_anchor_main,,10326.74199953175,46666.308469511256,-0.4211205160046231,0.7992968171674875,10,Q3 linear_anchor_main overlay + causal prior-day load/PV; no future actual PV
2025-12-01,2025-12-02,6,linear_anchor_main,,10800.0,46467.226635376166,-0.4030006650118583,0.7992968171674875,10,Q3 linear_anchor_main overlay + causal prior-day load/PV; no future actual PV
2025-12-01,2025-12-02,12,linear_anchor_main,,1200.0,55119.84076051213,-0.4544192997661961,0.7992968171747634,10,Q3 linear_anchor_main overlay + causal prior-day load/PV; no future actual PV
2025-12-01,2025-12-02,12,linear_anchor_main,,2850.385326518956,54370.58214942432,-0.4534706164681456,0.7992968171747634,10,Q3 linear_anchor_main overlay + causal prior-day load/PV; no future actual PV
2025-12-01,2025-12-02,12,linear_anchor_main,,3709.580558841014,53981.069128590076,-0.4525219331700951,0.7992968171747634,10,Q3 linear_anchor_main overlay + causal prior-day load/PV; no future actual PV
2025-12-01,2025-12-02,12,linear_anchor_main,,5876.908642691462,53001.87381609041,-0.45104620359534986,0.7992968171747634,10,Q3 linear_anchor_main overlay + causal prior-day load/PV; no future actual PV
2025-12-01,2025-12-02,12,linear_anchor_main,,7916.746839256558,52083.356659228,-0.4499921110419604,0.7992968171747634,10,Q3 linear_anchor_main overlay + causal prior-day load/PV; no future actual PV
2025-12-01,2025-12-02,12,linear_anchor_main,,8527.11293175291,51808.91548275713,-0.44777851667984253,0.7992968171747634,10,Q3 linear_anchor_main overlay + causal prior-day load/PV; no future actual PV
2025-12-01,2025-12-02,12,linear_anchor_main,,9674.851449635522,51295.127028470815,-0.44746228891382567,0.7992968171747634,10,Q3 linear_anchor_main overlay + causal prior-day load/PV; no future actual PV
2025-12-01,2025-12-02,12,linear_anchor_main,,10009.430584957698,51145.41548275674,-0.4211205160046231,0.7992968171747634,10,Q3 linear_anchor_main overlay + causal prior-day load/PV; no future actual PV
2025-12-01,2025-12-02,12,linear_anchor_main,,10301.198839086566,51022.54588502423,-0.4211205160046231,0.7992968171747634,10,Q3 linear_anchor_main overlay + causal prior-day load/PV; no future actual PV
2025-12-01,2025-12-02,12,linear_anchor_main,,10800.0,50812.707301982075,-0.4052775049271795,0.7992968171747634,10,Q3 linear_anchor_main overlay + causal prior-day load/PV; no future actual PV
2025-12-01,2025-12-02,18,linear_anchor_main,,1200.0,53043.95308409899,-0.4544192997661961,0.7992968171747634,10,Q3 linear_anchor_main overlay + causal prior-day load/PV; no future actual PV
2025-12-01,2025-12-02,18,linear_anchor_main,,2850.385326518956,52294.69447301117,-0.4534706164681456,0.7992968171747634,10,Q3 linear_anchor_main overlay + causal prior-day load/PV; no future actual PV
2025-12-01,2025-12-02,18,linear_anchor_main,,3709.580558841014,51905.181452176934,-0.4525219331700951,0.7992968171747634,10,Q3 linear_anchor_main overlay + causal prior-day load/PV; no future actual PV
2025-12-01,2025-12-02,18,linear_anchor_main,,5876.908642691462,50925.98613967727,-0.45104620359534986,0.7992968171747634,10,Q3 linear_anchor_main overlay + causal prior-day load/PV; no future actual PV
2025-12-01,2025-12-02,18,linear_anchor_main,,7916.746839256558,50007.468982814855,-0.4499921110419604,0.7992968171747634,10,Q3 linear_anchor_main overlay + causal prior-day load/PV; no future actual PV
2025-12-01,2025-12-02,18,linear_anchor_main,,8527.11293175291,49733.027806343984,-0.44777851667984253,0.7992968171747634,10,Q3 linear_anchor_main overlay + causal prior-day load/PV; no future actual PV
2025-12-01,2025-12-02,18,linear_anchor_main,,9681.330232075414,49216.340341237745,-0.44746228891382567,0.7992968171747634,10,Q3 linear_anchor_main overlay + causal prior-day load/PV; no future actual PV
2025-12-01,2025-12-02,18,linear_anchor_main,,10009.430584957972,49069.52780634348,-0.4211205160046231,0.7992968171747634,10,Q3 linear_anchor_main overlay + causal prior-day load/PV; no future actual PV
2025-12-01,2025-12-02,18,linear_anchor_main,,10304.541512540394,48945.25054024137,-0.4211205160046231,0.7992968171747634,10,Q3 linear_anchor_main overlay + causal prior-day load/PV; no future actual PV
2025-12-01,2025-12-02,18,linear_anchor_main,,10800.0,48736.819625568925,-0.40499289993776433,0.7992968171747634,10,Q3 linear_anchor_main overlay + causal prior-day load/PV; no future actual PV
2025-12-02,2025-12-03,0,linear_anchor_main,,1200.0,51018.75509116651,-0.4544192997661961,0.7992968171674875,10,Q3 linear_anchor_main overlay + causal prior-day load/PV; no future actual PV
2025-12-02,2025-12-03,0,linear_anchor_main,,2850.385326518956,50269.49648007869,-0.4534706164681456,0.7992968171674875,10,Q3 linear_anchor_main overlay + causal prior-day load/PV; no future actual PV
2025-12-02,2025-12-03,0,linear_anchor_main,,3709.580558841014,49879.98345924445,-0.4525219331700951,0.7992968171674875,10,Q3 linear_anchor_main overlay + causal prior-day load/PV; no future actual PV
2025-12-02,2025-12-03,0,linear_anchor_main,,5876.908642692508,48900.788146744315,-0.45104620359534986,0.7992968171674875,10,Q3 linear_anchor_main overlay + causal prior-day load/PV; no future actual PV
2025-12-02,2025-12-03,0,linear_anchor_main,,7916.746839258588,47982.270989881465,-0.4499921110419604,0.7992968171674875,10,Q3 linear_anchor_main overlay + causal prior-day load/PV; no future actual PV
2025-12-02,2025-12-03,0,linear_anchor_main,,8527.112931755786,47707.829813410215,-0.44777851667984253,0.7992968171674875,10,Q3 linear_anchor_main overlay + causal prior-day load/PV; no future actual PV
2025-12-02,2025-12-03,0,linear_anchor_main,,9681.082619943152,47191.253145396724,-0.44746228891382567,0.7992968171674875,10,Q3 linear_anchor_main overlay + causal prior-day load/PV; no future actual PV
2025-12-02,2025-12-03,0,linear_anchor_main,,10009.430584957698,47044.32981341112,-0.4211205160046231,0.7992968171674875,10,Q3 linear_anchor_main overlay + causal prior-day load/PV; no future actual PV
2025-12-02,2025-12-03,0,linear_anchor_main,,10304.253338480115,46920.17390331785,-0.4211205160046231,0.7992968171674875,10,Q3 linear_anchor_main overlay + causal prior-day load/PV; no future actual PV
2025-12-02,2025-12-03,0,linear_anchor_main,,10800.0,46711.633871212696,-0.40499289993776433,0.7992968171674875,10,Q3 linear_anchor_main overlay + causal prior-day load/PV; no future actual PV
2025-12-02,2025-12-03,6,linear_anchor_main,,1200.0,51018.75509116651,-0.4544192997661961,0.7992968171674875,10,Q3 linear_anchor_main overlay + causal prior-day load/PV; no future actual PV
2025-12-02,2025-12-03,6,linear_anchor_main,,2850.385326518956,50269.49648007869,-0.4534706164681456,0.7992968171674875,10,Q3 linear_anchor_main overlay + causal prior-day load/PV; no future actual PV
2025-12-02,2025-12-03,6,linear_anchor_main,,3709.580558841014,49879.98345924445,-0.4525219331700951,0.7992968171674875,10,Q3 linear_anchor_main overlay + causal prior-day load/PV; no future actual PV
2025-12-02,2025-12-03,6,linear_anchor_main,,5876.908642692508,48900.788146744315,-0.45104620359534986,0.7992968171674875,10,Q3 linear_anchor_main overlay + causal prior-day load/PV; no future actual PV
2025-12-02,2025-12-03,6,linear_anchor_main,,7916.746839258588,47982.270989881465,-0.4499921110419604,0.7992968171674875,10,Q3 linear_anchor_main overlay + causal prior-day load/PV; no future actual PV
2025-12-02,2025-12-03,6,linear_anchor_main,,8527.112931755786,47707.829813410215,-0.44777851667984253,0.7992968171674875,10,Q3 linear_anchor_main overlay + causal prior-day load/PV; no future actual PV
2025-12-02,2025-12-03,6,linear_anchor_main,,9681.082619943152,47191.253145396724,-0.44746228891382567,0.7992968171674875,10,Q3 linear_anchor_main overlay + causal prior-day load/PV; no future actual PV
2025-12-02,2025-12-03,6,linear_anchor_main,,10009.430584957698,47044.32981341112,-0.4211205160046231,0.7992968171674875,10,Q3 linear_anchor_main overlay + causal prior-day load/PV; no future actual PV
2025-12-02,2025-12-03,6,linear_anchor_main,,10304.253338480115,46920.17390331785,-0.4211205160046231,0.7992968171674875,10,Q3 linear_anchor_main overlay + causal prior-day load/PV; no future actual PV
2025-12-02,2025-12-03,6,linear_anchor_main,,10800.0,46711.633871212696,-0.40499289993776433,0.7992968171674875,10,Q3 linear_anchor_main overlay + causal prior-day load/PV; no future actual PV
2025-12-02,2025-12-03,12,linear_anchor_main,,1200.0,57456.91366146473,-0.4544192997661961,0.7992968171747634,10,Q3 linear_anchor_main overlay + causal prior-day load/PV; no future actual PV
2025-12-02,2025-12-03,12,linear_anchor_main,,2850.3853265227904,56707.655050375164,-0.4534706164681456,0.7992968171747634,10,Q3 linear_anchor_main overlay + causal prior-day load/PV; no future actual PV
2025-12-02,2025-12-03,12,linear_anchor_main,,3709.580558841014,56318.142029542665,-0.4525219331700951,0.7992968171747634,10,Q3 linear_anchor_main overlay + causal prior-day load/PV; no future actual PV
2025-12-02,2025-12-03,12,linear_anchor_main,,5876.908642692508,55338.946717042534,-0.45104620359534986,0.7992968171747634,10,Q3 linear_anchor_main overlay + causal prior-day load/PV; no future actual PV
2025-12-02,2025-12-03,12,linear_anchor_main,,7916.746839258588,54420.42956017968,-0.4499921110419604,0.7992968171747634,10,Q3 linear_anchor_main overlay + causal prior-day load/PV; no future actual PV
2025-12-02,2025-12-03,12,linear_anchor_main,,8527.11293175291,54145.988383709715,-0.44777851667984253,0.7992968171747634,10,Q3 linear_anchor_main overlay + causal prior-day load/PV; no future actual PV
2025-12-02,2025-12-03,12,linear_anchor_main,,9674.602403456458,53632.31136819674,-0.44746228891382567,0.7992968171747634,10,Q3 linear_anchor_main overlay + causal prior-day load/PV; no future actual PV
2025-12-02,2025-12-03,12,linear_anchor_main,,10009.430584957972,53482.48838370921,-0.4211205160046231,0.7992968171747634,10,Q3 linear_anchor_main overlay + causal prior-day load/PV; no future actual PV
2025-12-02,2025-12-03,12,linear_anchor_main,,10300.908720823827,53359.74096072932,-0.4211205160046231,0.7992968171747634,10,Q3 linear_anchor_main overlay + causal prior-day load/PV; no future actual PV
2025-12-02,2025-12-03,12,linear_anchor_main,,10800.0,53149.79244151091,-0.4052775049271795,0.7992968171747634,10,Q3 linear_anchor_main overlay + causal prior-day load/PV; no future actual PV
2025-12-02,2025-12-03,18,linear_anchor_main,,1200.0,50949.060988670215,-0.4544192997661961,0.7992968171747634,10,Q3 linear_anchor_main overlay + causal prior-day load/PV; no future actual PV
2025-12-02,2025-12-03,18,linear_anchor_main,,2850.385326518956,50199.8023775824,-0.4534706164681456,0.7992968171747634,10,Q3 linear_anchor_main overlay + causal prior-day load/PV; no future actual PV
2025-12-02,2025-12-03,18,linear_anchor_main,,3709.580558841014,49810.28935674816,-0.4525219331700951,0.7992968171747634,10,Q3 linear_anchor_main overlay + causal prior-day load/PV; no future actual PV
2025-12-02,2025-12-03,18,linear_anchor_main,,5876.908642691462,48831.09404424849,-0.45104620359534986,0.7992968171747634,10,Q3 linear_anchor_main overlay + causal prior-day load/PV; no future actual PV
2025-12-02,2025-12-03,18,linear_anchor_main,,7916.746839256558,47912.57688738608,-0.4499921110419604,0.7992968171747634,10,Q3 linear_anchor_main overlay + causal prior-day load/PV; no future actual PV
2025-12-02,2025-12-03,18,linear_anchor_main,,8527.11293175291,47638.135710915216,-0.44777851667984253,0.7992968171747634,10,Q3 linear_anchor_main overlay + causal prior-day load/PV; no future actual PV
2025-12-02,2025-12-03,18,linear_anchor_main,,9681.082619943152,47121.55904290044,-0.44746228891382567,0.7992968171747634,10,Q3 linear_anchor_main overlay + causal prior-day load/PV; no future actual PV
2025-12-02,2025-12-03,18,linear_anchor_main,,10009.430584957972,46974.63571091471,-0.4211205160046231,0.7992968171747634,10,Q3 linear_anchor_main overlay + causal prior-day load/PV; no future actual PV
2025-12-02,2025-12-03,18,linear_anchor_main,,10304.253338480286,46850.479800821486,-0.4211205160046231,0.7992968171747634,10,Q3 linear_anchor_main overlay + causal prior-day load/PV; no future actual PV
2025-12-02,2025-12-03,18,linear_anchor_main,,10800.0,46641.9397687164,-0.40499289993776433,0.7992968171747634,10,Q3 linear_anchor_main overlay + causal prior-day load/PV; no future actual PV
2025-12-03,2025-12-04,0,linear_anchor_main,,1200.0,50810.955668093375,-0.4544192997661961,0.7992968171674875,10,Q3 linear_anchor_main overlay + causal prior-day load/PV; no future actual PV
2025-12-03,2025-12-04,0,linear_anchor_main,,2850.385326518956,50061.69705700556,-0.4534706164681456,0.7992968171674875,10,Q3 linear_anchor_main overlay + causal prior-day load/PV; no future actual PV
2025-12-03,2025-12-04,0,linear_anchor_main,,3709.580558841014,49672.18403617132,-0.4525219331700951,0.7992968171674875,10,Q3 linear_anchor_main overlay + causal prior-day load/PV; no future actual PV
2025-12-03,2025-12-04,0,linear_anchor_main,,5876.908642692508,48692.98872367118,-0.45104620359534986,0.7992968171674875,10,Q3 linear_anchor_main overlay + causal prior-day load/PV; no future actual PV
2025-12-03,2025-12-04,0,linear_anchor_main,,7916.746839258588,47774.47156680832,-0.4499921110419604,0.7992968171674875,10,Q3 linear_anchor_main overlay + causal prior-day load/PV; no future actual PV
2025-12-03,2025-12-04,0,linear_anchor_main,,8527.11293175291,47500.03039033837,-0.44777851667984253,0.7992968171674875,10,Q3 linear_anchor_main overlay + causal prior-day load/PV; no future actual PV
2025-12-03,2025-12-04,0,linear_anchor_main,,9724.264674922559,46964.1313811625,-0.44746228891382567,0.7992968171674875,10,Q3 linear_anchor_main overlay + causal prior-day load/PV; no future actual PV
2025-12-03,2025-12-04,0,linear_anchor_main,,10009.430584958249,46836.53039033774,-0.4211205160046231,0.7992968171674875,10,Q3 linear_anchor_main overlay + causal prior-day load/PV; no future actual PV
2025-12-03,2025-12-04,0,linear_anchor_main,,10326.269174987005,46703.10315981465,-0.4211205160046231,0.7992968171674875,10,Q3 linear_anchor_main overlay + causal prior-day load/PV; no future actual PV
2025-12-03,2025-12-04,0,linear_anchor_main,,10800.0,46503.84323211039,-0.4030006650118583,0.7992968171674875,10,Q3 linear_anchor_main overlay + causal prior-day load/PV; no future actual PV
2025-12-03,2025-12-04,6,linear_anchor_main,,1200.0,50810.955668093375,-0.4544192997661961,0.7992968171674875,10,Q3 linear_anchor_main overlay + causal prior-day load/PV; no future actual PV
2025-12-03,2025-12-04,6,linear_anchor_main,,2850.385326518956,50061.69705700556,-0.4534706164681456,0.7992968171674875,10,Q3 linear_anchor_main overlay + causal prior-day load/PV; no future actual PV
2025-12-03,2025-12-04,6,linear_anchor_main,,3709.580558841014,49672.18403617132,-0.4525219331700951,0.7992968171674875,10,Q3 linear_anchor_main overlay + causal prior-day load/PV; no future actual PV
2025-12-03,2025-12-04,6,linear_anchor_main,,5876.908642692508,48692.98872367118,-0.45104620359534986,0.7992968171674875,10,Q3 linear_anchor_main overlay + causal prior-day load/PV; no future actual PV
2025-12-03,2025-12-04,6,linear_anchor_main,,7916.746839258588,47774.47156680832,-0.4499921110419604,0.7992968171674875,10,Q3 linear_anchor_main overlay + causal prior-day load/PV; no future actual PV
2025-12-03,2025-12-04,6,linear_anchor_main,,8527.11293175291,47500.03039033837,-0.44777851667984253,0.7992968171674875,10,Q3 linear_anchor_main overlay + causal prior-day load/PV; no future actual PV
2025-12-03,2025-12-04,6,linear_anchor_main,,9724.264674922559,46964.1313811625,-0.44746228891382567,0.7992968171674875,10,Q3 linear_anchor_main overlay + causal prior-day load/PV; no future actual PV
2025-12-03,2025-12-04,6,linear_anchor_main,,10009.430584958249,46836.53039033774,-0.4211205160046231,0.7992968171674875,10,Q3 linear_anchor_main overlay + causal prior-day load/PV; no future actual PV
2025-12-03,2025-12-04,6,linear_anchor_main,,10326.269174987005,46703.10315981465,-0.4211205160046231,0.7992968171674875,10,Q3 linear_anchor_main overlay + causal prior-day load/PV; no future actual PV
2025-12-03,2025-12-04,6,linear_anchor_main,,10800.0,46503.84323211039,-0.4030006650118583,0.7992968171674875,10,Q3 linear_anchor_main overlay + causal prior-day load/PV; no future actual PV
2025-12-03,2025-12-04,12,linear_anchor_main,,1200.0,48576.011437689056,-0.4544192997661961,0.7992968171747634,10,Q3 linear_anchor_main overlay + causal prior-day load/PV; no future actual PV
2025-12-03,2025-12-04,12,linear_anchor_main,,2850.3853265227904,47826.7528265995,-0.4534706164681456,0.7992968171747634,10,Q3 linear_anchor_main overlay + causal prior-day load/PV; no future actual PV
2025-12-03,2025-12-04,12,linear_anchor_main,,3709.580558841014,47437.23980576699,-0.4525219331700951,0.7992968171747634,10,Q3 linear_anchor_main overlay + causal prior-day load/PV; no future actual PV
2025-12-03,2025-12-04,12,linear_anchor_main,,5876.908642691462,46458.044493267334,-0.45104620359534986,0.7992968171747634,10,Q3 linear_anchor_main overlay + causal prior-day load/PV; no future actual PV
2025-12-03,2025-12-04,12,linear_anchor_main,,7916.746839256558,45539.52733640492,-0.4499921110419604,0.7992968171747634,10,Q3 linear_anchor_main overlay + causal prior-day load/PV; no future actual PV
2025-12-03,2025-12-04,12,linear_anchor_main,,8527.11293175291,45265.08615993406,-0.44777851667984253,0.7992968171747634,10,Q3 linear_anchor_main overlay + causal prior-day load/PV; no future actual PV
2025-12-03,2025-12-04,12,linear_anchor_main,,9680.904901742777,44748.589014111996,-0.44746228891382567,0.7992968171747634,10,Q3 linear_anchor_main overlay + causal prior-day load/PV; no future actual PV
2025-12-03,2025-12-04,12,linear_anchor_main,,10009.430584957972,44601.58615993355,-0.4211205160046231,0.7992968171747634,10,Q3 linear_anchor_main overlay + causal prior-day load/PV; no future actual PV
2025-12-03,2025-12-04,12,linear_anchor_main,,10304.046507842024,44477.51735046544,-0.4211205160046231,0.7992968171747634,10,Q3 linear_anchor_main overlay + causal prior-day load/PV; no future actual PV
2025-12-03,2025-12-04,12,linear_anchor_main,,10800.0,44268.89900170607,-0.40499289993776433,0.7992968171747634,10,Q3 linear_anchor_main overlay + causal prior-day load/PV; no future actual PV
2025-12-03,2025-12-04,18,linear_anchor_main,,1200.0,50731.70837971141,-0.4544192997661961,0.7992968171674875,10,Q3 linear_anchor_main overlay + causal prior-day load/PV; no future actual PV
2025-12-03,2025-12-04,18,linear_anchor_main,,2850.385326518956,49982.44976862359,-0.4534706164681456,0.7992968171674875,10,Q3 linear_anchor_main overlay + causal prior-day load/PV; no future actual PV
2025-12-03,2025-12-04,18,linear_anchor_main,,3709.580558841014,49592.936747789354,-0.4525219331700951,0.7992968171674875,10,Q3 linear_anchor_main overlay + causal prior-day load/PV; no future actual PV
2025-12-03,2025-12-04,18,linear_anchor_main,,5876.908642692508,48613.741435289216,-0.45104620359534986,0.7992968171674875,10,Q3 linear_anchor_main overlay + causal prior-day load/PV; no future actual PV
2025-12-03,2025-12-04,18,linear_anchor_main,,7916.746839258588,47695.22427842636,-0.4499921110419604,0.7992968171674875,10,Q3 linear_anchor_main overlay + causal prior-day load/PV; no future actual PV
2025-12-03,2025-12-04,18,linear_anchor_main,,8527.11293175291,47420.783101956404,-0.44777851667984253,0.7992968171674875,10,Q3 linear_anchor_main overlay + causal prior-day load/PV; no future actual PV
2025-12-03,2025-12-04,18,linear_anchor_main,,9680.904901742924,46904.28595613428,-0.44746228891382567,0.7992968171674875,10,Q3 linear_anchor_main overlay + causal prior-day load/PV; no future actual PV
2025-12-03,2025-12-04,18,linear_anchor_main,,10009.430584957972,46757.283101955894,-0.4211205160046231,0.7992968171674875,10,Q3 linear_anchor_main overlay + causal prior-day load/PV; no future actual PV
2025-12-03,2025-12-04,18,linear_anchor_main,,10304.046507842024,46633.214292487784,-0.4211205160046231,0.7992968171674875,10,Q3 linear_anchor_main overlay + causal prior-day load/PV; no future actual PV
2025-12-03,2025-12-04,18,linear_anchor_main,,10800.0,46424.59594372842,-0.40499289993776433,0.7992968171674875,10,Q3 linear_anchor_main overlay + causal prior-day load/PV; no future actual PV
2025-12-04,2025-12-05,0,linear_anchor_main,,1200.0,19008.301638484318,-0.45336520721280665,0.7464715993810387,11,Q3 linear_anchor_main overlay + causal prior-day load/PV; no future actual PV
2025-12-04,2025-12-05,0,linear_anchor_main,,3065.120285525338,18163.93938456491,-0.45167865912738353,0.7464715993810387,11,Q3 linear_anchor_main overlay + causal prior-day load/PV; no future actual PV
2025-12-04,2025-12-05,0,linear_anchor_main,,4799.115517285597,17381.8884814454,-0.45030833880797727,0.7464715993810387,11,Q3 linear_anchor_main overlay + causal prior-day load/PV; no future actual PV
2025-12-04,2025-12-05,0,linear_anchor_main,,6661.554840287285,16543.540597847932,-0.4499921110419604,0.7464715993810387,11,Q3 linear_anchor_main overlay + causal prior-day load/PV; no future actual PV
2025-12-04,2025-12-05,0,linear_anchor_main,,7810.753005317751,16028.993682433753,-0.44746228891382567,0.7464715993810387,11,Q3 linear_anchor_main overlay + causal prior-day load/PV; no future actual PV
2025-12-04,2025-12-05,0,linear_anchor_main,,8271.974019077643,15822.614671921598,-0.4335482672090848,0.7464715993810387,11,Q3 linear_anchor_main overlay + causal prior-day load/PV; no future actual PV
2025-12-04,2025-12-05,0,linear_anchor_main,,8485.629753336163,15729.984598554533,-0.4335482672090848,0.7464715993810387,11,Q3 linear_anchor_main overlay + causal prior-day load/PV; no future actual PV
2025-12-04,2025-12-05,0,linear_anchor_main,,8781.847576415106,15602.268385525946,-0.4211205160046231,0.7464715993810387,11,Q3 linear_anchor_main overlay + causal prior-day load/PV; no future actual PV
2025-12-04,2025-12-05,0,linear_anchor_main,,9550.02774959353,15279.338398473748,-0.41950775439793714,0.7464715993810387,11,Q3 linear_anchor_main overlay + causal prior-day load/PV; no future actual PV
2025-12-04,2025-12-05,0,linear_anchor_main,,10509.932679956008,14878.543136433564,-0.4169463094932008,0.7464715993810387,11,Q3 linear_anchor_main overlay + causal prior-day load/PV; no future actual PV
2025-12-04,2025-12-05,0,linear_anchor_main,,10800.0,14757.63897214696,-0.4030006650118583,0.7464715993810387,11,Q3 linear_anchor_main overlay + causal prior-day load/PV; no future actual PV
2025-12-04,2025-12-05,6,linear_anchor_main,,1200.0,19008.301638484318,-0.45336520721280665,0.7464715993810387,11,Q3 linear_anchor_main overlay + causal prior-day load/PV; no future actual PV
2025-12-04,2025-12-05,6,linear_anchor_main,,3065.120285525338,18163.93938456491,-0.45167865912738353,0.7464715993810387,11,Q3 linear_anchor_main overlay + causal prior-day load/PV; no future actual PV
2025-12-04,2025-12-05,6,linear_anchor_main,,4799.115517285597,17381.8884814454,-0.45030833880797727,0.7464715993810387,11,Q3 linear_anchor_main overlay + causal prior-day load/PV; no future actual PV
2025-12-04,2025-12-05,6,linear_anchor_main,,6661.554840287285,16543.540597847932,-0.4499921110419604,0.7464715993810387,11,Q3 linear_anchor_main overlay + causal prior-day load/PV; no future actual PV
2025-12-04,2025-12-05,6,linear_anchor_main,,7810.753005317751,16028.993682433753,-0.44746228891382567,0.7464715993810387,11,Q3 linear_anchor_main overlay + causal prior-day load/PV; no future actual PV
2025-12-04,2025-12-05,6,linear_anchor_main,,8271.974019077643,15822.614671921598,-0.4335482672090848,0.7464715993810387,11,Q3 linear_anchor_main overlay + causal prior-day load/PV; no future actual PV
2025-12-04,2025-12-05,6,linear_anchor_main,,8485.629753336163,15729.984598554533,-0.4335482672090848,0.7464715993810387,11,Q3 linear_anchor_main overlay + causal prior-day load/PV; no future actual PV
2025-12-04,2025-12-05,6,linear_anchor_main,,8781.847576415106,15602.268385525946,-0.4211205160046231,0.7464715993810387,11,Q3 linear_anchor_main overlay + causal prior-day load/PV; no future actual PV
2025-12-04,2025-12-05,6,linear_anchor_main,,9550.02774959353,15279.338398473748,-0.41950775439793714,0.7464715993810387,11,Q3 linear_anchor_main overlay + causal prior-day load/PV; no future actual PV
2025-12-04,2025-12-05,6,linear_anchor_main,,10509.932679956008,14878.543136433564,-0.4169463094932008,0.7464715993810387,11,Q3 linear_anchor_main overlay + causal prior-day load/PV; no future actual PV
2025-12-04,2025-12-05,6,linear_anchor_main,,10800.0,14757.63897214696,-0.4030006650118583,0.7464715993810387,11,Q3 linear_anchor_main overlay + causal prior-day load/PV; no future actual PV
2025-12-04,2025-12-05,12,linear_anchor_main,,1200.0,18295.01700916836,-0.4525219331700951,0.6778069182782929,10,Q3 linear_anchor_main overlay + causal prior-day load/PV; no future actual PV
2025-12-04,2025-12-05,12,linear_anchor_main,,2423.517293891617,17742.068295039182,-0.45104620359534986,0.6778069182782929,10,Q3 linear_anchor_main overlay + causal prior-day load/PV; no future actual PV
2025-12-04,2025-12-05,12,linear_anchor_main,,4133.423112031626,16971.54398948375,-0.45020292955263824,0.6778069182782929,10,Q3 linear_anchor_main overlay + causal prior-day load/PV; no future actual PV
2025-12-04,2025-12-05,12,linear_anchor_main,,5580.266496611668,16320.411243757346,-0.44777851667984253,0.6778069182782929,10,Q3 linear_anchor_main overlay + causal prior-day load/PV; no future actual PV
2025-12-04,2025-12-05,12,linear_anchor_main,,6694.753675681303,15821.479875030349,-0.44746228891382567,0.6778069182782929,10,Q3 linear_anchor_main overlay + causal prior-day load/PV; no future actual PV
2025-12-04,2025-12-05,12,linear_anchor_main,,7158.342917970839,15614.76146382291,-0.4211205160046231,0.6778069182782929,10,Q3 linear_anchor_main overlay + causal prior-day load/PV; no future actual PV
2025-12-04,2025-12-05,12,linear_anchor_main,,7889.0830981948875,15307.489999505513,-0.41950775439793714,0.6778069182782929,10,Q3 linear_anchor_main overlay + causal prior-day load/PV; no future actual PV
2025-12-04,2025-12-05,12,linear_anchor_main,,8770.542135420586,14939.230574087807,-0.4169463094932008,0.6778069182782929,10,Q3 linear_anchor_main overlay + causal prior-day load/PV; no future actual PV
2025-12-04,2025-12-05,12,linear_anchor_main,,10277.74194322207,14311.72045465713,-0.41533354788651494,0.6778069182782929,10,Q3 linear_anchor_main overlay + causal prior-day load/PV; no future actual PV
2025-12-04,2025-12-05,12,linear_anchor_main,,10800.0,14094.958747216084,-0.4030006650118583,0.6778069182782929,10,Q3 linear_anchor_main overlay + causal prior-day load/PV; no future actual PV
2025-12-04,2025-12-05,18,linear_anchor_main,,1200.0,26204.91591039493,-0.4544192997661961,0.7992968171711254,10,Q3 linear_anchor_main overlay + causal prior-day load/PV; no future actual PV
2025-12-04,2025-12-05,18,linear_anchor_main,,2850.385326520873,25455.657299306244,-0.4534706164681456,0.7992968171711254,10,Q3 linear_anchor_main overlay + causal prior-day load/PV; no future actual PV
2025-12-04,2025-12-05,18,linear_anchor_main,,3709.580558841014,25066.14427847287,-0.4525219331700951,0.7992968171711254,10,Q3 linear_anchor_main overlay + causal prior-day load/PV; no future actual PV
2025-12-04,2025-12-05,18,linear_anchor_main,,5876.908642691985,24086.948965972973,-0.45104620359534986,0.7992968171711254,10,Q3 linear_anchor_main overlay + causal prior-day load/PV; no future actual PV
2025-12-04,2025-12-05,18,linear_anchor_main,,7916.746839257573,23168.43180911034,-0.4499921110419604,0.7992968171711254,10,Q3 linear_anchor_main overlay + causal prior-day load/PV; no future actual PV
2025-12-04,2025-12-05,18,linear_anchor_main,,8527.112931754347,22893.990632639285,-0.44777851667984253,0.7992968171711254,10,Q3 linear_anchor_main overlay + causal prior-day load/PV; no future actual PV
2025-12-04,2025-12-05,18,linear_anchor_main,,9718.95985811389,22360.465328935537,-0.44746228891382567,0.7992968171711254,10,Q3 linear_anchor_main overlay + causal prior-day load/PV; no future actual PV
2025-12-04,2025-12-05,18,linear_anchor_main,,10009.430584957834,22230.49063263948,-0.4211205160046231,0.7992968171711254,10,Q3 linear_anchor_main overlay + causal prior-day load/PV; no future actual PV
2025-12-04,2025-12-05,18,linear_anchor_main,,10320.134301494274,22099.646923207103,-0.4211205160046231,0.7992968171711254,10,Q3 linear_anchor_main overlay + causal prior-day load/PV; no future actual PV
2025-12-04,2025-12-05,18,linear_anchor_main,,10800.0,21898.076240849867,-0.4030006650118583,0.7992968171711254,10,Q3 linear_anchor_main overlay + causal prior-day load/PV; no future actual PV
2025-12-05,2025-12-06,0,linear_anchor_main,,1200.0,19393.932934358178,-0.4534706164681456,0.942467403732735,10,Q3 linear_anchor_main overlay + causal prior-day load/PV; no future actual PV
2025-12-05,2025-12-06,0,linear_anchor_main,,3819.6964422753035,18207.28312927574,-0.45167865912738353,0.942467403732735,10,Q3 linear_anchor_main overlay + causal prior-day load/PV; no future actual PV
2025-12-05,2025-12-06,0,linear_anchor_main,,5400.835272359708,17493.97757372009,-0.45030833880797727,0.942467403732735,10,Q3 linear_anchor_main overlay + causal prior-day load/PV; no future actual PV
2025-12-05,2025-12-06,0,linear_anchor_main,,7377.25880996517,16604.269240386653,-0.4499921110419604,0.942467403732735,10,Q3 linear_anchor_main overlay + causal prior-day load/PV; no future actual PV
2025-12-05,2025-12-06,0,linear_anchor_main,,8023.517934959667,16314.59662133914,-0.44777851667984253,0.942467403732735,10,Q3 linear_anchor_main overlay + causal prior-day load/PV; no future actual PV
2025-12-05,2025-12-06,0,linear_anchor_main,,9072.590999999651,15845.088684831204,-0.44746228891382567,0.942467403732735,10,Q3 linear_anchor_main overlay + causal prior-day load/PV; no future actual PV
2025-12-05,2025-12-06,0,linear_anchor_main,,9362.268827939619,15719.254920034495,-0.4335482672090848,0.942467403732735,10,Q3 linear_anchor_main overlay + causal prior-day load/PV; no future actual PV
2025-12-05,2025-12-06,0,linear_anchor_main,,9612.762820050666,15611.33859350792,-0.4211205160046231,0.942467403732735,10,Q3 linear_anchor_main overlay + causal prior-day load/PV; no future actual PV
2025-12-05,2025-12-06,0,linear_anchor_main,,10235.367236404809,15349.466303225501,-0.41950775439793714,0.942467403732735,10,Q3 linear_anchor_main overlay + causal prior-day load/PV; no future actual PV
2025-12-05,2025-12-06,0,linear_anchor_main,,10800.0,15113.177238725057,-0.4030006650118583,0.942467403732735,10,Q3 linear_anchor_main overlay + causal prior-day load/PV; no future actual PV
2025-12-05,2025-12-06,6,linear_anchor_main,,1200.0,19393.932934358178,-0.4534706164681456,0.942467403732735,10,Q3 linear_anchor_main overlay + causal prior-day load/PV; no future actual PV
2025-12-05,2025-12-06,6,linear_anchor_main,,3819.6964422753035,18207.28312927574,-0.45167865912738353,0.942467403732735,10,Q3 linear_anchor_main overlay + causal prior-day load/PV; no future actual PV
2025-12-05,2025-12-06,6,linear_anchor_main,,5400.835272359708,17493.97757372009,-0.45030833880797727,0.942467403732735,10,Q3 linear_anchor_main overlay + causal prior-day load/PV; no future actual PV
2025-12-05,2025-12-06,6,linear_anchor_main,,7377.25880996517,16604.269240386653,-0.4499921110419604,0.942467403732735,10,Q3 linear_anchor_main overlay + causal prior-day load/PV; no future actual PV
2025-12-05,2025-12-06,6,linear_anchor_main,,8023.517934959667,16314.59662133914,-0.44777851667984253,0.942467403732735,10,Q3 linear_anchor_main overlay + causal prior-day load/PV; no future actual PV
2025-12-05,2025-12-06,6,linear_anchor_main,,9072.590999999651,15845.088684831204,-0.44746228891382567,0.942467403732735,10,Q3 linear_anchor_main overlay + causal prior-day load/PV; no future actual PV
2025-12-05,2025-12-06,6,linear_anchor_main,,9362.268827939619,15719.254920034495,-0.4335482672090848,0.942467403732735,10,Q3 linear_anchor_main overlay + causal prior-day load/PV; no future actual PV
2025-12-05,2025-12-06,6,linear_anchor_main,,9612.762820050666,15611.33859350792,-0.4211205160046231,0.942467403732735,10,Q3 linear_anchor_main overlay + causal prior-day load/PV; no future actual PV
2025-12-05,2025-12-06,6,linear_anchor_main,,10235.367236404809,15349.466303225501,-0.41950775439793714,0.942467403732735,10,Q3 linear_anchor_main overlay + causal prior-day load/PV; no future actual PV
2025-12-05,2025-12-06,6,linear_anchor_main,,10800.0,15113.177238725057,-0.4030006650118583,0.942467403732735,10,Q3 linear_anchor_main overlay + causal prior-day load/PV; no future actual PV
2025-12-05,2025-12-06,12,linear_anchor_main,,1200.0,18594.077203200228,-0.4525219331700951,0.514382170904355,12,Q3 linear_anchor_main overlay + causal prior-day load/PV; no future actual PV
2025-12-05,2025-12-06,12,linear_anchor_main,,2618.2244279044676,17953.019240385547,-0.45104620359534986,0.514382170904355,12,Q3 linear_anchor_main overlay + causal prior-day load/PV; no future actual PV
2025-12-05,2025-12-06,12,linear_anchor_main,,4328.130246042518,17182.494934830996,-0.45020292955263824,0.514382170904355,12,Q3 linear_anchor_main overlay + causal prior-day load/PV; no future actual PV
2025-12-05,2025-12-06,12,linear_anchor_main,,5774.973630620903,16531.362189105337,-0.44777851667984253,0.514382170904355,12,Q3 linear_anchor_main overlay + causal prior-day load/PV; no future actual PV
2025-12-05,2025-12-06,12,linear_anchor_main,,7027.732491415033,15970.559457181933,-0.44746228891382567,0.514382170904355,12,Q3 linear_anchor_main overlay + causal prior-day load/PV; no future actual PV
2025-12-05,2025-12-06,12,linear_anchor_main,,7325.705944743457,15837.22757372004,-0.4335482672090848,0.514382170904355,12,Q3 linear_anchor_main overlay + causal prior-day load/PV; no future actual PV
2025-12-05,2025-12-06,12,linear_anchor_main,,7546.26353494397,15741.605212668797,-0.4335482672090848,0.514382170904355,12,Q3 linear_anchor_main overlay + causal prior-day load/PV; no future actual PV
2025-12-05,2025-12-06,12,linear_anchor_main,,7793.198241529785,15634.547098514731,-0.4211205160046231,0.514382170904355,12,Q3 linear_anchor_main overlay + causal prior-day load/PV; no future actual PV
2025-12-05,2025-12-06,12,linear_anchor_main,,8211.873288155717,15458.23444684136,-0.4211205160046231,0.514382170904355,12,Q3 linear_anchor_main overlay + causal prior-day load/PV; no future actual PV
2025-12-05,2025-12-06,12,linear_anchor_main,,8790.093982301105,15215.657572491305,-0.4175155194720311,0.514382170904355,12,Q3 linear_anchor_main overlay + causal prior-day load/PV; no future actual PV
2025-12-05,2025-12-06,12,linear_anchor_main,,10263.970689837219,14601.045341232628,-0.4163770995143705,0.514382170904355,12,Q3 linear_anchor_main overlay + causal prior-day load/PV; no future actual PV
2025-12-05,2025-12-06,12,linear_anchor_main,,10800.0,14378.03396169205,-0.4030006650118583,0.514382170904355,12,Q3 linear_anchor_main overlay + causal prior-day load/PV; no future actual PV
2025-12-05,2025-12-06,18,linear_anchor_main,,1200.0,20234.129813906606,-0.4544192997661961,0.7992968171747634,10,Q3 linear_anchor_main overlay + causal prior-day load/PV; no future actual PV
2025-12-05,2025-12-06,18,linear_anchor_main,,2850.3853265227904,19484.87120281705,-0.4534706164681456,0.7992968171747634,10,Q3 linear_anchor_main overlay + causal prior-day load/PV; no future actual PV
2025-12-05,2025-12-06,18,linear_anchor_main,,3709.580558841014,19095.358181984542,-0.4525219331700951,0.7992968171747634,10,Q3 linear_anchor_main overlay + causal prior-day load/PV; no future actual PV
2025-12-05,2025-12-06,18,linear_anchor_main,,5876.908642692508,18116.16286948441,-0.45104620359534986,0.7992968171747634,10,Q3 linear_anchor_main overlay + causal prior-day load/PV; no future actual PV
2025-12-05,2025-12-06,18,linear_anchor_main,,7916.746839258588,17197.645712621554,-0.4499921110419604,0.7992968171747634,10,Q3 linear_anchor_main overlay + causal prior-day load/PV; no future actual PV
2025-12-05,2025-12-06,18,linear_anchor_main,,8527.11293175291,16923.2045361516,-0.44777851667984253,0.7992968171747634,10,Q3 linear_anchor_main overlay + causal prior-day load/PV; no future actual PV
2025-12-05,2025-12-06,18,linear_anchor_main,,9719.142658013167,16389.597436385862,-0.44746228891382567,0.7992968171747634,10,Q3 linear_anchor_main overlay + causal prior-day load/PV; no future actual PV
2025-12-05,2025-12-06,18,linear_anchor_main,,10009.430584957972,16259.704536151094,-0.4211205160046231,0.7992968171747634,10,Q3 linear_anchor_main overlay + causal prior-day load/PV; no future actual PV
2025-12-05,2025-12-06,18,linear_anchor_main,,10320.345704507154,16128.771800572902,-0.4211205160046231,0.7992968171747634,10,Q3 linear_anchor_main overlay + causal prior-day load/PV; no future actual PV
2025-12-05,2025-12-06,18,linear_anchor_main,,10800.0,15927.280745040289,-0.4030006650118583,0.7992968171747634,10,Q3 linear_anchor_main overlay + causal prior-day load/PV; no future actual PV
2025-12-06,2025-12-07,0,linear_anchor_main,,1200.0,52148.604399070304,-0.4544192997661961,0.7992968171747634,10,Q3 linear_anchor_main overlay + causal prior-day load/PV; no future actual PV
2025-12-06,2025-12-07,0,linear_anchor_main,,2850.3853265227904,51399.34578798074,-0.4534706164681456,0.7992968171747634,10,Q3 linear_anchor_main overlay + causal prior-day load/PV; no future actual PV
2025-12-06,2025-12-07,0,linear_anchor_main,,3709.580558841014,51009.83276714824,-0.4525219331700951,0.7992968171747634,10,Q3 linear_anchor_main overlay + causal prior-day load/PV; no future actual PV
2025-12-06,2025-12-07,0,linear_anchor_main,,5876.908642693554,50030.637454647636,-0.45104620359534986,0.7992968171747634,10,Q3 linear_anchor_main overlay + causal prior-day load/PV; no future actual PV
2025-12-06,2025-12-07,0,linear_anchor_main,,7916.746839260618,49112.120297784335,-0.4499921110419604,0.7992968171747634,10,Q3 linear_anchor_main overlay + causal prior-day load/PV; no future actual PV
2025-12-06,2025-12-07,0,linear_anchor_main,,8527.112931755786,48837.67912131401,-0.44777851667984253,0.7992968171747634,10,Q3 linear_anchor_main overlay + causal prior-day load/PV; no future actual PV
2025-12-06,2025-12-07,0,linear_anchor_main,,9681.544618618746,48320.895726315655,-0.44746228891382567,0.7992968171747634,10,Q3 linear_anchor_main overlay + causal prior-day load/PV; no future actual PV
2025-12-06,2025-12-07,0,linear_anchor_main,,10009.430584957698,48174.179121314904,-0.4211205160046231,0.7992968171747634,10,Q3 linear_anchor_main overlay + causal prior-day load/PV; no future actual PV
2025-12-06,2025-12-07,0,linear_anchor_main,,10304.791018249083,48049.796783239886,-0.4211205160046231,0.7992968171747634,10,Q3 linear_anchor_main overlay + causal prior-day load/PV; no future actual PV
2025-12-06,2025-12-07,0,linear_anchor_main,,10800.0,47841.46034418523,-0.40499289993776433,0.7992968171747634,10,Q3 linear_anchor_main overlay + causal prior-day load/PV; no future actual PV
2025-12-06,2025-12-07,6,linear_anchor_main,,1200.0,52148.604399070304,-0.4544192997661961,0.7992968171747634,10,Q3 linear_anchor_main overlay + causal prior-day load/PV; no future actual PV
2025-12-06,2025-12-07,6,linear_anchor_main,,2850.3853265227904,51399.34578798074,-0.4534706164681456,0.7992968171747634,10,Q3 linear_anchor_main overlay + causal prior-day load/PV; no future actual PV
2025-12-06,2025-12-07,6,linear_anchor_main,,3709.580558841014,51009.83276714824,-0.4525219331700951,0.7992968171747634,10,Q3 linear_anchor_main overlay + causal prior-day load/PV; no future actual PV
2025-12-06,2025-12-07,6,linear_anchor_main,,5876.908642693554,50030.637454647636,-0.45104620359534986,0.7992968171747634,10,Q3 linear_anchor_main overlay + causal prior-day load/PV; no future actual PV
2025-12-06,2025-12-07,6,linear_anchor_main,,7916.746839260618,49112.120297784335,-0.4499921110419604,0.7992968171747634,10,Q3 linear_anchor_main overlay + causal prior-day load/PV; no future actual PV
2025-12-06,2025-12-07,6,linear_anchor_main,,8527.112931755786,48837.67912131401,-0.44777851667984253,0.7992968171747634,10,Q3 linear_anchor_main overlay + causal prior-day load/PV; no future actual PV
2025-12-06,2025-12-07,6,linear_anchor_main,,9681.544618618746,48320.895726315655,-0.44746228891382567,0.7992968171747634,10,Q3 linear_anchor_main overlay + causal prior-day load/PV; no future actual PV
2025-12-06,2025-12-07,6,linear_anchor_main,,10009.430584957698,48174.179121314904,-0.4211205160046231,0.7992968171747634,10,Q3 linear_anchor_main overlay + causal prior-day load/PV; no future actual PV
2025-12-06,2025-12-07,6,linear_anchor_main,,10304.791018249083,48049.796783239886,-0.4211205160046231,0.7992968171747634,10,Q3 linear_anchor_main overlay + causal prior-day load/PV; no future actual PV
2025-12-06,2025-12-07,6,linear_anchor_main,,10800.0,47841.46034418523,-0.40499289993776433,0.7992968171747634,10,Q3 linear_anchor_main overlay + causal prior-day load/PV; no future actual PV
2025-12-06,2025-12-07,12,linear_anchor_main,,1200.0,53538.91404644486,-0.4544192997661961,0.7992968171674875,10,Q3 linear_anchor_main overlay + causal prior-day load/PV; no future actual PV
2025-12-06,2025-12-07,12,linear_anchor_main,,2850.385326518956,52789.65543535704,-0.4534706164681456,0.7992968171674875,10,Q3 linear_anchor_main overlay + causal prior-day load/PV; no future actual PV
2025-12-06,2025-12-07,12,linear_anchor_main,,3709.580558841014,52400.1424145228,-0.4525219331700951,0.7992968171674875,10,Q3 linear_anchor_main overlay + causal prior-day load/PV; no future actual PV
2025-12-06,2025-12-07,12,linear_anchor_main,,5876.908642692508,51420.94710202266,-0.45104620359534986,0.7992968171674875,10,Q3 linear_anchor_main overlay + causal prior-day load/PV; no future actual PV
2025-12-06,2025-12-07,12,linear_anchor_main,,7916.746839258588,50502.429945159805,-0.4499921110419604,0.7992968171674875,10,Q3 linear_anchor_main overlay + causal prior-day load/PV; no future actual PV
2025-12-06,2025-12-07,12,linear_anchor_main,,8527.11293175291,50227.98876868985,-0.44777851667984253,0.7992968171674875,10,Q3 linear_anchor_main overlay + causal prior-day load/PV; no future actual PV
2025-12-06,2025-12-07,12,linear_anchor_main,,9724.879605720165,49691.81460117176,-0.44746228891382567,0.7992968171674875,10,Q3 linear_anchor_main overlay + causal prior-day load/PV; no future actual PV
2025-12-06,2025-12-07,12,linear_anchor_main,,10009.430584957698,49564.488768689465,-0.4211205160046231,0.7992968171674875,10,Q3 linear_anchor_main overlay + causal prior-day load/PV; no future actual PV
2025-12-06,2025-12-07,12,linear_anchor_main,,10326.980325397326,49430.762058138396,-0.4211205160046231,0.7992968171674875,10,Q3 linear_anchor_main overlay + causal prior-day load/PV; no future actual PV
2025-12-06,2025-12-07,12,linear_anchor_main,,10800.0,49231.76999155979,-0.4030006650118583,0.7992968171674875,10,Q3 linear_anchor_main overlay + causal prior-day load/PV; no future actual PV
2025-12-06,2025-12-07,18,linear_anchor_main,,1200.0,54510.87880833007,-0.4544192997661961,0.7992968171747634,10,Q3 linear_anchor_main overlay + causal prior-day load/PV; no future actual PV
2025-12-06,2025-12-07,18,linear_anchor_main,,2850.3853265227904,53761.62019724051,-0.4534706164681456,0.7992968171747634,10,Q3 linear_anchor_main overlay + causal prior-day load/PV; no future actual PV
2025-12-06,2025-12-07,18,linear_anchor_main,,3709.580558843171,53372.10717640703,-0.4525219331700951,0.7992968171747634,10,Q3 linear_anchor_main overlay + causal prior-day load/PV; no future actual PV
2025-12-06,2025-12-07,18,linear_anchor_main,,5876.908642692508,52392.911863907866,-0.45104620359534986,0.7992968171747634,10,Q3 linear_anchor_main overlay + causal prior-day load/PV; no future actual PV
2025-12-06,2025-12-07,18,linear_anchor_main,,7916.746839256558,51474.394707045925,-0.4499921110419604,0.7992968171747634,10,Q3 linear_anchor_main overlay + causal prior-day load/PV; no future actual PV
2025-12-06,2025-12-07,18,linear_anchor_main,,8527.11293175291,51199.95353057506,-0.44777851667984253,0.7992968171747634,10,Q3 linear_anchor_main overlay + causal prior-day load/PV; no future actual PV
2025-12-06,2025-12-07,18,linear_anchor_main,,9724.879605720165,50663.77936305697,-0.44746228891382567,0.7992968171747634,10,Q3 linear_anchor_main overlay + causal prior-day load/PV; no future actual PV
2025-12-06,2025-12-07,18,linear_anchor_main,,10009.430584957972,50536.45353057455,-0.4211205160046231,0.7992968171747634,10,Q3 linear_anchor_main overlay + causal prior-day load/PV; no future actual PV
2025-12-06,2025-12-07,18,linear_anchor_main,,10326.980325397326,50402.7268200236,-0.4211205160046231,0.7992968171747634,10,Q3 linear_anchor_main overlay + causal prior-day load/PV; no future actual PV
2025-12-06,2025-12-07,18,linear_anchor_main,,10800.0,50203.734753445,-0.4030006650118583,0.7992968171747634,10,Q3 linear_anchor_main overlay + causal prior-day load/PV; no future actual PV
2025-12-07,2025-12-08,0,linear_anchor_main,,1200.0,53969.36639888192,-0.4544192997661961,0.7992968171747634,10,Q3 linear_anchor_main overlay + causal prior-day load/PV; no future actual PV
2025-12-07,2025-12-08,0,linear_anchor_main,,2850.3853265227904,53220.10778779235,-0.4534706164681456,0.7992968171747634,10,Q3 linear_anchor_main overlay + causal prior-day load/PV; no future actual PV
2025-12-07,2025-12-08,0,linear_anchor_main,,3709.580558841014,52830.59476695985,-0.4525219331700951,0.7992968171747634,10,Q3 linear_anchor_main overlay + causal prior-day load/PV; no future actual PV
2025-12-07,2025-12-08,0,linear_anchor_main,,5876.908642693554,51851.39945445925,-0.45104620359534986,0.7992968171747634,10,Q3 linear_anchor_main overlay + causal prior-day load/PV; no future actual PV
2025-12-07,2025-12-08,0,linear_anchor_main,,7916.746839260618,50932.88229759595,-0.4499921110419604,0.7992968171747634,10,Q3 linear_anchor_main overlay + causal prior-day load/PV; no future actual PV
2025-12-07,2025-12-08,0,linear_anchor_main,,8527.112931755786,50658.44112112562,-0.44777851667984253,0.7992968171747634,10,Q3 linear_anchor_main overlay + causal prior-day load/PV; no future actual PV
2025-12-07,2025-12-08,0,linear_anchor_main,,9682.258366520358,50141.338350857506,-0.44746228891382567,0.7992968171747634,10,Q3 linear_anchor_main overlay + causal prior-day load/PV; no future actual PV
2025-12-07,2025-12-08,0,linear_anchor_main,,10009.430584957698,49994.94112112652,-0.4211205160046231,0.7992968171747634,10,Q3 linear_anchor_main overlay + causal prior-day load/PV; no future actual PV
2025-12-07,2025-12-08,0,linear_anchor_main,,10305.621686879182,49870.20897144936,-0.4211205160046231,0.7992968171747634,10,Q3 linear_anchor_main overlay + causal prior-day load/PV; no future actual PV
2025-12-07,2025-12-08,0,linear_anchor_main,,10800.0,49662.18706600768,-0.40499289993776433,0.7992968171747634,10,Q3 linear_anchor_main overlay + causal prior-day load/PV; no future actual PV
2025-12-07,2025-12-08,6,linear_anchor_main,,1200.0,53969.36639888192,-0.4544192997661961,0.7992968171747634,10,Q3 linear_anchor_main overlay + causal prior-day load/PV; no future actual PV
2025-12-07,2025-12-08,6,linear_anchor_main,,2850.3853265227904,53220.10778779235,-0.4534706164681456,0.7992968171747634,10,Q3 linear_anchor_main overlay + causal prior-day load/PV; no future actual PV
2025-12-07,2025-12-08,6,linear_anchor_main,,3709.580558841014,52830.59476695985,-0.4525219331700951,0.7992968171747634,10,Q3 linear_anchor_main overlay + causal prior-day load/PV; no future actual PV
2025-12-07,2025-12-08,6,linear_anchor_main,,5876.908642693554,51851.39945445925,-0.45104620359534986,0.7992968171747634,10,Q3 linear_anchor_main overlay + causal prior-day load/PV; no future actual PV
2025-12-07,2025-12-08,6,linear_anchor_main,,7916.746839260618,50932.88229759595,-0.4499921110419604,0.7992968171747634,10,Q3 linear_anchor_main overlay + causal prior-day load/PV; no future actual PV
2025-12-07,2025-12-08,6,linear_anchor_main,,8527.112931755786,50658.44112112562,-0.44777851667984253,0.7992968171747634,10,Q3 linear_anchor_main overlay + causal prior-day load/PV; no future actual PV
2025-12-07,2025-12-08,6,linear_anchor_main,,9682.258366520358,50141.338350857506,-0.44746228891382567,0.7992968171747634,10,Q3 linear_anchor_main overlay + causal prior-day load/PV; no future actual PV
2025-12-07,2025-12-08,6,linear_anchor_main,,10009.430584957698,49994.94112112652,-0.4211205160046231,0.7992968171747634,10,Q3 linear_anchor_main overlay + causal prior-day load/PV; no future actual PV
2025-12-07,2025-12-08,6,linear_anchor_main,,10305.621686879182,49870.20897144936,-0.4211205160046231,0.7992968171747634,10,Q3 linear_anchor_main overlay + causal prior-day load/PV; no future actual PV
2025-12-07,2025-12-08,6,linear_anchor_main,,10800.0,49662.18706600768,-0.40499289993776433,0.7992968171747634,10,Q3 linear_anchor_main overlay + causal prior-day load/PV; no future actual PV
2025-12-07,2025-12-08,12,linear_anchor_main,,1200.0,55351.22724237099,-0.4544192997661961,0.7992968171674875,10,Q3 linear_anchor_main overlay + causal prior-day load/PV; no future actual PV
2025-12-07,2025-12-08,12,linear_anchor_main,,2850.385326518956,54601.96863128317,-0.4534706164681456,0.7992968171674875,10,Q3 linear_anchor_main overlay + causal prior-day load/PV; no future actual PV
2025-12-07,2025-12-08,12,linear_anchor_main,,3709.580558841014,54212.45561044893,-0.4525219331700951,0.7992968171674875,10,Q3 linear_anchor_main overlay + causal prior-day load/PV; no future actual PV
2025-12-07,2025-12-08,12,linear_anchor_main,,5876.908642692508,53233.26029794879,-0.45104620359534986,0.7992968171674875,10,Q3 linear_anchor_main overlay + causal prior-day load/PV; no future actual PV
2025-12-07,2025-12-08,12,linear_anchor_main,,7916.746839258588,52314.743141085935,-0.4499921110419604,0.7992968171674875,10,Q3 linear_anchor_main overlay + causal prior-day load/PV; no future actual PV
2025-12-07,2025-12-08,12,linear_anchor_main,,8527.11293175291,52040.30196461598,-0.44777851667984253,0.7992968171674875,10,Q3 linear_anchor_main overlay + causal prior-day load/PV; no future actual PV
2025-12-07,2025-12-08,12,linear_anchor_main,,9682.258366520358,51523.199194346584,-0.44746228891382567,0.7992968171674875,10,Q3 linear_anchor_main overlay + causal prior-day load/PV; no future actual PV
2025-12-07,2025-12-08,12,linear_anchor_main,,10009.430584957972,51376.80196461547,-0.4211205160046231,0.7992968171674875,10,Q3 linear_anchor_main overlay + causal prior-day load/PV; no future actual PV
2025-12-07,2025-12-08,12,linear_anchor_main,,10305.621686879353,51252.06981493837,-0.4211205160046231,0.7992968171674875,10,Q3 linear_anchor_main overlay + causal prior-day load/PV; no future actual PV
2025-12-07,2025-12-08,12,linear_anchor_main,,10800.0,51044.04790949675,-0.40499289993776433,0.7992968171674875,10,Q3 linear_anchor_main overlay + causal prior-day load/PV; no future actual PV
2025-12-07,2025-12-08,18,linear_anchor_main,,1200.0,50794.79418330296,-0.4544192997661961,0.7992968171747634,10,Q3 linear_anchor_main overlay + causal prior-day load/PV; no future actual PV
2025-12-07,2025-12-08,18,linear_anchor_main,,2850.3853265227904,50045.535572213405,-0.4534706164681456,0.7992968171747634,10,Q3 linear_anchor_main overlay + causal prior-day load/PV; no future actual PV
2025-12-07,2025-12-08,18,linear_anchor_main,,3709.580558841014,49656.0225513809,-0.4525219331700951,0.7992968171747634,10,Q3 linear_anchor_main overlay + causal prior-day load/PV; no future actual PV
2025-12-07,2025-12-08,18,linear_anchor_main,,5876.908642691462,48676.82723888124,-0.45104620359534986,0.7992968171747634,10,Q3 linear_anchor_main overlay + causal prior-day load/PV; no future actual PV
2025-12-07,2025-12-08,18,linear_anchor_main,,7916.746839256558,47758.31008201883,-0.4499921110419604,0.7992968171747634,10,Q3 linear_anchor_main overlay + causal prior-day load/PV; no future actual PV
2025-12-07,2025-12-08,18,linear_anchor_main,,8527.11293175291,47483.86890554796,-0.44777851667984253,0.7992968171747634,10,Q3 linear_anchor_main overlay + causal prior-day load/PV; no future actual PV
2025-12-07,2025-12-08,18,linear_anchor_main,,9725.565699182787,46947.38773707868,-0.44746228891382567,0.7992968171747634,10,Q3 linear_anchor_main overlay + causal prior-day load/PV; no future actual PV
2025-12-07,2025-12-08,18,linear_anchor_main,,10009.430584957972,46820.36890554745,-0.4211205160046231,0.7992968171747634,10,Q3 linear_anchor_main overlay + causal prior-day load/PV; no future actual PV
2025-12-07,2025-12-08,18,linear_anchor_main,,10327.773773455969,46686.30805774062,-0.4211205160046231,0.7992968171747634,10,Q3 linear_anchor_main overlay + causal prior-day load/PV; no future actual PV
2025-12-07,2025-12-08,18,linear_anchor_main,,10800.0,46487.614850428734,-0.4030006650118583,0.7992968171747634,10,Q3 linear_anchor_main overlay + causal prior-day load/PV; no future actual PV
2025-12-08,2025-12-09,0,linear_anchor_main,,1200.0,54203.99107861769,-0.4544192997661961,0.7992968171674875,10,Q3 linear_anchor_main overlay + causal prior-day load/PV; no future actual PV
2025-12-08,2025-12-09,0,linear_anchor_main,,2850.385326518956,53454.73246752987,-0.4534706164681456,0.7992968171674875,10,Q3 linear_anchor_main overlay + causal prior-day load/PV; no future actual PV
2025-12-08,2025-12-09,0,linear_anchor_main,,3709.580558841014,53065.219446695635,-0.4525219331700951,0.7992968171674875,10,Q3 linear_anchor_main overlay + causal prior-day load/PV; no future actual PV
2025-12-08,2025-12-09,0,linear_anchor_main,,5876.908642692508,52086.0241341955,-0.45104620359534986,0.7992968171674875,10,Q3 linear_anchor_main overlay + causal prior-day load/PV; no future actual PV
2025-12-08,2025-12-09,0,linear_anchor_main,,7916.746839258588,51167.50697733264,-0.4499921110419604,0.7992968171674875,10,Q3 linear_anchor_main overlay + causal prior-day load/PV; no future actual PV
2025-12-08,2025-12-09,0,linear_anchor_main,,8527.11293175291,50893.065800862685,-0.44777851667984253,0.7992968171674875,10,Q3 linear_anchor_main overlay + causal prior-day load/PV; no future actual PV
2025-12-08,2025-12-09,0,linear_anchor_main,,9675.788178182836,50378.8581958765,-0.44746228891382567,0.7992968171674875,10,Q3 linear_anchor_main overlay + causal prior-day load/PV; no future actual PV
2025-12-08,2025-12-09,0,linear_anchor_main,,10009.430584957972,50229.56580086218,-0.4211205160046231,0.7992968171674875,10,Q3 linear_anchor_main overlay + causal prior-day load/PV; no future actual PV
2025-12-08,2025-12-09,0,linear_anchor_main,,10302.29005060253,50106.236671573104,-0.4211205160046231,0.7992968171674875,10,Q3 linear_anchor_main overlay + causal prior-day load/PV; no future actual PV
2025-12-08,2025-12-09,0,linear_anchor_main,,10800.0,49896.81158756554,-0.4052775049271795,0.7992968171674875,10,Q3 linear_anchor_main overlay + causal prior-day load/PV; no future actual PV
2025-12-08,2025-12-09,6,linear_anchor_main,,1200.0,54203.99107861769,-0.4544192997661961,0.7992968171674875,10,Q3 linear_anchor_main overlay + causal prior-day load/PV; no future actual PV
2025-12-08,2025-12-09,6,linear_anchor_main,,2850.385326518956,53454.73246752987,-0.4534706164681456,0.7992968171674875,10,Q3 linear_anchor_main overlay + causal prior-day load/PV; no future actual PV
2025-12-08,2025-12-09,6,linear_anchor_main,,3709.580558841014,53065.219446695635,-0.4525219331700951,0.7992968171674875,10,Q3 linear_anchor_main overlay + causal prior-day load/PV; no future actual PV
2025-12-08,2025-12-09,6,linear_anchor_main,,5876.908642692508,52086.0241341955,-0.45104620359534986,0.7992968171674875,10,Q3 linear_anchor_main overlay + causal prior-day load/PV; no future actual PV
2025-12-08,2025-12-09,6,linear_anchor_main,,7916.746839258588,51167.50697733264,-0.4499921110419604,0.7992968171674875,10,Q3 linear_anchor_main overlay + causal prior-day load/PV; no future actual PV
2025-12-08,2025-12-09,6,linear_anchor_main,,8527.11293175291,50893.065800862685,-0.44777851667984253,0.7992968171674875,10,Q3 linear_anchor_main overlay + causal prior-day load/PV; no future actual PV
2025-12-08,2025-12-09,6,linear_anchor_main,,9675.788178182836,50378.8581958765,-0.44746228891382567,0.7992968171674875,10,Q3 linear_anchor_main overlay + causal prior-day load/PV; no future actual PV
2025-12-08,2025-12-09,6,linear_anchor_main,,10009.430584957972,50229.56580086218,-0.4211205160046231,0.7992968171674875,10,Q3 linear_anchor_main overlay + causal prior-day load/PV; no future actual PV
2025-12-08,2025-12-09,6,linear_anchor_main,,10302.29005060253,50106.236671573104,-0.4211205160046231,0.7992968171674875,10,Q3 linear_anchor_main overlay + causal prior-day load/PV; no future actual PV
2025-12-08,2025-12-09,6,linear_anchor_main,,10800.0,49896.81158756554,-0.4052775049271795,0.7992968171674875,10,Q3 linear_anchor_main overlay + causal prior-day load/PV; no future actual PV
2025-12-08,2025-12-09,12,linear_anchor_main,,1200.0,58032.14120525025,-0.4544192997661961,0.7992968171674875,10,Q3 linear_anchor_main overlay + causal prior-day load/PV; no future actual PV
2025-12-08,2025-12-09,12,linear_anchor_main,,2850.385326518956,57282.88259416244,-0.4534706164681456,0.7992968171674875,10,Q3 linear_anchor_main overlay + causal prior-day load/PV; no future actual PV
2025-12-08,2025-12-09,12,linear_anchor_main,,3709.580558841014,56893.36957332819,-0.4525219331700951,0.7992968171674875,10,Q3 linear_anchor_main overlay + causal prior-day load/PV; no future actual PV
2025-12-08,2025-12-09,12,linear_anchor_main,,5876.908642691462,55914.17426082853,-0.45104620359534986,0.7992968171674875,10,Q3 linear_anchor_main overlay + causal prior-day load/PV; no future actual PV
2025-12-08,2025-12-09,12,linear_anchor_main,,7916.746839256558,54995.65710396612,-0.4499921110419604,0.7992968171674875,10,Q3 linear_anchor_main overlay + causal prior-day load/PV; no future actual PV
2025-12-08,2025-12-09,12,linear_anchor_main,,8527.112931755786,54721.21592749396,-0.44777851667984253,0.7992968171674875,10,Q3 linear_anchor_main overlay + causal prior-day load/PV; no future actual PV
2025-12-08,2025-12-09,12,linear_anchor_main,,9725.56877545883,54184.73338250845,-0.44746228891382567,0.7992968171674875,10,Q3 linear_anchor_main overlay + causal prior-day load/PV; no future actual PV
2025-12-08,2025-12-09,12,linear_anchor_main,,10009.430584957698,54057.715927494864,-0.4211205160046231,0.7992968171674875,10,Q3 linear_anchor_main overlay + causal prior-day load/PV; no future actual PV
2025-12-08,2025-12-09,12,linear_anchor_main,,10327.777331083882,53923.65358149781,-0.4211205160046231,0.7992968171674875,10,Q3 linear_anchor_main overlay + causal prior-day load/PV; no future actual PV
2025-12-08,2025-12-09,12,linear_anchor_main,,10800.0,53724.96171419811,-0.4030006650118583,0.7992968171674875,10,Q3 linear_anchor_main overlay + causal prior-day load/PV; no future actual PV
2025-12-08,2025-12-09,18,linear_anchor_main,,1200.0,59010.42072755327,-0.4544192997661961,0.7992968171747634,10,Q3 linear_anchor_main overlay + causal prior-day load/PV; no future actual PV
2025-12-08,2025-12-09,18,linear_anchor_main,,2850.3853265227904,58261.16211646371,-0.4534706164681456,0.7992968171747634,10,Q3 linear_anchor_main overlay + causal prior-day load/PV; no future actual PV
2025-12-08,2025-12-09,18,linear_anchor_main,,3709.580558841014,57871.649095631205,-0.4525219331700951,0.7992968171747634,10,Q3 linear_anchor_main overlay + causal prior-day load/PV; no future actual PV
2025-12-08,2025-12-09,18,linear_anchor_main,,5876.908642692508,56892.45378313107,-0.45104620359534986,0.7992968171747634,10,Q3 linear_anchor_main overlay + causal prior-day load/PV; no future actual PV
2025-12-08,2025-12-09,18,linear_anchor_main,,7916.746839258588,55973.936626268216,-0.4499921110419604,0.7992968171747634,10,Q3 linear_anchor_main overlay + causal prior-day load/PV; no future actual PV
2025-12-08,2025-12-09,18,linear_anchor_main,,8527.11293175291,55699.49544979826,-0.44777851667984253,0.7992968171747634,10,Q3 linear_anchor_main overlay + causal prior-day load/PV; no future actual PV
2025-12-08,2025-12-09,18,linear_anchor_main,,9675.788178182836,55185.287844812075,-0.44746228891382567,0.7992968171747634,10,Q3 linear_anchor_main overlay + causal prior-day load/PV; no future actual PV
2025-12-08,2025-12-09,18,linear_anchor_main,,10009.430584957972,55035.99544979776,-0.4211205160046231,0.7992968171747634,10,Q3 linear_anchor_main overlay + causal prior-day load/PV; no future actual PV
2025-12-08,2025-12-09,18,linear_anchor_main,,10302.29005060253,54912.66632050868,-0.4211205160046231,0.7992968171747634,10,Q3 linear_anchor_main overlay + causal prior-day load/PV; no future actual PV
2025-12-08,2025-12-09,18,linear_anchor_main,,10800.0,54703.24123650112,-0.4052775049271795,0.7992968171747634,10,Q3 linear_anchor_main overlay + causal prior-day load/PV; no future actual PV
2025-12-09,2025-12-10,0,linear_anchor_main,,1200.0,53919.915007803735,-0.4544192997661961,0.7992968171747634,10,Q3 linear_anchor_main overlay + causal prior-day load/PV; no future actual PV
2025-12-09,2025-12-10,0,linear_anchor_main,,2850.385326518956,53170.65639671592,-0.4534706164681456,0.7992968171747634,10,Q3 linear_anchor_main overlay + causal prior-day load/PV; no future actual PV
2025-12-09,2025-12-10,0,linear_anchor_main,,3709.580558841014,52781.14337588168,-0.4525219331700951,0.7992968171747634,10,Q3 linear_anchor_main overlay + causal prior-day load/PV; no future actual PV
2025-12-09,2025-12-10,0,linear_anchor_main,,5876.908642690416,51801.948063382486,-0.45104620359534986,0.7992968171747634,10,Q3 linear_anchor_main overlay + causal prior-day load/PV; no future actual PV
2025-12-09,2025-12-10,0,linear_anchor_main,,7916.746839254528,50883.430906520516,-0.4499921110419604,0.7992968171747634,10,Q3 linear_anchor_main overlay + causal prior-day load/PV; no future actual PV
2025-12-09,2025-12-10,0,linear_anchor_main,,8527.112931750033,50608.98973005002,-0.44777851667984253,0.7992968171747634,10,Q3 linear_anchor_main overlay + causal prior-day load/PV; no future actual PV
2025-12-09,2025-12-10,0,linear_anchor_main,,9675.000221301048,50095.13470605244,-0.44746228891382567,0.7992968171747634,10,Q3 linear_anchor_main overlay + causal prior-day load/PV; no future actual PV
2025-12-09,2025-12-10,0,linear_anchor_main,,10009.430584957972,49945.48973004823,-0.4211205160046231,0.7992968171747634,10,Q3 linear_anchor_main overlay + causal prior-day load/PV; no future actual PV
2025-12-09,2025-12-10,0,linear_anchor_main,,10301.37214580955,49822.54714929922,-0.4211205160046231,0.7992968171747634,10,Q3 linear_anchor_main overlay + causal prior-day load/PV; no future actual PV
2025-12-09,2025-12-10,0,linear_anchor_main,,10800.0,49612.77423836701,-0.4052775049271795,0.7992968171747634,10,Q3 linear_anchor_main overlay + causal prior-day load/PV; no future actual PV
2025-12-09,2025-12-10,6,linear_anchor_main,,1200.0,53919.915007803735,-0.4544192997661961,0.7992968171747634,10,Q3 linear_anchor_main overlay + causal prior-day load/PV; no future actual PV
2025-12-09,2025-12-10,6,linear_anchor_main,,2850.385326518956,53170.65639671592,-0.4534706164681456,0.7992968171747634,10,Q3 linear_anchor_main overlay + causal prior-day load/PV; no future actual PV
2025-12-09,2025-12-10,6,linear_anchor_main,,3709.580558841014,52781.14337588168,-0.4525219331700951,0.7992968171747634,10,Q3 linear_anchor_main overlay + causal prior-day load/PV; no future actual PV
2025-12-09,2025-12-10,6,linear_anchor_main,,5876.908642690416,51801.948063382486,-0.45104620359534986,0.7992968171747634,10,Q3 linear_anchor_main overlay + causal prior-day load/PV; no future actual PV
2025-12-09,2025-12-10,6,linear_anchor_main,,7916.746839254528,50883.430906520516,-0.4499921110419604,0.7992968171747634,10,Q3 linear_anchor_main overlay + causal prior-day load/PV; no future actual PV
2025-12-09,2025-12-10,6,linear_anchor_main,,8527.112931750033,50608.98973005002,-0.44777851667984253,0.7992968171747634,10,Q3 linear_anchor_main overlay + causal prior-day load/PV; no future actual PV
2025-12-09,2025-12-10,6,linear_anchor_main,,9675.000221301048,50095.13470605244,-0.44746228891382567,0.7992968171747634,10,Q3 linear_anchor_main overlay + causal prior-day load/PV; no future actual PV
2025-12-09,2025-12-10,6,linear_anchor_main,,10009.430584957972,49945.48973004823,-0.4211205160046231,0.7992968171747634,10,Q3 linear_anchor_main overlay + causal prior-day load/PV; no future actual PV
2025-12-09,2025-12-10,6,linear_anchor_main,,10301.37214580955,49822.54714929922,-0.4211205160046231,0.7992968171747634,10,Q3 linear_anchor_main overlay + causal prior-day load/PV; no future actual PV
2025-12-09,2025-12-10,6,linear_anchor_main,,10800.0,49612.77423836701,-0.4052775049271795,0.7992968171747634,10,Q3 linear_anchor_main overlay + causal prior-day load/PV; no future actual PV
2025-12-09,2025-12-10,12,linear_anchor_main,,1200.0,53873.853205855485,-0.4544192997661961,0.7992968171747634,10,Q3 linear_anchor_main overlay + causal prior-day load/PV; no future actual PV
2025-12-09,2025-12-10,12,linear_anchor_main,,2850.385326518956,53124.59459476767,-0.4534706164681456,0.7992968171747634,10,Q3 linear_anchor_main overlay + causal prior-day load/PV; no future actual PV
2025-12-09,2025-12-10,12,linear_anchor_main,,3709.580558838857,52735.0815739344,-0.4525219331700951,0.7992968171747634,10,Q3 linear_anchor_main overlay + causal prior-day load/PV; no future actual PV
2025-12-09,2025-12-10,12,linear_anchor_main,,5876.908642691462,51755.88626143377,-0.45104620359534986,0.7992968171747634,10,Q3 linear_anchor_main overlay + causal prior-day load/PV; no future actual PV
2025-12-09,2025-12-10,12,linear_anchor_main,,7916.746839258588,50837.36910457044,-0.4499921110419604,0.7992968171747634,10,Q3 linear_anchor_main overlay + causal prior-day load/PV; no future actual PV
2025-12-09,2025-12-10,12,linear_anchor_main,,8527.11293175291,50562.927928100486,-0.44777851667984253,0.7992968171747634,10,Q3 linear_anchor_main overlay + causal prior-day load/PV; no future actual PV
2025-12-09,2025-12-10,12,linear_anchor_main,,9675.000221301198,50049.07290410412,-0.44746228891382567,0.7992968171747634,10,Q3 linear_anchor_main overlay + causal prior-day load/PV; no future actual PV
2025-12-09,2025-12-10,12,linear_anchor_main,,10009.430584957972,49899.427928099976,-0.4211205160046231,0.7992968171747634,10,Q3 linear_anchor_main overlay + causal prior-day load/PV; no future actual PV
2025-12-09,2025-12-10,12,linear_anchor_main,,10301.37214580955,49776.485347350965,-0.4211205160046231,0.7992968171747634,10,Q3 linear_anchor_main overlay + causal prior-day load/PV; no future actual PV
2025-12-09,2025-12-10,12,linear_anchor_main,,10800.0,49566.712436418755,-0.4052775049271795,0.7992968171747634,10,Q3 linear_anchor_main overlay + causal prior-day load/PV; no future actual PV
2025-12-09,2025-12-10,18,linear_anchor_main,,1200.0,50778.24627671552,-0.4544192997661961,0.7992968171747634,10,Q3 linear_anchor_main overlay + causal prior-day load/PV; no future actual PV
2025-12-09,2025-12-10,18,linear_anchor_main,,2850.3853265266252,50028.98766562422,-0.4534706164681456,0.7992968171747634,10,Q3 linear_anchor_main overlay + causal prior-day load/PV; no future actual PV
2025-12-09,2025-12-10,18,linear_anchor_main,,3709.580558843171,49639.47464479248,-0.4525219331700951,0.7992968171747634,10,Q3 linear_anchor_main overlay + causal prior-day load/PV; no future actual PV
2025-12-09,2025-12-10,18,linear_anchor_main,,5876.908642693554,48660.27933229285,-0.45104620359534986,0.7992968171747634,10,Q3 linear_anchor_main overlay + causal prior-day load/PV; no future actual PV
2025-12-09,2025-12-10,18,linear_anchor_main,,7916.746839258588,47741.76217543047,-0.4499921110419604,0.7992968171747634,10,Q3 linear_anchor_main overlay + causal prior-day load/PV; no future actual PV
2025-12-09,2025-12-10,18,linear_anchor_main,,8527.112931755786,47467.32099895923,-0.44777851667984253,0.7992968171747634,10,Q3 linear_anchor_main overlay + causal prior-day load/PV; no future actual PV
2025-12-09,2025-12-10,18,linear_anchor_main,,9675.000221301494,46953.46597496401,-0.44746228891382567,0.7992968171747634,10,Q3 linear_anchor_main overlay + causal prior-day load/PV; no future actual PV
2025-12-09,2025-12-10,18,linear_anchor_main,,10009.430584957698,46803.820998960124,-0.4211205160046231,0.7992968171747634,10,Q3 linear_anchor_main overlay + causal prior-day load/PV; no future actual PV
2025-12-09,2025-12-10,18,linear_anchor_main,,10301.37214580955,46680.878418210996,-0.4211205160046231,0.7992968171747634,10,Q3 linear_anchor_main overlay + causal prior-day load/PV; no future actual PV
2025-12-09,2025-12-10,18,linear_anchor_main,,10800.0,46471.10550727878,-0.4052775049271795,0.7992968171747634,10,Q3 linear_anchor_main overlay + causal prior-day load/PV; no future actual PV
2025-12-10,2025-12-11,0,linear_anchor_main,,1200.0,54595.157918481214,-0.4544192997661961,0.7992968171747634,10,Q3 linear_anchor_main overlay + causal prior-day load/PV; no future actual PV
2025-12-10,2025-12-11,0,linear_anchor_main,,2850.3853265227904,53845.89930739166,-0.4534706164681456,0.7992968171747634,10,Q3 linear_anchor_main overlay + causal prior-day load/PV; no future actual PV
2025-12-10,2025-12-11,0,linear_anchor_main,,3709.580558841014,53456.38628655915,-0.4525219331700951,0.7992968171747634,10,Q3 linear_anchor_main overlay + causal prior-day load/PV; no future actual PV
2025-12-10,2025-12-11,0,linear_anchor_main,,5876.908642692508,52477.19097405902,-0.45104620359534986,0.7992968171747634,10,Q3 linear_anchor_main overlay + causal prior-day load/PV; no future actual PV
2025-12-10,2025-12-11,0,linear_anchor_main,,7916.746839258588,51558.67381719616,-0.4499921110419604,0.7992968171747634,10,Q3 linear_anchor_main overlay + causal prior-day load/PV; no future actual PV
2025-12-10,2025-12-11,0,linear_anchor_main,,8527.11293175291,51284.23264072621,-0.44777851667984253,0.7992968171747634,10,Q3 linear_anchor_main overlay + causal prior-day load/PV; no future actual PV
2025-12-10,2025-12-11,0,linear_anchor_main,,9675.169843641672,50770.30171712912,-0.44746228891382567,0.7992968171747634,10,Q3 linear_anchor_main overlay + causal prior-day load/PV; no future actual PV
2025-12-10,2025-12-11,0,linear_anchor_main,,10009.430584957972,50620.7326407257,-0.4211205160046231,0.7992968171747634,10,Q3 linear_anchor_main overlay + causal prior-day load/PV; no future actual PV
2025-12-10,2025-12-11,0,linear_anchor_main,,10301.56974184918,50497.70684823052,-0.4211205160046231,0.7992968171747634,10,Q3 linear_anchor_main overlay + causal prior-day load/PV; no future actual PV
2025-12-10,2025-12-11,0,linear_anchor_main,,10800.0,50288.00881349823,-0.4052775049271795,0.7992968171747634,10,Q3 linear_anchor_main overlay + causal prior-day load/PV; no future actual PV
2025-12-10,2025-12-11,6,linear_anchor_main,,1200.0,54595.157918481214,-0.4544192997661961,0.7992968171747634,10,Q3 linear_anchor_main overlay + causal prior-day load/PV; no future actual PV
2025-12-10,2025-12-11,6,linear_anchor_main,,2850.3853265227904,53845.89930739166,-0.4534706164681456,0.7992968171747634,10,Q3 linear_anchor_main overlay + causal prior-day load/PV; no future actual PV
2025-12-10,2025-12-11,6,linear_anchor_main,,3709.580558841014,53456.38628655915,-0.4525219331700951,0.7992968171747634,10,Q3 linear_anchor_main overlay + causal prior-day load/PV; no future actual PV
2025-12-10,2025-12-11,6,linear_anchor_main,,5876.908642692508,52477.19097405902,-0.45104620359534986,0.7992968171747634,10,Q3 linear_anchor_main overlay + causal prior-day load/PV; no future actual PV
2025-12-10,2025-12-11,6,linear_anchor_main,,7916.746839258588,51558.67381719616,-0.4499921110419604,0.7992968171747634,10,Q3 linear_anchor_main overlay + causal prior-day load/PV; no future actual PV
2025-12-10,2025-12-11,6,linear_anchor_main,,8527.11293175291,51284.23264072621,-0.44777851667984253,0.7992968171747634,10,Q3 linear_anchor_main overlay + causal prior-day load/PV; no future actual PV
2025-12-10,2025-12-11,6,linear_anchor_main,,9675.169843641672,50770.30171712912,-0.44746228891382567,0.7992968171747634,10,Q3 linear_anchor_main overlay + causal prior-day load/PV; no future actual PV
2025-12-10,2025-12-11,6,linear_anchor_main,,10009.430584957972,50620.7326407257,-0.4211205160046231,0.7992968171747634,10,Q3 linear_anchor_main overlay + causal prior-day load/PV; no future actual PV
2025-12-10,2025-12-11,6,linear_anchor_main,,10301.56974184918,50497.70684823052,-0.4211205160046231,0.7992968171747634,10,Q3 linear_anchor_main overlay + causal prior-day load/PV; no future actual PV
2025-12-10,2025-12-11,6,linear_anchor_main,,10800.0,50288.00881349823,-0.4052775049271795,0.7992968171747634,10,Q3 linear_anchor_main overlay + causal prior-day load/PV; no future actual PV
2025-12-10,2025-12-11,12,linear_anchor_main,,1200.0,55034.10118297917,-0.4544192997661961,0.7992968171747634,10,Q3 linear_anchor_main overlay + causal prior-day load/PV; no future actual PV
2025-12-10,2025-12-11,12,linear_anchor_main,,2850.385326518956,54284.84257189135,-0.4534706164681456,0.7992968171747634,10,Q3 linear_anchor_main overlay + causal prior-day load/PV; no future actual PV
2025-12-10,2025-12-11,12,linear_anchor_main,,3709.580558838857,53895.32955105809,-0.4525219331700951,0.7992968171747634,10,Q3 linear_anchor_main overlay + causal prior-day load/PV; no future actual PV
2025-12-10,2025-12-11,12,linear_anchor_main,,5876.908642691462,52916.13423855745,-0.45104620359534986,0.7992968171747634,10,Q3 linear_anchor_main overlay + causal prior-day load/PV; no future actual PV
2025-12-10,2025-12-11,12,linear_anchor_main,,7916.746839258588,51997.61708169412,-0.4499921110419604,0.7992968171747634,10,Q3 linear_anchor_main overlay + causal prior-day load/PV; no future actual PV
2025-12-10,2025-12-11,12,linear_anchor_main,,8527.11293175291,51723.17590522417,-0.44777851667984253,0.7992968171747634,10,Q3 linear_anchor_main overlay + causal prior-day load/PV; no future actual PV
2025-12-10,2025-12-11,12,linear_anchor_main,,9724.97782104495,51186.957790052045,-0.44746228891382567,0.7992968171747634,10,Q3 linear_anchor_main overlay + causal prior-day load/PV; no future actual PV
2025-12-10,2025-12-11,12,linear_anchor_main,,10009.430584957972,51059.67590522366,-0.4211205160046231,0.7992968171747634,10,Q3 linear_anchor_main overlay + causal prior-day load/PV; no future actual PV
2025-12-10,2025-12-11,12,linear_anchor_main,,10327.093908696279,50925.90136241524,-0.4211205160046231,0.7992968171747634,10,Q3 linear_anchor_main overlay + causal prior-day load/PV; no future actual PV
2025-12-10,2025-12-11,12,linear_anchor_main,,10800.0,50726.95207799619,-0.4030006650118583,0.7992968171747634,10,Q3 linear_anchor_main overlay + causal prior-day load/PV; no future actual PV
2025-12-10,2025-12-11,18,linear_anchor_main,,1200.0,55262.80393168742,-0.4544192997661961,0.7992968171747634,10,Q3 linear_anchor_main overlay + causal prior-day load/PV; no future actual PV
2025-12-10,2025-12-11,18,linear_anchor_main,,2850.3853265227904,54513.545320597856,-0.4534706164681456,0.7992968171747634,10,Q3 linear_anchor_main overlay + causal prior-day load/PV; no future actual PV
2025-12-10,2025-12-11,18,linear_anchor_main,,3709.580558841014,54124.03229976536,-0.4525219331700951,0.7992968171747634,10,Q3 linear_anchor_main overlay + causal prior-day load/PV; no future actual PV
2025-12-10,2025-12-11,18,linear_anchor_main,,5876.908642692508,53144.836987265226,-0.45104620359534986,0.7992968171747634,10,Q3 linear_anchor_main overlay + causal prior-day load/PV; no future actual PV
2025-12-10,2025-12-11,18,linear_anchor_main,,7916.746839258588,52226.31983040237,-0.4499921110419604,0.7992968171747634,10,Q3 linear_anchor_main overlay + causal prior-day load/PV; no future actual PV
2025-12-10,2025-12-11,18,linear_anchor_main,,8527.11293175291,51951.878653932414,-0.44777851667984253,0.7992968171747634,10,Q3 linear_anchor_main overlay + causal prior-day load/PV; no future actual PV
2025-12-10,2025-12-11,18,linear_anchor_main,,9724.977821045091,51415.66053876023,-0.44746228891382567,0.7992968171747634,10,Q3 linear_anchor_main overlay + causal prior-day load/PV; no future actual PV
2025-12-10,2025-12-11,18,linear_anchor_main,,10009.430584957972,51288.37865393191,-0.4211205160046231,0.7992968171747634,10,Q3 linear_anchor_main overlay + causal prior-day load/PV; no future actual PV
2025-12-10,2025-12-11,18,linear_anchor_main,,10327.093908696279,51154.60411112349,-0.4211205160046231,0.7992968171747634,10,Q3 linear_anchor_main overlay + causal prior-day load/PV; no future actual PV
2025-12-10,2025-12-11,18,linear_anchor_main,,10800.0,50955.654826704435,-0.4030006650118583,0.7992968171747634,10,Q3 linear_anchor_main overlay + causal prior-day load/PV; no future actual PV
2025-12-11,2025-12-12,0,linear_anchor_main,,1200.0,20928.388399443997,-0.4544192997661961,0.7992968171711254,10,Q3 linear_anchor_main overlay + causal prior-day load/PV; no future actual PV
2025-12-11,2025-12-12,0,linear_anchor_main,,2850.385326520873,20179.129788355312,-0.4534706164681456,0.7992968171711254,10,Q3 linear_anchor_main overlay + causal prior-day load/PV; no future actual PV
2025-12-11,2025-12-12,0,linear_anchor_main,,3709.580558841014,19789.616767521937,-0.4525219331700951,0.7992968171711254,10,Q3 linear_anchor_main overlay + causal prior-day load/PV; no future actual PV
2025-12-11,2025-12-12,0,linear_anchor_main,,5876.908642692508,18810.421455021802,-0.45104620359534986,0.7992968171711254,10,Q3 linear_anchor_main overlay + causal prior-day load/PV; no future actual PV
2025-12-11,2025-12-12,0,linear_anchor_main,,7916.746839258588,17891.90429815895,-0.4499921110419604,0.7992968171711254,10,Q3 linear_anchor_main overlay + causal prior-day load/PV; no future actual PV
2025-12-11,2025-12-12,0,linear_anchor_main,,8527.112931755786,17617.463121687702,-0.44777851667984253,0.7992968171711254,10,Q3 linear_anchor_main overlay + causal prior-day load/PV; no future actual PV
2025-12-11,2025-12-12,0,linear_anchor_main,,9719.505593018843,17083.69362219489,-0.44746228891382567,0.7992968171711254,10,Q3 linear_anchor_main overlay + causal prior-day load/PV; no future actual PV
2025-12-11,2025-12-12,0,linear_anchor_main,,10009.430584957972,16953.963121688485,-0.4211205160046231,0.7992968171711254,10,Q3 linear_anchor_main overlay + causal prior-day load/PV; no future actual PV
2025-12-11,2025-12-12,0,linear_anchor_main,,10320.765428774032,16822.853631610447,-0.4211205160046231,0.7992968171711254,10,Q3 linear_anchor_main overlay + causal prior-day load/PV; no future actual PV
2025-12-11,2025-12-12,0,linear_anchor_main,,10800.0,16621.52066895518,-0.4030006650118583,0.7992968171711254,10,Q3 linear_anchor_main overlay + causal prior-day load/PV; no future actual PV
2025-12-11,2025-12-12,6,linear_anchor_main,,1200.0,20928.388399443997,-0.4544192997661961,0.7992968171711254,10,Q3 linear_anchor_main overlay + causal prior-day load/PV; no future actual PV
2025-12-11,2025-12-12,6,linear_anchor_main,,2850.385326520873,20179.129788355312,-0.4534706164681456,0.7992968171711254,10,Q3 linear_anchor_main overlay + causal prior-day load/PV; no future actual PV
2025-12-11,2025-12-12,6,linear_anchor_main,,3709.580558841014,19789.616767521937,-0.4525219331700951,0.7992968171711254,10,Q3 linear_anchor_main overlay + causal prior-day load/PV; no future actual PV
2025-12-11,2025-12-12,6,linear_anchor_main,,5876.908642692508,18810.421455021802,-0.45104620359534986,0.7992968171711254,10,Q3 linear_anchor_main overlay + causal prior-day load/PV; no future actual PV
2025-12-11,2025-12-12,6,linear_anchor_main,,7916.746839258588,17891.90429815895,-0.4499921110419604,0.7992968171711254,10,Q3 linear_anchor_main overlay + causal prior-day load/PV; no future actual PV
2025-12-11,2025-12-12,6,linear_anchor_main,,8527.112931755786,17617.463121687702,-0.44777851667984253,0.7992968171711254,10,Q3 linear_anchor_main overlay + causal prior-day load/PV; no future actual PV
2025-12-11,2025-12-12,6,linear_anchor_main,,9719.505593018843,17083.69362219489,-0.44746228891382567,0.7992968171711254,10,Q3 linear_anchor_main overlay + causal prior-day load/PV; no future actual PV
2025-12-11,2025-12-12,6,linear_anchor_main,,10009.430584957972,16953.963121688485,-0.4211205160046231,0.7992968171711254,10,Q3 linear_anchor_main overlay + causal prior-day load/PV; no future actual PV
2025-12-11,2025-12-12,6,linear_anchor_main,,10320.765428774032,16822.853631610447,-0.4211205160046231,0.7992968171711254,10,Q3 linear_anchor_main overlay + causal prior-day load/PV; no future actual PV
2025-12-11,2025-12-12,6,linear_anchor_main,,10800.0,16621.52066895518,-0.4030006650118583,0.7992968171711254,10,Q3 linear_anchor_main overlay + causal prior-day load/PV; no future actual PV
2025-12-11,2025-12-12,12,linear_anchor_main,,1200.0,20208.052107361313,-0.4544192997661961,0.9423790358705446,10,Q3 linear_anchor_main overlay + causal prior-day load/PV; no future actual PV
2025-12-11,2025-12-12,12,linear_anchor_main,,3236.358778058662,19284.32158569648,-0.4525219331700951,0.9423790358705446,10,Q3 linear_anchor_main overlay + causal prior-day load/PV; no future actual PV
2025-12-11,2025-12-12,12,linear_anchor_main,,5403.686861909408,18305.126273196685,-0.45104620359534986,0.9423790358705446,10,Q3 linear_anchor_main overlay + causal prior-day load/PV; no future actual PV
2025-12-11,2025-12-12,12,linear_anchor_main,,7443.525058474785,17386.609116334144,-0.4499921110419604,0.9423790358705446,10,Q3 linear_anchor_main overlay + causal prior-day load/PV; no future actual PV
2025-12-11,2025-12-12,12,linear_anchor_main,,8053.891150970208,17112.167939863695,-0.44777851667984253,0.9423790358705446,10,Q3 linear_anchor_main overlay + causal prior-day load/PV; no future actual PV
2025-12-11,2025-12-12,12,linear_anchor_main,,9527.422951372708,16452.599277668283,-0.44746228891382567,0.9423790358705446,10,Q3 linear_anchor_main overlay + causal prior-day load/PV; no future actual PV
2025-12-11,2025-12-12,12,linear_anchor_main,,9759.469500270621,16351.873651935155,-0.4335482672090848,0.9423790358705446,10,Q3 linear_anchor_main overlay + causal prior-day load/PV; no future actual PV
2025-12-11,2025-12-12,12,linear_anchor_main,,10009.430584957356,16243.503456799514,-0.4211205160046231,0.9423790358705446,10,Q3 linear_anchor_main overlay + causal prior-day load/PV; no future actual PV
2025-12-11,2025-12-12,12,linear_anchor_main,,10172.673264091005,16174.758615528775,-0.4211205160046231,0.9423790358705446,10,Q3 linear_anchor_main overlay + causal prior-day load/PV; no future actual PV
2025-12-11,2025-12-12,12,linear_anchor_main,,10800.0,15911.061004065949,-0.4030006650118583,0.9423790358705446,10,Q3 linear_anchor_main overlay + causal prior-day load/PV; no future actual PV
2025-12-11,2025-12-12,18,linear_anchor_main,,1200.0,23758.312523008226,-0.4544192997661961,0.7992968171711254,10,Q3 linear_anchor_main overlay + causal prior-day load/PV; no future actual PV
2025-12-11,2025-12-12,18,linear_anchor_main,,2850.385326520873,23009.05391191954,-0.4534706164681456,0.7992968171711254,10,Q3 linear_anchor_main overlay + causal prior-day load/PV; no future actual PV
2025-12-11,2025-12-12,18,linear_anchor_main,,3709.580558841014,22619.540891086166,-0.4525219331700951,0.7992968171711254,10,Q3 linear_anchor_main overlay + causal prior-day load/PV; no future actual PV
2025-12-11,2025-12-12,18,linear_anchor_main,,5876.908642692508,21640.34557858603,-0.45104620359534986,0.7992968171711254,10,Q3 linear_anchor_main overlay + causal prior-day load/PV; no future actual PV
2025-12-11,2025-12-12,18,linear_anchor_main,,7916.746839258588,20721.828421723178,-0.4499921110419604,0.7992968171711254,10,Q3 linear_anchor_main overlay + causal prior-day load/PV; no future actual PV
2025-12-11,2025-12-12,18,linear_anchor_main,,8527.112931754347,20447.387245252576,-0.44777851667984253,0.7992968171711254,10,Q3 linear_anchor_main overlay + causal prior-day load/PV; no future actual PV
2025-12-11,2025-12-12,18,linear_anchor_main,,9719.505593018843,19913.61774575912,-0.44746228891382567,0.7992968171711254,10,Q3 linear_anchor_main overlay + causal prior-day load/PV; no future actual PV
2025-12-11,2025-12-12,18,linear_anchor_main,,10009.430584957834,19783.887245252772,-0.4211205160046231,0.7992968171711254,10,Q3 linear_anchor_main overlay + causal prior-day load/PV; no future actual PV
2025-12-11,2025-12-12,18,linear_anchor_main,,10320.765428774032,19652.777755174677,-0.4211205160046231,0.7992968171711254,10,Q3 linear_anchor_main overlay + causal prior-day load/PV; no future actual PV
2025-12-11,2025-12-12,18,linear_anchor_main,,10800.0,19451.44479251941,-0.4030006650118583,0.7992968171711254,10,Q3 linear_anchor_main overlay + causal prior-day load/PV; no future actual PV
2025-12-12,2025-12-13,0,linear_anchor_main,,1200.0,21185.981638572226,-0.4544192997661961,0.7992968171711254,10,Q3 linear_anchor_main overlay + causal prior-day load/PV; no future actual PV
2025-12-12,2025-12-13,0,linear_anchor_main,,2850.385326520873,20436.72302748354,-0.4534706164681456,0.7992968171711254,10,Q3 linear_anchor_main overlay + causal prior-day load/PV; no future actual PV
2025-12-12,2025-12-13,0,linear_anchor_main,,3709.580558841014,20047.210006650166,-0.4525219331700951,0.7992968171711254,10,Q3 linear_anchor_main overlay + causal prior-day load/PV; no future actual PV
2025-12-12,2025-12-13,0,linear_anchor_main,,5876.908642692508,19068.01469415003,-0.45104620359534986,0.7992968171711254,10,Q3 linear_anchor_main overlay + causal prior-day load/PV; no future actual PV
2025-12-12,2025-12-13,0,linear_anchor_main,,7916.746839258588,18149.497537287178,-0.4499921110419604,0.7992968171711254,10,Q3 linear_anchor_main overlay + causal prior-day load/PV; no future actual PV
2025-12-12,2025-12-13,0,linear_anchor_main,,8527.112931754347,17875.056360816576,-0.44777851667984253,0.7992968171711254,10,Q3 linear_anchor_main overlay + causal prior-day load/PV; no future actual PV
2025-12-12,2025-12-13,0,linear_anchor_main,,9719.760369182448,17341.17285859779,-0.44746228891382567,0.7992968171711254,10,Q3 linear_anchor_main overlay + causal prior-day load/PV; no future actual PV
2025-12-12,2025-12-13,0,linear_anchor_main,,10009.430584957834,17211.556360816776,-0.4211205160046231,0.7992968171711254,10,Q3 linear_anchor_main overlay + causal prior-day load/PV; no future actual PV
2025-12-12,2025-12-13,0,linear_anchor_main,,10321.060070340192,17080.3227911303,-0.4211205160046231,0.7992968171711254,10,Q3 linear_anchor_main overlay + causal prior-day load/PV; no future actual PV
2025-12-12,2025-12-13,0,linear_anchor_main,,10800.0,16879.10080784091,-0.4030006650118583,0.7992968171711254,10,Q3 linear_anchor_main overlay + causal prior-day load/PV; no future actual PV
2025-12-12,2025-12-13,6,linear_anchor_main,,1200.0,21185.981638572226,-0.4544192997661961,0.7992968171711254,10,Q3 linear_anchor_main overlay + causal prior-day load/PV; no future actual PV
2025-12-12,2025-12-13,6,linear_anchor_main,,2850.385326520873,20436.72302748354,-0.4534706164681456,0.7992968171711254,10,Q3 linear_anchor_main overlay + causal prior-day load/PV; no future actual PV
2025-12-12,2025-12-13,6,linear_anchor_main,,3709.580558841014,20047.210006650166,-0.4525219331700951,0.7992968171711254,10,Q3 linear_anchor_main overlay + causal prior-day load/PV; no future actual PV
2025-12-12,2025-12-13,6,linear_anchor_main,,5876.908642692508,19068.01469415003,-0.45104620359534986,0.7992968171711254,10,Q3 linear_anchor_main overlay + causal prior-day load/PV; no future actual PV
2025-12-12,2025-12-13,6,linear_anchor_main,,7916.746839258588,18149.497537287178,-0.4499921110419604,0.7992968171711254,10,Q3 linear_anchor_main overlay + causal prior-day load/PV; no future actual PV
2025-12-12,2025-12-13,6,linear_anchor_main,,8527.112931754347,17875.056360816576,-0.44777851667984253,0.7992968171711254,10,Q3 linear_anchor_main overlay + causal prior-day load/PV; no future actual PV
2025-12-12,2025-12-13,6,linear_anchor_main,,9719.760369182448,17341.17285859779,-0.44746228891382567,0.7992968171711254,10,Q3 linear_anchor_main overlay + causal prior-day load/PV; no future actual PV
2025-12-12,2025-12-13,6,linear_anchor_main,,10009.430584957834,17211.556360816776,-0.4211205160046231,0.7992968171711254,10,Q3 linear_anchor_main overlay + causal prior-day load/PV; no future actual PV
2025-12-12,2025-12-13,6,linear_anchor_main,,10321.060070340192,17080.3227911303,-0.4211205160046231,0.7992968171711254,10,Q3 linear_anchor_main overlay + causal prior-day load/PV; no future actual PV
2025-12-12,2025-12-13,6,linear_anchor_main,,10800.0,16879.10080784091,-0.4030006650118583,0.7992968171711254,10,Q3 linear_anchor_main overlay + causal prior-day load/PV; no future actual PV
2025-12-12,2025-12-13,12,linear_anchor_main,,1200.0,22534.973405141376,-0.4544192997661961,0.9558392818435095,9,Q3 linear_anchor_main overlay + causal prior-day load/PV; no future actual PV
2025-12-12,2025-12-13,12,linear_anchor_main,,2850.385326518956,21785.71479405356,-0.4534706164681456,0.9558392818435095,9,Q3 linear_anchor_main overlay + causal prior-day load/PV; no future actual PV
2025-12-12,2025-12-13,12,linear_anchor_main,,3709.5805588399353,21396.201773219807,-0.4525219331700951,0.9558392818435095,9,Q3 linear_anchor_main overlay + causal prior-day load/PV; no future actual PV
2025-12-12,2025-12-13,12,linear_anchor_main,,5876.908642691985,20417.00646071942,-0.45104620359534986,0.9558392818435095,9,Q3 linear_anchor_main overlay + causal prior-day load/PV; no future actual PV
2025-12-12,2025-12-13,12,linear_anchor_main,,7916.746839258588,19498.48930385633,-0.4499921110419604,0.9558392818435095,9,Q3 linear_anchor_main overlay + causal prior-day load/PV; no future actual PV
2025-12-12,2025-12-13,12,linear_anchor_main,,9518.840525376088,18780.068678364747,-0.44746228891382567,0.9558392818435095,9,Q3 linear_anchor_main overlay + causal prior-day load/PV; no future actual PV
2025-12-12,2025-12-13,12,linear_anchor_main,,10009.430584957834,18560.548127385926,-0.4211205160046231,0.9558392818435095,9,Q3 linear_anchor_main overlay + causal prior-day load/PV; no future actual PV
2025-12-12,2025-12-13,12,linear_anchor_main,,10214.952614160193,18473.998584397912,-0.4211205160046231,0.9558392818435095,9,Q3 linear_anchor_main overlay + causal prior-day load/PV; no future actual PV
2025-12-12,2025-12-13,12,linear_anchor_main,,10800.0,18228.092574410064,-0.41106447304528765,0.9558392818435095,9,Q3 linear_anchor_main overlay + causal prior-day load/PV; no future actual PV
2025-12-12,2025-12-13,18,linear_anchor_main,,1200.0,19075.091871550867,-0.45336520721280665,0.756724667196977,11,Q3 linear_anchor_main overlay + causal prior-day load/PV; no future actual PV
2025-12-12,2025-12-13,18,linear_anchor_main,,3106.542437206716,18211.95025525123,-0.45167865912738353,0.756724667196977,11,Q3 linear_anchor_main overlay + causal prior-day load/PV; no future actual PV
2025-12-12,2025-12-13,18,linear_anchor_main,,4688.7099848139,17498.268624367753,-0.45030833880797727,0.756724667196977,11,Q3 linear_anchor_main overlay + causal prior-day load/PV; no future actual PV
2025-12-12,2025-12-13,18,linear_anchor_main,,6600.4957715058545,16637.667209272462,-0.4499921110419604,0.756724667196977,11,Q3 linear_anchor_main overlay + causal prior-day load/PV; no future actual PV
2025-12-12,2025-12-13,18,linear_anchor_main,,7278.927680866237,16333.58830856413,-0.44777851667984253,0.756724667196977,11,Q3 linear_anchor_main overlay + causal prior-day load/PV; no future actual PV
2025-12-12,2025-12-13,18,linear_anchor_main,,8295.827961538633,15878.486653717777,-0.44746228891382567,0.756724667196977,11,Q3 linear_anchor_main overlay + causal prior-day load/PV; no future actual PV
2025-12-12,2025-12-13,18,linear_anchor_main,,8401.58901042039,15832.38968979243,-0.4335482672090848,0.756724667196977,11,Q3 linear_anchor_main overlay + causal prior-day load/PV; no future actual PV
2025-12-12,2025-12-13,18,linear_anchor_main,,8730.69015304992,15690.421482910988,-0.4211205160046231,0.756724667196977,11,Q3 linear_anchor_main overlay + causal prior-day load/PV; no future actual PV
2025-12-12,2025-12-13,18,linear_anchor_main,,9391.088916450308,15412.666057427594,-0.41950775439793714,0.756724667196977,11,Q3 linear_anchor_main overlay + causal prior-day load/PV; no future actual PV
2025-12-12,2025-12-13,18,linear_anchor_main,,10489.280118509394,14953.767713876345,-0.4169463094932008,0.756724667196977,11,Q3 linear_anchor_main overlay + causal prior-day load/PV; no future actual PV
2025-12-12,2025-12-13,18,linear_anchor_main,,10800.0,14824.240428002588,-0.41106447304528765,0.756724667196977,11,Q3 linear_anchor_main overlay + causal prior-day load/PV; no future actual PV
2025-12-13,2025-12-14,0,linear_anchor_main,,1200.0,54833.75304495888,-0.4544192997661961,0.7992968171747634,10,Q3 linear_anchor_main overlay + causal prior-day load/PV; no future actual PV
2025-12-13,2025-12-14,0,linear_anchor_main,,2850.3853265227904,54084.494433869324,-0.4534706164681456,0.7992968171747634,10,Q3 linear_anchor_main overlay + causal prior-day load/PV; no future actual PV
2025-12-13,2025-12-14,0,linear_anchor_main,,3709.580558841014,53694.98141303682,-0.4525219331700951,0.7992968171747634,10,Q3 linear_anchor_main overlay + causal prior-day load/PV; no future actual PV
2025-12-13,2025-12-14,0,linear_anchor_main,,5876.908642692508,52715.78610053669,-0.45104620359534986,0.7992968171747634,10,Q3 linear_anchor_main overlay + causal prior-day load/PV; no future actual PV
2025-12-13,2025-12-14,0,linear_anchor_main,,7916.746839258588,51797.26894367383,-0.4499921110419604,0.7992968171747634,10,Q3 linear_anchor_main overlay + causal prior-day load/PV; no future actual PV
2025-12-13,2025-12-14,0,linear_anchor_main,,8527.11293175291,51522.82776720388,-0.44777851667984253,0.7992968171747634,10,Q3 linear_anchor_main overlay + causal prior-day load/PV; no future actual PV
2025-12-13,2025-12-14,0,linear_anchor_main,,9725.652006284594,50986.30797956127,-0.44746228891382567,0.7992968171747634,10,Q3 linear_anchor_main overlay + causal prior-day load/PV; no future actual PV
2025-12-13,2025-12-14,0,linear_anchor_main,,10009.430584957698,50859.32776720349,-0.4211205160046231,0.7992968171747634,10,Q3 linear_anchor_main overlay + causal prior-day load/PV; no future actual PV
2025-12-13,2025-12-14,0,linear_anchor_main,,10327.873585225036,50725.22488661285,-0.4211205160046231,0.7992968171747634,10,Q3 linear_anchor_main overlay + causal prior-day load/PV; no future actual PV
2025-12-13,2025-12-14,0,linear_anchor_main,,10800.0,50526.56927429131,-0.4030006650118583,0.7992968171747634,10,Q3 linear_anchor_main overlay + causal prior-day load/PV; no future actual PV
2025-12-13,2025-12-14,6,linear_anchor_main,,1200.0,54833.75304495888,-0.4544192997661961,0.7992968171747634,10,Q3 linear_anchor_main overlay + causal prior-day load/PV; no future actual PV
2025-12-13,2025-12-14,6,linear_anchor_main,,2850.3853265227904,54084.494433869324,-0.4534706164681456,0.7992968171747634,10,Q3 linear_anchor_main overlay + causal prior-day load/PV; no future actual PV
2025-12-13,2025-12-14,6,linear_anchor_main,,3709.580558841014,53694.98141303682,-0.4525219331700951,0.7992968171747634,10,Q3 linear_anchor_main overlay + causal prior-day load/PV; no future actual PV
2025-12-13,2025-12-14,6,linear_anchor_main,,5876.908642692508,52715.78610053669,-0.45104620359534986,0.7992968171747634,10,Q3 linear_anchor_main overlay + causal prior-day load/PV; no future actual PV
2025-12-13,2025-12-14,6,linear_anchor_main,,7916.746839258588,51797.26894367383,-0.4499921110419604,0.7992968171747634,10,Q3 linear_anchor_main overlay + causal prior-day load/PV; no future actual PV
2025-12-13,2025-12-14,6,linear_anchor_main,,8527.11293175291,51522.82776720388,-0.44777851667984253,0.7992968171747634,10,Q3 linear_anchor_main overlay + causal prior-day load/PV; no future actual PV
2025-12-13,2025-12-14,6,linear_anchor_main,,9725.652006284594,50986.30797956127,-0.44746228891382567,0.7992968171747634,10,Q3 linear_anchor_main overlay + causal prior-day load/PV; no future actual PV
2025-12-13,2025-12-14,6,linear_anchor_main,,10009.430584957698,50859.32776720349,-0.4211205160046231,0.7992968171747634,10,Q3 linear_anchor_main overlay + causal prior-day load/PV; no future actual PV
2025-12-13,2025-12-14,6,linear_anchor_main,,10327.873585225036,50725.22488661285,-0.4211205160046231,0.7992968171747634,10,Q3 linear_anchor_main overlay + causal prior-day load/PV; no future actual PV
2025-12-13,2025-12-14,6,linear_anchor_main,,10800.0,50526.56927429131,-0.4030006650118583,0.7992968171747634,10,Q3 linear_anchor_main overlay + causal prior-day load/PV; no future actual PV
2025-12-13,2025-12-14,12,linear_anchor_main,,1200.0,52778.22062563493,-0.4544192997661961,0.7992968171747634,10,Q3 linear_anchor_main overlay + causal prior-day load/PV; no future actual PV
2025-12-13,2025-12-14,12,linear_anchor_main,,2850.3853265227904,52028.962014545374,-0.4534706164681456,0.7992968171747634,10,Q3 linear_anchor_main overlay + causal prior-day load/PV; no future actual PV
2025-12-13,2025-12-14,12,linear_anchor_main,,3709.580558841014,51639.44899371287,-0.4525219331700951,0.7992968171747634,10,Q3 linear_anchor_main overlay + causal prior-day load/PV; no future actual PV
2025-12-13,2025-12-14,12,linear_anchor_main,,5876.908642692508,50660.25368121274,-0.45104620359534986,0.7992968171747634,10,Q3 linear_anchor_main overlay + causal prior-day load/PV; no future actual PV
2025-12-13,2025-12-14,12,linear_anchor_main,,7916.746839258588,49741.736524349886,-0.4499921110419604,0.7992968171747634,10,Q3 linear_anchor_main overlay + causal prior-day load/PV; no future actual PV
2025-12-13,2025-12-14,12,linear_anchor_main,,8527.112931755786,49467.29534787864,-0.44777851667984253,0.7992968171747634,10,Q3 linear_anchor_main overlay + causal prior-day load/PV; no future actual PV
2025-12-13,2025-12-14,12,linear_anchor_main,,9675.87526526278,48953.04877470961,-0.44746228891382567,0.7992968171747634,10,Q3 linear_anchor_main overlay + causal prior-day load/PV; no future actual PV
2025-12-13,2025-12-14,12,linear_anchor_main,,10009.430584957698,48803.79534787954,-0.4211205160046231,0.7992968171747634,10,Q3 linear_anchor_main overlay + causal prior-day load/PV; no future actual PV
2025-12-13,2025-12-14,12,linear_anchor_main,,10302.391499869573,48680.42349622266,-0.4211205160046231,0.7992968171747634,10,Q3 linear_anchor_main overlay + causal prior-day load/PV; no future actual PV
2025-12-13,2025-12-14,12,linear_anchor_main,,10800.0,48471.036854967366,-0.4052775049271795,0.7992968171747634,10,Q3 linear_anchor_main overlay + causal prior-day load/PV; no future actual PV
2025-12-13,2025-12-14,18,linear_anchor_main,,1200.0,55878.83471407843,-0.4544192997661961,0.7992968171747634,10,Q3 linear_anchor_main overlay + causal prior-day load/PV; no future actual PV
2025-12-13,2025-12-14,18,linear_anchor_main,,2850.3853265227904,55129.576102988874,-0.4534706164681456,0.7992968171747634,10,Q3 linear_anchor_main overlay + causal prior-day load/PV; no future actual PV
2025-12-13,2025-12-14,18,linear_anchor_main,,3709.580558841014,54740.06308215637,-0.4525219331700951,0.7992968171747634,10,Q3 linear_anchor_main overlay + causal prior-day load/PV; no future actual PV
2025-12-13,2025-12-14,18,linear_anchor_main,,5876.908642692508,53760.86776965624,-0.45104620359534986,0.7992968171747634,10,Q3 linear_anchor_main overlay + causal prior-day load/PV; no future actual PV
2025-12-13,2025-12-14,18,linear_anchor_main,,7916.746839258588,52842.35061279338,-0.4499921110419604,0.7992968171747634,10,Q3 linear_anchor_main overlay + causal prior-day load/PV; no future actual PV
2025-12-13,2025-12-14,18,linear_anchor_main,,8527.11293175291,52567.909436323425,-0.44777851667984253,0.7992968171747634,10,Q3 linear_anchor_main overlay + causal prior-day load/PV; no future actual PV
2025-12-13,2025-12-14,18,linear_anchor_main,,9725.652006284594,52031.38964868082,-0.44746228891382567,0.7992968171747634,10,Q3 linear_anchor_main overlay + causal prior-day load/PV; no future actual PV
2025-12-13,2025-12-14,18,linear_anchor_main,,10009.430584957698,51904.40943632304,-0.4211205160046231,0.7992968171747634,10,Q3 linear_anchor_main overlay + causal prior-day load/PV; no future actual PV
2025-12-13,2025-12-14,18,linear_anchor_main,,10327.873585225036,51770.3065557324,-0.4211205160046231,0.7992968171747634,10,Q3 linear_anchor_main overlay + causal prior-day load/PV; no future actual PV
2025-12-13,2025-12-14,18,linear_anchor_main,,10800.0,51571.65094341086,-0.4030006650118583,0.7992968171747634,10,Q3 linear_anchor_main overlay + causal prior-day load/PV; no future actual PV
2025-12-14,2025-12-15,0,linear_anchor_main,,1200.0,55073.39993414316,-0.4544192997661961,0.7992968171674875,10,Q3 linear_anchor_main overlay + causal prior-day load/PV; no future actual PV
2025-12-14,2025-12-15,0,linear_anchor_main,,2850.3853265227904,54324.1413230536,-0.4534706164681456,0.7992968171674875,10,Q3 linear_anchor_main overlay + causal prior-day load/PV; no future actual PV
2025-12-14,2025-12-15,0,linear_anchor_main,,3709.580558843171,53934.628302220124,-0.4525219331700951,0.7992968171674875,10,Q3 linear_anchor_main overlay + causal prior-day load/PV; no future actual PV
2025-12-14,2025-12-15,0,linear_anchor_main,,5876.908642693554,52955.43298972049,-0.45104620359534986,0.7992968171674875,10,Q3 linear_anchor_main overlay + causal prior-day load/PV; no future actual PV
2025-12-14,2025-12-15,0,linear_anchor_main,,7916.746839258588,52036.91583285811,-0.4499921110419604,0.7992968171674875,10,Q3 linear_anchor_main overlay + causal prior-day load/PV; no future actual PV
2025-12-14,2025-12-15,0,linear_anchor_main,,8527.112931755786,51762.47465638687,-0.44777851667984253,0.7992968171674875,10,Q3 linear_anchor_main overlay + causal prior-day load/PV; no future actual PV
2025-12-14,2025-12-15,0,linear_anchor_main,,9676.800856057054,51247.813916242434,-0.44746228891382567,0.7992968171674875,10,Q3 linear_anchor_main overlay + causal prior-day load/PV; no future actual PV
2025-12-14,2025-12-15,0,linear_anchor_main,,10009.430584957421,51098.97465638788,-0.4211205160046231,0.7992968171674875,10,Q3 linear_anchor_main overlay + causal prior-day load/PV; no future actual PV
2025-12-14,2025-12-15,0,linear_anchor_main,,10303.469736821651,50975.14873702926,-0.4211205160046231,0.7992968171674875,10,Q3 linear_anchor_main overlay + causal prior-day load/PV; no future actual PV
2025-12-14,2025-12-15,0,linear_anchor_main,,10800.0,50766.17067828268,-0.4052775049271795,0.7992968171674875,10,Q3 linear_anchor_main overlay + causal prior-day load/PV; no future actual PV
2025-12-14,2025-12-15,6,linear_anchor_main,,1200.0,55073.39993414316,-0.4544192997661961,0.7992968171674875,10,Q3 linear_anchor_main overlay + causal prior-day load/PV; no future actual PV
2025-12-14,2025-12-15,6,linear_anchor_main,,2850.3853265227904,54324.1413230536,-0.4534706164681456,0.7992968171674875,10,Q3 linear_anchor_main overlay + causal prior-day load/PV; no future actual PV
2025-12-14,2025-12-15,6,linear_anchor_main,,3709.580558843171,53934.628302220124,-0.4525219331700951,0.7992968171674875,10,Q3 linear_anchor_main overlay + causal prior-day load/PV; no future actual PV
2025-12-14,2025-12-15,6,linear_anchor_main,,5876.908642693554,52955.43298972049,-0.45104620359534986,0.7992968171674875,10,Q3 linear_anchor_main overlay + causal prior-day load/PV; no future actual PV
2025-12-14,2025-12-15,6,linear_anchor_main,,7916.746839258588,52036.91583285811,-0.4499921110419604,0.7992968171674875,10,Q3 linear_anchor_main overlay + causal prior-day load/PV; no future actual PV
2025-12-14,2025-12-15,6,linear_anchor_main,,8527.112931755786,51762.47465638687,-0.44777851667984253,0.7992968171674875,10,Q3 linear_anchor_main overlay + causal prior-day load/PV; no future actual PV
2025-12-14,2025-12-15,6,linear_anchor_main,,9676.800856057054,51247.813916242434,-0.44746228891382567,0.7992968171674875,10,Q3 linear_anchor_main overlay + causal prior-day load/PV; no future actual PV
2025-12-14,2025-12-15,6,linear_anchor_main,,10009.430584957421,51098.97465638788,-0.4211205160046231,0.7992968171674875,10,Q3 linear_anchor_main overlay + causal prior-day load/PV; no future actual PV
2025-12-14,2025-12-15,6,linear_anchor_main,,10303.469736821651,50975.14873702926,-0.4211205160046231,0.7992968171674875,10,Q3 linear_anchor_main overlay + causal prior-day load/PV; no future actual PV
2025-12-14,2025-12-15,6,linear_anchor_main,,10800.0,50766.17067828268,-0.4052775049271795,0.7992968171674875,10,Q3 linear_anchor_main overlay + causal prior-day load/PV; no future actual PV
2025-12-14,2025-12-15,12,linear_anchor_main,,1200.0,57236.94933598534,-0.4544192997661961,0.7992968171674875,10,Q3 linear_anchor_main overlay + causal prior-day load/PV; no future actual PV
2025-12-14,2025-12-15,12,linear_anchor_main,,2850.385326518956,56487.69072489752,-0.4534706164681456,0.7992968171674875,10,Q3 linear_anchor_main overlay + causal prior-day load/PV; no future actual PV
2025-12-14,2025-12-15,12,linear_anchor_main,,3709.580558841014,56098.17770406328,-0.4525219331700951,0.7992968171674875,10,Q3 linear_anchor_main overlay + causal prior-day load/PV; no future actual PV
2025-12-14,2025-12-15,12,linear_anchor_main,,5876.908642692508,55118.98239156314,-0.45104620359534986,0.7992968171674875,10,Q3 linear_anchor_main overlay + causal prior-day load/PV; no future actual PV
2025-12-14,2025-12-15,12,linear_anchor_main,,7916.746839258588,54200.46523470029,-0.4499921110419604,0.7992968171674875,10,Q3 linear_anchor_main overlay + causal prior-day load/PV; no future actual PV
2025-12-14,2025-12-15,12,linear_anchor_main,,8527.112931755786,53926.02405822905,-0.44777851667984253,0.7992968171674875,10,Q3 linear_anchor_main overlay + causal prior-day load/PV; no future actual PV
2025-12-14,2025-12-15,12,linear_anchor_main,,9683.268413507807,53408.46933002402,-0.44746228891382567,0.7992968171674875,10,Q3 linear_anchor_main overlay + causal prior-day load/PV; no future actual PV
2025-12-14,2025-12-15,12,linear_anchor_main,,10009.430584957972,53262.52405822983,-0.4211205160046231,0.7992968171674875,10,Q3 linear_anchor_main overlay + causal prior-day load/PV; no future actual PV
2025-12-14,2025-12-15,12,linear_anchor_main,,10306.797192047916,53137.29687920956,-0.4211205160046231,0.7992968171674875,10,Q3 linear_anchor_main overlay + causal prior-day load/PV; no future actual PV
2025-12-14,2025-12-15,12,linear_anchor_main,,10800.0,52929.720080124855,-0.40499289993776433,0.7992968171674875,10,Q3 linear_anchor_main overlay + causal prior-day load/PV; no future actual PV
2025-12-14,2025-12-15,18,linear_anchor_main,,1200.0,54507.09998264603,-0.4544192997661961,0.7992968171674875,10,Q3 linear_anchor_main overlay + causal prior-day load/PV; no future actual PV
2025-12-14,2025-12-15,18,linear_anchor_main,,2850.385326518956,53757.841371558214,-0.4534706164681456,0.7992968171674875,10,Q3 linear_anchor_main overlay + causal prior-day load/PV; no future actual PV
2025-12-14,2025-12-15,18,linear_anchor_main,,3709.580558841014,53368.328350723976,-0.4525219331700951,0.7992968171674875,10,Q3 linear_anchor_main overlay + causal prior-day load/PV; no future actual PV
2025-12-14,2025-12-15,18,linear_anchor_main,,5876.908642692508,52389.13303822384,-0.45104620359534986,0.7992968171674875,10,Q3 linear_anchor_main overlay + causal prior-day load/PV; no future actual PV
2025-12-14,2025-12-15,18,linear_anchor_main,,7916.746839258588,51470.61588136098,-0.4499921110419604,0.7992968171674875,10,Q3 linear_anchor_main overlay + causal prior-day load/PV; no future actual PV
2025-12-14,2025-12-15,18,linear_anchor_main,,8527.11293175291,51196.17470489103,-0.44777851667984253,0.7992968171674875,10,Q3 linear_anchor_main overlay + causal prior-day load/PV; no future actual PV
2025-12-14,2025-12-15,18,linear_anchor_main,,9726.536611508502,50659.259089770145,-0.44746228891382567,0.7992968171674875,10,Q3 linear_anchor_main overlay + causal prior-day load/PV; no future actual PV
2025-12-14,2025-12-15,18,linear_anchor_main,,10009.430584957972,50532.67470489052,-0.4211205160046231,0.7992968171674875,10,Q3 linear_anchor_main overlay + causal prior-day load/PV; no future actual PV
2025-12-14,2025-12-15,18,linear_anchor_main,,10328.89660662907,50398.14100899844,-0.4211205160046231,0.7992968171674875,10,Q3 linear_anchor_main overlay + causal prior-day load/PV; no future actual PV
2025-12-14,2025-12-15,18,linear_anchor_main,,10800.0,50199.87072678555,-0.4030006650118583,0.7992968171674875,10,Q3 linear_anchor_main overlay + causal prior-day load/PV; no future actual PV
2025-12-15,2025-12-16,0,linear_anchor_main,,1200.0,54694.63006803555,-0.4544192997661961,0.7992968171674875,10,Q3 linear_anchor_main overlay + causal prior-day load/PV; no future actual PV
2025-12-15,2025-12-16,0,linear_anchor_main,,2850.385326518956,53945.37145694773,-0.4534706164681456,0.7992968171674875,10,Q3 linear_anchor_main overlay + causal prior-day load/PV; no future actual PV
2025-12-15,2025-12-16,0,linear_anchor_main,,3709.580558841014,53555.85843611349,-0.4525219331700951,0.7992968171674875,10,Q3 linear_anchor_main overlay + causal prior-day load/PV; no future actual PV
2025-12-15,2025-12-16,0,linear_anchor_main,,5876.908642692508,52576.663123613354,-0.45104620359534986,0.7992968171674875,10,Q3 linear_anchor_main overlay + causal prior-day load/PV; no future actual PV
2025-12-15,2025-12-16,0,linear_anchor_main,,7916.746839258588,51658.1459667505,-0.4499921110419604,0.7992968171674875,10,Q3 linear_anchor_main overlay + causal prior-day load/PV; no future actual PV
2025-12-15,2025-12-16,0,linear_anchor_main,,8527.11293175291,51383.70479028055,-0.44777851667984253,0.7992968171674875,10,Q3 linear_anchor_main overlay + causal prior-day load/PV; no future actual PV
2025-12-15,2025-12-16,0,linear_anchor_main,,9726.154499197894,50846.96015600879,-0.44746228891382567,0.7992968171674875,10,Q3 linear_anchor_main overlay + causal prior-day load/PV; no future actual PV
2025-12-15,2025-12-16,0,linear_anchor_main,,10009.430584957698,50720.20479028016,-0.4211205160046231,0.7992968171674875,10,Q3 linear_anchor_main overlay + causal prior-day load/PV; no future actual PV
2025-12-15,2025-12-16,0,linear_anchor_main,,10328.454704340984,50585.85718850755,-0.4211205160046231,0.7992968171674875,10,Q3 linear_anchor_main overlay + causal prior-day load/PV; no future actual PV
2025-12-15,2025-12-16,0,linear_anchor_main,,10800.0,50387.4204598684,-0.4030006650118583,0.7992968171674875,10,Q3 linear_anchor_main overlay + causal prior-day load/PV; no future actual PV
2025-12-15,2025-12-16,6,linear_anchor_main,,1200.0,54694.63006803555,-0.4544192997661961,0.7992968171674875,10,Q3 linear_anchor_main overlay + causal prior-day load/PV; no future actual PV
2025-12-15,2025-12-16,6,linear_anchor_main,,2850.385326518956,53945.37145694773,-0.4534706164681456,0.7992968171674875,10,Q3 linear_anchor_main overlay + causal prior-day load/PV; no future actual PV
2025-12-15,2025-12-16,6,linear_anchor_main,,3709.580558841014,53555.85843611349,-0.4525219331700951,0.7992968171674875,10,Q3 linear_anchor_main overlay + causal prior-day load/PV; no future actual PV
2025-12-15,2025-12-16,6,linear_anchor_main,,5876.908642692508,52576.663123613354,-0.45104620359534986,0.7992968171674875,10,Q3 linear_anchor_main overlay + causal prior-day load/PV; no future actual PV
2025-12-15,2025-12-16,6,linear_anchor_main,,7916.746839258588,51658.1459667505,-0.4499921110419604,0.7992968171674875,10,Q3 linear_anchor_main overlay + causal prior-day load/PV; no future actual PV
2025-12-15,2025-12-16,6,linear_anchor_main,,8527.11293175291,51383.70479028055,-0.44777851667984253,0.7992968171674875,10,Q3 linear_anchor_main overlay + causal prior-day load/PV; no future actual PV
2025-12-15,2025-12-16,6,linear_anchor_main,,9726.154499197894,50846.96015600879,-0.44746228891382567,0.7992968171674875,10,Q3 linear_anchor_main overlay + causal prior-day load/PV; no future actual PV
2025-12-15,2025-12-16,6,linear_anchor_main,,10009.430584957698,50720.20479028016,-0.4211205160046231,0.7992968171674875,10,Q3 linear_anchor_main overlay + causal prior-day load/PV; no future actual PV
2025-12-15,2025-12-16,6,linear_anchor_main,,10328.454704340984,50585.85718850755,-0.4211205160046231,0.7992968171674875,10,Q3 linear_anchor_main overlay + causal prior-day load/PV; no future actual PV
2025-12-15,2025-12-16,6,linear_anchor_main,,10800.0,50387.4204598684,-0.4030006650118583,0.7992968171674875,10,Q3 linear_anchor_main overlay + causal prior-day load/PV; no future actual PV
2025-12-15,2025-12-16,12,linear_anchor_main,,1200.0,55912.040613078345,-0.4544192997661961,0.7992968171747634,10,Q3 linear_anchor_main overlay + causal prior-day load/PV; no future actual PV
2025-12-15,2025-12-16,12,linear_anchor_main,,2850.3853265227904,55162.78200198878,-0.4534706164681456,0.7992968171747634,10,Q3 linear_anchor_main overlay + causal prior-day load/PV; no future actual PV
2025-12-15,2025-12-16,12,linear_anchor_main,,3709.580558843171,54773.26898115531,-0.4525219331700951,0.7992968171747634,10,Q3 linear_anchor_main overlay + causal prior-day load/PV; no future actual PV
2025-12-15,2025-12-16,12,linear_anchor_main,,5876.908642692508,53794.07366865614,-0.45104620359534986,0.7992968171747634,10,Q3 linear_anchor_main overlay + causal prior-day load/PV; no future actual PV
2025-12-15,2025-12-16,12,linear_anchor_main,,7916.746839256558,52875.5565117942,-0.4499921110419604,0.7992968171747634,10,Q3 linear_anchor_main overlay + causal prior-day load/PV; no future actual PV
2025-12-15,2025-12-16,12,linear_anchor_main,,8527.11293175291,52601.11533532334,-0.44777851667984253,0.7992968171747634,10,Q3 linear_anchor_main overlay + causal prior-day load/PV; no future actual PV
2025-12-15,2025-12-16,12,linear_anchor_main,,9726.154499198035,52064.37070105152,-0.44746228891382567,0.7992968171747634,10,Q3 linear_anchor_main overlay + causal prior-day load/PV; no future actual PV
2025-12-15,2025-12-16,12,linear_anchor_main,,10009.430584957972,51937.61533532283,-0.4211205160046231,0.7992968171747634,10,Q3 linear_anchor_main overlay + causal prior-day load/PV; no future actual PV
2025-12-15,2025-12-16,12,linear_anchor_main,,10328.454704341148,51803.26773355027,-0.4211205160046231,0.7992968171747634,10,Q3 linear_anchor_main overlay + causal prior-day load/PV; no future actual PV
2025-12-15,2025-12-16,12,linear_anchor_main,,10800.0,51604.83100491119,-0.4030006650118583,0.7992968171747634,10,Q3 linear_anchor_main overlay + causal prior-day load/PV; no future actual PV
2025-12-15,2025-12-16,18,linear_anchor_main,,1200.0,55883.28734134607,-0.4544192997661961,0.7992968171674875,10,Q3 linear_anchor_main overlay + causal prior-day load/PV; no future actual PV
2025-12-15,2025-12-16,18,linear_anchor_main,,2850.385326518956,55134.02873025825,-0.4534706164681456,0.7992968171674875,10,Q3 linear_anchor_main overlay + causal prior-day load/PV; no future actual PV
2025-12-15,2025-12-16,18,linear_anchor_main,,3709.580558841014,54744.51570942401,-0.4525219331700951,0.7992968171674875,10,Q3 linear_anchor_main overlay + causal prior-day load/PV; no future actual PV
2025-12-15,2025-12-16,18,linear_anchor_main,,5876.908642691462,53765.32039692435,-0.45104620359534986,0.7992968171674875,10,Q3 linear_anchor_main overlay + causal prior-day load/PV; no future actual PV
2025-12-15,2025-12-16,18,linear_anchor_main,,7916.746839256558,52846.80324006194,-0.4499921110419604,0.7992968171674875,10,Q3 linear_anchor_main overlay + causal prior-day load/PV; no future actual PV
2025-12-15,2025-12-16,18,linear_anchor_main,,8527.112931755786,52572.36206358978,-0.44777851667984253,0.7992968171674875,10,Q3 linear_anchor_main overlay + causal prior-day load/PV; no future actual PV
2025-12-15,2025-12-16,18,linear_anchor_main,,9726.154499197894,52035.61742931932,-0.44746228891382567,0.7992968171674875,10,Q3 linear_anchor_main overlay + causal prior-day load/PV; no future actual PV
2025-12-15,2025-12-16,18,linear_anchor_main,,10009.430584957972,51908.86206359057,-0.4211205160046231,0.7992968171674875,10,Q3 linear_anchor_main overlay + causal prior-day load/PV; no future actual PV
2025-12-15,2025-12-16,18,linear_anchor_main,,10328.454704341148,51774.514461818,-0.4211205160046231,0.7992968171674875,10,Q3 linear_anchor_main overlay + causal prior-day load/PV; no future actual PV
2025-12-15,2025-12-16,18,linear_anchor_main,,10800.0,51576.07773317892,-0.4030006650118583,0.7992968171674875,10,Q3 linear_anchor_main overlay + causal prior-day load/PV; no future actual PV
2025-12-16,2025-12-17,0,linear_anchor_main,,1200.0,54487.208943615886,-0.4544192997661961,0.7992968171747634,10,Q3 linear_anchor_main overlay + causal prior-day load/PV; no future actual PV
2025-12-16,2025-12-17,0,linear_anchor_main,,2850.385326515121,53737.950332529814,-0.4534706164681456,0.7992968171747634,10,Q3 linear_anchor_main overlay + causal prior-day load/PV; no future actual PV
2025-12-16,2025-12-17,0,linear_anchor_main,,3709.580558841014,53348.43731169384,-0.4525219331700951,0.7992968171747634,10,Q3 linear_anchor_main overlay + causal prior-day load/PV; no future actual PV
2025-12-16,2025-12-17,0,linear_anchor_main,,5876.908642692508,52369.24199919369,-0.45104620359534986,0.7992968171747634,10,Q3 linear_anchor_main overlay + causal prior-day load/PV; no future actual PV
2025-12-16,2025-12-17,0,linear_anchor_main,,7916.746839258588,51450.724842330834,-0.4499921110419604,0.7992968171747634,10,Q3 linear_anchor_main overlay + causal prior-day load/PV; no future actual PV
2025-12-16,2025-12-17,0,linear_anchor_main,,8527.11293175291,51176.28366586089,-0.44777851667984253,0.7992968171747634,10,Q3 linear_anchor_main overlay + causal prior-day load/PV; no future actual PV
2025-12-16,2025-12-17,0,linear_anchor_main,,9725.44235292362,50639.85769019106,-0.44746228891382567,0.7992968171747634,10,Q3 linear_anchor_main overlay + causal prior-day load/PV; no future actual PV
2025-12-16,2025-12-17,0,linear_anchor_main,,10009.430584957972,50512.78366586038,-0.4211205160046231,0.7992968171747634,10,Q3 linear_anchor_main overlay + causal prior-day load/PV; no future actual PV
2025-12-16,2025-12-17,0,linear_anchor_main,,10327.631126928487,50378.7828894328,-0.4211205160046231,0.7992968171747634,10,Q3 linear_anchor_main overlay + causal prior-day load/PV; no future actual PV
2025-12-16,2025-12-17,0,linear_anchor_main,,10800.0,50180.03595303791,-0.4030006650118583,0.7992968171747634,10,Q3 linear_anchor_main overlay + causal prior-day load/PV; no future actual PV
2025-12-16,2025-12-17,6,linear_anchor_main,,1200.0,54487.208943615886,-0.4544192997661961,0.7992968171747634,10,Q3 linear_anchor_main overlay + causal prior-day load/PV; no future actual PV
2025-12-16,2025-12-17,6,linear_anchor_main,,2850.385326515121,53737.950332529814,-0.4534706164681456,0.7992968171747634,10,Q3 linear_anchor_main overlay + causal prior-day load/PV; no future actual PV
2025-12-16,2025-12-17,6,linear_anchor_main,,3709.580558841014,53348.43731169384,-0.4525219331700951,0.7992968171747634,10,Q3 linear_anchor_main overlay + causal prior-day load/PV; no future actual PV
2025-12-16,2025-12-17,6,linear_anchor_main,,5876.908642692508,52369.24199919369,-0.45104620359534986,0.7992968171747634,10,Q3 linear_anchor_main overlay + causal prior-day load/PV; no future actual PV
2025-12-16,2025-12-17,6,linear_anchor_main,,7916.746839258588,51450.724842330834,-0.4499921110419604,0.7992968171747634,10,Q3 linear_anchor_main overlay + causal prior-day load/PV; no future actual PV
2025-12-16,2025-12-17,6,linear_anchor_main,,8527.11293175291,51176.28366586089,-0.44777851667984253,0.7992968171747634,10,Q3 linear_anchor_main overlay + causal prior-day load/PV; no future actual PV
2025-12-16,2025-12-17,6,linear_anchor_main,,9725.44235292362,50639.85769019106,-0.44746228891382567,0.7992968171747634,10,Q3 linear_anchor_main overlay + causal prior-day load/PV; no future actual PV
2025-12-16,2025-12-17,6,linear_anchor_main,,10009.430584957972,50512.78366586038,-0.4211205160046231,0.7992968171747634,10,Q3 linear_anchor_main overlay + causal prior-day load/PV; no future actual PV
2025-12-16,2025-12-17,6,linear_anchor_main,,10327.631126928487,50378.7828894328,-0.4211205160046231,0.7992968171747634,10,Q3 linear_anchor_main overlay + causal prior-day load/PV; no future actual PV
2025-12-16,2025-12-17,6,linear_anchor_main,,10800.0,50180.03595303791,-0.4030006650118583,0.7992968171747634,10,Q3 linear_anchor_main overlay + causal prior-day load/PV; no future actual PV
2025-12-16,2025-12-17,12,linear_anchor_main,,1200.0,58065.88661956625,-0.4544192997661961,0.7992968171674875,10,Q3 linear_anchor_main overlay + causal prior-day load/PV; no future actual PV
2025-12-16,2025-12-17,12,linear_anchor_main,,2850.385326518956,57316.62800847844,-0.4534706164681456,0.7992968171674875,10,Q3 linear_anchor_main overlay + causal prior-day load/PV; no future actual PV
2025-12-16,2025-12-17,12,linear_anchor_main,,3709.580558841014,56927.11498764419,-0.4525219331700951,0.7992968171674875,10,Q3 linear_anchor_main overlay + causal prior-day load/PV; no future actual PV
2025-12-16,2025-12-17,12,linear_anchor_main,,5876.908642692508,55947.919675144054,-0.45104620359534986,0.7992968171674875,10,Q3 linear_anchor_main overlay + causal prior-day load/PV; no future actual PV
2025-12-16,2025-12-17,12,linear_anchor_main,,7916.746839258588,55029.4025182812,-0.4499921110419604,0.7992968171674875,10,Q3 linear_anchor_main overlay + causal prior-day load/PV; no future actual PV
2025-12-16,2025-12-17,12,linear_anchor_main,,8527.11293175291,54754.96134181124,-0.44777851667984253,0.7992968171674875,10,Q3 linear_anchor_main overlay + causal prior-day load/PV; no future actual PV
2025-12-16,2025-12-17,12,linear_anchor_main,,9725.442352923761,54218.535366141354,-0.44746228891382567,0.7992968171674875,10,Q3 linear_anchor_main overlay + causal prior-day load/PV; no future actual PV
2025-12-16,2025-12-17,12,linear_anchor_main,,10009.430584957972,54091.46134181073,-0.4211205160046231,0.7992968171674875,10,Q3 linear_anchor_main overlay + causal prior-day load/PV; no future actual PV
2025-12-16,2025-12-17,12,linear_anchor_main,,10327.63112692865,53957.460565383095,-0.4211205160046231,0.7992968171674875,10,Q3 linear_anchor_main overlay + causal prior-day load/PV; no future actual PV
2025-12-16,2025-12-17,12,linear_anchor_main,,10800.0,53758.71362898826,-0.4030006650118583,0.7992968171674875,10,Q3 linear_anchor_main overlay + causal prior-day load/PV; no future actual PV
2025-12-16,2025-12-17,18,linear_anchor_main,,1200.0,57837.45607805014,-0.4544192997661961,0.7992968171747634,10,Q3 linear_anchor_main overlay + causal prior-day load/PV; no future actual PV
2025-12-16,2025-12-17,18,linear_anchor_main,,2850.385326518956,57088.19746696233,-0.4534706164681456,0.7992968171747634,10,Q3 linear_anchor_main overlay + causal prior-day load/PV; no future actual PV
2025-12-16,2025-12-17,18,linear_anchor_main,,3709.580558838857,56698.68444612906,-0.4525219331700951,0.7992968171747634,10,Q3 linear_anchor_main overlay + causal prior-day load/PV; no future actual PV
2025-12-16,2025-12-17,18,linear_anchor_main,,5876.908642692508,55719.489133627954,-0.45104620359534986,0.7992968171747634,10,Q3 linear_anchor_main overlay + causal prior-day load/PV; no future actual PV
2025-12-16,2025-12-17,18,linear_anchor_main,,7916.746839260618,54800.97197676418,-0.4499921110419604,0.7992968171747634,10,Q3 linear_anchor_main overlay + causal prior-day load/PV; no future actual PV
2025-12-16,2025-12-17,18,linear_anchor_main,,8527.112931755786,54526.530800293855,-0.44777851667984253,0.7992968171747634,10,Q3 linear_anchor_main overlay + causal prior-day load/PV; no future actual PV
2025-12-16,2025-12-17,18,linear_anchor_main,,9725.44235292362,53990.10482462531,-0.44746228891382567,0.7992968171747634,10,Q3 linear_anchor_main overlay + causal prior-day load/PV; no future actual PV
2025-12-16,2025-12-17,18,linear_anchor_main,,10009.430584957698,53863.03080029475,-0.4211205160046231,0.7992968171747634,10,Q3 linear_anchor_main overlay + causal prior-day load/PV; no future actual PV
2025-12-16,2025-12-17,18,linear_anchor_main,,10327.631126928487,53729.03002386706,-0.4211205160046231,0.7992968171747634,10,Q3 linear_anchor_main overlay + causal prior-day load/PV; no future actual PV
2025-12-16,2025-12-17,18,linear_anchor_main,,10800.0,53530.28308747216,-0.4030006650118583,0.7992968171747634,10,Q3 linear_anchor_main overlay + causal prior-day load/PV; no future actual PV
2025-12-17,2025-12-18,0,linear_anchor_main,,1200.0,54991.52379457269,-0.4544192997661961,0.7992968171674875,10,Q3 linear_anchor_main overlay + causal prior-day load/PV; no future actual PV
2025-12-17,2025-12-18,0,linear_anchor_main,,2850.385326518956,54242.26518348488,-0.4534706164681456,0.7992968171674875,10,Q3 linear_anchor_main overlay + causal prior-day load/PV; no future actual PV
2025-12-17,2025-12-18,0,linear_anchor_main,,3709.580558841014,53852.752162650635,-0.4525219331700951,0.7992968171674875,10,Q3 linear_anchor_main overlay + causal prior-day load/PV; no future actual PV
2025-12-17,2025-12-18,0,linear_anchor_main,,5876.908642691462,52873.55685015097,-0.45104620359534986,0.7992968171674875,10,Q3 linear_anchor_main overlay + causal prior-day load/PV; no future actual PV
2025-12-17,2025-12-18,0,linear_anchor_main,,7916.746839256558,51955.039693288556,-0.4499921110419604,0.7992968171674875,10,Q3 linear_anchor_main overlay + causal prior-day load/PV; no future actual PV
2025-12-17,2025-12-18,0,linear_anchor_main,,8527.11293175291,51680.598516817685,-0.44777851667984253,0.7992968171674875,10,Q3 linear_anchor_main overlay + causal prior-day load/PV; no future actual PV
2025-12-17,2025-12-18,0,linear_anchor_main,,9676.003755897542,51166.29444893384,-0.44746228891382567,0.7992968171674875,10,Q3 linear_anchor_main overlay + causal prior-day load/PV; no future actual PV
2025-12-17,2025-12-18,0,linear_anchor_main,,10009.430584957698,51017.0985168173,-0.4211205160046231,0.7992968171674875,10,Q3 linear_anchor_main overlay + causal prior-day load/PV; no future actual PV
2025-12-17,2025-12-18,0,linear_anchor_main,,10302.541180864062,50893.663631422794,-0.4211205160046231,0.7992968171674875,10,Q3 linear_anchor_main overlay + causal prior-day load/PV; no future actual PV
2025-12-17,2025-12-18,0,linear_anchor_main,,10800.0,50684.333709644714,-0.4052775049271795,0.7992968171674875,10,Q3 linear_anchor_main overlay + causal prior-day load/PV; no future actual PV
2025-12-17,2025-12-18,6,linear_anchor_main,,1200.0,54991.52379457269,-0.4544192997661961,0.7992968171674875,10,Q3 linear_anchor_main overlay + causal prior-day load/PV; no future actual PV
2025-12-17,2025-12-18,6,linear_anchor_main,,2850.385326518956,54242.26518348488,-0.4534706164681456,0.7992968171674875,10,Q3 linear_anchor_main overlay + causal prior-day load/PV; no future actual PV
2025-12-17,2025-12-18,6,linear_anchor_main,,3709.580558841014,53852.752162650635,-0.4525219331700951,0.7992968171674875,10,Q3 linear_anchor_main overlay + causal prior-day load/PV; no future actual PV
2025-12-17,2025-12-18,6,linear_anchor_main,,5876.908642691462,52873.55685015097,-0.45104620359534986,0.7992968171674875,10,Q3 linear_anchor_main overlay + causal prior-day load/PV; no future actual PV
2025-12-17,2025-12-18,6,linear_anchor_main,,7916.746839256558,51955.039693288556,-0.4499921110419604,0.7992968171674875,10,Q3 linear_anchor_main overlay + causal prior-day load/PV; no future actual PV
2025-12-17,2025-12-18,6,linear_anchor_main,,8527.11293175291,51680.598516817685,-0.44777851667984253,0.7992968171674875,10,Q3 linear_anchor_main overlay + causal prior-day load/PV; no future actual PV
2025-12-17,2025-12-18,6,linear_anchor_main,,9676.003755897542,51166.29444893384,-0.44746228891382567,0.7992968171674875,10,Q3 linear_anchor_main overlay + causal prior-day load/PV; no future actual PV
2025-12-17,2025-12-18,6,linear_anchor_main,,10009.430584957698,51017.0985168173,-0.4211205160046231,0.7992968171674875,10,Q3 linear_anchor_main overlay + causal prior-day load/PV; no future actual PV
2025-12-17,2025-12-18,6,linear_anchor_main,,10302.541180864062,50893.663631422794,-0.4211205160046231,0.7992968171674875,10,Q3 linear_anchor_main overlay + causal prior-day load/PV; no future actual PV
2025-12-17,2025-12-18,6,linear_anchor_main,,10800.0,50684.333709644714,-0.4052775049271795,0.7992968171674875,10,Q3 linear_anchor_main overlay + causal prior-day load/PV; no future actual PV
2025-12-17,2025-12-18,12,linear_anchor_main,,1200.0,53197.5853288964,-0.4544192997661961,0.7992968171674875,10,Q3 linear_anchor_main overlay + causal prior-day load/PV; no future actual PV
2025-12-17,2025-12-18,12,linear_anchor_main,,2850.3853265227904,52448.326717806834,-0.4534706164681456,0.7992968171674875,10,Q3 linear_anchor_main overlay + causal prior-day load/PV; no future actual PV
2025-12-17,2025-12-18,12,linear_anchor_main,,3709.580558843171,52058.81369697336,-0.4525219331700951,0.7992968171674875,10,Q3 linear_anchor_main overlay + causal prior-day load/PV; no future actual PV
2025-12-17,2025-12-18,12,linear_anchor_main,,5876.908642693554,51079.618384473724,-0.45104620359534986,0.7992968171674875,10,Q3 linear_anchor_main overlay + causal prior-day load/PV; no future actual PV
2025-12-17,2025-12-18,12,linear_anchor_main,,7916.746839258588,50161.10122761135,-0.4499921110419604,0.7992968171674875,10,Q3 linear_anchor_main overlay + causal prior-day load/PV; no future actual PV
2025-12-17,2025-12-18,12,linear_anchor_main,,8527.112931755786,49886.660051140105,-0.44777851667984253,0.7992968171674875,10,Q3 linear_anchor_main overlay + causal prior-day load/PV; no future actual PV
2025-12-17,2025-12-18,12,linear_anchor_main,,9725.774807297294,49350.08531467656,-0.44746228891382567,0.7992968171674875,10,Q3 linear_anchor_main overlay + causal prior-day load/PV; no future actual PV
2025-12-17,2025-12-18,12,linear_anchor_main,,10009.430584957698,49223.160051141,-0.4211205160046231,0.7992968171674875,10,Q3 linear_anchor_main overlay + causal prior-day load/PV; no future actual PV
2025-12-17,2025-12-18,12,linear_anchor_main,,10328.015601189772,49088.99736471401,-0.4211205160046231,0.7992968171674875,10,Q3 linear_anchor_main overlay + causal prior-day load/PV; no future actual PV
2025-12-17,2025-12-18,12,linear_anchor_main,,10800.0,48890.39524396841,-0.4030006650118583,0.7992968171674875,10,Q3 linear_anchor_main overlay + causal prior-day load/PV; no future actual PV
2025-12-17,2025-12-18,18,linear_anchor_main,,1200.0,54688.22736465449,-0.4544192997661961,0.7992968171747634,10,Q3 linear_anchor_main overlay + causal prior-day load/PV; no future actual PV
2025-12-17,2025-12-18,18,linear_anchor_main,,2850.385326518956,53938.968753566674,-0.4534706164681456,0.7992968171747634,10,Q3 linear_anchor_main overlay + causal prior-day load/PV; no future actual PV
2025-12-17,2025-12-18,18,linear_anchor_main,,3709.580558841014,53549.45573273244,-0.4525219331700951,0.7992968171747634,10,Q3 linear_anchor_main overlay + causal prior-day load/PV; no future actual PV
2025-12-17,2025-12-18,18,linear_anchor_main,,5876.908642691462,52570.26042023277,-0.45104620359534986,0.7992968171747634,10,Q3 linear_anchor_main overlay + causal prior-day load/PV; no future actual PV
2025-12-17,2025-12-18,18,linear_anchor_main,,7916.746839256558,51651.74326337036,-0.4499921110419604,0.7992968171747634,10,Q3 linear_anchor_main overlay + causal prior-day load/PV; no future actual PV
2025-12-17,2025-12-18,18,linear_anchor_main,,8527.11293175291,51377.30208689949,-0.44777851667984253,0.7992968171747634,10,Q3 linear_anchor_main overlay + causal prior-day load/PV; no future actual PV
2025-12-17,2025-12-18,18,linear_anchor_main,,9676.00375589769,50862.99801901558,-0.44746228891382567,0.7992968171747634,10,Q3 linear_anchor_main overlay + causal prior-day load/PV; no future actual PV
2025-12-17,2025-12-18,18,linear_anchor_main,,10009.430584957972,50713.802086898984,-0.4211205160046231,0.7992968171747634,10,Q3 linear_anchor_main overlay + causal prior-day load/PV; no future actual PV
2025-12-17,2025-12-18,18,linear_anchor_main,,10302.541180864235,50590.367201504516,-0.4211205160046231,0.7992968171747634,10,Q3 linear_anchor_main overlay + causal prior-day load/PV; no future actual PV
2025-12-17,2025-12-18,18,linear_anchor_main,,10800.0,50381.03727972651,-0.4052775049271795,0.7992968171747634,10,Q3 linear_anchor_main overlay + causal prior-day load/PV; no future actual PV
2025-12-18,2025-12-19,0,linear_anchor_main,,1200.0,21073.513096913997,-0.4544192997661961,0.7992968171747634,10,Q3 linear_anchor_main overlay + causal prior-day load/PV; no future actual PV
2025-12-18,2025-12-19,0,linear_anchor_main,,2850.385326520873,20324.25448582531,-0.4534706164681456,0.7992968171747634,10,Q3 linear_anchor_main overlay + causal prior-day load/PV; no future actual PV
2025-12-18,2025-12-19,0,linear_anchor_main,,3709.5805588399353,19934.741464992425,-0.4525219331700951,0.7992968171747634,10,Q3 linear_anchor_main overlay + causal prior-day load/PV; no future actual PV
2025-12-18,2025-12-19,0,linear_anchor_main,,5876.908642691985,18955.546152492043,-0.45104620359534986,0.7992968171747634,10,Q3 linear_anchor_main overlay + causal prior-day load/PV; no future actual PV
2025-12-18,2025-12-19,0,linear_anchor_main,,7916.746839258588,18037.02899562895,-0.4499921110419604,0.7992968171747634,10,Q3 linear_anchor_main overlay + causal prior-day load/PV; no future actual PV
2025-12-18,2025-12-19,0,linear_anchor_main,,8527.11293175291,17762.587819158995,-0.44777851667984253,0.7992968171747634,10,Q3 linear_anchor_main overlay + causal prior-day load/PV; no future actual PV
2025-12-18,2025-12-19,0,linear_anchor_main,,9720.154664405936,17228.527884696356,-0.44746228891382567,0.7992968171747634,10,Q3 linear_anchor_main overlay + causal prior-day load/PV; no future actual PV
2025-12-18,2025-12-19,0,linear_anchor_main,,10009.430584957834,17099.087819158547,-0.4211205160046231,0.7992968171747634,10,Q3 linear_anchor_main overlay + causal prior-day load/PV; no future actual PV
2025-12-18,2025-12-19,0,linear_anchor_main,,10321.516061829172,16967.662222100942,-0.4211205160046231,0.7992968171747634,10,Q3 linear_anchor_main overlay + causal prior-day load/PV; no future actual PV
2025-12-18,2025-12-19,0,linear_anchor_main,,10800.0,16766.6119920606,-0.4030006650118583,0.7992968171747634,10,Q3 linear_anchor_main overlay + causal prior-day load/PV; no future actual PV
2025-12-18,2025-12-19,6,linear_anchor_main,,1200.0,21073.513096913997,-0.4544192997661961,0.7992968171747634,10,Q3 linear_anchor_main overlay + causal prior-day load/PV; no future actual PV
2025-12-18,2025-12-19,6,linear_anchor_main,,2850.385326520873,20324.25448582531,-0.4534706164681456,0.7992968171747634,10,Q3 linear_anchor_main overlay + causal prior-day load/PV; no future actual PV
2025-12-18,2025-12-19,6,linear_anchor_main,,3709.5805588399353,19934.741464992425,-0.4525219331700951,0.7992968171747634,10,Q3 linear_anchor_main overlay + causal prior-day load/PV; no future actual PV
2025-12-18,2025-12-19,6,linear_anchor_main,,5876.908642691985,18955.546152492043,-0.45104620359534986,0.7992968171747634,10,Q3 linear_anchor_main overlay + causal prior-day load/PV; no future actual PV
2025-12-18,2025-12-19,6,linear_anchor_main,,7916.746839258588,18037.02899562895,-0.4499921110419604,0.7992968171747634,10,Q3 linear_anchor_main overlay + causal prior-day load/PV; no future actual PV
2025-12-18,2025-12-19,6,linear_anchor_main,,8527.11293175291,17762.587819158995,-0.44777851667984253,0.7992968171747634,10,Q3 linear_anchor_main overlay + causal prior-day load/PV; no future actual PV
2025-12-18,2025-12-19,6,linear_anchor_main,,9720.154664405936,17228.527884696356,-0.44746228891382567,0.7992968171747634,10,Q3 linear_anchor_main overlay + causal prior-day load/PV; no future actual PV
2025-12-18,2025-12-19,6,linear_anchor_main,,10009.430584957834,17099.087819158547,-0.4211205160046231,0.7992968171747634,10,Q3 linear_anchor_main overlay + causal prior-day load/PV; no future actual PV
2025-12-18,2025-12-19,6,linear_anchor_main,,10321.516061829172,16967.662222100942,-0.4211205160046231,0.7992968171747634,10,Q3 linear_anchor_main overlay + causal prior-day load/PV; no future actual PV
2025-12-18,2025-12-19,6,linear_anchor_main,,10800.0,16766.6119920606,-0.4030006650118583,0.7992968171747634,10,Q3 linear_anchor_main overlay + causal prior-day load/PV; no future actual PV
2025-12-18,2025-12-19,12,linear_anchor_main,,1200.0,22424.705369800955,-0.4544192997661961,0.7992968171747634,10,Q3 linear_anchor_main overlay + causal prior-day load/PV; no future actual PV
2025-12-18,2025-12-19,12,linear_anchor_main,,2850.385326518956,21675.446758713137,-0.4534706164681456,0.7992968171747634,10,Q3 linear_anchor_main overlay + causal prior-day load/PV; no future actual PV
2025-12-18,2025-12-19,12,linear_anchor_main,,3709.580558841014,21285.9337378789,-0.4525219331700951,0.7992968171747634,10,Q3 linear_anchor_main overlay + causal prior-day load/PV; no future actual PV
2025-12-18,2025-12-19,12,linear_anchor_main,,5876.908642691462,20306.738425379233,-0.45104620359534986,0.7992968171747634,10,Q3 linear_anchor_main overlay + causal prior-day load/PV; no future actual PV
2025-12-18,2025-12-19,12,linear_anchor_main,,7916.746839256558,19388.22126851682,-0.4499921110419604,0.7992968171747634,10,Q3 linear_anchor_main overlay + causal prior-day load/PV; no future actual PV
2025-12-18,2025-12-19,12,linear_anchor_main,,8527.112931751471,19113.780092046596,-0.44777851667984253,0.7992968171747634,10,Q3 linear_anchor_main overlay + causal prior-day load/PV; no future actual PV
2025-12-18,2025-12-19,12,linear_anchor_main,,9720.154664405865,18579.720157583346,-0.44746228891382567,0.7992968171747634,10,Q3 linear_anchor_main overlay + causal prior-day load/PV; no future actual PV
2025-12-18,2025-12-19,12,linear_anchor_main,,10009.430584957972,18450.28009204545,-0.4211205160046231,0.7992968171747634,10,Q3 linear_anchor_main overlay + causal prior-day load/PV; no future actual PV
2025-12-18,2025-12-19,12,linear_anchor_main,,10321.516061829172,18318.8544949879,-0.4211205160046231,0.7992968171747634,10,Q3 linear_anchor_main overlay + causal prior-day load/PV; no future actual PV
2025-12-18,2025-12-19,12,linear_anchor_main,,10800.0,18117.80426494756,-0.4030006650118583,0.7992968171747634,10,Q3 linear_anchor_main overlay + causal prior-day load/PV; no future actual PV
2025-12-18,2025-12-19,18,linear_anchor_main,,1200.0,21123.992200701556,-0.4544192997661961,0.7992968171711254,10,Q3 linear_anchor_main overlay + causal prior-day load/PV; no future actual PV
2025-12-18,2025-12-19,18,linear_anchor_main,,2850.3853265170383,20374.73358961461,-0.4534706164681456,0.7992968171711254,10,Q3 linear_anchor_main overlay + causal prior-day load/PV; no future actual PV
2025-12-18,2025-12-19,18,linear_anchor_main,,3709.580558838857,19985.220568780478,-0.4525219331700951,0.7992968171711254,10,Q3 linear_anchor_main overlay + causal prior-day load/PV; no future actual PV
2025-12-18,2025-12-19,18,linear_anchor_main,,5876.908642691462,19006.02525627984,-0.45104620359534986,0.7992968171711254,10,Q3 linear_anchor_main overlay + causal prior-day load/PV; no future actual PV
2025-12-18,2025-12-19,18,linear_anchor_main,,7916.746839258588,18087.50809941651,-0.4499921110419604,0.7992968171711254,10,Q3 linear_anchor_main overlay + causal prior-day load/PV; no future actual PV
2025-12-18,2025-12-19,18,linear_anchor_main,,8527.11293175291,17813.066922946557,-0.44777851667984253,0.7992968171711254,10,Q3 linear_anchor_main overlay + causal prior-day load/PV; no future actual PV
2025-12-18,2025-12-19,18,linear_anchor_main,,9720.154664405865,17279.006988483947,-0.44746228891382567,0.7992968171711254,10,Q3 linear_anchor_main overlay + causal prior-day load/PV; no future actual PV
2025-12-18,2025-12-19,18,linear_anchor_main,,10009.430584957972,17149.56692294605,-0.4211205160046231,0.7992968171711254,10,Q3 linear_anchor_main overlay + causal prior-day load/PV; no future actual PV
2025-12-18,2025-12-19,18,linear_anchor_main,,10321.516061829172,17018.1413258885,-0.4211205160046231,0.7992968171711254,10,Q3 linear_anchor_main overlay + causal prior-day load/PV; no future actual PV
2025-12-18,2025-12-19,18,linear_anchor_main,,10800.0,16817.09109584816,-0.4030006650118583,0.7992968171711254,10,Q3 linear_anchor_main overlay + causal prior-day load/PV; no future actual PV
2025-12-19,2025-12-20,0,linear_anchor_main,,1200.0,21065.660434570324,-0.4544192997661961,0.7992968171711254,10,Q3 linear_anchor_main overlay + causal prior-day load/PV; no future actual PV
2025-12-19,2025-12-20,0,linear_anchor_main,,2850.385326518956,20316.40182348251,-0.4534706164681456,0.7992968171711254,10,Q3 linear_anchor_main overlay + causal prior-day load/PV; no future actual PV
2025-12-19,2025-12-20,0,linear_anchor_main,,3709.5805588399353,19926.888802648755,-0.4525219331700951,0.7992968171711254,10,Q3 linear_anchor_main overlay + causal prior-day load/PV; no future actual PV
2025-12-19,2025-12-20,0,linear_anchor_main,,5876.908642691985,18947.69349014837,-0.45104620359534986,0.7992968171711254,10,Q3 linear_anchor_main overlay + causal prior-day load/PV; no future actual PV
2025-12-19,2025-12-20,0,linear_anchor_main,,7916.746839258588,18029.176333285275,-0.4499921110419604,0.7992968171711254,10,Q3 linear_anchor_main overlay + causal prior-day load/PV; no future actual PV
2025-12-19,2025-12-20,0,linear_anchor_main,,8527.112931754347,17754.735156814677,-0.44777851667984253,0.7992968171711254,10,Q3 linear_anchor_main overlay + causal prior-day load/PV; no future actual PV
2025-12-19,2025-12-20,0,linear_anchor_main,,9720.272475682543,17220.62250624919,-0.44746228891382567,0.7992968171711254,10,Q3 linear_anchor_main overlay + causal prior-day load/PV; no future actual PV
2025-12-19,2025-12-20,0,linear_anchor_main,,10009.430584957834,17091.235156814873,-0.4211205160046231,0.7992968171711254,10,Q3 linear_anchor_main overlay + causal prior-day load/PV; no future actual PV
2025-12-19,2025-12-20,0,linear_anchor_main,,10321.652307302687,16959.752183993158,-0.4211205160046231,0.7992968171711254,10,Q3 linear_anchor_main overlay + causal prior-day load/PV; no future actual PV
2025-12-19,2025-12-20,0,linear_anchor_main,,10800.0,16758.753272021924,-0.4030006650118583,0.7992968171711254,10,Q3 linear_anchor_main overlay + causal prior-day load/PV; no future actual PV
2025-12-19,2025-12-20,6,linear_anchor_main,,1200.0,21065.660434570324,-0.4544192997661961,0.7992968171711254,10,Q3 linear_anchor_main overlay + causal prior-day load/PV; no future actual PV
2025-12-19,2025-12-20,6,linear_anchor_main,,2850.385326518956,20316.40182348251,-0.4534706164681456,0.7992968171711254,10,Q3 linear_anchor_main overlay + causal prior-day load/PV; no future actual PV
2025-12-19,2025-12-20,6,linear_anchor_main,,3709.5805588399353,19926.888802648755,-0.4525219331700951,0.7992968171711254,10,Q3 linear_anchor_main overlay + causal prior-day load/PV; no future actual PV
2025-12-19,2025-12-20,6,linear_anchor_main,,5876.908642691985,18947.69349014837,-0.45104620359534986,0.7992968171711254,10,Q3 linear_anchor_main overlay + causal prior-day load/PV; no future actual PV
2025-12-19,2025-12-20,6,linear_anchor_main,,7916.746839258588,18029.176333285275,-0.4499921110419604,0.7992968171711254,10,Q3 linear_anchor_main overlay + causal prior-day load/PV; no future actual PV
2025-12-19,2025-12-20,6,linear_anchor_main,,8527.112931754347,17754.735156814677,-0.44777851667984253,0.7992968171711254,10,Q3 linear_anchor_main overlay + causal prior-day load/PV; no future actual PV
2025-12-19,2025-12-20,6,linear_anchor_main,,9720.272475682543,17220.62250624919,-0.44746228891382567,0.7992968171711254,10,Q3 linear_anchor_main overlay + causal prior-day load/PV; no future actual PV
2025-12-19,2025-12-20,6,linear_anchor_main,,10009.430584957834,17091.235156814873,-0.4211205160046231,0.7992968171711254,10,Q3 linear_anchor_main overlay + causal prior-day load/PV; no future actual PV
2025-12-19,2025-12-20,6,linear_anchor_main,,10321.652307302687,16959.752183993158,-0.4211205160046231,0.7992968171711254,10,Q3 linear_anchor_main overlay + causal prior-day load/PV; no future actual PV
2025-12-19,2025-12-20,6,linear_anchor_main,,10800.0,16758.753272021924,-0.4030006650118583,0.7992968171711254,10,Q3 linear_anchor_main overlay + causal prior-day load/PV; no future actual PV
2025-12-19,2025-12-20,12,linear_anchor_main,,1200.0,22826.400325725117,-0.4544192997661961,0.7992968171711254,10,Q3 linear_anchor_main overlay + causal prior-day load/PV; no future actual PV
2025-12-19,2025-12-20,12,linear_anchor_main,,2850.385326524708,22077.141714634687,-0.4534706164681456,0.7992968171711254,10,Q3 linear_anchor_main overlay + causal prior-day load/PV; no future actual PV
2025-12-19,2025-12-20,12,linear_anchor_main,,3709.580558843171,21687.628693802075,-0.4525219331700951,0.7992968171711254,10,Q3 linear_anchor_main overlay + causal prior-day load/PV; no future actual PV
2025-12-19,2025-12-20,12,linear_anchor_main,,5876.908642693031,20708.433381302682,-0.45104620359534986,0.7992968171711254,10,Q3 linear_anchor_main overlay + causal prior-day load/PV; no future actual PV
2025-12-19,2025-12-20,12,linear_anchor_main,,7916.746839257573,19789.91622444052,-0.4499921110419604,0.7992968171711254,10,Q3 linear_anchor_main overlay + causal prior-day load/PV; no future actual PV
2025-12-19,2025-12-20,12,linear_anchor_main,,8527.112931754347,19515.475047969463,-0.44777851667984253,0.7992968171711254,10,Q3 linear_anchor_main overlay + causal prior-day load/PV; no future actual PV
2025-12-19,2025-12-20,12,linear_anchor_main,,9720.272475682685,18981.362397403915,-0.44746228891382567,0.7992968171711254,10,Q3 linear_anchor_main overlay + causal prior-day load/PV; no future actual PV
2025-12-19,2025-12-20,12,linear_anchor_main,,10009.430584957834,18851.97504796966,-0.4211205160046231,0.7992968171711254,10,Q3 linear_anchor_main overlay + causal prior-day load/PV; no future actual PV
2025-12-19,2025-12-20,12,linear_anchor_main,,10321.652307302687,18720.492075147944,-0.4211205160046231,0.7992968171711254,10,Q3 linear_anchor_main overlay + causal prior-day load/PV; no future actual PV
2025-12-19,2025-12-20,12,linear_anchor_main,,10800.0,18519.49316317671,-0.4030006650118583,0.7992968171711254,10,Q3 linear_anchor_main overlay + causal prior-day load/PV; no future actual PV
2025-12-19,2025-12-20,18,linear_anchor_main,,1200.0,23103.541757269795,-0.4544192997661961,0.7992968171711254,10,Q3 linear_anchor_main overlay + causal prior-day load/PV; no future actual PV
2025-12-19,2025-12-20,18,linear_anchor_main,,2850.385326520873,22354.283146181107,-0.4534706164681456,0.7992968171711254,10,Q3 linear_anchor_main overlay + causal prior-day load/PV; no future actual PV
2025-12-19,2025-12-20,18,linear_anchor_main,,3709.580558841014,21964.770125347735,-0.4525219331700951,0.7992968171711254,10,Q3 linear_anchor_main overlay + causal prior-day load/PV; no future actual PV
2025-12-19,2025-12-20,18,linear_anchor_main,,5876.908642691985,20985.574812847837,-0.45104620359534986,0.7992968171711254,10,Q3 linear_anchor_main overlay + causal prior-day load/PV; no future actual PV
2025-12-19,2025-12-20,18,linear_anchor_main,,7916.746839257573,20067.0576559852,-0.4499921110419604,0.7992968171711254,10,Q3 linear_anchor_main overlay + causal prior-day load/PV; no future actual PV
2025-12-19,2025-12-20,18,linear_anchor_main,,8527.11293175291,19792.61647951479,-0.44777851667984253,0.7992968171711254,10,Q3 linear_anchor_main overlay + causal prior-day load/PV; no future actual PV
2025-12-19,2025-12-20,18,linear_anchor_main,,9720.272475682543,19258.503828948662,-0.44746228891382567,0.7992968171711254,10,Q3 linear_anchor_main overlay + causal prior-day load/PV; no future actual PV
2025-12-19,2025-12-20,18,linear_anchor_main,,10009.430584957972,19129.116479514283,-0.4211205160046231,0.7992968171711254,10,Q3 linear_anchor_main overlay + causal prior-day load/PV; no future actual PV
2025-12-19,2025-12-20,18,linear_anchor_main,,10321.652307302687,18997.633506692626,-0.4211205160046231,0.7992968171711254,10,Q3 linear_anchor_main overlay + causal prior-day load/PV; no future actual PV
2025-12-19,2025-12-20,18,linear_anchor_main,,10800.0,18796.634594721396,-0.4030006650118583,0.7992968171711254,10,Q3 linear_anchor_main overlay + causal prior-day load/PV; no future actual PV
2025-12-20,2025-12-21,0,linear_anchor_main,,1200.0,54662.50645163377,-0.4544192997661961,0.7992968171747634,10,Q3 linear_anchor_main overlay + causal prior-day load/PV; no future actual PV
2025-12-20,2025-12-21,0,linear_anchor_main,,2850.3853265227904,53913.247840544216,-0.4534706164681456,0.7992968171747634,10,Q3 linear_anchor_main overlay + causal prior-day load/PV; no future actual PV
2025-12-20,2025-12-21,0,linear_anchor_main,,3709.580558841014,53523.73481971171,-0.4525219331700951,0.7992968171747634,10,Q3 linear_anchor_main overlay + causal prior-day load/PV; no future actual PV
2025-12-20,2025-12-21,0,linear_anchor_main,,5876.908642692508,52544.53950721158,-0.45104620359534986,0.7992968171747634,10,Q3 linear_anchor_main overlay + causal prior-day load/PV; no future actual PV
2025-12-20,2025-12-21,0,linear_anchor_main,,7916.746839258588,51626.02235034872,-0.4499921110419604,0.7992968171747634,10,Q3 linear_anchor_main overlay + causal prior-day load/PV; no future actual PV
2025-12-20,2025-12-21,0,linear_anchor_main,,8527.11293175291,51351.58117387877,-0.44777851667984253,0.7992968171747634,10,Q3 linear_anchor_main overlay + causal prior-day load/PV; no future actual PV
2025-12-20,2025-12-21,0,linear_anchor_main,,9676.244443068863,50837.16940756233,-0.44746228891382567,0.7992968171747634,10,Q3 linear_anchor_main overlay + causal prior-day load/PV; no future actual PV
2025-12-20,2025-12-21,0,linear_anchor_main,,10009.430584957698,50688.08117387838,-0.4211205160046231,0.7992968171747634,10,Q3 linear_anchor_main overlay + causal prior-day load/PV; no future actual PV
2025-12-20,2025-12-21,0,linear_anchor_main,,10302.82156157171,50564.528214415586,-0.4211205160046231,0.7992968171747634,10,Q3 linear_anchor_main overlay + causal prior-day load/PV; no future actual PV
2025-12-20,2025-12-21,0,linear_anchor_main,,10800.0,50355.3045389062,-0.4052775049271795,0.7992968171747634,10,Q3 linear_anchor_main overlay + causal prior-day load/PV; no future actual PV
2025-12-20,2025-12-21,6,linear_anchor_main,,1200.0,54662.50645163377,-0.4544192997661961,0.7992968171747634,10,Q3 linear_anchor_main overlay + causal prior-day load/PV; no future actual PV
2025-12-20,2025-12-21,6,linear_anchor_main,,2850.3853265227904,53913.247840544216,-0.4534706164681456,0.7992968171747634,10,Q3 linear_anchor_main overlay + causal prior-day load/PV; no future actual PV
2025-12-20,2025-12-21,6,linear_anchor_main,,3709.580558841014,53523.73481971171,-0.4525219331700951,0.7992968171747634,10,Q3 linear_anchor_main overlay + causal prior-day load/PV; no future actual PV
2025-12-20,2025-12-21,6,linear_anchor_main,,5876.908642692508,52544.53950721158,-0.45104620359534986,0.7992968171747634,10,Q3 linear_anchor_main overlay + causal prior-day load/PV; no future actual PV
2025-12-20,2025-12-21,6,linear_anchor_main,,7916.746839258588,51626.02235034872,-0.4499921110419604,0.7992968171747634,10,Q3 linear_anchor_main overlay + causal prior-day load/PV; no future actual PV
2025-12-20,2025-12-21,6,linear_anchor_main,,8527.11293175291,51351.58117387877,-0.44777851667984253,0.7992968171747634,10,Q3 linear_anchor_main overlay + causal prior-day load/PV; no future actual PV
2025-12-20,2025-12-21,6,linear_anchor_main,,9676.244443068863,50837.16940756233,-0.44746228891382567,0.7992968171747634,10,Q3 linear_anchor_main overlay + causal prior-day load/PV; no future actual PV
2025-12-20,2025-12-21,6,linear_anchor_main,,10009.430584957698,50688.08117387838,-0.4211205160046231,0.7992968171747634,10,Q3 linear_anchor_main overlay + causal prior-day load/PV; no future actual PV
2025-12-20,2025-12-21,6,linear_anchor_main,,10302.82156157171,50564.528214415586,-0.4211205160046231,0.7992968171747634,10,Q3 linear_anchor_main overlay + causal prior-day load/PV; no future actual PV
2025-12-20,2025-12-21,6,linear_anchor_main,,10800.0,50355.3045389062,-0.4052775049271795,0.7992968171747634,10,Q3 linear_anchor_main overlay + causal prior-day load/PV; no future actual PV
2025-12-20,2025-12-21,12,linear_anchor_main,,1200.0,55695.07477824364,-0.4544192997661961,0.7992968171747634,10,Q3 linear_anchor_main overlay + causal prior-day load/PV; no future actual PV
2025-12-20,2025-12-21,12,linear_anchor_main,,2850.385326518956,54945.81616715582,-0.4534706164681456,0.7992968171747634,10,Q3 linear_anchor_main overlay + causal prior-day load/PV; no future actual PV
2025-12-20,2025-12-21,12,linear_anchor_main,,3709.580558838857,54556.303146322556,-0.4525219331700951,0.7992968171747634,10,Q3 linear_anchor_main overlay + causal prior-day load/PV; no future actual PV
2025-12-20,2025-12-21,12,linear_anchor_main,,5876.908642691462,53577.10783382192,-0.45104620359534986,0.7992968171747634,10,Q3 linear_anchor_main overlay + causal prior-day load/PV; no future actual PV
2025-12-20,2025-12-21,12,linear_anchor_main,,7916.746839258588,52658.59067695859,-0.4499921110419604,0.7992968171747634,10,Q3 linear_anchor_main overlay + causal prior-day load/PV; no future actual PV
2025-12-20,2025-12-21,12,linear_anchor_main,,8527.11293175291,52384.14950048864,-0.44777851667984253,0.7992968171747634,10,Q3 linear_anchor_main overlay + causal prior-day load/PV; no future actual PV
2025-12-20,2025-12-21,12,linear_anchor_main,,9726.00483673381,51847.471834525626,-0.44746228891382567,0.7992968171747634,10,Q3 linear_anchor_main overlay + causal prior-day load/PV; no future actual PV
2025-12-20,2025-12-21,12,linear_anchor_main,,10009.430584957972,51720.64950048813,-0.4211205160046231,0.7992968171747634,10,Q3 linear_anchor_main overlay + causal prior-day load/PV; no future actual PV
2025-12-20,2025-12-21,12,linear_anchor_main,,10328.28162385281,51586.374786460125,-0.4211205160046231,0.7992968171747634,10,Q3 linear_anchor_main overlay + causal prior-day load/PV; no future actual PV
2025-12-20,2025-12-21,12,linear_anchor_main,,10800.0,51387.87286551607,-0.4030006650118583,0.7992968171747634,10,Q3 linear_anchor_main overlay + causal prior-day load/PV; no future actual PV
2025-12-20,2025-12-21,18,linear_anchor_main,,1200.0,56175.8550642237,-0.4544192997661961,0.7992968171674875,10,Q3 linear_anchor_main overlay + causal prior-day load/PV; no future actual PV
2025-12-20,2025-12-21,18,linear_anchor_main,,2850.385326518956,55426.59645313589,-0.4534706164681456,0.7992968171674875,10,Q3 linear_anchor_main overlay + causal prior-day load/PV; no future actual PV
2025-12-20,2025-12-21,18,linear_anchor_main,,3709.580558841014,55037.083432301646,-0.4525219331700951,0.7992968171674875,10,Q3 linear_anchor_main overlay + causal prior-day load/PV; no future actual PV
2025-12-20,2025-12-21,18,linear_anchor_main,,5876.908642691462,54057.88811980198,-0.45104620359534986,0.7992968171674875,10,Q3 linear_anchor_main overlay + causal prior-day load/PV; no future actual PV
2025-12-20,2025-12-21,18,linear_anchor_main,,7916.746839256558,53139.370962939574,-0.4499921110419604,0.7992968171674875,10,Q3 linear_anchor_main overlay + causal prior-day load/PV; no future actual PV
2025-12-20,2025-12-21,18,linear_anchor_main,,8527.112931755786,52864.929786467415,-0.44777851667984253,0.7992968171674875,10,Q3 linear_anchor_main overlay + causal prior-day load/PV; no future actual PV
2025-12-20,2025-12-21,18,linear_anchor_main,,9676.244443068714,52350.51802015233,-0.44746228891382567,0.7992968171674875,10,Q3 linear_anchor_main overlay + causal prior-day load/PV; no future actual PV
2025-12-20,2025-12-21,18,linear_anchor_main,,10009.430584957972,52201.4297864682,-0.4211205160046231,0.7992968171674875,10,Q3 linear_anchor_main overlay + causal prior-day load/PV; no future actual PV
2025-12-20,2025-12-21,18,linear_anchor_main,,10302.82156157171,52077.876827005515,-0.4211205160046231,0.7992968171674875,10,Q3 linear_anchor_main overlay + causal prior-day load/PV; no future actual PV
2025-12-20,2025-12-21,18,linear_anchor_main,,10800.0,51868.65315149614,-0.4052775049271795,0.7992968171674875,10,Q3 linear_anchor_main overlay + causal prior-day load/PV; no future actual PV
2025-12-21,2025-12-22,0,linear_anchor_main,,1200.0,56100.503940131035,-0.4544192997661961,0.7992968171747634,10,Q3 linear_anchor_main overlay + causal prior-day load/PV; no future actual PV
2025-12-21,2025-12-22,0,linear_anchor_main,,2850.3853265227904,55351.24532904147,-0.4534706164681456,0.7992968171747634,10,Q3 linear_anchor_main overlay + causal prior-day load/PV; no future actual PV
2025-12-21,2025-12-22,0,linear_anchor_main,,3709.580558841014,54961.73230820897,-0.4525219331700951,0.7992968171747634,10,Q3 linear_anchor_main overlay + causal prior-day load/PV; no future actual PV
2025-12-21,2025-12-22,0,linear_anchor_main,,5876.908642693554,53982.53699570837,-0.45104620359534986,0.7992968171747634,10,Q3 linear_anchor_main overlay + causal prior-day load/PV; no future actual PV
2025-12-21,2025-12-22,0,linear_anchor_main,,7916.746839260618,53064.019838845066,-0.4499921110419604,0.7992968171747634,10,Q3 linear_anchor_main overlay + causal prior-day load/PV; no future actual PV
2025-12-21,2025-12-22,0,linear_anchor_main,,8527.112931755786,52789.57866237474,-0.44777851667984253,0.7992968171747634,10,Q3 linear_anchor_main overlay + causal prior-day load/PV; no future actual PV
2025-12-21,2025-12-22,0,linear_anchor_main,,9727.065654678074,52252.42632038755,-0.44746228891382567,0.7992968171747634,10,Q3 linear_anchor_main overlay + causal prior-day load/PV; no future actual PV
2025-12-21,2025-12-22,0,linear_anchor_main,,10009.430584957698,52126.078662375636,-0.4211205160046231,0.7992968171747634,10,Q3 linear_anchor_main overlay + causal prior-day load/PV; no future actual PV
2025-12-21,2025-12-22,0,linear_anchor_main,,10329.508430379778,51991.28731494984,-0.4211205160046231,0.7992968171747634,10,Q3 linear_anchor_main overlay + causal prior-day load/PV; no future actual PV
2025-12-21,2025-12-22,0,linear_anchor_main,,10800.0,51793.24748159305,-0.4030006650118583,0.7992968171747634,10,Q3 linear_anchor_main overlay + causal prior-day load/PV; no future actual PV
2025-12-21,2025-12-22,6,linear_anchor_main,,1200.0,56100.503940131035,-0.4544192997661961,0.7992968171747634,10,Q3 linear_anchor_main overlay + causal prior-day load/PV; no future actual PV
2025-12-21,2025-12-22,6,linear_anchor_main,,2850.3853265227904,55351.24532904147,-0.4534706164681456,0.7992968171747634,10,Q3 linear_anchor_main overlay + causal prior-day load/PV; no future actual PV
2025-12-21,2025-12-22,6,linear_anchor_main,,3709.580558841014,54961.73230820897,-0.4525219331700951,0.7992968171747634,10,Q3 linear_anchor_main overlay + causal prior-day load/PV; no future actual PV
2025-12-21,2025-12-22,6,linear_anchor_main,,5876.908642693554,53982.53699570837,-0.45104620359534986,0.7992968171747634,10,Q3 linear_anchor_main overlay + causal prior-day load/PV; no future actual PV
2025-12-21,2025-12-22,6,linear_anchor_main,,7916.746839260618,53064.019838845066,-0.4499921110419604,0.7992968171747634,10,Q3 linear_anchor_main overlay + causal prior-day load/PV; no future actual PV
2025-12-21,2025-12-22,6,linear_anchor_main,,8527.112931755786,52789.57866237474,-0.44777851667984253,0.7992968171747634,10,Q3 linear_anchor_main overlay + causal prior-day load/PV; no future actual PV
2025-12-21,2025-12-22,6,linear_anchor_main,,9727.065654678074,52252.42632038755,-0.44746228891382567,0.7992968171747634,10,Q3 linear_anchor_main overlay + causal prior-day load/PV; no future actual PV
2025-12-21,2025-12-22,6,linear_anchor_main,,10009.430584957698,52126.078662375636,-0.4211205160046231,0.7992968171747634,10,Q3 linear_anchor_main overlay + causal prior-day load/PV; no future actual PV
2025-12-21,2025-12-22,6,linear_anchor_main,,10329.508430379778,51991.28731494984,-0.4211205160046231,0.7992968171747634,10,Q3 linear_anchor_main overlay + causal prior-day load/PV; no future actual PV
2025-12-21,2025-12-22,6,linear_anchor_main,,10800.0,51793.24748159305,-0.4030006650118583,0.7992968171747634,10,Q3 linear_anchor_main overlay + causal prior-day load/PV; no future actual PV
2025-12-21,2025-12-22,12,linear_anchor_main,,1200.0,57067.104872661774,-0.4544192997661961,0.7992968171747634,10,Q3 linear_anchor_main overlay + causal prior-day load/PV; no future actual PV
2025-12-21,2025-12-22,12,linear_anchor_main,,2850.3853265227904,56317.84626157221,-0.4534706164681456,0.7992968171747634,10,Q3 linear_anchor_main overlay + causal prior-day load/PV; no future actual PV
2025-12-21,2025-12-22,12,linear_anchor_main,,3709.580558841014,55928.33324073971,-0.4525219331700951,0.7992968171747634,10,Q3 linear_anchor_main overlay + causal prior-day load/PV; no future actual PV
2025-12-21,2025-12-22,12,linear_anchor_main,,5876.908642692508,54949.13792823958,-0.45104620359534986,0.7992968171747634,10,Q3 linear_anchor_main overlay + causal prior-day load/PV; no future actual PV
2025-12-21,2025-12-22,12,linear_anchor_main,,7916.746839258588,54030.62077137672,-0.4499921110419604,0.7992968171747634,10,Q3 linear_anchor_main overlay + causal prior-day load/PV; no future actual PV
2025-12-21,2025-12-22,12,linear_anchor_main,,8527.11293175291,53756.17959490677,-0.44777851667984253,0.7992968171747634,10,Q3 linear_anchor_main overlay + causal prior-day load/PV; no future actual PV
2025-12-21,2025-12-22,12,linear_anchor_main,,9683.818780874235,53238.37859805893,-0.44746228891382567,0.7992968171747634,10,Q3 linear_anchor_main overlay + causal prior-day load/PV; no future actual PV
2025-12-21,2025-12-22,12,linear_anchor_main,,10009.430584957698,53092.679594906374,-0.4211205160046231,0.7992968171747634,10,Q3 linear_anchor_main overlay + causal prior-day load/PV; no future actual PV
2025-12-21,2025-12-22,12,linear_anchor_main,,10307.437716391718,52967.18267794383,-0.4211205160046231,0.7992968171747634,10,Q3 linear_anchor_main overlay + causal prior-day load/PV; no future actual PV
2025-12-21,2025-12-22,12,linear_anchor_main,,10800.0,52759.848414123786,-0.40499289993776433,0.7992968171747634,10,Q3 linear_anchor_main overlay + causal prior-day load/PV; no future actual PV
2025-12-21,2025-12-22,18,linear_anchor_main,,1200.0,59754.94769865314,-0.4544192997661961,0.7992968171747634,10,Q3 linear_anchor_main overlay + causal prior-day load/PV; no future actual PV
2025-12-21,2025-12-22,18,linear_anchor_main,,2850.385326518956,59005.68908756532,-0.4534706164681456,0.7992968171747634,10,Q3 linear_anchor_main overlay + causal prior-day load/PV; no future actual PV
2025-12-21,2025-12-22,18,linear_anchor_main,,3709.580558838857,58616.176066732056,-0.4525219331700951,0.7992968171747634,10,Q3 linear_anchor_main overlay + causal prior-day load/PV; no future actual PV
2025-12-21,2025-12-22,18,linear_anchor_main,,5876.908642691462,57636.98075423142,-0.45104620359534986,0.7992968171747634,10,Q3 linear_anchor_main overlay + causal prior-day load/PV; no future actual PV
2025-12-21,2025-12-22,18,linear_anchor_main,,7916.746839258588,56718.4635973681,-0.4499921110419604,0.7992968171747634,10,Q3 linear_anchor_main overlay + causal prior-day load/PV; no future actual PV
2025-12-21,2025-12-22,18,linear_anchor_main,,8527.112931755786,56444.02242089685,-0.44777851667984253,0.7992968171747634,10,Q3 linear_anchor_main overlay + causal prior-day load/PV; no future actual PV
2025-12-21,2025-12-22,18,linear_anchor_main,,9683.81878087394,55926.22142405043,-0.44746228891382567,0.7992968171747634,10,Q3 linear_anchor_main overlay + causal prior-day load/PV; no future actual PV
2025-12-21,2025-12-22,18,linear_anchor_main,,10009.430584957698,55780.522420897745,-0.4211205160046231,0.7992968171747634,10,Q3 linear_anchor_main overlay + causal prior-day load/PV; no future actual PV
2025-12-21,2025-12-22,18,linear_anchor_main,,10307.437716391547,55655.02550393527,-0.4211205160046231,0.7992968171747634,10,Q3 linear_anchor_main overlay + causal prior-day load/PV; no future actual PV
2025-12-21,2025-12-22,18,linear_anchor_main,,10800.0,55447.691240115164,-0.40499289993776433,0.7992968171747634,10,Q3 linear_anchor_main overlay + causal prior-day load/PV; no future actual PV
2025-12-22,2025-12-23,0,linear_anchor_main,,1200.0,56534.24537531866,-0.4544192997661961,0.7992968171747634,10,Q3 linear_anchor_main overlay + causal prior-day load/PV; no future actual PV
2025-12-22,2025-12-23,0,linear_anchor_main,,2850.385326518956,55784.986764230845,-0.4534706164681456,0.7992968171747634,10,Q3 linear_anchor_main overlay + causal prior-day load/PV; no future actual PV
2025-12-22,2025-12-23,0,linear_anchor_main,,3709.580558838857,55395.473743397575,-0.4525219331700951,0.7992968171747634,10,Q3 linear_anchor_main overlay + causal prior-day load/PV; no future actual PV
2025-12-22,2025-12-23,0,linear_anchor_main,,5876.908642691462,54416.27843089694,-0.45104620359534986,0.7992968171747634,10,Q3 linear_anchor_main overlay + causal prior-day load/PV; no future actual PV
2025-12-22,2025-12-23,0,linear_anchor_main,,7916.746839258588,53497.761274033604,-0.4499921110419604,0.7992968171747634,10,Q3 linear_anchor_main overlay + causal prior-day load/PV; no future actual PV
2025-12-22,2025-12-23,0,linear_anchor_main,,8527.112931750033,53223.32009756494,-0.44777851667984253,0.7992968171747634,10,Q3 linear_anchor_main overlay + causal prior-day load/PV; no future actual PV
2025-12-22,2025-12-23,0,linear_anchor_main,,9677.116732357115,52708.5180146857,-0.44746228891382567,0.7992968171747634,10,Q3 linear_anchor_main overlay + causal prior-day load/PV; no future actual PV
2025-12-22,2025-12-23,0,linear_anchor_main,,10009.430584957972,52559.82009756315,-0.4211205160046231,0.7992968171747634,10,Q3 linear_anchor_main overlay + causal prior-day load/PV; no future actual PV
2025-12-22,2025-12-23,0,linear_anchor_main,,10303.837706664795,52435.83921855454,-0.4211205160046231,0.7992968171747634,10,Q3 linear_anchor_main overlay + causal prior-day load/PV; no future actual PV
2025-12-22,2025-12-23,0,linear_anchor_main,,10800.0,52227.00059672984,-0.4052775049271795,0.7992968171747634,10,Q3 linear_anchor_main overlay + causal prior-day load/PV; no future actual PV
2025-12-22,2025-12-23,6,linear_anchor_main,,1200.0,56534.24537531866,-0.4544192997661961,0.7992968171747634,10,Q3 linear_anchor_main overlay + causal prior-day load/PV; no future actual PV
2025-12-22,2025-12-23,6,linear_anchor_main,,2850.385326518956,55784.986764230845,-0.4534706164681456,0.7992968171747634,10,Q3 linear_anchor_main overlay + causal prior-day load/PV; no future actual PV
2025-12-22,2025-12-23,6,linear_anchor_main,,3709.580558838857,55395.473743397575,-0.4525219331700951,0.7992968171747634,10,Q3 linear_anchor_main overlay + causal prior-day load/PV; no future actual PV
2025-12-22,2025-12-23,6,linear_anchor_main,,5876.908642691462,54416.27843089694,-0.45104620359534986,0.7992968171747634,10,Q3 linear_anchor_main overlay + causal prior-day load/PV; no future actual PV
2025-12-22,2025-12-23,6,linear_anchor_main,,7916.746839258588,53497.761274033604,-0.4499921110419604,0.7992968171747634,10,Q3 linear_anchor_main overlay + causal prior-day load/PV; no future actual PV
2025-12-22,2025-12-23,6,linear_anchor_main,,8527.112931750033,53223.32009756494,-0.44777851667984253,0.7992968171747634,10,Q3 linear_anchor_main overlay + causal prior-day load/PV; no future actual PV
2025-12-22,2025-12-23,6,linear_anchor_main,,9677.116732357115,52708.5180146857,-0.44746228891382567,0.7992968171747634,10,Q3 linear_anchor_main overlay + causal prior-day load/PV; no future actual PV
2025-12-22,2025-12-23,6,linear_anchor_main,,10009.430584957972,52559.82009756315,-0.4211205160046231,0.7992968171747634,10,Q3 linear_anchor_main overlay + causal prior-day load/PV; no future actual PV
2025-12-22,2025-12-23,6,linear_anchor_main,,10303.837706664795,52435.83921855454,-0.4211205160046231,0.7992968171747634,10,Q3 linear_anchor_main overlay + causal prior-day load/PV; no future actual PV
2025-12-22,2025-12-23,6,linear_anchor_main,,10800.0,52227.00059672984,-0.4052775049271795,0.7992968171747634,10,Q3 linear_anchor_main overlay + causal prior-day load/PV; no future actual PV
2025-12-22,2025-12-23,12,linear_anchor_main,,1200.0,57010.491969989234,-0.4544192997661961,0.7992968171674875,10,Q3 linear_anchor_main overlay + causal prior-day load/PV; no future actual PV
2025-12-22,2025-12-23,12,linear_anchor_main,,2850.385326518956,56261.233358901416,-0.4534706164681456,0.7992968171674875,10,Q3 linear_anchor_main overlay + causal prior-day load/PV; no future actual PV
2025-12-22,2025-12-23,12,linear_anchor_main,,3709.580558841014,55871.72033806718,-0.4525219331700951,0.7992968171674875,10,Q3 linear_anchor_main overlay + causal prior-day load/PV; no future actual PV
2025-12-22,2025-12-23,12,linear_anchor_main,,5876.908642692508,54892.52502556704,-0.45104620359534986,0.7992968171674875,10,Q3 linear_anchor_main overlay + causal prior-day load/PV; no future actual PV
2025-12-22,2025-12-23,12,linear_anchor_main,,7916.746839258588,53974.00786870418,-0.4499921110419604,0.7992968171674875,10,Q3 linear_anchor_main overlay + causal prior-day load/PV; no future actual PV
2025-12-22,2025-12-23,12,linear_anchor_main,,8527.11293175291,53699.56669223423,-0.44777851667984253,0.7992968171674875,10,Q3 linear_anchor_main overlay + causal prior-day load/PV; no future actual PV
2025-12-22,2025-12-23,12,linear_anchor_main,,9726.838500666125,53162.51599309988,-0.44746228891382567,0.7992968171674875,10,Q3 linear_anchor_main overlay + causal prior-day load/PV; no future actual PV
2025-12-22,2025-12-23,12,linear_anchor_main,,10009.430584957972,53036.066692233726,-0.4211205160046231,0.7992968171674875,10,Q3 linear_anchor_main overlay + causal prior-day load/PV; no future actual PV
2025-12-22,2025-12-23,12,linear_anchor_main,,10329.24573306598,52901.38597203638,-0.4211205160046231,0.7992968171674875,10,Q3 linear_anchor_main overlay + causal prior-day load/PV; no future actual PV
2025-12-22,2025-12-23,12,linear_anchor_main,,10800.0,52703.24719140042,-0.4030006650118583,0.7992968171674875,10,Q3 linear_anchor_main overlay + causal prior-day load/PV; no future actual PV
2025-12-22,2025-12-23,18,linear_anchor_main,,1200.0,60246.30759824347,-0.4544192997661961,0.7992968171747634,10,Q3 linear_anchor_main overlay + causal prior-day load/PV; no future actual PV
2025-12-22,2025-12-23,18,linear_anchor_main,,2850.3853265227904,59497.04898715391,-0.4534706164681456,0.7992968171747634,10,Q3 linear_anchor_main overlay + causal prior-day load/PV; no future actual PV
2025-12-22,2025-12-23,18,linear_anchor_main,,3709.580558841014,59107.535966321404,-0.4525219331700951,0.7992968171747634,10,Q3 linear_anchor_main overlay + causal prior-day load/PV; no future actual PV
2025-12-22,2025-12-23,18,linear_anchor_main,,5876.908642692508,58128.34065382127,-0.45104620359534986,0.7992968171747634,10,Q3 linear_anchor_main overlay + causal prior-day load/PV; no future actual PV
2025-12-22,2025-12-23,18,linear_anchor_main,,7916.746839258588,57209.823496958415,-0.4499921110419604,0.7992968171747634,10,Q3 linear_anchor_main overlay + causal prior-day load/PV; no future actual PV
2025-12-22,2025-12-23,18,linear_anchor_main,,8527.11293175291,56935.38232048847,-0.44777851667984253,0.7992968171747634,10,Q3 linear_anchor_main overlay + causal prior-day load/PV; no future actual PV
2025-12-22,2025-12-23,18,linear_anchor_main,,9726.838500666125,56398.33162135411,-0.44746228891382567,0.7992968171747634,10,Q3 linear_anchor_main overlay + causal prior-day load/PV; no future actual PV
2025-12-22,2025-12-23,18,linear_anchor_main,,10009.430584957972,56271.88232048796,-0.4211205160046231,0.7992968171747634,10,Q3 linear_anchor_main overlay + causal prior-day load/PV; no future actual PV
2025-12-22,2025-12-23,18,linear_anchor_main,,10329.24573306598,56137.20160029062,-0.4211205160046231,0.7992968171747634,10,Q3 linear_anchor_main overlay + causal prior-day load/PV; no future actual PV
2025-12-22,2025-12-23,18,linear_anchor_main,,10800.0,55939.06281965465,-0.4030006650118583,0.7992968171747634,10,Q3 linear_anchor_main overlay + causal prior-day load/PV; no future actual PV
2025-12-23,2025-12-24,0,linear_anchor_main,,1200.0,56099.99240469923,-0.4544192997661961,0.7992968171674875,10,Q3 linear_anchor_main overlay + causal prior-day load/PV; no future actual PV
2025-12-23,2025-12-24,0,linear_anchor_main,,2850.385326518956,55350.73379361142,-0.4534706164681456,0.7992968171674875,10,Q3 linear_anchor_main overlay + causal prior-day load/PV; no future actual PV
2025-12-23,2025-12-24,0,linear_anchor_main,,3709.580558841014,54961.220772777175,-0.4525219331700951,0.7992968171674875,10,Q3 linear_anchor_main overlay + causal prior-day load/PV; no future actual PV
2025-12-23,2025-12-24,0,linear_anchor_main,,5876.908642693554,53982.02546027656,-0.45104620359534986,0.7992968171674875,10,Q3 linear_anchor_main overlay + causal prior-day load/PV; no future actual PV
2025-12-23,2025-12-24,0,linear_anchor_main,,7916.746839260618,53063.50830341327,-0.4499921110419604,0.7992968171674875,10,Q3 linear_anchor_main overlay + causal prior-day load/PV; no future actual PV
2025-12-23,2025-12-24,0,linear_anchor_main,,8527.112931758662,52789.06712694165,-0.44777851667984253,0.7992968171674875,10,Q3 linear_anchor_main overlay + causal prior-day load/PV; no future actual PV
2025-12-23,2025-12-24,0,linear_anchor_main,,9726.560166765685,52252.14097173404,-0.44746228891382567,0.7992968171674875,10,Q3 linear_anchor_main overlay + causal prior-day load/PV; no future actual PV
2025-12-23,2025-12-24,0,linear_anchor_main,,10009.430584957698,52125.56712694383,-0.4211205160046231,0.7992968171674875,10,Q3 linear_anchor_main overlay + causal prior-day load/PV; no future actual PV
2025-12-23,2025-12-24,0,linear_anchor_main,,10328.923847630458,51991.02195930708,-0.4211205160046231,0.7992968171674875,10,Q3 linear_anchor_main overlay + causal prior-day load/PV; no future actual PV
2025-12-23,2025-12-24,0,linear_anchor_main,,10800.0,51792.76193765958,-0.4030006650118583,0.7992968171674875,10,Q3 linear_anchor_main overlay + causal prior-day load/PV; no future actual PV
2025-12-23,2025-12-24,6,linear_anchor_main,,1200.0,56099.99240469923,-0.4544192997661961,0.7992968171674875,10,Q3 linear_anchor_main overlay + causal prior-day load/PV; no future actual PV
2025-12-23,2025-12-24,6,linear_anchor_main,,2850.385326518956,55350.73379361142,-0.4534706164681456,0.7992968171674875,10,Q3 linear_anchor_main overlay + causal prior-day load/PV; no future actual PV
2025-12-23,2025-12-24,6,linear_anchor_main,,3709.580558841014,54961.220772777175,-0.4525219331700951,0.7992968171674875,10,Q3 linear_anchor_main overlay + causal prior-day load/PV; no future actual PV
2025-12-23,2025-12-24,6,linear_anchor_main,,5876.908642693554,53982.02546027656,-0.45104620359534986,0.7992968171674875,10,Q3 linear_anchor_main overlay + causal prior-day load/PV; no future actual PV
2025-12-23,2025-12-24,6,linear_anchor_main,,7916.746839260618,53063.50830341327,-0.4499921110419604,0.7992968171674875,10,Q3 linear_anchor_main overlay + causal prior-day load/PV; no future actual PV
2025-12-23,2025-12-24,6,linear_anchor_main,,8527.112931758662,52789.06712694165,-0.44777851667984253,0.7992968171674875,10,Q3 linear_anchor_main overlay + causal prior-day load/PV; no future actual PV
2025-12-23,2025-12-24,6,linear_anchor_main,,9726.560166765685,52252.14097173404,-0.44746228891382567,0.7992968171674875,10,Q3 linear_anchor_main overlay + causal prior-day load/PV; no future actual PV
2025-12-23,2025-12-24,6,linear_anchor_main,,10009.430584957698,52125.56712694383,-0.4211205160046231,0.7992968171674875,10,Q3 linear_anchor_main overlay + causal prior-day load/PV; no future actual PV
2025-12-23,2025-12-24,6,linear_anchor_main,,10328.923847630458,51991.02195930708,-0.4211205160046231,0.7992968171674875,10,Q3 linear_anchor_main overlay + causal prior-day load/PV; no future actual PV
2025-12-23,2025-12-24,6,linear_anchor_main,,10800.0,51792.76193765958,-0.4030006650118583,0.7992968171674875,10,Q3 linear_anchor_main overlay + causal prior-day load/PV; no future actual PV
2025-12-23,2025-12-24,12,linear_anchor_main,,1200.0,55132.77023323015,-0.4544192997661961,0.7992968171674875,10,Q3 linear_anchor_main overlay + causal prior-day load/PV; no future actual PV
2025-12-23,2025-12-24,12,linear_anchor_main,,2850.385326518956,54383.51162214232,-0.4534706164681456,0.7992968171674875,10,Q3 linear_anchor_main overlay + causal prior-day load/PV; no future actual PV
2025-12-23,2025-12-24,12,linear_anchor_main,,3709.580558841014,53993.99860130809,-0.4525219331700951,0.7992968171674875,10,Q3 linear_anchor_main overlay + causal prior-day load/PV; no future actual PV
2025-12-23,2025-12-24,12,linear_anchor_main,,5876.908642692508,53014.803288807954,-0.45104620359534986,0.7992968171674875,10,Q3 linear_anchor_main overlay + causal prior-day load/PV; no future actual PV
2025-12-23,2025-12-24,12,linear_anchor_main,,7916.746839258588,52096.2861319451,-0.4499921110419604,0.7992968171674875,10,Q3 linear_anchor_main overlay + causal prior-day load/PV; no future actual PV
2025-12-23,2025-12-24,12,linear_anchor_main,,8527.11293175291,51821.84495547514,-0.44777851667984253,0.7992968171674875,10,Q3 linear_anchor_main overlay + causal prior-day load/PV; no future actual PV
2025-12-23,2025-12-24,12,linear_anchor_main,,9683.29291820914,51304.279262339085,-0.44746228891382567,0.7992968171674875,10,Q3 linear_anchor_main overlay + causal prior-day load/PV; no future actual PV
2025-12-23,2025-12-24,12,linear_anchor_main,,10009.430584957972,51158.34495547463,-0.4211205160046231,0.7992968171674875,10,Q3 linear_anchor_main overlay + causal prior-day load/PV; no future actual PV
2025-12-23,2025-12-24,12,linear_anchor_main,,10306.825710922214,51033.105766571316,-0.4211205160046231,0.7992968171674875,10,Q3 linear_anchor_main overlay + causal prior-day load/PV; no future actual PV
2025-12-23,2025-12-24,12,linear_anchor_main,,10800.0,50825.5397661905,-0.40499289993776433,0.7992968171674875,10,Q3 linear_anchor_main overlay + causal prior-day load/PV; no future actual PV
2025-12-23,2025-12-24,18,linear_anchor_main,,1200.0,54260.15877231909,-0.4544192997661961,0.7992968171747634,10,Q3 linear_anchor_main overlay + causal prior-day load/PV; no future actual PV
2025-12-23,2025-12-24,18,linear_anchor_main,,2850.385326518956,53510.90016123127,-0.4534706164681456,0.7992968171747634,10,Q3 linear_anchor_main overlay + causal prior-day load/PV; no future actual PV
2025-12-23,2025-12-24,18,linear_anchor_main,,3709.580558838857,53121.38714039801,-0.4525219331700951,0.7992968171747634,10,Q3 linear_anchor_main overlay + causal prior-day load/PV; no future actual PV
2025-12-23,2025-12-24,18,linear_anchor_main,,5876.908642692508,52142.1918278969,-0.45104620359534986,0.7992968171747634,10,Q3 linear_anchor_main overlay + causal prior-day load/PV; no future actual PV
2025-12-23,2025-12-24,18,linear_anchor_main,,7916.746839260618,51223.674671033135,-0.4499921110419604,0.7992968171747634,10,Q3 linear_anchor_main overlay + causal prior-day load/PV; no future actual PV
2025-12-23,2025-12-24,18,linear_anchor_main,,8527.112931758662,50949.233494561515,-0.44777851667984253,0.7992968171747634,10,Q3 linear_anchor_main overlay + causal prior-day load/PV; no future actual PV
2025-12-23,2025-12-24,18,linear_anchor_main,,9683.292918208992,50431.66780142809,-0.44746228891382567,0.7992968171747634,10,Q3 linear_anchor_main overlay + causal prior-day load/PV; no future actual PV
2025-12-23,2025-12-24,18,linear_anchor_main,,10009.430584957698,50285.7334945637,-0.4211205160046231,0.7992968171747634,10,Q3 linear_anchor_main overlay + causal prior-day load/PV; no future actual PV
2025-12-23,2025-12-24,18,linear_anchor_main,,10306.825710922043,50160.49430566034,-0.4211205160046231,0.7992968171747634,10,Q3 linear_anchor_main overlay + causal prior-day load/PV; no future actual PV
2025-12-23,2025-12-24,18,linear_anchor_main,,10800.0,49952.92830527945,-0.40499289993776433,0.7992968171747634,10,Q3 linear_anchor_main overlay + causal prior-day load/PV; no future actual PV
2025-12-24,2025-12-25,0,linear_anchor_main,,1200.0,55984.76872735098,-0.4544192997661961,0.7992968171747634,10,Q3 linear_anchor_main overlay + causal prior-day load/PV; no future actual PV
2025-12-24,2025-12-25,0,linear_anchor_main,,2850.3853265227904,55235.510116261416,-0.4534706164681456,0.7992968171747634,10,Q3 linear_anchor_main overlay + causal prior-day load/PV; no future actual PV
2025-12-24,2025-12-25,0,linear_anchor_main,,3709.580558843171,54845.99709542794,-0.4525219331700951,0.7992968171747634,10,Q3 linear_anchor_main overlay + causal prior-day load/PV; no future actual PV
2025-12-24,2025-12-25,0,linear_anchor_main,,5876.908642692508,53866.80178292878,-0.45104620359534986,0.7992968171747634,10,Q3 linear_anchor_main overlay + causal prior-day load/PV; no future actual PV
2025-12-24,2025-12-25,0,linear_anchor_main,,7916.746839256558,52948.28462606684,-0.4499921110419604,0.7992968171747634,10,Q3 linear_anchor_main overlay + causal prior-day load/PV; no future actual PV
2025-12-24,2025-12-25,0,linear_anchor_main,,8527.11293175291,52673.84344959597,-0.44777851667984253,0.7992968171747634,10,Q3 linear_anchor_main overlay + causal prior-day load/PV; no future actual PV
2025-12-24,2025-12-25,0,linear_anchor_main,,9726.56136154191,52136.916759768494,-0.44746228891382567,0.7992968171747634,10,Q3 linear_anchor_main overlay + causal prior-day load/PV; no future actual PV
2025-12-24,2025-12-25,0,linear_anchor_main,,10009.430584958249,52010.34344959535,-0.4211205160046231,0.7992968171747634,10,Q3 linear_anchor_main overlay + causal prior-day load/PV; no future actual PV
2025-12-24,2025-12-25,0,linear_anchor_main,,10328.925229356184,51875.79770008577,-0.4211205160046231,0.7992968171747634,10,Q3 linear_anchor_main overlay + causal prior-day load/PV; no future actual PV
2025-12-24,2025-12-25,0,linear_anchor_main,,10800.0,51677.53819887757,-0.4030006650118583,0.7992968171747634,10,Q3 linear_anchor_main overlay + causal prior-day load/PV; no future actual PV
2025-12-24,2025-12-25,6,linear_anchor_main,,1200.0,55984.76872735098,-0.4544192997661961,0.7992968171747634,10,Q3 linear_anchor_main overlay + causal prior-day load/PV; no future actual PV
2025-12-24,2025-12-25,6,linear_anchor_main,,2850.3853265227904,55235.510116261416,-0.4534706164681456,0.7992968171747634,10,Q3 linear_anchor_main overlay + causal prior-day load/PV; no future actual PV
2025-12-24,2025-12-25,6,linear_anchor_main,,3709.580558843171,54845.99709542794,-0.4525219331700951,0.7992968171747634,10,Q3 linear_anchor_main overlay + causal prior-day load/PV; no future actual PV
2025-12-24,2025-12-25,6,linear_anchor_main,,5876.908642692508,53866.80178292878,-0.45104620359534986,0.7992968171747634,10,Q3 linear_anchor_main overlay + causal prior-day load/PV; no future actual PV
2025-12-24,2025-12-25,6,linear_anchor_main,,7916.746839256558,52948.28462606684,-0.4499921110419604,0.7992968171747634,10,Q3 linear_anchor_main overlay + causal prior-day load/PV; no future actual PV
2025-12-24,2025-12-25,6,linear_anchor_main,,8527.11293175291,52673.84344959597,-0.44777851667984253,0.7992968171747634,10,Q3 linear_anchor_main overlay + causal prior-day load/PV; no future actual PV
2025-12-24,2025-12-25,6,linear_anchor_main,,9726.56136154191,52136.916759768494,-0.44746228891382567,0.7992968171747634,10,Q3 linear_anchor_main overlay + causal prior-day load/PV; no future actual PV
2025-12-24,2025-12-25,6,linear_anchor_main,,10009.430584958249,52010.34344959535,-0.4211205160046231,0.7992968171747634,10,Q3 linear_anchor_main overlay + causal prior-day load/PV; no future actual PV
2025-12-24,2025-12-25,6,linear_anchor_main,,10328.925229356184,51875.79770008577,-0.4211205160046231,0.7992968171747634,10,Q3 linear_anchor_main overlay + causal prior-day load/PV; no future actual PV
2025-12-24,2025-12-25,6,linear_anchor_main,,10800.0,51677.53819887757,-0.4030006650118583,0.7992968171747634,10,Q3 linear_anchor_main overlay + causal prior-day load/PV; no future actual PV
2025-12-24,2025-12-25,12,linear_anchor_main,,1200.0,54633.21724627244,-0.4544192997661961,0.9190626489071292,9,Q3 linear_anchor_main overlay + causal prior-day load/PV; no future actual PV
2025-12-24,2025-12-25,12,linear_anchor_main,,2850.3853265227904,53883.95863518288,-0.4534706164681456,0.9190626489071292,9,Q3 linear_anchor_main overlay + causal prior-day load/PV; no future actual PV
2025-12-24,2025-12-25,12,linear_anchor_main,,3709.580558843171,53494.4456143494,-0.4525219331700951,0.9190626489071292,9,Q3 linear_anchor_main overlay + causal prior-day load/PV; no future actual PV
2025-12-24,2025-12-25,12,linear_anchor_main,,5876.908642693554,52515.25030184977,-0.45104620359534986,0.9190626489071292,9,Q3 linear_anchor_main overlay + causal prior-day load/PV; no future actual PV
2025-12-24,2025-12-25,12,linear_anchor_main,,7916.746839258588,51596.73314498739,-0.4499921110419604,0.9190626489071292,9,Q3 linear_anchor_main overlay + causal prior-day load/PV; no future actual PV
2025-12-24,2025-12-25,12,linear_anchor_main,,9424.577441975525,50920.491694554294,-0.44746228891382567,0.9190626489071292,9,Q3 linear_anchor_main overlay + causal prior-day load/PV; no future actual PV
2025-12-24,2025-12-25,12,linear_anchor_main,,10009.430584957972,50658.791968516925,-0.4211205160046231,0.9190626489071292,9,Q3 linear_anchor_main overlay + causal prior-day load/PV; no future actual PV
2025-12-24,2025-12-25,12,linear_anchor_main,,10168.607123426464,50591.75946250124,-0.4211205160046231,0.9190626489071292,9,Q3 linear_anchor_main overlay + causal prior-day load/PV; no future actual PV
2025-12-24,2025-12-25,12,linear_anchor_main,,10800.0,50325.98671779904,-0.4142899962586593,0.9190626489071292,9,Q3 linear_anchor_main overlay + causal prior-day load/PV; no future actual PV
2025-12-24,2025-12-25,18,linear_anchor_main,,1200.0,58800.3415784774,-0.4544192997661961,0.7992968171747634,10,Q3 linear_anchor_main overlay + causal prior-day load/PV; no future actual PV
2025-12-24,2025-12-25,18,linear_anchor_main,,2850.385326518956,58051.08296738958,-0.4534706164681456,0.7992968171747634,10,Q3 linear_anchor_main overlay + causal prior-day load/PV; no future actual PV
2025-12-24,2025-12-25,18,linear_anchor_main,,3709.580558838857,57661.569946556316,-0.4525219331700951,0.7992968171747634,10,Q3 linear_anchor_main overlay + causal prior-day load/PV; no future actual PV
2025-12-24,2025-12-25,18,linear_anchor_main,,5876.908642691462,56682.37463405568,-0.45104620359534986,0.7992968171747634,10,Q3 linear_anchor_main overlay + causal prior-day load/PV; no future actual PV
2025-12-24,2025-12-25,18,linear_anchor_main,,7916.746839258588,55763.85747719235,-0.4499921110419604,0.7992968171747634,10,Q3 linear_anchor_main overlay + causal prior-day load/PV; no future actual PV
2025-12-24,2025-12-25,18,linear_anchor_main,,8527.11293175291,55489.4163007224,-0.44777851667984253,0.7992968171747634,10,Q3 linear_anchor_main overlay + causal prior-day load/PV; no future actual PV
2025-12-24,2025-12-25,18,linear_anchor_main,,9726.561361541628,54952.48961089504,-0.44746228891382567,0.7992968171747634,10,Q3 linear_anchor_main overlay + causal prior-day load/PV; no future actual PV
2025-12-24,2025-12-25,18,linear_anchor_main,,10009.430584957972,54825.91630072189,-0.4211205160046231,0.7992968171747634,10,Q3 linear_anchor_main overlay + causal prior-day load/PV; no future actual PV
2025-12-24,2025-12-25,18,linear_anchor_main,,10328.92522935602,54691.37055121227,-0.4211205160046231,0.7992968171747634,10,Q3 linear_anchor_main overlay + causal prior-day load/PV; no future actual PV
2025-12-24,2025-12-25,18,linear_anchor_main,,10800.0,54493.111050004,-0.4030006650118583,0.7992968171747634,10,Q3 linear_anchor_main overlay + causal prior-day load/PV; no future actual PV
2025-12-25,2025-12-26,0,linear_anchor_main,,1200.0,21937.494173269108,-0.4544192997661961,0.7992968171747634,10,Q3 linear_anchor_main overlay + causal prior-day load/PV; no future actual PV
2025-12-25,2025-12-26,0,linear_anchor_main,,2850.385326518956,21188.23556218129,-0.4534706164681456,0.7992968171747634,10,Q3 linear_anchor_main overlay + causal prior-day load/PV; no future actual PV
2025-12-25,2025-12-26,0,linear_anchor_main,,3709.580558841014,20798.72254134705,-0.4525219331700951,0.7992968171747634,10,Q3 linear_anchor_main overlay + causal prior-day load/PV; no future actual PV
2025-12-25,2025-12-26,0,linear_anchor_main,,5876.908642692508,19819.527228846913,-0.45104620359534986,0.7992968171747634,10,Q3 linear_anchor_main overlay + causal prior-day load/PV; no future actual PV
2025-12-25,2025-12-26,0,linear_anchor_main,,7916.746839258588,18901.01007198406,-0.4499921110419604,0.7992968171747634,10,Q3 linear_anchor_main overlay + causal prior-day load/PV; no future actual PV
2025-12-25,2025-12-26,0,linear_anchor_main,,8527.112931755786,18626.568895512817,-0.44777851667984253,0.7992968171747634,10,Q3 linear_anchor_main overlay + causal prior-day load/PV; no future actual PV
2025-12-25,2025-12-26,0,linear_anchor_main,,9720.849905695171,18092.197866792834,-0.44746228891382567,0.7992968171747634,10,Q3 linear_anchor_main overlay + causal prior-day load/PV; no future actual PV
2025-12-25,2025-12-26,0,linear_anchor_main,,10009.430584957834,17963.068895513657,-0.4211205160046231,0.7992968171747634,10,Q3 linear_anchor_main overlay + causal prior-day load/PV; no future actual PV
2025-12-25,2025-12-26,0,linear_anchor_main,,10322.320089095305,17831.304706078852,-0.4211205160046231,0.7992968171747634,10,Q3 linear_anchor_main overlay + causal prior-day load/PV; no future actual PV
2025-12-25,2025-12-26,0,linear_anchor_main,,10800.0,17630.557320057793,-0.4030006650118583,0.7992968171747634,10,Q3 linear_anchor_main overlay + causal prior-day load/PV; no future actual PV
2025-12-25,2025-12-26,6,linear_anchor_main,,1200.0,21937.494173269108,-0.4544192997661961,0.7992968171747634,10,Q3 linear_anchor_main overlay + causal prior-day load/PV; no future actual PV
2025-12-25,2025-12-26,6,linear_anchor_main,,2850.385326518956,21188.23556218129,-0.4534706164681456,0.7992968171747634,10,Q3 linear_anchor_main overlay + causal prior-day load/PV; no future actual PV
2025-12-25,2025-12-26,6,linear_anchor_main,,3709.580558841014,20798.72254134705,-0.4525219331700951,0.7992968171747634,10,Q3 linear_anchor_main overlay + causal prior-day load/PV; no future actual PV
2025-12-25,2025-12-26,6,linear_anchor_main,,5876.908642692508,19819.527228846913,-0.45104620359534986,0.7992968171747634,10,Q3 linear_anchor_main overlay + causal prior-day load/PV; no future actual PV
2025-12-25,2025-12-26,6,linear_anchor_main,,7916.746839258588,18901.01007198406,-0.4499921110419604,0.7992968171747634,10,Q3 linear_anchor_main overlay + causal prior-day load/PV; no future actual PV
2025-12-25,2025-12-26,6,linear_anchor_main,,8527.112931755786,18626.568895512817,-0.44777851667984253,0.7992968171747634,10,Q3 linear_anchor_main overlay + causal prior-day load/PV; no future actual PV
2025-12-25,2025-12-26,6,linear_anchor_main,,9720.849905695171,18092.197866792834,-0.44746228891382567,0.7992968171747634,10,Q3 linear_anchor_main overlay + causal prior-day load/PV; no future actual PV
2025-12-25,2025-12-26,6,linear_anchor_main,,10009.430584957834,17963.068895513657,-0.4211205160046231,0.7992968171747634,10,Q3 linear_anchor_main overlay + causal prior-day load/PV; no future actual PV
2025-12-25,2025-12-26,6,linear_anchor_main,,10322.320089095305,17831.304706078852,-0.4211205160046231,0.7992968171747634,10,Q3 linear_anchor_main overlay + causal prior-day load/PV; no future actual PV
2025-12-25,2025-12-26,6,linear_anchor_main,,10800.0,17630.557320057793,-0.4030006650118583,0.7992968171747634,10,Q3 linear_anchor_main overlay + causal prior-day load/PV; no future actual PV
2025-12-25,2025-12-26,12,linear_anchor_main,,1200.0,21946.33937882607,-0.4544192997661961,0.7992968171711254,10,Q3 linear_anchor_main overlay + causal prior-day load/PV; no future actual PV
2025-12-25,2025-12-26,12,linear_anchor_main,,2850.385326520873,21197.08076773738,-0.4534706164681456,0.7992968171711254,10,Q3 linear_anchor_main overlay + causal prior-day load/PV; no future actual PV
2025-12-25,2025-12-26,12,linear_anchor_main,,3709.580558841014,20807.56774690401,-0.4525219331700951,0.7992968171711254,10,Q3 linear_anchor_main overlay + causal prior-day load/PV; no future actual PV
2025-12-25,2025-12-26,12,linear_anchor_main,,5876.908642692508,19828.372434403875,-0.45104620359534986,0.7992968171711254,10,Q3 linear_anchor_main overlay + causal prior-day load/PV; no future actual PV
2025-12-25,2025-12-26,12,linear_anchor_main,,7916.746839258588,18909.855277541017,-0.4499921110419604,0.7992968171711254,10,Q3 linear_anchor_main overlay + causal prior-day load/PV; no future actual PV
2025-12-25,2025-12-26,12,linear_anchor_main,,8527.112931754347,18635.41410107042,-0.44777851667984253,0.7992968171711254,10,Q3 linear_anchor_main overlay + causal prior-day load/PV; no future actual PV
2025-12-25,2025-12-26,12,linear_anchor_main,,9720.849905695171,18101.043072349796,-0.44746228891382567,0.7992968171711254,10,Q3 linear_anchor_main overlay + causal prior-day load/PV; no future actual PV
2025-12-25,2025-12-26,12,linear_anchor_main,,10009.430584957698,17971.914101070673,-0.4211205160046231,0.7992968171711254,10,Q3 linear_anchor_main overlay + causal prior-day load/PV; no future actual PV
2025-12-25,2025-12-26,12,linear_anchor_main,,10322.320089095305,17840.149911635817,-0.4211205160046231,0.7992968171711254,10,Q3 linear_anchor_main overlay + causal prior-day load/PV; no future actual PV
2025-12-25,2025-12-26,12,linear_anchor_main,,10800.0,17639.402525614754,-0.4030006650118583,0.7992968171711254,10,Q3 linear_anchor_main overlay + causal prior-day load/PV; no future actual PV
2025-12-25,2025-12-26,18,linear_anchor_main,,1200.0,24479.58191383858,-0.4544192997661961,0.7992968171711254,10,Q3 linear_anchor_main overlay + causal prior-day load/PV; no future actual PV
2025-12-25,2025-12-26,18,linear_anchor_main,,2850.385326520873,23730.323302749894,-0.4534706164681456,0.7992968171711254,10,Q3 linear_anchor_main overlay + causal prior-day load/PV; no future actual PV
2025-12-25,2025-12-26,18,linear_anchor_main,,3709.580558841014,23340.81028191652,-0.4525219331700951,0.7992968171711254,10,Q3 linear_anchor_main overlay + causal prior-day load/PV; no future actual PV
2025-12-25,2025-12-26,18,linear_anchor_main,,5876.908642691985,22361.614969416623,-0.45104620359534986,0.7992968171711254,10,Q3 linear_anchor_main overlay + causal prior-day load/PV; no future actual PV
2025-12-25,2025-12-26,18,linear_anchor_main,,7916.746839257573,21443.09781255399,-0.4499921110419604,0.7992968171711254,10,Q3 linear_anchor_main overlay + causal prior-day load/PV; no future actual PV
2025-12-25,2025-12-26,18,linear_anchor_main,,8527.112931754347,21168.656636082935,-0.44777851667984253,0.7992968171711254,10,Q3 linear_anchor_main overlay + causal prior-day load/PV; no future actual PV
2025-12-25,2025-12-26,18,linear_anchor_main,,9720.8499056951,20634.28560736234,-0.44746228891382567,0.7992968171711254,10,Q3 linear_anchor_main overlay + causal prior-day load/PV; no future actual PV
2025-12-25,2025-12-26,18,linear_anchor_main,,10009.430584957834,20505.156636083128,-0.4211205160046231,0.7992968171711254,10,Q3 linear_anchor_main overlay + causal prior-day load/PV; no future actual PV
2025-12-25,2025-12-26,18,linear_anchor_main,,10322.320089095305,20373.39244664833,-0.4211205160046231,0.7992968171711254,10,Q3 linear_anchor_main overlay + causal prior-day load/PV; no future actual PV
2025-12-25,2025-12-26,18,linear_anchor_main,,10800.0,20172.64506062727,-0.4030006650118583,0.7992968171711254,10,Q3 linear_anchor_main overlay + causal prior-day load/PV; no future actual PV
2025-12-26,2025-12-27,0,linear_anchor_main,,1200.0,21968.69719853888,-0.4544192997661961,0.7992968171747634,10,Q3 linear_anchor_main overlay + causal prior-day load/PV; no future actual PV
2025-12-26,2025-12-27,0,linear_anchor_main,,2850.3853265227904,21219.438587449324,-0.4534706164681456,0.7992968171747634,10,Q3 linear_anchor_main overlay + causal prior-day load/PV; no future actual PV
2025-12-26,2025-12-27,0,linear_anchor_main,,3709.580558841014,20829.925566616817,-0.4525219331700951,0.7992968171747634,10,Q3 linear_anchor_main overlay + causal prior-day load/PV; no future actual PV
2025-12-26,2025-12-27,0,linear_anchor_main,,5876.908642692508,19850.730254116686,-0.45104620359534986,0.7992968171747634,10,Q3 linear_anchor_main overlay + causal prior-day load/PV; no future actual PV
2025-12-26,2025-12-27,0,linear_anchor_main,,7916.746839258588,18932.21309725383,-0.4499921110419604,0.7992968171747634,10,Q3 linear_anchor_main overlay + causal prior-day load/PV; no future actual PV
2025-12-26,2025-12-27,0,linear_anchor_main,,8527.11293175291,18657.771920783875,-0.44777851667984253,0.7992968171747634,10,Q3 linear_anchor_main overlay + causal prior-day load/PV; no future actual PV
2025-12-26,2025-12-27,0,linear_anchor_main,,9720.876178093189,18123.389136155256,-0.44746228891382567,0.7992968171747634,10,Q3 linear_anchor_main overlay + causal prior-day load/PV; no future actual PV
2025-12-26,2025-12-27,0,linear_anchor_main,,10009.430584957834,17994.27192078343,-0.4211205160046231,0.7992968171747634,10,Q3 linear_anchor_main overlay + causal prior-day load/PV; no future actual PV
2025-12-26,2025-12-27,0,linear_anchor_main,,10322.35047239486,17862.49493631784,-0.4211205160046231,0.7992968171747634,10,Q3 linear_anchor_main overlay + causal prior-day load/PV; no future actual PV
2025-12-26,2025-12-27,0,linear_anchor_main,,10800.0,17661.75899443673,-0.4030006650118583,0.7992968171747634,10,Q3 linear_anchor_main overlay + causal prior-day load/PV; no future actual PV
2025-12-26,2025-12-27,6,linear_anchor_main,,1200.0,21968.69719853888,-0.4544192997661961,0.7992968171747634,10,Q3 linear_anchor_main overlay + causal prior-day load/PV; no future actual PV
2025-12-26,2025-12-27,6,linear_anchor_main,,2850.3853265227904,21219.438587449324,-0.4534706164681456,0.7992968171747634,10,Q3 linear_anchor_main overlay + causal prior-day load/PV; no future actual PV
2025-12-26,2025-12-27,6,linear_anchor_main,,3709.580558841014,20829.925566616817,-0.4525219331700951,0.7992968171747634,10,Q3 linear_anchor_main overlay + causal prior-day load/PV; no future actual PV
2025-12-26,2025-12-27,6,linear_anchor_main,,5876.908642692508,19850.730254116686,-0.45104620359534986,0.7992968171747634,10,Q3 linear_anchor_main overlay + causal prior-day load/PV; no future actual PV
2025-12-26,2025-12-27,6,linear_anchor_main,,7916.746839258588,18932.21309725383,-0.4499921110419604,0.7992968171747634,10,Q3 linear_anchor_main overlay + causal prior-day load/PV; no future actual PV
2025-12-26,2025-12-27,6,linear_anchor_main,,8527.11293175291,18657.771920783875,-0.44777851667984253,0.7992968171747634,10,Q3 linear_anchor_main overlay + causal prior-day load/PV; no future actual PV
2025-12-26,2025-12-27,6,linear_anchor_main,,9720.876178093189,18123.389136155256,-0.44746228891382567,0.7992968171747634,10,Q3 linear_anchor_main overlay + causal prior-day load/PV; no future actual PV
2025-12-26,2025-12-27,6,linear_anchor_main,,10009.430584957834,17994.27192078343,-0.4211205160046231,0.7992968171747634,10,Q3 linear_anchor_main overlay + causal prior-day load/PV; no future actual PV
2025-12-26,2025-12-27,6,linear_anchor_main,,10322.35047239486,17862.49493631784,-0.4211205160046231,0.7992968171747634,10,Q3 linear_anchor_main overlay + causal prior-day load/PV; no future actual PV
2025-12-26,2025-12-27,6,linear_anchor_main,,10800.0,17661.75899443673,-0.4030006650118583,0.7992968171747634,10,Q3 linear_anchor_main overlay + causal prior-day load/PV; no future actual PV
2025-12-26,2025-12-27,12,linear_anchor_main,,1200.0,21492.265915245684,-0.4544192997661961,0.7992968171711254,10,Q3 linear_anchor_main overlay + causal prior-day load/PV; no future actual PV
2025-12-26,2025-12-27,12,linear_anchor_main,,2850.385326518956,20743.007304157873,-0.4534706164681456,0.7992968171711254,10,Q3 linear_anchor_main overlay + causal prior-day load/PV; no future actual PV
2025-12-26,2025-12-27,12,linear_anchor_main,,3709.5805588399353,20353.494283324115,-0.4525219331700951,0.7992968171711254,10,Q3 linear_anchor_main overlay + causal prior-day load/PV; no future actual PV
2025-12-26,2025-12-27,12,linear_anchor_main,,5876.908642691985,19374.29897082373,-0.45104620359534986,0.7992968171711254,10,Q3 linear_anchor_main overlay + causal prior-day load/PV; no future actual PV
2025-12-26,2025-12-27,12,linear_anchor_main,,7916.746839258588,18455.78181396064,-0.4499921110419604,0.7992968171711254,10,Q3 linear_anchor_main overlay + causal prior-day load/PV; no future actual PV
2025-12-26,2025-12-27,12,linear_anchor_main,,8527.112931754347,18181.34063749004,-0.44777851667984253,0.7992968171711254,10,Q3 linear_anchor_main overlay + causal prior-day load/PV; no future actual PV
2025-12-26,2025-12-27,12,linear_anchor_main,,9720.876178093047,17646.957852862124,-0.44746228891382567,0.7992968171711254,10,Q3 linear_anchor_main overlay + causal prior-day load/PV; no future actual PV
2025-12-26,2025-12-27,12,linear_anchor_main,,10009.430584957972,17517.840637490175,-0.4211205160046231,0.7992968171711254,10,Q3 linear_anchor_main overlay + causal prior-day load/PV; no future actual PV
2025-12-26,2025-12-27,12,linear_anchor_main,,10322.350472394779,17386.063653024677,-0.4211205160046231,0.7992968171711254,10,Q3 linear_anchor_main overlay + causal prior-day load/PV; no future actual PV
2025-12-26,2025-12-27,12,linear_anchor_main,,10800.0,17185.32771114354,-0.4030006650118583,0.7992968171711254,10,Q3 linear_anchor_main overlay + causal prior-day load/PV; no future actual PV
2025-12-26,2025-12-27,18,linear_anchor_main,,1200.0,23731.72475077256,-0.4544192997661961,0.7992968171711254,10,Q3 linear_anchor_main overlay + causal prior-day load/PV; no future actual PV
2025-12-26,2025-12-27,18,linear_anchor_main,,2850.385326520873,22982.46613968387,-0.4534706164681456,0.7992968171711254,10,Q3 linear_anchor_main overlay + causal prior-day load/PV; no future actual PV
2025-12-26,2025-12-27,18,linear_anchor_main,,3709.580558841014,22592.9531188505,-0.4525219331700951,0.7992968171711254,10,Q3 linear_anchor_main overlay + causal prior-day load/PV; no future actual PV
2025-12-26,2025-12-27,18,linear_anchor_main,,5876.908642692508,21613.757806350364,-0.45104620359534986,0.7992968171711254,10,Q3 linear_anchor_main overlay + causal prior-day load/PV; no future actual PV
2025-12-26,2025-12-27,18,linear_anchor_main,,7916.746839258588,20695.24064948751,-0.4499921110419604,0.7992968171711254,10,Q3 linear_anchor_main overlay + causal prior-day load/PV; no future actual PV
2025-12-26,2025-12-27,18,linear_anchor_main,,8527.112931754347,20420.799473016912,-0.44777851667984253,0.7992968171711254,10,Q3 linear_anchor_main overlay + causal prior-day load/PV; no future actual PV
2025-12-26,2025-12-27,18,linear_anchor_main,,9720.876178093118,19886.416688388963,-0.44746228891382567,0.7992968171711254,10,Q3 linear_anchor_main overlay + causal prior-day load/PV; no future actual PV
2025-12-26,2025-12-27,18,linear_anchor_main,,10009.430584957972,19757.299473017047,-0.4211205160046231,0.7992968171711254,10,Q3 linear_anchor_main overlay + causal prior-day load/PV; no future actual PV
2025-12-26,2025-12-27,18,linear_anchor_main,,10322.350472394779,19625.52248855155,-0.4211205160046231,0.7992968171711254,10,Q3 linear_anchor_main overlay + causal prior-day load/PV; no future actual PV
2025-12-26,2025-12-27,18,linear_anchor_main,,10800.0,19424.78654667041,-0.4030006650118583,0.7992968171711254,10,Q3 linear_anchor_main overlay + causal prior-day load/PV; no future actual PV
2025-12-27,2025-12-28,0,linear_anchor_main,,1200.0,56016.62598198846,-0.4544192997661961,0.7992968171674875,10,Q3 linear_anchor_main overlay + causal prior-day load/PV; no future actual PV
2025-12-27,2025-12-28,0,linear_anchor_main,,2850.385326515121,55267.367370902386,-0.4534706164681456,0.7992968171674875,10,Q3 linear_anchor_main overlay + causal prior-day load/PV; no future actual PV
2025-12-27,2025-12-28,0,linear_anchor_main,,3709.580558838857,54877.854350067384,-0.4525219331700951,0.7992968171674875,10,Q3 linear_anchor_main overlay + causal prior-day load/PV; no future actual PV
2025-12-27,2025-12-28,0,linear_anchor_main,,5876.908642691462,53898.659037566744,-0.45104620359534986,0.7992968171674875,10,Q3 linear_anchor_main overlay + causal prior-day load/PV; no future actual PV
2025-12-27,2025-12-28,0,linear_anchor_main,,7916.746839258588,52980.14188070342,-0.4499921110419604,0.7992968171674875,10,Q3 linear_anchor_main overlay + causal prior-day load/PV; no future actual PV
2025-12-27,2025-12-28,0,linear_anchor_main,,8527.112931755786,52705.70070423217,-0.44777851667984253,0.7992968171674875,10,Q3 linear_anchor_main overlay + causal prior-day load/PV; no future actual PV
2025-12-27,2025-12-28,0,linear_anchor_main,,9683.58406785381,52188.00473261098,-0.44746228891382567,0.7992968171674875,10,Q3 linear_anchor_main overlay + causal prior-day load/PV; no future actual PV
2025-12-27,2025-12-28,0,linear_anchor_main,,10009.430584957972,52042.20070423295,-0.4211205160046231,0.7992968171674875,10,Q3 linear_anchor_main overlay + causal prior-day load/PV; no future actual PV
2025-12-27,2025-12-28,0,linear_anchor_main,,10307.164554477575,51916.81882135675,-0.4211205160046231,0.7992968171674875,10,Q3 linear_anchor_main overlay + causal prior-day load/PV; no future actual PV
2025-12-27,2025-12-28,0,linear_anchor_main,,10800.0,51709.38112447006,-0.40499289993776433,0.7992968171674875,10,Q3 linear_anchor_main overlay + causal prior-day load/PV; no future actual PV
2025-12-27,2025-12-28,6,linear_anchor_main,,1200.0,56016.62598198846,-0.4544192997661961,0.7992968171674875,10,Q3 linear_anchor_main overlay + causal prior-day load/PV; no future actual PV
2025-12-27,2025-12-28,6,linear_anchor_main,,2850.385326515121,55267.367370902386,-0.4534706164681456,0.7992968171674875,10,Q3 linear_anchor_main overlay + causal prior-day load/PV; no future actual PV
2025-12-27,2025-12-28,6,linear_anchor_main,,3709.580558838857,54877.854350067384,-0.4525219331700951,0.7992968171674875,10,Q3 linear_anchor_main overlay + causal prior-day load/PV; no future actual PV
2025-12-27,2025-12-28,6,linear_anchor_main,,5876.908642691462,53898.659037566744,-0.45104620359534986,0.7992968171674875,10,Q3 linear_anchor_main overlay + causal prior-day load/PV; no future actual PV
2025-12-27,2025-12-28,6,linear_anchor_main,,7916.746839258588,52980.14188070342,-0.4499921110419604,0.7992968171674875,10,Q3 linear_anchor_main overlay + causal prior-day load/PV; no future actual PV
2025-12-27,2025-12-28,6,linear_anchor_main,,8527.112931755786,52705.70070423217,-0.44777851667984253,0.7992968171674875,10,Q3 linear_anchor_main overlay + causal prior-day load/PV; no future actual PV
2025-12-27,2025-12-28,6,linear_anchor_main,,9683.58406785381,52188.00473261098,-0.44746228891382567,0.7992968171674875,10,Q3 linear_anchor_main overlay + causal prior-day load/PV; no future actual PV
2025-12-27,2025-12-28,6,linear_anchor_main,,10009.430584957972,52042.20070423295,-0.4211205160046231,0.7992968171674875,10,Q3 linear_anchor_main overlay + causal prior-day load/PV; no future actual PV
2025-12-27,2025-12-28,6,linear_anchor_main,,10307.164554477575,51916.81882135675,-0.4211205160046231,0.7992968171674875,10,Q3 linear_anchor_main overlay + causal prior-day load/PV; no future actual PV
2025-12-27,2025-12-28,6,linear_anchor_main,,10800.0,51709.38112447006,-0.40499289993776433,0.7992968171674875,10,Q3 linear_anchor_main overlay + causal prior-day load/PV; no future actual PV
2025-12-27,2025-12-28,12,linear_anchor_main,,1200.0,55815.146019508305,-0.4544192997661961,0.7992968171747634,10,Q3 linear_anchor_main overlay + causal prior-day load/PV; no future actual PV
2025-12-27,2025-12-28,12,linear_anchor_main,,2850.3853265227904,55065.887408418756,-0.4534706164681456,0.7992968171747634,10,Q3 linear_anchor_main overlay + causal prior-day load/PV; no future actual PV
2025-12-27,2025-12-28,12,linear_anchor_main,,3709.580558841014,54676.37438758624,-0.4525219331700951,0.7992968171747634,10,Q3 linear_anchor_main overlay + causal prior-day load/PV; no future actual PV
2025-12-27,2025-12-28,12,linear_anchor_main,,5876.908642691462,53697.179075086584,-0.45104620359534986,0.7992968171747634,10,Q3 linear_anchor_main overlay + causal prior-day load/PV; no future actual PV
2025-12-27,2025-12-28,12,linear_anchor_main,,7916.746839256558,52778.66191822417,-0.4499921110419604,0.7992968171747634,10,Q3 linear_anchor_main overlay + causal prior-day load/PV; no future actual PV
2025-12-27,2025-12-28,12,linear_anchor_main,,8527.11293175291,52504.220741753306,-0.44777851667984253,0.7992968171747634,10,Q3 linear_anchor_main overlay + causal prior-day load/PV; no future actual PV
2025-12-27,2025-12-28,12,linear_anchor_main,,9726.840035704565,51967.169355747144,-0.44746228891382567,0.7992968171747634,10,Q3 linear_anchor_main overlay + causal prior-day load/PV; no future actual PV
2025-12-27,2025-12-28,12,linear_anchor_main,,10009.430584957972,51840.7207417528,-0.4211205160046231,0.7992968171747634,10,Q3 linear_anchor_main overlay + causal prior-day load/PV; no future actual PV
2025-12-27,2025-12-28,12,linear_anchor_main,,10329.24750829552,51706.03927396988,-0.4211205160046231,0.7992968171747634,10,Q3 linear_anchor_main overlay + causal prior-day load/PV; no future actual PV
2025-12-27,2025-12-28,12,linear_anchor_main,,10800.0,51507.90116198991,-0.4030006650118583,0.7992968171747634,10,Q3 linear_anchor_main overlay + causal prior-day load/PV; no future actual PV
2025-12-27,2025-12-28,18,linear_anchor_main,,1200.0,53900.13445132612,-0.4544192997661961,0.7992968171674875,10,Q3 linear_anchor_main overlay + causal prior-day load/PV; no future actual PV
2025-12-27,2025-12-28,18,linear_anchor_main,,2850.385326518956,53150.8758402383,-0.4534706164681456,0.7992968171674875,10,Q3 linear_anchor_main overlay + causal prior-day load/PV; no future actual PV
2025-12-27,2025-12-28,18,linear_anchor_main,,3709.580558841014,52761.362819404065,-0.4525219331700951,0.7992968171674875,10,Q3 linear_anchor_main overlay + causal prior-day load/PV; no future actual PV
2025-12-27,2025-12-28,18,linear_anchor_main,,5876.908642692508,51782.16750690393,-0.45104620359534986,0.7992968171674875,10,Q3 linear_anchor_main overlay + causal prior-day load/PV; no future actual PV
2025-12-27,2025-12-28,18,linear_anchor_main,,7916.746839258588,50863.65035004107,-0.4499921110419604,0.7992968171674875,10,Q3 linear_anchor_main overlay + causal prior-day load/PV; no future actual PV
2025-12-27,2025-12-28,18,linear_anchor_main,,8527.11293175291,50589.209173571115,-0.44777851667984253,0.7992968171674875,10,Q3 linear_anchor_main overlay + causal prior-day load/PV; no future actual PV
2025-12-27,2025-12-28,18,linear_anchor_main,,9683.58406785381,50071.513201948634,-0.44746228891382567,0.7992968171674875,10,Q3 linear_anchor_main overlay + causal prior-day load/PV; no future actual PV
2025-12-27,2025-12-28,18,linear_anchor_main,,10009.430584957698,49925.70917357073,-0.4211205160046231,0.7992968171674875,10,Q3 linear_anchor_main overlay + causal prior-day load/PV; no future actual PV
2025-12-27,2025-12-28,18,linear_anchor_main,,10307.164554477404,49800.327290694484,-0.4211205160046231,0.7992968171674875,10,Q3 linear_anchor_main overlay + causal prior-day load/PV; no future actual PV
2025-12-27,2025-12-28,18,linear_anchor_main,,10800.0,49592.889593807726,-0.40499289993776433,0.7992968171674875,10,Q3 linear_anchor_main overlay + causal prior-day load/PV; no future actual PV
2025-12-28,2025-12-29,0,linear_anchor_main,,1200.0,56964.52253200355,-0.4544192997661961,0.7992968171747634,10,Q3 linear_anchor_main overlay + causal prior-day load/PV; no future actual PV
2025-12-28,2025-12-29,0,linear_anchor_main,,2850.3853265227904,56215.26392091399,-0.4534706164681456,0.7992968171747634,10,Q3 linear_anchor_main overlay + causal prior-day load/PV; no future actual PV
2025-12-28,2025-12-29,0,linear_anchor_main,,3709.580558841014,55825.75090008149,-0.4525219331700951,0.7992968171747634,10,Q3 linear_anchor_main overlay + causal prior-day load/PV; no future actual PV
2025-12-28,2025-12-29,0,linear_anchor_main,,5876.908642692508,54846.55558758136,-0.45104620359534986,0.7992968171747634,10,Q3 linear_anchor_main overlay + causal prior-day load/PV; no future actual PV
2025-12-28,2025-12-29,0,linear_anchor_main,,7916.746839258588,53928.0384307185,-0.4499921110419604,0.7992968171747634,10,Q3 linear_anchor_main overlay + causal prior-day load/PV; no future actual PV
2025-12-28,2025-12-29,0,linear_anchor_main,,8527.11293175291,53653.597254248554,-0.44777851667984253,0.7992968171747634,10,Q3 linear_anchor_main overlay + causal prior-day load/PV; no future actual PV
2025-12-28,2025-12-29,0,linear_anchor_main,,9678.411170154388,53138.215959270965,-0.44746228891382567,0.7992968171747634,10,Q3 linear_anchor_main overlay + causal prior-day load/PV; no future actual PV
2025-12-28,2025-12-29,0,linear_anchor_main,,10009.430584957698,52990.09725424816,-0.4211205160046231,0.7992968171747634,10,Q3 linear_anchor_main overlay + causal prior-day load/PV; no future actual PV
2025-12-28,2025-12-29,0,linear_anchor_main,,10305.345619960695,52865.48136201417,-0.4211205160046231,0.7992968171747634,10,Q3 linear_anchor_main overlay + causal prior-day load/PV; no future actual PV
2025-12-28,2025-12-29,0,linear_anchor_main,,10800.0,52657.21414241807,-0.4052775049271795,0.7992968171747634,10,Q3 linear_anchor_main overlay + causal prior-day load/PV; no future actual PV
2025-12-28,2025-12-29,6,linear_anchor_main,,1200.0,56964.52253200355,-0.4544192997661961,0.7992968171747634,10,Q3 linear_anchor_main overlay + causal prior-day load/PV; no future actual PV
2025-12-28,2025-12-29,6,linear_anchor_main,,2850.3853265227904,56215.26392091399,-0.4534706164681456,0.7992968171747634,10,Q3 linear_anchor_main overlay + causal prior-day load/PV; no future actual PV
2025-12-28,2025-12-29,6,linear_anchor_main,,3709.580558841014,55825.75090008149,-0.4525219331700951,0.7992968171747634,10,Q3 linear_anchor_main overlay + causal prior-day load/PV; no future actual PV
2025-12-28,2025-12-29,6,linear_anchor_main,,5876.908642692508,54846.55558758136,-0.45104620359534986,0.7992968171747634,10,Q3 linear_anchor_main overlay + causal prior-day load/PV; no future actual PV
2025-12-28,2025-12-29,6,linear_anchor_main,,7916.746839258588,53928.0384307185,-0.4499921110419604,0.7992968171747634,10,Q3 linear_anchor_main overlay + causal prior-day load/PV; no future actual PV
2025-12-28,2025-12-29,6,linear_anchor_main,,8527.11293175291,53653.597254248554,-0.44777851667984253,0.7992968171747634,10,Q3 linear_anchor_main overlay + causal prior-day load/PV; no future actual PV
2025-12-28,2025-12-29,6,linear_anchor_main,,9678.411170154388,53138.215959270965,-0.44746228891382567,0.7992968171747634,10,Q3 linear_anchor_main overlay + causal prior-day load/PV; no future actual PV
2025-12-28,2025-12-29,6,linear_anchor_main,,10009.430584957698,52990.09725424816,-0.4211205160046231,0.7992968171747634,10,Q3 linear_anchor_main overlay + causal prior-day load/PV; no future actual PV
2025-12-28,2025-12-29,6,linear_anchor_main,,10305.345619960695,52865.48136201417,-0.4211205160046231,0.7992968171747634,10,Q3 linear_anchor_main overlay + causal prior-day load/PV; no future actual PV
2025-12-28,2025-12-29,6,linear_anchor_main,,10800.0,52657.21414241807,-0.4052775049271795,0.7992968171747634,10,Q3 linear_anchor_main overlay + causal prior-day load/PV; no future actual PV
2025-12-28,2025-12-29,12,linear_anchor_main,,1200.0,55686.48143855177,-0.4544192997661961,0.7992968171747634,10,Q3 linear_anchor_main overlay + causal prior-day load/PV; no future actual PV
2025-12-28,2025-12-29,12,linear_anchor_main,,2850.3853265227904,54937.22282746221,-0.4534706164681456,0.7992968171747634,10,Q3 linear_anchor_main overlay + causal prior-day load/PV; no future actual PV
2025-12-28,2025-12-29,12,linear_anchor_main,,3709.580558841014,54547.709806629704,-0.4525219331700951,0.7992968171747634,10,Q3 linear_anchor_main overlay + causal prior-day load/PV; no future actual PV
2025-12-28,2025-12-29,12,linear_anchor_main,,5876.908642692508,53568.51449412957,-0.45104620359534986,0.7992968171747634,10,Q3 linear_anchor_main overlay + causal prior-day load/PV; no future actual PV
2025-12-28,2025-12-29,12,linear_anchor_main,,7916.746839258588,52649.997337266715,-0.4499921110419604,0.7992968171747634,10,Q3 linear_anchor_main overlay + causal prior-day load/PV; no future actual PV
2025-12-28,2025-12-29,12,linear_anchor_main,,8527.11293175291,52375.556160796754,-0.44777851667984253,0.7992968171747634,10,Q3 linear_anchor_main overlay + causal prior-day load/PV; no future actual PV
2025-12-28,2025-12-29,12,linear_anchor_main,,9678.411170154388,51860.17486581918,-0.44746228891382567,0.7992968171747634,10,Q3 linear_anchor_main overlay + causal prior-day load/PV; no future actual PV
2025-12-28,2025-12-29,12,linear_anchor_main,,10009.430584957698,51712.056160796375,-0.4211205160046231,0.7992968171747634,10,Q3 linear_anchor_main overlay + causal prior-day load/PV; no future actual PV
2025-12-28,2025-12-29,12,linear_anchor_main,,10305.345619960695,51587.440268562386,-0.4211205160046231,0.7992968171747634,10,Q3 linear_anchor_main overlay + causal prior-day load/PV; no future actual PV
2025-12-28,2025-12-29,12,linear_anchor_main,,10800.0,51379.17304896629,-0.4052775049271795,0.7992968171747634,10,Q3 linear_anchor_main overlay + causal prior-day load/PV; no future actual PV
2025-12-28,2025-12-29,18,linear_anchor_main,,1200.0,56048.58050195629,-0.4544192997661961,0.7992968171747634,10,Q3 linear_anchor_main overlay + causal prior-day load/PV; no future actual PV
2025-12-28,2025-12-29,18,linear_anchor_main,,2850.385326518956,55299.32189086848,-0.4534706164681456,0.7992968171747634,10,Q3 linear_anchor_main overlay + causal prior-day load/PV; no future actual PV
2025-12-28,2025-12-29,18,linear_anchor_main,,3709.580558838857,54909.80887003521,-0.4525219331700951,0.7992968171747634,10,Q3 linear_anchor_main overlay + causal prior-day load/PV; no future actual PV
2025-12-28,2025-12-29,18,linear_anchor_main,,5876.908642692508,53930.6135575341,-0.45104620359534986,0.7992968171747634,10,Q3 linear_anchor_main overlay + causal prior-day load/PV; no future actual PV
2025-12-28,2025-12-29,18,linear_anchor_main,,7916.746839260618,53012.09640067033,-0.4499921110419604,0.7992968171747634,10,Q3 linear_anchor_main overlay + causal prior-day load/PV; no future actual PV
2025-12-28,2025-12-29,18,linear_anchor_main,,8527.112931755786,52737.6552242,-0.44777851667984253,0.7992968171747634,10,Q3 linear_anchor_main overlay + causal prior-day load/PV; no future actual PV
2025-12-28,2025-12-29,18,linear_anchor_main,,9678.411170154388,52222.2739292237,-0.44746228891382567,0.7992968171747634,10,Q3 linear_anchor_main overlay + causal prior-day load/PV; no future actual PV
2025-12-28,2025-12-29,18,linear_anchor_main,,10009.430584957698,52074.15522420089,-0.4211205160046231,0.7992968171747634,10,Q3 linear_anchor_main overlay + causal prior-day load/PV; no future actual PV
2025-12-28,2025-12-29,18,linear_anchor_main,,10305.345619960695,51949.53933196691,-0.4211205160046231,0.7992968171747634,10,Q3 linear_anchor_main overlay + causal prior-day load/PV; no future actual PV
2025-12-28,2025-12-29,18,linear_anchor_main,,10800.0,51741.27211237081,-0.4052775049271795,0.7992968171747634,10,Q3 linear_anchor_main overlay + causal prior-day load/PV; no future actual PV
2025-12-29,2025-12-30,0,linear_anchor_main,,1200.0,56948.531456444936,-0.4544192997661961,0.7992968171674875,10,Q3 linear_anchor_main overlay + causal prior-day load/PV; no future actual PV
2025-12-29,2025-12-30,0,linear_anchor_main,,2850.385326518956,56199.27284535712,-0.4534706164681456,0.7992968171674875,10,Q3 linear_anchor_main overlay + causal prior-day load/PV; no future actual PV
2025-12-29,2025-12-30,0,linear_anchor_main,,3709.580558841014,55809.75982452288,-0.4525219331700951,0.7992968171674875,10,Q3 linear_anchor_main overlay + causal prior-day load/PV; no future actual PV
2025-12-29,2025-12-30,0,linear_anchor_main,,5876.908642692508,54830.56451202274,-0.45104620359534986,0.7992968171674875,10,Q3 linear_anchor_main overlay + causal prior-day load/PV; no future actual PV
2025-12-29,2025-12-30,0,linear_anchor_main,,7916.746839258588,53912.047355159884,-0.4499921110419604,0.7992968171674875,10,Q3 linear_anchor_main overlay + causal prior-day load/PV; no future actual PV
2025-12-29,2025-12-30,0,linear_anchor_main,,8527.11293175291,53637.60617868994,-0.44777851667984253,0.7992968171674875,10,Q3 linear_anchor_main overlay + causal prior-day load/PV; no future actual PV
2025-12-29,2025-12-30,0,linear_anchor_main,,9677.645916155694,53122.56730601821,-0.44746228891382567,0.7992968171674875,10,Q3 linear_anchor_main overlay + causal prior-day load/PV; no future actual PV
2025-12-29,2025-12-30,0,linear_anchor_main,,10009.430584957698,52974.106178689544,-0.4211205160046231,0.7992968171674875,10,Q3 linear_anchor_main overlay + causal prior-day load/PV; no future actual PV
2025-12-29,2025-12-30,0,linear_anchor_main,,10304.454162154121,52849.86569762706,-0.4211205160046231,0.7992968171674875,10,Q3 linear_anchor_main overlay + causal prior-day load/PV; no future actual PV
2025-12-29,2025-12-30,0,linear_anchor_main,,10800.0,52641.26067281446,-0.4052775049271795,0.7992968171674875,10,Q3 linear_anchor_main overlay + causal prior-day load/PV; no future actual PV
2025-12-29,2025-12-30,6,linear_anchor_main,,1200.0,56948.531456444936,-0.4544192997661961,0.7992968171674875,10,Q3 linear_anchor_main overlay + causal prior-day load/PV; no future actual PV
2025-12-29,2025-12-30,6,linear_anchor_main,,2850.385326518956,56199.27284535712,-0.4534706164681456,0.7992968171674875,10,Q3 linear_anchor_main overlay + causal prior-day load/PV; no future actual PV
2025-12-29,2025-12-30,6,linear_anchor_main,,3709.580558841014,55809.75982452288,-0.4525219331700951,0.7992968171674875,10,Q3 linear_anchor_main overlay + causal prior-day load/PV; no future actual PV
2025-12-29,2025-12-30,6,linear_anchor_main,,5876.908642692508,54830.56451202274,-0.45104620359534986,0.7992968171674875,10,Q3 linear_anchor_main overlay + causal prior-day load/PV; no future actual PV
2025-12-29,2025-12-30,6,linear_anchor_main,,7916.746839258588,53912.047355159884,-0.4499921110419604,0.7992968171674875,10,Q3 linear_anchor_main overlay + causal prior-day load/PV; no future actual PV
2025-12-29,2025-12-30,6,linear_anchor_main,,8527.11293175291,53637.60617868994,-0.44777851667984253,0.7992968171674875,10,Q3 linear_anchor_main overlay + causal prior-day load/PV; no future actual PV
2025-12-29,2025-12-30,6,linear_anchor_main,,9677.645916155694,53122.56730601821,-0.44746228891382567,0.7992968171674875,10,Q3 linear_anchor_main overlay + causal prior-day load/PV; no future actual PV
2025-12-29,2025-12-30,6,linear_anchor_main,,10009.430584957698,52974.106178689544,-0.4211205160046231,0.7992968171674875,10,Q3 linear_anchor_main overlay + causal prior-day load/PV; no future actual PV
2025-12-29,2025-12-30,6,linear_anchor_main,,10304.454162154121,52849.86569762706,-0.4211205160046231,0.7992968171674875,10,Q3 linear_anchor_main overlay + causal prior-day load/PV; no future actual PV
2025-12-29,2025-12-30,6,linear_anchor_main,,10800.0,52641.26067281446,-0.4052775049271795,0.7992968171674875,10,Q3 linear_anchor_main overlay + causal prior-day load/PV; no future actual PV
2025-12-29,2025-12-30,12,linear_anchor_main,,1200.0,57561.24966845037,-0.4544192997661961,0.7992968171747634,10,Q3 linear_anchor_main overlay + causal prior-day load/PV; no future actual PV
2025-12-29,2025-12-30,12,linear_anchor_main,,2850.385326518956,56811.99105736255,-0.4534706164681456,0.7992968171747634,10,Q3 linear_anchor_main overlay + causal prior-day load/PV; no future actual PV
2025-12-29,2025-12-30,12,linear_anchor_main,,3709.580558841014,56422.478036528315,-0.4525219331700951,0.7992968171747634,10,Q3 linear_anchor_main overlay + causal prior-day load/PV; no future actual PV
2025-12-29,2025-12-30,12,linear_anchor_main,,5876.908642690416,55443.28272402912,-0.45104620359534986,0.7992968171747634,10,Q3 linear_anchor_main overlay + causal prior-day load/PV; no future actual PV
2025-12-29,2025-12-30,12,linear_anchor_main,,7916.746839254528,54524.76556716715,-0.4499921110419604,0.7992968171747634,10,Q3 linear_anchor_main overlay + causal prior-day load/PV; no future actual PV
2025-12-29,2025-12-30,12,linear_anchor_main,,8527.112931750033,54250.32439069666,-0.44777851667984253,0.7992968171747634,10,Q3 linear_anchor_main overlay + causal prior-day load/PV; no future actual PV
2025-12-29,2025-12-30,12,linear_anchor_main,,9677.645916155694,53735.28551802365,-0.44746228891382567,0.7992968171747634,10,Q3 linear_anchor_main overlay + causal prior-day load/PV; no future actual PV
2025-12-29,2025-12-30,12,linear_anchor_main,,10009.430584958249,53586.82439069475,-0.4211205160046231,0.7992968171747634,10,Q3 linear_anchor_main overlay + causal prior-day load/PV; no future actual PV
2025-12-29,2025-12-30,12,linear_anchor_main,,10304.454162154467,53462.58390963235,-0.4211205160046231,0.7992968171747634,10,Q3 linear_anchor_main overlay + causal prior-day load/PV; no future actual PV
2025-12-29,2025-12-30,12,linear_anchor_main,,10800.0,53253.978884819895,-0.4052775049271795,0.7992968171747634,10,Q3 linear_anchor_main overlay + causal prior-day load/PV; no future actual PV
2025-12-29,2025-12-30,18,linear_anchor_main,,1200.0,56584.55749861867,-0.4544192997661961,0.7992968171674875,10,Q3 linear_anchor_main overlay + causal prior-day load/PV; no future actual PV
2025-12-29,2025-12-30,18,linear_anchor_main,,2850.385326518956,55835.29888753086,-0.4534706164681456,0.7992968171674875,10,Q3 linear_anchor_main overlay + causal prior-day load/PV; no future actual PV
2025-12-29,2025-12-30,18,linear_anchor_main,,3709.580558841014,55445.78586669661,-0.4525219331700951,0.7992968171674875,10,Q3 linear_anchor_main overlay + causal prior-day load/PV; no future actual PV
2025-12-29,2025-12-30,18,linear_anchor_main,,5876.908642692508,54466.590554196475,-0.45104620359534986,0.7992968171674875,10,Q3 linear_anchor_main overlay + causal prior-day load/PV; no future actual PV
2025-12-29,2025-12-30,18,linear_anchor_main,,7916.746839258588,53548.07339733362,-0.4499921110419604,0.7992968171674875,10,Q3 linear_anchor_main overlay + causal prior-day load/PV; no future actual PV
2025-12-29,2025-12-30,18,linear_anchor_main,,8527.11293175291,53273.63222086366,-0.44777851667984253,0.7992968171674875,10,Q3 linear_anchor_main overlay + causal prior-day load/PV; no future actual PV
2025-12-29,2025-12-30,18,linear_anchor_main,,9677.645916155841,52758.59334819188,-0.44746228891382567,0.7992968171674875,10,Q3 linear_anchor_main overlay + causal prior-day load/PV; no future actual PV
2025-12-29,2025-12-30,18,linear_anchor_main,,10009.430584957698,52610.13222086328,-0.4211205160046231,0.7992968171674875,10,Q3 linear_anchor_main overlay + causal prior-day load/PV; no future actual PV
2025-12-29,2025-12-30,18,linear_anchor_main,,10304.454162154294,52485.89173980072,-0.4211205160046231,0.7992968171674875,10,Q3 linear_anchor_main overlay + causal prior-day load/PV; no future actual PV
2025-12-29,2025-12-30,18,linear_anchor_main,,10800.0,52277.286714988186,-0.4052775049271795,0.7992968171674875,10,Q3 linear_anchor_main overlay + causal prior-day load/PV; no future actual PV
2025-12-30,2025-12-31,0,linear_anchor_main,1200.0,1200.0,56370.798209689165,-0.4544192997661961,0.7992968171747634,10,Q3 linear_anchor_main overlay + causal prior-day load/PV; no future actual PV
2025-12-30,2025-12-31,0,linear_anchor_main,1200.0,2850.385326518956,55621.53959860135,-0.4534706164681456,0.7992968171747634,10,Q3 linear_anchor_main overlay + causal prior-day load/PV; no future actual PV
2025-12-30,2025-12-31,0,linear_anchor_main,1200.0,3709.580558841014,55232.02657776711,-0.4525219331700951,0.7992968171747634,10,Q3 linear_anchor_main overlay + causal prior-day load/PV; no future actual PV
2025-12-30,2025-12-31,0,linear_anchor_main,1200.0,5876.908642691462,54252.83126526744,-0.45104620359534986,0.7992968171747634,10,Q3 linear_anchor_main overlay + causal prior-day load/PV; no future actual PV
2025-12-30,2025-12-31,0,linear_anchor_main,1200.0,7916.746839256558,53334.31410840503,-0.4499921110419604,0.7992968171747634,10,Q3 linear_anchor_main overlay + causal prior-day load/PV; no future actual PV
2025-12-30,2025-12-31,0,linear_anchor_main,1200.0,8527.11293175291,53059.87293193416,-0.44777851667984253,0.7992968171747634,10,Q3 linear_anchor_main overlay + causal prior-day load/PV; no future actual PV
2025-12-30,2025-12-31,0,linear_anchor_main,1200.0,9683.9772424121,52542.00102952389,-0.44746228891382567,0.7992968171747634,10,Q3 linear_anchor_main overlay + causal prior-day load/PV; no future actual PV
2025-12-30,2025-12-31,0,linear_anchor_main,1200.0,10009.430584957972,52396.372931933656,-0.4211205160046231,0.7992968171747634,10,Q3 linear_anchor_main overlay + causal prior-day load/PV; no future actual PV
2025-12-30,2025-12-31,0,linear_anchor_main,1200.0,10307.622135888303,52270.79835213766,-0.4211205160046231,0.7992968171747634,10,Q3 linear_anchor_main overlay + causal prior-day load/PV; no future actual PV
2025-12-30,2025-12-31,0,linear_anchor_main,1200.0,10800.0,52063.53391896785,-0.40499289993776433,0.7992968171747634,10,Q3 linear_anchor_main overlay + causal prior-day load/PV; no future actual PV
2025-12-30,2025-12-31,0,linear_anchor_main,6000.0,1200.0,58476.32235140656,-0.4544192997661961,0.7992968171747634,10,Q3 linear_anchor_main overlay + causal prior-day load/PV; no future actual PV
2025-12-30,2025-12-31,0,linear_anchor_main,6000.0,2850.3853265227904,57727.063740317,-0.4534706164681456,0.7992968171747634,10,Q3 linear_anchor_main overlay + causal prior-day load/PV; no future actual PV
2025-12-30,2025-12-31,0,linear_anchor_main,6000.0,3709.580558841014,57337.5507194845,-0.4525219331700951,0.7992968171747634,10,Q3 linear_anchor_main overlay + causal prior-day load/PV; no future actual PV
2025-12-30,2025-12-31,0,linear_anchor_main,6000.0,5876.908642692508,56358.35540698437,-0.45104620359534986,0.7992968171747634,10,Q3 linear_anchor_main overlay + causal prior-day load/PV; no future actual PV
2025-12-30,2025-12-31,0,linear_anchor_main,6000.0,7916.746839258588,55439.83825012151,-0.4499921110419604,0.7992968171747634,10,Q3 linear_anchor_main overlay + causal prior-day load/PV; no future actual PV
2025-12-30,2025-12-31,0,linear_anchor_main,6000.0,8527.11293175291,55165.397073651555,-0.44777851667984253,0.7992968171747634,10,Q3 linear_anchor_main overlay + causal prior-day load/PV; no future actual PV
2025-12-30,2025-12-31,0,linear_anchor_main,6000.0,9677.513790148052,54650.417322385634,-0.44746228891382567,0.7992968171747634,10,Q3 linear_anchor_main overlay + causal prior-day load/PV; no future actual PV
2025-12-30,2025-12-31,0,linear_anchor_main,6000.0,10009.430584957698,54501.89707365117,-0.4211205160046231,0.7992968171747634,10,Q3 linear_anchor_main overlay + causal prior-day load/PV; no future actual PV
2025-12-30,2025-12-31,0,linear_anchor_main,6000.0,10304.300246250166,54377.721409733575,-0.4211205160046231,0.7992968171747634,10,Q3 linear_anchor_main overlay + causal prior-day load/PV; no future actual PV
2025-12-30,2025-12-31,0,linear_anchor_main,6000.0,10800.0,54169.058060685245,-0.4052775049271795,0.7992968171747634,10,Q3 linear_anchor_main overlay + causal prior-day load/PV; no future actual PV
2025-12-30,2025-12-31,6,linear_anchor_main,1200.0,1200.0,56370.798209689165,-0.4544192997661961,0.7992968171747634,10,Q3 linear_anchor_main overlay + causal prior-day load/PV; no future actual PV
2025-12-30,2025-12-31,6,linear_anchor_main,1200.0,2850.385326518956,55621.53959860135,-0.4534706164681456,0.7992968171747634,10,Q3 linear_anchor_main overlay + causal prior-day load/PV; no future actual PV
2025-12-30,2025-12-31,6,linear_anchor_main,1200.0,3709.580558841014,55232.02657776711,-0.4525219331700951,0.7992968171747634,10,Q3 linear_anchor_main overlay + causal prior-day load/PV; no future actual PV
2025-12-30,2025-12-31,6,linear_anchor_main,1200.0,5876.908642691462,54252.83126526744,-0.45104620359534986,0.7992968171747634,10,Q3 linear_anchor_main overlay + causal prior-day load/PV; no future actual PV
2025-12-30,2025-12-31,6,linear_anchor_main,1200.0,7916.746839256558,53334.31410840503,-0.4499921110419604,0.7992968171747634,10,Q3 linear_anchor_main overlay + causal prior-day load/PV; no future actual PV
2025-12-30,2025-12-31,6,linear_anchor_main,1200.0,8527.11293175291,53059.87293193416,-0.44777851667984253,0.7992968171747634,10,Q3 linear_anchor_main overlay + causal prior-day load/PV; no future actual PV
2025-12-30,2025-12-31,6,linear_anchor_main,1200.0,9683.9772424121,52542.00102952389,-0.44746228891382567,0.7992968171747634,10,Q3 linear_anchor_main overlay + causal prior-day load/PV; no future actual PV
2025-12-30,2025-12-31,6,linear_anchor_main,1200.0,10009.430584957972,52396.372931933656,-0.4211205160046231,0.7992968171747634,10,Q3 linear_anchor_main overlay + causal prior-day load/PV; no future actual PV
2025-12-30,2025-12-31,6,linear_anchor_main,1200.0,10307.622135888303,52270.79835213766,-0.4211205160046231,0.7992968171747634,10,Q3 linear_anchor_main overlay + causal prior-day load/PV; no future actual PV
2025-12-30,2025-12-31,6,linear_anchor_main,1200.0,10800.0,52063.53391896785,-0.40499289993776433,0.7992968171747634,10,Q3 linear_anchor_main overlay + causal prior-day load/PV; no future actual PV
2025-12-30,2025-12-31,6,linear_anchor_main,6000.0,1200.0,58476.32235140656,-0.4544192997661961,0.7992968171747634,10,Q3 linear_anchor_main overlay + causal prior-day load/PV; no future actual PV
2025-12-30,2025-12-31,6,linear_anchor_main,6000.0,2850.3853265227904,57727.063740317,-0.4534706164681456,0.7992968171747634,10,Q3 linear_anchor_main overlay + causal prior-day load/PV; no future actual PV
2025-12-30,2025-12-31,6,linear_anchor_main,6000.0,3709.580558841014,57337.5507194845,-0.4525219331700951,0.7992968171747634,10,Q3 linear_anchor_main overlay + causal prior-day load/PV; no future actual PV
2025-12-30,2025-12-31,6,linear_anchor_main,6000.0,5876.908642692508,56358.35540698437,-0.45104620359534986,0.7992968171747634,10,Q3 linear_anchor_main overlay + causal prior-day load/PV; no future actual PV
2025-12-30,2025-12-31,6,linear_anchor_main,6000.0,7916.746839258588,55439.83825012151,-0.4499921110419604,0.7992968171747634,10,Q3 linear_anchor_main overlay + causal prior-day load/PV; no future actual PV
2025-12-30,2025-12-31,6,linear_anchor_main,6000.0,8527.11293175291,55165.397073651555,-0.44777851667984253,0.7992968171747634,10,Q3 linear_anchor_main overlay + causal prior-day load/PV; no future actual PV
2025-12-30,2025-12-31,6,linear_anchor_main,6000.0,9677.513790148052,54650.417322385634,-0.44746228891382567,0.7992968171747634,10,Q3 linear_anchor_main overlay + causal prior-day load/PV; no future actual PV
2025-12-30,2025-12-31,6,linear_anchor_main,6000.0,10009.430584957698,54501.89707365117,-0.4211205160046231,0.7992968171747634,10,Q3 linear_anchor_main overlay + causal prior-day load/PV; no future actual PV
2025-12-30,2025-12-31,6,linear_anchor_main,6000.0,10304.300246250166,54377.721409733575,-0.4211205160046231,0.7992968171747634,10,Q3 linear_anchor_main overlay + causal prior-day load/PV; no future actual PV
2025-12-30,2025-12-31,6,linear_anchor_main,6000.0,10800.0,54169.058060685245,-0.4052775049271795,0.7992968171747634,10,Q3 linear_anchor_main overlay + causal prior-day load/PV; no future actual PV
2025-12-30,2025-12-31,12,linear_anchor_main,1200.0,1200.0,56754.952579359415,-0.4544192997661961,0.7992968171747634,10,Q3 linear_anchor_main overlay + causal prior-day load/PV; no future actual PV
2025-12-30,2025-12-31,12,linear_anchor_main,1200.0,2850.3853265227904,56005.69396826985,-0.4534706164681456,0.7992968171747634,10,Q3 linear_anchor_main overlay + causal prior-day load/PV; no future actual PV
2025-12-30,2025-12-31,12,linear_anchor_main,1200.0,3709.580558843171,55616.180947436376,-0.4525219331700951,0.7992968171747634,10,Q3 linear_anchor_main overlay + causal prior-day load/PV; no future actual PV
2025-12-30,2025-12-31,12,linear_anchor_main,1200.0,5876.908642692508,54636.98563493721,-0.45104620359534986,0.7992968171747634,10,Q3 linear_anchor_main overlay + causal prior-day load/PV; no future actual PV
2025-12-30,2025-12-31,12,linear_anchor_main,1200.0,7916.746839256558,53718.46847807527,-0.4499921110419604,0.7992968171747634,10,Q3 linear_anchor_main overlay + causal prior-day load/PV; no future actual PV
2025-12-30,2025-12-31,12,linear_anchor_main,1200.0,8527.11293175291,53444.02730160441,-0.44777851667984253,0.7992968171747634,10,Q3 linear_anchor_main overlay + causal prior-day load/PV; no future actual PV
2025-12-30,2025-12-31,12,linear_anchor_main,1200.0,9683.9772424121,52926.15539919413,-0.44746228891382567,0.7992968171747634,10,Q3 linear_anchor_main overlay + causal prior-day load/PV; no future actual PV
2025-12-30,2025-12-31,12,linear_anchor_main,1200.0,10009.430584957972,52780.5273016039,-0.4211205160046231,0.7992968171747634,10,Q3 linear_anchor_main overlay + causal prior-day load/PV; no future actual PV
2025-12-30,2025-12-31,12,linear_anchor_main,1200.0,10307.622135888132,52654.952721807975,-0.4211205160046231,0.7992968171747634,10,Q3 linear_anchor_main overlay + causal prior-day load/PV; no future actual PV
2025-12-30,2025-12-31,12,linear_anchor_main,1200.0,10800.0,52447.6882886381,-0.40499289993776433,0.7992968171747634,10,Q3 linear_anchor_main overlay + causal prior-day load/PV; no future actual PV
2025-12-30,2025-12-31,12,linear_anchor_main,6000.0,1200.0,58860.476721076804,-0.4544192997661961,0.7992968171747634,10,Q3 linear_anchor_main overlay + causal prior-day load/PV; no future actual PV
2025-12-30,2025-12-31,12,linear_anchor_main,6000.0,2850.385326518956,58111.218109988986,-0.4534706164681456,0.7992968171747634,10,Q3 linear_anchor_main overlay + causal prior-day load/PV; no future actual PV
2025-12-30,2025-12-31,12,linear_anchor_main,6000.0,3709.580558838857,57721.70508915572,-0.4525219331700951,0.7992968171747634,10,Q3 linear_anchor_main overlay + causal prior-day load/PV; no future actual PV
2025-12-30,2025-12-31,12,linear_anchor_main,6000.0,5876.908642691462,56742.50977665509,-0.45104620359534986,0.7992968171747634,10,Q3 linear_anchor_main overlay + causal prior-day load/PV; no future actual PV
2025-12-30,2025-12-31,12,linear_anchor_main,6000.0,7916.746839258588,55823.99261979175,-0.4499921110419604,0.7992968171747634,10,Q3 linear_anchor_main overlay + causal prior-day load/PV; no future actual PV
2025-12-30,2025-12-31,12,linear_anchor_main,6000.0,8527.112931750033,55549.55144332309,-0.44777851667984253,0.7992968171747634,10,Q3 linear_anchor_main overlay + causal prior-day load/PV; no future actual PV
2025-12-30,2025-12-31,12,linear_anchor_main,6000.0,9677.513790147905,55034.57169205595,-0.44746228891382567,0.7992968171747634,10,Q3 linear_anchor_main overlay + causal prior-day load/PV; no future actual PV
2025-12-30,2025-12-31,12,linear_anchor_main,6000.0,10009.430584957698,54886.05144332141,-0.4211205160046231,0.7992968171747634,10,Q3 linear_anchor_main overlay + causal prior-day load/PV; no future actual PV
2025-12-30,2025-12-31,12,linear_anchor_main,6000.0,10304.300246250166,54761.875779403825,-0.4211205160046231,0.7992968171747634,10,Q3 linear_anchor_main overlay + causal prior-day load/PV; no future actual PV
2025-12-30,2025-12-31,12,linear_anchor_main,6000.0,10800.0,54553.212430355496,-0.4052775049271795,0.7992968171747634,10,Q3 linear_anchor_main overlay + causal prior-day load/PV; no future actual PV
2025-12-30,2025-12-31,18,linear_anchor_main,1200.0,1200.0,58621.49734929736,-0.4544192997661961,0.7992968171747634,10,Q3 linear_anchor_main overlay + causal prior-day load/PV; no future actual PV
2025-12-30,2025-12-31,18,linear_anchor_main,1200.0,2850.3853265227904,57872.2387382078,-0.4534706164681456,0.7992968171747634,10,Q3 linear_anchor_main overlay + causal prior-day load/PV; no future actual PV
2025-12-30,2025-12-31,18,linear_anchor_main,1200.0,3709.580558843171,57482.72571737432,-0.4525219331700951,0.7992968171747634,10,Q3 linear_anchor_main overlay + causal prior-day load/PV; no future actual PV
2025-12-30,2025-12-31,18,linear_anchor_main,1200.0,5876.908642692508,56503.53040487516,-0.45104620359534986,0.7992968171747634,10,Q3 linear_anchor_main overlay + causal prior-day load/PV; no future actual PV
2025-12-30,2025-12-31,18,linear_anchor_main,1200.0,7916.746839256558,55585.013248013216,-0.4499921110419604,0.7992968171747634,10,Q3 linear_anchor_main overlay + causal prior-day load/PV; no future actual PV
2025-12-30,2025-12-31,18,linear_anchor_main,1200.0,8527.11293175291,55310.57207154235,-0.44777851667984253,0.7992968171747634,10,Q3 linear_anchor_main overlay + causal prior-day load/PV; no future actual PV
2025-12-30,2025-12-31,18,linear_anchor_main,1200.0,9727.2179765624,54773.35157125487,-0.44746228891382567,0.7992968171747634,10,Q3 linear_anchor_main overlay + causal prior-day load/PV; no future actual PV
2025-12-30,2025-12-31,18,linear_anchor_main,1200.0,10009.430584957972,54647.07207154184,-0.4211205160046231,0.7992968171747634,10,Q3 linear_anchor_main overlay + causal prior-day load/PV; no future actual PV
2025-12-30,2025-12-31,18,linear_anchor_main,1200.0,10329.68458641402,54512.20654119613,-0.4211205160046231,0.7992968171747634,10,Q3 linear_anchor_main overlay + causal prior-day load/PV; no future actual PV
2025-12-30,2025-12-31,18,linear_anchor_main,1200.0,10800.0,54314.233058576036,-0.4030006650118583,0.7992968171747634,10,Q3 linear_anchor_main overlay + causal prior-day load/PV; no future actual PV
2025-12-30,2025-12-31,18,linear_anchor_main,6000.0,1200.0,60727.02149101476,-0.4544192997661961,0.7992968171674875,10,Q3 linear_anchor_main overlay + causal prior-day load/PV; no future actual PV
2025-12-30,2025-12-31,18,linear_anchor_main,6000.0,2850.3853265227904,59977.7628799252,-0.4534706164681456,0.7992968171674875,10,Q3 linear_anchor_main overlay + causal prior-day load/PV; no future actual PV
2025-12-30,2025-12-31,18,linear_anchor_main,6000.0,3709.580558843171,59588.249859091724,-0.4525219331700951,0.7992968171674875,10,Q3 linear_anchor_main overlay + causal prior-day load/PV; no future actual PV
2025-12-30,2025-12-31,18,linear_anchor_main,6000.0,5876.908642693554,58609.05454659209,-0.45104620359534986,0.7992968171674875,10,Q3 linear_anchor_main overlay + causal prior-day load/PV; no future actual PV
2025-12-30,2025-12-31,18,linear_anchor_main,6000.0,7916.746839258588,57690.53738972971,-0.4499921110419604,0.7992968171674875,10,Q3 linear_anchor_main overlay + causal prior-day load/PV; no future actual PV
2025-12-30,2025-12-31,18,linear_anchor_main,6000.0,8527.112931755786,57416.09621325847,-0.44777851667984253,0.7992968171674875,10,Q3 linear_anchor_main overlay + causal prior-day load/PV; no future actual PV
2025-12-30,2025-12-31,18,linear_anchor_main,6000.0,9683.977242412248,56898.22431084941,-0.44746228891382567,0.7992968171674875,10,Q3 linear_anchor_main overlay + causal prior-day load/PV; no future actual PV
2025-12-30,2025-12-31,18,linear_anchor_main,6000.0,10009.430584957972,56752.59621325925,-0.4211205160046231,0.7992968171674875,10,Q3 linear_anchor_main overlay + causal prior-day load/PV; no future actual PV
2025-12-30,2025-12-31,18,linear_anchor_main,6000.0,10307.622135888132,56627.021633463315,-0.4211205160046231,0.7992968171674875,10,Q3 linear_anchor_main overlay + causal prior-day load/PV; no future actual PV
2025-12-30,2025-12-31,18,linear_anchor_main,6000.0,10800.0,56419.75720029344,-0.40499289993776433,0.7992968171674875,10,Q3 linear_anchor_main overlay + causal prior-day load/PV; no future actual PV
