date,strategy,load_information_case,pv_mapping_mode,settlement_mode,with_terminal_value,year_end_soc_kwh,year_end_boundary,run_id,update_time,first_mutable_index,voi_yuan,implemented,l1_change_kwh,up_adjust_kwh,down_adjust_kwh,j_fix_yuan,j_free_yuan,soc_before_kwh,soc_after_plan_kwh,solver_status,solve_seconds
2025-12-01,M0,causal_load_main,linear_anchor_main,anchor_final_main,True,1200.0,A_q2_aligned,2025-12-01__M0__causal_load_main__linear_anchor_main__anchor_final_main__48h__ye1200,00:00,0,,True,86517.36083012572,86517.36083012572,0.0,,101169.43847182087,6000.0,8428.291709685152,optimal,0.04573507600071025
2025-12-01,M0,causal_load_main,linear_anchor_main,anchor_final_main,True,6000.0,B_energy_neutral,2025-12-01__M0__causal_load_main__linear_anchor_main__anchor_final_main__48h__ye6000,00:00,0,,True,86517.36083012572,86517.36083012572,0.0,,101169.43847182087,6000.0,8428.291709685152,optimal,0.04604451300110668
2025-12-01,M1_M6,causal_load_main,linear_anchor_main,anchor_final_main,True,1200.0,A_q2_aligned,2025-12-01__M1_M6__causal_load_main__linear_anchor_main__anchor_final_main__48h__ye1200,00:00,0,,True,86517.36083012572,86517.36083012572,0.0,,101169.43847182087,6000.0,8428.291709685152,optimal,0.046076268001343124
2025-12-01,M1_M6,causal_load_main,linear_anchor_main,anchor_final_main,True,1200.0,A_q2_aligned,2025-12-01__M1_M6__causal_load_main__linear_anchor_main__anchor_final_main__48h__ye1200,06:00,36,1667.5014842851524,True,2056.3911759255598,383.2736601463721,1673.1175157791881,91459.5631889378,89792.06170465265,9921.589538842118,8428.291709685152,optimal,0.060520482000356424
2025-12-01,M1_M6,causal_load_main,linear_anchor_main,anchor_final_main,True,1200.0,A_q2_aligned,2025-12-01__M1_M6__causal_load_main__linear_anchor_main__anchor_final_main__48h__ye1200,12:00,72,915.0578407091816,True,1689.9101567800194,0.0,1689.9101567800194,85200.5032692946,84285.44542858542,6733.985905294664,8428.291709685152,optimal,0.05130283400103508
2025-12-01,M1_M6,causal_load_main,linear_anchor_main,anchor_final_main,True,1200.0,A_q2_aligned,2025-12-01__M1_M6__causal_load_main__linear_anchor_main__anchor_final_main__48h__ye1200,18:00,108,0.0,False,0.0,0.0,0.0,63848.02315270169,63848.02315270169,10800.0,8428.291709462892,optimal,0.044094291000874364
2025-12-01,M1_M6,causal_load_main,linear_anchor_main,anchor_final_main,True,6000.0,B_energy_neutral,2025-12-01__M1_M6__causal_load_main__linear_anchor_main__anchor_final_main__48h__ye6000,00:00,0,,True,86517.36083012572,86517.36083012572,0.0,,101169.43847182087,6000.0,8428.291709685152,optimal,0.04734237199954805
2025-12-01,M1_M6,causal_load_main,linear_anchor_main,anchor_final_main,True,6000.0,B_energy_neutral,2025-12-01__M1_M6__causal_load_main__linear_anchor_main__anchor_final_main__48h__ye6000,06:00,36,1667.5014842851524,True,2056.3911759255598,383.2736601463721,1673.1175157791881,91459.5631889378,89792.06170465265,9921.589538842118,8428.291709685152,optimal,0.06292824000047403
2025-12-01,M1_M6,causal_load_main,linear_anchor_main,anchor_final_main,True,6000.0,B_energy_neutral,2025-12-01__M1_M6__causal_load_main__linear_anchor_main__anchor_final_main__48h__ye6000,12:00,72,915.0578407091816,True,1689.9101567800194,0.0,1689.9101567800194,85200.5032692946,84285.44542858542,6733.985905294664,8428.291709685152,optimal,0.051895082999180886
2025-12-01,M1_M6,causal_load_main,linear_anchor_main,anchor_final_main,True,6000.0,B_energy_neutral,2025-12-01__M1_M6__causal_load_main__linear_anchor_main__anchor_final_main__48h__ye6000,18:00,108,0.0,False,0.0,0.0,0.0,63848.02315270169,63848.02315270169,10800.0,8428.291709462892,optimal,0.044115247001172975
2025-12-01,M6_only,causal_load_main,linear_anchor_main,anchor_final_main,True,1200.0,A_q2_aligned,2025-12-01__M6_only__causal_load_main__linear_anchor_main__anchor_final_main__48h__ye1200,00:00,0,,True,86517.36083012572,86517.36083012572,0.0,,101169.43847182087,6000.0,8428.291709685152,optimal,0.04621380900061922
2025-12-01,M6_only,causal_load_main,linear_anchor_main,anchor_final_main,True,1200.0,A_q2_aligned,2025-12-01__M6_only__causal_load_main__linear_anchor_main__anchor_final_main__48h__ye1200,06:00,36,1667.5014842851524,True,2056.3911759255598,383.2736601463721,1673.1175157791881,91459.5631889378,89792.06170465265,9921.589538842118,8428.291709685152,optimal,0.06094072299856634
2025-12-01,M6_only,causal_load_main,linear_anchor_main,anchor_final_main,True,6000.0,B_energy_neutral,2025-12-01__M6_only__causal_load_main__linear_anchor_main__anchor_final_main__48h__ye6000,00:00,0,,True,86517.36083012572,86517.36083012572,0.0,,101169.43847182087,6000.0,8428.291709685152,optimal,0.04613356499976362
2025-12-01,M6_only,causal_load_main,linear_anchor_main,anchor_final_main,True,6000.0,B_energy_neutral,2025-12-01__M6_only__causal_load_main__linear_anchor_main__anchor_final_main__48h__ye6000,06:00,36,1667.5014842851524,True,2056.3911759255598,383.2736601463721,1673.1175157791881,91459.5631889378,89792.06170465265,9921.589538842118,8428.291709685152,optimal,0.060977355000432
2025-12-01,M12_only,causal_load_main,linear_anchor_main,anchor_final_main,True,1200.0,A_q2_aligned,2025-12-01__M12_only__causal_load_main__linear_anchor_main__anchor_final_main__48h__ye1200,00:00,0,,True,86517.36083012572,86517.36083012572,0.0,,101169.43847182087,6000.0,8428.291709685152,optimal,0.046218243000112125
2025-12-01,M12_only,causal_load_main,linear_anchor_main,anchor_final_main,True,1200.0,A_q2_aligned,2025-12-01__M12_only__causal_load_main__linear_anchor_main__anchor_final_main__48h__ye1200,12:00,72,527.0836719537474,True,1488.7893994114254,5.16538888888897,1483.6240105225365,84812.52910053916,84285.44542858542,6733.985905294663,8428.291709685152,optimal,0.05149720599911234
2025-12-01,M12_only,causal_load_main,linear_anchor_main,anchor_final_main,True,6000.0,B_energy_neutral,2025-12-01__M12_only__causal_load_main__linear_anchor_main__anchor_final_main__48h__ye6000,00:00,0,,True,86517.36083012572,86517.36083012572,0.0,,101169.43847182087,6000.0,8428.291709685152,optimal,0.045993792000444955
2025-12-01,M12_only,causal_load_main,linear_anchor_main,anchor_final_main,True,6000.0,B_energy_neutral,2025-12-01__M12_only__causal_load_main__linear_anchor_main__anchor_final_main__48h__ye6000,12:00,72,527.0836719537474,True,1488.7893994114254,5.16538888888897,1483.6240105225365,84812.52910053916,84285.44542858542,6733.985905294663,8428.291709685152,optimal,0.051576283998656436
2025-12-01,M18_only,causal_load_main,linear_anchor_main,anchor_final_main,True,1200.0,A_q2_aligned,2025-12-01__M18_only__causal_load_main__linear_anchor_main__anchor_final_main__48h__ye1200,00:00,0,,True,86517.36083012572,86517.36083012572,0.0,,101169.43847182087,6000.0,8428.291709685152,optimal,0.04631259800044063
2025-12-01,M18_only,causal_load_main,linear_anchor_main,anchor_final_main,True,1200.0,A_q2_aligned,2025-12-01__M18_only__causal_load_main__linear_anchor_main__anchor_final_main__48h__ye1200,18:00,108,0.0,False,0.0,0.0,0.0,63848.02315270169,63848.02315270169,10800.0,8428.291709462892,optimal,0.04365909800071677
2025-12-01,M18_only,causal_load_main,linear_anchor_main,anchor_final_main,True,6000.0,B_energy_neutral,2025-12-01__M18_only__causal_load_main__linear_anchor_main__anchor_final_main__48h__ye6000,00:00,0,,True,86517.36083012572,86517.36083012572,0.0,,101169.43847182087,6000.0,8428.291709685152,optimal,0.045915266000520205
2025-12-01,M18_only,causal_load_main,linear_anchor_main,anchor_final_main,True,6000.0,B_energy_neutral,2025-12-01__M18_only__causal_load_main__linear_anchor_main__anchor_final_main__48h__ye6000,18:00,108,0.0,False,0.0,0.0,0.0,63848.02315270169,63848.02315270169,10800.0,8428.291709462892,optimal,0.043576843998380355
2025-12-02,M0,causal_load_main,linear_anchor_main,anchor_final_main,True,1200.0,A_q2_aligned,2025-12-02__M0__causal_load_main__linear_anchor_main__anchor_final_main__48h__ye1200,00:00,0,,True,87255.3811745712,87255.3811745712,0.0,,102153.54838522444,8204.320613231039,8428.291709720488,optimal,0.04565615300089121
2025-12-02,M0,causal_load_main,linear_anchor_main,anchor_final_main,True,6000.0,B_energy_neutral,2025-12-02__M0__causal_load_main__linear_anchor_main__anchor_final_main__48h__ye6000,00:00,0,,True,87255.3811745712,87255.3811745712,0.0,,102153.54838522444,8204.320613231039,8428.291709720488,optimal,0.046109933999105124
2025-12-02,M1_M6,causal_load_main,linear_anchor_main,anchor_final_main,True,1200.0,A_q2_aligned,2025-12-02__M1_M6__causal_load_main__linear_anchor_main__anchor_final_main__48h__ye1200,00:00,0,,True,87255.38117456772,87255.38117456772,0.0,,102153.54838522444,8204.320613231055,8428.291709717201,optimal,0.04583260599974892
2025-12-02,M1_M6,causal_load_main,linear_anchor_main,anchor_final_main,True,1200.0,A_q2_aligned,2025-12-02__M1_M6__causal_load_main__linear_anchor_main__anchor_final_main__48h__ye1200,06:00,36,838.4351128451381,True,1864.952296843792,110.17299999999989,1754.779296843792,92438.91410248414,91600.478989639,9921.589538842116,8428.291709717201,optimal,0.06059353800083045
2025-12-02,M1_M6,causal_load_main,linear_anchor_main,anchor_final_main,True,1200.0,A_q2_aligned,2025-12-02__M1_M6__causal_load_main__linear_anchor_main__anchor_final_main__48h__ye1200,12:00,72,529.5161948519817,True,1273.9042342765993,1.8166166666669596,1272.0876176099323,87565.27202523936,87035.75583038738,6733.985905294663,8428.291709717201,optimal,0.05158411499905924
2025-12-02,M1_M6,causal_load_main,linear_anchor_main,anchor_final_main,True,1200.0,A_q2_aligned,2025-12-02__M1_M6__causal_load_main__linear_anchor_main__anchor_final_main__48h__ye1200,18:00,108,0.0,False,0.0,0.0,0.0,61766.463406044095,61766.463406044095,10800.0,8428.291709494972,optimal,0.04397258300014073
2025-12-02,M1_M6,causal_load_main,linear_anchor_main,anchor_final_main,True,6000.0,B_energy_neutral,2025-12-02__M1_M6__causal_load_main__linear_anchor_main__anchor_final_main__48h__ye6000,00:00,0,,True,87255.38117456772,87255.38117456772,0.0,,102153.54838522444,8204.320613231055,8428.291709717201,optimal,0.04595341599997482
2025-12-02,M1_M6,causal_load_main,linear_anchor_main,anchor_final_main,True,6000.0,B_energy_neutral,2025-12-02__M1_M6__causal_load_main__linear_anchor_main__anchor_final_main__48h__ye6000,06:00,36,838.4351128451381,True,1864.952296843792,110.17299999999989,1754.779296843792,92438.91410248414,91600.478989639,9921.589538842116,8428.291709717201,optimal,0.060858261000248604
2025-12-02,M1_M6,causal_load_main,linear_anchor_main,anchor_final_main,True,6000.0,B_energy_neutral,2025-12-02__M1_M6__causal_load_main__linear_anchor_main__anchor_final_main__48h__ye6000,12:00,72,529.5161948519817,True,1273.9042342765993,1.8166166666669596,1272.0876176099323,87565.27202523936,87035.75583038738,6733.985905294663,8428.291709717201,optimal,0.05161846799819614
2025-12-02,M1_M6,causal_load_main,linear_anchor_main,anchor_final_main,True,6000.0,B_energy_neutral,2025-12-02__M1_M6__causal_load_main__linear_anchor_main__anchor_final_main__48h__ye6000,18:00,108,0.0,False,0.0,0.0,0.0,61766.463406044095,61766.463406044095,10800.0,8428.291709494972,optimal,0.04326232000130403
2025-12-02,M6_only,causal_load_main,linear_anchor_main,anchor_final_main,True,1200.0,A_q2_aligned,2025-12-02__M6_only__causal_load_main__linear_anchor_main__anchor_final_main__48h__ye1200,00:00,0,,True,87255.3811745712,87255.3811745712,0.0,,102153.54838522444,8204.320613231039,8428.291709720488,optimal,0.04632062000018777
2025-12-02,M6_only,causal_load_main,linear_anchor_main,anchor_final_main,True,1200.0,A_q2_aligned,2025-12-02__M6_only__causal_load_main__linear_anchor_main__anchor_final_main__48h__ye1200,06:00,36,838.4351128451235,True,1864.9522968441515,110.17299999999989,1754.7792968441518,92438.91410248412,91600.478989639,9921.589538842116,8428.291709720488,optimal,0.059937091000392684
2025-12-02,M6_only,causal_load_main,linear_anchor_main,anchor_final_main,True,6000.0,B_energy_neutral,2025-12-02__M6_only__causal_load_main__linear_anchor_main__anchor_final_main__48h__ye6000,00:00,0,,True,87255.3811745712,87255.3811745712,0.0,,102153.54838522444,8204.320613231039,8428.291709720488,optimal,0.04589393700007349
2025-12-02,M6_only,causal_load_main,linear_anchor_main,anchor_final_main,True,6000.0,B_energy_neutral,2025-12-02__M6_only__causal_load_main__linear_anchor_main__anchor_final_main__48h__ye6000,06:00,36,838.4351128451235,True,1864.9522968441515,110.17299999999989,1754.7792968441518,92438.91410248412,91600.478989639,9921.589538842116,8428.291709720488,optimal,0.06013971299944387
2025-12-02,M12_only,causal_load_main,linear_anchor_main,anchor_final_main,True,1200.0,A_q2_aligned,2025-12-02__M12_only__causal_load_main__linear_anchor_main__anchor_final_main__48h__ye1200,00:00,0,,True,87255.38117456772,87255.38117456772,0.0,,102153.54838522444,8204.320613231055,8428.291709717201,optimal,0.04608727199956775
2025-12-02,M12_only,causal_load_main,linear_anchor_main,anchor_final_main,True,1200.0,A_q2_aligned,2025-12-02__M12_only__causal_load_main__linear_anchor_main__anchor_final_main__48h__ye1200,12:00,72,628.4242944970902,True,1925.2297513981741,5.069641666666712,1920.1601097315074,87664.18012488447,87035.75583038738,6733.985905294663,8428.291709717201,optimal,0.0513885369982745
2025-12-02,M12_only,causal_load_main,linear_anchor_main,anchor_final_main,True,6000.0,B_energy_neutral,2025-12-02__M12_only__causal_load_main__linear_anchor_main__anchor_final_main__48h__ye6000,00:00,0,,True,87255.38117456772,87255.38117456772,0.0,,102153.54838522444,8204.320613231055,8428.291709717201,optimal,0.046451701999103534
2025-12-02,M12_only,causal_load_main,linear_anchor_main,anchor_final_main,True,6000.0,B_energy_neutral,2025-12-02__M12_only__causal_load_main__linear_anchor_main__anchor_final_main__48h__ye6000,12:00,72,628.4242944970902,True,1925.2297513981741,5.069641666666712,1920.1601097315074,87664.18012488447,87035.75583038738,6733.985905294663,8428.291709717201,optimal,0.05158314800064545
2025-12-02,M18_only,causal_load_main,linear_anchor_main,anchor_final_main,True,1200.0,A_q2_aligned,2025-12-02__M18_only__causal_load_main__linear_anchor_main__anchor_final_main__48h__ye1200,00:00,0,,True,87255.38117456772,87255.38117456772,0.0,,102153.54838522444,8204.320613231055,8428.291709717201,optimal,0.04654619900065882
2025-12-02,M18_only,causal_load_main,linear_anchor_main,anchor_final_main,True,1200.0,A_q2_aligned,2025-12-02__M18_only__causal_load_main__linear_anchor_main__anchor_final_main__48h__ye1200,18:00,108,0.0,False,0.0,0.0,0.0,61766.463406044095,61766.463406044095,10800.0,8428.291709494972,optimal,0.0436063010001817
2025-12-02,M18_only,causal_load_main,linear_anchor_main,anchor_final_main,True,6000.0,B_energy_neutral,2025-12-02__M18_only__causal_load_main__linear_anchor_main__anchor_final_main__48h__ye6000,00:00,0,,True,87255.38117456772,87255.38117456772,0.0,,102153.54838522444,8204.320613231055,8428.291709717201,optimal,0.0458239469990076
2025-12-02,M18_only,causal_load_main,linear_anchor_main,anchor_final_main,True,6000.0,B_energy_neutral,2025-12-02__M18_only__causal_load_main__linear_anchor_main__anchor_final_main__48h__ye6000,18:00,108,0.0,False,0.0,0.0,0.0,61766.463406044095,61766.463406044095,10800.0,8428.291709494972,optimal,0.043699761999960174
2025-12-03,M0,causal_load_main,linear_anchor_main,anchor_final_main,True,1200.0,A_q2_aligned,2025-12-03__M0__causal_load_main__linear_anchor_main__anchor_final_main__48h__ye1200,00:00,0,,True,77346.60680941184,77346.60680941184,0.0,,95463.48065401676,8266.220195855896,8428.291709724597,optimal,0.045988461999513675
2025-12-03,M0,causal_load_main,linear_anchor_main,anchor_final_main,True,6000.0,B_energy_neutral,2025-12-03__M0__causal_load_main__linear_anchor_main__anchor_final_main__48h__ye6000,00:00,0,,True,77346.60680941184,77346.60680941184,0.0,,95463.48065401676,8266.220195855896,8428.291709724597,optimal,0.04635170900110097
2025-12-03,M1_M6,causal_load_main,linear_anchor_main,anchor_final_main,True,1200.0,A_q2_aligned,2025-12-03__M1_M6__causal_load_main__linear_anchor_main__anchor_final_main__48h__ye1200,00:00,0,,True,77346.60680941178,77346.60680941178,0.0,,95463.48065401823,8266.220195852646,8428.29170972131,optimal,0.046606927000539145
2025-12-03,M1_M6,causal_load_main,linear_anchor_main,anchor_final_main,True,1200.0,A_q2_aligned,2025-12-03__M1_M6__causal_load_main__linear_anchor_main__anchor_final_main__48h__ye1200,06:00,36,13899.17112101987,True,6173.450525571961,6153.956903349739,19.49362222222203,105138.43686193519,91239.26574091532,9921.589538842118,8428.29170972131,optimal,0.06106336300035764
2025-12-03,M1_M6,causal_load_main,linear_anchor_main,anchor_final_main,True,1200.0,A_q2_aligned,2025-12-03__M1_M6__causal_load_main__linear_anchor_main__anchor_final_main__48h__ye1200,12:00,72,1409.7914038682648,True,553.6823287094279,523.5442870400519,30.13804166937596,81049.3837547863,79639.59235091803,6733.985905294663,8428.29170972131,optimal,0.051937660999101354
2025-12-03,M1_M6,causal_load_main,linear_anchor_main,anchor_final_main,True,1200.0,A_q2_aligned,2025-12-03__M1_M6__causal_load_main__linear_anchor_main__anchor_final_main__48h__ye1200,18:00,108,0.0,False,0.0,0.0,0.0,61449.74504662611,61449.74504662611,10800.0,8428.291709499095,optimal,0.04347275600048306
2025-12-03,M1_M6,causal_load_main,linear_anchor_main,anchor_final_main,True,6000.0,B_energy_neutral,2025-12-03__M1_M6__causal_load_main__linear_anchor_main__anchor_final_main__48h__ye6000,00:00,0,,True,77346.60680941178,77346.60680941178,0.0,,95463.48065401823,8266.220195852646,8428.29170972131,optimal,0.07303757399859023
2025-12-03,M1_M6,causal_load_main,linear_anchor_main,anchor_final_main,True,6000.0,B_energy_neutral,2025-12-03__M1_M6__causal_load_main__linear_anchor_main__anchor_final_main__48h__ye6000,06:00,36,13899.17112101987,True,6173.450525571961,6153.956903349739,19.49362222222203,105138.43686193519,91239.26574091532,9921.589538842118,8428.29170972131,optimal,0.06125463799980935
2025-12-03,M1_M6,causal_load_main,linear_anchor_main,anchor_final_main,True,6000.0,B_energy_neutral,2025-12-03__M1_M6__causal_load_main__linear_anchor_main__anchor_final_main__48h__ye6000,12:00,72,1409.7914038682648,True,553.6823287094279,523.5442870400519,30.13804166937596,81049.3837547863,79639.59235091803,6733.985905294663,8428.29170972131,optimal,0.05196577800052182
2025-12-03,M1_M6,causal_load_main,linear_anchor_main,anchor_final_main,True,6000.0,B_energy_neutral,2025-12-03__M1_M6__causal_load_main__linear_anchor_main__anchor_final_main__48h__ye6000,18:00,108,0.0,False,0.0,0.0,0.0,61449.74504662611,61449.74504662611,10800.0,8428.291709499095,optimal,0.0435620319985901
2025-12-03,M6_only,causal_load_main,linear_anchor_main,anchor_final_main,True,1200.0,A_q2_aligned,2025-12-03__M6_only__causal_load_main__linear_anchor_main__anchor_final_main__48h__ye1200,00:00,0,,True,77346.60680941184,77346.60680941184,0.0,,95463.48065401676,8266.220195855896,8428.291709724597,optimal,0.04620939899905352
2025-12-03,M6_only,causal_load_main,linear_anchor_main,anchor_final_main,True,1200.0,A_q2_aligned,2025-12-03__M6_only__causal_load_main__linear_anchor_main__anchor_final_main__48h__ye1200,06:00,36,13899.171121019885,True,6173.4505255720815,6153.95690334986,19.49362222222203,105138.43686193519,91239.2657409153,9921.589538842118,8428.291709724597,optimal,0.06100963199787657
2025-12-03,M6_only,causal_load_main,linear_anchor_main,anchor_final_main,True,6000.0,B_energy_neutral,2025-12-03__M6_only__causal_load_main__linear_anchor_main__anchor_final_main__48h__ye6000,00:00,0,,True,77346.60680941184,77346.60680941184,0.0,,95463.48065401676,8266.220195855896,8428.291709724597,optimal,0.046500311998897814
2025-12-03,M6_only,causal_load_main,linear_anchor_main,anchor_final_main,True,6000.0,B_energy_neutral,2025-12-03__M6_only__causal_load_main__linear_anchor_main__anchor_final_main__48h__ye6000,06:00,36,13899.171121019885,True,6173.4505255720815,6153.95690334986,19.49362222222203,105138.43686193519,91239.2657409153,9921.589538842118,8428.291709724597,optimal,0.061362917000224115
2025-12-03,M12_only,causal_load_main,linear_anchor_main,anchor_final_main,True,1200.0,A_q2_aligned,2025-12-03__M12_only__causal_load_main__linear_anchor_main__anchor_final_main__48h__ye1200,00:00,0,,True,77346.60680941178,77346.60680941178,0.0,,95463.48065401823,8266.220195852646,8428.29170972131,optimal,0.04614216200025112
2025-12-03,M12_only,causal_load_main,linear_anchor_main,anchor_final_main,True,1200.0,A_q2_aligned,2025-12-03__M12_only__causal_load_main__linear_anchor_main__anchor_final_main__48h__ye1200,12:00,72,10796.272807916175,True,4592.322940942637,4592.322940942637,0.0,90435.8651588342,79639.59235091803,6733.985905294664,8428.29170972131,optimal,0.08589255799779494
2025-12-03,M12_only,causal_load_main,linear_anchor_main,anchor_final_main,True,6000.0,B_energy_neutral,2025-12-03__M12_only__causal_load_main__linear_anchor_main__anchor_final_main__48h__ye6000,00:00,0,,True,77346.60680941178,77346.60680941178,0.0,,95463.48065401823,8266.220195852646,8428.29170972131,optimal,0.04665490099978342
2025-12-03,M12_only,causal_load_main,linear_anchor_main,anchor_final_main,True,6000.0,B_energy_neutral,2025-12-03__M12_only__causal_load_main__linear_anchor_main__anchor_final_main__48h__ye6000,12:00,72,10796.272807916175,True,4592.322940942637,4592.322940942637,0.0,90435.8651588342,79639.59235091803,6733.985905294664,8428.29170972131,optimal,0.05200791700008267
2025-12-03,M18_only,causal_load_main,linear_anchor_main,anchor_final_main,True,1200.0,A_q2_aligned,2025-12-03__M18_only__causal_load_main__linear_anchor_main__anchor_final_main__48h__ye1200,00:00,0,,True,77346.60680941178,77346.60680941178,0.0,,95463.48065401823,8266.220195852646,8428.29170972131,optimal,0.047052255999005865
2025-12-03,M18_only,causal_load_main,linear_anchor_main,anchor_final_main,True,1200.0,A_q2_aligned,2025-12-03__M18_only__causal_load_main__linear_anchor_main__anchor_final_main__48h__ye1200,18:00,108,0.0,False,0.0,0.0,0.0,61449.74504662611,61449.74504662611,10800.0,8428.291709499095,optimal,0.04374215900134004
2025-12-03,M18_only,causal_load_main,linear_anchor_main,anchor_final_main,True,6000.0,B_energy_neutral,2025-12-03__M18_only__causal_load_main__linear_anchor_main__anchor_final_main__48h__ye6000,00:00,0,,True,77346.60680941178,77346.60680941178,0.0,,95463.48065401823,8266.220195852646,8428.29170972131,optimal,0.04647787499925471
2025-12-03,M18_only,causal_load_main,linear_anchor_main,anchor_final_main,True,6000.0,B_energy_neutral,2025-12-03__M18_only__causal_load_main__linear_anchor_main__anchor_final_main__48h__ye6000,18:00,108,0.0,False,0.0,0.0,0.0,61449.74504662611,61449.74504662611,10800.0,8428.291709499095,optimal,0.043451563999042264
2025-12-04,M0,causal_load_main,linear_anchor_main,anchor_final_main,True,1200.0,A_q2_aligned,2025-12-04__M0__causal_load_main__linear_anchor_main__anchor_final_main__48h__ye1200,00:00,0,,True,84742.56165523718,84742.56165523718,0.0,,69038.0639652331,8185.560402378036,8271.973781851919,optimal,0.04742589399938879
2025-12-04,M0,causal_load_main,linear_anchor_main,anchor_final_main,True,6000.0,B_energy_neutral,2025-12-04__M0__causal_load_main__linear_anchor_main__anchor_final_main__48h__ye6000,00:00,0,,True,84742.56165523718,84742.56165523718,0.0,,69038.0639652331,8185.560402378036,8271.973781851919,optimal,0.046668957998917904
2025-12-04,M1_M6,causal_load_main,linear_anchor_main,anchor_final_main,True,1200.0,A_q2_aligned,2025-12-04__M1_M6__causal_load_main__linear_anchor_main__anchor_final_main__48h__ye1200,00:00,0,,True,84742.56165524058,84742.56165524058,0.0,,69038.06396523456,8185.560402374802,8271.973781851919,optimal,0.04711528699954215
2025-12-04,M1_M6,causal_load_main,linear_anchor_main,anchor_final_main,True,1200.0,A_q2_aligned,2025-12-04__M1_M6__causal_load_main__linear_anchor_main__anchor_final_main__48h__ye1200,06:00,36,3587.549400605545,True,4380.36837562931,729.0257395483984,3651.342636080911,61961.66759191219,58374.11819130665,9921.589538842118,8271.973781851919,optimal,0.061187963001430035
2025-12-04,M1_M6,causal_load_main,linear_anchor_main,anchor_final_main,True,1200.0,A_q2_aligned,2025-12-04__M1_M6__causal_load_main__linear_anchor_main__anchor_final_main__48h__ye1200,12:00,72,214.65114476803865,True,162.1713018514635,53.20046851813065,108.97083333333285,48477.2021551107,48262.551010342664,6547.260753851586,8271.973781851919,optimal,0.05148315000042203
2025-12-04,M1_M6,causal_load_main,linear_anchor_main,anchor_final_main,True,1200.0,A_q2_aligned,2025-12-04__M1_M6__causal_load_main__linear_anchor_main__anchor_final_main__48h__ye1200,18:00,108,0.0,False,0.0,0.0,0.0,36945.355066653865,36945.355066653865,10800.0,8271.973781629713,optimal,0.04383629400035716
2025-12-04,M1_M6,causal_load_main,linear_anchor_main,anchor_final_main,True,6000.0,B_energy_neutral,2025-12-04__M1_M6__causal_load_main__linear_anchor_main__anchor_final_main__48h__ye6000,00:00,0,,True,84742.56165524058,84742.56165524058,0.0,,69038.06396523456,8185.560402374802,8271.973781851919,optimal,0.046992241999760154
2025-12-04,M1_M6,causal_load_main,linear_anchor_main,anchor_final_main,True,6000.0,B_energy_neutral,2025-12-04__M1_M6__causal_load_main__linear_anchor_main__anchor_final_main__48h__ye6000,06:00,36,3587.549400605545,True,4380.36837562931,729.0257395483984,3651.342636080911,61961.66759191219,58374.11819130665,9921.589538842118,8271.973781851919,optimal,0.06181946599826915
2025-12-04,M1_M6,causal_load_main,linear_anchor_main,anchor_final_main,True,6000.0,B_energy_neutral,2025-12-04__M1_M6__causal_load_main__linear_anchor_main__anchor_final_main__48h__ye6000,12:00,72,214.65114476803865,True,162.1713018514635,53.20046851813065,108.97083333333285,48477.2021551107,48262.551010342664,6547.260753851586,8271.973781851919,optimal,0.09022215100048925
2025-12-04,M1_M6,causal_load_main,linear_anchor_main,anchor_final_main,True,6000.0,B_energy_neutral,2025-12-04__M1_M6__causal_load_main__linear_anchor_main__anchor_final_main__48h__ye6000,18:00,108,0.0,False,0.0,0.0,0.0,36945.355066653865,36945.355066653865,10800.0,8271.973781629713,optimal,0.04348478999963845
2025-12-04,M6_only,causal_load_main,linear_anchor_main,anchor_final_main,True,1200.0,A_q2_aligned,2025-12-04__M6_only__causal_load_main__linear_anchor_main__anchor_final_main__48h__ye1200,00:00,0,,True,84742.56165523718,84742.56165523718,0.0,,69038.0639652331,8185.560402378036,8271.973781851919,optimal,0.0471759199990629
2025-12-04,M6_only,causal_load_main,linear_anchor_main,anchor_final_main,True,1200.0,A_q2_aligned,2025-12-04__M6_only__causal_load_main__linear_anchor_main__anchor_final_main__48h__ye1200,06:00,36,3587.549400605545,True,4380.36837562931,729.0257395483984,3651.342636080911,61961.66759191219,58374.11819130665,9921.589538842118,8271.973781851919,optimal,0.06131458699928771
2025-12-04,M6_only,causal_load_main,linear_anchor_main,anchor_final_main,True,6000.0,B_energy_neutral,2025-12-04__M6_only__causal_load_main__linear_anchor_main__anchor_final_main__48h__ye6000,00:00,0,,True,84742.56165523718,84742.56165523718,0.0,,69038.0639652331,8185.560402378036,8271.973781851919,optimal,0.04713936799998919
2025-12-04,M6_only,causal_load_main,linear_anchor_main,anchor_final_main,True,6000.0,B_energy_neutral,2025-12-04__M6_only__causal_load_main__linear_anchor_main__anchor_final_main__48h__ye6000,06:00,36,3587.549400605545,True,4380.36837562931,729.0257395483984,3651.342636080911,61961.66759191219,58374.11819130665,9921.589538842118,8271.973781851919,optimal,0.061572103999424144
2025-12-04,M12_only,causal_load_main,linear_anchor_main,anchor_final_main,True,1200.0,A_q2_aligned,2025-12-04__M12_only__causal_load_main__linear_anchor_main__anchor_final_main__48h__ye1200,00:00,0,,True,84742.56165524058,84742.56165524058,0.0,,69038.06396523456,8185.560402374802,8271.973781851919,optimal,0.04698352699961106
2025-12-04,M12_only,causal_load_main,linear_anchor_main,anchor_final_main,True,1200.0,A_q2_aligned,2025-12-04__M12_only__causal_load_main__linear_anchor_main__anchor_final_main__48h__ye1200,12:00,72,1458.4833011765077,True,3903.9385925627175,0.0,3903.9385925627175,49649.11424032417,48190.63093914766,6733.985905294664,8271.973781851919,optimal,0.05088288400111196
2025-12-04,M12_only,causal_load_main,linear_anchor_main,anchor_final_main,True,6000.0,B_energy_neutral,2025-12-04__M12_only__causal_load_main__linear_anchor_main__anchor_final_main__48h__ye6000,00:00,0,,True,84742.56165524058,84742.56165524058,0.0,,69038.06396523456,8185.560402374802,8271.973781851919,optimal,0.04716146999999182
2025-12-04,M12_only,causal_load_main,linear_anchor_main,anchor_final_main,True,6000.0,B_energy_neutral,2025-12-04__M12_only__causal_load_main__linear_anchor_main__anchor_final_main__48h__ye6000,12:00,72,1458.4833011765077,True,3903.9385925627175,0.0,3903.9385925627175,49649.11424032417,48190.63093914766,6733.985905294664,8271.973781851919,optimal,0.05096257699915441
2025-12-04,M18_only,causal_load_main,linear_anchor_main,anchor_final_main,True,1200.0,A_q2_aligned,2025-12-04__M18_only__causal_load_main__linear_anchor_main__anchor_final_main__48h__ye1200,00:00,0,,True,84742.56165524058,84742.56165524058,0.0,,69038.06396523456,8185.560402374802,8271.973781851919,optimal,0.04715727999973751
2025-12-04,M18_only,causal_load_main,linear_anchor_main,anchor_final_main,True,1200.0,A_q2_aligned,2025-12-04__M18_only__causal_load_main__linear_anchor_main__anchor_final_main__48h__ye1200,18:00,108,0.0,False,0.0,0.0,0.0,36945.355066653865,36945.355066653865,10800.0,8271.973781629713,optimal,0.0435349130002578
2025-12-04,M18_only,causal_load_main,linear_anchor_main,anchor_final_main,True,6000.0,B_energy_neutral,2025-12-04__M18_only__causal_load_main__linear_anchor_main__anchor_final_main__48h__ye6000,00:00,0,,True,84742.56165524058,84742.56165524058,0.0,,69038.06396523456,8185.560402374802,8271.973781851919,optimal,0.04740570099966135
2025-12-04,M18_only,causal_load_main,linear_anchor_main,anchor_final_main,True,6000.0,B_energy_neutral,2025-12-04__M18_only__causal_load_main__linear_anchor_main__anchor_final_main__48h__ye6000,18:00,108,0.0,False,0.0,0.0,0.0,36945.355066653865,36945.355066653865,10800.0,8271.973781629713,optimal,0.043463740999868605
2025-12-05,M0,causal_load_main,linear_anchor_main,anchor_final_main,True,1200.0,A_q2_aligned,2025-12-05__M0__causal_load_main__linear_anchor_main__anchor_final_main__48h__ye1200,00:00,0,,True,36872.80914080025,36872.80914080025,0.0,,35282.27764255104,8084.028008815821,8315.12449824377,optimal,0.04574521799986542
2025-12-05,M0,causal_load_main,linear_anchor_main,anchor_final_main,True,6000.0,B_energy_neutral,2025-12-05__M0__causal_load_main__linear_anchor_main__anchor_final_main__48h__ye6000,00:00,0,,True,36872.80914080025,36872.80914080025,0.0,,35282.27764255104,8084.028008815821,8315.12449824377,optimal,0.04611645600016345
2025-12-05,M1_M6,causal_load_main,linear_anchor_main,anchor_final_main,True,1200.0,A_q2_aligned,2025-12-05__M1_M6__causal_load_main__linear_anchor_main__anchor_final_main__48h__ye1200,00:00,0,,True,36872.809140707024,36872.809140707024,0.0,,35282.27764251533,8084.02800889564,8315.12449823514,optimal,0.04620680000152788
2025-12-05,M1_M6,causal_load_main,linear_anchor_main,anchor_final_main,True,1200.0,A_q2_aligned,2025-12-05__M1_M6__causal_load_main__linear_anchor_main__anchor_final_main__48h__ye1200,06:00,36,2448.8004486599675,True,1411.276310688734,1411.276310688734,0.0,31690.024169534547,29241.22372087458,8516.475220448294,8315.12449823514,optimal,0.06263643800048158
2025-12-05,M1_M6,causal_load_main,linear_anchor_main,anchor_final_main,True,1200.0,A_q2_aligned,2025-12-05__M1_M6__causal_load_main__linear_anchor_main__anchor_final_main__48h__ye1200,12:00,72,700.3804838146389,True,383.70420860380267,232.59412447952857,151.11008412427407,29061.01471530238,28360.63423148774,5663.739442854036,8315.12449823514,optimal,0.08876143500128819
2025-12-05,M1_M6,causal_load_main,linear_anchor_main,anchor_final_main,True,1200.0,A_q2_aligned,2025-12-05__M1_M6__causal_load_main__linear_anchor_main__anchor_final_main__48h__ye1200,18:00,108,128.9436871090329,True,37.32251435431584,37.32251388888989,4.654259555536555e-07,24527.061176596642,24398.11748948761,9775.381556376116,8315.124497793604,optimal,0.04441754099934769
2025-12-05,M1_M6,causal_load_main,linear_anchor_main,anchor_final_main,True,6000.0,B_energy_neutral,2025-12-05__M1_M6__causal_load_main__linear_anchor_main__anchor_final_main__48h__ye6000,00:00,0,,True,36872.809140707024,36872.809140707024,0.0,,35282.27764251533,8084.02800889564,8315.12449823514,optimal,0.0461017580000771
2025-12-05,M1_M6,causal_load_main,linear_anchor_main,anchor_final_main,True,6000.0,B_energy_neutral,2025-12-05__M1_M6__causal_load_main__linear_anchor_main__anchor_final_main__48h__ye6000,06:00,36,2448.8004486599675,True,1411.276310688734,1411.276310688734,0.0,31690.024169534547,29241.22372087458,8516.475220448294,8315.12449823514,optimal,0.0625937269996939
2025-12-05,M1_M6,causal_load_main,linear_anchor_main,anchor_final_main,True,6000.0,B_energy_neutral,2025-12-05__M1_M6__causal_load_main__linear_anchor_main__anchor_final_main__48h__ye6000,12:00,72,700.3804838146389,True,383.70420860380267,232.59412447952857,151.11008412427407,29061.01471530238,28360.63423148774,5663.739442854036,8315.12449823514,optimal,0.05579400300121051
2025-12-05,M1_M6,causal_load_main,linear_anchor_main,anchor_final_main,True,6000.0,B_energy_neutral,2025-12-05__M1_M6__causal_load_main__linear_anchor_main__anchor_final_main__48h__ye6000,18:00,108,128.9436871090329,True,37.32251435431584,37.32251388888989,4.654259555536555e-07,24527.061176596642,24398.11748948761,9775.381556376116,8315.124497793604,optimal,0.04401753500133054
2025-12-05,M6_only,causal_load_main,linear_anchor_main,anchor_final_main,True,1200.0,A_q2_aligned,2025-12-05__M6_only__causal_load_main__linear_anchor_main__anchor_final_main__48h__ye1200,00:00,0,,True,36872.80914080025,36872.80914080025,0.0,,35282.27764255104,8084.028008815821,8315.12449824377,optimal,0.04603653699996357
2025-12-05,M6_only,causal_load_main,linear_anchor_main,anchor_final_main,True,1200.0,A_q2_aligned,2025-12-05__M6_only__causal_load_main__linear_anchor_main__anchor_final_main__48h__ye1200,06:00,36,2448.800448659964,True,1411.2763106887332,1411.2763106887332,0.0,31690.02416953454,29241.223720874576,8516.475220448294,8315.12449824377,optimal,0.061897116000181995
2025-12-05,M6_only,causal_load_main,linear_anchor_main,anchor_final_main,True,6000.0,B_energy_neutral,2025-12-05__M6_only__causal_load_main__linear_anchor_main__anchor_final_main__48h__ye6000,00:00,0,,True,36872.80914080025,36872.80914080025,0.0,,35282.27764255104,8084.028008815821,8315.12449824377,optimal,0.04591845000140893
2025-12-05,M6_only,causal_load_main,linear_anchor_main,anchor_final_main,True,6000.0,B_energy_neutral,2025-12-05__M6_only__causal_load_main__linear_anchor_main__anchor_final_main__48h__ye6000,06:00,36,2448.800448659964,True,1411.2763106887332,1411.2763106887332,0.0,31690.02416953454,29241.223720874576,8516.475220448294,8315.12449824377,optimal,0.06233494599837286
2025-12-05,M12_only,causal_load_main,linear_anchor_main,anchor_final_main,True,1200.0,A_q2_aligned,2025-12-05__M12_only__causal_load_main__linear_anchor_main__anchor_final_main__48h__ye1200,00:00,0,,True,36872.809140938334,36872.809140938334,0.0,,35282.27764260965,8084.02800868483,8315.12449824377,optimal,0.04603074000078777
2025-12-05,M12_only,causal_load_main,linear_anchor_main,anchor_final_main,True,1200.0,A_q2_aligned,2025-12-05__M12_only__causal_load_main__linear_anchor_main__anchor_final_main__48h__ye1200,12:00,72,3214.6006187045714,True,1725.2538635828016,1703.5437524716906,21.71011111111102,32008.373156443944,28793.772537739373,5077.135633734064,8315.12449824377,optimal,0.05608404299891845
2025-12-05,M12_only,causal_load_main,linear_anchor_main,anchor_final_main,True,6000.0,B_energy_neutral,2025-12-05__M12_only__causal_load_main__linear_anchor_main__anchor_final_main__48h__ye6000,00:00,0,,True,36872.809140938334,36872.809140938334,0.0,,35282.27764260965,8084.02800868483,8315.12449824377,optimal,0.0463331319988356
2025-12-05,M12_only,causal_load_main,linear_anchor_main,anchor_final_main,True,6000.0,B_energy_neutral,2025-12-05__M12_only__causal_load_main__linear_anchor_main__anchor_final_main__48h__ye6000,12:00,72,3214.6006187045714,True,1725.2538635828016,1703.5437524716906,21.71011111111102,32008.373156443944,28793.772537739373,5077.135633734064,8315.12449824377,optimal,0.05589630399845191
2025-12-05,M18_only,causal_load_main,linear_anchor_main,anchor_final_main,True,1200.0,A_q2_aligned,2025-12-05__M18_only__causal_load_main__linear_anchor_main__anchor_final_main__48h__ye1200,00:00,0,,True,36872.809140707024,36872.809140707024,0.0,,35282.27764251533,8084.02800889564,8315.12449823514,optimal,0.04603824300102133
2025-12-05,M18_only,causal_load_main,linear_anchor_main,anchor_final_main,True,1200.0,A_q2_aligned,2025-12-05__M18_only__causal_load_main__linear_anchor_main__anchor_final_main__48h__ye1200,18:00,108,129.0833974043053,True,37.36295324320366,37.36295277777771,4.654259555536555e-07,24527.26076273275,24398.177365328444,9775.338930044472,8315.124497793604,optimal,0.0440906490002817
2025-12-05,M18_only,causal_load_main,linear_anchor_main,anchor_final_main,True,6000.0,B_energy_neutral,2025-12-05__M18_only__causal_load_main__linear_anchor_main__anchor_final_main__48h__ye6000,00:00,0,,True,36872.809140707024,36872.809140707024,0.0,,35282.27764251533,8084.02800889564,8315.12449823514,optimal,0.046148557999913464
2025-12-05,M18_only,causal_load_main,linear_anchor_main,anchor_final_main,True,6000.0,B_energy_neutral,2025-12-05__M18_only__causal_load_main__linear_anchor_main__anchor_final_main__48h__ye6000,18:00,108,129.0833974043053,True,37.36295324320366,37.36295277777771,4.654259555536555e-07,24527.26076273275,24398.177365328444,9775.338930044472,8315.124497793604,optimal,0.046256662000814686
2025-12-06,M0,causal_load_main,linear_anchor_main,anchor_final_main,True,1200.0,A_q2_aligned,2025-12-06__M0__causal_load_main__linear_anchor_main__anchor_final_main__48h__ye1200,00:00,0,,True,39958.838212300834,39958.838212300834,0.0,,69480.203832016,8004.374994253022,8428.291709711655,optimal,0.04642507800053863
2025-12-06,M0,causal_load_main,linear_anchor_main,anchor_final_main,True,6000.0,B_energy_neutral,2025-12-06__M0__causal_load_main__linear_anchor_main__anchor_final_main__48h__ye6000,00:00,0,,True,39958.838212300834,39958.838212300834,0.0,,69480.203832016,8004.374994253022,8428.291709711655,optimal,0.0463145670000813
2025-12-06,M1_M6,causal_load_main,linear_anchor_main,anchor_final_main,True,1200.0,A_q2_aligned,2025-12-06__M1_M6__causal_load_main__linear_anchor_main__anchor_final_main__48h__ye1200,00:00,0,,True,39958.83821252331,39958.83821252331,0.0,,69480.20383211247,8004.374994038671,8428.291709708368,optimal,0.04636664699864923
2025-12-06,M1_M6,causal_load_main,linear_anchor_main,anchor_final_main,True,1200.0,A_q2_aligned,2025-12-06__M1_M6__causal_load_main__linear_anchor_main__anchor_final_main__48h__ye1200,06:00,36,259.54340108676115,True,932.2300379080752,0.0,932.2300379080752,61861.70807083143,61602.16466974467,9646.416745302311,8428.291715325317,optimal,0.06129671200142184
2025-12-06,M1_M6,causal_load_main,linear_anchor_main,anchor_final_main,True,1200.0,A_q2_aligned,2025-12-06__M1_M6__causal_load_main__linear_anchor_main__anchor_final_main__48h__ye1200,12:00,72,3821.7091090244357,True,1968.8545692950552,1968.854568828871,4.661842467612587e-07,67926.73465088202,64105.02554185758,4306.491071111168,8428.29170926612,optimal,0.05199235399959434
2025-12-06,M1_M6,causal_load_main,linear_anchor_main,anchor_final_main,True,1200.0,A_q2_aligned,2025-12-06__M1_M6__causal_load_main__linear_anchor_main__anchor_final_main__48h__ye1200,18:00,108,54.73300035067223,True,15.842366600808305,15.842366600773971,3.433342499192804e-11,58808.454731662074,58753.7217313114,9795.98686691015,8428.291709266065,optimal,0.04383497799972247
2025-12-06,M1_M6,causal_load_main,linear_anchor_main,anchor_final_main,True,6000.0,B_energy_neutral,2025-12-06__M1_M6__causal_load_main__linear_anchor_main__anchor_final_main__48h__ye6000,00:00,0,,True,39958.83821252331,39958.83821252331,0.0,,69480.20383211247,8004.374994038671,8428.291709708368,optimal,0.045826944000509684
2025-12-06,M1_M6,causal_load_main,linear_anchor_main,anchor_final_main,True,6000.0,B_energy_neutral,2025-12-06__M1_M6__causal_load_main__linear_anchor_main__anchor_final_main__48h__ye6000,06:00,36,259.54340108676115,True,932.2300379080752,0.0,932.2300379080752,61861.70807083143,61602.16466974467,9646.416745302311,8428.291715325317,optimal,0.06133223600045312
2025-12-06,M1_M6,causal_load_main,linear_anchor_main,anchor_final_main,True,6000.0,B_energy_neutral,2025-12-06__M1_M6__causal_load_main__linear_anchor_main__anchor_final_main__48h__ye6000,12:00,72,3821.7091090244357,True,1968.8545692950552,1968.854568828871,4.661842467612587e-07,67926.73465088202,64105.02554185758,4306.491071111168,8428.29170926612,optimal,0.05195125799946254
2025-12-06,M1_M6,causal_load_main,linear_anchor_main,anchor_final_main,True,6000.0,B_energy_neutral,2025-12-06__M1_M6__causal_load_main__linear_anchor_main__anchor_final_main__48h__ye6000,18:00,108,54.73300035067223,True,15.842366600808305,15.842366600773971,3.433342499192804e-11,58808.454731662074,58753.7217313114,9795.98686691015,8428.291709266065,optimal,0.04365307199987001
2025-12-06,M6_only,causal_load_main,linear_anchor_main,anchor_final_main,True,1200.0,A_q2_aligned,2025-12-06__M6_only__causal_load_main__linear_anchor_main__anchor_final_main__48h__ye1200,00:00,0,,True,39958.838212300834,39958.838212300834,0.0,,69480.203832016,8004.374994253022,8428.291709711655,optimal,0.04615469799864513
2025-12-06,M6_only,causal_load_main,linear_anchor_main,anchor_final_main,True,1200.0,A_q2_aligned,2025-12-06__M6_only__causal_load_main__linear_anchor_main__anchor_final_main__48h__ye1200,06:00,36,259.5434010867757,True,932.230037908421,0.0,932.230037908421,61861.70807083143,61602.164669744656,9646.416745302331,8428.29171532825,optimal,0.06088838999858126
2025-12-06,M6_only,causal_load_main,linear_anchor_main,anchor_final_main,True,6000.0,B_energy_neutral,2025-12-06__M6_only__causal_load_main__linear_anchor_main__anchor_final_main__48h__ye6000,00:00,0,,True,39958.838212300834,39958.838212300834,0.0,,69480.203832016,8004.374994253022,8428.291709711655,optimal,0.04616436799915391
2025-12-06,M6_only,causal_load_main,linear_anchor_main,anchor_final_main,True,6000.0,B_energy_neutral,2025-12-06__M6_only__causal_load_main__linear_anchor_main__anchor_final_main__48h__ye6000,06:00,36,259.5434010867757,True,932.230037908421,0.0,932.230037908421,61861.70807083143,61602.164669744656,9646.416745302331,8428.29171532825,optimal,0.0613197439997748
2025-12-06,M12_only,causal_load_main,linear_anchor_main,anchor_final_main,True,1200.0,A_q2_aligned,2025-12-06__M12_only__causal_load_main__linear_anchor_main__anchor_final_main__48h__ye1200,00:00,0,,True,39958.83821240043,39958.83821240043,0.0,,69480.2038320615,8004.37499415196,8428.291709705081,optimal,0.04605295399960596
2025-12-06,M12_only,causal_load_main,linear_anchor_main,anchor_final_main,True,1200.0,A_q2_aligned,2025-12-06__M12_only__causal_load_main__linear_anchor_main__anchor_final_main__48h__ye1200,12:00,72,714.8837770887912,True,484.0374904353164,453.60478719135915,30.432703243957235,64125.757929360276,63410.874152271484,5184.935800286048,8428.29170926284,optimal,0.05191019599988067
2025-12-06,M12_only,causal_load_main,linear_anchor_main,anchor_final_main,True,6000.0,B_energy_neutral,2025-12-06__M12_only__causal_load_main__linear_anchor_main__anchor_final_main__48h__ye6000,00:00,0,,True,39958.83821240043,39958.83821240043,0.0,,69480.2038320615,8004.37499415196,8428.291709705081,optimal,0.04641200299920456
2025-12-06,M12_only,causal_load_main,linear_anchor_main,anchor_final_main,True,6000.0,B_energy_neutral,2025-12-06__M12_only__causal_load_main__linear_anchor_main__anchor_final_main__48h__ye6000,12:00,72,714.8837770887912,True,484.0374904353164,453.60478719135915,30.432703243957235,64125.757929360276,63410.874152271484,5184.935800286048,8428.29170926284,optimal,0.052707676999489195
2025-12-06,M18_only,causal_load_main,linear_anchor_main,anchor_final_main,True,1200.0,A_q2_aligned,2025-12-06__M18_only__causal_load_main__linear_anchor_main__anchor_final_main__48h__ye1200,00:00,0,,True,39958.83821252331,39958.83821252331,0.0,,69480.20383211247,8004.374994038671,8428.291709708368,optimal,0.04638725999939197
2025-12-06,M18_only,causal_load_main,linear_anchor_main,anchor_final_main,True,1200.0,A_q2_aligned,2025-12-06__M18_only__causal_load_main__linear_anchor_main__anchor_final_main__48h__ye1200,18:00,108,54.21681878958043,True,15.69295928920144,15.69295882298286,4.662185801862506e-07,58807.71732947479,58753.50051068521,9796.144356536139,8428.291709266065,optimal,0.043991650998577825
2025-12-06,M18_only,causal_load_main,linear_anchor_main,anchor_final_main,True,6000.0,B_energy_neutral,2025-12-06__M18_only__causal_load_main__linear_anchor_main__anchor_final_main__48h__ye6000,00:00,0,,True,39958.83821252331,39958.83821252331,0.0,,69480.20383211247,8004.374994038671,8428.291709708368,optimal,0.04609573200104933
2025-12-06,M18_only,causal_load_main,linear_anchor_main,anchor_final_main,True,6000.0,B_energy_neutral,2025-12-06__M18_only__causal_load_main__linear_anchor_main__anchor_final_main__48h__ye6000,18:00,108,54.21681878958043,True,15.69295928920144,15.69295882298286,4.662185801862506e-07,58807.71732947479,58753.50051068521,9796.144356536139,8428.291709266065,optimal,0.04397504099870275
2025-12-07,M0,causal_load_main,linear_anchor_main,anchor_final_main,True,1200.0,A_q2_aligned,2025-12-07__M0__causal_load_main__linear_anchor_main__anchor_final_main__48h__ye1200,00:00,0,,True,87684.66875367623,87684.66875367623,0.0,,105645.75275096056,8171.287227608978,8428.291709696041,optimal,0.04575869200016314
2025-12-07,M0,causal_load_main,linear_anchor_main,anchor_final_main,True,6000.0,B_energy_neutral,2025-12-07__M0__causal_load_main__linear_anchor_main__anchor_final_main__48h__ye6000,00:00,0,,True,87684.66875367623,87684.66875367623,0.0,,105645.75275096056,8171.287227608978,8428.291709696041,optimal,0.04599016199972539
2025-12-07,M1_M6,causal_load_main,linear_anchor_main,anchor_final_main,True,1200.0,A_q2_aligned,2025-12-07__M1_M6__causal_load_main__linear_anchor_main__anchor_final_main__48h__ye1200,00:00,0,,True,87684.66875414242,87684.66875414242,0.0,,105645.75275116105,8171.28722716343,8428.291709692754,optimal,0.04606832200079225
2025-12-07,M1_M6,causal_load_main,linear_anchor_main,anchor_final_main,True,1200.0,A_q2_aligned,2025-12-07__M1_M6__causal_load_main__linear_anchor_main__anchor_final_main__48h__ye1200,06:00,36,1955.3156923034403,True,5929.643792921719,0.0,5929.643792921719,95423.87330602019,93468.55761371675,9921.589538842116,8428.291709692754,optimal,0.06004818399924261
2025-12-07,M1_M6,causal_load_main,linear_anchor_main,anchor_final_main,True,1200.0,A_q2_aligned,2025-12-07__M1_M6__causal_load_main__linear_anchor_main__anchor_final_main__48h__ye1200,12:00,72,3594.453935535974,True,1199.476972281485,1199.476972281485,0.0,89284.1864665884,85689.73253105243,6733.985905294663,8428.291709692754,optimal,0.05172167700038699
2025-12-07,M1_M6,causal_load_main,linear_anchor_main,anchor_final_main,True,1200.0,A_q2_aligned,2025-12-07__M1_M6__causal_load_main__linear_anchor_main__anchor_final_main__48h__ye1200,18:00,108,0.0,False,0.0,0.0,0.0,61631.15799486856,61631.15799486856,10800.0,8428.291709470524,optimal,0.04414250800073205
2025-12-07,M1_M6,causal_load_main,linear_anchor_main,anchor_final_main,True,6000.0,B_energy_neutral,2025-12-07__M1_M6__causal_load_main__linear_anchor_main__anchor_final_main__48h__ye6000,00:00,0,,True,87684.66875414242,87684.66875414242,0.0,,105645.75275116105,8171.28722716343,8428.291709692754,optimal,0.046191737999834004
2025-12-07,M1_M6,causal_load_main,linear_anchor_main,anchor_final_main,True,6000.0,B_energy_neutral,2025-12-07__M1_M6__causal_load_main__linear_anchor_main__anchor_final_main__48h__ye6000,06:00,36,1955.3156923034403,True,5929.643792921719,0.0,5929.643792921719,95423.87330602019,93468.55761371675,9921.589538842116,8428.291709692754,optimal,0.06011448099889094
2025-12-07,M1_M6,causal_load_main,linear_anchor_main,anchor_final_main,True,6000.0,B_energy_neutral,2025-12-07__M1_M6__causal_load_main__linear_anchor_main__anchor_final_main__48h__ye6000,12:00,72,3594.453935535974,True,1199.476972281485,1199.476972281485,0.0,89284.1864665884,85689.73253105243,6733.985905294663,8428.291709692754,optimal,0.0518018109996774
2025-12-07,M1_M6,causal_load_main,linear_anchor_main,anchor_final_main,True,6000.0,B_energy_neutral,2025-12-07__M1_M6__causal_load_main__linear_anchor_main__anchor_final_main__48h__ye6000,18:00,108,0.0,False,0.0,0.0,0.0,61631.15799486856,61631.15799486856,10800.0,8428.291709470524,optimal,0.04393507600070734
2025-12-07,M6_only,causal_load_main,linear_anchor_main,anchor_final_main,True,1200.0,A_q2_aligned,2025-12-07__M6_only__causal_load_main__linear_anchor_main__anchor_final_main__48h__ye1200,00:00,0,,True,87684.66875367623,87684.66875367623,0.0,,105645.75275096056,8171.287227608978,8428.291709696041,optimal,0.045998048000910785
2025-12-07,M6_only,causal_load_main,linear_anchor_main,anchor_final_main,True,1200.0,A_q2_aligned,2025-12-07__M6_only__causal_load_main__linear_anchor_main__anchor_final_main__48h__ye1200,06:00,36,1955.3156923034549,True,5929.64379431925,0.0,5929.64379431925,95423.87330602019,93468.55761371674,9921.589538842116,8428.291709696041,optimal,0.059774948998892796
2025-12-07,M6_only,causal_load_main,linear_anchor_main,anchor_final_main,True,6000.0,B_energy_neutral,2025-12-07__M6_only__causal_load_main__linear_anchor_main__anchor_final_main__48h__ye6000,00:00,0,,True,87684.66875367623,87684.66875367623,0.0,,105645.75275096056,8171.287227608978,8428.291709696041,optimal,0.045993697000085376
2025-12-07,M6_only,causal_load_main,linear_anchor_main,anchor_final_main,True,6000.0,B_energy_neutral,2025-12-07__M6_only__causal_load_main__linear_anchor_main__anchor_final_main__48h__ye6000,06:00,36,1955.3156923034549,True,5929.64379431925,0.0,5929.64379431925,95423.87330602019,93468.55761371674,9921.589538842116,8428.291709696041,optimal,0.05981281200001831
2025-12-07,M12_only,causal_load_main,linear_anchor_main,anchor_final_main,True,1200.0,A_q2_aligned,2025-12-07__M12_only__causal_load_main__linear_anchor_main__anchor_final_main__48h__ye1200,00:00,0,,True,87684.66875415278,87684.66875415278,0.0,,105645.75275116251,8171.287227160176,8428.291709699328,optimal,0.04607888200007437
2025-12-07,M12_only,causal_load_main,linear_anchor_main,anchor_final_main,True,1200.0,A_q2_aligned,2025-12-07__M12_only__causal_load_main__linear_anchor_main__anchor_final_main__48h__ye1200,12:00,72,667.1800670679659,True,1910.1264823061795,5.051784166666835,1905.0746981395127,86356.91259812037,85689.7325310524,6733.985905294663,8428.291709699328,optimal,0.05159301999992749
2025-12-07,M12_only,causal_load_main,linear_anchor_main,anchor_final_main,True,6000.0,B_energy_neutral,2025-12-07__M12_only__causal_load_main__linear_anchor_main__anchor_final_main__48h__ye6000,00:00,0,,True,87684.66875415278,87684.66875415278,0.0,,105645.75275116251,8171.287227160176,8428.291709699328,optimal,0.047156733000520035
2025-12-07,M12_only,causal_load_main,linear_anchor_main,anchor_final_main,True,6000.0,B_energy_neutral,2025-12-07__M12_only__causal_load_main__linear_anchor_main__anchor_final_main__48h__ye6000,12:00,72,667.1800670679659,True,1910.1264823061795,5.051784166666835,1905.0746981395127,86356.91259812037,85689.7325310524,6733.985905294663,8428.291709699328,optimal,0.05161072900045838
2025-12-07,M18_only,causal_load_main,linear_anchor_main,anchor_final_main,True,1200.0,A_q2_aligned,2025-12-07__M18_only__causal_load_main__linear_anchor_main__anchor_final_main__48h__ye1200,00:00,0,,True,87684.66875414242,87684.66875414242,0.0,,105645.75275116105,8171.28722716343,8428.291709692754,optimal,0.04596826899978623
2025-12-07,M18_only,causal_load_main,linear_anchor_main,anchor_final_main,True,1200.0,A_q2_aligned,2025-12-07__M18_only__causal_load_main__linear_anchor_main__anchor_final_main__48h__ye1200,18:00,108,0.0,False,0.0,0.0,0.0,61631.15799486856,61631.15799486856,10800.0,8428.291709470524,optimal,0.04366592100086564
2025-12-07,M18_only,causal_load_main,linear_anchor_main,anchor_final_main,True,6000.0,B_energy_neutral,2025-12-07__M18_only__causal_load_main__linear_anchor_main__anchor_final_main__48h__ye6000,00:00,0,,True,87684.66875414242,87684.66875414242,0.0,,105645.75275116105,8171.28722716343,8428.291709692754,optimal,0.04594712499965681
2025-12-07,M18_only,causal_load_main,linear_anchor_main,anchor_final_main,True,6000.0,B_energy_neutral,2025-12-07__M18_only__causal_load_main__linear_anchor_main__anchor_final_main__48h__ye6000,18:00,108,0.0,False,0.0,0.0,0.0,61631.15799486856,61631.15799486856,10800.0,8428.291709470524,optimal,0.04364748200168833
2025-12-08,M0,causal_load_main,linear_anchor_main,anchor_final_main,True,1200.0,A_q2_aligned,2025-12-08__M0__causal_load_main__linear_anchor_main__anchor_final_main__48h__ye1200,00:00,0,,True,89016.90426615912,89016.90426615912,0.0,,106660.98635957701,8196.214610696497,8428.291709719255,optimal,0.04606198700093955
2025-12-08,M0,causal_load_main,linear_anchor_main,anchor_final_main,True,6000.0,B_energy_neutral,2025-12-08__M0__causal_load_main__linear_anchor_main__anchor_final_main__48h__ye6000,00:00,0,,True,89016.90426615912,89016.90426615912,0.0,,106660.98635957701,8196.214610696497,8428.291709719255,optimal,0.04675408200091624
2025-12-08,M1_M6,causal_load_main,linear_anchor_main,anchor_final_main,True,1200.0,A_q2_aligned,2025-12-08__M1_M6__causal_load_main__linear_anchor_main__anchor_final_main__48h__ye1200,00:00,0,,True,89016.9042661695,89016.9042661695,0.0,,106660.98635957848,8196.21461069323,8428.291709725829,optimal,0.04661954500079446
2025-12-08,M1_M6,causal_load_main,linear_anchor_main,anchor_final_main,True,1200.0,A_q2_aligned,2025-12-08__M1_M6__causal_load_main__linear_anchor_main__anchor_final_main__48h__ye1200,06:00,36,4896.00156748647,True,2269.6922015571163,1615.5331233871125,654.1590781700038,102808.00356520788,97912.00199772141,9921.589538842116,8428.291709725829,optimal,0.06058531599956041
2025-12-08,M1_M6,causal_load_main,linear_anchor_main,anchor_final_main,True,1200.0,A_q2_aligned,2025-12-08__M1_M6__causal_load_main__linear_anchor_main__anchor_final_main__48h__ye1200,12:00,72,1853.4707031864964,True,1909.1886312373813,16.468167500000277,1892.7204637373811,89955.6533459721,88102.1826427856,7005.291936972052,8428.291709725829,optimal,0.05176635700081533
2025-12-08,M1_M6,causal_load_main,linear_anchor_main,anchor_final_main,True,1200.0,A_q2_aligned,2025-12-08__M1_M6__causal_load_main__linear_anchor_main__anchor_final_main__48h__ye1200,18:00,108,0.0,False,0.0,0.0,0.0,69896.53698344629,69896.53698344629,10800.0,8428.291709503574,optimal,0.04372386399882089
2025-12-08,M1_M6,causal_load_main,linear_anchor_main,anchor_final_main,True,6000.0,B_energy_neutral,2025-12-08__M1_M6__causal_load_main__linear_anchor_main__anchor_final_main__48h__ye6000,00:00,0,,True,89016.9042661695,89016.9042661695,0.0,,106660.98635957848,8196.21461069323,8428.291709725829,optimal,0.04625894099990546
2025-12-08,M1_M6,causal_load_main,linear_anchor_main,anchor_final_main,True,6000.0,B_energy_neutral,2025-12-08__M1_M6__causal_load_main__linear_anchor_main__anchor_final_main__48h__ye6000,06:00,36,4896.00156748647,True,2269.6922015571163,1615.5331233871125,654.1590781700038,102808.00356520788,97912.00199772141,9921.589538842116,8428.291709725829,optimal,0.06088052200175298
2025-12-08,M1_M6,causal_load_main,linear_anchor_main,anchor_final_main,True,6000.0,B_energy_neutral,2025-12-08__M1_M6__causal_load_main__linear_anchor_main__anchor_final_main__48h__ye6000,12:00,72,1853.4707031864964,True,1909.1886312373813,16.468167500000277,1892.7204637373811,89955.6533459721,88102.1826427856,7005.291936972052,8428.291709725829,optimal,0.05168673799926182
2025-12-08,M1_M6,causal_load_main,linear_anchor_main,anchor_final_main,True,6000.0,B_energy_neutral,2025-12-08__M1_M6__causal_load_main__linear_anchor_main__anchor_final_main__48h__ye6000,18:00,108,0.0,False,0.0,0.0,0.0,69896.53698344629,69896.53698344629,10800.0,8428.291709503574,optimal,0.04420933299843455
2025-12-08,M6_only,causal_load_main,linear_anchor_main,anchor_final_main,True,1200.0,A_q2_aligned,2025-12-08__M6_only__causal_load_main__linear_anchor_main__anchor_final_main__48h__ye1200,00:00,0,,True,89016.90426615912,89016.90426615912,0.0,,106660.98635957701,8196.214610696497,8428.291709719255,optimal,0.04634973700012779
2025-12-08,M6_only,causal_load_main,linear_anchor_main,anchor_final_main,True,1200.0,A_q2_aligned,2025-12-08__M6_only__causal_load_main__linear_anchor_main__anchor_final_main__48h__ye1200,06:00,36,4896.001567486455,True,2269.6922015578884,1615.5331233871125,654.1590781707757,102808.0035652079,97912.00199772144,9921.589538842116,8428.291709719255,optimal,0.06041538700083038
2025-12-08,M6_only,causal_load_main,linear_anchor_main,anchor_final_main,True,6000.0,B_energy_neutral,2025-12-08__M6_only__causal_load_main__linear_anchor_main__anchor_final_main__48h__ye6000,00:00,0,,True,89016.90426615912,89016.90426615912,0.0,,106660.98635957701,8196.214610696497,8428.291709719255,optimal,0.04648735100090562
2025-12-08,M6_only,causal_load_main,linear_anchor_main,anchor_final_main,True,6000.0,B_energy_neutral,2025-12-08__M6_only__causal_load_main__linear_anchor_main__anchor_final_main__48h__ye6000,06:00,36,4896.001567486455,True,2269.6922015578884,1615.5331233871125,654.1590781707757,102808.0035652079,97912.00199772144,9921.589538842116,8428.291709719255,optimal,0.06131640399689786
2025-12-08,M12_only,causal_load_main,linear_anchor_main,anchor_final_main,True,1200.0,A_q2_aligned,2025-12-08__M12_only__causal_load_main__linear_anchor_main__anchor_final_main__48h__ye1200,00:00,0,,True,89016.90426616248,89016.90426616248,0.0,,106660.98635957549,8196.214610699892,8428.291709725829,optimal,0.046899613000277895
2025-12-08,M12_only,causal_load_main,linear_anchor_main,anchor_final_main,True,1200.0,A_q2_aligned,2025-12-08__M12_only__causal_load_main__linear_anchor_main__anchor_final_main__48h__ye1200,12:00,72,1105.31569334511,True,726.0485448305042,375.35246149717074,350.6960833333335,89367.32804589331,88262.0123525482,6733.985905294661,8428.291709725829,optimal,0.05217918199923588
2025-12-08,M12_only,causal_load_main,linear_anchor_main,anchor_final_main,True,6000.0,B_energy_neutral,2025-12-08__M12_only__causal_load_main__linear_anchor_main__anchor_final_main__48h__ye6000,00:00,0,,True,89016.90426616248,89016.90426616248,0.0,,106660.98635957549,8196.214610699892,8428.291709725829,optimal,0.04645886599973892
2025-12-08,M12_only,causal_load_main,linear_anchor_main,anchor_final_main,True,6000.0,B_energy_neutral,2025-12-08__M12_only__causal_load_main__linear_anchor_main__anchor_final_main__48h__ye6000,12:00,72,1105.31569334511,True,726.0485448305042,375.35246149717074,350.6960833333335,89367.32804589331,88262.0123525482,6733.985905294661,8428.291709725829,optimal,0.052435454999795184
2025-12-08,M18_only,causal_load_main,linear_anchor_main,anchor_final_main,True,1200.0,A_q2_aligned,2025-12-08__M18_only__causal_load_main__linear_anchor_main__anchor_final_main__48h__ye1200,00:00,0,,True,89016.9042661695,89016.9042661695,0.0,,106660.98635957848,8196.21461069323,8428.291709725829,optimal,0.04657652700188919
2025-12-08,M18_only,causal_load_main,linear_anchor_main,anchor_final_main,True,1200.0,A_q2_aligned,2025-12-08__M18_only__causal_load_main__linear_anchor_main__anchor_final_main__48h__ye1200,18:00,108,0.0,False,0.0,0.0,0.0,69896.53698344629,69896.53698344629,10800.0,8428.291709503574,optimal,0.0900234159998945
2025-12-08,M18_only,causal_load_main,linear_anchor_main,anchor_final_main,True,6000.0,B_energy_neutral,2025-12-08__M18_only__causal_load_main__linear_anchor_main__anchor_final_main__48h__ye6000,00:00,0,,True,89016.9042661695,89016.9042661695,0.0,,106660.98635957848,8196.21461069323,8428.291709725829,optimal,0.046716706001461716
2025-12-08,M18_only,causal_load_main,linear_anchor_main,anchor_final_main,True,6000.0,B_energy_neutral,2025-12-08__M18_only__causal_load_main__linear_anchor_main__anchor_final_main__48h__ye6000,18:00,108,0.0,False,0.0,0.0,0.0,69896.53698344629,69896.53698344629,10800.0,8428.291709503574,optimal,0.043925182999373646
2025-12-09,M0,causal_load_main,linear_anchor_main,anchor_final_main,True,1200.0,A_q2_aligned,2025-12-09__M0__causal_load_main__linear_anchor_main__anchor_final_main__48h__ye1200,00:00,0,,True,87869.62963317282,87869.62963317282,0.0,,105678.33579465891,8370.668604378245,8428.29170969789,optimal,0.04617692499959958
2025-12-09,M0,causal_load_main,linear_anchor_main,anchor_final_main,True,6000.0,B_energy_neutral,2025-12-09__M0__causal_load_main__linear_anchor_main__anchor_final_main__48h__ye6000,00:00,0,,True,87869.62963317282,87869.62963317282,0.0,,105678.33579465891,8370.668604378245,8428.29170969789,optimal,0.046579010002460564
2025-12-09,M1_M6,causal_load_main,linear_anchor_main,anchor_final_main,True,1200.0,A_q2_aligned,2025-12-09__M1_M6__causal_load_main__linear_anchor_main__anchor_final_main__48h__ye1200,00:00,0,,True,87869.62963317624,87869.62963317624,0.0,,105678.33579465593,8370.668604384859,8428.291709707752,optimal,0.04635937700004433
2025-12-09,M1_M6,causal_load_main,linear_anchor_main,anchor_final_main,True,1200.0,A_q2_aligned,2025-12-09__M1_M6__causal_load_main__linear_anchor_main__anchor_final_main__48h__ye1200,06:00,36,1843.5387497117626,True,3326.1276553693688,290.6665111111108,3035.4611442582577,96515.51355989088,94671.97481017912,9921.589539715718,8428.291709707752,optimal,0.06016094900041935
2025-12-09,M1_M6,causal_load_main,linear_anchor_main,anchor_final_main,True,1200.0,A_q2_aligned,2025-12-09__M1_M6__causal_load_main__linear_anchor_main__anchor_final_main__48h__ye1200,12:00,72,398.83303483741474,True,326.7047819475986,206.94959814815115,119.75518379944742,84077.05297663785,83678.21994180043,6733.985905294665,8428.291709265543,optimal,0.05197504700117861
2025-12-09,M1_M6,causal_load_main,linear_anchor_main,anchor_final_main,True,1200.0,A_q2_aligned,2025-12-09__M1_M6__causal_load_main__linear_anchor_main__anchor_final_main__48h__ye1200,18:00,108,9.998620953410864e-08,False,0.0,0.0,0.0,61670.870216038566,61670.87021593858,10800.0,8428.291709043337,optimal,0.04380730599586968
2025-12-09,M1_M6,causal_load_main,linear_anchor_main,anchor_final_main,True,6000.0,B_energy_neutral,2025-12-09__M1_M6__causal_load_main__linear_anchor_main__anchor_final_main__48h__ye6000,00:00,0,,True,87869.62963317624,87869.62963317624,0.0,,105678.33579465593,8370.668604384859,8428.291709707752,optimal,0.046056918999966
2025-12-09,M1_M6,causal_load_main,linear_anchor_main,anchor_final_main,True,6000.0,B_energy_neutral,2025-12-09__M1_M6__causal_load_main__linear_anchor_main__anchor_final_main__48h__ye6000,06:00,36,1843.5387497117626,True,3326.1276553693688,290.6665111111108,3035.4611442582577,96515.51355989088,94671.97481017912,9921.589539715718,8428.291709707752,optimal,0.06030255600126111
2025-12-09,M1_M6,causal_load_main,linear_anchor_main,anchor_final_main,True,6000.0,B_energy_neutral,2025-12-09__M1_M6__causal_load_main__linear_anchor_main__anchor_final_main__48h__ye6000,12:00,72,398.83303483741474,True,326.7047819475986,206.94959814815115,119.75518379944742,84077.05297663785,83678.21994180043,6733.985905294665,8428.291709265543,optimal,0.05166630300300312
2025-12-09,M1_M6,causal_load_main,linear_anchor_main,anchor_final_main,True,6000.0,B_energy_neutral,2025-12-09__M1_M6__causal_load_main__linear_anchor_main__anchor_final_main__48h__ye6000,18:00,108,9.998620953410864e-08,False,0.0,0.0,0.0,61670.870216038566,61670.87021593858,10800.0,8428.291709043337,optimal,0.04407771299884189
2025-12-09,M6_only,causal_load_main,linear_anchor_main,anchor_final_main,True,1200.0,A_q2_aligned,2025-12-09__M6_only__causal_load_main__linear_anchor_main__anchor_final_main__48h__ye1200,00:00,0,,True,87869.62963317282,87869.62963317282,0.0,,105678.33579465891,8370.668604378245,8428.29170969789,optimal,0.045977511999808485
2025-12-09,M6_only,causal_load_main,linear_anchor_main,anchor_final_main,True,1200.0,A_q2_aligned,2025-12-09__M6_only__causal_load_main__linear_anchor_main__anchor_final_main__48h__ye1200,06:00,36,1843.5387497117918,True,3326.1276553695366,290.6665111111108,3035.461144258426,96515.5135598909,94671.9748101791,9921.589539715784,8428.29170969789,optimal,0.06028670099476585
2025-12-09,M6_only,causal_load_main,linear_anchor_main,anchor_final_main,True,6000.0,B_energy_neutral,2025-12-09__M6_only__causal_load_main__linear_anchor_main__anchor_final_main__48h__ye6000,00:00,0,,True,87869.62963317282,87869.62963317282,0.0,,105678.33579465891,8370.668604378245,8428.29170969789,optimal,0.0469875939998019
2025-12-09,M6_only,causal_load_main,linear_anchor_main,anchor_final_main,True,6000.0,B_energy_neutral,2025-12-09__M6_only__causal_load_main__linear_anchor_main__anchor_final_main__48h__ye6000,06:00,36,1843.5387497117918,True,3326.1276553695366,290.6665111111108,3035.461144258426,96515.5135598909,94671.9748101791,9921.589539715784,8428.29170969789,optimal,0.06023061899759341
2025-12-09,M12_only,causal_load_main,linear_anchor_main,anchor_final_main,True,1200.0,A_q2_aligned,2025-12-09__M12_only__causal_load_main__linear_anchor_main__anchor_final_main__48h__ye1200,00:00,0,,True,87869.62963317624,87869.62963317624,0.0,,105678.33579465593,8370.668604384859,8428.291709707752,optimal,0.046609078999608755
2025-12-09,M12_only,causal_load_main,linear_anchor_main,anchor_final_main,True,1200.0,A_q2_aligned,2025-12-09__M12_only__causal_load_main__linear_anchor_main__anchor_final_main__48h__ye1200,12:00,72,676.6057758102397,True,713.9239930587069,190.79168611111118,523.1323069475957,84354.82571761067,83678.21994180043,6733.985905294663,8428.291709265543,optimal,0.05222320999746444
2025-12-09,M12_only,causal_load_main,linear_anchor_main,anchor_final_main,True,6000.0,B_energy_neutral,2025-12-09__M12_only__causal_load_main__linear_anchor_main__anchor_final_main__48h__ye6000,00:00,0,,True,87869.62963317624,87869.62963317624,0.0,,105678.33579465593,8370.668604384859,8428.291709707752,optimal,0.04603354900245904
2025-12-09,M12_only,causal_load_main,linear_anchor_main,anchor_final_main,True,6000.0,B_energy_neutral,2025-12-09__M12_only__causal_load_main__linear_anchor_main__anchor_final_main__48h__ye6000,12:00,72,676.6057758102397,True,713.9239930587069,190.79168611111118,523.1323069475957,84354.82571761067,83678.21994180043,6733.985905294663,8428.291709265543,optimal,0.052149064002151135
2025-12-09,M18_only,causal_load_main,linear_anchor_main,anchor_final_main,True,1200.0,A_q2_aligned,2025-12-09__M18_only__causal_load_main__linear_anchor_main__anchor_final_main__48h__ye1200,00:00,0,,True,87869.62963317624,87869.62963317624,0.0,,105678.33579465593,8370.668604384859,8428.291709707752,optimal,0.04599583199888002
2025-12-09,M18_only,causal_load_main,linear_anchor_main,anchor_final_main,True,1200.0,A_q2_aligned,2025-12-09__M18_only__causal_load_main__linear_anchor_main__anchor_final_main__48h__ye1200,18:00,108,0.0,False,0.0,0.0,0.0,61670.87021593858,61670.87021593858,10800.0,8428.291709485546,optimal,0.04373516399937216
2025-12-09,M18_only,causal_load_main,linear_anchor_main,anchor_final_main,True,6000.0,B_energy_neutral,2025-12-09__M18_only__causal_load_main__linear_anchor_main__anchor_final_main__48h__ye6000,00:00,0,,True,87869.62963317624,87869.62963317624,0.0,,105678.33579465593,8370.668604384859,8428.291709707752,optimal,0.04636396000205423
2025-12-09,M18_only,causal_load_main,linear_anchor_main,anchor_final_main,True,6000.0,B_energy_neutral,2025-12-09__M18_only__causal_load_main__linear_anchor_main__anchor_final_main__48h__ye6000,18:00,108,0.0,False,0.0,0.0,0.0,61670.87021593858,61670.87021593858,10800.0,8428.291709485546,optimal,0.04423047200180008
2025-12-10,M0,causal_load_main,linear_anchor_main,anchor_final_main,True,1200.0,A_q2_aligned,2025-12-10__M0__causal_load_main__linear_anchor_main__anchor_final_main__48h__ye1200,00:00,0,,True,83851.69892505583,83851.69892505583,0.0,,103626.80735019478,8410.00984447951,8428.291709678784,optimal,0.04606866099857143
2025-12-10,M0,causal_load_main,linear_anchor_main,anchor_final_main,True,6000.0,B_energy_neutral,2025-12-10__M0__causal_load_main__linear_anchor_main__anchor_final_main__48h__ye6000,00:00,0,,True,83851.69892505583,83851.69892505583,0.0,,103626.80735019478,8410.00984447951,8428.291709678784,optimal,0.046751379002671456
2025-12-10,M1_M6,causal_load_main,linear_anchor_main,anchor_final_main,True,1200.0,A_q2_aligned,2025-12-10__M1_M6__causal_load_main__linear_anchor_main__anchor_final_main__48h__ye1200,00:00,0,,True,83851.698925515,83851.698925515,0.0,,103626.80735038931,8410.009844047197,8428.291709682071,optimal,0.046154432002367685
2025-12-10,M1_M6,causal_load_main,linear_anchor_main,anchor_final_main,True,1200.0,A_q2_aligned,2025-12-10__M1_M6__causal_load_main__linear_anchor_main__anchor_final_main__48h__ye1200,06:00,36,8480.189241782675,True,3660.438787745713,3538.5291794123796,121.90960833333338,105353.60817176444,96873.41892998177,9921.589538842118,8428.291709682071,optimal,0.06040309599848115
2025-12-10,M1_M6,causal_load_main,linear_anchor_main,anchor_final_main,True,1200.0,A_q2_aligned,2025-12-10__M1_M6__causal_load_main__linear_anchor_main__anchor_final_main__48h__ye1200,12:00,72,1310.7184301592206,True,1179.3324951561694,11.002674999999954,1168.3298201561695,86766.1792306089,85455.46080044968,6733.985905294663,8428.29170923999,optimal,0.051427967999188695
2025-12-10,M1_M6,causal_load_main,linear_anchor_main,anchor_final_main,True,1200.0,A_q2_aligned,2025-12-10__M1_M6__causal_load_main__linear_anchor_main__anchor_final_main__48h__ye1200,18:00,108,9.99571057036519e-08,False,0.0,0.0,0.0,66029.84857074966,66029.8485706497,10800.0,8428.29170901779,optimal,0.09947445999932825
2025-12-10,M1_M6,causal_load_main,linear_anchor_main,anchor_final_main,True,6000.0,B_energy_neutral,2025-12-10__M1_M6__causal_load_main__linear_anchor_main__anchor_final_main__48h__ye6000,00:00,0,,True,83851.698925515,83851.698925515,0.0,,103626.80735038931,8410.009844047197,8428.291709682071,optimal,0.0481150500017975
2025-12-10,M1_M6,causal_load_main,linear_anchor_main,anchor_final_main,True,6000.0,B_energy_neutral,2025-12-10__M1_M6__causal_load_main__linear_anchor_main__anchor_final_main__48h__ye6000,06:00,36,8480.189241782675,True,3660.438787745713,3538.5291794123796,121.90960833333338,105353.60817176444,96873.41892998177,9921.589538842118,8428.291709682071,optimal,0.06115094299821067
2025-12-10,M1_M6,causal_load_main,linear_anchor_main,anchor_final_main,True,6000.0,B_energy_neutral,2025-12-10__M1_M6__causal_load_main__linear_anchor_main__anchor_final_main__48h__ye6000,12:00,72,1310.7184301592206,True,1179.3324951561694,11.002674999999954,1168.3298201561695,86766.1792306089,85455.46080044968,6733.985905294663,8428.29170923999,optimal,0.05412564300058875
2025-12-10,M1_M6,causal_load_main,linear_anchor_main,anchor_final_main,True,6000.0,B_energy_neutral,2025-12-10__M1_M6__causal_load_main__linear_anchor_main__anchor_final_main__48h__ye6000,18:00,108,9.99571057036519e-08,False,0.0,0.0,0.0,66029.84857074966,66029.8485706497,10800.0,8428.29170901779,optimal,0.044208297003933694
2025-12-10,M6_only,causal_load_main,linear_anchor_main,anchor_final_main,True,1200.0,A_q2_aligned,2025-12-10__M6_only__causal_load_main__linear_anchor_main__anchor_final_main__48h__ye1200,00:00,0,,True,83851.69892505583,83851.69892505583,0.0,,103626.80735019478,8410.00984447951,8428.291709678784,optimal,0.046189791999495355
2025-12-10,M6_only,causal_load_main,linear_anchor_main,anchor_final_main,True,1200.0,A_q2_aligned,2025-12-10__M6_only__causal_load_main__linear_anchor_main__anchor_final_main__48h__ye1200,06:00,36,8480.18924178269,True,3660.438787745715,3538.529179412382,121.90960833333338,105353.60817176446,96873.41892998177,9921.589538842118,8428.291709678784,optimal,0.061090390001481865
2025-12-10,M6_only,causal_load_main,linear_anchor_main,anchor_final_main,True,6000.0,B_energy_neutral,2025-12-10__M6_only__causal_load_main__linear_anchor_main__anchor_final_main__48h__ye6000,00:00,0,,True,83851.69892505583,83851.69892505583,0.0,,103626.80735019478,8410.00984447951,8428.291709678784,optimal,0.04611104000287014
2025-12-10,M6_only,causal_load_main,linear_anchor_main,anchor_final_main,True,6000.0,B_energy_neutral,2025-12-10__M6_only__causal_load_main__linear_anchor_main__anchor_final_main__48h__ye6000,06:00,36,8480.18924178269,True,3660.438787745715,3538.529179412382,121.90960833333338,105353.60817176446,96873.41892998177,9921.589538842118,8428.291709678784,optimal,0.06021472599968547
2025-12-10,M12_only,causal_load_main,linear_anchor_main,anchor_final_main,True,1200.0,A_q2_aligned,2025-12-10__M12_only__causal_load_main__linear_anchor_main__anchor_final_main__48h__ye1200,00:00,0,,True,83851.698925515,83851.698925515,0.0,,103626.80735038931,8410.009844047197,8428.291709682071,optimal,0.0461020250004367
2025-12-10,M12_only,causal_load_main,linear_anchor_main,anchor_final_main,True,1200.0,A_q2_aligned,2025-12-10__M12_only__causal_load_main__linear_anchor_main__anchor_final_main__48h__ye1200,12:00,72,580.0741757709766,True,474.0965199104519,348.78893611111005,125.30758379934184,86035.53497622066,85455.46080044968,6733.985905294663,8428.29170923999,optimal,0.05115980899790884
2025-12-10,M12_only,causal_load_main,linear_anchor_main,anchor_final_main,True,6000.0,B_energy_neutral,2025-12-10__M12_only__causal_load_main__linear_anchor_main__anchor_final_main__48h__ye6000,00:00,0,,True,83851.698925515,83851.698925515,0.0,,103626.80735038931,8410.009844047197,8428.291709682071,optimal,0.04590575999827706
2025-12-10,M12_only,causal_load_main,linear_anchor_main,anchor_final_main,True,6000.0,B_energy_neutral,2025-12-10__M12_only__causal_load_main__linear_anchor_main__anchor_final_main__48h__ye6000,12:00,72,580.0741757709766,True,474.0965199104519,348.78893611111005,125.30758379934184,86035.53497622066,85455.46080044968,6733.985905294663,8428.29170923999,optimal,0.051439612001559
2025-12-10,M18_only,causal_load_main,linear_anchor_main,anchor_final_main,True,1200.0,A_q2_aligned,2025-12-10__M18_only__causal_load_main__linear_anchor_main__anchor_final_main__48h__ye1200,00:00,0,,True,83851.69892504884,83851.69892504884,0.0,,103626.80735019031,8410.009844489421,8428.291709682071,optimal,0.04598782599714468
2025-12-10,M18_only,causal_load_main,linear_anchor_main,anchor_final_main,True,1200.0,A_q2_aligned,2025-12-10__M18_only__causal_load_main__linear_anchor_main__anchor_final_main__48h__ye1200,18:00,108,0.0,False,0.0,0.0,0.0,66029.8485706497,66029.8485706497,10800.0,8428.291709459869,optimal,0.04390054199757287
2025-12-10,M18_only,causal_load_main,linear_anchor_main,anchor_final_main,True,6000.0,B_energy_neutral,2025-12-10__M18_only__causal_load_main__linear_anchor_main__anchor_final_main__48h__ye6000,00:00,0,,True,83851.69892504884,83851.69892504884,0.0,,103626.80735019031,8410.009844489421,8428.291709682071,optimal,0.046033890001126565
2025-12-10,M18_only,causal_load_main,linear_anchor_main,anchor_final_main,True,6000.0,B_energy_neutral,2025-12-10__M18_only__causal_load_main__linear_anchor_main__anchor_final_main__48h__ye6000,18:00,108,0.0,False,0.0,0.0,0.0,66029.8485706497,66029.8485706497,10800.0,8428.291709459869,optimal,0.043864664003194775
2025-12-11,M0,causal_load_main,linear_anchor_main,anchor_final_main,True,1200.0,A_q2_aligned,2025-12-11__M0__causal_load_main__linear_anchor_main__anchor_final_main__48h__ye1200,00:00,0,,True,87338.36037858273,87338.36037858273,0.0,,72265.95338310428,8247.633544156562,8428.29170969296,optimal,0.045328664000408025
2025-12-11,M0,causal_load_main,linear_anchor_main,anchor_final_main,True,6000.0,B_energy_neutral,2025-12-11__M0__causal_load_main__linear_anchor_main__anchor_final_main__48h__ye6000,00:00,0,,True,87338.36037858273,87338.36037858273,0.0,,72265.95338310428,8247.633544156562,8428.29170969296,optimal,0.04559029600204667
2025-12-11,M1_M6,causal_load_main,linear_anchor_main,anchor_final_main,True,1200.0,A_q2_aligned,2025-12-11__M1_M6__causal_load_main__linear_anchor_main__anchor_final_main__48h__ye1200,00:00,0,,True,87338.36037904178,87338.36037904178,0.0,,72265.95338330173,8247.633543717782,8428.291709689673,optimal,0.045383286000287626
2025-12-11,M1_M6,causal_load_main,linear_anchor_main,anchor_final_main,True,1200.0,A_q2_aligned,2025-12-11__M1_M6__causal_load_main__linear_anchor_main__anchor_final_main__48h__ye1200,06:00,36,995.2842140584835,True,2861.558055193924,1.434947222222263,2860.1231079717018,61830.04407799442,60834.759863935935,9921.589538842114,8428.291709689673,optimal,0.059700655001506675
2025-12-11,M1_M6,causal_load_main,linear_anchor_main,anchor_final_main,True,1200.0,A_q2_aligned,2025-12-11__M1_M6__causal_load_main__linear_anchor_main__anchor_final_main__48h__ye1200,12:00,72,1690.298253685709,True,622.9725601851742,493.3077268518407,129.6648333333335,51249.099282795796,49558.80102911009,6733.985905294661,8428.291709689673,optimal,0.051618878002045676
2025-12-11,M1_M6,causal_load_main,linear_anchor_main,anchor_final_main,True,1200.0,A_q2_aligned,2025-12-11__M1_M6__causal_load_main__linear_anchor_main__anchor_final_main__48h__ye1200,18:00,108,0.0,False,0.0,0.0,0.0,34548.14816173841,34548.14816173841,10800.0,8428.291709467429,optimal,0.04381011700024828
2025-12-11,M1_M6,causal_load_main,linear_anchor_main,anchor_final_main,True,6000.0,B_energy_neutral,2025-12-11__M1_M6__causal_load_main__linear_anchor_main__anchor_final_main__48h__ye6000,00:00,0,,True,87338.36037904178,87338.36037904178,0.0,,72265.95338330173,8247.633543717782,8428.291709689673,optimal,0.04564646799917682
2025-12-11,M1_M6,causal_load_main,linear_anchor_main,anchor_final_main,True,6000.0,B_energy_neutral,2025-12-11__M1_M6__causal_load_main__linear_anchor_main__anchor_final_main__48h__ye6000,06:00,36,995.2842140584835,True,2861.558055193924,1.434947222222263,2860.1231079717018,61830.04407799442,60834.759863935935,9921.589538842114,8428.291709689673,optimal,0.05937659199844347
2025-12-11,M1_M6,causal_load_main,linear_anchor_main,anchor_final_main,True,6000.0,B_energy_neutral,2025-12-11__M1_M6__causal_load_main__linear_anchor_main__anchor_final_main__48h__ye6000,12:00,72,1690.298253685709,True,622.9725601851742,493.3077268518407,129.6648333333335,51249.099282795796,49558.80102911009,6733.985905294661,8428.291709689673,optimal,0.05154797000432154
2025-12-11,M1_M6,causal_load_main,linear_anchor_main,anchor_final_main,True,6000.0,B_energy_neutral,2025-12-11__M1_M6__causal_load_main__linear_anchor_main__anchor_final_main__48h__ye6000,18:00,108,0.0,False,0.0,0.0,0.0,34548.14816173841,34548.14816173841,10800.0,8428.291709467429,optimal,0.043904417998419376
2025-12-11,M6_only,causal_load_main,linear_anchor_main,anchor_final_main,True,1200.0,A_q2_aligned,2025-12-11__M6_only__causal_load_main__linear_anchor_main__anchor_final_main__48h__ye1200,00:00,0,,True,87338.36037858273,87338.36037858273,0.0,,72265.95338310428,8247.633544156562,8428.29170969296,optimal,0.045754822000162676
2025-12-11,M6_only,causal_load_main,linear_anchor_main,anchor_final_main,True,1200.0,A_q2_aligned,2025-12-11__M6_only__causal_load_main__linear_anchor_main__anchor_final_main__48h__ye1200,06:00,36,995.2842140584835,True,2861.5580551937715,1.434947222222263,2860.1231079715494,61830.044077994404,60834.75986393592,9921.589538842114,8428.29170969296,optimal,0.059522326999285724
2025-12-11,M6_only,causal_load_main,linear_anchor_main,anchor_final_main,True,6000.0,B_energy_neutral,2025-12-11__M6_only__causal_load_main__linear_anchor_main__anchor_final_main__48h__ye6000,00:00,0,,True,87338.36037858273,87338.36037858273,0.0,,72265.95338310428,8247.633544156562,8428.29170969296,optimal,0.04575699900306063
2025-12-11,M6_only,causal_load_main,linear_anchor_main,anchor_final_main,True,6000.0,B_energy_neutral,2025-12-11__M6_only__causal_load_main__linear_anchor_main__anchor_final_main__48h__ye6000,06:00,36,995.2842140584835,True,2861.5580551937715,1.434947222222263,2860.1231079715494,61830.044077994404,60834.75986393592,9921.589538842114,8428.29170969296,optimal,0.05974418499681633
2025-12-11,M12_only,causal_load_main,linear_anchor_main,anchor_final_main,True,1200.0,A_q2_aligned,2025-12-11__M12_only__causal_load_main__linear_anchor_main__anchor_final_main__48h__ye1200,00:00,0,,True,87338.36037904178,87338.36037904178,0.0,,72265.95338330173,8247.633543717782,8428.291709689673,optimal,0.04576557500331546
2025-12-11,M12_only,causal_load_main,linear_anchor_main,anchor_final_main,True,1200.0,A_q2_aligned,2025-12-11__M12_only__causal_load_main__linear_anchor_main__anchor_final_main__48h__ye1200,12:00,72,763.108117234995,True,2249.9028402865433,0.0,2249.9028402865433,50321.909146345075,49558.80102911008,6733.985905294663,8428.291709689673,optimal,0.050950184999237536
2025-12-11,M12_only,causal_load_main,linear_anchor_main,anchor_final_main,True,6000.0,B_energy_neutral,2025-12-11__M12_only__causal_load_main__linear_anchor_main__anchor_final_main__48h__ye6000,00:00,0,,True,87338.36037904178,87338.36037904178,0.0,,72265.95338330173,8247.633543717782,8428.291709689673,optimal,0.045322584999667015
2025-12-11,M12_only,causal_load_main,linear_anchor_main,anchor_final_main,True,6000.0,B_energy_neutral,2025-12-11__M12_only__causal_load_main__linear_anchor_main__anchor_final_main__48h__ye6000,12:00,72,763.108117234995,True,2249.9028402865433,0.0,2249.9028402865433,50321.909146345075,49558.80102911008,6733.985905294663,8428.291709689673,optimal,0.051240867003798485
2025-12-11,M18_only,causal_load_main,linear_anchor_main,anchor_final_main,True,1200.0,A_q2_aligned,2025-12-11__M18_only__causal_load_main__linear_anchor_main__anchor_final_main__48h__ye1200,00:00,0,,True,87338.36037857585,87338.36037857585,0.0,,72265.95338310282,8247.633544159813,8428.291709689673,optimal,0.04555222400085768
2025-12-11,M18_only,causal_load_main,linear_anchor_main,anchor_final_main,True,1200.0,A_q2_aligned,2025-12-11__M18_only__causal_load_main__linear_anchor_main__anchor_final_main__48h__ye1200,18:00,108,0.0,False,0.0,0.0,0.0,34548.14816173841,34548.14816173841,10800.0,8428.291709467429,optimal,0.04383513200082234
2025-12-11,M18_only,causal_load_main,linear_anchor_main,anchor_final_main,True,6000.0,B_energy_neutral,2025-12-11__M18_only__causal_load_main__linear_anchor_main__anchor_final_main__48h__ye6000,00:00,0,,True,87338.36037857585,87338.36037857585,0.0,,72265.95338310282,8247.633544159813,8428.291709689673,optimal,0.04616689300019061
2025-12-11,M18_only,causal_load_main,linear_anchor_main,anchor_final_main,True,6000.0,B_energy_neutral,2025-12-11__M18_only__causal_load_main__linear_anchor_main__anchor_final_main__48h__ye6000,18:00,108,0.0,False,0.0,0.0,0.0,34548.14816173841,34548.14816173841,10800.0,8428.291709467429,optimal,0.04368672499913373
2025-12-12,M0,causal_load_main,linear_anchor_main,anchor_final_main,True,1200.0,A_q2_aligned,2025-12-12__M0__causal_load_main__linear_anchor_main__anchor_final_main__48h__ye1200,00:00,0,,True,40077.291987032324,40077.291987032324,0.0,,38430.99354336296,8283.254681812534,8428.291709694604,optimal,0.045983490999788046
2025-12-12,M0,causal_load_main,linear_anchor_main,anchor_final_main,True,6000.0,B_energy_neutral,2025-12-12__M0__causal_load_main__linear_anchor_main__anchor_final_main__48h__ye6000,00:00,0,,True,40077.291987032324,40077.291987032324,0.0,,38430.99354336296,8283.254681812534,8428.291709694604,optimal,0.045840347000194015
2025-12-12,M1_M6,causal_load_main,linear_anchor_main,anchor_final_main,True,1200.0,A_q2_aligned,2025-12-12__M1_M6__causal_load_main__linear_anchor_main__anchor_final_main__48h__ye1200,00:00,0,,True,40077.29198703584,40077.29198703584,0.0,,38430.99354336446,8283.254681809203,8428.291709694604,optimal,0.045940821000840515
2025-12-12,M1_M6,causal_load_main,linear_anchor_main,anchor_final_main,True,1200.0,A_q2_aligned,2025-12-12__M1_M6__causal_load_main__linear_anchor_main__anchor_final_main__48h__ye1200,06:00,36,4473.4837342590035,True,2661.9608164673705,2661.9608164673705,0.0,37086.01294667991,32612.529212420908,9674.378272088137,8428.291709694604,optimal,0.06230997899911017
2025-12-12,M1_M6,causal_load_main,linear_anchor_main,anchor_final_main,True,1200.0,A_q2_aligned,2025-12-12__M1_M6__causal_load_main__linear_anchor_main__anchor_final_main__48h__ye1200,12:00,72,1487.882271664159,True,865.9700633896632,488.0674911674407,377.9025722222225,34777.45497445318,33289.572702789024,5851.552374330897,8428.291709694604,optimal,0.050923293998494046
2025-12-12,M1_M6,causal_load_main,linear_anchor_main,anchor_final_main,True,1200.0,A_q2_aligned,2025-12-12__M1_M6__causal_load_main__linear_anchor_main__anchor_final_main__48h__ye1200,18:00,108,0.6496210253426398,True,56.244235960331594,0.0,56.244235960331594,23190.091082084244,23189.4414610589,9882.986209987703,8428.291718820863,optimal,0.045830331997422036
2025-12-12,M1_M6,causal_load_main,linear_anchor_main,anchor_final_main,True,6000.0,B_energy_neutral,2025-12-12__M1_M6__causal_load_main__linear_anchor_main__anchor_final_main__48h__ye6000,00:00,0,,True,40077.29198703584,40077.29198703584,0.0,,38430.99354336446,8283.254681809203,8428.291709694604,optimal,0.045777379997161916
2025-12-12,M1_M6,causal_load_main,linear_anchor_main,anchor_final_main,True,6000.0,B_energy_neutral,2025-12-12__M1_M6__causal_load_main__linear_anchor_main__anchor_final_main__48h__ye6000,06:00,36,4473.4837342590035,True,2661.9608164673705,2661.9608164673705,0.0,37086.01294667991,32612.529212420908,9674.378272088137,8428.291709694604,optimal,0.062264485997729935
2025-12-12,M1_M6,causal_load_main,linear_anchor_main,anchor_final_main,True,6000.0,B_energy_neutral,2025-12-12__M1_M6__causal_load_main__linear_anchor_main__anchor_final_main__48h__ye6000,12:00,72,1487.882271664159,True,865.9700633896632,488.0674911674407,377.9025722222225,34777.45497445318,33289.572702789024,5851.552374330897,8428.291709694604,optimal,0.050620650999917416
2025-12-12,M1_M6,causal_load_main,linear_anchor_main,anchor_final_main,True,6000.0,B_energy_neutral,2025-12-12__M1_M6__causal_load_main__linear_anchor_main__anchor_final_main__48h__ye6000,18:00,108,0.6496210253426398,True,56.244235960331594,0.0,56.244235960331594,23190.091082084244,23189.4414610589,9882.986209987703,8428.291718820863,optimal,0.04546292200029711
2025-12-12,M6_only,causal_load_main,linear_anchor_main,anchor_final_main,True,1200.0,A_q2_aligned,2025-12-12__M6_only__causal_load_main__linear_anchor_main__anchor_final_main__48h__ye1200,00:00,0,,True,40077.291987032324,40077.291987032324,0.0,,38430.99354336296,8283.254681812534,8428.291709694604,optimal,0.04621858000245993
2025-12-12,M6_only,causal_load_main,linear_anchor_main,anchor_final_main,True,1200.0,A_q2_aligned,2025-12-12__M6_only__causal_load_main__linear_anchor_main__anchor_final_main__48h__ye1200,06:00,36,4473.4837342590035,True,2661.9608164673705,2661.9608164673705,0.0,37086.01294667991,32612.529212420908,9674.378272088137,8428.291709694604,optimal,0.11111962399809272
2025-12-12,M6_only,causal_load_main,linear_anchor_main,anchor_final_main,True,6000.0,B_energy_neutral,2025-12-12__M6_only__causal_load_main__linear_anchor_main__anchor_final_main__48h__ye6000,00:00,0,,True,40077.291987032324,40077.291987032324,0.0,,38430.99354336296,8283.254681812534,8428.291709694604,optimal,0.04573113299920806
2025-12-12,M6_only,causal_load_main,linear_anchor_main,anchor_final_main,True,6000.0,B_energy_neutral,2025-12-12__M6_only__causal_load_main__linear_anchor_main__anchor_final_main__48h__ye6000,06:00,36,4473.4837342590035,True,2661.9608164673705,2661.9608164673705,0.0,37086.01294667991,32612.529212420908,9674.378272088137,8428.291709694604,optimal,0.0621862929983763
2025-12-12,M12_only,causal_load_main,linear_anchor_main,anchor_final_main,True,1200.0,A_q2_aligned,2025-12-12__M12_only__causal_load_main__linear_anchor_main__anchor_final_main__48h__ye1200,00:00,0,,True,40077.291987044126,40077.291987044126,0.0,,38430.99354336651,8283.25468180463,8428.29170969789,optimal,0.04577810699993279
2025-12-12,M12_only,causal_load_main,linear_anchor_main,anchor_final_main,True,1200.0,A_q2_aligned,2025-12-12__M12_only__causal_load_main__linear_anchor_main__anchor_final_main__48h__ye1200,12:00,72,4995.246510418467,True,2499.045432834111,2490.2863550563334,8.759077777777634,38923.48998092623,33928.24347050776,5166.064837197748,8428.29170969789,optimal,0.0506303569964075
2025-12-12,M12_only,causal_load_main,linear_anchor_main,anchor_final_main,True,6000.0,B_energy_neutral,2025-12-12__M12_only__causal_load_main__linear_anchor_main__anchor_final_main__48h__ye6000,00:00,0,,True,40077.291987044126,40077.291987044126,0.0,,38430.99354336651,8283.25468180463,8428.29170969789,optimal,0.046152957998856436
2025-12-12,M12_only,causal_load_main,linear_anchor_main,anchor_final_main,True,6000.0,B_energy_neutral,2025-12-12__M12_only__causal_load_main__linear_anchor_main__anchor_final_main__48h__ye6000,12:00,72,4995.246510418467,True,2499.045432834111,2490.2863550563334,8.759077777777634,38923.48998092623,33928.24347050776,5166.064837197748,8428.29170969789,optimal,0.050603358999069314
2025-12-12,M18_only,causal_load_main,linear_anchor_main,anchor_final_main,True,1200.0,A_q2_aligned,2025-12-12__M18_only__causal_load_main__linear_anchor_main__anchor_final_main__48h__ye1200,00:00,0,,True,40077.29198703584,40077.29198703584,0.0,,38430.99354336446,8283.254681809203,8428.291709694604,optimal,0.045786956001393264
2025-12-12,M18_only,causal_load_main,linear_anchor_main,anchor_final_main,True,1200.0,A_q2_aligned,2025-12-12__M18_only__causal_load_main__linear_anchor_main__anchor_final_main__48h__ye1200,18:00,108,0.6496210253426398,True,56.244235960331594,0.0,56.244235960331594,23190.091082084244,23189.4414610589,9882.986209987703,8428.291718820863,optimal,0.045300489000510424
2025-12-12,M18_only,causal_load_main,linear_anchor_main,anchor_final_main,True,6000.0,B_energy_neutral,2025-12-12__M18_only__causal_load_main__linear_anchor_main__anchor_final_main__48h__ye6000,00:00,0,,True,40077.29198703584,40077.29198703584,0.0,,38430.99354336446,8283.254681809203,8428.291709694604,optimal,0.046201667999412166
2025-12-12,M18_only,causal_load_main,linear_anchor_main,anchor_final_main,True,6000.0,B_energy_neutral,2025-12-12__M18_only__causal_load_main__linear_anchor_main__anchor_final_main__48h__ye6000,18:00,108,0.6496210253426398,True,56.244235960331594,0.0,56.244235960331594,23190.091082084244,23189.4414610589,9882.986209987703,8428.291718820863,optimal,0.04594242700113682
2025-12-13,M0,causal_load_main,linear_anchor_main,anchor_final_main,True,1200.0,A_q2_aligned,2025-12-13__M0__causal_load_main__linear_anchor_main__anchor_final_main__48h__ye1200,00:00,0,,True,41619.05756371989,41619.05756371989,0.0,,72737.0692435768,8210.194009647932,8428.291709703642,optimal,0.04565598999761278
2025-12-13,M0,causal_load_main,linear_anchor_main,anchor_final_main,True,6000.0,B_energy_neutral,2025-12-13__M0__causal_load_main__linear_anchor_main__anchor_final_main__48h__ye6000,00:00,0,,True,41619.05756371989,41619.05756371989,0.0,,72737.0692435768,8210.194009647932,8428.291709703642,optimal,0.04705168000145932
2025-12-13,M1_M6,causal_load_main,linear_anchor_main,anchor_final_main,True,1200.0,A_q2_aligned,2025-12-13__M1_M6__causal_load_main__linear_anchor_main__anchor_final_main__48h__ye1200,00:00,0,,True,41619.05756375214,41619.05756375214,0.0,,72737.06924359057,8210.194009617346,8428.291709703642,optimal,0.04575459999978193
2025-12-13,M1_M6,causal_load_main,linear_anchor_main,anchor_final_main,True,1200.0,A_q2_aligned,2025-12-13__M1_M6__causal_load_main__linear_anchor_main__anchor_final_main__48h__ye1200,06:00,36,3576.6205429538677,True,1534.231453911709,1396.4976332608082,137.7338206509006,70025.40265366247,66448.7821107086,9578.29979144511,8428.291709703642,optimal,0.06220110300273518
2025-12-13,M1_M6,causal_load_main,linear_anchor_main,anchor_final_main,True,1200.0,A_q2_aligned,2025-12-13__M1_M6__causal_load_main__linear_anchor_main__anchor_final_main__48h__ye1200,12:00,72,973.7448997167521,True,1290.3066890069547,0.0,1290.3066890069547,63936.61671665673,62962.87181693998,6797.311512911438,8428.291709703642,optimal,0.05197559099906357
2025-12-13,M1_M6,causal_load_main,linear_anchor_main,anchor_final_main,True,1200.0,A_q2_aligned,2025-12-13__M1_M6__causal_load_main__linear_anchor_main__anchor_final_main__48h__ye1200,18:00,108,0.0,False,0.0,0.0,0.0,60130.1400568867,60130.1400568867,9887.981291075079,8468.30807008198,optimal,0.04370941700108233
2025-12-13,M1_M6,causal_load_main,linear_anchor_main,anchor_final_main,True,6000.0,B_energy_neutral,2025-12-13__M1_M6__causal_load_main__linear_anchor_main__anchor_final_main__48h__ye6000,00:00,0,,True,41619.05756375214,41619.05756375214,0.0,,72737.06924359057,8210.194009617346,8428.291709703642,optimal,0.04688909600008628
2025-12-13,M1_M6,causal_load_main,linear_anchor_main,anchor_final_main,True,6000.0,B_energy_neutral,2025-12-13__M1_M6__causal_load_main__linear_anchor_main__anchor_final_main__48h__ye6000,06:00,36,3576.6205429538677,True,1534.231453911709,1396.4976332608082,137.7338206509006,70025.40265366247,66448.7821107086,9578.29979144511,8428.291709703642,optimal,0.061545474996819394
2025-12-13,M1_M6,causal_load_main,linear_anchor_main,anchor_final_main,True,6000.0,B_energy_neutral,2025-12-13__M1_M6__causal_load_main__linear_anchor_main__anchor_final_main__48h__ye6000,12:00,72,973.7448997167521,True,1290.3066890069547,0.0,1290.3066890069547,63936.61671665673,62962.87181693998,6797.311512911438,8428.291709703642,optimal,0.051884920001612045
2025-12-13,M1_M6,causal_load_main,linear_anchor_main,anchor_final_main,True,6000.0,B_energy_neutral,2025-12-13__M1_M6__causal_load_main__linear_anchor_main__anchor_final_main__48h__ye6000,18:00,108,0.0,False,0.0,0.0,0.0,60130.1400568867,60130.1400568867,9887.981291075079,8468.30807008198,optimal,0.04366469600063283
2025-12-13,M6_only,causal_load_main,linear_anchor_main,anchor_final_main,True,1200.0,A_q2_aligned,2025-12-13__M6_only__causal_load_main__linear_anchor_main__anchor_final_main__48h__ye1200,00:00,0,,True,41619.05756371989,41619.05756371989,0.0,,72737.0692435768,8210.194009647932,8428.291709703642,optimal,0.046619628999906126
2025-12-13,M6_only,causal_load_main,linear_anchor_main,anchor_final_main,True,1200.0,A_q2_aligned,2025-12-13__M6_only__causal_load_main__linear_anchor_main__anchor_final_main__48h__ye1200,06:00,36,3576.6205429538677,True,1534.231453911709,1396.4976332608082,137.7338206509006,70025.40265366247,66448.7821107086,9578.29979144511,8428.291709703642,optimal,0.061388539004838094
2025-12-13,M6_only,causal_load_main,linear_anchor_main,anchor_final_main,True,6000.0,B_energy_neutral,2025-12-13__M6_only__causal_load_main__linear_anchor_main__anchor_final_main__48h__ye6000,00:00,0,,True,41619.05756371989,41619.05756371989,0.0,,72737.0692435768,8210.194009647932,8428.291709703642,optimal,0.046125836997816805
2025-12-13,M6_only,causal_load_main,linear_anchor_main,anchor_final_main,True,6000.0,B_energy_neutral,2025-12-13__M6_only__causal_load_main__linear_anchor_main__anchor_final_main__48h__ye6000,06:00,36,3576.6205429538677,True,1534.231453911709,1396.4976332608082,137.7338206509006,70025.40265366247,66448.7821107086,9578.29979144511,8428.291709703642,optimal,0.06104775899802917
2025-12-13,M12_only,causal_load_main,linear_anchor_main,anchor_final_main,True,1200.0,A_q2_aligned,2025-12-13__M12_only__causal_load_main__linear_anchor_main__anchor_final_main__48h__ye1200,00:00,0,,True,41619.05756347753,41619.05756347753,0.0,,72737.06924347482,8210.194009874567,8428.291709700356,optimal,0.04543808499875013
2025-12-13,M12_only,causal_load_main,linear_anchor_main,anchor_final_main,True,1200.0,A_q2_aligned,2025-12-13__M12_only__causal_load_main__linear_anchor_main__anchor_final_main__48h__ye1200,12:00,72,3746.5527132290736,True,1640.6693275871853,1629.0733442538522,11.595983333333152,67767.69092585512,64021.13821262604,5356.123309946783,8428.291709700356,optimal,0.05205953599943314
2025-12-13,M12_only,causal_load_main,linear_anchor_main,anchor_final_main,True,6000.0,B_energy_neutral,2025-12-13__M12_only__causal_load_main__linear_anchor_main__anchor_final_main__48h__ye6000,00:00,0,,True,41619.05756347753,41619.05756347753,0.0,,72737.06924347482,8210.194009874567,8428.291709700356,optimal,0.04565955200087046
2025-12-13,M12_only,causal_load_main,linear_anchor_main,anchor_final_main,True,6000.0,B_energy_neutral,2025-12-13__M12_only__causal_load_main__linear_anchor_main__anchor_final_main__48h__ye6000,12:00,72,3746.5527132290736,True,1640.6693275871853,1629.0733442538522,11.595983333333152,67767.69092585512,64021.13821262604,5356.123309946783,8428.291709700356,optimal,0.05164056400099071
2025-12-13,M18_only,causal_load_main,linear_anchor_main,anchor_final_main,True,1200.0,A_q2_aligned,2025-12-13__M18_only__causal_load_main__linear_anchor_main__anchor_final_main__48h__ye1200,00:00,0,,True,41619.05756375214,41619.05756375214,0.0,,72737.06924359057,8210.194009617346,8428.291709703642,optimal,0.04572681200079387
2025-12-13,M18_only,causal_load_main,linear_anchor_main,anchor_final_main,True,1200.0,A_q2_aligned,2025-12-13__M18_only__causal_load_main__linear_anchor_main__anchor_final_main__48h__ye1200,18:00,108,0.0,False,0.0,0.0,0.0,60130.1400568867,60130.1400568867,9887.981291075079,8468.30807008198,optimal,0.04394143000172335
2025-12-13,M18_only,causal_load_main,linear_anchor_main,anchor_final_main,True,6000.0,B_energy_neutral,2025-12-13__M18_only__causal_load_main__linear_anchor_main__anchor_final_main__48h__ye6000,00:00,0,,True,41619.05756375214,41619.05756375214,0.0,,72737.06924359057,8210.194009617346,8428.291709703642,optimal,0.0455523960008577
2025-12-13,M18_only,causal_load_main,linear_anchor_main,anchor_final_main,True,6000.0,B_energy_neutral,2025-12-13__M18_only__causal_load_main__linear_anchor_main__anchor_final_main__48h__ye6000,18:00,108,0.0,False,0.0,0.0,0.0,60130.1400568867,60130.1400568867,9887.981291075079,8468.30807008198,optimal,0.04396251100115478
2025-12-14,M0,causal_load_main,linear_anchor_main,anchor_final_main,True,1200.0,A_q2_aligned,2025-12-14__M0__causal_load_main__linear_anchor_main__anchor_final_main__48h__ye1200,00:00,0,,True,82940.69897019847,82940.69897019847,0.0,,103515.48493030394,8360.735950860555,8428.291709689673,optimal,0.04598536299818079
2025-12-14,M0,causal_load_main,linear_anchor_main,anchor_final_main,True,6000.0,B_energy_neutral,2025-12-14__M0__causal_load_main__linear_anchor_main__anchor_final_main__48h__ye6000,00:00,0,,True,82940.69897019847,82940.69897019847,0.0,,103515.48493030394,8360.735950860555,8428.291709689673,optimal,0.04581839200182003
2025-12-14,M1_M6,causal_load_main,linear_anchor_main,anchor_final_main,True,1200.0,A_q2_aligned,2025-12-14__M1_M6__causal_load_main__linear_anchor_main__anchor_final_main__48h__ye1200,00:00,0,,True,82940.69897019847,82940.69897019847,0.0,,103515.48493030394,8360.735950860555,8428.291709689673,optimal,0.046089759998722
2025-12-14,M1_M6,causal_load_main,linear_anchor_main,anchor_final_main,True,1200.0,A_q2_aligned,2025-12-14__M1_M6__causal_load_main__linear_anchor_main__anchor_final_main__48h__ye1200,06:00,36,9128.482278922631,True,3960.424609461434,3960.424609461434,0.0,106179.7119085491,97051.22962962647,9921.589538842116,8428.291709689673,optimal,0.06047546599802445
2025-12-14,M1_M6,causal_load_main,linear_anchor_main,anchor_final_main,True,1200.0,A_q2_aligned,2025-12-14__M1_M6__causal_load_main__linear_anchor_main__anchor_final_main__48h__ye1200,12:00,72,865.6160304053337,True,344.677846299692,318.79682407586165,25.88102222383039,89323.76889067845,88458.15286027311,6733.985905294661,8428.291709689673,optimal,0.05164615699686692
2025-12-14,M1_M6,causal_load_main,linear_anchor_main,anchor_final_main,True,1200.0,A_q2_aligned,2025-12-14__M1_M6__causal_load_main__linear_anchor_main__anchor_final_main__48h__ye1200,18:00,108,0.0,False,0.0,0.0,0.0,65443.8323284108,65443.8323284108,10800.0,8428.291709467436,optimal,0.04379478399641812
2025-12-14,M1_M6,causal_load_main,linear_anchor_main,anchor_final_main,True,6000.0,B_energy_neutral,2025-12-14__M1_M6__causal_load_main__linear_anchor_main__anchor_final_main__48h__ye6000,00:00,0,,True,82940.69897019847,82940.69897019847,0.0,,103515.48493030394,8360.735950860555,8428.291709689673,optimal,0.04585804700036533
2025-12-14,M1_M6,causal_load_main,linear_anchor_main,anchor_final_main,True,6000.0,B_energy_neutral,2025-12-14__M1_M6__causal_load_main__linear_anchor_main__anchor_final_main__48h__ye6000,06:00,36,9128.482278922631,True,3960.424609461434,3960.424609461434,0.0,106179.7119085491,97051.22962962647,9921.589538842116,8428.291709689673,optimal,0.06053931799760903
2025-12-14,M1_M6,causal_load_main,linear_anchor_main,anchor_final_main,True,6000.0,B_energy_neutral,2025-12-14__M1_M6__causal_load_main__linear_anchor_main__anchor_final_main__48h__ye6000,12:00,72,865.6160304053337,True,344.677846299692,318.79682407586165,25.88102222383039,89323.76889067845,88458.15286027311,6733.985905294661,8428.291709689673,optimal,0.05178883799817413
2025-12-14,M1_M6,causal_load_main,linear_anchor_main,anchor_final_main,True,6000.0,B_energy_neutral,2025-12-14__M1_M6__causal_load_main__linear_anchor_main__anchor_final_main__48h__ye6000,18:00,108,0.0,False,0.0,0.0,0.0,65443.8323284108,65443.8323284108,10800.0,8428.291709467436,optimal,0.043615870003122836
2025-12-14,M6_only,causal_load_main,linear_anchor_main,anchor_final_main,True,1200.0,A_q2_aligned,2025-12-14__M6_only__causal_load_main__linear_anchor_main__anchor_final_main__48h__ye1200,00:00,0,,True,82940.69897019847,82940.69897019847,0.0,,103515.48493030394,8360.735950860555,8428.291709689673,optimal,0.04571831499924883
2025-12-14,M6_only,causal_load_main,linear_anchor_main,anchor_final_main,True,1200.0,A_q2_aligned,2025-12-14__M6_only__causal_load_main__linear_anchor_main__anchor_final_main__48h__ye1200,06:00,36,9128.482278922631,True,3960.424609461434,3960.424609461434,0.0,106179.7119085491,97051.22962962647,9921.589538842116,8428.291709689673,optimal,0.06058942900199327
2025-12-14,M6_only,causal_load_main,linear_anchor_main,anchor_final_main,True,6000.0,B_energy_neutral,2025-12-14__M6_only__causal_load_main__linear_anchor_main__anchor_final_main__48h__ye6000,00:00,0,,True,82940.69897019847,82940.69897019847,0.0,,103515.48493030394,8360.735950860555,8428.291709689673,optimal,0.045948945997224655
2025-12-14,M6_only,causal_load_main,linear_anchor_main,anchor_final_main,True,6000.0,B_energy_neutral,2025-12-14__M6_only__causal_load_main__linear_anchor_main__anchor_final_main__48h__ye6000,06:00,36,9128.482278922631,True,3960.424609461434,3960.424609461434,0.0,106179.7119085491,97051.22962962647,9921.589538842116,8428.291709689673,optimal,0.060418549001042265
2025-12-14,M12_only,causal_load_main,linear_anchor_main,anchor_final_main,True,1200.0,A_q2_aligned,2025-12-14__M12_only__causal_load_main__linear_anchor_main__anchor_final_main__48h__ye1200,00:00,0,,True,82940.6989701985,82940.6989701985,0.0,,103515.48493030544,8360.73595085724,8428.291709686386,optimal,0.04598075999820139
2025-12-14,M12_only,causal_load_main,linear_anchor_main,anchor_final_main,True,1200.0,A_q2_aligned,2025-12-14__M12_only__causal_load_main__linear_anchor_main__anchor_final_main__48h__ye1200,12:00,72,5502.972762871257,True,2324.835494646399,2324.835494646399,0.0,93961.1256231444,88458.15286027314,6733.985905294663,8428.291709686386,optimal,0.05155290700349724
2025-12-14,M12_only,causal_load_main,linear_anchor_main,anchor_final_main,True,6000.0,B_energy_neutral,2025-12-14__M12_only__causal_load_main__linear_anchor_main__anchor_final_main__48h__ye6000,00:00,0,,True,82940.6989701985,82940.6989701985,0.0,,103515.48493030544,8360.73595085724,8428.291709686386,optimal,0.0458375710004475
2025-12-14,M12_only,causal_load_main,linear_anchor_main,anchor_final_main,True,6000.0,B_energy_neutral,2025-12-14__M12_only__causal_load_main__linear_anchor_main__anchor_final_main__48h__ye6000,12:00,72,5502.972762871257,True,2324.835494646399,2324.835494646399,0.0,93961.1256231444,88458.15286027314,6733.985905294663,8428.291709686386,optimal,0.05174481099675177
2025-12-14,M18_only,causal_load_main,linear_anchor_main,anchor_final_main,True,1200.0,A_q2_aligned,2025-12-14__M18_only__causal_load_main__linear_anchor_main__anchor_final_main__48h__ye1200,00:00,0,,True,82940.69897019847,82940.69897019847,0.0,,103515.48493030394,8360.735950860555,8428.291709689673,optimal,0.04569334500047262
2025-12-14,M18_only,causal_load_main,linear_anchor_main,anchor_final_main,True,1200.0,A_q2_aligned,2025-12-14__M18_only__causal_load_main__linear_anchor_main__anchor_final_main__48h__ye1200,18:00,108,0.0,False,0.0,0.0,0.0,65443.8323284108,65443.8323284108,10800.0,8428.291709467436,optimal,0.04331894400093006
2025-12-14,M18_only,causal_load_main,linear_anchor_main,anchor_final_main,True,6000.0,B_energy_neutral,2025-12-14__M18_only__causal_load_main__linear_anchor_main__anchor_final_main__48h__ye6000,00:00,0,,True,82940.69897019847,82940.69897019847,0.0,,103515.48493030394,8360.735950860555,8428.291709689673,optimal,0.04592047500045737
2025-12-14,M18_only,causal_load_main,linear_anchor_main,anchor_final_main,True,6000.0,B_energy_neutral,2025-12-14__M18_only__causal_load_main__linear_anchor_main__anchor_final_main__48h__ye6000,18:00,108,0.0,False,0.0,0.0,0.0,65443.8323284108,65443.8323284108,10800.0,8428.291709467436,optimal,0.04337642699829303
2025-12-15,M0,causal_load_main,linear_anchor_main,anchor_final_main,True,1200.0,A_q2_aligned,2025-12-15__M0__causal_load_main__linear_anchor_main__anchor_final_main__48h__ye1200,00:00,0,,True,84318.55152026139,84318.55152026139,0.0,,103943.99068668677,8351.075305457876,8428.291709722747,optimal,0.045306343999982346
2025-12-15,M0,causal_load_main,linear_anchor_main,anchor_final_main,True,6000.0,B_energy_neutral,2025-12-15__M0__causal_load_main__linear_anchor_main__anchor_final_main__48h__ye6000,00:00,0,,True,84318.55152026139,84318.55152026139,0.0,,103943.99068668677,8351.075305457876,8428.291709722747,optimal,0.04569200100013404
2025-12-15,M1_M6,causal_load_main,linear_anchor_main,anchor_final_main,True,1200.0,A_q2_aligned,2025-12-15__M1_M6__causal_load_main__linear_anchor_main__anchor_final_main__48h__ye1200,00:00,0,,True,84318.55152026139,84318.55152026139,0.0,,103943.99068668677,8351.075305457876,8428.291709722747,optimal,0.046022366997931385
2025-12-15,M1_M6,causal_load_main,linear_anchor_main,anchor_final_main,True,1200.0,A_q2_aligned,2025-12-15__M1_M6__causal_load_main__linear_anchor_main__anchor_final_main__48h__ye1200,06:00,36,13035.187599012585,True,5575.190723552247,5575.190723552247,0.0,111916.49092409866,98881.30332508608,9921.589538842118,8428.291709722747,optimal,0.11360788099773345
2025-12-15,M1_M6,causal_load_main,linear_anchor_main,anchor_final_main,True,1200.0,A_q2_aligned,2025-12-15__M1_M6__causal_load_main__linear_anchor_main__anchor_final_main__48h__ye1200,12:00,72,641.2200099146721,True,635.6107462959095,99.78974444444486,535.8210018514646,87054.20288514488,86412.98287523021,6733.985905294663,8428.291709722747,optimal,0.05217502300001797
2025-12-15,M1_M6,causal_load_main,linear_anchor_main,anchor_final_main,True,1200.0,A_q2_aligned,2025-12-15__M1_M6__causal_load_main__linear_anchor_main__anchor_final_main__48h__ye1200,18:00,108,0.0,False,0.0,0.0,0.0,66741.8018581137,66741.8018581137,10800.0,8428.291709500534,optimal,0.0434223660013231
2025-12-15,M1_M6,causal_load_main,linear_anchor_main,anchor_final_main,True,6000.0,B_energy_neutral,2025-12-15__M1_M6__causal_load_main__linear_anchor_main__anchor_final_main__48h__ye6000,00:00,0,,True,84318.55152026139,84318.55152026139,0.0,,103943.99068668677,8351.075305457876,8428.291709722747,optimal,0.045689622002100805
2025-12-15,M1_M6,causal_load_main,linear_anchor_main,anchor_final_main,True,6000.0,B_energy_neutral,2025-12-15__M1_M6__causal_load_main__linear_anchor_main__anchor_final_main__48h__ye6000,06:00,36,13035.187599012585,True,5575.190723552247,5575.190723552247,0.0,111916.49092409866,98881.30332508608,9921.589538842118,8428.291709722747,optimal,0.060894905000168364
2025-12-15,M1_M6,causal_load_main,linear_anchor_main,anchor_final_main,True,6000.0,B_energy_neutral,2025-12-15__M1_M6__causal_load_main__linear_anchor_main__anchor_final_main__48h__ye6000,12:00,72,641.2200099146721,True,635.6107462959095,99.78974444444486,535.8210018514646,87054.20288514488,86412.98287523021,6733.985905294663,8428.291709722747,optimal,0.05217868099862244
2025-12-15,M1_M6,causal_load_main,linear_anchor_main,anchor_final_main,True,6000.0,B_energy_neutral,2025-12-15__M1_M6__causal_load_main__linear_anchor_main__anchor_final_main__48h__ye6000,18:00,108,0.0,False,0.0,0.0,0.0,66741.8018581137,66741.8018581137,10800.0,8428.291709500534,optimal,0.04357758599871886
2025-12-15,M6_only,causal_load_main,linear_anchor_main,anchor_final_main,True,1200.0,A_q2_aligned,2025-12-15__M6_only__causal_load_main__linear_anchor_main__anchor_final_main__48h__ye1200,00:00,0,,True,84318.55152026139,84318.55152026139,0.0,,103943.99068668677,8351.075305457876,8428.291709722747,optimal,0.04573228400113294
2025-12-15,M6_only,causal_load_main,linear_anchor_main,anchor_final_main,True,1200.0,A_q2_aligned,2025-12-15__M6_only__causal_load_main__linear_anchor_main__anchor_final_main__48h__ye1200,06:00,36,13035.187599012585,True,5575.190723552247,5575.190723552247,0.0,111916.49092409866,98881.30332508608,9921.589538842118,8428.291709722747,optimal,0.06093178899755003
2025-12-15,M6_only,causal_load_main,linear_anchor_main,anchor_final_main,True,6000.0,B_energy_neutral,2025-12-15__M6_only__causal_load_main__linear_anchor_main__anchor_final_main__48h__ye6000,00:00,0,,True,84318.55152026139,84318.55152026139,0.0,,103943.99068668677,8351.075305457876,8428.291709722747,optimal,0.04606733499895199
2025-12-15,M6_only,causal_load_main,linear_anchor_main,anchor_final_main,True,6000.0,B_energy_neutral,2025-12-15__M6_only__causal_load_main__linear_anchor_main__anchor_final_main__48h__ye6000,06:00,36,13035.187599012585,True,5575.190723552247,5575.190723552247,0.0,111916.49092409866,98881.30332508608,9921.589538842118,8428.291709722747,optimal,0.060834595999040175
2025-12-15,M12_only,causal_load_main,linear_anchor_main,anchor_final_main,True,1200.0,A_q2_aligned,2025-12-15__M12_only__causal_load_main__linear_anchor_main__anchor_final_main__48h__ye1200,00:00,0,,True,84318.55152026491,84318.55152026491,0.0,,103943.99068668828,8351.07530545453,8428.291709722747,optimal,0.04609550399982254
2025-12-15,M12_only,causal_load_main,linear_anchor_main,anchor_final_main,True,1200.0,A_q2_aligned,2025-12-15__M12_only__causal_load_main__linear_anchor_main__anchor_final_main__48h__ye1200,12:00,72,4423.530372986817,True,1967.938030960045,1967.938030960045,0.0,90836.51324821703,86412.98287523021,6733.985905294663,8428.291709722747,optimal,0.051645237999764504
2025-12-15,M12_only,causal_load_main,linear_anchor_main,anchor_final_main,True,6000.0,B_energy_neutral,2025-12-15__M12_only__causal_load_main__linear_anchor_main__anchor_final_main__48h__ye6000,00:00,0,,True,84318.55152026491,84318.55152026491,0.0,,103943.99068668828,8351.07530545453,8428.291709722747,optimal,0.09969069799990393
2025-12-15,M12_only,causal_load_main,linear_anchor_main,anchor_final_main,True,6000.0,B_energy_neutral,2025-12-15__M12_only__causal_load_main__linear_anchor_main__anchor_final_main__48h__ye6000,12:00,72,4423.530372986817,True,1967.938030960045,1967.938030960045,0.0,90836.51324821703,86412.98287523021,6733.985905294663,8428.291709722747,optimal,0.051858252998499665
2025-12-15,M18_only,causal_load_main,linear_anchor_main,anchor_final_main,True,1200.0,A_q2_aligned,2025-12-15__M18_only__causal_load_main__linear_anchor_main__anchor_final_main__48h__ye1200,00:00,0,,True,84318.55152026139,84318.55152026139,0.0,,103943.99068668677,8351.075305457876,8428.291709722747,optimal,0.04572000400003162
2025-12-15,M18_only,causal_load_main,linear_anchor_main,anchor_final_main,True,1200.0,A_q2_aligned,2025-12-15__M18_only__causal_load_main__linear_anchor_main__anchor_final_main__48h__ye1200,18:00,108,0.0,False,0.0,0.0,0.0,66741.8018581137,66741.8018581137,10800.0,8428.291709500534,optimal,0.04375042199899326
2025-12-15,M18_only,causal_load_main,linear_anchor_main,anchor_final_main,True,6000.0,B_energy_neutral,2025-12-15__M18_only__causal_load_main__linear_anchor_main__anchor_final_main__48h__ye6000,00:00,0,,True,84318.55152026139,84318.55152026139,0.0,,103943.99068668677,8351.075305457876,8428.291709722747,optimal,0.045771531000355026
2025-12-15,M18_only,causal_load_main,linear_anchor_main,anchor_final_main,True,6000.0,B_energy_neutral,2025-12-15__M18_only__causal_load_main__linear_anchor_main__anchor_final_main__48h__ye6000,18:00,108,0.0,False,0.0,0.0,0.0,66741.8018581137,66741.8018581137,10800.0,8428.291709500534,optimal,0.043692257000657264
2025-12-16,M0,causal_load_main,linear_anchor_main,anchor_final_main,True,1200.0,A_q2_aligned,2025-12-16__M0__causal_load_main__linear_anchor_main__anchor_final_main__48h__ye1200,00:00,0,,True,89485.0577452262,89485.0577452262,0.0,,107684.00757633756,8389.968706627229,8428.29170966009,optimal,0.04544117700061179
2025-12-16,M0,causal_load_main,linear_anchor_main,anchor_final_main,True,6000.0,B_energy_neutral,2025-12-16__M0__causal_load_main__linear_anchor_main__anchor_final_main__48h__ye6000,00:00,0,,True,89485.0577452262,89485.0577452262,0.0,,107684.00757633756,8389.968706627229,8428.29170966009,optimal,0.045666070000152104
2025-12-16,M1_M6,causal_load_main,linear_anchor_main,anchor_final_main,True,1200.0,A_q2_aligned,2025-12-16__M1_M6__causal_load_main__linear_anchor_main__anchor_final_main__48h__ye1200,00:00,0,,True,89485.0577452262,89485.0577452262,0.0,,107684.00757633756,8389.968706627229,8428.29170966009,optimal,0.04593572699741344
2025-12-16,M1_M6,causal_load_main,linear_anchor_main,anchor_final_main,True,1200.0,A_q2_aligned,2025-12-16__M1_M6__causal_load_main__linear_anchor_main__anchor_final_main__48h__ye1200,06:00,36,518.1578374169767,True,959.7406425839565,56.7444749999994,902.9961675839571,97335.71867574035,96817.56083832338,9921.589538842118,8428.29170966009,optimal,0.05931562800105894
2025-12-16,M1_M6,causal_load_main,linear_anchor_main,anchor_final_main,True,1200.0,A_q2_aligned,2025-12-16__M1_M6__causal_load_main__linear_anchor_main__anchor_final_main__48h__ye1200,12:00,72,1068.800380602901,True,509.0278800872827,418.11164258395684,90.91623750332587,89520.29206673295,88451.49168613004,6375.114390217275,8428.291709217734,optimal,0.05130075499982922
2025-12-16,M1_M6,causal_load_main,linear_anchor_main,anchor_final_main,True,1200.0,A_q2_aligned,2025-12-16__M1_M6__causal_load_main__linear_anchor_main__anchor_final_main__48h__ye1200,18:00,108,1.0002986527979374e-07,False,0.0,0.0,0.0,68819.6831451621,68819.68314506207,10800.0,8428.291708995494,optimal,0.04400407700086362
2025-12-16,M1_M6,causal_load_main,linear_anchor_main,anchor_final_main,True,6000.0,B_energy_neutral,2025-12-16__M1_M6__causal_load_main__linear_anchor_main__anchor_final_main__48h__ye6000,00:00,0,,True,89485.0577452262,89485.0577452262,0.0,,107684.00757633756,8389.968706627229,8428.29170966009,optimal,0.045720745001744945
2025-12-16,M1_M6,causal_load_main,linear_anchor_main,anchor_final_main,True,6000.0,B_energy_neutral,2025-12-16__M1_M6__causal_load_main__linear_anchor_main__anchor_final_main__48h__ye6000,06:00,36,518.1578374169767,True,959.7406425839565,56.7444749999994,902.9961675839571,97335.71867574035,96817.56083832338,9921.589538842118,8428.29170966009,optimal,0.05923036799867987
2025-12-16,M1_M6,causal_load_main,linear_anchor_main,anchor_final_main,True,6000.0,B_energy_neutral,2025-12-16__M1_M6__causal_load_main__linear_anchor_main__anchor_final_main__48h__ye6000,12:00,72,1068.800380602901,True,509.0278800872827,418.11164258395684,90.91623750332587,89520.29206673295,88451.49168613004,6375.114390217275,8428.291709217734,optimal,0.050866062003478874
2025-12-16,M1_M6,causal_load_main,linear_anchor_main,anchor_final_main,True,6000.0,B_energy_neutral,2025-12-16__M1_M6__causal_load_main__linear_anchor_main__anchor_final_main__48h__ye6000,18:00,108,1.0002986527979374e-07,False,0.0,0.0,0.0,68819.6831451621,68819.68314506207,10800.0,8428.291708995494,optimal,0.04349350199845503
2025-12-16,M6_only,causal_load_main,linear_anchor_main,anchor_final_main,True,1200.0,A_q2_aligned,2025-12-16__M6_only__causal_load_main__linear_anchor_main__anchor_final_main__48h__ye1200,00:00,0,,True,89485.0577452262,89485.0577452262,0.0,,107684.00757633756,8389.968706627229,8428.29170966009,optimal,0.04567177900025854
2025-12-16,M6_only,causal_load_main,linear_anchor_main,anchor_final_main,True,1200.0,A_q2_aligned,2025-12-16__M6_only__causal_load_main__linear_anchor_main__anchor_final_main__48h__ye1200,06:00,36,518.1578374169767,True,959.7406425839565,56.7444749999994,902.9961675839571,97335.71867574035,96817.56083832338,9921.589538842118,8428.29170966009,optimal,0.05913052899632021
2025-12-16,M6_only,causal_load_main,linear_anchor_main,anchor_final_main,True,6000.0,B_energy_neutral,2025-12-16__M6_only__causal_load_main__linear_anchor_main__anchor_final_main__48h__ye6000,00:00,0,,True,89485.0577452262,89485.0577452262,0.0,,107684.00757633756,8389.968706627229,8428.29170966009,optimal,0.045763748999888776
2025-12-16,M6_only,causal_load_main,linear_anchor_main,anchor_final_main,True,6000.0,B_energy_neutral,2025-12-16__M6_only__causal_load_main__linear_anchor_main__anchor_final_main__48h__ye6000,06:00,36,518.1578374169767,True,959.7406425839565,56.7444749999994,902.9961675839571,97335.71867574035,96817.56083832338,9921.589538842118,8428.29170966009,optimal,0.05922955100322724
2025-12-16,M12_only,causal_load_main,linear_anchor_main,anchor_final_main,True,1200.0,A_q2_aligned,2025-12-16__M12_only__causal_load_main__linear_anchor_main__anchor_final_main__48h__ye1200,00:00,0,,True,89485.0577452262,89485.0577452262,0.0,,107684.00757633756,8389.968706627229,8428.29170966009,optimal,0.04561838500012527
2025-12-16,M12_only,causal_load_main,linear_anchor_main,anchor_final_main,True,1200.0,A_q2_aligned,2025-12-16__M12_only__causal_load_main__linear_anchor_main__anchor_final_main__48h__ye1200,12:00,72,341.4304685860552,True,904.4724935127481,0.0,904.4724935127481,88650.07007802083,88308.63960943477,6733.985905294663,8428.29170966009,optimal,0.0513343230013561
2025-12-16,M12_only,causal_load_main,linear_anchor_main,anchor_final_main,True,6000.0,B_energy_neutral,2025-12-16__M12_only__causal_load_main__linear_anchor_main__anchor_final_main__48h__ye6000,00:00,0,,True,89485.0577452262,89485.0577452262,0.0,,107684.00757633756,8389.968706627229,8428.29170966009,optimal,0.0456669029990735
2025-12-16,M12_only,causal_load_main,linear_anchor_main,anchor_final_main,True,6000.0,B_energy_neutral,2025-12-16__M12_only__causal_load_main__linear_anchor_main__anchor_final_main__48h__ye6000,12:00,72,341.4304685860552,True,904.4724935127481,0.0,904.4724935127481,88650.07007802083,88308.63960943477,6733.985905294663,8428.29170966009,optimal,0.051125392001267755
2025-12-16,M18_only,causal_load_main,linear_anchor_main,anchor_final_main,True,1200.0,A_q2_aligned,2025-12-16__M18_only__causal_load_main__linear_anchor_main__anchor_final_main__48h__ye1200,00:00,0,,True,89485.0577452262,89485.0577452262,0.0,,107684.00757633756,8389.968706627229,8428.29170966009,optimal,0.04563368399976753
2025-12-16,M18_only,causal_load_main,linear_anchor_main,anchor_final_main,True,1200.0,A_q2_aligned,2025-12-16__M18_only__causal_load_main__linear_anchor_main__anchor_final_main__48h__ye1200,18:00,108,0.0,False,0.0,0.0,0.0,68819.68314506207,68819.68314506207,10800.0,8428.291709437879,optimal,0.04375317499943776
2025-12-16,M18_only,causal_load_main,linear_anchor_main,anchor_final_main,True,6000.0,B_energy_neutral,2025-12-16__M18_only__causal_load_main__linear_anchor_main__anchor_final_main__48h__ye6000,00:00,0,,True,89485.0577452262,89485.0577452262,0.0,,107684.00757633756,8389.968706627229,8428.29170966009,optimal,0.04980403599984129
2025-12-16,M18_only,causal_load_main,linear_anchor_main,anchor_final_main,True,6000.0,B_energy_neutral,2025-12-16__M18_only__causal_load_main__linear_anchor_main__anchor_final_main__48h__ye6000,18:00,108,0.0,False,0.0,0.0,0.0,68819.68314506207,68819.68314506207,10800.0,8428.291709437879,optimal,0.04384477900021011
2025-12-17,M0,causal_load_main,linear_anchor_main,anchor_final_main,True,1200.0,A_q2_aligned,2025-12-17__M0__causal_load_main__linear_anchor_main__anchor_final_main__48h__ye1200,00:00,0,,True,90195.11013002245,90195.11013002245,0.0,,108261.79074475767,8262.592748231942,8428.291709714942,optimal,0.04521911600022577
2025-12-17,M0,causal_load_main,linear_anchor_main,anchor_final_main,True,6000.0,B_energy_neutral,2025-12-17__M0__causal_load_main__linear_anchor_main__anchor_final_main__48h__ye6000,00:00,0,,True,90195.11013002245,90195.11013002245,0.0,,108261.79074475767,8262.592748231942,8428.291709714942,optimal,0.046055923998210346
2025-12-17,M1_M6,causal_load_main,linear_anchor_main,anchor_final_main,True,1200.0,A_q2_aligned,2025-12-17__M1_M6__causal_load_main__linear_anchor_main__anchor_final_main__48h__ye1200,00:00,0,,True,90195.11013048876,90195.11013048876,0.0,,108261.79074495673,8262.592747789582,8428.291709714942,optimal,0.04559454999980517
2025-12-17,M1_M6,causal_load_main,linear_anchor_main,anchor_final_main,True,1200.0,A_q2_aligned,2025-12-17__M1_M6__causal_load_main__linear_anchor_main__anchor_final_main__48h__ye1200,06:00,36,1205.9287809280358,True,3348.9206068260555,0.0,3348.9206068260555,97605.59809222094,96399.6693112929,9921.589538842118,8428.291709714942,optimal,0.05932450799809885
2025-12-17,M1_M6,causal_load_main,linear_anchor_main,anchor_final_main,True,1200.0,A_q2_aligned,2025-12-17__M1_M6__causal_load_main__linear_anchor_main__anchor_final_main__48h__ye1200,12:00,72,1307.5353633408376,True,439.56350081064977,396.8566559001307,42.70684491051907,84131.49742621869,82823.96206287785,6733.985905294661,8428.291709272788,optimal,0.05183889199906844
2025-12-17,M1_M6,causal_load_main,linear_anchor_main,anchor_final_main,True,1200.0,A_q2_aligned,2025-12-17__M1_M6__causal_load_main__linear_anchor_main__anchor_final_main__48h__ye1200,18:00,108,9.997165761888027e-08,False,0.0,0.0,0.0,65482.583956065435,65482.58395596546,10800.0,8428.291709050549,optimal,0.04345327900227858
2025-12-17,M1_M6,causal_load_main,linear_anchor_main,anchor_final_main,True,6000.0,B_energy_neutral,2025-12-17__M1_M6__causal_load_main__linear_anchor_main__anchor_final_main__48h__ye6000,00:00,0,,True,90195.11013048876,90195.11013048876,0.0,,108261.79074495673,8262.592747789582,8428.291709714942,optimal,0.045670864998101024
2025-12-17,M1_M6,causal_load_main,linear_anchor_main,anchor_final_main,True,6000.0,B_energy_neutral,2025-12-17__M1_M6__causal_load_main__linear_anchor_main__anchor_final_main__48h__ye6000,06:00,36,1205.9287809280358,True,3348.9206068260555,0.0,3348.9206068260555,97605.59809222094,96399.6693112929,9921.589538842118,8428.291709714942,optimal,0.05915394399926299
2025-12-17,M1_M6,causal_load_main,linear_anchor_main,anchor_final_main,True,6000.0,B_energy_neutral,2025-12-17__M1_M6__causal_load_main__linear_anchor_main__anchor_final_main__48h__ye6000,12:00,72,1307.5353633408376,True,439.56350081064977,396.8566559001307,42.70684491051907,84131.49742621869,82823.96206287785,6733.985905294661,8428.291709272788,optimal,0.05176466600096319
2025-12-17,M1_M6,causal_load_main,linear_anchor_main,anchor_final_main,True,6000.0,B_energy_neutral,2025-12-17__M1_M6__causal_load_main__linear_anchor_main__anchor_final_main__48h__ye6000,18:00,108,9.997165761888027e-08,False,0.0,0.0,0.0,65482.583956065435,65482.58395596546,10800.0,8428.291709050549,optimal,0.04345302800356876
2025-12-17,M6_only,causal_load_main,linear_anchor_main,anchor_final_main,True,1200.0,A_q2_aligned,2025-12-17__M6_only__causal_load_main__linear_anchor_main__anchor_final_main__48h__ye1200,00:00,0,,True,90195.11013002245,90195.11013002245,0.0,,108261.79074475767,8262.592748231942,8428.291709714942,optimal,0.0456999009984429
2025-12-17,M6_only,causal_load_main,linear_anchor_main,anchor_final_main,True,1200.0,A_q2_aligned,2025-12-17__M6_only__causal_load_main__linear_anchor_main__anchor_final_main__48h__ye1200,06:00,36,1205.9287809280358,True,3348.9206068260555,0.0,3348.9206068260555,97605.59809222094,96399.6693112929,9921.589538842118,8428.291709714942,optimal,0.05911409099644516
2025-12-17,M6_only,causal_load_main,linear_anchor_main,anchor_final_main,True,6000.0,B_energy_neutral,2025-12-17__M6_only__causal_load_main__linear_anchor_main__anchor_final_main__48h__ye6000,00:00,0,,True,90195.11013002245,90195.11013002245,0.0,,108261.79074475767,8262.592748231942,8428.291709714942,optimal,0.04578746300103376
2025-12-17,M6_only,causal_load_main,linear_anchor_main,anchor_final_main,True,6000.0,B_energy_neutral,2025-12-17__M6_only__causal_load_main__linear_anchor_main__anchor_final_main__48h__ye6000,06:00,36,1205.9287809280358,True,3348.9206068260555,0.0,3348.9206068260555,97605.59809222094,96399.6693112929,9921.589538842118,8428.291709714942,optimal,0.11603842800104758
2025-12-17,M12_only,causal_load_main,linear_anchor_main,anchor_final_main,True,1200.0,A_q2_aligned,2025-12-17__M12_only__causal_load_main__linear_anchor_main__anchor_final_main__48h__ye1200,00:00,0,,True,90195.11013001896,90195.11013001896,0.0,,108261.79074475766,8262.592748231984,8428.291709711655,optimal,0.04584427999725449
2025-12-17,M12_only,causal_load_main,linear_anchor_main,anchor_final_main,True,1200.0,A_q2_aligned,2025-12-17__M12_only__causal_load_main__linear_anchor_main__anchor_final_main__48h__ye1200,12:00,72,296.3473928493913,True,585.5171273179884,44.44317499999988,541.0739523179885,83120.30945572726,82823.96206287786,6733.985905294661,8428.291709269424,optimal,0.051963341000373475
2025-12-17,M12_only,causal_load_main,linear_anchor_main,anchor_final_main,True,6000.0,B_energy_neutral,2025-12-17__M12_only__causal_load_main__linear_anchor_main__anchor_final_main__48h__ye6000,00:00,0,,True,90195.11013001896,90195.11013001896,0.0,,108261.79074475766,8262.592748231984,8428.291709711655,optimal,0.04593430699969758
2025-12-17,M12_only,causal_load_main,linear_anchor_main,anchor_final_main,True,6000.0,B_energy_neutral,2025-12-17__M12_only__causal_load_main__linear_anchor_main__anchor_final_main__48h__ye6000,12:00,72,296.3473928493913,True,585.5171273179884,44.44317499999988,541.0739523179885,83120.30945572726,82823.96206287786,6733.985905294661,8428.291709269424,optimal,0.051180237998778466
2025-12-17,M18_only,causal_load_main,linear_anchor_main,anchor_final_main,True,1200.0,A_q2_aligned,2025-12-17__M18_only__causal_load_main__linear_anchor_main__anchor_final_main__48h__ye1200,00:00,0,,True,90195.11013002245,90195.11013002245,0.0,,108261.79074475767,8262.592748231942,8428.291709714942,optimal,0.045920548000140116
2025-12-17,M18_only,causal_load_main,linear_anchor_main,anchor_final_main,True,1200.0,A_q2_aligned,2025-12-17__M18_only__causal_load_main__linear_anchor_main__anchor_final_main__48h__ye1200,18:00,108,0.0,False,0.0,0.0,0.0,65482.58395596546,65482.58395596546,10800.0,8428.291709492692,optimal,0.043786243000795366
2025-12-17,M18_only,causal_load_main,linear_anchor_main,anchor_final_main,True,6000.0,B_energy_neutral,2025-12-17__M18_only__causal_load_main__linear_anchor_main__anchor_final_main__48h__ye6000,00:00,0,,True,90195.11013002245,90195.11013002245,0.0,,108261.79074475767,8262.592748231942,8428.291709714942,optimal,0.045622665998962475
2025-12-17,M18_only,causal_load_main,linear_anchor_main,anchor_final_main,True,6000.0,B_energy_neutral,2025-12-17__M18_only__causal_load_main__linear_anchor_main__anchor_final_main__48h__ye6000,18:00,108,0.0,False,0.0,0.0,0.0,65482.58395596546,65482.58395596546,10800.0,8428.291709492692,optimal,0.04333890600173618
2025-12-18,M0,causal_load_main,linear_anchor_main,anchor_final_main,True,1200.0,A_q2_aligned,2025-12-18__M0__causal_load_main__linear_anchor_main__anchor_final_main__48h__ye1200,00:00,0,,True,85425.79587097242,85425.79587097242,0.0,,71573.3755591004,8387.345289934783,8428.29170968803,optimal,0.04549251400021603
2025-12-18,M0,causal_load_main,linear_anchor_main,anchor_final_main,True,6000.0,B_energy_neutral,2025-12-18__M0__causal_load_main__linear_anchor_main__anchor_final_main__48h__ye6000,00:00,0,,True,85425.79587097242,85425.79587097242,0.0,,71573.3755591004,8387.345289934783,8428.29170968803,optimal,0.045772383997245925
2025-12-18,M1_M6,causal_load_main,linear_anchor_main,anchor_final_main,True,1200.0,A_q2_aligned,2025-12-18__M1_M6__causal_load_main__linear_anchor_main__anchor_final_main__48h__ye1200,00:00,0,,True,85425.79587143836,85425.79587143836,0.0,,71573.37555929931,8387.345289492752,8428.29170968803,optimal,0.04633050299889874
2025-12-18,M1_M6,causal_load_main,linear_anchor_main,anchor_final_main,True,1200.0,A_q2_aligned,2025-12-18__M1_M6__causal_load_main__linear_anchor_main__anchor_final_main__48h__ye1200,06:00,36,6269.670554914897,True,2542.4635418684843,2542.4635418684843,0.0,69933.48748423651,63663.81692932161,9921.589538842116,8428.29170968803,optimal,0.060399984002287965
2025-12-18,M1_M6,causal_load_main,linear_anchor_main,anchor_final_main,True,1200.0,A_q2_aligned,2025-12-18__M1_M6__causal_load_main__linear_anchor_main__anchor_final_main__48h__ye1200,12:00,72,1015.8079212741577,True,965.1661416666154,4.964516666666668,960.2016249999488,53081.86112370761,52066.05320243345,6733.985905294667,8428.29170968803,optimal,0.051734715001657605
2025-12-18,M1_M6,causal_load_main,linear_anchor_main,anchor_final_main,True,1200.0,A_q2_aligned,2025-12-18__M1_M6__causal_load_main__linear_anchor_main__anchor_final_main__48h__ye1200,18:00,108,0.0,False,0.0,0.0,0.0,31936.485444556747,31936.485444556747,10800.0,8428.291709465802,optimal,0.04331406400160631
2025-12-18,M1_M6,causal_load_main,linear_anchor_main,anchor_final_main,True,6000.0,B_energy_neutral,2025-12-18__M1_M6__causal_load_main__linear_anchor_main__anchor_final_main__48h__ye6000,00:00,0,,True,85425.79587143836,85425.79587143836,0.0,,71573.37555929931,8387.345289492752,8428.29170968803,optimal,0.04610657800003537
2025-12-18,M1_M6,causal_load_main,linear_anchor_main,anchor_final_main,True,6000.0,B_energy_neutral,2025-12-18__M1_M6__causal_load_main__linear_anchor_main__anchor_final_main__48h__ye6000,06:00,36,6269.670554914897,True,2542.4635418684843,2542.4635418684843,0.0,69933.48748423651,63663.81692932161,9921.589538842116,8428.29170968803,optimal,0.061638129998755176
2025-12-18,M1_M6,causal_load_main,linear_anchor_main,anchor_final_main,True,6000.0,B_energy_neutral,2025-12-18__M1_M6__causal_load_main__linear_anchor_main__anchor_final_main__48h__ye6000,12:00,72,1015.8079212741577,True,965.1661416666154,4.964516666666668,960.2016249999488,53081.86112370761,52066.05320243345,6733.985905294667,8428.29170968803,optimal,0.05171947199414717
2025-12-18,M1_M6,causal_load_main,linear_anchor_main,anchor_final_main,True,6000.0,B_energy_neutral,2025-12-18__M1_M6__causal_load_main__linear_anchor_main__anchor_final_main__48h__ye6000,18:00,108,0.0,False,0.0,0.0,0.0,31936.485444556747,31936.485444556747,10800.0,8428.291709465802,optimal,0.043558270001085475
2025-12-18,M6_only,causal_load_main,linear_anchor_main,anchor_final_main,True,1200.0,A_q2_aligned,2025-12-18__M6_only__causal_load_main__linear_anchor_main__anchor_final_main__48h__ye1200,00:00,0,,True,85425.79587097242,85425.79587097242,0.0,,71573.3755591004,8387.345289934783,8428.29170968803,optimal,0.045791070002451306
2025-12-18,M6_only,causal_load_main,linear_anchor_main,anchor_final_main,True,1200.0,A_q2_aligned,2025-12-18__M6_only__causal_load_main__linear_anchor_main__anchor_final_main__48h__ye1200,06:00,36,6269.670554914897,True,2542.4635418684843,2542.4635418684843,0.0,69933.48748423651,63663.81692932161,9921.589538842116,8428.29170968803,optimal,0.06049984800120001
2025-12-18,M6_only,causal_load_main,linear_anchor_main,anchor_final_main,True,6000.0,B_energy_neutral,2025-12-18__M6_only__causal_load_main__linear_anchor_main__anchor_final_main__48h__ye6000,00:00,0,,True,85425.79587097242,85425.79587097242,0.0,,71573.3755591004,8387.345289934783,8428.29170968803,optimal,0.04607169600058114
2025-12-18,M6_only,causal_load_main,linear_anchor_main,anchor_final_main,True,6000.0,B_energy_neutral,2025-12-18__M6_only__causal_load_main__linear_anchor_main__anchor_final_main__48h__ye6000,06:00,36,6269.670554914897,True,2542.4635418684843,2542.4635418684843,0.0,69933.48748423651,63663.81692932161,9921.589538842116,8428.29170968803,optimal,0.060105307995399926
2025-12-18,M12_only,causal_load_main,linear_anchor_main,anchor_final_main,True,1200.0,A_q2_aligned,2025-12-18__M12_only__causal_load_main__linear_anchor_main__anchor_final_main__48h__ye1200,00:00,0,,True,85425.79587144186,85425.79587144186,0.0,,71573.37555930081,8387.345289489422,8428.29170968803,optimal,0.04608429099971545
2025-12-18,M12_only,causal_load_main,linear_anchor_main,anchor_final_main,True,1200.0,A_q2_aligned,2025-12-18__M12_only__causal_load_main__linear_anchor_main__anchor_final_main__48h__ye1200,12:00,72,2759.127426973253,True,1086.404000201942,1086.404000201942,0.0,54825.18062940671,52066.05320243345,6733.985905294663,8428.29170968803,optimal,0.052076277999731246
2025-12-18,M12_only,causal_load_main,linear_anchor_main,anchor_final_main,True,6000.0,B_energy_neutral,2025-12-18__M12_only__causal_load_main__linear_anchor_main__anchor_final_main__48h__ye6000,00:00,0,,True,85425.79587144186,85425.79587144186,0.0,,71573.37555930081,8387.345289489422,8428.29170968803,optimal,0.0462338239995006
2025-12-18,M12_only,causal_load_main,linear_anchor_main,anchor_final_main,True,6000.0,B_energy_neutral,2025-12-18__M12_only__causal_load_main__linear_anchor_main__anchor_final_main__48h__ye6000,12:00,72,2759.127426973253,True,1086.404000201942,1086.404000201942,0.0,54825.18062940671,52066.05320243345,6733.985905294663,8428.29170968803,optimal,0.05194212900096318
2025-12-18,M18_only,causal_load_main,linear_anchor_main,anchor_final_main,True,1200.0,A_q2_aligned,2025-12-18__M18_only__causal_load_main__linear_anchor_main__anchor_final_main__48h__ye1200,00:00,0,,True,85425.79587097242,85425.79587097242,0.0,,71573.3755591004,8387.345289934783,8428.29170968803,optimal,0.04602464399795281
2025-12-18,M18_only,causal_load_main,linear_anchor_main,anchor_final_main,True,1200.0,A_q2_aligned,2025-12-18__M18_only__causal_load_main__linear_anchor_main__anchor_final_main__48h__ye1200,18:00,108,0.0,False,0.0,0.0,0.0,31936.485444556747,31936.485444556747,10800.0,8428.291709465802,optimal,0.044835083001089515
2025-12-18,M18_only,causal_load_main,linear_anchor_main,anchor_final_main,True,6000.0,B_energy_neutral,2025-12-18__M18_only__causal_load_main__linear_anchor_main__anchor_final_main__48h__ye6000,00:00,0,,True,85425.79587097242,85425.79587097242,0.0,,71573.3755591004,8387.345289934783,8428.29170968803,optimal,0.07460599000114598
2025-12-18,M18_only,causal_load_main,linear_anchor_main,anchor_final_main,True,6000.0,B_energy_neutral,2025-12-18__M18_only__causal_load_main__linear_anchor_main__anchor_final_main__48h__ye6000,18:00,108,0.0,False,0.0,0.0,0.0,31936.485444556747,31936.485444556747,10800.0,8428.291709465802,optimal,0.043440093999379314
2025-12-19,M0,causal_load_main,linear_anchor_main,anchor_final_main,True,1200.0,A_q2_aligned,2025-12-19__M0__causal_load_main__linear_anchor_main__anchor_final_main__48h__ye1200,00:00,0,,True,39386.39763141198,39386.39763141198,0.0,,38298.65978626431,8371.98580491062,8428.291709692137,optimal,0.04580756200084579
2025-12-19,M0,causal_load_main,linear_anchor_main,anchor_final_main,True,6000.0,B_energy_neutral,2025-12-19__M0__causal_load_main__linear_anchor_main__anchor_final_main__48h__ye6000,00:00,0,,True,39386.39763141198,39386.39763141198,0.0,,38298.65978626431,8371.98580491062,8428.291709692137,optimal,0.04566708800120978
2025-12-19,M1_M6,causal_load_main,linear_anchor_main,anchor_final_main,True,1200.0,A_q2_aligned,2025-12-19__M1_M6__causal_load_main__linear_anchor_main__anchor_final_main__48h__ye1200,00:00,0,,True,39386.39763141198,39386.39763141198,0.0,,38298.65978626431,8371.98580491062,8428.291709692137,optimal,0.04571737000151188
2025-12-19,M1_M6,causal_load_main,linear_anchor_main,anchor_final_main,True,1200.0,A_q2_aligned,2025-12-19__M1_M6__causal_load_main__linear_anchor_main__anchor_final_main__48h__ye1200,06:00,36,6043.215615664711,True,3698.310479465431,3698.310479465431,0.0,39250.013632155315,33206.798016490604,9153.285014385341,8428.291709692137,optimal,0.06262053700265824
2025-12-19,M1_M6,causal_load_main,linear_anchor_main,anchor_final_main,True,1200.0,A_q2_aligned,2025-12-19__M1_M6__causal_load_main__linear_anchor_main__anchor_final_main__48h__ye1200,12:00,72,852.2375578585634,True,1125.850187503283,0.0,1125.850187503283,33919.41810365925,33067.180545800686,6158.746564529953,8428.29170924982,optimal,0.052303739001217764
2025-12-19,M1_M6,causal_load_main,linear_anchor_main,anchor_final_main,True,1200.0,A_q2_aligned,2025-12-19__M1_M6__causal_load_main__linear_anchor_main__anchor_final_main__48h__ye1200,18:00,108,11.690515787329787,True,3.383798337825624,3.383798337825624,0.0,27282.373074033243,27270.682558245913,9828.782288023725,8428.291709249846,optimal,0.04378303799967398
2025-12-19,M1_M6,causal_load_main,linear_anchor_main,anchor_final_main,True,6000.0,B_energy_neutral,2025-12-19__M1_M6__causal_load_main__linear_anchor_main__anchor_final_main__48h__ye6000,00:00,0,,True,39386.39763141198,39386.39763141198,0.0,,38298.65978626431,8371.98580491062,8428.291709692137,optimal,0.04547601800004486
2025-12-19,M1_M6,causal_load_main,linear_anchor_main,anchor_final_main,True,6000.0,B_energy_neutral,2025-12-19__M1_M6__causal_load_main__linear_anchor_main__anchor_final_main__48h__ye6000,06:00,36,6043.215615664711,True,3698.310479465431,3698.310479465431,0.0,39250.013632155315,33206.798016490604,9153.285014385341,8428.291709692137,optimal,0.06242990600003395
2025-12-19,M1_M6,causal_load_main,linear_anchor_main,anchor_final_main,True,6000.0,B_energy_neutral,2025-12-19__M1_M6__causal_load_main__linear_anchor_main__anchor_final_main__48h__ye6000,12:00,72,852.2375578585634,True,1125.850187503283,0.0,1125.850187503283,33919.41810365925,33067.180545800686,6158.746564529953,8428.29170924982,optimal,0.05169274999934714
2025-12-19,M1_M6,causal_load_main,linear_anchor_main,anchor_final_main,True,6000.0,B_energy_neutral,2025-12-19__M1_M6__causal_load_main__linear_anchor_main__anchor_final_main__48h__ye6000,18:00,108,11.690515787329787,True,3.383798337825624,3.383798337825624,0.0,27282.373074033243,27270.682558245913,9828.782288023725,8428.291709249846,optimal,0.04361787999732769
2025-12-19,M6_only,causal_load_main,linear_anchor_main,anchor_final_main,True,1200.0,A_q2_aligned,2025-12-19__M6_only__causal_load_main__linear_anchor_main__anchor_final_main__48h__ye1200,00:00,0,,True,39386.39763141198,39386.39763141198,0.0,,38298.65978626431,8371.98580491062,8428.291709692137,optimal,0.046037735999561846
2025-12-19,M6_only,causal_load_main,linear_anchor_main,anchor_final_main,True,1200.0,A_q2_aligned,2025-12-19__M6_only__causal_load_main__linear_anchor_main__anchor_final_main__48h__ye1200,06:00,36,6043.215615664711,True,3698.310479465431,3698.310479465431,0.0,39250.013632155315,33206.798016490604,9153.285014385341,8428.291709692137,optimal,0.06187206400136347
2025-12-19,M6_only,causal_load_main,linear_anchor_main,anchor_final_main,True,6000.0,B_energy_neutral,2025-12-19__M6_only__causal_load_main__linear_anchor_main__anchor_final_main__48h__ye6000,00:00,0,,True,39386.39763141198,39386.39763141198,0.0,,38298.65978626431,8371.98580491062,8428.291709692137,optimal,0.046138644000166096
2025-12-19,M6_only,causal_load_main,linear_anchor_main,anchor_final_main,True,6000.0,B_energy_neutral,2025-12-19__M6_only__causal_load_main__linear_anchor_main__anchor_final_main__48h__ye6000,06:00,36,6043.215615664711,True,3698.310479465431,3698.310479465431,0.0,39250.013632155315,33206.798016490604,9153.285014385341,8428.291709692137,optimal,0.06198622599913506
2025-12-19,M12_only,causal_load_main,linear_anchor_main,anchor_final_main,True,1200.0,A_q2_aligned,2025-12-19__M12_only__causal_load_main__linear_anchor_main__anchor_final_main__48h__ye1200,00:00,0,,True,39386.39763141543,39386.39763141543,0.0,,38298.659786264296,8371.985804910637,8428.291709695424,optimal,0.046133813997585094
2025-12-19,M12_only,causal_load_main,linear_anchor_main,anchor_final_main,True,1200.0,A_q2_aligned,2025-12-19__M12_only__causal_load_main__linear_anchor_main__anchor_final_main__48h__ye1200,12:00,72,4102.784301259257,True,2397.8066760439815,2397.8066760439815,0.0,38238.70878844516,34135.924487185905,4875.050233781278,8428.291709695424,optimal,0.05246208099924843
2025-12-19,M12_only,causal_load_main,linear_anchor_main,anchor_final_main,True,6000.0,B_energy_neutral,2025-12-19__M12_only__causal_load_main__linear_anchor_main__anchor_final_main__48h__ye6000,00:00,0,,True,39386.39763141543,39386.39763141543,0.0,,38298.659786264296,8371.985804910637,8428.291709695424,optimal,0.045715573000052245
2025-12-19,M12_only,causal_load_main,linear_anchor_main,anchor_final_main,True,6000.0,B_energy_neutral,2025-12-19__M12_only__causal_load_main__linear_anchor_main__anchor_final_main__48h__ye6000,12:00,72,4102.784301259257,True,2397.8066760439815,2397.8066760439815,0.0,38238.70878844516,34135.924487185905,4875.050233781278,8428.291709695424,optimal,0.05190245400444837
2025-12-19,M18_only,causal_load_main,linear_anchor_main,anchor_final_main,True,1200.0,A_q2_aligned,2025-12-19__M18_only__causal_load_main__linear_anchor_main__anchor_final_main__48h__ye1200,00:00,0,,True,39386.39763141198,39386.39763141198,0.0,,38298.65978626431,8371.98580491062,8428.291709692137,optimal,0.04594139699838706
2025-12-19,M18_only,causal_load_main,linear_anchor_main,anchor_final_main,True,1200.0,A_q2_aligned,2025-12-19__M18_only__causal_load_main__linear_anchor_main__anchor_final_main__48h__ye1200,18:00,108,0.0,False,0.0,0.0,0.0,27265.421286237048,27265.421286237048,9832.909783306757,8428.85236812179,optimal,0.04379178499948466
2025-12-19,M18_only,causal_load_main,linear_anchor_main,anchor_final_main,True,6000.0,B_energy_neutral,2025-12-19__M18_only__causal_load_main__linear_anchor_main__anchor_final_main__48h__ye6000,00:00,0,,True,39386.39763141198,39386.39763141198,0.0,,38298.65978626431,8371.98580491062,8428.291709692137,optimal,0.04611696500069229
2025-12-19,M18_only,causal_load_main,linear_anchor_main,anchor_final_main,True,6000.0,B_energy_neutral,2025-12-19__M18_only__causal_load_main__linear_anchor_main__anchor_final_main__48h__ye6000,18:00,108,0.0,False,0.0,0.0,0.0,27265.421286237048,27265.421286237048,9832.909783306757,8428.85236812179,optimal,0.04361639200214995
2025-12-20,M0,causal_load_main,linear_anchor_main,anchor_final_main,True,1200.0,A_q2_aligned,2025-12-20__M0__causal_load_main__linear_anchor_main__anchor_final_main__48h__ye1200,00:00,0,,True,42568.271969126974,42568.271969126974,0.0,,73326.53155893872,8237.760733687459,8428.291709692137,optimal,0.04559477200018591
2025-12-20,M0,causal_load_main,linear_anchor_main,anchor_final_main,True,6000.0,B_energy_neutral,2025-12-20__M0__causal_load_main__linear_anchor_main__anchor_final_main__48h__ye6000,00:00,0,,True,42568.271969126974,42568.271969126974,0.0,,73326.53155893872,8237.760733687459,8428.291709692137,optimal,0.04582035299972631
2025-12-20,M1_M6,causal_load_main,linear_anchor_main,anchor_final_main,True,1200.0,A_q2_aligned,2025-12-20__M1_M6__causal_load_main__linear_anchor_main__anchor_final_main__48h__ye1200,00:00,0,,True,42568.27196958971,42568.27196958971,0.0,,73326.53155913774,8237.760733245186,8428.29170968885,optimal,0.04553308300091885
2025-12-20,M1_M6,causal_load_main,linear_anchor_main,anchor_final_main,True,1200.0,A_q2_aligned,2025-12-20__M1_M6__causal_load_main__linear_anchor_main__anchor_final_main__48h__ye1200,06:00,36,325.59766130603384,True,1019.9548360859264,0.0,1019.9548360859264,65365.28026416407,65039.68260285803,9731.115805280075,8428.291709246725,optimal,0.060395316999347415
2025-12-20,M1_M6,causal_load_main,linear_anchor_main,anchor_final_main,True,1200.0,A_q2_aligned,2025-12-20__M1_M6__causal_load_main__linear_anchor_main__anchor_final_main__48h__ye1200,12:00,72,1023.2035952924198,True,413.1855638608616,413.18556386065603,2.0554580260068178e-10,66960.94335129118,65937.73975599876,5592.634326543233,8428.291709246589,optimal,0.0516207979999308
2025-12-20,M1_M6,causal_load_main,linear_anchor_main,anchor_final_main,True,1200.0,A_q2_aligned,2025-12-20__M1_M6__causal_load_main__linear_anchor_main__anchor_final_main__48h__ye1200,18:00,108,9.901850717142224e-08,False,0.0,0.0,0.0,60472.62717114874,60472.627171049724,9870.744375638136,8443.22190230177,optimal,0.04437461799898301
2025-12-20,M1_M6,causal_load_main,linear_anchor_main,anchor_final_main,True,6000.0,B_energy_neutral,2025-12-20__M1_M6__causal_load_main__linear_anchor_main__anchor_final_main__48h__ye6000,00:00,0,,True,42568.27196958971,42568.27196958971,0.0,,73326.53155913774,8237.760733245186,8428.29170968885,optimal,0.045637775998329744
2025-12-20,M1_M6,causal_load_main,linear_anchor_main,anchor_final_main,True,6000.0,B_energy_neutral,2025-12-20__M1_M6__causal_load_main__linear_anchor_main__anchor_final_main__48h__ye6000,06:00,36,325.59766130603384,True,1019.9548360859264,0.0,1019.9548360859264,65365.28026416407,65039.68260285803,9731.115805280075,8428.291709246725,optimal,0.06020120100220083
2025-12-20,M1_M6,causal_load_main,linear_anchor_main,anchor_final_main,True,6000.0,B_energy_neutral,2025-12-20__M1_M6__causal_load_main__linear_anchor_main__anchor_final_main__48h__ye6000,12:00,72,1023.2035952924198,True,413.1855638608616,413.18556386065603,2.0554580260068178e-10,66960.94335129118,65937.73975599876,5592.634326543233,8428.291709246589,optimal,0.09808168999734335
2025-12-20,M1_M6,causal_load_main,linear_anchor_main,anchor_final_main,True,6000.0,B_energy_neutral,2025-12-20__M1_M6__causal_load_main__linear_anchor_main__anchor_final_main__48h__ye6000,18:00,108,9.901850717142224e-08,False,0.0,0.0,0.0,60472.62717114874,60472.627171049724,9870.744375638136,8443.22190230177,optimal,0.043580584999290295
2025-12-20,M6_only,causal_load_main,linear_anchor_main,anchor_final_main,True,1200.0,A_q2_aligned,2025-12-20__M6_only__causal_load_main__linear_anchor_main__anchor_final_main__48h__ye1200,00:00,0,,True,42568.271969126974,42568.271969126974,0.0,,73326.53155893872,8237.760733687459,8428.291709692137,optimal,0.045967235000716755
2025-12-20,M6_only,causal_load_main,linear_anchor_main,anchor_final_main,True,1200.0,A_q2_aligned,2025-12-20__M6_only__causal_load_main__linear_anchor_main__anchor_final_main__48h__ye1200,06:00,36,325.5976613060193,True,1019.9548360860149,0.0,1019.9548360860149,65365.28026416406,65039.68260285804,9731.115805280057,8428.291709249925,optimal,0.11880100900089019
2025-12-20,M6_only,causal_load_main,linear_anchor_main,anchor_final_main,True,6000.0,B_energy_neutral,2025-12-20__M6_only__causal_load_main__linear_anchor_main__anchor_final_main__48h__ye6000,00:00,0,,True,42568.271969126974,42568.271969126974,0.0,,73326.53155893872,8237.760733687459,8428.291709692137,optimal,0.04673744200044894
2025-12-20,M6_only,causal_load_main,linear_anchor_main,anchor_final_main,True,6000.0,B_energy_neutral,2025-12-20__M6_only__causal_load_main__linear_anchor_main__anchor_final_main__48h__ye6000,06:00,36,325.5976613060193,True,1019.9548360860149,0.0,1019.9548360860149,65365.28026416406,65039.68260285804,9731.115805280057,8428.291709249925,optimal,0.11637202400015667
2025-12-20,M12_only,causal_load_main,linear_anchor_main,anchor_final_main,True,1200.0,A_q2_aligned,2025-12-20__M12_only__causal_load_main__linear_anchor_main__anchor_final_main__48h__ye1200,00:00,0,,True,42568.27196912349,42568.27196912349,0.0,,73326.53155893723,8237.760733690766,8428.291709692137,optimal,0.04552191299808328
2025-12-20,M12_only,causal_load_main,linear_anchor_main,anchor_final_main,True,1200.0,A_q2_aligned,2025-12-20__M12_only__causal_load_main__linear_anchor_main__anchor_final_main__48h__ye1200,12:00,72,225.01440784533042,True,680.6242767007905,0.0,680.6242767007905,66083.88353816033,65858.869130315,5882.125108729826,8428.29170924987,optimal,0.05126091700003599
2025-12-20,M12_only,causal_load_main,linear_anchor_main,anchor_final_main,True,6000.0,B_energy_neutral,2025-12-20__M12_only__causal_load_main__linear_anchor_main__anchor_final_main__48h__ye6000,00:00,0,,True,42568.27196912349,42568.27196912349,0.0,,73326.53155893723,8237.760733690766,8428.291709692137,optimal,0.04584853299820679
2025-12-20,M12_only,causal_load_main,linear_anchor_main,anchor_final_main,True,6000.0,B_energy_neutral,2025-12-20__M12_only__causal_load_main__linear_anchor_main__anchor_final_main__48h__ye6000,12:00,72,225.01440784533042,True,680.6242767007905,0.0,680.6242767007905,66083.88353816033,65858.869130315,5882.125108729826,8428.29170924987,optimal,0.05100809999930789
2025-12-20,M18_only,causal_load_main,linear_anchor_main,anchor_final_main,True,1200.0,A_q2_aligned,2025-12-20__M18_only__causal_load_main__linear_anchor_main__anchor_final_main__48h__ye1200,00:00,0,,True,42568.271969126974,42568.271969126974,0.0,,73326.53155893872,8237.760733687459,8428.291709692137,optimal,0.04578451699853758
2025-12-20,M18_only,causal_load_main,linear_anchor_main,anchor_final_main,True,1200.0,A_q2_aligned,2025-12-20__M18_only__causal_load_main__linear_anchor_main__anchor_final_main__48h__ye1200,18:00,108,0.0,False,0.0,0.0,0.0,60472.62717104972,60472.62717104972,9870.744375638136,8443.22190274735,optimal,0.10299942299752729
2025-12-20,M18_only,causal_load_main,linear_anchor_main,anchor_final_main,True,6000.0,B_energy_neutral,2025-12-20__M18_only__causal_load_main__linear_anchor_main__anchor_final_main__48h__ye6000,00:00,0,,True,42568.271969126974,42568.271969126974,0.0,,73326.53155893872,8237.760733687459,8428.291709692137,optimal,0.04586022099829279
2025-12-20,M18_only,causal_load_main,linear_anchor_main,anchor_final_main,True,6000.0,B_energy_neutral,2025-12-20__M18_only__causal_load_main__linear_anchor_main__anchor_final_main__48h__ye6000,18:00,108,0.0,False,0.0,0.0,0.0,60472.62717104972,60472.62717104972,9870.744375638136,8443.22190274735,optimal,0.04398852699523559
2025-12-21,M0,causal_load_main,linear_anchor_main,anchor_final_main,True,1200.0,A_q2_aligned,2025-12-21__M0__causal_load_main__linear_anchor_main__anchor_final_main__48h__ye1200,00:00,0,,True,88558.88026849397,88558.88026849397,0.0,,108352.12011230367,8299.960552289533,8428.291709681866,optimal,0.0454175020022376
2025-12-21,M0,causal_load_main,linear_anchor_main,anchor_final_main,True,6000.0,B_energy_neutral,2025-12-21__M0__causal_load_main__linear_anchor_main__anchor_final_main__48h__ye6000,00:00,0,,True,88558.88026849397,88558.88026849397,0.0,,108352.12011230367,8299.960552289533,8428.291709681866,optimal,0.045411432001856156
2025-12-21,M1_M6,causal_load_main,linear_anchor_main,anchor_final_main,True,1200.0,A_q2_aligned,2025-12-21__M1_M6__causal_load_main__linear_anchor_main__anchor_final_main__48h__ye1200,00:00,0,,True,88558.88026896364,88558.88026896364,0.0,,108352.12011250417,8299.960551843978,8428.291709681866,optimal,0.04548454000178026
2025-12-21,M1_M6,causal_load_main,linear_anchor_main,anchor_final_main,True,1200.0,A_q2_aligned,2025-12-21__M1_M6__causal_load_main__linear_anchor_main__anchor_final_main__48h__ye1200,06:00,36,986.840118563734,True,1623.3440391422037,217.96095968340535,1405.3830794587984,98519.3081426876,97532.46802412387,9921.589538842116,8428.291709681866,optimal,0.05966231099955621
2025-12-21,M1_M6,causal_load_main,linear_anchor_main,anchor_final_main,True,1200.0,A_q2_aligned,2025-12-21__M1_M6__causal_load_main__linear_anchor_main__anchor_final_main__48h__ye1200,12:00,72,3028.568186884979,True,1242.7260932960248,1242.7260932960248,0.0,91172.91980776782,88144.35162088284,6733.985905294664,8428.291709681866,optimal,0.051503645998309366
2025-12-21,M1_M6,causal_load_main,linear_anchor_main,anchor_final_main,True,1200.0,A_q2_aligned,2025-12-21__M1_M6__causal_load_main__linear_anchor_main__anchor_final_main__48h__ye1200,18:00,108,0.0,False,0.0,0.0,0.0,70746.89672036168,70746.89672036168,10800.0,8428.29170945969,optimal,0.04303223300303216
2025-12-21,M1_M6,causal_load_main,linear_anchor_main,anchor_final_main,True,6000.0,B_energy_neutral,2025-12-21__M1_M6__causal_load_main__linear_anchor_main__anchor_final_main__48h__ye6000,00:00,0,,True,88558.88026896364,88558.88026896364,0.0,,108352.12011250417,8299.960551843978,8428.291709681866,optimal,0.04572720700161881
2025-12-21,M1_M6,causal_load_main,linear_anchor_main,anchor_final_main,True,6000.0,B_energy_neutral,2025-12-21__M1_M6__causal_load_main__linear_anchor_main__anchor_final_main__48h__ye6000,06:00,36,986.840118563734,True,1623.3440391422037,217.96095968340535,1405.3830794587984,98519.3081426876,97532.46802412387,9921.589538842116,8428.291709681866,optimal,0.05974381900159642
2025-12-21,M1_M6,causal_load_main,linear_anchor_main,anchor_final_main,True,6000.0,B_energy_neutral,2025-12-21__M1_M6__causal_load_main__linear_anchor_main__anchor_final_main__48h__ye6000,12:00,72,3028.568186884979,True,1242.7260932960248,1242.7260932960248,0.0,91172.91980776782,88144.35162088284,6733.985905294664,8428.291709681866,optimal,0.051428663999104174
2025-12-21,M1_M6,causal_load_main,linear_anchor_main,anchor_final_main,True,6000.0,B_energy_neutral,2025-12-21__M1_M6__causal_load_main__linear_anchor_main__anchor_final_main__48h__ye6000,18:00,108,0.0,False,0.0,0.0,0.0,70746.89672036168,70746.89672036168,10800.0,8428.29170945969,optimal,0.043663925000146264
2025-12-21,M6_only,causal_load_main,linear_anchor_main,anchor_final_main,True,1200.0,A_q2_aligned,2025-12-21__M6_only__causal_load_main__linear_anchor_main__anchor_final_main__48h__ye1200,00:00,0,,True,88558.88026896009,88558.88026896009,0.0,,108352.12011250266,8299.960551847342,8428.291709681866,optimal,0.04530237300059525
2025-12-21,M6_only,causal_load_main,linear_anchor_main,anchor_final_main,True,1200.0,A_q2_aligned,2025-12-21__M6_only__causal_load_main__linear_anchor_main__anchor_final_main__48h__ye1200,06:00,36,986.840118563734,True,1623.3440391422037,217.96095968340535,1405.3830794587984,98519.3081426876,97532.46802412387,9921.589538842116,8428.291709681866,optimal,0.059616993996314704
2025-12-21,M6_only,causal_load_main,linear_anchor_main,anchor_final_main,True,6000.0,B_energy_neutral,2025-12-21__M6_only__causal_load_main__linear_anchor_main__anchor_final_main__48h__ye6000,00:00,0,,True,88558.88026896009,88558.88026896009,0.0,,108352.12011250266,8299.960551847342,8428.291709681866,optimal,0.04579255499993451
2025-12-21,M6_only,causal_load_main,linear_anchor_main,anchor_final_main,True,6000.0,B_energy_neutral,2025-12-21__M6_only__causal_load_main__linear_anchor_main__anchor_final_main__48h__ye6000,06:00,36,986.840118563734,True,1623.3440391422037,217.96095968340535,1405.3830794587984,98519.3081426876,97532.46802412387,9921.589538842116,8428.291709681866,optimal,0.05985225200129207
2025-12-21,M12_only,causal_load_main,linear_anchor_main,anchor_final_main,True,1200.0,A_q2_aligned,2025-12-21__M12_only__causal_load_main__linear_anchor_main__anchor_final_main__48h__ye1200,00:00,0,,True,88558.88026895326,88558.88026895326,0.0,,108352.12011250271,8299.960551847244,8428.291709675292,optimal,0.04560869300257764
2025-12-21,M12_only,causal_load_main,linear_anchor_main,anchor_final_main,True,1200.0,A_q2_aligned,2025-12-21__M12_only__causal_load_main__linear_anchor_main__anchor_final_main__48h__ye1200,12:00,72,3003.1339309759205,True,1210.021736313005,1171.9024279796718,38.11930833333338,91147.48555185876,88144.35162088284,6733.985905294663,8428.291709675292,optimal,0.05178615299882949
2025-12-21,M12_only,causal_load_main,linear_anchor_main,anchor_final_main,True,6000.0,B_energy_neutral,2025-12-21__M12_only__causal_load_main__linear_anchor_main__anchor_final_main__48h__ye6000,00:00,0,,True,88558.88026895326,88558.88026895326,0.0,,108352.12011250271,8299.960551847244,8428.291709675292,optimal,0.045802578002621885
2025-12-21,M12_only,causal_load_main,linear_anchor_main,anchor_final_main,True,6000.0,B_energy_neutral,2025-12-21__M12_only__causal_load_main__linear_anchor_main__anchor_final_main__48h__ye6000,12:00,72,3003.1339309759205,True,1210.021736313005,1171.9024279796718,38.11930833333338,91147.48555185876,88144.35162088284,6733.985905294663,8428.291709675292,optimal,0.05172760899949935
2025-12-21,M18_only,causal_load_main,linear_anchor_main,anchor_final_main,True,1200.0,A_q2_aligned,2025-12-21__M18_only__causal_load_main__linear_anchor_main__anchor_final_main__48h__ye1200,00:00,0,,True,88558.88026849742,88558.88026849742,0.0,,108352.12011230367,8299.960552289549,8428.291709685152,optimal,0.04565028500292101
2025-12-21,M18_only,causal_load_main,linear_anchor_main,anchor_final_main,True,1200.0,A_q2_aligned,2025-12-21__M18_only__causal_load_main__linear_anchor_main__anchor_final_main__48h__ye1200,18:00,108,0.0,False,0.0,0.0,0.0,70746.89672036168,70746.89672036168,10800.0,8428.291709462957,optimal,0.0438882230046147
2025-12-21,M18_only,causal_load_main,linear_anchor_main,anchor_final_main,True,6000.0,B_energy_neutral,2025-12-21__M18_only__causal_load_main__linear_anchor_main__anchor_final_main__48h__ye6000,00:00,0,,True,88558.88026849742,88558.88026849742,0.0,,108352.12011230367,8299.960552289549,8428.291709685152,optimal,0.04559834800238605
2025-12-21,M18_only,causal_load_main,linear_anchor_main,anchor_final_main,True,6000.0,B_energy_neutral,2025-12-21__M18_only__causal_load_main__linear_anchor_main__anchor_final_main__48h__ye6000,18:00,108,0.0,False,0.0,0.0,0.0,70746.89672036168,70746.89672036168,10800.0,8428.291709462957,optimal,0.043460953998874174
2025-12-22,M0,causal_load_main,linear_anchor_main,anchor_final_main,True,1200.0,A_q2_aligned,2025-12-22__M0__causal_load_main__linear_anchor_main__anchor_final_main__48h__ye1200,00:00,0,,True,88082.7806319271,88082.7806319271,0.0,,108739.06933339626,8485.5711181463,8428.291709709805,optimal,0.04549733699968783
2025-12-22,M0,causal_load_main,linear_anchor_main,anchor_final_main,True,6000.0,B_energy_neutral,2025-12-22__M0__causal_load_main__linear_anchor_main__anchor_final_main__48h__ye6000,00:00,0,,True,88082.7806319271,88082.7806319271,0.0,,108739.06933339626,8485.5711181463,8428.291709709805,optimal,0.04549484100061818
2025-12-22,M1_M6,causal_load_main,linear_anchor_main,anchor_final_main,True,1200.0,A_q2_aligned,2025-12-22__M1_M6__causal_load_main__linear_anchor_main__anchor_final_main__48h__ye1200,00:00,0,,True,88082.7806319271,88082.7806319271,0.0,,108739.06933339626,8485.5711181463,8428.291709709805,optimal,0.04552293600136181
2025-12-22,M1_M6,causal_load_main,linear_anchor_main,anchor_final_main,True,1200.0,A_q2_aligned,2025-12-22__M1_M6__causal_load_main__linear_anchor_main__anchor_final_main__48h__ye1200,06:00,36,1496.4100330632646,True,823.1428518268376,770.9935684935056,52.14928333333205,100005.92929654388,98509.51926348062,9921.589538842116,8428.291709709805,optimal,0.061229692997585516
2025-12-22,M1_M6,causal_load_main,linear_anchor_main,anchor_final_main,True,1200.0,A_q2_aligned,2025-12-22__M1_M6__causal_load_main__linear_anchor_main__anchor_final_main__48h__ye1200,12:00,72,2636.68920823207,True,1079.8466891160524,1079.8466891160524,0.0,90369.99544150589,87733.30623327382,6488.743410737699,8428.291709709805,optimal,0.051555342000938253
2025-12-22,M1_M6,causal_load_main,linear_anchor_main,anchor_final_main,True,1200.0,A_q2_aligned,2025-12-22__M1_M6__causal_load_main__linear_anchor_main__anchor_final_main__48h__ye1200,18:00,108,0.0,False,0.0,0.0,0.0,71162.95013775026,71162.95013775026,10800.0,8428.291709487647,optimal,0.04356718499911949
2025-12-22,M1_M6,causal_load_main,linear_anchor_main,anchor_final_main,True,6000.0,B_energy_neutral,2025-12-22__M1_M6__causal_load_main__linear_anchor_main__anchor_final_main__48h__ye6000,00:00,0,,True,88082.7806319271,88082.7806319271,0.0,,108739.06933339626,8485.5711181463,8428.291709709805,optimal,0.045362549000856234
2025-12-22,M1_M6,causal_load_main,linear_anchor_main,anchor_final_main,True,6000.0,B_energy_neutral,2025-12-22__M1_M6__causal_load_main__linear_anchor_main__anchor_final_main__48h__ye6000,06:00,36,1496.4100330632646,True,823.1428518268376,770.9935684935056,52.14928333333205,100005.92929654388,98509.51926348062,9921.589538842116,8428.291709709805,optimal,0.059825252999871736
2025-12-22,M1_M6,causal_load_main,linear_anchor_main,anchor_final_main,True,6000.0,B_energy_neutral,2025-12-22__M1_M6__causal_load_main__linear_anchor_main__anchor_final_main__48h__ye6000,12:00,72,2636.68920823207,True,1079.8466891160524,1079.8466891160524,0.0,90369.99544150589,87733.30623327382,6488.743410737699,8428.291709709805,optimal,0.05131429899847717
2025-12-22,M1_M6,causal_load_main,linear_anchor_main,anchor_final_main,True,6000.0,B_energy_neutral,2025-12-22__M1_M6__causal_load_main__linear_anchor_main__anchor_final_main__48h__ye6000,18:00,108,0.0,False,0.0,0.0,0.0,71162.95013775026,71162.95013775026,10800.0,8428.291709487647,optimal,0.043744685001001926
2025-12-22,M6_only,causal_load_main,linear_anchor_main,anchor_final_main,True,1200.0,A_q2_aligned,2025-12-22__M6_only__causal_load_main__linear_anchor_main__anchor_final_main__48h__ye1200,00:00,0,,True,88082.7806319271,88082.7806319271,0.0,,108739.06933339626,8485.5711181463,8428.291709709805,optimal,0.0459923809976317
2025-12-22,M6_only,causal_load_main,linear_anchor_main,anchor_final_main,True,1200.0,A_q2_aligned,2025-12-22__M6_only__causal_load_main__linear_anchor_main__anchor_final_main__48h__ye1200,06:00,36,1496.4100330632646,True,823.1428518268376,770.9935684935056,52.14928333333205,100005.92929654388,98509.51926348062,9921.589538842116,8428.291709709805,optimal,0.059938292997685494
2025-12-22,M6_only,causal_load_main,linear_anchor_main,anchor_final_main,True,6000.0,B_energy_neutral,2025-12-22__M6_only__causal_load_main__linear_anchor_main__anchor_final_main__48h__ye6000,00:00,0,,True,88082.7806319271,88082.7806319271,0.0,,108739.06933339626,8485.5711181463,8428.291709709805,optimal,0.0457521389980684
2025-12-22,M6_only,causal_load_main,linear_anchor_main,anchor_final_main,True,6000.0,B_energy_neutral,2025-12-22__M6_only__causal_load_main__linear_anchor_main__anchor_final_main__48h__ye6000,06:00,36,1496.4100330632646,True,823.1428518268376,770.9935684935056,52.14928333333205,100005.92929654388,98509.51926348062,9921.589538842116,8428.291709709805,optimal,0.059192484000959666
2025-12-22,M12_only,causal_load_main,linear_anchor_main,anchor_final_main,True,1200.0,A_q2_aligned,2025-12-22__M12_only__causal_load_main__linear_anchor_main__anchor_final_main__48h__ye1200,00:00,0,,True,88082.78063193754,88082.78063193754,0.0,,108739.06933339921,8485.571118139685,8428.291709713092,optimal,0.04569635699954233
2025-12-22,M12_only,causal_load_main,linear_anchor_main,anchor_final_main,True,1200.0,A_q2_aligned,2025-12-22__M12_only__causal_load_main__linear_anchor_main__anchor_final_main__48h__ye1200,12:00,72,2251.2917473387934,True,1057.7994242763434,1057.7994242763434,0.0,89692.45776514939,87441.1660178106,6733.985905294663,8428.291709713092,optimal,0.05139934900216758
2025-12-22,M12_only,causal_load_main,linear_anchor_main,anchor_final_main,True,6000.0,B_energy_neutral,2025-12-22__M12_only__causal_load_main__linear_anchor_main__anchor_final_main__48h__ye6000,00:00,0,,True,88082.78063193754,88082.78063193754,0.0,,108739.06933339921,8485.571118139685,8428.291709713092,optimal,0.04588512299960712
2025-12-22,M12_only,causal_load_main,linear_anchor_main,anchor_final_main,True,6000.0,B_energy_neutral,2025-12-22__M12_only__causal_load_main__linear_anchor_main__anchor_final_main__48h__ye6000,12:00,72,2251.2917473387934,True,1057.7994242763434,1057.7994242763434,0.0,89692.45776514939,87441.1660178106,6733.985905294663,8428.291709713092,optimal,0.05159503799950471
2025-12-22,M18_only,causal_load_main,linear_anchor_main,anchor_final_main,True,1200.0,A_q2_aligned,2025-12-22__M18_only__causal_load_main__linear_anchor_main__anchor_final_main__48h__ye1200,00:00,0,,True,88082.7806319237,88082.7806319237,0.0,,108739.06933339481,8485.571118149515,8428.291709709805,optimal,0.04564147799828788
2025-12-22,M18_only,causal_load_main,linear_anchor_main,anchor_final_main,True,1200.0,A_q2_aligned,2025-12-22__M18_only__causal_load_main__linear_anchor_main__anchor_final_main__48h__ye1200,18:00,108,0.0,False,0.0,0.0,0.0,71162.95013775026,71162.95013775026,10800.0,8428.291709487647,optimal,0.0435655820001557
2025-12-22,M18_only,causal_load_main,linear_anchor_main,anchor_final_main,True,6000.0,B_energy_neutral,2025-12-22__M18_only__causal_load_main__linear_anchor_main__anchor_final_main__48h__ye6000,00:00,0,,True,88082.7806319237,88082.7806319237,0.0,,108739.06933339481,8485.571118149515,8428.291709709805,optimal,0.04631510400213301
2025-12-22,M18_only,causal_load_main,linear_anchor_main,anchor_final_main,True,6000.0,B_energy_neutral,2025-12-22__M18_only__causal_load_main__linear_anchor_main__anchor_final_main__48h__ye6000,18:00,108,0.0,False,0.0,0.0,0.0,71162.95013775026,71162.95013775026,10800.0,8428.291709487647,optimal,0.0434753939989605
2025-12-23,M0,causal_load_main,linear_anchor_main,anchor_final_main,True,1200.0,A_q2_aligned,2025-12-23__M0__causal_load_main__linear_anchor_main__anchor_final_main__48h__ye1200,00:00,0,,True,90565.20250956948,90565.20250956948,0.0,,109859.67238316423,8414.344292913616,8428.291709699328,optimal,0.1079283180006314
2025-12-23,M0,causal_load_main,linear_anchor_main,anchor_final_main,True,6000.0,B_energy_neutral,2025-12-23__M0__causal_load_main__linear_anchor_main__anchor_final_main__48h__ye6000,00:00,0,,True,90565.20250956948,90565.20250956948,0.0,,109859.67238316423,8414.344292913616,8428.291709699328,optimal,0.04536165899844491
2025-12-23,M1_M6,causal_load_main,linear_anchor_main,anchor_final_main,True,1200.0,A_q2_aligned,2025-12-23__M1_M6__causal_load_main__linear_anchor_main__anchor_final_main__48h__ye1200,00:00,0,,True,90565.20250956948,90565.20250956948,0.0,,109859.67238316423,8414.344292913616,8428.291709699328,optimal,0.04516228200009209
2025-12-23,M1_M6,causal_load_main,linear_anchor_main,anchor_final_main,True,1200.0,A_q2_aligned,2025-12-23__M1_M6__causal_load_main__linear_anchor_main__anchor_final_main__48h__ye1200,06:00,36,1380.4949983184051,True,2688.984755197115,169.2248833333332,2519.759871863782,99727.7548069619,98347.25980864349,9921.589538842118,8428.291709699328,optimal,0.05913452800086816
2025-12-23,M1_M6,causal_load_main,linear_anchor_main,anchor_final_main,True,1200.0,A_q2_aligned,2025-12-23__M1_M6__causal_load_main__linear_anchor_main__anchor_final_main__48h__ye1200,12:00,72,1020.8127433680202,True,694.0067252021091,561.5758390909982,132.4308861111109,86221.76746278307,85200.95471941505,6733.985905294664,8428.291709699328,optimal,0.05131398899902706
2025-12-23,M1_M6,causal_load_main,linear_anchor_main,anchor_final_main,True,1200.0,A_q2_aligned,2025-12-23__M1_M6__causal_load_main__linear_anchor_main__anchor_final_main__48h__ye1200,18:00,108,0.0,False,0.0,0.0,0.0,65340.91643807552,65340.91643807552,10800.0,8428.291709477106,optimal,0.0435375790038961
2025-12-23,M1_M6,causal_load_main,linear_anchor_main,anchor_final_main,True,6000.0,B_energy_neutral,2025-12-23__M1_M6__causal_load_main__linear_anchor_main__anchor_final_main__48h__ye6000,00:00,0,,True,90565.20250956948,90565.20250956948,0.0,,109859.67238316423,8414.344292913616,8428.291709699328,optimal,0.045361618998867925
2025-12-23,M1_M6,causal_load_main,linear_anchor_main,anchor_final_main,True,6000.0,B_energy_neutral,2025-12-23__M1_M6__causal_load_main__linear_anchor_main__anchor_final_main__48h__ye6000,06:00,36,1380.4949983184051,True,2688.984755197115,169.2248833333332,2519.759871863782,99727.7548069619,98347.25980864349,9921.589538842118,8428.291709699328,optimal,0.05905560799874365
2025-12-23,M1_M6,causal_load_main,linear_anchor_main,anchor_final_main,True,6000.0,B_energy_neutral,2025-12-23__M1_M6__causal_load_main__linear_anchor_main__anchor_final_main__48h__ye6000,12:00,72,1020.8127433680202,True,694.0067252021091,561.5758390909982,132.4308861111109,86221.76746278307,85200.95471941505,6733.985905294664,8428.291709699328,optimal,0.05110634700395167
2025-12-23,M1_M6,causal_load_main,linear_anchor_main,anchor_final_main,True,6000.0,B_energy_neutral,2025-12-23__M1_M6__causal_load_main__linear_anchor_main__anchor_final_main__48h__ye6000,18:00,108,0.0,False,0.0,0.0,0.0,65340.91643807552,65340.91643807552,10800.0,8428.291709477106,optimal,0.04352985100194928
2025-12-23,M6_only,causal_load_main,linear_anchor_main,anchor_final_main,True,1200.0,A_q2_aligned,2025-12-23__M6_only__causal_load_main__linear_anchor_main__anchor_final_main__48h__ye1200,00:00,0,,True,90565.20250956948,90565.20250956948,0.0,,109859.67238316423,8414.344292913616,8428.291709699328,optimal,0.045439539000653895
2025-12-23,M6_only,causal_load_main,linear_anchor_main,anchor_final_main,True,1200.0,A_q2_aligned,2025-12-23__M6_only__causal_load_main__linear_anchor_main__anchor_final_main__48h__ye1200,06:00,36,1380.4949983184051,True,2688.984755197115,169.2248833333332,2519.759871863782,99727.7548069619,98347.25980864349,9921.589538842118,8428.291709699328,optimal,0.0588259959986317
2025-12-23,M6_only,causal_load_main,linear_anchor_main,anchor_final_main,True,6000.0,B_energy_neutral,2025-12-23__M6_only__causal_load_main__linear_anchor_main__anchor_final_main__48h__ye6000,00:00,0,,True,90565.20250956948,90565.20250956948,0.0,,109859.67238316423,8414.344292913616,8428.291709699328,optimal,0.0459022199975152
2025-12-23,M6_only,causal_load_main,linear_anchor_main,anchor_final_main,True,6000.0,B_energy_neutral,2025-12-23__M6_only__causal_load_main__linear_anchor_main__anchor_final_main__48h__ye6000,06:00,36,1380.4949983184051,True,2688.984755197115,169.2248833333332,2519.759871863782,99727.7548069619,98347.25980864349,9921.589538842118,8428.291709699328,optimal,0.058965784999600146
2025-12-23,M12_only,causal_load_main,linear_anchor_main,anchor_final_main,True,1200.0,A_q2_aligned,2025-12-23__M12_only__causal_load_main__linear_anchor_main__anchor_final_main__48h__ye1200,00:00,0,,True,90565.20250956956,90565.20250956956,0.0,,109859.67238316278,8414.34429291683,8428.291709702615,optimal,0.04605905000062194
2025-12-23,M12_only,causal_load_main,linear_anchor_main,anchor_final_main,True,1200.0,A_q2_aligned,2025-12-23__M12_only__causal_load_main__linear_anchor_main__anchor_final_main__48h__ye1200,12:00,72,703.748875835241,True,408.29831131309913,250.58951964643282,157.70879166666634,85904.70359525029,85200.95471941505,6733.985905294663,8428.291709702615,optimal,0.05256629100404098
2025-12-23,M12_only,causal_load_main,linear_anchor_main,anchor_final_main,True,6000.0,B_energy_neutral,2025-12-23__M12_only__causal_load_main__linear_anchor_main__anchor_final_main__48h__ye6000,00:00,0,,True,90565.20250956956,90565.20250956956,0.0,,109859.67238316278,8414.34429291683,8428.291709702615,optimal,0.04604312800074695
2025-12-23,M12_only,causal_load_main,linear_anchor_main,anchor_final_main,True,6000.0,B_energy_neutral,2025-12-23__M12_only__causal_load_main__linear_anchor_main__anchor_final_main__48h__ye6000,12:00,72,703.748875835241,True,408.29831131309913,250.58951964643282,157.70879166666634,85904.70359525029,85200.95471941505,6733.985905294663,8428.291709702615,optimal,0.05136586200023885
2025-12-23,M18_only,causal_load_main,linear_anchor_main,anchor_final_main,True,1200.0,A_q2_aligned,2025-12-23__M18_only__causal_load_main__linear_anchor_main__anchor_final_main__48h__ye1200,00:00,0,,True,90565.20250956948,90565.20250956948,0.0,,109859.67238316423,8414.344292913616,8428.291709699328,optimal,0.04543673199805198
2025-12-23,M18_only,causal_load_main,linear_anchor_main,anchor_final_main,True,1200.0,A_q2_aligned,2025-12-23__M18_only__causal_load_main__linear_anchor_main__anchor_final_main__48h__ye1200,18:00,108,0.0,False,0.0,0.0,0.0,65340.91643807552,65340.91643807552,10800.0,8428.291709477106,optimal,0.04343001499364618
2025-12-23,M18_only,causal_load_main,linear_anchor_main,anchor_final_main,True,6000.0,B_energy_neutral,2025-12-23__M18_only__causal_load_main__linear_anchor_main__anchor_final_main__48h__ye6000,00:00,0,,True,90565.20250956948,90565.20250956948,0.0,,109859.67238316423,8414.344292913616,8428.291709699328,optimal,0.04536560700216796
2025-12-23,M18_only,causal_load_main,linear_anchor_main,anchor_final_main,True,6000.0,B_energy_neutral,2025-12-23__M18_only__causal_load_main__linear_anchor_main__anchor_final_main__48h__ye6000,18:00,108,0.0,False,0.0,0.0,0.0,65340.91643807552,65340.91643807552,10800.0,8428.291709477106,optimal,0.04284406299848342
2025-12-24,M0,causal_load_main,linear_anchor_main,anchor_final_main,True,1200.0,A_q2_aligned,2025-12-24__M0__causal_load_main__linear_anchor_main__anchor_final_main__48h__ye1200,00:00,0,,True,89184.51217507865,89184.51217507865,0.0,,109009.14436490793,8487.643410979521,8428.291709689878,optimal,0.04524762900109636
2025-12-24,M0,causal_load_main,linear_anchor_main,anchor_final_main,True,6000.0,B_energy_neutral,2025-12-24__M0__causal_load_main__linear_anchor_main__anchor_final_main__48h__ye6000,00:00,0,,True,89184.51217507865,89184.51217507865,0.0,,109009.14436490793,8487.643410979521,8428.291709689878,optimal,0.04653224299909198
2025-12-24,M1_M6,causal_load_main,linear_anchor_main,anchor_final_main,True,1200.0,A_q2_aligned,2025-12-24__M1_M6__causal_load_main__linear_anchor_main__anchor_final_main__48h__ye1200,00:00,0,,True,89184.51217507865,89184.51217507865,0.0,,109009.14436490793,8487.643410979521,8428.291709689878,optimal,0.04805490799844847
2025-12-24,M1_M6,causal_load_main,linear_anchor_main,anchor_final_main,True,1200.0,A_q2_aligned,2025-12-24__M1_M6__causal_load_main__linear_anchor_main__anchor_final_main__48h__ye1200,06:00,36,798.3070758413814,True,426.61951830605494,402.589584046798,24.029934259256947,99353.84467446315,98555.53759862177,9937.824760190466,8428.291709689878,optimal,0.06800632000158657
2025-12-24,M1_M6,causal_load_main,linear_anchor_main,anchor_final_main,True,1200.0,A_q2_aligned,2025-12-24__M1_M6__causal_load_main__linear_anchor_main__anchor_final_main__48h__ye1200,12:00,72,127.11572955532756,True,237.8082596982128,0.0,237.8082596982128,84859.76085675623,84732.6451272009,6676.95593945679,8428.291709247569,optimal,0.049821719996543834
2025-12-24,M1_M6,causal_load_main,linear_anchor_main,anchor_final_main,True,1200.0,A_q2_aligned,2025-12-24__M1_M6__causal_load_main__linear_anchor_main__anchor_final_main__48h__ye1200,18:00,108,1.00000761449337e-07,False,0.0,0.0,0.0,69582.65775122051,69582.65775112051,10800.0,8428.291709025325,optimal,0.04438603400194552
2025-12-24,M1_M6,causal_load_main,linear_anchor_main,anchor_final_main,True,6000.0,B_energy_neutral,2025-12-24__M1_M6__causal_load_main__linear_anchor_main__anchor_final_main__48h__ye6000,00:00,0,,True,89184.51217507865,89184.51217507865,0.0,,109009.14436490793,8487.643410979521,8428.291709689878,optimal,0.04605454700140399
2025-12-24,M1_M6,causal_load_main,linear_anchor_main,anchor_final_main,True,6000.0,B_energy_neutral,2025-12-24__M1_M6__causal_load_main__linear_anchor_main__anchor_final_main__48h__ye6000,06:00,36,798.3070758413814,True,426.61951830605494,402.589584046798,24.029934259256947,99353.84467446315,98555.53759862177,9937.824760190466,8428.291709689878,optimal,0.06109593799919821
2025-12-24,M1_M6,causal_load_main,linear_anchor_main,anchor_final_main,True,6000.0,B_energy_neutral,2025-12-24__M1_M6__causal_load_main__linear_anchor_main__anchor_final_main__48h__ye6000,12:00,72,127.11572955532756,True,237.8082596982128,0.0,237.8082596982128,84859.76085675623,84732.6451272009,6676.95593945679,8428.291709247569,optimal,0.05024865100131137
2025-12-24,M1_M6,causal_load_main,linear_anchor_main,anchor_final_main,True,6000.0,B_energy_neutral,2025-12-24__M1_M6__causal_load_main__linear_anchor_main__anchor_final_main__48h__ye6000,18:00,108,1.00000761449337e-07,False,0.0,0.0,0.0,69582.65775122051,69582.65775112051,10800.0,8428.291709025325,optimal,0.044180871002026834
2025-12-24,M6_only,causal_load_main,linear_anchor_main,anchor_final_main,True,1200.0,A_q2_aligned,2025-12-24__M6_only__causal_load_main__linear_anchor_main__anchor_final_main__48h__ye1200,00:00,0,,True,89184.51217507865,89184.51217507865,0.0,,109009.14436490793,8487.643410979521,8428.291709689878,optimal,0.05573969500255771
2025-12-24,M6_only,causal_load_main,linear_anchor_main,anchor_final_main,True,1200.0,A_q2_aligned,2025-12-24__M6_only__causal_load_main__linear_anchor_main__anchor_final_main__48h__ye1200,06:00,36,798.3070758413814,True,426.61951830605494,402.589584046798,24.029934259256947,99353.84467446315,98555.53759862177,9937.824760190466,8428.291709689878,optimal,0.06358240700137685
2025-12-24,M6_only,causal_load_main,linear_anchor_main,anchor_final_main,True,6000.0,B_energy_neutral,2025-12-24__M6_only__causal_load_main__linear_anchor_main__anchor_final_main__48h__ye6000,00:00,0,,True,89184.51217507865,89184.51217507865,0.0,,109009.14436490793,8487.643410979521,8428.291709689878,optimal,0.06719945199802169
2025-12-24,M6_only,causal_load_main,linear_anchor_main,anchor_final_main,True,6000.0,B_energy_neutral,2025-12-24__M6_only__causal_load_main__linear_anchor_main__anchor_final_main__48h__ye6000,06:00,36,798.3070758413814,True,426.61951830605494,402.589584046798,24.029934259256947,99353.84467446315,98555.53759862177,9937.824760190466,8428.291709689878,optimal,0.070620312995743
2025-12-24,M12_only,causal_load_main,linear_anchor_main,anchor_final_main,True,1200.0,A_q2_aligned,2025-12-24__M12_only__causal_load_main__linear_anchor_main__anchor_final_main__48h__ye1200,00:00,0,,True,89184.51217506832,89184.51217506832,0.0,,109009.1443649065,8487.643410982739,8428.291709683304,optimal,0.04702443600035622
2025-12-24,M12_only,causal_load_main,linear_anchor_main,anchor_final_main,True,1200.0,A_q2_aligned,2025-12-24__M12_only__causal_load_main__linear_anchor_main__anchor_final_main__48h__ye1200,12:00,72,65.30438917226274,True,165.2927384291453,0.0,165.2927384291453,84771.26551789476,84705.9611287225,6733.985905294663,8428.291709241035,optimal,0.050439308000932215
2025-12-24,M12_only,causal_load_main,linear_anchor_main,anchor_final_main,True,6000.0,B_energy_neutral,2025-12-24__M12_only__causal_load_main__linear_anchor_main__anchor_final_main__48h__ye6000,00:00,0,,True,89184.51217506832,89184.51217506832,0.0,,109009.1443649065,8487.643410982739,8428.291709683304,optimal,0.046709291000297526
2025-12-24,M12_only,causal_load_main,linear_anchor_main,anchor_final_main,True,6000.0,B_energy_neutral,2025-12-24__M12_only__causal_load_main__linear_anchor_main__anchor_final_main__48h__ye6000,12:00,72,65.30438917226274,True,165.2927384291453,0.0,165.2927384291453,84771.26551789476,84705.9611287225,6733.985905294663,8428.291709241035,optimal,0.050113713998143794
2025-12-24,M18_only,causal_load_main,linear_anchor_main,anchor_final_main,True,1200.0,A_q2_aligned,2025-12-24__M18_only__causal_load_main__linear_anchor_main__anchor_final_main__48h__ye1200,00:00,0,,True,89184.51217507865,89184.51217507865,0.0,,109009.14436490793,8487.643410979521,8428.291709689878,optimal,0.04732020099982037
2025-12-24,M18_only,causal_load_main,linear_anchor_main,anchor_final_main,True,1200.0,A_q2_aligned,2025-12-24__M18_only__causal_load_main__linear_anchor_main__anchor_final_main__48h__ye1200,18:00,108,0.0,False,0.0,0.0,0.0,69582.65775112051,69582.65775112051,10800.0,8428.291709467614,optimal,0.044172143996547675
2025-12-24,M18_only,causal_load_main,linear_anchor_main,anchor_final_main,True,6000.0,B_energy_neutral,2025-12-24__M18_only__causal_load_main__linear_anchor_main__anchor_final_main__48h__ye6000,00:00,0,,True,89184.51217507865,89184.51217507865,0.0,,109009.14436490793,8487.643410979521,8428.291709689878,optimal,0.04734723500223481
2025-12-24,M18_only,causal_load_main,linear_anchor_main,anchor_final_main,True,6000.0,B_energy_neutral,2025-12-24__M18_only__causal_load_main__linear_anchor_main__anchor_final_main__48h__ye6000,18:00,108,0.0,False,0.0,0.0,0.0,69582.65775112051,69582.65775112051,10800.0,8428.291709467614,optimal,0.04510312699858332
2025-12-25,M0,causal_load_main,linear_anchor_main,anchor_final_main,True,1200.0,A_q2_aligned,2025-12-25__M0__causal_load_main__linear_anchor_main__anchor_final_main__48h__ye1200,00:00,0,,True,85788.17687118138,85788.17687118138,0.0,,72356.4840456761,8395.059229092461,8428.291709701178,optimal,0.049160566999489674
2025-12-25,M0,causal_load_main,linear_anchor_main,anchor_final_main,True,6000.0,B_energy_neutral,2025-12-25__M0__causal_load_main__linear_anchor_main__anchor_final_main__48h__ye6000,00:00,0,,True,85788.17687118138,85788.17687118138,0.0,,72356.4840456761,8395.059229092461,8428.291709701178,optimal,0.046884482999303145
2025-12-25,M1_M6,causal_load_main,linear_anchor_main,anchor_final_main,True,1200.0,A_q2_aligned,2025-12-25__M1_M6__causal_load_main__linear_anchor_main__anchor_final_main__48h__ye1200,00:00,0,,True,85788.17687164416,85788.17687164416,0.0,,72356.48404587514,8395.059228650156,8428.29170969789,optimal,0.04544915000224137
2025-12-25,M1_M6,causal_load_main,linear_anchor_main,anchor_final_main,True,1200.0,A_q2_aligned,2025-12-25__M1_M6__causal_load_main__linear_anchor_main__anchor_final_main__48h__ye1200,06:00,36,1605.577423905008,True,911.3426347192888,911.3426347192888,0.0,63802.85905139664,62197.28162749163,9921.589538842116,8428.29170969789,optimal,0.06124052700033644
2025-12-25,M1_M6,causal_load_main,linear_anchor_main,anchor_final_main,True,1200.0,A_q2_aligned,2025-12-25__M1_M6__causal_load_main__linear_anchor_main__anchor_final_main__48h__ye1200,12:00,72,5095.5332169707835,True,2094.062026593423,2094.062026593423,0.0,58201.69264792767,53106.15943095689,6733.985905294665,8428.29170969789,optimal,0.05220402499980992
2025-12-25,M1_M6,causal_load_main,linear_anchor_main,anchor_final_main,True,1200.0,A_q2_aligned,2025-12-25__M1_M6__causal_load_main__linear_anchor_main__anchor_final_main__48h__ye1200,18:00,108,0.0,False,0.0,0.0,0.0,35286.67068271958,35286.67068271958,10800.0,8428.291709475658,optimal,0.043980266997095896
2025-12-25,M1_M6,causal_load_main,linear_anchor_main,anchor_final_main,True,6000.0,B_energy_neutral,2025-12-25__M1_M6__causal_load_main__linear_anchor_main__anchor_final_main__48h__ye6000,00:00,0,,True,85788.17687164416,85788.17687164416,0.0,,72356.48404587514,8395.059228650156,8428.29170969789,optimal,0.04746936599985929
2025-12-25,M1_M6,causal_load_main,linear_anchor_main,anchor_final_main,True,6000.0,B_energy_neutral,2025-12-25__M1_M6__causal_load_main__linear_anchor_main__anchor_final_main__48h__ye6000,06:00,36,1605.577423905008,True,911.3426347192888,911.3426347192888,0.0,63802.85905139664,62197.28162749163,9921.589538842116,8428.29170969789,optimal,0.06089016900295974
2025-12-25,M1_M6,causal_load_main,linear_anchor_main,anchor_final_main,True,6000.0,B_energy_neutral,2025-12-25__M1_M6__causal_load_main__linear_anchor_main__anchor_final_main__48h__ye6000,12:00,72,5095.5332169707835,True,2094.062026593423,2094.062026593423,0.0,58201.69264792767,53106.15943095689,6733.985905294665,8428.29170969789,optimal,0.05183093400046346
2025-12-25,M1_M6,causal_load_main,linear_anchor_main,anchor_final_main,True,6000.0,B_energy_neutral,2025-12-25__M1_M6__causal_load_main__linear_anchor_main__anchor_final_main__48h__ye6000,18:00,108,0.0,False,0.0,0.0,0.0,35286.67068271958,35286.67068271958,10800.0,8428.291709475658,optimal,0.04388407399892458
2025-12-25,M6_only,causal_load_main,linear_anchor_main,anchor_final_main,True,1200.0,A_q2_aligned,2025-12-25__M6_only__causal_load_main__linear_anchor_main__anchor_final_main__48h__ye1200,00:00,0,,True,85788.17687118138,85788.17687118138,0.0,,72356.4840456761,8395.059229092461,8428.291709701178,optimal,0.04550434999691788
2025-12-25,M6_only,causal_load_main,linear_anchor_main,anchor_final_main,True,1200.0,A_q2_aligned,2025-12-25__M6_only__causal_load_main__linear_anchor_main__anchor_final_main__48h__ye1200,06:00,36,1605.577423905008,True,911.3426347192553,911.3426347192553,0.0,63802.859051396634,62197.281627491626,9921.589538842116,8428.291709701178,optimal,0.0610844270013331
2025-12-25,M6_only,causal_load_main,linear_anchor_main,anchor_final_main,True,6000.0,B_energy_neutral,2025-12-25__M6_only__causal_load_main__linear_anchor_main__anchor_final_main__48h__ye6000,00:00,0,,True,85788.17687118138,85788.17687118138,0.0,,72356.4840456761,8395.059229092461,8428.291709701178,optimal,0.046297502998640994
2025-12-25,M6_only,causal_load_main,linear_anchor_main,anchor_final_main,True,6000.0,B_energy_neutral,2025-12-25__M6_only__causal_load_main__linear_anchor_main__anchor_final_main__48h__ye6000,06:00,36,1605.577423905008,True,911.3426347192553,911.3426347192553,0.0,63802.859051396634,62197.281627491626,9921.589538842116,8428.291709701178,optimal,0.06065369799762266
2025-12-25,M12_only,causal_load_main,linear_anchor_main,anchor_final_main,True,1200.0,A_q2_aligned,2025-12-25__M12_only__causal_load_main__linear_anchor_main__anchor_final_main__48h__ye1200,00:00,0,,True,85788.17687070812,85788.17687070812,0.0,,72356.48404547406,8395.059229541446,8428.291709701178,optimal,0.04561977599951206
2025-12-25,M12_only,causal_load_main,linear_anchor_main,anchor_final_main,True,1200.0,A_q2_aligned,2025-12-25__M12_only__causal_load_main__linear_anchor_main__anchor_final_main__48h__ye1200,12:00,72,5676.64468949163,True,2439.663867995966,2439.663867995966,0.0,58782.80412044851,53106.15943095688,6733.985905294663,8428.291709701178,optimal,0.05131825799617218
2025-12-25,M12_only,causal_load_main,linear_anchor_main,anchor_final_main,True,6000.0,B_energy_neutral,2025-12-25__M12_only__causal_load_main__linear_anchor_main__anchor_final_main__48h__ye6000,00:00,0,,True,85788.17687070812,85788.17687070812,0.0,,72356.48404547406,8395.059229541446,8428.291709701178,optimal,0.04573641099705128
2025-12-25,M12_only,causal_load_main,linear_anchor_main,anchor_final_main,True,6000.0,B_energy_neutral,2025-12-25__M12_only__causal_load_main__linear_anchor_main__anchor_final_main__48h__ye6000,12:00,72,5676.64468949163,True,2439.663867995966,2439.663867995966,0.0,58782.80412044851,53106.15943095688,6733.985905294663,8428.291709701178,optimal,0.051558449002186535
2025-12-25,M18_only,causal_load_main,linear_anchor_main,anchor_final_main,True,1200.0,A_q2_aligned,2025-12-25__M18_only__causal_load_main__linear_anchor_main__anchor_final_main__48h__ye1200,00:00,0,,True,85788.17687117273,85788.17687117273,0.0,,72356.48404567613,8395.059229092445,8428.29170969296,optimal,0.045501475000492064
2025-12-25,M18_only,causal_load_main,linear_anchor_main,anchor_final_main,True,1200.0,A_q2_aligned,2025-12-25__M18_only__causal_load_main__linear_anchor_main__anchor_final_main__48h__ye1200,18:00,108,0.0,False,0.0,0.0,0.0,35286.670682719596,35286.670682719596,10800.0,8428.291709470717,optimal,0.04370001899951603
2025-12-25,M18_only,causal_load_main,linear_anchor_main,anchor_final_main,True,6000.0,B_energy_neutral,2025-12-25__M18_only__causal_load_main__linear_anchor_main__anchor_final_main__48h__ye6000,00:00,0,,True,85788.17687117273,85788.17687117273,0.0,,72356.48404567613,8395.059229092445,8428.29170969296,optimal,0.0495021140013705
2025-12-25,M18_only,causal_load_main,linear_anchor_main,anchor_final_main,True,6000.0,B_energy_neutral,2025-12-25__M18_only__causal_load_main__linear_anchor_main__anchor_final_main__48h__ye6000,18:00,108,0.0,False,0.0,0.0,0.0,35286.670682719596,35286.670682719596,10800.0,8428.291709470717,optimal,0.04354139599672635
2025-12-26,M0,causal_load_main,linear_anchor_main,anchor_final_main,True,1200.0,A_q2_aligned,2025-12-26__M0__causal_load_main__linear_anchor_main__anchor_final_main__48h__ye1200,00:00,0,,True,41611.01184681892,41611.01184681892,0.0,,40243.47572921911,8388.251767580703,8428.291709698302,optimal,0.04533005000121193
2025-12-26,M0,causal_load_main,linear_anchor_main,anchor_final_main,True,6000.0,B_energy_neutral,2025-12-26__M0__causal_load_main__linear_anchor_main__anchor_final_main__48h__ye6000,00:00,0,,True,41611.01184681892,41611.01184681892,0.0,,40243.47572921911,8388.251767580703,8428.291709698302,optimal,0.04561386899877107
2025-12-26,M1_M6,causal_load_main,linear_anchor_main,anchor_final_main,True,1200.0,A_q2_aligned,2025-12-26__M1_M6__causal_load_main__linear_anchor_main__anchor_final_main__48h__ye1200,00:00,0,,True,41611.01184682408,41611.01184682408,0.0,,40243.475729220576,8388.251767577445,8428.291709699944,optimal,0.04576331599673722
2025-12-26,M1_M6,causal_load_main,linear_anchor_main,anchor_final_main,True,1200.0,A_q2_aligned,2025-12-26__M1_M6__causal_load_main__linear_anchor_main__anchor_final_main__48h__ye1200,06:00,36,1543.8377157260256,True,984.6921368406383,984.6921368406383,0.0,34396.59103564529,32852.75331991926,9692.64667985808,8428.291709699944,optimal,0.060978563997196034
2025-12-26,M1_M6,causal_load_main,linear_anchor_main,anchor_final_main,True,1200.0,A_q2_aligned,2025-12-26__M1_M6__causal_load_main__linear_anchor_main__anchor_final_main__48h__ye1200,12:00,72,1589.6021890618358,True,815.4280964854158,815.4280964854158,0.0,34422.08186113328,32832.479672071444,5529.122155122261,8428.291709699944,optimal,0.05175243399935425
2025-12-26,M1_M6,causal_load_main,linear_anchor_main,anchor_final_main,True,1200.0,A_q2_aligned,2025-12-26__M1_M6__causal_load_main__linear_anchor_main__anchor_final_main__48h__ye1200,18:00,108,0.1992895410512574,True,9.2477739628914,0.0,9.2477739628914,27982.467034831294,27982.267745290243,9852.289752353729,8428.291715185209,optimal,0.04386072999841417
2025-12-26,M1_M6,causal_load_main,linear_anchor_main,anchor_final_main,True,6000.0,B_energy_neutral,2025-12-26__M1_M6__causal_load_main__linear_anchor_main__anchor_final_main__48h__ye6000,00:00,0,,True,41611.01184682408,41611.01184682408,0.0,,40243.475729220576,8388.251767577445,8428.291709699944,optimal,0.045882483002060326
2025-12-26,M1_M6,causal_load_main,linear_anchor_main,anchor_final_main,True,6000.0,B_energy_neutral,2025-12-26__M1_M6__causal_load_main__linear_anchor_main__anchor_final_main__48h__ye6000,06:00,36,1543.8377157260256,True,984.6921368406383,984.6921368406383,0.0,34396.59103564529,32852.75331991926,9692.64667985808,8428.291709699944,optimal,0.06057794699881924
2025-12-26,M1_M6,causal_load_main,linear_anchor_main,anchor_final_main,True,6000.0,B_energy_neutral,2025-12-26__M1_M6__causal_load_main__linear_anchor_main__anchor_final_main__48h__ye6000,12:00,72,1589.6021890618358,True,815.4280964854158,815.4280964854158,0.0,34422.08186113328,32832.479672071444,5529.122155122261,8428.291709699944,optimal,0.05201104699881398
2025-12-26,M1_M6,causal_load_main,linear_anchor_main,anchor_final_main,True,6000.0,B_energy_neutral,2025-12-26__M1_M6__causal_load_main__linear_anchor_main__anchor_final_main__48h__ye6000,18:00,108,0.1992895410512574,True,9.2477739628914,0.0,9.2477739628914,27982.467034831294,27982.267745290243,9852.289752353729,8428.291715185209,optimal,0.044011987003614195
2025-12-26,M6_only,causal_load_main,linear_anchor_main,anchor_final_main,True,1200.0,A_q2_aligned,2025-12-26__M6_only__causal_load_main__linear_anchor_main__anchor_final_main__48h__ye1200,00:00,0,,True,41611.01184681892,41611.01184681892,0.0,,40243.47572921911,8388.251767580703,8428.291709698302,optimal,0.04586218400072539
2025-12-26,M6_only,causal_load_main,linear_anchor_main,anchor_final_main,True,1200.0,A_q2_aligned,2025-12-26__M6_only__causal_load_main__linear_anchor_main__anchor_final_main__48h__ye1200,06:00,36,1543.837715726011,True,984.6921368406277,984.6921368406277,0.0,34396.59103564527,32852.75331991926,9692.64667985809,8428.291709698302,optimal,0.0611676569969859
2025-12-26,M6_only,causal_load_main,linear_anchor_main,anchor_final_main,True,6000.0,B_energy_neutral,2025-12-26__M6_only__causal_load_main__linear_anchor_main__anchor_final_main__48h__ye6000,00:00,0,,True,41611.01184681892,41611.01184681892,0.0,,40243.47572921911,8388.251767580703,8428.291709698302,optimal,0.045490034000977175
2025-12-26,M6_only,causal_load_main,linear_anchor_main,anchor_final_main,True,6000.0,B_energy_neutral,2025-12-26__M6_only__causal_load_main__linear_anchor_main__anchor_final_main__48h__ye6000,06:00,36,1543.837715726011,True,984.6921368406277,984.6921368406277,0.0,34396.59103564527,32852.75331991926,9692.64667985809,8428.291709698302,optimal,0.061187248000351246
2025-12-26,M12_only,causal_load_main,linear_anchor_main,anchor_final_main,True,1200.0,A_q2_aligned,2025-12-26__M12_only__causal_load_main__linear_anchor_main__anchor_final_main__48h__ye1200,00:00,0,,True,41611.01184681892,41611.01184681892,0.0,,40243.47572921911,8388.251767580703,8428.291709698302,optimal,0.046040220997383585
2025-12-26,M12_only,causal_load_main,linear_anchor_main,anchor_final_main,True,1200.0,A_q2_aligned,2025-12-26__M12_only__causal_load_main__linear_anchor_main__anchor_final_main__48h__ye1200,12:00,72,2497.037175927464,True,1475.443541297546,1475.443541297546,0.0,35083.61671433892,32586.579538411454,5798.830721749067,8428.291709698302,optimal,0.05174966599588515
2025-12-26,M12_only,causal_load_main,linear_anchor_main,anchor_final_main,True,6000.0,B_energy_neutral,2025-12-26__M12_only__causal_load_main__linear_anchor_main__anchor_final_main__48h__ye6000,00:00,0,,True,41611.01184681892,41611.01184681892,0.0,,40243.47572921911,8388.251767580703,8428.291709698302,optimal,0.04621028299879981
2025-12-26,M12_only,causal_load_main,linear_anchor_main,anchor_final_main,True,6000.0,B_energy_neutral,2025-12-26__M12_only__causal_load_main__linear_anchor_main__anchor_final_main__48h__ye6000,12:00,72,2497.037175927464,True,1475.443541297546,1475.443541297546,0.0,35083.61671433892,32586.579538411454,5798.830721749067,8428.291709698302,optimal,0.05210477500077104
2025-12-26,M18_only,causal_load_main,linear_anchor_main,anchor_final_main,True,1200.0,A_q2_aligned,2025-12-26__M18_only__causal_load_main__linear_anchor_main__anchor_final_main__48h__ye1200,00:00,0,,True,41611.01184682582,41611.01184682582,0.0,,40243.4757292228,8388.251767572514,8428.291709696658,optimal,0.04574462000164203
2025-12-26,M18_only,causal_load_main,linear_anchor_main,anchor_final_main,True,1200.0,A_q2_aligned,2025-12-26__M18_only__causal_load_main__linear_anchor_main__anchor_final_main__48h__ye1200,18:00,108,0.19928954104034347,True,9.247773962685002,0.0,9.247773962685002,27982.467034831294,27982.267745290254,9852.289752353729,8428.291715182142,optimal,0.04401091999898199
2025-12-26,M18_only,causal_load_main,linear_anchor_main,anchor_final_main,True,6000.0,B_energy_neutral,2025-12-26__M18_only__causal_load_main__linear_anchor_main__anchor_final_main__48h__ye6000,00:00,0,,True,41611.01184682582,41611.01184682582,0.0,,40243.4757292228,8388.251767572514,8428.291709696658,optimal,0.04567105399837601
2025-12-26,M18_only,causal_load_main,linear_anchor_main,anchor_final_main,True,6000.0,B_energy_neutral,2025-12-26__M18_only__causal_load_main__linear_anchor_main__anchor_final_main__48h__ye6000,18:00,108,0.19928954104034347,True,9.247773962685002,0.0,9.247773962685002,27982.467034831294,27982.267745290254,9852.289752353729,8428.291715182142,optimal,0.04364413999792305
2025-12-27,M0,causal_load_main,linear_anchor_main,anchor_final_main,True,1200.0,A_q2_aligned,2025-12-27__M0__causal_load_main__linear_anchor_main__anchor_final_main__48h__ye1200,00:00,0,,True,43182.92008440542,43182.92008440542,0.0,,74880.68654937412,8614.232749978668,8428.291709704465,optimal,0.04579499499959638
2025-12-27,M0,causal_load_main,linear_anchor_main,anchor_final_main,True,6000.0,B_energy_neutral,2025-12-27__M0__causal_load_main__linear_anchor_main__anchor_final_main__48h__ye6000,00:00,0,,True,43182.92008440542,43182.92008440542,0.0,,74880.68654937412,8614.232749978668,8428.291709704465,optimal,0.0459149959970091
2025-12-27,M1_M6,causal_load_main,linear_anchor_main,anchor_final_main,True,1200.0,A_q2_aligned,2025-12-27__M1_M6__causal_load_main__linear_anchor_main__anchor_final_main__48h__ye1200,00:00,0,,True,43193.195388810345,43193.195388810345,0.0,,74885.05149868385,8604.48474031062,8428.291709707752,optimal,0.045636636001290753
2025-12-27,M1_M6,causal_load_main,linear_anchor_main,anchor_final_main,True,1200.0,A_q2_aligned,2025-12-27__M1_M6__causal_load_main__linear_anchor_main__anchor_final_main__48h__ye1200,06:00,36,914.263366192783,True,571.4340032875812,460.4605588431366,110.97344444444457,68167.74098085916,67253.47761466638,9718.294227130209,8428.291709707752,optimal,0.06142234399885638
2025-12-27,M1_M6,causal_load_main,linear_anchor_main,anchor_final_main,True,1200.0,A_q2_aligned,2025-12-27__M1_M6__causal_load_main__linear_anchor_main__anchor_final_main__48h__ye1200,12:00,72,1047.4751981382578,True,556.268202429568,542.7640990857373,13.504103343830735,67684.93981050712,66637.46461236886,6016.653370439777,8428.291709707752,optimal,0.05194943799870089
2025-12-27,M1_M6,causal_load_main,linear_anchor_main,anchor_final_main,True,1200.0,A_q2_aligned,2025-12-27__M1_M6__causal_load_main__linear_anchor_main__anchor_final_main__48h__ye1200,18:00,108,180.4229808500968,True,52.223101570440065,52.22310110427446,4.6616560211987235e-07,58496.272524230386,58315.84954338029,9810.902682487218,8428.291709265492,optimal,0.04412250099994708
2025-12-27,M1_M6,causal_load_main,linear_anchor_main,anchor_final_main,True,6000.0,B_energy_neutral,2025-12-27__M1_M6__causal_load_main__linear_anchor_main__anchor_final_main__48h__ye6000,00:00,0,,True,43193.195388810345,43193.195388810345,0.0,,74885.05149868385,8604.48474031062,8428.291709707752,optimal,0.0453607870003907
2025-12-27,M1_M6,causal_load_main,linear_anchor_main,anchor_final_main,True,6000.0,B_energy_neutral,2025-12-27__M1_M6__causal_load_main__linear_anchor_main__anchor_final_main__48h__ye6000,06:00,36,914.263366192783,True,571.4340032875812,460.4605588431366,110.97344444444457,68167.74098085916,67253.47761466638,9718.294227130209,8428.291709707752,optimal,0.061816051998903276
2025-12-27,M1_M6,causal_load_main,linear_anchor_main,anchor_final_main,True,6000.0,B_energy_neutral,2025-12-27__M1_M6__causal_load_main__linear_anchor_main__anchor_final_main__48h__ye6000,12:00,72,1047.4751981382578,True,556.268202429568,542.7640990857373,13.504103343830735,67684.93981050712,66637.46461236886,6016.653370439777,8428.291709707752,optimal,0.05206204100250034
2025-12-27,M1_M6,causal_load_main,linear_anchor_main,anchor_final_main,True,6000.0,B_energy_neutral,2025-12-27__M1_M6__causal_load_main__linear_anchor_main__anchor_final_main__48h__ye6000,18:00,108,180.4229808500968,True,52.223101570440065,52.22310110427446,4.6616560211987235e-07,58496.272524230386,58315.84954338029,9810.902682487218,8428.291709265492,optimal,0.044201825996424304
2025-12-27,M6_only,causal_load_main,linear_anchor_main,anchor_final_main,True,1200.0,A_q2_aligned,2025-12-27__M6_only__causal_load_main__linear_anchor_main__anchor_final_main__48h__ye1200,00:00,0,,True,43182.92008440542,43182.92008440542,0.0,,74880.68654937412,8614.232749978668,8428.291709704465,optimal,0.04549572299947613
2025-12-27,M6_only,causal_load_main,linear_anchor_main,anchor_final_main,True,1200.0,A_q2_aligned,2025-12-27__M6_only__causal_load_main__linear_anchor_main__anchor_final_main__48h__ye1200,06:00,36,914.2633661928121,True,571.4340032875864,460.46055884314177,110.97344444444457,68167.7409808592,67253.4776146664,9718.294227130198,8428.291709704465,optimal,0.061941479001689004
2025-12-27,M6_only,causal_load_main,linear_anchor_main,anchor_final_main,True,6000.0,B_energy_neutral,2025-12-27__M6_only__causal_load_main__linear_anchor_main__anchor_final_main__48h__ye6000,00:00,0,,True,43182.92008440542,43182.92008440542,0.0,,74880.68654937412,8614.232749978668,8428.291709704465,optimal,0.045691348997934256
2025-12-27,M6_only,causal_load_main,linear_anchor_main,anchor_final_main,True,6000.0,B_energy_neutral,2025-12-27__M6_only__causal_load_main__linear_anchor_main__anchor_final_main__48h__ye6000,06:00,36,914.2633661928121,True,571.4340032875864,460.46055884314177,110.97344444444457,68167.7409808592,67253.4776146664,9718.294227130198,8428.291709704465,optimal,0.061756053000863176
2025-12-27,M12_only,causal_load_main,linear_anchor_main,anchor_final_main,True,1200.0,A_q2_aligned,2025-12-27__M12_only__causal_load_main__linear_anchor_main__anchor_final_main__48h__ye1200,00:00,0,,True,43182.92008440542,43182.92008440542,0.0,,74880.68654937412,8614.232749978668,8428.291709704465,optimal,0.0455161460013187
2025-12-27,M12_only,causal_load_main,linear_anchor_main,anchor_final_main,True,1200.0,A_q2_aligned,2025-12-27__M12_only__causal_load_main__linear_anchor_main__anchor_final_main__48h__ye1200,12:00,72,656.4415214201144,True,559.5470818530307,245.32391518636433,314.22316666666643,66933.56947764398,66277.12795622386,6638.299460037739,8428.291709704465,optimal,0.0517162920004921
2025-12-27,M12_only,causal_load_main,linear_anchor_main,anchor_final_main,True,6000.0,B_energy_neutral,2025-12-27__M12_only__causal_load_main__linear_anchor_main__anchor_final_main__48h__ye6000,00:00,0,,True,43182.92008440542,43182.92008440542,0.0,,74880.68654937412,8614.232749978668,8428.291709704465,optimal,0.045756453000649344
2025-12-27,M12_only,causal_load_main,linear_anchor_main,anchor_final_main,True,6000.0,B_energy_neutral,2025-12-27__M12_only__causal_load_main__linear_anchor_main__anchor_final_main__48h__ye6000,12:00,72,656.4415214201144,True,559.5470818530307,245.32391518636433,314.22316666666643,66933.56947764398,66277.12795622386,6638.299460037739,8428.291709704465,optimal,0.05175464600324631
2025-12-27,M18_only,causal_load_main,linear_anchor_main,anchor_final_main,True,1200.0,A_q2_aligned,2025-12-27__M18_only__causal_load_main__linear_anchor_main__anchor_final_main__48h__ye1200,00:00,0,,True,43193.1953888136,43193.1953888136,0.0,,74885.05149868524,8604.484740307531,8428.291709707752,optimal,0.0461178289988311
2025-12-27,M18_only,causal_load_main,linear_anchor_main,anchor_final_main,True,1200.0,A_q2_aligned,2025-12-27__M18_only__causal_load_main__linear_anchor_main__anchor_final_main__48h__ye1200,18:00,108,175.2677506314576,True,50.730929632830225,50.73092916666462,4.6616560211987235e-07,58488.90790963232,58313.64015900086,9812.47556981503,8428.291709265492,optimal,0.04389252999681048
2025-12-27,M18_only,causal_load_main,linear_anchor_main,anchor_final_main,True,6000.0,B_energy_neutral,2025-12-27__M18_only__causal_load_main__linear_anchor_main__anchor_final_main__48h__ye6000,00:00,0,,True,43193.1953888136,43193.1953888136,0.0,,74885.05149868524,8604.484740307531,8428.291709707752,optimal,0.04522571000052267
2025-12-27,M18_only,causal_load_main,linear_anchor_main,anchor_final_main,True,6000.0,B_energy_neutral,2025-12-27__M18_only__causal_load_main__linear_anchor_main__anchor_final_main__48h__ye6000,18:00,108,175.2677506314576,True,50.730929632830225,50.73092916666462,4.6616560211987235e-07,58488.90790963232,58313.64015900086,9812.47556981503,8428.291709265492,optimal,0.04383731499910937
2025-12-28,M0,causal_load_main,linear_anchor_main,anchor_final_main,True,1200.0,A_q2_aligned,2025-12-28__M0__causal_load_main__linear_anchor_main__anchor_final_main__48h__ye1200,00:00,0,,True,88708.96382843613,88708.96382843613,0.0,,109529.24455610999,8446.644633690203,8428.291709678375,optimal,0.04557853499863995
2025-12-28,M0,causal_load_main,linear_anchor_main,anchor_final_main,True,6000.0,B_energy_neutral,2025-12-28__M0__causal_load_main__linear_anchor_main__anchor_final_main__48h__ye6000,00:00,0,,True,88708.96382843613,88708.96382843613,0.0,,109529.24455610999,8446.644633690203,8428.291709678375,optimal,0.045362827000644756
2025-12-28,M1_M6,causal_load_main,linear_anchor_main,anchor_final_main,True,1200.0,A_q2_aligned,2025-12-28__M1_M6__causal_load_main__linear_anchor_main__anchor_final_main__48h__ye1200,00:00,0,,True,88652.5961300797,88652.5961300797,0.0,,109505.29955784229,8500.11972768364,8428.291709691523,optimal,0.11104276799960644
2025-12-28,M1_M6,causal_load_main,linear_anchor_main,anchor_final_main,True,1200.0,A_q2_aligned,2025-12-28__M1_M6__causal_load_main__linear_anchor_main__anchor_final_main__48h__ye1200,06:00,36,899.0795495581551,True,886.4658475593924,211.37743459643355,675.0884129629588,99680.41087056315,98781.331321005,9927.062914425589,8428.291709691523,optimal,0.059148702002858045
2025-12-28,M1_M6,causal_load_main,linear_anchor_main,anchor_final_main,True,1200.0,A_q2_aligned,2025-12-28__M1_M6__causal_load_main__linear_anchor_main__anchor_final_main__48h__ye1200,12:00,72,1229.2820138887328,True,464.6823745401375,459.64752129629187,5.034853243845646,87016.18271065468,85786.90069676595,6239.4409676277855,8428.29170924934,optimal,0.05168255199896521
2025-12-28,M1_M6,causal_load_main,linear_anchor_main,anchor_final_main,True,1200.0,A_q2_aligned,2025-12-28__M1_M6__causal_load_main__linear_anchor_main__anchor_final_main__48h__ye1200,18:00,108,9.997165761888027e-08,False,0.0,0.0,0.0,67090.04510688686,67090.04510678689,10800.0,8428.291709027184,optimal,0.043903811998461606
2025-12-28,M1_M6,causal_load_main,linear_anchor_main,anchor_final_main,True,6000.0,B_energy_neutral,2025-12-28__M1_M6__causal_load_main__linear_anchor_main__anchor_final_main__48h__ye6000,00:00,0,,True,88652.5961300797,88652.5961300797,0.0,,109505.29955784229,8500.11972768364,8428.291709691523,optimal,0.04569577100119204
2025-12-28,M1_M6,causal_load_main,linear_anchor_main,anchor_final_main,True,6000.0,B_energy_neutral,2025-12-28__M1_M6__causal_load_main__linear_anchor_main__anchor_final_main__48h__ye6000,06:00,36,899.0795495581551,True,886.4658475593924,211.37743459643355,675.0884129629588,99680.41087056315,98781.331321005,9927.062914425589,8428.291709691523,optimal,0.059534875999815995
2025-12-28,M1_M6,causal_load_main,linear_anchor_main,anchor_final_main,True,6000.0,B_energy_neutral,2025-12-28__M1_M6__causal_load_main__linear_anchor_main__anchor_final_main__48h__ye6000,12:00,72,1229.2820138887328,True,464.6823745401375,459.64752129629187,5.034853243845646,87016.18271065468,85786.90069676595,6239.4409676277855,8428.29170924934,optimal,0.05174662500212435
2025-12-28,M1_M6,causal_load_main,linear_anchor_main,anchor_final_main,True,6000.0,B_energy_neutral,2025-12-28__M1_M6__causal_load_main__linear_anchor_main__anchor_final_main__48h__ye6000,18:00,108,9.997165761888027e-08,False,0.0,0.0,0.0,67090.04510688686,67090.04510678689,10800.0,8428.291709027184,optimal,0.04355061800015392
2025-12-28,M6_only,causal_load_main,linear_anchor_main,anchor_final_main,True,1200.0,A_q2_aligned,2025-12-28__M6_only__causal_load_main__linear_anchor_main__anchor_final_main__48h__ye1200,00:00,0,,True,88708.96382843613,88708.96382843613,0.0,,109529.24455610999,8446.644633690203,8428.291709678375,optimal,0.045427205001033144
2025-12-28,M6_only,causal_load_main,linear_anchor_main,anchor_final_main,True,1200.0,A_q2_aligned,2025-12-28__M6_only__causal_load_main__linear_anchor_main__anchor_final_main__48h__ye1200,06:00,36,899.0795495581551,True,886.4658475593924,211.37743459643355,675.0884129629588,99680.41087056318,98781.33132100503,9927.062914425589,8428.291709678375,optimal,0.06027433000053861
2025-12-28,M6_only,causal_load_main,linear_anchor_main,anchor_final_main,True,6000.0,B_energy_neutral,2025-12-28__M6_only__causal_load_main__linear_anchor_main__anchor_final_main__48h__ye6000,00:00,0,,True,88708.96382843613,88708.96382843613,0.0,,109529.24455610999,8446.644633690203,8428.291709678375,optimal,0.04546074999962002
2025-12-28,M6_only,causal_load_main,linear_anchor_main,anchor_final_main,True,6000.0,B_energy_neutral,2025-12-28__M6_only__causal_load_main__linear_anchor_main__anchor_final_main__48h__ye6000,06:00,36,899.0795495581551,True,886.4658475593924,211.37743459643355,675.0884129629588,99680.41087056318,98781.33132100503,9927.062914425589,8428.291709678375,optimal,0.059425833002023865
2025-12-28,M12_only,causal_load_main,linear_anchor_main,anchor_final_main,True,1200.0,A_q2_aligned,2025-12-28__M12_only__causal_load_main__linear_anchor_main__anchor_final_main__48h__ye1200,00:00,0,,True,88710.62179726956,88710.62179726956,0.0,,109529.94886126454,8445.071746362384,8428.291709691523,optimal,0.045445159998052986
2025-12-28,M12_only,causal_load_main,linear_anchor_main,anchor_final_main,True,1200.0,A_q2_aligned,2025-12-28__M12_only__causal_load_main__linear_anchor_main__anchor_final_main__48h__ye1200,12:00,72,319.59786614791665,True,755.1485893549896,14.999075000000062,740.1495143549895,85910.12630844081,85590.5284422929,6733.985905294661,8428.291709249312,optimal,0.05123812400051975
2025-12-28,M12_only,causal_load_main,linear_anchor_main,anchor_final_main,True,6000.0,B_energy_neutral,2025-12-28__M12_only__causal_load_main__linear_anchor_main__anchor_final_main__48h__ye6000,00:00,0,,True,88710.62179726956,88710.62179726956,0.0,,109529.94886126454,8445.071746362384,8428.291709691523,optimal,0.04553966199819115
2025-12-28,M12_only,causal_load_main,linear_anchor_main,anchor_final_main,True,6000.0,B_energy_neutral,2025-12-28__M12_only__causal_load_main__linear_anchor_main__anchor_final_main__48h__ye6000,12:00,72,319.59786614791665,True,755.1485893549896,14.999075000000062,740.1495143549895,85910.12630844081,85590.5284422929,6733.985905294661,8428.291709249312,optimal,0.05125307400157908
2025-12-28,M18_only,causal_load_main,linear_anchor_main,anchor_final_main,True,1200.0,A_q2_aligned,2025-12-28__M18_only__causal_load_main__linear_anchor_main__anchor_final_main__48h__ye1200,00:00,0,,True,88652.59613007281,88652.59613007281,0.0,,109505.29955784231,8500.119727683606,8428.291709684949,optimal,0.04566033199807862
2025-12-28,M18_only,causal_load_main,linear_anchor_main,anchor_final_main,True,1200.0,A_q2_aligned,2025-12-28__M18_only__causal_load_main__linear_anchor_main__anchor_final_main__48h__ye1200,18:00,108,0.0,False,0.0,0.0,0.0,67090.04510678691,67090.04510678691,10800.0,8428.29170946273,optimal,0.04373502599992207
2025-12-28,M18_only,causal_load_main,linear_anchor_main,anchor_final_main,True,6000.0,B_energy_neutral,2025-12-28__M18_only__causal_load_main__linear_anchor_main__anchor_final_main__48h__ye6000,00:00,0,,True,88652.59613007281,88652.59613007281,0.0,,109505.29955784231,8500.119727683606,8428.291709684949,optimal,0.04556439299994963
2025-12-28,M18_only,causal_load_main,linear_anchor_main,anchor_final_main,True,6000.0,B_energy_neutral,2025-12-28__M18_only__causal_load_main__linear_anchor_main__anchor_final_main__48h__ye6000,18:00,108,0.0,False,0.0,0.0,0.0,67090.04510678691,67090.04510678691,10800.0,8428.29170946273,optimal,0.04394511000282364
2025-12-29,M0,causal_load_main,linear_anchor_main,anchor_final_main,True,1200.0,A_q2_aligned,2025-12-29__M0__causal_load_main__linear_anchor_main__anchor_final_main__48h__ye1200,00:00,0,,True,89071.86245882802,89071.86245882802,0.0,,109378.68086219914,8654.068686771923,8428.29170970426,optimal,0.04552617900117184
2025-12-29,M0,causal_load_main,linear_anchor_main,anchor_final_main,True,6000.0,B_energy_neutral,2025-12-29__M0__causal_load_main__linear_anchor_main__anchor_final_main__48h__ye6000,00:00,0,,True,89071.86245882802,89071.86245882802,0.0,,109378.68086219914,8654.068686771923,8428.29170970426,optimal,0.04634939300012775
2025-12-29,M1_M6,causal_load_main,linear_anchor_main,anchor_final_main,True,1200.0,A_q2_aligned,2025-12-29__M1_M6__causal_load_main__linear_anchor_main__anchor_final_main__48h__ye1200,00:00,0,,True,89071.86245927337,89071.86245927337,0.0,,109378.68086239128,8654.068686342851,8428.291709697685,optimal,0.04542733999915072
2025-12-29,M1_M6,causal_load_main,linear_anchor_main,anchor_final_main,True,1200.0,A_q2_aligned,2025-12-29__M1_M6__causal_load_main__linear_anchor_main__anchor_final_main__48h__ye1200,06:00,36,6049.1503142527945,True,2744.495541001325,2744.495541001325,0.0,106978.49044129672,100929.34012704392,10015.5276319688,8428.291709697685,optimal,0.06078534800326452
2025-12-29,M1_M6,causal_load_main,linear_anchor_main,anchor_final_main,True,1200.0,A_q2_aligned,2025-12-29__M1_M6__causal_load_main__linear_anchor_main__anchor_final_main__48h__ye1200,12:00,72,1310.0532052209019,True,682.9370027224721,429.4309693891388,253.50603333333333,90483.72041607325,89173.66721085235,6733.985905294663,8428.291709697685,optimal,0.051743078998697456
2025-12-29,M1_M6,causal_load_main,linear_anchor_main,anchor_final_main,True,1200.0,A_q2_aligned,2025-12-29__M1_M6__causal_load_main__linear_anchor_main__anchor_final_main__48h__ye1200,18:00,108,0.0,False,0.0,0.0,0.0,67546.69053750925,67546.69053750925,10800.0,8428.291709475456,optimal,0.043849171001056675
2025-12-29,M1_M6,causal_load_main,linear_anchor_main,anchor_final_main,True,6000.0,B_energy_neutral,2025-12-29__M1_M6__causal_load_main__linear_anchor_main__anchor_final_main__48h__ye6000,00:00,0,,True,89071.86245927337,89071.86245927337,0.0,,109378.68086239128,8654.068686342851,8428.291709697685,optimal,0.04585465399941313
2025-12-29,M1_M6,causal_load_main,linear_anchor_main,anchor_final_main,True,6000.0,B_energy_neutral,2025-12-29__M1_M6__causal_load_main__linear_anchor_main__anchor_final_main__48h__ye6000,06:00,36,6049.1503142527945,True,2744.495541001325,2744.495541001325,0.0,106978.49044129672,100929.34012704392,10015.5276319688,8428.291709697685,optimal,0.06073851899782312
2025-12-29,M1_M6,causal_load_main,linear_anchor_main,anchor_final_main,True,6000.0,B_energy_neutral,2025-12-29__M1_M6__causal_load_main__linear_anchor_main__anchor_final_main__48h__ye6000,12:00,72,1310.0532052209019,True,682.9370027224721,429.4309693891388,253.50603333333333,90483.72041607325,89173.66721085235,6733.985905294663,8428.291709697685,optimal,0.05154059100095765
2025-12-29,M1_M6,causal_load_main,linear_anchor_main,anchor_final_main,True,6000.0,B_energy_neutral,2025-12-29__M1_M6__causal_load_main__linear_anchor_main__anchor_final_main__48h__ye6000,18:00,108,0.0,False,0.0,0.0,0.0,67546.69053750925,67546.69053750925,10800.0,8428.291709475456,optimal,0.043347660001018085
2025-12-29,M6_only,causal_load_main,linear_anchor_main,anchor_final_main,True,1200.0,A_q2_aligned,2025-12-29__M6_only__causal_load_main__linear_anchor_main__anchor_final_main__48h__ye1200,00:00,0,,True,89071.86245882802,89071.86245882802,0.0,,109378.68086219914,8654.068686771923,8428.29170970426,optimal,0.046088615999906324
2025-12-29,M6_only,causal_load_main,linear_anchor_main,anchor_final_main,True,1200.0,A_q2_aligned,2025-12-29__M6_only__causal_load_main__linear_anchor_main__anchor_final_main__48h__ye1200,06:00,36,6049.150314252765,True,2744.495541001325,2744.495541001325,0.0,106978.49044129669,100929.34012704392,10015.5276319688,8428.29170970426,optimal,0.06046802899436443
2025-12-29,M6_only,causal_load_main,linear_anchor_main,anchor_final_main,True,6000.0,B_energy_neutral,2025-12-29__M6_only__causal_load_main__linear_anchor_main__anchor_final_main__48h__ye6000,00:00,0,,True,89071.86245882802,89071.86245882802,0.0,,109378.68086219914,8654.068686771923,8428.29170970426,optimal,0.045202354001958156
2025-12-29,M6_only,causal_load_main,linear_anchor_main,anchor_final_main,True,6000.0,B_energy_neutral,2025-12-29__M6_only__causal_load_main__linear_anchor_main__anchor_final_main__48h__ye6000,06:00,36,6049.150314252765,True,2744.495541001325,2744.495541001325,0.0,106978.49044129669,100929.34012704392,10015.5276319688,8428.29170970426,optimal,0.060726415998942684
2025-12-29,M12_only,causal_load_main,linear_anchor_main,anchor_final_main,True,1200.0,A_q2_aligned,2025-12-29__M12_only__causal_load_main__linear_anchor_main__anchor_final_main__48h__ye1200,00:00,0,,True,89071.86245927688,89071.86245927688,0.0,,109378.68086239128,8654.06868634282,8428.291709700972,optimal,0.045417804998578504
2025-12-29,M12_only,causal_load_main,linear_anchor_main,anchor_final_main,True,1200.0,A_q2_aligned,2025-12-29__M12_only__causal_load_main__linear_anchor_main__anchor_final_main__48h__ye1200,12:00,72,3597.5506877340667,True,1430.6731779830386,1430.6731779830386,0.0,92771.21789858642,89173.66721085235,6733.985905294661,8428.291709700972,optimal,0.05185530200105859
2025-12-29,M12_only,causal_load_main,linear_anchor_main,anchor_final_main,True,6000.0,B_energy_neutral,2025-12-29__M12_only__causal_load_main__linear_anchor_main__anchor_final_main__48h__ye6000,00:00,0,,True,89071.86245927688,89071.86245927688,0.0,,109378.68086239128,8654.06868634282,8428.291709700972,optimal,0.0466016620011942
2025-12-29,M12_only,causal_load_main,linear_anchor_main,anchor_final_main,True,6000.0,B_energy_neutral,2025-12-29__M12_only__causal_load_main__linear_anchor_main__anchor_final_main__48h__ye6000,12:00,72,3597.5506877340667,True,1430.6731779830386,1430.6731779830386,0.0,92771.21789858642,89173.66721085235,6733.985905294661,8428.291709700972,optimal,0.051883489002648275
2025-12-29,M18_only,causal_load_main,linear_anchor_main,anchor_final_main,True,1200.0,A_q2_aligned,2025-12-29__M18_only__causal_load_main__linear_anchor_main__anchor_final_main__48h__ye1200,00:00,0,,True,89071.8624588142,89071.8624588142,0.0,,109378.68086219623,8654.068686778455,8428.291709697685,optimal,0.045648735998838674
2025-12-29,M18_only,causal_load_main,linear_anchor_main,anchor_final_main,True,1200.0,A_q2_aligned,2025-12-29__M18_only__causal_load_main__linear_anchor_main__anchor_final_main__48h__ye1200,18:00,108,0.0,False,0.0,0.0,0.0,67546.69053750925,67546.69053750925,10800.0,8428.291709475456,optimal,0.04399728399585001
2025-12-29,M18_only,causal_load_main,linear_anchor_main,anchor_final_main,True,6000.0,B_energy_neutral,2025-12-29__M18_only__causal_load_main__linear_anchor_main__anchor_final_main__48h__ye6000,00:00,0,,True,89071.8624588142,89071.8624588142,0.0,,109378.68086219623,8654.068686778455,8428.291709697685,optimal,0.04585002599924337
2025-12-29,M18_only,causal_load_main,linear_anchor_main,anchor_final_main,True,6000.0,B_energy_neutral,2025-12-29__M18_only__causal_load_main__linear_anchor_main__anchor_final_main__48h__ye6000,18:00,108,0.0,False,0.0,0.0,0.0,67546.69053750925,67546.69053750925,10800.0,8428.291709475456,optimal,0.043629296000290196
2025-12-30,M0,causal_load_main,linear_anchor_main,anchor_final_main,True,1200.0,A_q2_aligned,2025-12-30__M0__causal_load_main__linear_anchor_main__anchor_final_main__48h__ye1200,00:00,0,,True,90492.01395477759,90492.01395477759,0.0,,110017.00445571475,8359.503321962831,8428.291709714942,optimal,0.045326038998609874
2025-12-30,M0,causal_load_main,linear_anchor_main,anchor_final_main,True,6000.0,B_energy_neutral,2025-12-30__M0__causal_load_main__linear_anchor_main__anchor_final_main__48h__ye6000,00:00,0,,True,90492.01395478105,90492.01395478105,0.0,,112122.52859743213,8359.503321962831,8428.291709718229,optimal,0.04544033799902536
2025-12-30,M1_M6,causal_load_main,linear_anchor_main,anchor_final_main,True,1200.0,A_q2_aligned,2025-12-30__M1_M6__causal_load_main__linear_anchor_main__anchor_final_main__48h__ye1200,00:00,0,,True,90492.0139547915,90492.0139547915,0.0,,110017.00445571772,8359.503321956205,8428.291709721516,optimal,0.04520828599925153
2025-12-30,M1_M6,causal_load_main,linear_anchor_main,anchor_final_main,True,1200.0,A_q2_aligned,2025-12-30__M1_M6__causal_load_main__linear_anchor_main__anchor_final_main__48h__ye1200,06:00,36,3570.191886175002,True,1641.8211286507512,1185.9864064285298,455.83472222222144,103890.68478888481,100320.49290270981,9955.302053930895,8428.291709721516,optimal,0.060350315001414856
2025-12-30,M1_M6,causal_load_main,linear_anchor_main,anchor_final_main,True,1200.0,A_q2_aligned,2025-12-30__M1_M6__causal_load_main__linear_anchor_main__anchor_final_main__48h__ye1200,12:00,72,1426.0257916064584,True,2197.9368726159664,62.39723333333313,2135.5396392826333,88402.95281443291,86976.92702282645,6733.985905294661,8428.291709279407,optimal,0.05092678400251316
2025-12-30,M1_M6,causal_load_main,linear_anchor_main,anchor_final_main,True,1200.0,A_q2_aligned,2025-12-30__M1_M6__causal_load_main__linear_anchor_main__anchor_final_main__48h__ye1200,18:00,108,9.997165761888027e-08,False,0.0,0.0,0.0,69737.31007458827,69737.3100744883,10800.0,8428.291709057226,optimal,0.04398771400155965
2025-12-30,M1_M6,causal_load_main,linear_anchor_main,anchor_final_main,True,6000.0,B_energy_neutral,2025-12-30__M1_M6__causal_load_main__linear_anchor_main__anchor_final_main__48h__ye6000,00:00,0,,True,90492.01395478111,90492.01395478111,0.0,,112122.52859743513,8359.503321956205,8428.291709711655,optimal,0.04550818099960452
2025-12-30,M1_M6,causal_load_main,linear_anchor_main,anchor_final_main,True,6000.0,B_energy_neutral,2025-12-30__M1_M6__causal_load_main__linear_anchor_main__anchor_final_main__48h__ye6000,06:00,36,3570.191886175002,True,1641.8211286507085,1185.986406428487,455.83472222222144,105996.20893060222,102426.01704442722,9955.302053930895,8428.291709711655,optimal,0.0603394899990235
2025-12-30,M1_M6,causal_load_main,linear_anchor_main,anchor_final_main,True,6000.0,B_energy_neutral,2025-12-30__M1_M6__causal_load_main__linear_anchor_main__anchor_final_main__48h__ye6000,12:00,72,1426.025791606473,True,2197.9368726159087,62.39723333333313,2135.5396392825755,90508.47695615033,89082.45116454386,6733.985905294661,8428.291709269564,optimal,0.05126722099885228
2025-12-30,M1_M6,causal_load_main,linear_anchor_main,anchor_final_main,True,6000.0,B_energy_neutral,2025-12-30__M1_M6__causal_load_main__linear_anchor_main__anchor_final_main__48h__ye6000,18:00,108,9.99571057036519e-08,False,0.0,0.0,0.0,71842.83421630568,71842.83421620572,10800.0,8428.291709047411,optimal,0.043916871003602864
2025-12-30,M6_only,causal_load_main,linear_anchor_main,anchor_final_main,True,1200.0,A_q2_aligned,2025-12-30__M6_only__causal_load_main__linear_anchor_main__anchor_final_main__48h__ye1200,00:00,0,,True,90492.01395477759,90492.01395477759,0.0,,110017.00445571475,8359.503321962831,8428.291709714942,optimal,0.04895452599885175
2025-12-30,M6_only,causal_load_main,linear_anchor_main,anchor_final_main,True,1200.0,A_q2_aligned,2025-12-30__M6_only__causal_load_main__linear_anchor_main__anchor_final_main__48h__ye1200,06:00,36,3570.1918861749873,True,1641.8211286507085,1185.986406428487,455.83472222222144,103890.68478888483,100320.49290270984,9955.302053930895,8428.291709714942,optimal,0.06029175400180975
2025-12-30,M6_only,causal_load_main,linear_anchor_main,anchor_final_main,True,6000.0,B_energy_neutral,2025-12-30__M6_only__causal_load_main__linear_anchor_main__anchor_final_main__48h__ye6000,00:00,0,,True,90492.01395478105,90492.01395478105,0.0,,112122.52859743213,8359.503321962831,8428.291709718229,optimal,0.04564973999731592
2025-12-30,M6_only,causal_load_main,linear_anchor_main,anchor_final_main,True,6000.0,B_energy_neutral,2025-12-30__M6_only__causal_load_main__linear_anchor_main__anchor_final_main__48h__ye6000,06:00,36,3570.1918861749873,True,1641.8211286506644,1185.986406428443,455.83472222222144,105996.20893060221,102426.01704442722,9955.302053930895,8428.291709718229,optimal,0.060173705001943745
2025-12-30,M12_only,causal_load_main,linear_anchor_main,anchor_final_main,True,1200.0,A_q2_aligned,2025-12-30__M12_only__causal_load_main__linear_anchor_main__anchor_final_main__48h__ye1200,00:00,0,,True,90492.01395477768,90492.01395477768,0.0,,110017.00445571626,8359.503321959468,8428.291709711655,optimal,0.046684131000802154
2025-12-30,M12_only,causal_load_main,linear_anchor_main,anchor_final_main,True,1200.0,A_q2_aligned,2025-12-30__M12_only__causal_load_main__linear_anchor_main__anchor_final_main__48h__ye1200,12:00,72,526.1702344059595,True,1437.228175466001,0.0,1437.228175466001,87503.09725723244,86976.92702282648,6733.985905294663,8428.291709269537,optimal,0.05139037099797861
2025-12-30,M12_only,causal_load_main,linear_anchor_main,anchor_final_main,True,6000.0,B_energy_neutral,2025-12-30__M12_only__causal_load_main__linear_anchor_main__anchor_final_main__48h__ye6000,00:00,0,,True,90492.0139547846,90492.0139547846,0.0,,112122.52859743364,8359.503321959468,8428.291709718229,optimal,0.04632161599874962
2025-12-30,M12_only,causal_load_main,linear_anchor_main,anchor_final_main,True,6000.0,B_energy_neutral,2025-12-30__M12_only__causal_load_main__linear_anchor_main__anchor_final_main__48h__ye6000,12:00,72,526.170234405974,True,1437.2281754660107,0.0,1437.2281754660107,89608.62139894982,89082.45116454385,6733.985905294663,8428.291709276125,optimal,0.050858509002864594
2025-12-30,M18_only,causal_load_main,linear_anchor_main,anchor_final_main,True,1200.0,A_q2_aligned,2025-12-30__M18_only__causal_load_main__linear_anchor_main__anchor_final_main__48h__ye1200,00:00,0,,True,90492.0139547915,90492.0139547915,0.0,,110017.00445571772,8359.503321956205,8428.291709721516,optimal,0.045652772998437285
2025-12-30,M18_only,causal_load_main,linear_anchor_main,anchor_final_main,True,1200.0,A_q2_aligned,2025-12-30__M18_only__causal_load_main__linear_anchor_main__anchor_final_main__48h__ye1200,18:00,108,0.0,False,0.0,0.0,0.0,69737.3100744883,69737.3100744883,10800.0,8428.291709499354,optimal,0.04381689500223729
2025-12-30,M18_only,causal_load_main,linear_anchor_main,anchor_final_main,True,6000.0,B_energy_neutral,2025-12-30__M18_only__causal_load_main__linear_anchor_main__anchor_final_main__48h__ye6000,00:00,0,,True,90492.01395478111,90492.01395478111,0.0,,112122.52859743513,8359.503321956205,8428.291709711655,optimal,0.04549711499930709
2025-12-30,M18_only,causal_load_main,linear_anchor_main,anchor_final_main,True,6000.0,B_energy_neutral,2025-12-30__M18_only__causal_load_main__linear_anchor_main__anchor_final_main__48h__ye6000,18:00,108,0.0,False,0.0,0.0,0.0,71842.83421620572,71842.83421620572,10800.0,8428.291709489491,optimal,0.04365063899967936
2025-12-31,M0,causal_load_main,linear_anchor_main,anchor_final_main,True,1200.0,A_q2_aligned,2025-12-31__M0__causal_load_main__linear_anchor_main__anchor_final_main__48h__ye1200,00:00,0,,True,84431.06967264196,84431.06967264196,0.0,,54548.15723643728,8511.25888875434,1200.0,optimal,0.03814115400018636
2025-12-31,M0,causal_load_main,linear_anchor_main,anchor_final_main,True,6000.0,B_energy_neutral,2025-12-31__M0__causal_load_main__linear_anchor_main__anchor_final_main__48h__ye6000,00:00,0,,True,89428.59513307433,89428.59513307433,0.0,,56653.68137815318,8511.258888757671,6000.0,optimal,0.03714310299983481
2025-12-31,M1_M6,causal_load_main,linear_anchor_main,anchor_final_main,True,1200.0,A_q2_aligned,2025-12-31__M1_M6__causal_load_main__linear_anchor_main__anchor_final_main__48h__ye1200,00:00,0,,True,84431.06967310094,84431.06967310094,0.0,,54548.15723663226,8511.2588883189,1200.0,optimal,0.03753016900009243
2025-12-31,M1_M6,causal_load_main,linear_anchor_main,anchor_final_main,True,1200.0,A_q2_aligned,2025-12-31__M1_M6__causal_load_main__linear_anchor_main__anchor_final_main__48h__ye1200,06:00,36,1649.5878254835843,True,1602.8327044334314,495.4482034035475,1107.3845010298842,45400.39164056377,43750.80381508019,9921.93299733243,1200.0,optimal,0.04380908099847147
2025-12-31,M1_M6,causal_load_main,linear_anchor_main,anchor_final_main,True,1200.0,A_q2_aligned,2025-12-31__M1_M6__causal_load_main__linear_anchor_main__anchor_final_main__48h__ye1200,12:00,72,1311.1081088964893,True,505.8157767809527,505.8157767809527,0.0,32242.938294342464,30931.830185445975,6818.894174038666,1200.0,optimal,0.036068115005036816
2025-12-31,M1_M6,causal_load_main,linear_anchor_main,anchor_final_main,True,1200.0,A_q2_aligned,2025-12-31__M1_M6__causal_load_main__linear_anchor_main__anchor_final_main__48h__ye1200,18:00,108,0.0,False,0.0,0.0,0.0,10938.702882385827,10938.702882385827,10800.0,1200.0,optimal,0.028337872001429787
2025-12-31,M1_M6,causal_load_main,linear_anchor_main,anchor_final_main,True,6000.0,B_energy_neutral,2025-12-31__M1_M6__causal_load_main__linear_anchor_main__anchor_final_main__48h__ye6000,00:00,0,,True,89428.5951335472,89428.5951335472,0.0,,56653.68137835406,8511.258888309068,6000.0,optimal,0.03747269000086817
2025-12-31,M1_M6,causal_load_main,linear_anchor_main,anchor_final_main,True,6000.0,B_energy_neutral,2025-12-31__M1_M6__causal_load_main__linear_anchor_main__anchor_final_main__48h__ye6000,06:00,36,1649.5878254835843,True,1602.8327044334162,495.44820340353215,1107.3845010298842,47505.91578228117,45856.327956797584,9921.93299733243,6000.0,optimal,0.04439048299900605
2025-12-31,M1_M6,causal_load_main,linear_anchor_main,anchor_final_main,True,6000.0,B_energy_neutral,2025-12-31__M1_M6__causal_load_main__linear_anchor_main__anchor_final_main__48h__ye6000,12:00,72,1324.2757141864713,True,510.28603930500174,510.28603930500174,0.0,34367.273300759836,33042.997586573365,6814.182103600669,6000.0,optimal,0.036459503000514815
2025-12-31,M1_M6,causal_load_main,linear_anchor_main,anchor_final_main,True,6000.0,B_energy_neutral,2025-12-31__M1_M6__causal_load_main__linear_anchor_main__anchor_final_main__48h__ye6000,18:00,108,-1.9999788491986692e-08,False,0.0,0.0,0.0,13044.227024103222,13044.227024123222,10799.999999983216,6000.0,optimal,0.028581632002897095
2025-12-31,M6_only,causal_load_main,linear_anchor_main,anchor_final_main,True,1200.0,A_q2_aligned,2025-12-31__M6_only__causal_load_main__linear_anchor_main__anchor_final_main__48h__ye1200,00:00,0,,True,84431.06967264196,84431.06967264196,0.0,,54548.15723643728,8511.25888875434,1200.0,optimal,0.03771545800191234
2025-12-31,M6_only,causal_load_main,linear_anchor_main,anchor_final_main,True,1200.0,A_q2_aligned,2025-12-31__M6_only__causal_load_main__linear_anchor_main__anchor_final_main__48h__ye1200,06:00,36,1649.5878254835843,True,1602.8327044334305,495.44820340354653,1107.3845010298842,45400.39164056377,43750.80381508019,9921.93299733243,1200.0,optimal,0.04368652999983169
2025-12-31,M6_only,causal_load_main,linear_anchor_main,anchor_final_main,True,6000.0,B_energy_neutral,2025-12-31__M6_only__causal_load_main__linear_anchor_main__anchor_final_main__48h__ye6000,00:00,0,,True,89428.59513307433,89428.59513307433,0.0,,56653.68137815318,8511.258888757671,6000.0,optimal,0.03733137500239536
2025-12-31,M6_only,causal_load_main,linear_anchor_main,anchor_final_main,True,6000.0,B_energy_neutral,2025-12-31__M6_only__causal_load_main__linear_anchor_main__anchor_final_main__48h__ye6000,06:00,36,1649.5878254835916,True,1602.8327044334287,495.4482034035446,1107.3845010298842,47505.915782281176,45856.327956797584,9921.93299733243,6000.0,optimal,0.04453777100206935
2025-12-31,M12_only,causal_load_main,linear_anchor_main,anchor_final_main,True,1200.0,A_q2_aligned,2025-12-31__M12_only__causal_load_main__linear_anchor_main__anchor_final_main__48h__ye1200,00:00,0,,True,84431.06967311134,84431.06967311134,0.0,,54548.157236636674,8511.258888309036,1200.0,optimal,0.03837174900036189
2025-12-31,M12_only,causal_load_main,linear_anchor_main,anchor_final_main,True,1200.0,A_q2_aligned,2025-12-31__M12_only__causal_load_main__linear_anchor_main__anchor_final_main__48h__ye1200,12:00,72,2731.444639084668,True,1132.0003643860975,1006.7922421638754,125.20812222222219,33764.96247816007,31033.517839075404,6733.985905294663,1200.0,optimal,0.03627695999966818
2025-12-31,M12_only,causal_load_main,linear_anchor_main,anchor_final_main,True,6000.0,B_energy_neutral,2025-12-31__M12_only__causal_load_main__linear_anchor_main__anchor_final_main__48h__ye6000,00:00,0,,True,89428.59513354034,89428.59513354034,0.0,,56653.68137835113,8511.2588883156,6000.0,optimal,0.03719581200130051
2025-12-31,M12_only,causal_load_main,linear_anchor_main,anchor_final_main,True,6000.0,B_energy_neutral,2025-12-31__M12_only__causal_load_main__linear_anchor_main__anchor_final_main__48h__ye6000,12:00,72,2731.4446391546517,True,1132.0003644100989,1006.7922421878766,125.20812222222219,35870.48661997745,33139.041980822796,6733.985905269612,6000.0,optimal,0.036838965002971236
2025-12-31,M18_only,causal_load_main,linear_anchor_main,anchor_final_main,True,1200.0,A_q2_aligned,2025-12-31__M18_only__causal_load_main__linear_anchor_main__anchor_final_main__48h__ye1200,00:00,0,,True,84431.06967263513,84431.06967263513,0.0,,54548.1572364343,8511.25888876097,1200.0,optimal,0.037816755000676494
2025-12-31,M18_only,causal_load_main,linear_anchor_main,anchor_final_main,True,1200.0,A_q2_aligned,2025-12-31__M18_only__causal_load_main__linear_anchor_main__anchor_final_main__48h__ye1200,18:00,108,0.0,False,0.0,0.0,0.0,10938.702882385827,10938.702882385827,10800.0,1200.0,optimal,0.028203263998875627
2025-12-31,M18_only,causal_load_main,linear_anchor_main,anchor_final_main,True,6000.0,B_energy_neutral,2025-12-31__M18_only__causal_load_main__linear_anchor_main__anchor_final_main__48h__ye6000,00:00,0,,True,89428.5951330813,89428.5951330813,0.0,,56653.681378156136,8511.258888751074,6000.0,optimal,0.03741345800153795
2025-12-31,M18_only,causal_load_main,linear_anchor_main,anchor_final_main,True,6000.0,B_energy_neutral,2025-12-31__M18_only__causal_load_main__linear_anchor_main__anchor_final_main__48h__ye6000,18:00,108,-5.99648046772927e-08,False,0.0,0.0,0.0,13044.227024103222,13044.227024163187,10799.99999994968,6000.0,optimal,0.028384223998727975
