date,strategy,time,planned_g0_kwh,final_g_kwh,price,phi_yuan,emergency_kwh,emergency_cost_yuan
2025-02-01,M0,00:10,422.0303666666667,422.0303666666667,0.4248,179.27849976000002,0.0,0.0
2025-02-01,M0,00:20,415.4073166666667,415.4073166666667,0.4245,176.340405925,0.0,0.0
2025-02-01,M0,00:30,410.7166666666667,410.7166666666667,0.4269,175.334945,0.0,0.0
2025-02-01,M0,00:40,430.29479999999995,430.29479999999995,0.4272,183.82193855999998,0.0,0.0
2025-02-01,M0,00:50,424.4105833333333,424.4105833333333,0.4271,181.26576014166665,0.0,0.0
2025-02-01,M0,01:00,406.0516666666666,406.0516666666666,0.4285,173.99313916666665,0.0,0.0
2025-02-01,M0,01:10,436.7501833333333,436.7501833333333,0.4311,188.28300403499998,0.0,0.0
2025-02-01,M0,01:20,451.7976833333333,451.7976833333333,0.4302,194.36336337,0.0,0.0
2025-02-01,M0,01:30,446.08,446.08,0.4279,190.877632,0.0,0.0
2025-02-01,M0,01:40,471.7663333333333,471.7663333333333,0.4312,203.42564293333334,0.0,0.0
2025-02-01,M0,01:50,448.02596666666665,448.02596666666665,0.4333,194.12965135666667,0.0,0.0
2025-02-01,M0,02:00,397.4033333333333,397.4033333333333,0.4311,171.320577,0.0,0.0
2025-02-01,M0,02:10,434.0906333333333,434.0906333333333,0.4293,186.35510889,0.0,0.0
2025-02-01,M0,02:20,490.5609166666666,490.5609166666666,0.4324,212.11854036666665,0.0,0.0
2025-02-01,M0,02:30,503.22,503.22,0.4367,219.756174,0.0,0.0
2025-02-01,M0,02:40,474.07281666666665,474.07281666666665,0.4348,206.12686068666667,0.0,0.0
2025-02-01,M0,02:50,461.38439999999997,461.38439999999997,0.4335,200.0101374,0.0,0.0
2025-02-01,M0,03:00,476.94166666666666,476.94166666666666,0.4357,207.80348416666666,0.0,0.0
2025-02-01,M0,03:10,483.39955,483.39955,0.4374,211.43896317,0.0,0.0
2025-02-01,M0,03:20,486.6019166666666,486.6019166666666,0.4371,212.69369777499998,0.0,0.0
2025-02-01,M0,03:30,498.84833333333336,498.84833333333336,0.4356,217.298334,0.0,0.0
2025-02-01,M0,03:40,518.3097333333333,518.3097333333333,0.4353,225.62022692,0.0,0.0
2025-02-01,M0,03:50,509.13346666666666,509.13346666666666,0.436,221.98219146666668,0.0,0.0
2025-02-01,M0,04:00,483.6166666666666,483.6166666666666,0.4378,211.72737666666666,0.0,0.0
2025-02-01,M0,04:10,491.1868,491.1868,0.4401,216.17131068,0.0,0.0
2025-02-01,M0,04:20,504.64528333333334,504.64528333333334,0.4389,221.48881485500002,0.0,0.0
2025-02-01,M0,04:30,505.57833333333326,505.57833333333326,0.4364,220.63438466666665,0.0,0.0
2025-02-01,M0,04:40,503.23096666666663,503.23096666666663,0.4393,221.06936365666667,0.0,0.0
2025-02-01,M0,04:50,446.54293263005025,446.54293263005025,0.4422,197.46128480900822,0.0,0.0
2025-02-01,M0,05:00,499.64166666666665,499.64166666666665,0.4395,219.5925125,0.0,0.0
2025-02-01,M0,05:10,488.78358333333335,488.78358333333335,0.4333,211.78992665833334,0.0,0.0
2025-02-01,M0,05:20,0.0,0.0,0.4439,0.0,0.0,0.0
2025-02-01,M0,05:30,529.2233333333334,529.2233333333334,0.4301,227.61895566666666,0.0,0.0
2025-02-01,M0,05:40,1380.74365,1380.74365,0.3713,512.670117245,0.0,0.0
2025-02-01,M0,05:50,0.0,0.0,0.5708,0.0,0.0,0.0
2025-02-01,M0,06:00,0.0,0.0,0.9099,0.0,0.0,0.0
2025-02-01,M0,06:10,0.0,0.0,0.9368,0.0,0.0,0.0
2025-02-01,M0,06:20,0.0,0.0,0.8758,0.0,0.0,0.0
2025-02-01,M0,06:30,0.0,0.0,0.8759,0.0,0.0,0.0
2025-02-01,M0,06:40,0.0,0.0,0.8601,0.0,0.0,0.0
2025-02-01,M0,06:50,0.0,0.0,0.8442,0.0,0.0,0.0
2025-02-01,M0,07:00,0.0,0.0,0.8334,0.0,0.0,0.0
2025-02-01,M0,07:10,0.0,0.0,0.8092,0.0,0.0,0.0
2025-02-01,M0,07:20,0.0,0.0,0.7972,0.0,0.0,0.0
2025-02-01,M0,07:30,0.0,0.0,0.7644,0.0,0.0,0.0
2025-02-01,M0,07:40,0.0,0.0,0.6899,0.0,168.92657777777788,582.7122300444447
2025-02-01,M0,07:50,0.0,0.0,0.86,0.0,16.12686388888875,69.34551472222162
2025-02-01,M0,08:00,0.0,0.0,1.1617,0.0,0.0,0.0
2025-02-01,M0,08:10,0.0,0.0,1.1683,0.0,0.0,0.0
2025-02-01,M0,08:20,0.0,0.0,1.0956,0.0,0.0,0.0
2025-02-01,M0,08:30,0.0,0.0,1.0849,0.0,0.0,0.0
2025-02-01,M0,08:40,0.0,0.0,1.061,0.0,0.0,0.0
2025-02-01,M0,08:50,0.0,0.0,1.043,0.0,0.0,0.0
2025-02-01,M0,09:00,0.0,0.0,1.036,0.0,23.244141666666337,120.40465383333162
2025-02-01,M0,09:10,0.0,0.0,1.0147,0.0,45.824116666666555,232.48865590833273
2025-02-01,M0,09:20,0.0,0.0,0.9922,0.0,0.0,0.0
2025-02-01,M0,09:30,0.0,0.0,0.97,0.0,0.0,0.0
2025-02-01,M0,09:40,0.0,0.0,0.9422,0.0,0.0,0.0
2025-02-01,M0,09:50,0.0,0.0,0.9569,0.0,0.0,0.0
2025-02-01,M0,10:00,0.0,0.0,0.9977,0.0,0.0,0.0
2025-02-01,M0,10:10,0.0,0.0,0.9919,0.0,0.0,0.0
2025-02-01,M0,10:20,0.0,0.0,0.9588,0.0,0.0,0.0
2025-02-01,M0,10:30,0.0,0.0,0.9549,0.0,0.0,0.0
2025-02-01,M0,10:40,0.0,0.0,0.9839,0.0,0.0,0.0
2025-02-01,M0,10:50,0.0,0.0,0.799,0.0,0.0,0.0
2025-02-01,M0,11:00,0.0,0.0,0.5025,0.0,0.0,0.0
2025-02-01,M0,11:10,0.0,0.0,0.4662,0.0,0.0,0.0
2025-02-01,M0,11:20,0.0,0.0,0.5007,0.0,0.0,0.0
2025-02-01,M0,11:30,0.0,0.0,0.4827,0.0,0.0,0.0
2025-02-01,M0,11:40,0.0,0.0,0.4785,0.0,0.0,0.0
2025-02-01,M0,11:50,0.0,0.0,0.4662,0.0,0.0,0.0
2025-02-01,M0,12:00,0.0,0.0,0.4432,0.0,171.46701666666502,379.9709089333296
2025-02-01,M0,12:10,0.0,0.0,0.4411,0.0,404.69151666666687,892.5471400083337
2025-02-01,M0,12:20,0.0,0.0,0.4551,0.0,0.0,0.0
2025-02-01,M0,12:30,0.0,0.0,0.4463,0.0,5.82797499999981,13.005126212499578
2025-02-01,M0,12:40,0.0,0.0,0.4113,0.0,382.3497333333336,786.3022266000004
2025-02-01,M0,12:50,0.0,0.0,0.5682,0.0,0.0,0.0
2025-02-01,M0,13:00,0.0,0.0,0.8279,0.0,0.0,0.0
2025-02-01,M0,13:10,0.0,0.0,0.8636,0.0,0.0,0.0
2025-02-01,M0,13:20,0.0,0.0,0.8416,0.0,0.0,0.0
2025-02-01,M0,13:30,0.0,0.0,0.8618,0.0,0.0,0.0
2025-02-01,M0,13:40,0.0,0.0,0.8623,0.0,0.0,0.0
2025-02-01,M0,13:50,0.0,0.0,0.9026,0.0,0.0,0.0
2025-02-01,M0,14:00,0.0,0.0,0.9754,0.0,0.0,0.0
2025-02-01,M0,14:10,0.0,0.0,1.0002,0.0,0.0,0.0
2025-02-01,M0,14:20,0.0,0.0,0.9978,0.0,0.0,0.0
2025-02-01,M0,14:30,0.0,0.0,1.0271,0.0,0.0,0.0
2025-02-01,M0,14:40,0.0,0.0,1.0906,0.0,0.0,0.0
2025-02-01,M0,14:50,0.0,0.0,0.9376,0.0,0.0,0.0
2025-02-01,M0,15:00,33.52710000000002,33.52710000000002,0.6694,22.44304074000001,0.0,0.0
2025-02-01,M0,15:10,102.93993888888883,102.93993888888883,0.66,67.94035966666664,0.0,0.0
2025-02-01,M0,15:20,167.00214444444453,167.00214444444453,0.7217,120.52544764555562,0.0,0.0
2025-02-01,M0,15:30,226.80128333333334,226.80128333333334,0.7308,165.74637786,0.0,0.0
2025-02-01,M0,15:40,269.44910555555555,269.44910555555555,0.7534,203.00295612555553,0.0,0.0
2025-02-01,M0,15:50,297.2855777777778,297.2855777777778,0.7823,232.56650749555558,0.0,0.0
2025-02-01,M0,16:00,330.4388,330.4388,0.8055,266.16845340000003,0.0,0.0
2025-02-01,M0,16:10,364.5111972222223,364.5111972222223,0.8271,301.48721122250004,0.0,0.0
2025-02-01,M0,16:20,398.20486111111103,398.20486111111103,0.8519,339.23072118055546,0.0,0.0
2025-02-01,M0,16:30,431.01545833333324,431.01545833333324,0.8791,378.90568942083326,0.0,0.0
2025-02-01,M0,16:40,476.9350888888889,476.9350888888889,0.9024,430.3862242133333,0.0,0.0
2025-02-01,M0,16:50,458.20680277777774,458.20680277777774,0.9163,419.85489338527776,0.0,0.0
2025-02-01,M0,17:00,400.9087833333333,400.9087833333333,0.9264,371.40189688,0.0,0.0
2025-02-01,M0,17:10,395.3175027777778,395.3175027777778,0.9462,374.0494211283334,22.32858055555556,105.63651460833336
2025-02-01,M0,17:20,409.19998888888887,409.19998888888887,0.9742,398.6426291755555,30.58081111111113,148.9591309222223
2025-02-01,M0,17:30,233.6143942706228,233.6143942706228,0.9862,230.3905156296882,22.935608333333334,113.09548469166667
2025-02-01,M0,17:40,430.7047611111111,430.7047611111111,0.976,420.36784684444444,14.600955555555515,71.25266311111092
2025-02-01,M0,17:50,0.0,0.0,1.0742,0.0,0.0,0.0
2025-02-01,M0,18:00,0.0,0.0,1.2313,0.0,0.0,0.0
2025-02-01,M0,18:10,0.0,0.0,1.2561,0.0,0.0,0.0
2025-02-01,M0,18:20,0.0,0.0,1.2447,0.0,0.0,0.0
2025-02-01,M0,18:30,0.0,0.0,1.2545,0.0,0.0,0.0
2025-02-01,M0,18:40,0.0,0.0,1.2522,0.0,0.0,0.0
2025-02-01,M0,18:50,0.0,0.0,1.2881,0.0,0.0,0.0
2025-02-01,M0,19:00,0.0,0.0,1.3466,0.0,0.0,0.0
2025-02-01,M0,19:10,0.0,0.0,1.3523,0.0,0.0,0.0
2025-02-01,M0,19:20,0.0,0.0,1.3445,0.0,0.0,0.0
2025-02-01,M0,19:30,0.0,0.0,1.3483,0.0,0.0,0.0
2025-02-01,M0,19:40,0.0,0.0,1.349,0.0,0.0,0.0
2025-02-01,M0,19:50,0.0,0.0,1.3473,0.0,0.0,0.0
2025-02-01,M0,20:00,0.0,0.0,1.3482,0.0,0.0,0.0
2025-02-01,M0,20:10,0.0,0.0,1.3513,0.0,0.0,0.0
2025-02-01,M0,20:20,0.0,0.0,1.34,0.0,0.0,0.0
2025-02-01,M0,20:30,0.0,0.0,1.3489,0.0,0.0,0.0
2025-02-01,M0,20:40,0.0,0.0,1.3952,0.0,0.0,0.0
2025-02-01,M0,20:50,0.0,0.0,1.2226,0.0,0.0,0.0
2025-02-01,M0,21:00,459.405,459.405,0.9332,428.716746,0.0,0.0
2025-02-01,M0,21:10,497.4207666666667,497.4207666666667,0.9068,451.06115121333335,0.0,0.0
2025-02-01,M0,21:20,503.28313333333335,503.28313333333335,0.9371,471.6266242466667,0.0,0.0
2025-02-01,M0,21:30,477.5566666666667,477.5566666666667,0.9371,447.5183523333334,0.0,0.0
2025-02-01,M0,21:40,0.0,0.0,0.9871,0.0,7.59190277777617,37.46983615971429
2025-02-01,M0,21:50,450.2041,450.2041,0.7764,349.53846324,0.0,0.0
2025-02-01,M0,22:00,1225.4183333333333,1225.4183333333333,0.4209,515.7785765,0.0,0.0
2025-02-01,M0,22:10,1205.10315,1205.10315,0.3859,465.049305585,0.0,0.0
2025-02-01,M0,22:20,363.57821666666666,363.57821666666666,0.4368,158.81096504,0.0,0.0
2025-02-01,M0,22:30,1192.4899999999998,1192.4899999999998,0.4198,500.6073019999999,0.0,0.0
2025-02-01,M0,22:40,1215.38405,1215.38405,0.4186,508.75976333,0.0,0.0
2025-02-01,M0,22:50,1250.50175,1250.50175,0.4241,530.3377921749999,0.0,0.0
2025-02-01,M0,23:00,1265.1299999999999,1265.1299999999999,0.4237,536.035581,0.0,0.0
2025-02-01,M0,23:10,525.7534148993905,525.7534148993905,0.4248,223.3400506492611,0.0,0.0
2025-02-01,M0,23:20,1234.2931999999998,1234.2931999999998,0.424,523.3403167999999,0.0,0.0
2025-02-01,M0,23:30,1243.2783333333332,1243.2783333333332,0.422,524.6634566666665,0.0,0.0
2025-02-01,M0,23:40,1220.5700333333332,1220.5700333333332,0.424,517.5216941333333,0.0,0.0
2025-02-01,M0,23:50,454.71015,454.71015,0.4271,194.206705065,0.0,0.0
2025-02-01,M0,0:00+1,580.8233333333333,580.8233333333333,0.4276,248.3600573333333,0.0,0.0
2025-02-01,M1_M6,00:10,422.0303666666667,422.0303666666667,0.4248,179.27849976000002,0.0,0.0
2025-02-01,M1_M6,00:20,415.4073166666667,415.4073166666667,0.4245,176.340405925,0.0,0.0
2025-02-01,M1_M6,00:30,410.7166666666667,410.7166666666667,0.4269,175.334945,0.0,0.0
2025-02-01,M1_M6,00:40,430.29479999999995,430.29479999999995,0.4272,183.82193855999998,0.0,0.0
2025-02-01,M1_M6,00:50,424.4105833333333,424.4105833333333,0.4271,181.26576014166665,0.0,0.0
2025-02-01,M1_M6,01:00,406.0516666666666,406.0516666666666,0.4285,173.99313916666665,0.0,0.0
2025-02-01,M1_M6,01:10,436.7501833333333,436.7501833333333,0.4311,188.28300403499998,0.0,0.0
2025-02-01,M1_M6,01:20,451.7976833333333,451.7976833333333,0.4302,194.36336337,0.0,0.0
2025-02-01,M1_M6,01:30,446.08,446.08,0.4279,190.877632,0.0,0.0
2025-02-01,M1_M6,01:40,471.7663333333333,471.7663333333333,0.4312,203.42564293333334,0.0,0.0
2025-02-01,M1_M6,01:50,448.02596666666665,448.02596666666665,0.4333,194.12965135666667,0.0,0.0
2025-02-01,M1_M6,02:00,397.4033333333333,397.4033333333333,0.4311,171.320577,0.0,0.0
2025-02-01,M1_M6,02:10,434.0906333333333,434.0906333333333,0.4293,186.35510889,0.0,0.0
2025-02-01,M1_M6,02:20,490.5609166666666,490.5609166666666,0.4324,212.11854036666665,0.0,0.0
2025-02-01,M1_M6,02:30,503.22,503.22,0.4367,219.756174,0.0,0.0
2025-02-01,M1_M6,02:40,474.07281666666665,474.07281666666665,0.4348,206.12686068666667,0.0,0.0
2025-02-01,M1_M6,02:50,461.38439999999997,461.38439999999997,0.4335,200.0101374,0.0,0.0
2025-02-01,M1_M6,03:00,476.94166666666666,476.94166666666666,0.4357,207.80348416666666,0.0,0.0
2025-02-01,M1_M6,03:10,483.39955,483.39955,0.4374,211.43896317,0.0,0.0
2025-02-01,M1_M6,03:20,486.6019166666666,486.6019166666666,0.4371,212.69369777499998,0.0,0.0
2025-02-01,M1_M6,03:30,498.84833333333336,498.84833333333336,0.4356,217.298334,0.0,0.0
2025-02-01,M1_M6,03:40,518.3097333333333,518.3097333333333,0.4353,225.62022692,0.0,0.0
2025-02-01,M1_M6,03:50,509.13346666666666,509.13346666666666,0.436,221.98219146666668,0.0,0.0
2025-02-01,M1_M6,04:00,483.6166666666666,483.6166666666666,0.4378,211.72737666666666,0.0,0.0
2025-02-01,M1_M6,04:10,491.1868,491.1868,0.4401,216.17131068,0.0,0.0
2025-02-01,M1_M6,04:20,504.64528333333334,504.64528333333334,0.4389,221.48881485500002,0.0,0.0
2025-02-01,M1_M6,04:30,505.57833333333326,505.57833333333326,0.4364,220.63438466666665,0.0,0.0
2025-02-01,M1_M6,04:40,503.23096666666663,503.23096666666663,0.4393,221.06936365666667,0.0,0.0
2025-02-01,M1_M6,04:50,446.54293263005025,446.54293263005025,0.4422,197.46128480900822,0.0,0.0
2025-02-01,M1_M6,05:00,499.64166666666665,499.64166666666665,0.4395,219.5925125,0.0,0.0
2025-02-01,M1_M6,05:10,488.78358333333335,488.78358333333335,0.4333,211.78992665833334,0.0,0.0
2025-02-01,M1_M6,05:20,0.0,0.0,0.4439,0.0,0.0,0.0
2025-02-01,M1_M6,05:30,529.2233333333334,529.2233333333334,0.4301,227.61895566666666,0.0,0.0
2025-02-01,M1_M6,05:40,1380.74365,1380.74365,0.3713,512.670117245,0.0,0.0
2025-02-01,M1_M6,05:50,0.0,0.0,0.5708,0.0,0.0,0.0
2025-02-01,M1_M6,06:00,0.0,0.0,0.9099,0.0,0.0,0.0
2025-02-01,M1_M6,06:10,0.0,0.0,0.9368,0.0,0.0,0.0
2025-02-01,M1_M6,06:20,0.0,0.0,0.8758,0.0,0.0,0.0
2025-02-01,M1_M6,06:30,0.0,0.0,0.8759,0.0,0.0,0.0
2025-02-01,M1_M6,06:40,0.0,0.0,0.8601,0.0,0.0,0.0
2025-02-01,M1_M6,06:50,0.0,0.0,0.8442,0.0,0.0,0.0
2025-02-01,M1_M6,07:00,0.0,0.0,0.8334,0.0,0.0,0.0
2025-02-01,M1_M6,07:10,0.0,0.0,0.8092,0.0,0.0,0.0
2025-02-01,M1_M6,07:20,0.0,0.0,0.7972,0.0,0.0,0.0
2025-02-01,M1_M6,07:30,0.0,0.0,0.7644,0.0,0.0,0.0
2025-02-01,M1_M6,07:40,0.0,0.0,0.6899,0.0,117.86701388888821,406.5822644097198
2025-02-01,M1_M6,07:50,0.0,0.0,0.86,0.0,18.078238888888905,77.73642722222229
2025-02-01,M1_M6,08:00,0.0,0.0,1.1617,0.0,0.0,0.0
2025-02-01,M1_M6,08:10,0.0,0.0,1.1683,0.0,0.0,0.0
2025-02-01,M1_M6,08:20,0.0,0.0,1.0956,0.0,0.0,0.0
2025-02-01,M1_M6,08:30,0.0,0.0,1.0849,0.0,0.0,0.0
2025-02-01,M1_M6,08:40,0.0,0.0,1.061,0.0,0.0,0.0
2025-02-01,M1_M6,08:50,0.0,0.0,1.043,0.0,0.0,0.0
2025-02-01,M1_M6,09:00,0.0,0.0,1.036,0.0,72.35233055555588,374.7850722777794
2025-02-01,M1_M6,09:10,0.0,0.0,1.0147,0.0,45.824116666666555,232.48865590833273
2025-02-01,M1_M6,09:20,0.0,0.0,0.9922,0.0,0.0,0.0
2025-02-01,M1_M6,09:30,0.0,0.0,0.97,0.0,0.0,0.0
2025-02-01,M1_M6,09:40,0.0,0.0,0.9422,0.0,0.0,0.0
2025-02-01,M1_M6,09:50,0.0,0.0,0.9569,0.0,0.0,0.0
2025-02-01,M1_M6,10:00,0.0,0.0,0.9977,0.0,0.0,0.0
2025-02-01,M1_M6,10:10,0.0,0.0,0.9919,0.0,0.0,0.0
2025-02-01,M1_M6,10:20,0.0,0.0,0.9588,0.0,0.0,0.0
2025-02-01,M1_M6,10:30,0.0,0.0,0.9549,0.0,0.0,0.0
2025-02-01,M1_M6,10:40,0.0,0.0,0.9839,0.0,0.0,0.0
2025-02-01,M1_M6,10:50,0.0,0.0,0.799,0.0,0.0,0.0
2025-02-01,M1_M6,11:00,0.0,0.0,0.5025,0.0,0.0,0.0
2025-02-01,M1_M6,11:10,0.0,0.0,0.4662,0.0,0.0,0.0
2025-02-01,M1_M6,11:20,0.0,0.0,0.5007,0.0,0.0,0.0
2025-02-01,M1_M6,11:30,0.0,0.0,0.4827,0.0,0.0,0.0
2025-02-01,M1_M6,11:40,0.0,0.0,0.4785,0.0,0.0,0.0
2025-02-01,M1_M6,11:50,0.0,0.0,0.4662,0.0,0.0,0.0
2025-02-01,M1_M6,12:00,0.0,0.0,0.4432,0.0,0.0,0.0
2025-02-01,M1_M6,12:10,0.0,418.1746861111111,0.4411,276.6852810654167,0.0,0.0
2025-02-01,M1_M6,12:20,0.0,0.0,0.4551,0.0,0.0,0.0
2025-02-01,M1_M6,12:30,0.0,138.16440609839844,0.4463,92.49416166257284,16.137836346465065,36.01158180713679
2025-02-01,M1_M6,12:40,0.0,368.41612777777766,0.4113,227.29433003249994,13.933605555555914,28.654459825000735
2025-02-01,M1_M6,12:50,0.0,0.0,0.5682,0.0,0.0,0.0
2025-02-01,M1_M6,13:00,0.0,0.0,0.8279,0.0,0.0,0.0
2025-02-01,M1_M6,13:10,0.0,0.0,0.8636,0.0,0.0,0.0
2025-02-01,M1_M6,13:20,0.0,0.0,0.8416,0.0,0.0,0.0
2025-02-01,M1_M6,13:30,0.0,0.0,0.8618,0.0,0.0,0.0
2025-02-01,M1_M6,13:40,0.0,0.0,0.8623,0.0,0.0,0.0
2025-02-01,M1_M6,13:50,0.0,0.0,0.9026,0.0,0.0,0.0
2025-02-01,M1_M6,14:00,0.0,0.0,0.9754,0.0,0.0,0.0
2025-02-01,M1_M6,14:10,0.0,0.0,1.0002,0.0,0.0,0.0
2025-02-01,M1_M6,14:20,0.0,0.0,0.9978,0.0,0.0,0.0
2025-02-01,M1_M6,14:30,0.0,0.0,1.0271,0.0,0.0,0.0
2025-02-01,M1_M6,14:40,0.0,0.0,1.0906,0.0,0.0,0.0
2025-02-01,M1_M6,14:50,0.0,0.0,0.9376,0.0,0.0,0.0
2025-02-01,M1_M6,15:00,33.52710000000002,33.52710000000002,0.6694,22.44304074000001,0.0,0.0
2025-02-01,M1_M6,15:10,102.93993888888883,102.93993888888883,0.66,67.94035966666664,11.208661890467312,36.98858423854213
2025-02-01,M1_M6,15:20,167.00214444444453,167.00214444444453,0.7217,120.52544764555562,5.028416666666445,18.14504154166587
2025-02-01,M1_M6,15:30,226.80128333333334,226.80128333333334,0.7308,165.74637786,12.215149872440747,44.63415763389849
2025-02-01,M1_M6,15:40,269.44910555555555,269.44910555555555,0.7534,203.00295612555553,1.612616645171272,6.074726902360181
2025-02-01,M1_M6,15:50,297.2855777777778,297.2855777777778,0.7823,232.56650749555558,0.0,0.0
2025-02-01,M1_M6,16:00,330.4388,330.4388,0.8055,266.16845340000003,0.0,0.0
2025-02-01,M1_M6,16:10,364.5111972222223,364.5111972222223,0.8271,301.48721122250004,0.0,0.0
2025-02-01,M1_M6,16:20,398.20486111111103,398.20486111111103,0.8519,339.23072118055546,0.0,0.0
2025-02-01,M1_M6,16:30,431.01545833333324,431.01545833333324,0.8791,378.90568942083326,0.0,0.0
2025-02-01,M1_M6,16:40,476.9350888888889,476.9350888888889,0.9024,430.3862242133333,0.0,0.0
2025-02-01,M1_M6,16:50,458.20680277777774,458.20680277777774,0.9163,419.85489338527776,0.0,0.0
2025-02-01,M1_M6,17:00,400.9087833333333,400.9087833333333,0.9264,371.40189688,0.0,0.0
2025-02-01,M1_M6,17:10,395.3175027777778,395.3175027777778,0.9462,374.0494211283334,20.135181045193164,95.25954152480885
2025-02-01,M1_M6,17:20,409.19998888888887,409.19998888888887,0.9742,398.6426291755555,30.58081111111113,148.9591309222223
2025-02-01,M1_M6,17:30,233.6143942706228,233.6143942706228,0.9862,230.3905156296882,34.07132999999894,168.00572822999476
2025-02-01,M1_M6,17:40,430.7047611111111,430.7047611111111,0.976,420.36784684444444,14.600955555555515,71.25266311111092
2025-02-01,M1_M6,17:50,0.0,0.0,1.0742,0.0,0.0,0.0
2025-02-01,M1_M6,18:00,0.0,0.0,1.2313,0.0,0.0,0.0
2025-02-01,M1_M6,18:10,0.0,0.0,1.2561,0.0,0.0,0.0
2025-02-01,M1_M6,18:20,0.0,0.0,1.2447,0.0,0.0,0.0
2025-02-01,M1_M6,18:30,0.0,0.0,1.2545,0.0,0.0,0.0
2025-02-01,M1_M6,18:40,0.0,0.0,1.2522,0.0,0.0,0.0
2025-02-01,M1_M6,18:50,0.0,0.0,1.2881,0.0,0.0,0.0
2025-02-01,M1_M6,19:00,0.0,0.0,1.3466,0.0,0.0,0.0
2025-02-01,M1_M6,19:10,0.0,0.0,1.3523,0.0,0.0,0.0
2025-02-01,M1_M6,19:20,0.0,0.0,1.3445,0.0,0.0,0.0
2025-02-01,M1_M6,19:30,0.0,0.0,1.3483,0.0,0.0,0.0
2025-02-01,M1_M6,19:40,0.0,0.0,1.349,0.0,0.0,0.0
2025-02-01,M1_M6,19:50,0.0,0.0,1.3473,0.0,0.0,0.0
2025-02-01,M1_M6,20:00,0.0,0.0,1.3482,0.0,0.0,0.0
2025-02-01,M1_M6,20:10,0.0,0.0,1.3513,0.0,0.0,0.0
2025-02-01,M1_M6,20:20,0.0,0.0,1.34,0.0,0.0,0.0
2025-02-01,M1_M6,20:30,0.0,0.0,1.3489,0.0,0.0,0.0
2025-02-01,M1_M6,20:40,0.0,0.0,1.3952,0.0,0.0,0.0
2025-02-01,M1_M6,20:50,0.0,0.0,1.2226,0.0,0.0,0.0
2025-02-01,M1_M6,21:00,459.405,459.405,0.9332,428.716746,0.0,0.0
2025-02-01,M1_M6,21:10,497.4207666666667,497.4207666666667,0.9068,451.06115121333335,0.0,0.0
2025-02-01,M1_M6,21:20,503.28313333333335,503.28313333333335,0.9371,471.6266242466667,0.0,0.0
2025-02-01,M1_M6,21:30,477.5566666666667,477.5566666666667,0.9371,447.5183523333334,0.0,0.0
2025-02-01,M1_M6,21:40,0.0,12.36944833333456,0.9871,18.314823674751814,0.0,0.0
2025-02-01,M1_M6,21:50,450.2041,450.2041,0.7764,349.53846324,0.0,0.0
2025-02-01,M1_M6,22:00,1225.4183333333333,1225.4183333333333,0.4209,515.7785765,0.0,0.0
2025-02-01,M1_M6,22:10,1205.10315,1205.10315,0.3859,465.049305585,0.0,0.0
2025-02-01,M1_M6,22:20,363.57821666666666,363.57821666666666,0.4368,158.81096504,0.0,0.0
2025-02-01,M1_M6,22:30,1192.4899999999998,1192.4899999999998,0.4198,500.6073019999999,0.0,0.0
2025-02-01,M1_M6,22:40,1215.38405,1215.38405,0.4186,508.75976333,0.0,0.0
2025-02-01,M1_M6,22:50,1250.50175,1250.50175,0.4241,530.3377921749999,0.0,0.0
2025-02-01,M1_M6,23:00,1265.1299999999999,1265.1299999999999,0.4237,536.035581,0.0,0.0
2025-02-01,M1_M6,23:10,525.7534148993905,525.753414433203,0.4248,223.34005055024286,0.0,0.0
2025-02-01,M1_M6,23:20,1234.2931999999998,1234.2931999999998,0.424,523.3403167999999,0.0,0.0
2025-02-01,M1_M6,23:30,1243.2783333333332,1243.2783333333332,0.422,524.6634566666665,0.0,0.0
2025-02-01,M1_M6,23:40,1220.5700333333332,1220.5700333333332,0.424,517.5216941333333,0.0,0.0
2025-02-01,M1_M6,23:50,454.71015,454.71015,0.4271,194.206705065,0.0,0.0
2025-02-01,M1_M6,0:00+1,580.8233333333333,580.8233333333333,0.4276,248.3600573333333,0.0,0.0
2025-02-01,M6_only,00:10,422.0303666666667,422.0303666666667,0.4248,179.27849976000002,0.0,0.0
2025-02-01,M6_only,00:20,415.4073166666667,415.4073166666667,0.4245,176.340405925,0.0,0.0
2025-02-01,M6_only,00:30,410.7166666666667,410.7166666666667,0.4269,175.334945,0.0,0.0
2025-02-01,M6_only,00:40,430.29479999999995,430.29479999999995,0.4272,183.82193855999998,0.0,0.0
2025-02-01,M6_only,00:50,424.4105833333333,424.4105833333333,0.4271,181.26576014166665,0.0,0.0
2025-02-01,M6_only,01:00,406.0516666666666,406.0516666666666,0.4285,173.99313916666665,0.0,0.0
2025-02-01,M6_only,01:10,436.7501833333333,436.7501833333333,0.4311,188.28300403499998,0.0,0.0
2025-02-01,M6_only,01:20,451.7976833333333,451.7976833333333,0.4302,194.36336337,0.0,0.0
2025-02-01,M6_only,01:30,446.08,446.08,0.4279,190.877632,0.0,0.0
2025-02-01,M6_only,01:40,471.7663333333333,471.7663333333333,0.4312,203.42564293333334,0.0,0.0
2025-02-01,M6_only,01:50,448.02596666666665,448.02596666666665,0.4333,194.12965135666667,0.0,0.0
2025-02-01,M6_only,02:00,397.4033333333333,397.4033333333333,0.4311,171.320577,0.0,0.0
2025-02-01,M6_only,02:10,434.0906333333333,434.0906333333333,0.4293,186.35510889,0.0,0.0
2025-02-01,M6_only,02:20,490.5609166666666,490.5609166666666,0.4324,212.11854036666665,0.0,0.0
2025-02-01,M6_only,02:30,503.22,503.22,0.4367,219.756174,0.0,0.0
2025-02-01,M6_only,02:40,474.07281666666665,474.07281666666665,0.4348,206.12686068666667,0.0,0.0
2025-02-01,M6_only,02:50,461.38439999999997,461.38439999999997,0.4335,200.0101374,0.0,0.0
2025-02-01,M6_only,03:00,476.94166666666666,476.94166666666666,0.4357,207.80348416666666,0.0,0.0
2025-02-01,M6_only,03:10,483.39955,483.39955,0.4374,211.43896317,0.0,0.0
2025-02-01,M6_only,03:20,486.6019166666666,486.6019166666666,0.4371,212.69369777499998,0.0,0.0
2025-02-01,M6_only,03:30,498.84833333333336,498.84833333333336,0.4356,217.298334,0.0,0.0
2025-02-01,M6_only,03:40,518.3097333333333,518.3097333333333,0.4353,225.62022692,0.0,0.0
2025-02-01,M6_only,03:50,509.13346666666666,509.13346666666666,0.436,221.98219146666668,0.0,0.0
2025-02-01,M6_only,04:00,483.6166666666666,483.6166666666666,0.4378,211.72737666666666,0.0,0.0
2025-02-01,M6_only,04:10,491.1868,491.1868,0.4401,216.17131068,0.0,0.0
2025-02-01,M6_only,04:20,504.64528333333334,504.64528333333334,0.4389,221.48881485500002,0.0,0.0
2025-02-01,M6_only,04:30,505.57833333333326,505.57833333333326,0.4364,220.63438466666665,0.0,0.0
2025-02-01,M6_only,04:40,503.23096666666663,503.23096666666663,0.4393,221.06936365666667,0.0,0.0
2025-02-01,M6_only,04:50,446.54293263005025,446.54293263005025,0.4422,197.46128480900822,0.0,0.0
2025-02-01,M6_only,05:00,499.64166666666665,499.64166666666665,0.4395,219.5925125,0.0,0.0
2025-02-01,M6_only,05:10,488.78358333333335,488.78358333333335,0.4333,211.78992665833334,0.0,0.0
2025-02-01,M6_only,05:20,0.0,0.0,0.4439,0.0,0.0,0.0
2025-02-01,M6_only,05:30,529.2233333333334,529.2233333333334,0.4301,227.61895566666666,0.0,0.0
2025-02-01,M6_only,05:40,1380.74365,1380.74365,0.3713,512.670117245,0.0,0.0
2025-02-01,M6_only,05:50,0.0,0.0,0.5708,0.0,0.0,0.0
2025-02-01,M6_only,06:00,0.0,0.0,0.9099,0.0,0.0,0.0
2025-02-01,M6_only,06:10,0.0,0.0,0.9368,0.0,0.0,0.0
2025-02-01,M6_only,06:20,0.0,0.0,0.8758,0.0,0.0,0.0
2025-02-01,M6_only,06:30,0.0,0.0,0.8759,0.0,0.0,0.0
2025-02-01,M6_only,06:40,0.0,0.0,0.8601,0.0,0.0,0.0
2025-02-01,M6_only,06:50,0.0,0.0,0.8442,0.0,0.0,0.0
2025-02-01,M6_only,07:00,0.0,0.0,0.8334,0.0,0.0,0.0
2025-02-01,M6_only,07:10,0.0,0.0,0.8092,0.0,0.0,0.0
2025-02-01,M6_only,07:20,0.0,0.0,0.7972,0.0,0.0,0.0
2025-02-01,M6_only,07:30,0.0,0.0,0.7644,0.0,0.0,0.0
2025-02-01,M6_only,07:40,0.0,0.0,0.6899,0.0,117.86701388888821,406.5822644097198
2025-02-01,M6_only,07:50,0.0,0.0,0.86,0.0,18.078238888888905,77.73642722222229
2025-02-01,M6_only,08:00,0.0,0.0,1.1617,0.0,0.0,0.0
2025-02-01,M6_only,08:10,0.0,0.0,1.1683,0.0,0.0,0.0
2025-02-01,M6_only,08:20,0.0,0.0,1.0956,0.0,0.0,0.0
2025-02-01,M6_only,08:30,0.0,0.0,1.0849,0.0,0.0,0.0
2025-02-01,M6_only,08:40,0.0,0.0,1.061,0.0,0.0,0.0
2025-02-01,M6_only,08:50,0.0,0.0,1.043,0.0,0.0,0.0
2025-02-01,M6_only,09:00,0.0,0.0,1.036,0.0,72.35233055555588,374.7850722777794
2025-02-01,M6_only,09:10,0.0,0.0,1.0147,0.0,45.824116666666555,232.48865590833273
2025-02-01,M6_only,09:20,0.0,0.0,0.9922,0.0,0.0,0.0
2025-02-01,M6_only,09:30,0.0,0.0,0.97,0.0,0.0,0.0
2025-02-01,M6_only,09:40,0.0,0.0,0.9422,0.0,0.0,0.0
2025-02-01,M6_only,09:50,0.0,0.0,0.9569,0.0,0.0,0.0
2025-02-01,M6_only,10:00,0.0,0.0,0.9977,0.0,0.0,0.0
2025-02-01,M6_only,10:10,0.0,0.0,0.9919,0.0,0.0,0.0
2025-02-01,M6_only,10:20,0.0,0.0,0.9588,0.0,0.0,0.0
2025-02-01,M6_only,10:30,0.0,0.0,0.9549,0.0,0.0,0.0
2025-02-01,M6_only,10:40,0.0,0.0,0.9839,0.0,0.0,0.0
2025-02-01,M6_only,10:50,0.0,0.0,0.799,0.0,0.0,0.0
2025-02-01,M6_only,11:00,0.0,0.0,0.5025,0.0,0.0,0.0
2025-02-01,M6_only,11:10,0.0,0.0,0.4662,0.0,0.0,0.0
2025-02-01,M6_only,11:20,0.0,0.0,0.5007,0.0,0.0,0.0
2025-02-01,M6_only,11:30,0.0,0.0,0.4827,0.0,0.0,0.0
2025-02-01,M6_only,11:40,0.0,0.0,0.4785,0.0,0.0,0.0
2025-02-01,M6_only,11:50,0.0,0.0,0.4662,0.0,0.0,0.0
2025-02-01,M6_only,12:00,0.0,0.0,0.4432,0.0,0.0,0.0
2025-02-01,M6_only,12:10,0.0,0.0,0.4411,0.0,197.7599415366451,436.15955105907074
2025-02-01,M6_only,12:20,0.0,0.0,0.4551,0.0,0.0,0.0
2025-02-01,M6_only,12:30,0.0,0.0,0.4463,0.0,183.87479722222224,410.31661000138894
2025-02-01,M6_only,12:40,0.0,0.0,0.4113,0.0,382.3497333333336,786.3022266000004
2025-02-01,M6_only,12:50,0.0,0.0,0.5682,0.0,104.31056388888828,296.3463120083316
2025-02-01,M6_only,13:00,0.0,0.0,0.8279,0.0,0.0,0.0
2025-02-01,M6_only,13:10,0.0,0.0,0.8636,0.0,0.0,0.0
2025-02-01,M6_only,13:20,0.0,0.0,0.8416,0.0,0.0,0.0
2025-02-01,M6_only,13:30,0.0,0.0,0.8618,0.0,0.0,0.0
2025-02-01,M6_only,13:40,0.0,0.0,0.8623,0.0,0.0,0.0
2025-02-01,M6_only,13:50,0.0,0.0,0.9026,0.0,0.0,0.0
2025-02-01,M6_only,14:00,0.0,0.0,0.9754,0.0,0.0,0.0
2025-02-01,M6_only,14:10,0.0,0.0,1.0002,0.0,0.0,0.0
2025-02-01,M6_only,14:20,0.0,0.0,0.9978,0.0,0.0,0.0
2025-02-01,M6_only,14:30,0.0,0.0,1.0271,0.0,0.0,0.0
2025-02-01,M6_only,14:40,0.0,0.0,1.0906,0.0,0.0,0.0
2025-02-01,M6_only,14:50,0.0,0.0,0.9376,0.0,0.0,0.0
2025-02-01,M6_only,15:00,33.52710000000002,0.0,0.6694,11.221520370000006,0.0,0.0
2025-02-01,M6_only,15:10,102.93993888888883,14.779566666666597,0.66,38.84743683333329,715.4952833333341,2361.1344350000027
2025-02-01,M6_only,15:20,167.00214444444453,69.70863333333341,0.7217,85.41708416111118,28.225433333333285,101.85147618333316
2025-02-01,M6_only,15:30,226.80128333333334,120.37463333333329,0.7308,126.85807994999999,37.64286666666675,137.5470348000003
2025-02-01,M6_only,15:40,269.44910555555555,153.88931666666662,0.7534,159.47158365111108,29.271033333333378,110.26398256666683
2025-02-01,M6_only,15:50,297.2855777777778,172.59265,0.7823,183.79286879527777,21.54540000000003,84.27483210000013
2025-02-01,M6_only,16:00,330.4388,196.61273333333332,0.8055,212.27000505,23.2060166666667,93.46223212500013
2025-02-01,M6_only,16:10,364.5111972222223,249.8416472222222,0.8271,254.06561882,23.066702777777834,95.39234933750022
2025-02-01,M6_only,16:20,398.20486111111103,302.6918277777777,0.8519,298.54694463222216,15.902722222222224,67.73764530555556
2025-02-01,M6_only,16:30,431.01545833333324,354.6589416666666,0.8791,345.3431825199999,6.085225000000037,26.747606487500164
2025-02-01,M6_only,16:40,476.9350888888889,419.73508888888887,0.9024,404.57758421333335,5.032177777777804,22.70518613333345
2025-02-01,M6_only,16:50,458.20680277777774,420.16331944444437,0.9163,402.42527149611107,5.943230555555601,27.22891079027799
2025-02-01,M6_only,17:00,400.9087833333333,382.0218166666666,0.9264,362.65345392,5.051933333333352,23.400555200000085
2025-02-01,M6_only,17:10,395.3175027777778,379.5783638888889,0.9462,366.60323452,38.06771944444449,180.09838069166688
2025-02-01,M6_only,17:20,409.19998888888887,396.60867777777776,0.9742,392.5094015333333,43.17212222222224,210.29140734444454
2025-02-01,M6_only,17:30,233.6143942706228,221.02308848730797,0.9862,224.18174274793566,32.37909166666742,159.66130100833706
2025-02-01,M6_only,17:40,430.7047611111111,424.4091055555555,0.976,417.2955669333333,20.8966111111111,101.97546222222216
2025-02-01,M6_only,17:50,0.0,0.0,1.0742,0.0,0.0,0.0
2025-02-01,M6_only,18:00,0.0,0.0,1.2313,0.0,0.0,0.0
2025-02-01,M6_only,18:10,0.0,0.0,1.2561,0.0,0.0,0.0
2025-02-01,M6_only,18:20,0.0,0.0,1.2447,0.0,0.0,0.0
2025-02-01,M6_only,18:30,0.0,0.0,1.2545,0.0,0.0,0.0
2025-02-01,M6_only,18:40,0.0,0.0,1.2522,0.0,0.0,0.0
2025-02-01,M6_only,18:50,0.0,0.0,1.2881,0.0,0.0,0.0
2025-02-01,M6_only,19:00,0.0,0.0,1.3466,0.0,0.0,0.0
2025-02-01,M6_only,19:10,0.0,0.0,1.3523,0.0,0.0,0.0
2025-02-01,M6_only,19:20,0.0,0.0,1.3445,0.0,0.0,0.0
2025-02-01,M6_only,19:30,0.0,0.0,1.3483,0.0,0.0,0.0
2025-02-01,M6_only,19:40,0.0,0.0,1.349,0.0,0.0,0.0
2025-02-01,M6_only,19:50,0.0,0.0,1.3473,0.0,0.0,0.0
2025-02-01,M6_only,20:00,0.0,0.0,1.3482,0.0,0.0,0.0
2025-02-01,M6_only,20:10,0.0,0.0,1.3513,0.0,0.0,0.0
2025-02-01,M6_only,20:20,0.0,0.0,1.34,0.0,0.0,0.0
2025-02-01,M6_only,20:30,0.0,0.0,1.3489,0.0,0.0,0.0
2025-02-01,M6_only,20:40,0.0,0.0,1.3952,0.0,0.0,0.0
2025-02-01,M6_only,20:50,0.0,0.0,1.2226,0.0,0.0,0.0
2025-02-01,M6_only,21:00,459.405,459.405,0.9332,428.716746,0.0,0.0
2025-02-01,M6_only,21:10,497.4207666666667,497.4207666666667,0.9068,451.06115121333335,0.0,0.0
2025-02-01,M6_only,21:20,503.28313333333335,503.28313333333335,0.9371,471.6266242466667,0.0,0.0
2025-02-01,M6_only,21:30,477.5566666666667,477.5566666666667,0.9371,447.5183523333334,0.0,0.0
2025-02-01,M6_only,21:40,0.0,0.0,0.9871,0.0,10.739730555552569,53.005940156929704
2025-02-01,M6_only,21:50,450.2041,450.2041,0.7764,349.53846324,0.0,0.0
2025-02-01,M6_only,22:00,1225.4183333333333,1225.4183333333333,0.4209,515.7785765,0.0,0.0
2025-02-01,M6_only,22:10,1205.10315,1205.10315,0.3859,465.049305585,0.0,0.0
2025-02-01,M6_only,22:20,363.57821666666666,363.57821666666666,0.4368,158.81096504,0.0,0.0
2025-02-01,M6_only,22:30,1192.4899999999998,1192.4899999999998,0.4198,500.6073019999999,0.0,0.0
2025-02-01,M6_only,22:40,1215.38405,1215.38405,0.4186,508.75976333,0.0,0.0
2025-02-01,M6_only,22:50,1250.50175,1250.50175,0.4241,530.3377921749999,0.0,0.0
2025-02-01,M6_only,23:00,1265.1299999999999,1265.1299999999999,0.4237,536.035581,0.0,0.0
2025-02-01,M6_only,23:10,525.7534148993905,525.7534148993905,0.4248,223.3400506492611,0.0,0.0
2025-02-01,M6_only,23:20,1234.2931999999998,1234.2931999999998,0.424,523.3403167999999,0.0,0.0
2025-02-01,M6_only,23:30,1243.2783333333332,1243.2783333333332,0.422,524.6634566666665,0.0,0.0
2025-02-01,M6_only,23:40,1220.5700333333332,1220.5700333333332,0.424,517.5216941333333,0.0,0.0
2025-02-01,M6_only,23:50,454.71015,454.71015,0.4271,194.206705065,0.0,0.0
2025-02-01,M6_only,0:00+1,580.8233333333333,580.8233333333333,0.4276,248.3600573333333,0.0,0.0
2025-02-01,M12_only,00:10,422.0303666666667,422.0303666666667,0.4248,179.27849976000002,0.0,0.0
2025-02-01,M12_only,00:20,415.4073166666667,415.4073166666667,0.4245,176.340405925,0.0,0.0
2025-02-01,M12_only,00:30,410.7166666666667,410.7166666666667,0.4269,175.334945,0.0,0.0
2025-02-01,M12_only,00:40,430.29479999999995,430.29479999999995,0.4272,183.82193855999998,0.0,0.0
2025-02-01,M12_only,00:50,424.4105833333333,424.4105833333333,0.4271,181.26576014166665,0.0,0.0
2025-02-01,M12_only,01:00,406.0516666666666,406.0516666666666,0.4285,173.99313916666665,0.0,0.0
2025-02-01,M12_only,01:10,436.7501833333333,436.7501833333333,0.4311,188.28300403499998,0.0,0.0
2025-02-01,M12_only,01:20,451.7976833333333,451.7976833333333,0.4302,194.36336337,0.0,0.0
2025-02-01,M12_only,01:30,446.08,446.08,0.4279,190.877632,0.0,0.0
2025-02-01,M12_only,01:40,471.7663333333333,471.7663333333333,0.4312,203.42564293333334,0.0,0.0
2025-02-01,M12_only,01:50,448.02596666666665,448.02596666666665,0.4333,194.12965135666667,0.0,0.0
2025-02-01,M12_only,02:00,397.4033333333333,397.4033333333333,0.4311,171.320577,0.0,0.0
2025-02-01,M12_only,02:10,434.0906333333333,434.0906333333333,0.4293,186.35510889,0.0,0.0
2025-02-01,M12_only,02:20,490.5609166666666,490.5609166666666,0.4324,212.11854036666665,0.0,0.0
2025-02-01,M12_only,02:30,503.22,503.22,0.4367,219.756174,0.0,0.0
2025-02-01,M12_only,02:40,474.07281666666665,474.07281666666665,0.4348,206.12686068666667,0.0,0.0
2025-02-01,M12_only,02:50,461.38439999999997,461.38439999999997,0.4335,200.0101374,0.0,0.0
2025-02-01,M12_only,03:00,476.94166666666666,476.94166666666666,0.4357,207.80348416666666,0.0,0.0
2025-02-01,M12_only,03:10,483.39955,483.39955,0.4374,211.43896317,0.0,0.0
2025-02-01,M12_only,03:20,486.6019166666666,486.6019166666666,0.4371,212.69369777499998,0.0,0.0
2025-02-01,M12_only,03:30,498.84833333333336,498.84833333333336,0.4356,217.298334,0.0,0.0
2025-02-01,M12_only,03:40,518.3097333333333,518.3097333333333,0.4353,225.62022692,0.0,0.0
2025-02-01,M12_only,03:50,509.13346666666666,509.13346666666666,0.436,221.98219146666668,0.0,0.0
2025-02-01,M12_only,04:00,483.6166666666666,483.6166666666666,0.4378,211.72737666666666,0.0,0.0
2025-02-01,M12_only,04:10,491.1868,491.1868,0.4401,216.17131068,0.0,0.0
2025-02-01,M12_only,04:20,504.64528333333334,504.64528333333334,0.4389,221.48881485500002,0.0,0.0
2025-02-01,M12_only,04:30,505.57833333333326,505.57833333333326,0.4364,220.63438466666665,0.0,0.0
2025-02-01,M12_only,04:40,503.23096666666663,503.23096666666663,0.4393,221.06936365666667,0.0,0.0
2025-02-01,M12_only,04:50,446.54293263005025,446.54293263005025,0.4422,197.46128480900822,0.0,0.0
2025-02-01,M12_only,05:00,499.64166666666665,499.64166666666665,0.4395,219.5925125,0.0,0.0
2025-02-01,M12_only,05:10,488.78358333333335,488.78358333333335,0.4333,211.78992665833334,0.0,0.0
2025-02-01,M12_only,05:20,0.0,0.0,0.4439,0.0,0.0,0.0
2025-02-01,M12_only,05:30,529.2233333333334,529.2233333333334,0.4301,227.61895566666666,0.0,0.0
2025-02-01,M12_only,05:40,1380.74365,1380.74365,0.3713,512.670117245,0.0,0.0
2025-02-01,M12_only,05:50,0.0,0.0,0.5708,0.0,0.0,0.0
2025-02-01,M12_only,06:00,0.0,0.0,0.9099,0.0,0.0,0.0
2025-02-01,M12_only,06:10,0.0,0.0,0.9368,0.0,0.0,0.0
2025-02-01,M12_only,06:20,0.0,0.0,0.8758,0.0,0.0,0.0
2025-02-01,M12_only,06:30,0.0,0.0,0.8759,0.0,0.0,0.0
2025-02-01,M12_only,06:40,0.0,0.0,0.8601,0.0,0.0,0.0
2025-02-01,M12_only,06:50,0.0,0.0,0.8442,0.0,0.0,0.0
2025-02-01,M12_only,07:00,0.0,0.0,0.8334,0.0,0.0,0.0
2025-02-01,M12_only,07:10,0.0,0.0,0.8092,0.0,0.0,0.0
2025-02-01,M12_only,07:20,0.0,0.0,0.7972,0.0,0.0,0.0
2025-02-01,M12_only,07:30,0.0,0.0,0.7644,0.0,0.0,0.0
2025-02-01,M12_only,07:40,0.0,0.0,0.6899,0.0,168.92657777777788,582.7122300444447
2025-02-01,M12_only,07:50,0.0,0.0,0.86,0.0,16.12686388888875,69.34551472222162
2025-02-01,M12_only,08:00,0.0,0.0,1.1617,0.0,0.0,0.0
2025-02-01,M12_only,08:10,0.0,0.0,1.1683,0.0,0.0,0.0
2025-02-01,M12_only,08:20,0.0,0.0,1.0956,0.0,0.0,0.0
2025-02-01,M12_only,08:30,0.0,0.0,1.0849,0.0,0.0,0.0
2025-02-01,M12_only,08:40,0.0,0.0,1.061,0.0,0.0,0.0
2025-02-01,M12_only,08:50,0.0,0.0,1.043,0.0,0.0,0.0
2025-02-01,M12_only,09:00,0.0,0.0,1.036,0.0,23.244141666666337,120.40465383333162
2025-02-01,M12_only,09:10,0.0,0.0,1.0147,0.0,45.824116666666555,232.48865590833273
2025-02-01,M12_only,09:20,0.0,0.0,0.9922,0.0,0.0,0.0
2025-02-01,M12_only,09:30,0.0,0.0,0.97,0.0,0.0,0.0
2025-02-01,M12_only,09:40,0.0,0.0,0.9422,0.0,0.0,0.0
2025-02-01,M12_only,09:50,0.0,0.0,0.9569,0.0,0.0,0.0
2025-02-01,M12_only,10:00,0.0,0.0,0.9977,0.0,0.0,0.0
2025-02-01,M12_only,10:10,0.0,0.0,0.9919,0.0,0.0,0.0
2025-02-01,M12_only,10:20,0.0,0.0,0.9588,0.0,0.0,0.0
2025-02-01,M12_only,10:30,0.0,0.0,0.9549,0.0,0.0,0.0
2025-02-01,M12_only,10:40,0.0,0.0,0.9839,0.0,0.0,0.0
2025-02-01,M12_only,10:50,0.0,0.0,0.799,0.0,0.0,0.0
2025-02-01,M12_only,11:00,0.0,0.0,0.5025,0.0,0.0,0.0
2025-02-01,M12_only,11:10,0.0,0.0,0.4662,0.0,0.0,0.0
2025-02-01,M12_only,11:20,0.0,0.0,0.5007,0.0,0.0,0.0
2025-02-01,M12_only,11:30,0.0,0.0,0.4827,0.0,0.0,0.0
2025-02-01,M12_only,11:40,0.0,0.0,0.4785,0.0,0.0,0.0
2025-02-01,M12_only,11:50,0.0,0.0,0.4662,0.0,0.0,0.0
2025-02-01,M12_only,12:00,0.0,0.0,0.4432,0.0,171.46701666666502,379.9709089333296
2025-02-01,M12_only,12:10,0.0,0.0,0.4411,0.0,0.0,0.0
2025-02-01,M12_only,12:20,0.0,0.0,0.4551,0.0,0.0,0.0
2025-02-01,M12_only,12:30,0.0,0.0,0.4463,0.0,0.0,0.0
2025-02-01,M12_only,12:40,0.0,0.0,0.4113,0.0,16.588266301885483,34.11376964982749
2025-02-01,M12_only,12:50,0.0,0.0,0.5682,0.0,0.0,0.0
2025-02-01,M12_only,13:00,0.0,0.0,0.8279,0.0,0.0,0.0
2025-02-01,M12_only,13:10,0.0,0.0,0.8636,0.0,0.0,0.0
2025-02-01,M12_only,13:20,0.0,0.0,0.8416,0.0,0.0,0.0
2025-02-01,M12_only,13:30,0.0,0.0,0.8618,0.0,0.0,0.0
2025-02-01,M12_only,13:40,0.0,0.0,0.8623,0.0,0.0,0.0
2025-02-01,M12_only,13:50,0.0,0.0,0.9026,0.0,0.0,0.0
2025-02-01,M12_only,14:00,0.0,0.0,0.9754,0.0,0.0,0.0
2025-02-01,M12_only,14:10,0.0,0.0,1.0002,0.0,0.0,0.0
2025-02-01,M12_only,14:20,0.0,0.0,0.9978,0.0,0.0,0.0
2025-02-01,M12_only,14:30,0.0,0.0,1.0271,0.0,0.0,0.0
2025-02-01,M12_only,14:40,0.0,0.0,1.0906,0.0,0.0,0.0
2025-02-01,M12_only,14:50,0.0,0.0,0.9376,0.0,0.0,0.0
2025-02-01,M12_only,15:00,33.52710000000002,33.52710000000002,0.6694,22.44304074000001,0.0,0.0
2025-02-01,M12_only,15:10,102.93993888888883,102.93993888888883,0.66,67.94035966666664,22.081919313894332,72.8703337358513
2025-02-01,M12_only,15:20,167.00214444444453,167.00214444444453,0.7217,120.52544764555562,5.028416666666445,18.14504154166587
2025-02-01,M12_only,15:30,226.80128333333334,206.92595000000267,0.7308,158.48393106000097,12.215149872438332,44.634157633889664
2025-02-01,M12_only,15:40,269.44910555555555,181.54773333333333,0.7534,169.89050920944442,1.6126166666666677,6.0747269833333375
2025-02-01,M12_only,15:50,297.2855777777778,202.48176666666672,0.7823,195.48399677944448,0.0,0.0
2025-02-01,M12_only,16:00,330.4388,228.73255,0.8055,225.20626121249998,0.0,0.0
2025-02-01,M12_only,16:10,364.5111972222223,278.06875833333334,0.8271,265.73894062,0.0,0.0
2025-02-01,M12_only,16:20,398.20486111111103,327.0262333333332,0.8519,308.91218467861097,0.0,0.0
2025-02-01,M12_only,16:30,431.01545833333324,375.1006416666666,0.8791,354.32833175499997,0.0,0.0
2025-02-01,M12_only,16:40,476.9350888888889,436.28408333333334,0.9024,412.04449050666665,0.0,0.0
2025-02-01,M12_only,16:50,458.20680277777774,432.8196083333333,0.9163,408.2237502505555,0.0,0.0
2025-02-01,M12_only,17:00,400.9087833333333,390.7854,0.9264,366.71274572,0.0,0.0
2025-02-01,M12_only,17:10,395.3175027777778,386.88135,0.9462,370.0582772491667,30.76472803115319,145.54792831538575
2025-02-01,M12_only,17:20,409.19998888888887,402.45106666666663,0.9742,395.3552291611111,37.329733333333365,181.8331310666668
2025-02-01,M12_only,17:30,233.6143942706228,226.8654773767063,0.9862,227.06262470929798,27.99729999999977,138.05468629999885
2025-02-01,M12_only,17:40,430.7047611111111,427.33029999999997,0.976,418.72110982222216,17.97541666666666,87.7200333333333
2025-02-01,M12_only,17:50,0.0,0.0,1.0742,0.0,0.0,0.0
2025-02-01,M12_only,18:00,0.0,0.0,1.2313,0.0,0.0,0.0
2025-02-01,M12_only,18:10,0.0,0.0,1.2561,0.0,0.0,0.0
2025-02-01,M12_only,18:20,0.0,0.0,1.2447,0.0,0.0,0.0
2025-02-01,M12_only,18:30,0.0,0.0,1.2545,0.0,0.0,0.0
2025-02-01,M12_only,18:40,0.0,0.0,1.2522,0.0,0.0,0.0
2025-02-01,M12_only,18:50,0.0,0.0,1.2881,0.0,0.0,0.0
2025-02-01,M12_only,19:00,0.0,0.0,1.3466,0.0,0.0,0.0
2025-02-01,M12_only,19:10,0.0,0.0,1.3523,0.0,0.0,0.0
2025-02-01,M12_only,19:20,0.0,0.0,1.3445,0.0,0.0,0.0
2025-02-01,M12_only,19:30,0.0,0.0,1.3483,0.0,0.0,0.0
2025-02-01,M12_only,19:40,0.0,0.0,1.349,0.0,0.0,0.0
2025-02-01,M12_only,19:50,0.0,0.0,1.3473,0.0,0.0,0.0
2025-02-01,M12_only,20:00,0.0,0.0,1.3482,0.0,0.0,0.0
2025-02-01,M12_only,20:10,0.0,0.0,1.3513,0.0,0.0,0.0
2025-02-01,M12_only,20:20,0.0,0.0,1.34,0.0,0.0,0.0
2025-02-01,M12_only,20:30,0.0,0.0,1.3489,0.0,0.0,0.0
2025-02-01,M12_only,20:40,0.0,0.0,1.3952,0.0,0.0,0.0
2025-02-01,M12_only,20:50,0.0,0.0,1.2226,0.0,0.0,0.0
2025-02-01,M12_only,21:00,459.405,459.405,0.9332,428.716746,0.0,0.0
2025-02-01,M12_only,21:10,497.4207666666667,497.4207666666667,0.9068,451.06115121333335,0.0,0.0
2025-02-01,M12_only,21:20,503.28313333333335,503.28313333333335,0.9371,471.6266242466667,0.0,0.0
2025-02-01,M12_only,21:30,477.5566666666667,477.5566666666667,0.9371,447.5183523333334,0.0,0.0
2025-02-01,M12_only,21:40,0.0,0.0,0.9871,0.0,9.279133333330947,45.79716256665489
2025-02-01,M12_only,21:50,450.2041,450.2041,0.7764,349.53846324,0.0,0.0
2025-02-01,M12_only,22:00,1225.4183333333333,1225.4183333333333,0.4209,515.7785765,0.0,0.0
2025-02-01,M12_only,22:10,1205.10315,1205.10315,0.3859,465.049305585,0.0,0.0
2025-02-01,M12_only,22:20,363.57821666666666,363.57821666666666,0.4368,158.81096504,0.0,0.0
2025-02-01,M12_only,22:30,1192.4899999999998,1192.4899999999998,0.4198,500.6073019999999,0.0,0.0
2025-02-01,M12_only,22:40,1215.38405,1215.38405,0.4186,508.75976333,0.0,0.0
2025-02-01,M12_only,22:50,1250.50175,1250.50175,0.4241,530.3377921749999,0.0,0.0
2025-02-01,M12_only,23:00,1265.1299999999999,1265.1299999999999,0.4237,536.035581,0.0,0.0
2025-02-01,M12_only,23:10,525.7534148993905,525.7534148993905,0.4248,223.3400506492611,0.0,0.0
2025-02-01,M12_only,23:20,1234.2931999999998,1234.2931999999998,0.424,523.3403167999999,0.0,0.0
2025-02-01,M12_only,23:30,1243.2783333333332,1243.2783333333332,0.422,524.6634566666665,0.0,0.0
2025-02-01,M12_only,23:40,1220.5700333333332,1220.5700333333332,0.424,517.5216941333333,0.0,0.0
2025-02-01,M12_only,23:50,454.71015,454.71015,0.4271,194.206705065,0.0,0.0
2025-02-01,M12_only,0:00+1,580.8233333333333,580.8233333333333,0.4276,248.3600573333333,0.0,0.0
2025-02-01,M18_only,00:10,422.0303666666667,422.0303666666667,0.4248,179.27849976000002,0.0,0.0
2025-02-01,M18_only,00:20,415.4073166666667,415.4073166666667,0.4245,176.340405925,0.0,0.0
2025-02-01,M18_only,00:30,410.7166666666667,410.7166666666667,0.4269,175.334945,0.0,0.0
2025-02-01,M18_only,00:40,430.29479999999995,430.29479999999995,0.4272,183.82193855999998,0.0,0.0
2025-02-01,M18_only,00:50,424.4105833333333,424.4105833333333,0.4271,181.26576014166665,0.0,0.0
2025-02-01,M18_only,01:00,406.0516666666666,406.0516666666666,0.4285,173.99313916666665,0.0,0.0
2025-02-01,M18_only,01:10,436.7501833333333,436.7501833333333,0.4311,188.28300403499998,0.0,0.0
2025-02-01,M18_only,01:20,451.7976833333333,451.7976833333333,0.4302,194.36336337,0.0,0.0
2025-02-01,M18_only,01:30,446.08,446.08,0.4279,190.877632,0.0,0.0
2025-02-01,M18_only,01:40,471.7663333333333,471.7663333333333,0.4312,203.42564293333334,0.0,0.0
2025-02-01,M18_only,01:50,448.02596666666665,448.02596666666665,0.4333,194.12965135666667,0.0,0.0
2025-02-01,M18_only,02:00,397.4033333333333,397.4033333333333,0.4311,171.320577,0.0,0.0
2025-02-01,M18_only,02:10,434.0906333333333,434.0906333333333,0.4293,186.35510889,0.0,0.0
2025-02-01,M18_only,02:20,490.5609166666666,490.5609166666666,0.4324,212.11854036666665,0.0,0.0
2025-02-01,M18_only,02:30,503.22,503.22,0.4367,219.756174,0.0,0.0
2025-02-01,M18_only,02:40,474.07281666666665,474.07281666666665,0.4348,206.12686068666667,0.0,0.0
2025-02-01,M18_only,02:50,461.38439999999997,461.38439999999997,0.4335,200.0101374,0.0,0.0
2025-02-01,M18_only,03:00,476.94166666666666,476.94166666666666,0.4357,207.80348416666666,0.0,0.0
2025-02-01,M18_only,03:10,483.39955,483.39955,0.4374,211.43896317,0.0,0.0
2025-02-01,M18_only,03:20,486.6019166666666,486.6019166666666,0.4371,212.69369777499998,0.0,0.0
2025-02-01,M18_only,03:30,498.84833333333336,498.84833333333336,0.4356,217.298334,0.0,0.0
2025-02-01,M18_only,03:40,518.3097333333333,518.3097333333333,0.4353,225.62022692,0.0,0.0
2025-02-01,M18_only,03:50,509.13346666666666,509.13346666666666,0.436,221.98219146666668,0.0,0.0
2025-02-01,M18_only,04:00,483.6166666666666,483.6166666666666,0.4378,211.72737666666666,0.0,0.0
2025-02-01,M18_only,04:10,491.1868,491.1868,0.4401,216.17131068,0.0,0.0
2025-02-01,M18_only,04:20,504.64528333333334,504.64528333333334,0.4389,221.48881485500002,0.0,0.0
2025-02-01,M18_only,04:30,505.57833333333326,505.57833333333326,0.4364,220.63438466666665,0.0,0.0
2025-02-01,M18_only,04:40,503.23096666666663,503.23096666666663,0.4393,221.06936365666667,0.0,0.0
2025-02-01,M18_only,04:50,446.54293263005025,446.54293263005025,0.4422,197.46128480900822,0.0,0.0
2025-02-01,M18_only,05:00,499.64166666666665,499.64166666666665,0.4395,219.5925125,0.0,0.0
2025-02-01,M18_only,05:10,488.78358333333335,488.78358333333335,0.4333,211.78992665833334,0.0,0.0
2025-02-01,M18_only,05:20,0.0,0.0,0.4439,0.0,0.0,0.0
2025-02-01,M18_only,05:30,529.2233333333334,529.2233333333334,0.4301,227.61895566666666,0.0,0.0
2025-02-01,M18_only,05:40,1380.74365,1380.74365,0.3713,512.670117245,0.0,0.0
2025-02-01,M18_only,05:50,0.0,0.0,0.5708,0.0,0.0,0.0
2025-02-01,M18_only,06:00,0.0,0.0,0.9099,0.0,0.0,0.0
2025-02-01,M18_only,06:10,0.0,0.0,0.9368,0.0,0.0,0.0
2025-02-01,M18_only,06:20,0.0,0.0,0.8758,0.0,0.0,0.0
2025-02-01,M18_only,06:30,0.0,0.0,0.8759,0.0,0.0,0.0
2025-02-01,M18_only,06:40,0.0,0.0,0.8601,0.0,0.0,0.0
2025-02-01,M18_only,06:50,0.0,0.0,0.8442,0.0,0.0,0.0
2025-02-01,M18_only,07:00,0.0,0.0,0.8334,0.0,0.0,0.0
2025-02-01,M18_only,07:10,0.0,0.0,0.8092,0.0,0.0,0.0
2025-02-01,M18_only,07:20,0.0,0.0,0.7972,0.0,0.0,0.0
2025-02-01,M18_only,07:30,0.0,0.0,0.7644,0.0,0.0,0.0
2025-02-01,M18_only,07:40,0.0,0.0,0.6899,0.0,168.92657777777788,582.7122300444447
2025-02-01,M18_only,07:50,0.0,0.0,0.86,0.0,16.12686388888875,69.34551472222162
2025-02-01,M18_only,08:00,0.0,0.0,1.1617,0.0,0.0,0.0
2025-02-01,M18_only,08:10,0.0,0.0,1.1683,0.0,0.0,0.0
2025-02-01,M18_only,08:20,0.0,0.0,1.0956,0.0,0.0,0.0
2025-02-01,M18_only,08:30,0.0,0.0,1.0849,0.0,0.0,0.0
2025-02-01,M18_only,08:40,0.0,0.0,1.061,0.0,0.0,0.0
2025-02-01,M18_only,08:50,0.0,0.0,1.043,0.0,0.0,0.0
2025-02-01,M18_only,09:00,0.0,0.0,1.036,0.0,23.244141666666337,120.40465383333162
2025-02-01,M18_only,09:10,0.0,0.0,1.0147,0.0,45.824116666666555,232.48865590833273
2025-02-01,M18_only,09:20,0.0,0.0,0.9922,0.0,0.0,0.0
2025-02-01,M18_only,09:30,0.0,0.0,0.97,0.0,0.0,0.0
2025-02-01,M18_only,09:40,0.0,0.0,0.9422,0.0,0.0,0.0
2025-02-01,M18_only,09:50,0.0,0.0,0.9569,0.0,0.0,0.0
2025-02-01,M18_only,10:00,0.0,0.0,0.9977,0.0,0.0,0.0
2025-02-01,M18_only,10:10,0.0,0.0,0.9919,0.0,0.0,0.0
2025-02-01,M18_only,10:20,0.0,0.0,0.9588,0.0,0.0,0.0
2025-02-01,M18_only,10:30,0.0,0.0,0.9549,0.0,0.0,0.0
2025-02-01,M18_only,10:40,0.0,0.0,0.9839,0.0,0.0,0.0
2025-02-01,M18_only,10:50,0.0,0.0,0.799,0.0,0.0,0.0
2025-02-01,M18_only,11:00,0.0,0.0,0.5025,0.0,0.0,0.0
2025-02-01,M18_only,11:10,0.0,0.0,0.4662,0.0,0.0,0.0
2025-02-01,M18_only,11:20,0.0,0.0,0.5007,0.0,0.0,0.0
2025-02-01,M18_only,11:30,0.0,0.0,0.4827,0.0,0.0,0.0
2025-02-01,M18_only,11:40,0.0,0.0,0.4785,0.0,0.0,0.0
2025-02-01,M18_only,11:50,0.0,0.0,0.4662,0.0,0.0,0.0
2025-02-01,M18_only,12:00,0.0,0.0,0.4432,0.0,171.46701666666502,379.9709089333296
2025-02-01,M18_only,12:10,0.0,0.0,0.4411,0.0,404.69151666666687,892.5471400083337
2025-02-01,M18_only,12:20,0.0,0.0,0.4551,0.0,0.0,0.0
2025-02-01,M18_only,12:30,0.0,0.0,0.4463,0.0,5.82797499999981,13.005126212499578
2025-02-01,M18_only,12:40,0.0,0.0,0.4113,0.0,382.3497333333336,786.3022266000004
2025-02-01,M18_only,12:50,0.0,0.0,0.5682,0.0,0.0,0.0
2025-02-01,M18_only,13:00,0.0,0.0,0.8279,0.0,0.0,0.0
2025-02-01,M18_only,13:10,0.0,0.0,0.8636,0.0,0.0,0.0
2025-02-01,M18_only,13:20,0.0,0.0,0.8416,0.0,0.0,0.0
2025-02-01,M18_only,13:30,0.0,0.0,0.8618,0.0,0.0,0.0
2025-02-01,M18_only,13:40,0.0,0.0,0.8623,0.0,0.0,0.0
2025-02-01,M18_only,13:50,0.0,0.0,0.9026,0.0,0.0,0.0
2025-02-01,M18_only,14:00,0.0,0.0,0.9754,0.0,0.0,0.0
2025-02-01,M18_only,14:10,0.0,0.0,1.0002,0.0,0.0,0.0
2025-02-01,M18_only,14:20,0.0,0.0,0.9978,0.0,0.0,0.0
2025-02-01,M18_only,14:30,0.0,0.0,1.0271,0.0,0.0,0.0
2025-02-01,M18_only,14:40,0.0,0.0,1.0906,0.0,0.0,0.0
2025-02-01,M18_only,14:50,0.0,0.0,0.9376,0.0,0.0,0.0
2025-02-01,M18_only,15:00,33.52710000000002,33.52710000000002,0.6694,22.44304074000001,0.0,0.0
2025-02-01,M18_only,15:10,102.93993888888883,102.93993888888883,0.66,67.94035966666664,0.0,0.0
2025-02-01,M18_only,15:20,167.00214444444453,167.00214444444453,0.7217,120.52544764555562,0.0,0.0
2025-02-01,M18_only,15:30,226.80128333333334,226.80128333333334,0.7308,165.74637786,0.0,0.0
2025-02-01,M18_only,15:40,269.44910555555555,269.44910555555555,0.7534,203.00295612555553,0.0,0.0
2025-02-01,M18_only,15:50,297.2855777777778,297.2855777777778,0.7823,232.56650749555558,0.0,0.0
2025-02-01,M18_only,16:00,330.4388,330.4388,0.8055,266.16845340000003,0.0,0.0
2025-02-01,M18_only,16:10,364.5111972222223,364.5111972222223,0.8271,301.48721122250004,0.0,0.0
2025-02-01,M18_only,16:20,398.20486111111103,398.20486111111103,0.8519,339.23072118055546,0.0,0.0
2025-02-01,M18_only,16:30,431.01545833333324,431.01545833333324,0.8791,378.90568942083326,0.0,0.0
2025-02-01,M18_only,16:40,476.9350888888889,476.9350888888889,0.9024,430.3862242133333,0.0,0.0
2025-02-01,M18_only,16:50,458.20680277777774,458.20680277777774,0.9163,419.85489338527776,0.0,0.0
2025-02-01,M18_only,17:00,400.9087833333333,400.9087833333333,0.9264,371.40189688,0.0,0.0
2025-02-01,M18_only,17:10,395.3175027777778,395.3175027777778,0.9462,374.0494211283334,22.32858055555556,105.63651460833336
2025-02-01,M18_only,17:20,409.19998888888887,409.19998888888887,0.9742,398.6426291755555,30.58081111111113,148.9591309222223
2025-02-01,M18_only,17:30,233.6143942706228,233.6143942706228,0.9862,230.3905156296882,22.935608333333334,113.09548469166667
2025-02-01,M18_only,17:40,430.7047611111111,430.7047611111111,0.976,420.36784684444444,14.600955555555515,71.25266311111092
2025-02-01,M18_only,17:50,0.0,0.0,1.0742,0.0,0.0,0.0
2025-02-01,M18_only,18:00,0.0,0.0,1.2313,0.0,0.0,0.0
2025-02-01,M18_only,18:10,0.0,0.0,1.2561,0.0,0.0,0.0
2025-02-01,M18_only,18:20,0.0,0.0,1.2447,0.0,0.0,0.0
2025-02-01,M18_only,18:30,0.0,0.0,1.2545,0.0,0.0,0.0
2025-02-01,M18_only,18:40,0.0,0.0,1.2522,0.0,0.0,0.0
2025-02-01,M18_only,18:50,0.0,0.0,1.2881,0.0,0.0,0.0
2025-02-01,M18_only,19:00,0.0,0.0,1.3466,0.0,0.0,0.0
2025-02-01,M18_only,19:10,0.0,0.0,1.3523,0.0,0.0,0.0
2025-02-01,M18_only,19:20,0.0,0.0,1.3445,0.0,0.0,0.0
2025-02-01,M18_only,19:30,0.0,0.0,1.3483,0.0,0.0,0.0
2025-02-01,M18_only,19:40,0.0,0.0,1.349,0.0,0.0,0.0
2025-02-01,M18_only,19:50,0.0,0.0,1.3473,0.0,0.0,0.0
2025-02-01,M18_only,20:00,0.0,0.0,1.3482,0.0,0.0,0.0
2025-02-01,M18_only,20:10,0.0,0.0,1.3513,0.0,0.0,0.0
2025-02-01,M18_only,20:20,0.0,0.0,1.34,0.0,0.0,0.0
2025-02-01,M18_only,20:30,0.0,0.0,1.3489,0.0,0.0,0.0
2025-02-01,M18_only,20:40,0.0,0.0,1.3952,0.0,0.0,0.0
2025-02-01,M18_only,20:50,0.0,0.0,1.2226,0.0,0.0,0.0
2025-02-01,M18_only,21:00,459.405,459.405,0.9332,428.716746,0.0,0.0
2025-02-01,M18_only,21:10,497.4207666666667,497.4207666666667,0.9068,451.06115121333335,0.0,0.0
2025-02-01,M18_only,21:20,503.28313333333335,503.28313333333335,0.9371,471.6266242466667,0.0,0.0
2025-02-01,M18_only,21:30,477.5566666666667,477.5566666666667,0.9371,447.5183523333334,0.0,0.0
2025-02-01,M18_only,21:40,0.0,7.645202777779161,0.9871,11.319869492918714,0.0,0.0
2025-02-01,M18_only,21:50,450.2041,450.2041,0.7764,349.53846324,0.0,0.0
2025-02-01,M18_only,22:00,1225.4183333333333,1225.4183333333333,0.4209,515.7785765,0.0,0.0
2025-02-01,M18_only,22:10,1205.10315,1205.10315,0.3859,465.049305585,0.0,0.0
2025-02-01,M18_only,22:20,363.57821666666666,363.57821666666666,0.4368,158.81096504,0.0,0.0
2025-02-01,M18_only,22:30,1192.4899999999998,1192.4899999999998,0.4198,500.6073019999999,0.0,0.0
2025-02-01,M18_only,22:40,1215.38405,1215.38405,0.4186,508.75976333,0.0,0.0
2025-02-01,M18_only,22:50,1250.50175,1250.50175,0.4241,530.3377921749999,0.0,0.0
2025-02-01,M18_only,23:00,1265.1299999999999,1265.1299999999999,0.4237,536.035581,0.0,0.0
2025-02-01,M18_only,23:10,525.7534148993905,525.753414433203,0.4248,223.34005055024286,0.0,0.0
2025-02-01,M18_only,23:20,1234.2931999999998,1234.2931999999998,0.424,523.3403167999999,0.0,0.0
2025-02-01,M18_only,23:30,1243.2783333333332,1243.2783333333332,0.422,524.6634566666665,0.0,0.0
2025-02-01,M18_only,23:40,1220.5700333333332,1220.5700333333332,0.424,517.5216941333333,0.0,0.0
2025-02-01,M18_only,23:50,454.71015,454.71015,0.4271,194.206705065,0.0,0.0
2025-02-01,M18_only,0:00+1,580.8233333333333,580.8233333333333,0.4276,248.3600573333333,0.0,0.0
2025-02-01,M1_M6,00:10,422.0303666666667,422.0303666666667,0.4248,179.27849976000002,0.0,0.0
2025-02-01,M1_M6,00:20,415.4073166666667,415.4073166666667,0.4245,176.340405925,0.0,0.0
2025-02-01,M1_M6,00:30,410.7166666666667,410.7166666666667,0.4269,175.334945,0.0,0.0
2025-02-01,M1_M6,00:40,430.29479999999995,430.29479999999995,0.4272,183.82193855999998,0.0,0.0
2025-02-01,M1_M6,00:50,424.4105833333333,424.4105833333333,0.4271,181.26576014166665,0.0,0.0
2025-02-01,M1_M6,01:00,406.0516666666666,406.0516666666666,0.4285,173.99313916666665,0.0,0.0
2025-02-01,M1_M6,01:10,436.7501833333333,436.7501833333333,0.4311,188.28300403499998,0.0,0.0
2025-02-01,M1_M6,01:20,451.7976833333333,451.7976833333333,0.4302,194.36336337,0.0,0.0
2025-02-01,M1_M6,01:30,446.08,446.08,0.4279,190.877632,0.0,0.0
2025-02-01,M1_M6,01:40,471.7663333333333,471.7663333333333,0.4312,203.42564293333334,0.0,0.0
2025-02-01,M1_M6,01:50,448.02596666666665,448.02596666666665,0.4333,194.12965135666667,0.0,0.0
2025-02-01,M1_M6,02:00,397.4033333333333,397.4033333333333,0.4311,171.320577,0.0,0.0
2025-02-01,M1_M6,02:10,434.0906333333333,434.0906333333333,0.4293,186.35510889,0.0,0.0
2025-02-01,M1_M6,02:20,490.5609166666666,490.5609166666666,0.4324,212.11854036666665,0.0,0.0
2025-02-01,M1_M6,02:30,503.22,503.22,0.4367,219.756174,0.0,0.0
2025-02-01,M1_M6,02:40,474.07281666666665,474.07281666666665,0.4348,206.12686068666667,0.0,0.0
2025-02-01,M1_M6,02:50,461.38439999999997,461.38439999999997,0.4335,200.0101374,0.0,0.0
2025-02-01,M1_M6,03:00,476.94166666666666,476.94166666666666,0.4357,207.80348416666666,0.0,0.0
2025-02-01,M1_M6,03:10,483.39955,483.39955,0.4374,211.43896317,0.0,0.0
2025-02-01,M1_M6,03:20,486.6019166666666,486.6019166666666,0.4371,212.69369777499998,0.0,0.0
2025-02-01,M1_M6,03:30,498.84833333333336,498.84833333333336,0.4356,217.298334,0.0,0.0
2025-02-01,M1_M6,03:40,518.3097333333333,518.3097333333333,0.4353,225.62022692,0.0,0.0
2025-02-01,M1_M6,03:50,509.13346666666666,509.13346666666666,0.436,221.98219146666668,0.0,0.0
2025-02-01,M1_M6,04:00,483.6166666666666,483.6166666666666,0.4378,211.72737666666666,0.0,0.0
2025-02-01,M1_M6,04:10,491.1868,491.1868,0.4401,216.17131068,0.0,0.0
2025-02-01,M1_M6,04:20,504.64528333333334,504.64528333333334,0.4389,221.48881485500002,0.0,0.0
2025-02-01,M1_M6,04:30,505.57833333333326,505.57833333333326,0.4364,220.63438466666665,0.0,0.0
2025-02-01,M1_M6,04:40,503.23096666666663,503.23096666666663,0.4393,221.06936365666667,0.0,0.0
2025-02-01,M1_M6,04:50,446.54293263005025,446.54293263005025,0.4422,197.46128480900822,0.0,0.0
2025-02-01,M1_M6,05:00,499.64166666666665,499.64166666666665,0.4395,219.5925125,0.0,0.0
2025-02-01,M1_M6,05:10,488.78358333333335,488.78358333333335,0.4333,211.78992665833334,0.0,0.0
2025-02-01,M1_M6,05:20,0.0,0.0,0.4439,0.0,0.0,0.0
2025-02-01,M1_M6,05:30,529.2233333333334,529.2233333333334,0.4301,227.61895566666666,0.0,0.0
2025-02-01,M1_M6,05:40,1380.74365,1380.74365,0.3713,512.670117245,0.0,0.0
2025-02-01,M1_M6,05:50,0.0,0.0,0.5708,0.0,0.0,0.0
2025-02-01,M1_M6,06:00,0.0,0.0,0.9099,0.0,0.0,0.0
2025-02-01,M1_M6,06:10,0.0,0.0,0.9368,0.0,0.0,0.0
2025-02-01,M1_M6,06:20,0.0,0.0,0.8758,0.0,0.0,0.0
2025-02-01,M1_M6,06:30,0.0,0.0,0.8759,0.0,0.0,0.0
2025-02-01,M1_M6,06:40,0.0,0.0,0.8601,0.0,0.0,0.0
2025-02-01,M1_M6,06:50,0.0,0.0,0.8442,0.0,0.0,0.0
2025-02-01,M1_M6,07:00,0.0,0.0,0.8334,0.0,0.0,0.0
2025-02-01,M1_M6,07:10,0.0,0.0,0.8092,0.0,0.0,0.0
2025-02-01,M1_M6,07:20,0.0,0.0,0.7972,0.0,0.0,0.0
2025-02-01,M1_M6,07:30,0.0,0.0,0.7644,0.0,0.0,0.0
2025-02-01,M1_M6,07:40,0.0,0.0,0.6899,0.0,117.86701388888821,406.5822644097198
2025-02-01,M1_M6,07:50,0.0,0.0,0.86,0.0,18.078238888888905,77.73642722222229
2025-02-01,M1_M6,08:00,0.0,0.0,1.1617,0.0,0.0,0.0
2025-02-01,M1_M6,08:10,0.0,0.0,1.1683,0.0,0.0,0.0
2025-02-01,M1_M6,08:20,0.0,0.0,1.0956,0.0,0.0,0.0
2025-02-01,M1_M6,08:30,0.0,0.0,1.0849,0.0,0.0,0.0
2025-02-01,M1_M6,08:40,0.0,0.0,1.061,0.0,0.0,0.0
2025-02-01,M1_M6,08:50,0.0,0.0,1.043,0.0,0.0,0.0
2025-02-01,M1_M6,09:00,0.0,0.0,1.036,0.0,72.35233055555588,374.7850722777794
2025-02-01,M1_M6,09:10,0.0,0.0,1.0147,0.0,45.824116666666555,232.48865590833273
2025-02-01,M1_M6,09:20,0.0,0.0,0.9922,0.0,0.0,0.0
2025-02-01,M1_M6,09:30,0.0,0.0,0.97,0.0,0.0,0.0
2025-02-01,M1_M6,09:40,0.0,0.0,0.9422,0.0,0.0,0.0
2025-02-01,M1_M6,09:50,0.0,0.0,0.9569,0.0,0.0,0.0
2025-02-01,M1_M6,10:00,0.0,0.0,0.9977,0.0,0.0,0.0
2025-02-01,M1_M6,10:10,0.0,0.0,0.9919,0.0,0.0,0.0
2025-02-01,M1_M6,10:20,0.0,0.0,0.9588,0.0,0.0,0.0
2025-02-01,M1_M6,10:30,0.0,0.0,0.9549,0.0,0.0,0.0
2025-02-01,M1_M6,10:40,0.0,0.0,0.9839,0.0,0.0,0.0
2025-02-01,M1_M6,10:50,0.0,0.0,0.799,0.0,0.0,0.0
2025-02-01,M1_M6,11:00,0.0,0.0,0.5025,0.0,0.0,0.0
2025-02-01,M1_M6,11:10,0.0,0.0,0.4662,0.0,0.0,0.0
2025-02-01,M1_M6,11:20,0.0,0.0,0.5007,0.0,0.0,0.0
2025-02-01,M1_M6,11:30,0.0,0.0,0.4827,0.0,0.0,0.0
2025-02-01,M1_M6,11:40,0.0,0.0,0.4785,0.0,0.0,0.0
2025-02-01,M1_M6,11:50,0.0,0.0,0.4662,0.0,0.0,0.0
2025-02-01,M1_M6,12:00,0.0,0.0,0.4432,0.0,0.0,0.0
2025-02-01,M1_M6,12:10,0.0,418.1746861111111,0.4411,276.6852810654167,0.0,0.0
2025-02-01,M1_M6,12:20,0.0,0.0,0.4551,0.0,0.0,0.0
2025-02-01,M1_M6,12:30,0.0,138.1644059150774,0.4463,92.49416153984856,16.13783611111114,36.011581281944515
2025-02-01,M1_M6,12:40,0.0,368.41612777777766,0.4113,227.29433003249994,13.933605555555914,28.654459825000735
2025-02-01,M1_M6,12:50,0.0,0.0,0.5682,0.0,0.0,0.0
2025-02-01,M1_M6,13:00,0.0,0.0,0.8279,0.0,0.0,0.0
2025-02-01,M1_M6,13:10,0.0,0.0,0.8636,0.0,0.0,0.0
2025-02-01,M1_M6,13:20,0.0,0.0,0.8416,0.0,0.0,0.0
2025-02-01,M1_M6,13:30,0.0,0.0,0.8618,0.0,0.0,0.0
2025-02-01,M1_M6,13:40,0.0,0.0,0.8623,0.0,0.0,0.0
2025-02-01,M1_M6,13:50,0.0,0.0,0.9026,0.0,0.0,0.0
2025-02-01,M1_M6,14:00,0.0,0.0,0.9754,0.0,0.0,0.0
2025-02-01,M1_M6,14:10,0.0,0.0,1.0002,0.0,0.0,0.0
2025-02-01,M1_M6,14:20,0.0,0.0,0.9978,0.0,0.0,0.0
2025-02-01,M1_M6,14:30,0.0,0.0,1.0271,0.0,0.0,0.0
2025-02-01,M1_M6,14:40,0.0,0.0,1.0906,0.0,0.0,0.0
2025-02-01,M1_M6,14:50,0.0,0.0,0.9376,0.0,0.0,0.0
2025-02-01,M1_M6,15:00,33.52710000000002,33.52710000000002,0.6694,22.44304074000001,0.0,0.0
2025-02-01,M1_M6,15:10,102.93993888888883,102.93993888888883,0.66,67.94035966666664,0.0,0.0
2025-02-01,M1_M6,15:20,167.00214444444453,167.00214444444453,0.7217,120.52544764555562,5.028416546092373,18.14504110657433
2025-02-01,M1_M6,15:30,226.80128333333334,226.80128333333334,0.7308,165.74637786,12.215149993001816,44.63415807442863
2025-02-01,M1_M6,15:40,269.44910555555555,269.44910555555555,0.7534,203.00295612555553,1.6126166451807507,6.074726902395888
2025-02-01,M1_M6,15:50,297.2855777777778,297.2855777777778,0.7823,232.56650749555558,0.0,0.0
2025-02-01,M1_M6,16:00,330.4388,330.4388,0.8055,266.16845340000003,0.0,0.0
2025-02-01,M1_M6,16:10,364.5111972222223,364.5111972222223,0.8271,301.48721122250004,0.0,0.0
2025-02-01,M1_M6,16:20,398.20486111111103,398.20486111111103,0.8519,339.23072118055546,0.0,0.0
2025-02-01,M1_M6,16:30,431.01545833333324,431.01545833333324,0.8791,378.90568942083326,0.0,0.0
2025-02-01,M1_M6,16:40,476.9350888888889,476.9350888888889,0.9024,430.3862242133333,0.0,0.0
2025-02-01,M1_M6,16:50,458.20680277777774,458.20680277777774,0.9163,419.85489338527776,0.0,0.0
2025-02-01,M1_M6,17:00,400.9087833333333,400.9087833333333,0.9264,371.40189688,0.0,0.0
2025-02-01,M1_M6,17:10,395.3175027777778,395.3175027777778,0.9462,374.0494211283334,22.32858055555556,105.63651460833336
2025-02-01,M1_M6,17:20,409.19998888888887,409.19998888888887,0.9742,398.6426291755555,30.58081111111113,148.9591309222223
2025-02-01,M1_M6,17:30,233.6143942706228,233.6143942706228,0.9862,230.3905156296882,41.663867499998844,205.4445306424943
2025-02-01,M1_M6,17:40,430.7047611111111,430.7047611111111,0.976,420.36784684444444,14.600955555555515,71.25266311111092
2025-02-01,M1_M6,17:50,0.0,0.0,1.0742,0.0,0.0,0.0
2025-02-01,M1_M6,18:00,0.0,0.0,1.2313,0.0,0.0,0.0
2025-02-01,M1_M6,18:10,0.0,0.0,1.2561,0.0,0.0,0.0
2025-02-01,M1_M6,18:20,0.0,0.0,1.2447,0.0,0.0,0.0
2025-02-01,M1_M6,18:30,0.0,0.0,1.2545,0.0,0.0,0.0
2025-02-01,M1_M6,18:40,0.0,0.0,1.2522,0.0,0.0,0.0
2025-02-01,M1_M6,18:50,0.0,0.0,1.2881,0.0,0.0,0.0
2025-02-01,M1_M6,19:00,0.0,0.0,1.3466,0.0,0.0,0.0
2025-02-01,M1_M6,19:10,0.0,0.0,1.3523,0.0,0.0,0.0
2025-02-01,M1_M6,19:20,0.0,0.0,1.3445,0.0,0.0,0.0
2025-02-01,M1_M6,19:30,0.0,0.0,1.3483,0.0,0.0,0.0
2025-02-01,M1_M6,19:40,0.0,0.0,1.349,0.0,0.0,0.0
2025-02-01,M1_M6,19:50,0.0,0.0,1.3473,0.0,0.0,0.0
2025-02-01,M1_M6,20:00,0.0,0.0,1.3482,0.0,0.0,0.0
2025-02-01,M1_M6,20:10,0.0,0.0,1.3513,0.0,0.0,0.0
2025-02-01,M1_M6,20:20,0.0,0.0,1.34,0.0,0.0,0.0
2025-02-01,M1_M6,20:30,0.0,0.0,1.3489,0.0,0.0,0.0
2025-02-01,M1_M6,20:40,0.0,0.0,1.3952,0.0,0.0,0.0
2025-02-01,M1_M6,20:50,0.0,0.0,1.2226,0.0,0.0,0.0
2025-02-01,M1_M6,21:00,459.405,459.405,0.9332,428.716746,0.0,0.0
2025-02-01,M1_M6,21:10,497.4207666666667,497.4207666666667,0.9068,451.06115121333335,0.0,0.0
2025-02-01,M1_M6,21:20,503.28313333333335,503.28313333333335,0.9371,471.6266242466667,0.0,0.0
2025-02-01,M1_M6,21:30,477.5566666666667,477.5566666666667,0.9371,447.5183523333334,0.0,0.0
2025-02-01,M1_M6,21:40,0.0,12.36944833333456,0.9871,18.314823674751814,0.0,0.0
2025-02-01,M1_M6,21:50,450.2041,450.2041,0.7764,349.53846324,0.0,0.0
2025-02-01,M1_M6,22:00,392.08500000000004,392.08500000000004,0.4209,165.0285765,0.0,0.0
2025-02-01,M1_M6,22:10,775.7455991121092,775.7455988600489,0.3859,299.3602266487279,0.0,0.0
2025-02-01,M1_M6,22:20,1.2465768350011786e-05,1.2692622739030276e-05,0.4368,5.5936826109700625e-06,8.97932809649265e-08,1.961085256273995e-07
2025-02-01,M1_M6,22:30,359.15666666666664,359.15666666666664,0.4198,150.77396866666666,0.0,0.0
2025-02-01,M1_M6,22:40,382.05071666666663,382.05071666666663,0.4186,159.92642999666666,0.0,0.0
2025-02-01,M1_M6,22:50,417.16841666666664,417.16841666666664,0.4241,176.92112550833332,0.0,0.0
2025-02-01,M1_M6,23:00,431.7966666666667,431.7966666666667,0.4237,182.9522476666667,0.0,0.0
2025-02-01,M1_M6,23:10,406.46494999999993,406.46494999999993,0.4248,172.66631076,0.0,0.0
2025-02-01,M1_M6,23:20,400.95986666666664,400.95986666666664,0.424,170.00698346666664,4.7169795113902336e-08,9.999996564147295e-08
2025-02-01,M1_M6,23:30,409.945,409.945,0.422,172.99679,0.0,0.0
2025-02-01,M1_M6,23:40,387.2367,387.2367,0.424,164.1883608,0.0,0.0
2025-02-01,M1_M6,23:50,454.71015,454.71015,0.4271,194.206705065,0.0,0.0
2025-02-01,M1_M6,0:00+1,580.8233333333333,580.8233333333333,0.4276,248.3600573333333,0.0,0.0
2025-06-21,M0,00:10,514.6639666666666,514.6639666666666,0.4248,218.62925303999998,0.0,0.0
2025-06-21,M0,00:20,533.3486499999999,533.3486499999999,0.4245,226.40650192499996,0.0,0.0
2025-06-21,M0,00:30,566.91,566.91,0.4269,242.01387899999997,0.0,0.0
2025-06-21,M0,00:40,510.5876833333333,510.5876833333333,0.4272,218.12305832,0.0,0.0
2025-06-21,M0,00:50,470.04286666666667,470.04286666666667,0.4271,200.75530835333333,0.0,0.0
2025-06-21,M0,01:00,480.56333333333333,480.56333333333333,0.4285,205.92138833333334,0.0,0.0
2025-06-21,M0,01:10,478.3299333333333,478.3299333333333,0.4311,206.20803425999998,0.0,0.0
2025-06-21,M0,01:20,497.63811666666663,497.63811666666663,0.4302,214.08391779,0.0,0.0
2025-06-21,M0,01:30,527.3633333333332,527.3633333333332,0.4279,225.65877033333328,0.0,0.0
2025-06-21,M0,01:40,510.8076166666666,510.8076166666666,0.4312,220.26024430666666,0.0,0.0
2025-06-21,M0,01:50,492.3409833333333,492.3409833333333,0.4333,213.33134807833335,0.0,0.0
2025-06-21,M0,02:00,499.1033333333333,499.1033333333333,0.4311,215.16344699999996,0.0,0.0
2025-06-21,M0,02:10,512.0669,512.0669,0.4293,219.83032017000002,0.0,0.0
2025-06-21,M0,02:20,502.18358333333333,502.18358333333333,0.4324,217.14418143333333,0.0,0.0
2025-06-21,M0,02:30,473.125,473.125,0.4367,206.6136875,0.0,0.0
2025-06-21,M0,02:40,458.3199833333333,458.3199833333333,0.4348,199.27752875333334,0.0,0.0
2025-06-21,M0,02:50,470.09745,470.09745,0.4335,203.787244575,0.0,0.0
2025-06-21,M0,03:00,489.3733333333333,489.3733333333333,0.4357,213.2199613333333,0.0,0.0
2025-06-21,M0,03:10,140.87839713531196,140.87839713531196,0.4374,61.62021090698545,0.0,0.0
2025-06-21,M0,03:20,491.8388,491.8388,0.4371,214.98273948,0.0,0.0
2025-06-21,M0,03:30,496.25166666666667,496.25166666666667,0.4356,216.167226,0.0,0.0
2025-06-21,M0,03:40,463.3829999999999,463.3829999999999,0.4353,201.71061989999998,0.0,0.0
2025-06-21,M0,03:50,454.71764999999994,454.71764999999994,0.436,198.25689539999996,0.0,0.0
2025-06-21,M0,04:00,0.0,0.0,0.4378,0.0,0.0,0.0
2025-06-21,M0,04:10,0.0,0.0,0.4401,0.0,0.0,0.0
2025-06-21,M0,04:20,0.0,0.0,0.4389,0.0,0.5425416666664091,1.190607687499435
2025-06-21,M0,04:30,445.63787499999995,445.63787499999995,0.4364,194.47636864999998,0.580458333333354,1.2665600833333783
2025-06-21,M0,04:40,0.0,0.0,0.4393,0.0,0.24867777777785705,0.5462207388890631
2025-06-21,M0,04:50,0.0,0.0,0.4422,0.0,0.0,0.0
2025-06-21,M0,05:00,0.0,0.0,0.4395,0.0,0.9158472222220553,2.012574270832966
2025-06-21,M0,05:10,419.2788194444444,419.2788194444444,0.4333,181.67351246527778,5.379897222222212,11.655547331944422
2025-06-21,M0,05:20,0.0,0.0,0.4439,0.0,4.525661111110992,10.044704836110848
2025-06-21,M0,05:30,368.157725,368.157725,0.4301,158.3446375225,2.688108333333332,5.780776970833331
2025-06-21,M0,05:40,1194.963511111111,1194.963511111111,0.3713,443.68995167555556,0.0,0.0
2025-06-21,M0,05:50,0.0,0.0,0.5708,0.0,0.0,0.0
2025-06-21,M0,06:00,0.0,0.0,0.9099,0.0,0.0,0.0
2025-06-21,M0,06:10,0.0,0.0,0.9368,0.0,0.0,0.0
2025-06-21,M0,06:20,0.0,0.0,0.8758,0.0,0.0,0.0
2025-06-21,M0,06:30,0.0,0.0,0.8759,0.0,0.0,0.0
2025-06-21,M0,06:40,0.0,0.0,0.8601,0.0,0.0,0.0
2025-06-21,M0,06:50,0.0,0.0,0.8442,0.0,0.0,0.0
2025-06-21,M0,07:00,0.0,0.0,0.8334,0.0,0.0,0.0
2025-06-21,M0,07:10,0.0,0.0,0.8092,0.0,0.0,0.0
2025-06-21,M0,07:20,0.0,0.0,0.7972,0.0,0.0,0.0
2025-06-21,M0,07:30,0.0,0.0,0.7644,0.0,0.0,0.0
2025-06-21,M0,07:40,0.0,0.0,0.6899,0.0,0.0,0.0
2025-06-21,M0,07:50,0.0,0.0,0.86,0.0,0.0,0.0
2025-06-21,M0,08:00,0.0,0.0,1.1617,0.0,0.0,0.0
2025-06-21,M0,08:10,0.0,0.0,1.1683,0.0,0.0,0.0
2025-06-21,M0,08:20,0.0,0.0,1.0956,0.0,0.0,0.0
2025-06-21,M0,08:30,0.0,0.0,1.0849,0.0,0.0,0.0
2025-06-21,M0,08:40,0.0,0.0,1.061,0.0,0.0,0.0
2025-06-21,M0,08:50,0.0,0.0,1.043,0.0,0.0,0.0
2025-06-21,M0,09:00,0.0,0.0,1.036,0.0,0.0,0.0
2025-06-21,M0,09:10,0.0,0.0,1.0147,0.0,0.0,0.0
2025-06-21,M0,09:20,0.0,0.0,0.9922,0.0,0.0,0.0
2025-06-21,M0,09:30,0.0,0.0,0.97,0.0,0.0,0.0
2025-06-21,M0,09:40,0.0,0.0,0.9422,0.0,0.0,0.0
2025-06-21,M0,09:50,0.0,0.0,0.9569,0.0,0.0,0.0
2025-06-21,M0,10:00,0.0,0.0,0.9977,0.0,0.0,0.0
2025-06-21,M0,10:10,0.0,0.0,0.9919,0.0,0.0,0.0
2025-06-21,M0,10:20,0.0,0.0,0.9588,0.0,0.0,0.0
2025-06-21,M0,10:30,0.0,0.0,0.9549,0.0,0.0,0.0
2025-06-21,M0,10:40,0.0,0.0,0.9839,0.0,0.0,0.0
2025-06-21,M0,10:50,0.0,0.0,0.799,0.0,0.0,0.0
2025-06-21,M0,11:00,0.0,0.0,0.5025,0.0,0.0,0.0
2025-06-21,M0,11:10,0.0,0.0,0.4662,0.0,0.0,0.0
2025-06-21,M0,11:20,0.0,0.0,0.5007,0.0,0.0,0.0
2025-06-21,M0,11:30,0.0,0.0,0.4827,0.0,0.0,0.0
2025-06-21,M0,11:40,0.0,0.0,0.4785,0.0,0.0,0.0
2025-06-21,M0,11:50,0.0,0.0,0.4662,0.0,0.0,0.0
2025-06-21,M0,12:00,0.0,0.0,0.4432,0.0,0.0,0.0
2025-06-21,M0,12:10,0.0,0.0,0.4411,0.0,0.0,0.0
2025-06-21,M0,12:20,0.0,0.0,0.4551,0.0,0.0,0.0
2025-06-21,M0,12:30,0.0,0.0,0.4463,0.0,0.0,0.0
2025-06-21,M0,12:40,0.0,0.0,0.4113,0.0,0.0,0.0
2025-06-21,M0,12:50,0.0,0.0,0.5682,0.0,0.0,0.0
2025-06-21,M0,13:00,0.0,0.0,0.8279,0.0,0.0,0.0
2025-06-21,M0,13:10,0.0,0.0,0.8636,0.0,0.0,0.0
2025-06-21,M0,13:20,0.0,0.0,0.8416,0.0,0.0,0.0
2025-06-21,M0,13:30,0.0,0.0,0.8618,0.0,0.0,0.0
2025-06-21,M0,13:40,0.0,0.0,0.8623,0.0,0.0,0.0
2025-06-21,M0,13:50,0.0,0.0,0.9026,0.0,0.0,0.0
2025-06-21,M0,14:00,0.0,0.0,0.9754,0.0,0.0,0.0
2025-06-21,M0,14:10,0.0,0.0,1.0002,0.0,0.0,0.0
2025-06-21,M0,14:20,0.0,0.0,0.9978,0.0,0.0,0.0
2025-06-21,M0,14:30,0.0,0.0,1.0271,0.0,0.0,0.0
2025-06-21,M0,14:40,0.0,0.0,1.0906,0.0,0.0,0.0
2025-06-21,M0,14:50,0.0,0.0,0.9376,0.0,0.0,0.0
2025-06-21,M0,15:00,0.0,0.0,0.6694,0.0,0.0,0.0
2025-06-21,M0,15:10,0.0,0.0,0.66,0.0,351.0954416666701,1158.6149575000115
2025-06-21,M0,15:20,0.0,0.0,0.7217,0.0,29.545822222222455,106.61609948888973
2025-06-21,M0,15:30,0.0,0.0,0.7308,0.0,11.938533333332572,43.62340079999721
2025-06-21,M0,15:40,0.0,0.0,0.7534,0.0,0.0,0.0
2025-06-21,M0,15:50,54.95901111111107,54.95901111111107,0.7823,42.99443439222219,0.0,0.0
2025-06-21,M0,16:00,112.92273333333333,112.92273333333333,0.8055,90.9592617,0.0,0.0
2025-06-21,M0,16:10,111.20315555555555,111.20315555555555,0.8271,91.97612996,0.0,0.0
2025-06-21,M0,16:20,131.0790777777778,131.0790777777778,0.8519,111.6662663588889,0.0,0.0
2025-06-21,M0,16:30,170.10109999999997,170.10109999999997,0.8791,149.53587700999998,0.0,0.0
2025-06-21,M0,16:40,189.19788888888888,189.19788888888888,0.9024,170.7321749333333,0.0,0.0
2025-06-21,M0,16:50,157.68886111111107,157.68886111111107,0.9163,144.49030343611108,0.0,0.0
2025-06-21,M0,17:00,122.89446666666663,122.89446666666663,0.9264,113.84943391999997,0.0,0.0
2025-06-21,M0,17:10,180.55780277777774,180.55780277777774,0.9462,170.8437929883333,0.0,0.0
2025-06-21,M0,17:20,243.70620555555547,243.70620555555547,0.9742,237.41858545222212,0.0,0.0
2025-06-21,M0,17:30,289.1925416666666,289.1925416666666,0.9862,285.2016845916666,0.0,0.0
2025-06-21,M0,17:40,358.5610277777777,358.5610277777777,0.976,349.9555631111111,0.0,0.0
2025-06-21,M0,17:50,392.9639638888888,392.9639638888888,1.0742,422.12189000944437,0.0,0.0
2025-06-21,M0,18:00,354.8890637150671,354.8890637150671,1.2313,436.9749041523621,0.0,0.0
2025-06-21,M0,18:10,0.0,0.0,1.2561,0.0,0.0,0.0
2025-06-21,M0,18:20,0.0,0.0,1.2447,0.0,0.0,0.0
2025-06-21,M0,18:30,0.0,0.0,1.2545,0.0,0.0,0.0
2025-06-21,M0,18:40,0.0,0.0,1.2522,0.0,4.917661111109396,30.78947621665593
2025-06-21,M0,18:50,0.0,0.0,1.2881,0.0,8.365280555556296,53.87658941806033
2025-06-21,M0,19:00,0.0,0.0,1.3466,0.0,0.0,0.0
2025-06-21,M0,19:10,0.0,0.0,1.3523,0.0,0.0,0.0
2025-06-21,M0,19:20,0.0,0.0,1.3445,0.0,0.0,0.0
2025-06-21,M0,19:30,0.0,0.0,1.3483,0.0,0.0,0.0
2025-06-21,M0,19:40,0.0,0.0,1.349,0.0,0.0,0.0
2025-06-21,M0,19:50,0.0,0.0,1.3473,0.0,0.0,0.0
2025-06-21,M0,20:00,0.0,0.0,1.3482,0.0,0.0,0.0
2025-06-21,M0,20:10,0.0,0.0,1.3513,0.0,0.0,0.0
2025-06-21,M0,20:20,0.0,0.0,1.34,0.0,2.422733333333099,16.232313333331764
2025-06-21,M0,20:30,0.0,0.0,1.3489,0.0,0.0,0.0
2025-06-21,M0,20:40,0.0,0.0,1.3952,0.0,0.0,0.0
2025-06-21,M0,20:50,585.6121499999999,585.6121499999999,1.2226,715.9694145899998,0.0,0.0
2025-06-21,M0,21:00,526.72,526.72,0.9332,491.53510400000005,0.0,0.0
2025-06-21,M0,21:10,535.7850999999999,535.7850999999999,0.9068,485.84992867999995,0.0,0.0
2025-06-21,M0,21:20,581.5171499999999,581.5171499999999,0.9371,544.9397212649999,0.0,0.0
2025-06-21,M0,21:30,618.915,618.915,0.9371,579.9852465,0.0,0.0
2025-06-21,M0,21:40,619.2412833333333,619.2412833333333,0.9871,611.2530707783333,0.0,0.0
2025-06-21,M0,21:50,576.7794666666666,576.7794666666666,0.7764,447.81157791999993,0.0,0.0
2025-06-21,M0,22:00,1361.6133333333332,1361.6133333333332,0.4209,573.1030519999999,0.0,0.0
2025-06-21,M0,22:10,1360.2070666666666,1360.2070666666666,0.3859,524.9039070266666,0.0,0.0
2025-06-21,M0,22:20,544.7410833333333,544.7410833333333,0.4368,237.9429052,0.0,0.0
2025-06-21,M0,22:30,1386.1983333333333,1386.1983333333333,0.4198,581.9260603333333,0.0,0.0
2025-06-21,M0,22:40,1380.1731833333333,1380.1731833333333,0.4186,577.7404945433334,0.0,0.0
2025-06-21,M0,22:50,1375.1262333333332,1375.1262333333332,0.4241,583.1910355566665,0.0,0.0
2025-06-21,M0,23:00,1365.0649999999998,1365.0649999999998,0.4237,578.3780405,0.0,0.0
2025-06-21,M0,23:10,619.1111815898773,619.1111815898773,0.4248,262.9984299393799,0.0,0.0
2025-06-21,M0,23:20,1320.1623833333333,1320.1623833333333,0.424,559.7488505333333,0.0,0.0
2025-06-21,M0,23:30,1331.55,1331.55,0.422,561.9141,0.0,0.0
2025-06-21,M0,23:40,1337.4285,1337.4285,0.424,567.0696839999999,0.0,0.0
2025-06-21,M0,23:50,532.2190166666667,532.2190166666667,0.4271,227.31074201833331,0.0,0.0
2025-06-21,M0,0:00+1,606.0233333333333,606.0233333333333,0.4276,259.1355773333333,0.0,0.0
2025-06-21,M1_M6,00:10,514.6639666666666,514.6639666666666,0.4248,218.62925303999998,0.0,0.0
2025-06-21,M1_M6,00:20,533.3486499999999,533.3486499999999,0.4245,226.40650192499996,0.0,0.0
2025-06-21,M1_M6,00:30,566.91,566.91,0.4269,242.01387899999997,0.0,0.0
2025-06-21,M1_M6,00:40,510.5876833333333,510.5876833333333,0.4272,218.12305832,0.0,0.0
2025-06-21,M1_M6,00:50,470.04286666666667,470.04286666666667,0.4271,200.75530835333333,0.0,0.0
2025-06-21,M1_M6,01:00,480.56333333333333,480.56333333333333,0.4285,205.92138833333334,0.0,0.0
2025-06-21,M1_M6,01:10,478.3299333333333,478.3299333333333,0.4311,206.20803425999998,0.0,0.0
2025-06-21,M1_M6,01:20,497.63811666666663,497.63811666666663,0.4302,214.08391779,0.0,0.0
2025-06-21,M1_M6,01:30,527.3633333333332,527.3633333333332,0.4279,225.65877033333328,0.0,0.0
2025-06-21,M1_M6,01:40,510.8076166666666,510.8076166666666,0.4312,220.26024430666666,0.0,0.0
2025-06-21,M1_M6,01:50,492.3409833333333,492.3409833333333,0.4333,213.33134807833335,0.0,0.0
2025-06-21,M1_M6,02:00,499.1033333333333,499.1033333333333,0.4311,215.16344699999996,0.0,0.0
2025-06-21,M1_M6,02:10,512.0669,512.0669,0.4293,219.83032017000002,0.0,0.0
2025-06-21,M1_M6,02:20,502.18358333333333,502.18358333333333,0.4324,217.14418143333333,0.0,0.0
2025-06-21,M1_M6,02:30,473.125,473.125,0.4367,206.6136875,0.0,0.0
2025-06-21,M1_M6,02:40,458.3199833333333,458.3199833333333,0.4348,199.27752875333334,0.0,0.0
2025-06-21,M1_M6,02:50,470.09745,470.09745,0.4335,203.787244575,0.0,0.0
2025-06-21,M1_M6,03:00,489.3733333333333,489.3733333333333,0.4357,213.2199613333333,0.0,0.0
2025-06-21,M1_M6,03:10,140.87839713531196,140.87839713531196,0.4374,61.62021090698545,0.0,0.0
2025-06-21,M1_M6,03:20,491.8388,491.8388,0.4371,214.98273948,0.0,0.0
2025-06-21,M1_M6,03:30,496.25166666666667,496.25166666666667,0.4356,216.167226,0.0,0.0
2025-06-21,M1_M6,03:40,463.3829999999999,463.3829999999999,0.4353,201.71061989999998,0.0,0.0
2025-06-21,M1_M6,03:50,454.71764999999994,454.71764999999994,0.436,198.25689539999996,0.0,0.0
2025-06-21,M1_M6,04:00,0.0,0.0,0.4378,0.0,0.0,0.0
2025-06-21,M1_M6,04:10,0.0,0.0,0.4401,0.0,0.0,0.0
2025-06-21,M1_M6,04:20,0.0,0.0,0.4389,0.0,0.5425416666664091,1.190607687499435
2025-06-21,M1_M6,04:30,445.63787499999995,445.63787499999995,0.4364,194.47636864999998,0.580458333333354,1.2665600833333783
2025-06-21,M1_M6,04:40,0.0,0.0,0.4393,0.0,0.24867777777785705,0.5462207388890631
2025-06-21,M1_M6,04:50,0.0,0.0,0.4422,0.0,0.0,0.0
2025-06-21,M1_M6,05:00,0.0,0.0,0.4395,0.0,0.9158472222220553,2.012574270832966
2025-06-21,M1_M6,05:10,419.2788194444444,419.2788194444444,0.4333,181.67351246527778,5.379897222222212,11.655547331944422
2025-06-21,M1_M6,05:20,0.0,0.0,0.4439,0.0,4.525661111110992,10.044704836110848
2025-06-21,M1_M6,05:30,368.157725,368.157725,0.4301,158.3446375225,2.688108333333332,5.780776970833331
2025-06-21,M1_M6,05:40,1194.963511111111,1194.963511111111,0.3713,443.68995167555556,0.0,0.0
2025-06-21,M1_M6,05:50,0.0,0.0,0.5708,0.0,0.0,0.0
2025-06-21,M1_M6,06:00,0.0,0.0,0.9099,0.0,0.0,0.0
2025-06-21,M1_M6,06:10,0.0,0.0,0.9368,0.0,0.0,0.0
2025-06-21,M1_M6,06:20,0.0,0.0,0.8758,0.0,0.0,0.0
2025-06-21,M1_M6,06:30,0.0,0.0,0.8759,0.0,0.0,0.0
2025-06-21,M1_M6,06:40,0.0,0.0,0.8601,0.0,0.0,0.0
2025-06-21,M1_M6,06:50,0.0,0.0,0.8442,0.0,0.0,0.0
2025-06-21,M1_M6,07:00,0.0,0.0,0.8334,0.0,0.0,0.0
2025-06-21,M1_M6,07:10,0.0,0.0,0.8092,0.0,0.0,0.0
2025-06-21,M1_M6,07:20,0.0,0.0,0.7972,0.0,0.0,0.0
2025-06-21,M1_M6,07:30,0.0,0.0,0.7644,0.0,0.0,0.0
2025-06-21,M1_M6,07:40,0.0,0.0,0.6899,0.0,0.0,0.0
2025-06-21,M1_M6,07:50,0.0,0.0,0.86,0.0,0.0,0.0
2025-06-21,M1_M6,08:00,0.0,0.0,1.1617,0.0,0.0,0.0
2025-06-21,M1_M6,08:10,0.0,0.0,1.1683,0.0,0.0,0.0
2025-06-21,M1_M6,08:20,0.0,0.0,1.0956,0.0,0.0,0.0
2025-06-21,M1_M6,08:30,0.0,0.0,1.0849,0.0,0.0,0.0
2025-06-21,M1_M6,08:40,0.0,0.0,1.061,0.0,0.0,0.0
2025-06-21,M1_M6,08:50,0.0,0.0,1.043,0.0,0.0,0.0
2025-06-21,M1_M6,09:00,0.0,0.0,1.036,0.0,0.0,0.0
2025-06-21,M1_M6,09:10,0.0,0.0,1.0147,0.0,0.0,0.0
2025-06-21,M1_M6,09:20,0.0,0.0,0.9922,0.0,0.0,0.0
2025-06-21,M1_M6,09:30,0.0,0.0,0.97,0.0,0.0,0.0
2025-06-21,M1_M6,09:40,0.0,0.0,0.9422,0.0,0.0,0.0
2025-06-21,M1_M6,09:50,0.0,0.0,0.9569,0.0,0.0,0.0
2025-06-21,M1_M6,10:00,0.0,0.0,0.9977,0.0,0.0,0.0
2025-06-21,M1_M6,10:10,0.0,0.0,0.9919,0.0,0.0,0.0
2025-06-21,M1_M6,10:20,0.0,0.0,0.9588,0.0,0.0,0.0
2025-06-21,M1_M6,10:30,0.0,0.0,0.9549,0.0,0.0,0.0
2025-06-21,M1_M6,10:40,0.0,0.0,0.9839,0.0,0.0,0.0
2025-06-21,M1_M6,10:50,0.0,0.0,0.799,0.0,0.0,0.0
2025-06-21,M1_M6,11:00,0.0,0.0,0.5025,0.0,0.0,0.0
2025-06-21,M1_M6,11:10,0.0,0.0,0.4662,0.0,0.0,0.0
2025-06-21,M1_M6,11:20,0.0,0.0,0.5007,0.0,0.0,0.0
2025-06-21,M1_M6,11:30,0.0,0.0,0.4827,0.0,0.0,0.0
2025-06-21,M1_M6,11:40,0.0,0.0,0.4785,0.0,0.0,0.0
2025-06-21,M1_M6,11:50,0.0,0.0,0.4662,0.0,0.0,0.0
2025-06-21,M1_M6,12:00,0.0,0.0,0.4432,0.0,0.0,0.0
2025-06-21,M1_M6,12:10,0.0,0.0,0.4411,0.0,0.0,0.0
2025-06-21,M1_M6,12:20,0.0,0.0,0.4551,0.0,0.0,0.0
2025-06-21,M1_M6,12:30,0.0,0.0,0.4463,0.0,0.0,0.0
2025-06-21,M1_M6,12:40,0.0,167.5539749999965,0.4113,103.37242487624783,0.0,0.0
2025-06-21,M1_M6,12:50,0.0,0.0,0.5682,0.0,0.0,0.0
2025-06-21,M1_M6,13:00,0.0,0.0,0.8279,0.0,0.0,0.0
2025-06-21,M1_M6,13:10,0.0,0.0,0.8636,0.0,0.0,0.0
2025-06-21,M1_M6,13:20,0.0,0.0,0.8416,0.0,0.0,0.0
2025-06-21,M1_M6,13:30,0.0,0.0,0.8618,0.0,0.0,0.0
2025-06-21,M1_M6,13:40,0.0,0.0,0.8623,0.0,0.0,0.0
2025-06-21,M1_M6,13:50,0.0,0.0,0.9026,0.0,0.0,0.0
2025-06-21,M1_M6,14:00,0.0,0.0,0.9754,0.0,0.0,0.0
2025-06-21,M1_M6,14:10,0.0,0.0,1.0002,0.0,0.0,0.0
2025-06-21,M1_M6,14:20,0.0,0.0,0.9978,0.0,0.0,0.0
2025-06-21,M1_M6,14:30,0.0,0.0,1.0271,0.0,0.0,0.0
2025-06-21,M1_M6,14:40,0.0,0.0,1.0906,0.0,0.0,0.0
2025-06-21,M1_M6,14:50,0.0,0.0,0.9376,0.0,0.0,0.0
2025-06-21,M1_M6,15:00,0.0,0.0,0.6694,0.0,0.0,0.0
2025-06-21,M1_M6,15:10,0.0,0.0,0.66,0.0,0.0,0.0
2025-06-21,M1_M6,15:20,0.0,0.0,0.7217,0.0,0.0,0.0
2025-06-21,M1_M6,15:30,0.0,0.0,0.7308,0.0,0.0,0.0
2025-06-21,M1_M6,15:40,0.0,0.0,0.7534,0.0,0.0,0.0
2025-06-21,M1_M6,15:50,54.95901111111107,54.95901111111107,0.7823,42.99443439222219,0.0,0.0
2025-06-21,M1_M6,16:00,112.92273333333333,112.92273333333333,0.8055,90.9592617,0.0,0.0
2025-06-21,M1_M6,16:10,111.20315555555555,111.20315555555555,0.8271,91.97612996,0.0,0.0
2025-06-21,M1_M6,16:20,131.0790777777778,131.0790777777778,0.8519,111.6662663588889,2.1688833333329676,9.238358558331775
2025-06-21,M1_M6,16:30,170.10109999999997,170.10109999999997,0.8791,149.53587700999998,0.0,0.0
2025-06-21,M1_M6,16:40,189.19788888888888,189.19788888888888,0.9024,170.7321749333333,0.0,0.0
2025-06-21,M1_M6,16:50,157.68886111111107,157.68886111111107,0.9163,144.49030343611108,0.0,0.0
2025-06-21,M1_M6,17:00,122.89446666666663,122.89446666666663,0.9264,113.84943391999997,0.0,0.0
2025-06-21,M1_M6,17:10,180.55780277777774,180.55780277777774,0.9462,170.8437929883333,0.0,0.0
2025-06-21,M1_M6,17:20,243.70620555555547,243.70620555555547,0.9742,237.41858545222212,0.0,0.0
2025-06-21,M1_M6,17:30,289.1925416666666,289.1925416666666,0.9862,285.2016845916666,0.0,0.0
2025-06-21,M1_M6,17:40,358.5610277777777,359.3380666666666,0.976,351.0931480444444,0.0,0.0
2025-06-21,M1_M6,17:50,392.9639638888888,395.2472416666666,1.0742,425.8009354927777,0.0,0.0
2025-06-21,M1_M6,18:00,354.8890637150671,368.3175720484018,1.2313,461.77668761861474,0.0,0.0
2025-06-21,M1_M6,18:10,0.0,0.0,1.2561,0.0,0.0,0.0
2025-06-21,M1_M6,18:20,0.0,0.0,1.2447,0.0,0.0,0.0
2025-06-21,M1_M6,18:30,0.0,0.0,1.2545,0.0,0.0,0.0
2025-06-21,M1_M6,18:40,0.0,0.0,1.2522,0.0,0.0,0.0
2025-06-21,M1_M6,18:50,0.0,0.0,1.2881,0.0,0.0,0.0
2025-06-21,M1_M6,19:00,0.0,0.0,1.3466,0.0,0.0,0.0
2025-06-21,M1_M6,19:10,0.0,0.0,1.3523,0.0,0.0,0.0
2025-06-21,M1_M6,19:20,0.0,0.0,1.3445,0.0,0.0,0.0
2025-06-21,M1_M6,19:30,0.0,0.0,1.3483,0.0,0.0,0.0
2025-06-21,M1_M6,19:40,0.0,0.0,1.349,0.0,0.0,0.0
2025-06-21,M1_M6,19:50,0.0,0.0,1.3473,0.0,0.0,0.0
2025-06-21,M1_M6,20:00,0.0,0.0,1.3482,0.0,0.0,0.0
2025-06-21,M1_M6,20:10,0.0,0.0,1.3513,0.0,0.0,0.0
2025-06-21,M1_M6,20:20,0.0,0.0,1.34,0.0,2.2771666666641295,15.257016666649667
2025-06-21,M1_M6,20:30,0.0,0.0,1.3489,0.0,0.0,0.0
2025-06-21,M1_M6,20:40,0.0,0.0,1.3952,0.0,0.0,0.0
2025-06-21,M1_M6,20:50,585.6121499999999,549.3215514357737,1.2226,693.7849716876884,36.29039856422628,221.84320642311522
2025-06-21,M1_M6,21:00,526.72,526.72,0.9332,491.53510400000005,0.0,0.0
2025-06-21,M1_M6,21:10,535.7850999999999,535.7850999999999,0.9068,485.84992867999995,0.0,0.0
2025-06-21,M1_M6,21:20,581.5171499999999,581.5171499999999,0.9371,544.9397212649999,0.0,0.0
2025-06-21,M1_M6,21:30,618.915,618.915,0.9371,579.9852465,0.0,0.0
2025-06-21,M1_M6,21:40,619.2412833333333,619.2412833333333,0.9871,611.2530707783333,0.0,0.0
2025-06-21,M1_M6,21:50,576.7794666666666,576.7794666666666,0.7764,447.81157791999993,0.0,0.0
2025-06-21,M1_M6,22:00,1361.6133333333332,1361.6133333333332,0.4209,573.1030519999999,0.0,0.0
2025-06-21,M1_M6,22:10,1360.2070666666666,1360.2070666666666,0.3859,524.9039070266666,0.0,0.0
2025-06-21,M1_M6,22:20,544.7410833333333,544.7410833333333,0.4368,237.9429052,0.0,0.0
2025-06-21,M1_M6,22:30,1386.1983333333333,1386.1983333333333,0.4198,581.9260603333333,0.0,0.0
2025-06-21,M1_M6,22:40,1380.1731833333333,1380.1731833333333,0.4186,577.7404945433334,0.0,0.0
2025-06-21,M1_M6,22:50,1375.1262333333332,1375.1262333333332,0.4241,583.1910355566665,0.0,0.0
2025-06-21,M1_M6,23:00,1365.0649999999998,1365.0649999999998,0.4237,578.3780405,0.0,0.0
2025-06-21,M1_M6,23:10,619.1111815898773,619.1111815898773,0.4248,262.9984299393799,0.0,0.0
2025-06-21,M1_M6,23:20,1320.1623833333333,1320.1623833333333,0.424,559.7488505333333,0.0,0.0
2025-06-21,M1_M6,23:30,1331.55,1331.55,0.422,561.9141,0.0,0.0
2025-06-21,M1_M6,23:40,1337.4285,1337.4285,0.424,567.0696839999999,0.0,0.0
2025-06-21,M1_M6,23:50,532.2190166666667,532.2190166666667,0.4271,227.31074201833331,0.0,0.0
2025-06-21,M1_M6,0:00+1,606.0233333333333,606.0233333333333,0.4276,259.1355773333333,0.0,0.0
2025-06-21,M6_only,00:10,514.6639666666666,514.6639666666666,0.4248,218.62925303999998,0.0,0.0
2025-06-21,M6_only,00:20,533.3486499999999,533.3486499999999,0.4245,226.40650192499996,0.0,0.0
2025-06-21,M6_only,00:30,566.91,566.91,0.4269,242.01387899999997,0.0,0.0
2025-06-21,M6_only,00:40,510.5876833333333,510.5876833333333,0.4272,218.12305832,0.0,0.0
2025-06-21,M6_only,00:50,470.04286666666667,470.04286666666667,0.4271,200.75530835333333,0.0,0.0
2025-06-21,M6_only,01:00,480.56333333333333,480.56333333333333,0.4285,205.92138833333334,0.0,0.0
2025-06-21,M6_only,01:10,478.3299333333333,478.3299333333333,0.4311,206.20803425999998,0.0,0.0
2025-06-21,M6_only,01:20,497.63811666666663,497.63811666666663,0.4302,214.08391779,0.0,0.0
2025-06-21,M6_only,01:30,527.3633333333332,527.3633333333332,0.4279,225.65877033333328,0.0,0.0
2025-06-21,M6_only,01:40,510.8076166666666,510.8076166666666,0.4312,220.26024430666666,0.0,0.0
2025-06-21,M6_only,01:50,492.3409833333333,492.3409833333333,0.4333,213.33134807833335,0.0,0.0
2025-06-21,M6_only,02:00,499.1033333333333,499.1033333333333,0.4311,215.16344699999996,0.0,0.0
2025-06-21,M6_only,02:10,512.0669,512.0669,0.4293,219.83032017000002,0.0,0.0
2025-06-21,M6_only,02:20,502.18358333333333,502.18358333333333,0.4324,217.14418143333333,0.0,0.0
2025-06-21,M6_only,02:30,473.125,473.125,0.4367,206.6136875,0.0,0.0
2025-06-21,M6_only,02:40,458.3199833333333,458.3199833333333,0.4348,199.27752875333334,0.0,0.0
2025-06-21,M6_only,02:50,470.09745,470.09745,0.4335,203.787244575,0.0,0.0
2025-06-21,M6_only,03:00,489.3733333333333,489.3733333333333,0.4357,213.2199613333333,0.0,0.0
2025-06-21,M6_only,03:10,140.87839713531196,140.87839713531196,0.4374,61.62021090698545,0.0,0.0
2025-06-21,M6_only,03:20,491.8388,491.8388,0.4371,214.98273948,0.0,0.0
2025-06-21,M6_only,03:30,496.25166666666667,496.25166666666667,0.4356,216.167226,0.0,0.0
2025-06-21,M6_only,03:40,463.3829999999999,463.3829999999999,0.4353,201.71061989999998,0.0,0.0
2025-06-21,M6_only,03:50,454.71764999999994,454.71764999999994,0.436,198.25689539999996,0.0,0.0
2025-06-21,M6_only,04:00,0.0,0.0,0.4378,0.0,0.0,0.0
2025-06-21,M6_only,04:10,0.0,0.0,0.4401,0.0,0.0,0.0
2025-06-21,M6_only,04:20,0.0,0.0,0.4389,0.0,0.5425416666664091,1.190607687499435
2025-06-21,M6_only,04:30,445.63787499999995,445.63787499999995,0.4364,194.47636864999998,0.580458333333354,1.2665600833333783
2025-06-21,M6_only,04:40,0.0,0.0,0.4393,0.0,0.24867777777785705,0.5462207388890631
2025-06-21,M6_only,04:50,0.0,0.0,0.4422,0.0,0.0,0.0
2025-06-21,M6_only,05:00,0.0,0.0,0.4395,0.0,0.9158472222220553,2.012574270832966
2025-06-21,M6_only,05:10,419.2788194444444,419.2788194444444,0.4333,181.67351246527778,5.379897222222212,11.655547331944422
2025-06-21,M6_only,05:20,0.0,0.0,0.4439,0.0,4.525661111110992,10.044704836110848
2025-06-21,M6_only,05:30,368.157725,368.157725,0.4301,158.3446375225,2.688108333333332,5.780776970833331
2025-06-21,M6_only,05:40,1194.963511111111,1194.963511111111,0.3713,443.68995167555556,0.0,0.0
2025-06-21,M6_only,05:50,0.0,0.0,0.5708,0.0,0.0,0.0
2025-06-21,M6_only,06:00,0.0,0.0,0.9099,0.0,0.0,0.0
2025-06-21,M6_only,06:10,0.0,0.0,0.9368,0.0,0.0,0.0
2025-06-21,M6_only,06:20,0.0,0.0,0.8758,0.0,0.0,0.0
2025-06-21,M6_only,06:30,0.0,0.0,0.8759,0.0,0.0,0.0
2025-06-21,M6_only,06:40,0.0,0.0,0.8601,0.0,0.0,0.0
2025-06-21,M6_only,06:50,0.0,0.0,0.8442,0.0,0.0,0.0
2025-06-21,M6_only,07:00,0.0,0.0,0.8334,0.0,0.0,0.0
2025-06-21,M6_only,07:10,0.0,0.0,0.8092,0.0,0.0,0.0
2025-06-21,M6_only,07:20,0.0,0.0,0.7972,0.0,0.0,0.0
2025-06-21,M6_only,07:30,0.0,0.0,0.7644,0.0,0.0,0.0
2025-06-21,M6_only,07:40,0.0,0.0,0.6899,0.0,0.0,0.0
2025-06-21,M6_only,07:50,0.0,0.0,0.86,0.0,0.0,0.0
2025-06-21,M6_only,08:00,0.0,0.0,1.1617,0.0,0.0,0.0
2025-06-21,M6_only,08:10,0.0,0.0,1.1683,0.0,0.0,0.0
2025-06-21,M6_only,08:20,0.0,0.0,1.0956,0.0,0.0,0.0
2025-06-21,M6_only,08:30,0.0,0.0,1.0849,0.0,0.0,0.0
2025-06-21,M6_only,08:40,0.0,0.0,1.061,0.0,0.0,0.0
2025-06-21,M6_only,08:50,0.0,0.0,1.043,0.0,0.0,0.0
2025-06-21,M6_only,09:00,0.0,0.0,1.036,0.0,0.0,0.0
2025-06-21,M6_only,09:10,0.0,0.0,1.0147,0.0,0.0,0.0
2025-06-21,M6_only,09:20,0.0,0.0,0.9922,0.0,0.0,0.0
2025-06-21,M6_only,09:30,0.0,0.0,0.97,0.0,0.0,0.0
2025-06-21,M6_only,09:40,0.0,0.0,0.9422,0.0,0.0,0.0
2025-06-21,M6_only,09:50,0.0,0.0,0.9569,0.0,0.0,0.0
2025-06-21,M6_only,10:00,0.0,0.0,0.9977,0.0,0.0,0.0
2025-06-21,M6_only,10:10,0.0,0.0,0.9919,0.0,0.0,0.0
2025-06-21,M6_only,10:20,0.0,0.0,0.9588,0.0,0.0,0.0
2025-06-21,M6_only,10:30,0.0,0.0,0.9549,0.0,0.0,0.0
2025-06-21,M6_only,10:40,0.0,0.0,0.9839,0.0,0.0,0.0
2025-06-21,M6_only,10:50,0.0,0.0,0.799,0.0,0.0,0.0
2025-06-21,M6_only,11:00,0.0,0.0,0.5025,0.0,0.0,0.0
2025-06-21,M6_only,11:10,0.0,0.0,0.4662,0.0,0.0,0.0
2025-06-21,M6_only,11:20,0.0,0.0,0.5007,0.0,0.0,0.0
2025-06-21,M6_only,11:30,0.0,0.0,0.4827,0.0,0.0,0.0
2025-06-21,M6_only,11:40,0.0,0.0,0.4785,0.0,0.0,0.0
2025-06-21,M6_only,11:50,0.0,0.0,0.4662,0.0,0.0,0.0
2025-06-21,M6_only,12:00,0.0,0.0,0.4432,0.0,0.0,0.0
2025-06-21,M6_only,12:10,0.0,0.0,0.4411,0.0,0.0,0.0
2025-06-21,M6_only,12:20,0.0,0.0,0.4551,0.0,0.0,0.0
2025-06-21,M6_only,12:30,0.0,0.0,0.4463,0.0,0.0,0.0
2025-06-21,M6_only,12:40,0.0,0.0,0.4113,0.0,0.0,0.0
2025-06-21,M6_only,12:50,0.0,0.0,0.5682,0.0,0.0,0.0
2025-06-21,M6_only,13:00,0.0,0.0,0.8279,0.0,0.0,0.0
2025-06-21,M6_only,13:10,0.0,0.0,0.8636,0.0,0.0,0.0
2025-06-21,M6_only,13:20,0.0,0.0,0.8416,0.0,0.0,0.0
2025-06-21,M6_only,13:30,0.0,0.0,0.8618,0.0,0.0,0.0
2025-06-21,M6_only,13:40,0.0,0.0,0.8623,0.0,0.0,0.0
2025-06-21,M6_only,13:50,0.0,0.0,0.9026,0.0,0.0,0.0
2025-06-21,M6_only,14:00,0.0,0.0,0.9754,0.0,0.0,0.0
2025-06-21,M6_only,14:10,0.0,0.0,1.0002,0.0,0.0,0.0
2025-06-21,M6_only,14:20,0.0,0.0,0.9978,0.0,0.0,0.0
2025-06-21,M6_only,14:30,0.0,0.0,1.0271,0.0,0.0,0.0
2025-06-21,M6_only,14:40,0.0,0.0,1.0906,0.0,0.0,0.0
2025-06-21,M6_only,14:50,0.0,0.0,0.9376,0.0,0.0,0.0
2025-06-21,M6_only,15:00,0.0,0.0,0.6694,0.0,0.0,0.0
2025-06-21,M6_only,15:10,0.0,0.0,0.66,0.0,0.0,0.0
2025-06-21,M6_only,15:20,0.0,0.0,0.7217,0.0,0.0,0.0
2025-06-21,M6_only,15:30,0.0,0.0,0.7308,0.0,0.0,0.0
2025-06-21,M6_only,15:40,0.0,0.0,0.7534,0.0,0.0,0.0
2025-06-21,M6_only,15:50,54.95901111111107,12.974402777777641,0.7823,26.572154842638817,0.0,0.0
2025-06-21,M6_only,16:00,112.92273333333333,35.16988333333336,0.8055,59.6443013625,0.0,0.0
2025-06-21,M6_only,16:10,111.20315555555555,43.595047222222206,0.8271,64.01679675874999,34.976502777777796,144.64532723750006
2025-06-21,M6_only,16:20,131.0790777777778,73.61571111111107,0.8519,87.18974532722221,29.58858888888892,126.03259437222236
2025-06-21,M6_only,16:30,170.10109999999997,122.78247500000009,0.8791,128.73697539125,0.0,0.0
2025-06-21,M6_only,16:40,189.19788888888888,152.02400555555556,0.9024,153.95931877333334,0.0,0.0
2025-06-21,M6_only,16:50,157.68886111111107,130.65971944444442,0.9163,132.10690218152774,0.0,0.0
2025-06-21,M6_only,17:00,122.89446666666663,106.01006666666666,0.9264,106.02857983999998,0.0,0.0
2025-06-21,M6_only,17:10,180.55780277777774,168.96682777777778,0.9462,165.36010271583334,0.0,0.0
2025-06-21,M6_only,17:20,243.70620555555547,237.40865555555547,0.9742,234.3510488472221,0.0,0.0
2025-06-21,M6_only,17:30,289.1925416666666,288.1884166666666,0.9862,284.7065505541666,0.7794999999999845,3.843714499999924
2025-06-21,M6_only,17:40,358.5610277777777,362.8503277777777,0.976,356.235098311111,0.0,0.0
2025-06-21,M6_only,17:50,392.9639638888888,402.54668888888887,1.0742,437.5625348019444,0.0,0.0
2025-06-21,M6_only,18:00,354.8890637150671,407.2451,1.2313,533.6738853688189,0.0,0.0
2025-06-21,M6_only,18:10,0.0,0.0,1.2561,0.0,0.0,0.0
2025-06-21,M6_only,18:20,0.0,0.007588715068663987,1.2447,0.014168510468949095,0.0,0.0
2025-06-21,M6_only,18:30,0.0,0.0,1.2545,0.0,0.0,0.0
2025-06-21,M6_only,18:40,0.0,0.0,1.2522,0.0,0.0,0.0
2025-06-21,M6_only,18:50,0.0,0.0,1.2881,0.0,0.0,0.0
2025-06-21,M6_only,19:00,0.0,0.0,1.3466,0.0,0.0,0.0
2025-06-21,M6_only,19:10,0.0,0.0,1.3523,0.0,0.0,0.0
2025-06-21,M6_only,19:20,0.0,0.0,1.3445,0.0,0.0,0.0
2025-06-21,M6_only,19:30,0.0,0.0,1.3483,0.0,0.0,0.0
2025-06-21,M6_only,19:40,0.0,0.0,1.349,0.0,0.0,0.0
2025-06-21,M6_only,19:50,0.0,0.0,1.3473,0.0,0.0,0.0
2025-06-21,M6_only,20:00,0.0,0.0,1.3482,0.0,0.0,0.0
2025-06-21,M6_only,20:10,0.0,0.0,1.3513,0.0,0.0,0.0
2025-06-21,M6_only,20:20,0.0,0.0,1.34,0.0,0.0,0.0
2025-06-21,M6_only,20:30,0.0,0.0,1.3489,0.0,0.0,0.0
2025-06-21,M6_only,20:40,0.0,0.0,1.3952,0.0,0.0,0.0
2025-06-21,M6_only,20:50,585.6121499999999,585.6121499999999,1.2226,715.9694145899998,0.0,0.0
2025-06-21,M6_only,21:00,526.72,526.72,0.9332,491.53510400000005,0.0,0.0
2025-06-21,M6_only,21:10,535.7850999999999,535.7850999999999,0.9068,485.84992867999995,0.0,0.0
2025-06-21,M6_only,21:20,581.5171499999999,581.5171499999999,0.9371,544.9397212649999,0.0,0.0
2025-06-21,M6_only,21:30,618.915,618.915,0.9371,579.9852465,0.0,0.0
2025-06-21,M6_only,21:40,619.2412833333333,619.2412833333333,0.9871,611.2530707783333,0.0,0.0
2025-06-21,M6_only,21:50,576.7794666666666,576.7794666666666,0.7764,447.81157791999993,0.0,0.0
2025-06-21,M6_only,22:00,1361.6133333333332,1361.6133333333332,0.4209,573.1030519999999,0.0,0.0
2025-06-21,M6_only,22:10,1360.2070666666666,1360.2070666666666,0.3859,524.9039070266666,0.0,0.0
2025-06-21,M6_only,22:20,544.7410833333333,544.7410833333333,0.4368,237.9429052,0.0,0.0
2025-06-21,M6_only,22:30,1386.1983333333333,1386.1983333333333,0.4198,581.9260603333333,0.0,0.0
2025-06-21,M6_only,22:40,1380.1731833333333,1380.1731833333333,0.4186,577.7404945433334,0.0,0.0
2025-06-21,M6_only,22:50,1375.1262333333332,1375.1262333333332,0.4241,583.1910355566665,0.0,0.0
2025-06-21,M6_only,23:00,1365.0649999999998,1365.0649999999998,0.4237,578.3780405,0.0,0.0
2025-06-21,M6_only,23:10,619.1111815898773,619.1111811236973,0.4248,262.99842984036326,0.0,0.0
2025-06-21,M6_only,23:20,1320.1623833333333,1320.1623833333333,0.424,559.7488505333333,0.0,0.0
2025-06-21,M6_only,23:30,1331.55,1331.55,0.422,561.9141,0.0,0.0
2025-06-21,M6_only,23:40,1337.4285,1337.4285,0.424,567.0696839999999,0.0,0.0
2025-06-21,M6_only,23:50,532.2190166666667,532.2190166666667,0.4271,227.31074201833331,0.0,0.0
2025-06-21,M6_only,0:00+1,606.0233333333333,606.0233333333333,0.4276,259.1355773333333,0.0,0.0
2025-06-21,M12_only,00:10,514.6639666666666,514.6639666666666,0.4248,218.62925303999998,0.0,0.0
2025-06-21,M12_only,00:20,533.3486499999999,533.3486499999999,0.4245,226.40650192499996,0.0,0.0
2025-06-21,M12_only,00:30,566.91,566.91,0.4269,242.01387899999997,0.0,0.0
2025-06-21,M12_only,00:40,510.5876833333333,510.5876833333333,0.4272,218.12305832,0.0,0.0
2025-06-21,M12_only,00:50,470.04286666666667,470.04286666666667,0.4271,200.75530835333333,0.0,0.0
2025-06-21,M12_only,01:00,480.56333333333333,480.56333333333333,0.4285,205.92138833333334,0.0,0.0
2025-06-21,M12_only,01:10,478.3299333333333,478.3299333333333,0.4311,206.20803425999998,0.0,0.0
2025-06-21,M12_only,01:20,497.63811666666663,497.63811666666663,0.4302,214.08391779,0.0,0.0
2025-06-21,M12_only,01:30,527.3633333333332,527.3633333333332,0.4279,225.65877033333328,0.0,0.0
2025-06-21,M12_only,01:40,510.8076166666666,510.8076166666666,0.4312,220.26024430666666,0.0,0.0
2025-06-21,M12_only,01:50,492.3409833333333,492.3409833333333,0.4333,213.33134807833335,0.0,0.0
2025-06-21,M12_only,02:00,499.1033333333333,499.1033333333333,0.4311,215.16344699999996,0.0,0.0
2025-06-21,M12_only,02:10,512.0669,512.0669,0.4293,219.83032017000002,0.0,0.0
2025-06-21,M12_only,02:20,502.18358333333333,502.18358333333333,0.4324,217.14418143333333,0.0,0.0
2025-06-21,M12_only,02:30,473.125,473.125,0.4367,206.6136875,0.0,0.0
2025-06-21,M12_only,02:40,458.3199833333333,458.3199833333333,0.4348,199.27752875333334,0.0,0.0
2025-06-21,M12_only,02:50,470.09745,470.09745,0.4335,203.787244575,0.0,0.0
2025-06-21,M12_only,03:00,489.3733333333333,489.3733333333333,0.4357,213.2199613333333,0.0,0.0
2025-06-21,M12_only,03:10,140.87839713531196,140.87839713531196,0.4374,61.62021090698545,0.0,0.0
2025-06-21,M12_only,03:20,491.8388,491.8388,0.4371,214.98273948,0.0,0.0
2025-06-21,M12_only,03:30,496.25166666666667,496.25166666666667,0.4356,216.167226,0.0,0.0
2025-06-21,M12_only,03:40,463.3829999999999,463.3829999999999,0.4353,201.71061989999998,0.0,0.0
2025-06-21,M12_only,03:50,454.71764999999994,454.71764999999994,0.436,198.25689539999996,0.0,0.0
2025-06-21,M12_only,04:00,0.0,0.0,0.4378,0.0,0.0,0.0
2025-06-21,M12_only,04:10,0.0,0.0,0.4401,0.0,0.0,0.0
2025-06-21,M12_only,04:20,0.0,0.0,0.4389,0.0,0.5425416666664091,1.190607687499435
2025-06-21,M12_only,04:30,445.63787499999995,445.63787499999995,0.4364,194.47636864999998,0.580458333333354,1.2665600833333783
2025-06-21,M12_only,04:40,0.0,0.0,0.4393,0.0,0.24867777777785705,0.5462207388890631
2025-06-21,M12_only,04:50,0.0,0.0,0.4422,0.0,0.0,0.0
2025-06-21,M12_only,05:00,0.0,0.0,0.4395,0.0,0.9158472222220553,2.012574270832966
2025-06-21,M12_only,05:10,419.2788194444444,419.2788194444444,0.4333,181.67351246527778,5.379897222222212,11.655547331944422
2025-06-21,M12_only,05:20,0.0,0.0,0.4439,0.0,4.525661111110992,10.044704836110848
2025-06-21,M12_only,05:30,368.157725,368.157725,0.4301,158.3446375225,2.688108333333332,5.780776970833331
2025-06-21,M12_only,05:40,1194.963511111111,1194.963511111111,0.3713,443.68995167555556,0.0,0.0
2025-06-21,M12_only,05:50,0.0,0.0,0.5708,0.0,0.0,0.0
2025-06-21,M12_only,06:00,0.0,0.0,0.9099,0.0,0.0,0.0
2025-06-21,M12_only,06:10,0.0,0.0,0.9368,0.0,0.0,0.0
2025-06-21,M12_only,06:20,0.0,0.0,0.8758,0.0,0.0,0.0
2025-06-21,M12_only,06:30,0.0,0.0,0.8759,0.0,0.0,0.0
2025-06-21,M12_only,06:40,0.0,0.0,0.8601,0.0,0.0,0.0
2025-06-21,M12_only,06:50,0.0,0.0,0.8442,0.0,0.0,0.0
2025-06-21,M12_only,07:00,0.0,0.0,0.8334,0.0,0.0,0.0
2025-06-21,M12_only,07:10,0.0,0.0,0.8092,0.0,0.0,0.0
2025-06-21,M12_only,07:20,0.0,0.0,0.7972,0.0,0.0,0.0
2025-06-21,M12_only,07:30,0.0,0.0,0.7644,0.0,0.0,0.0
2025-06-21,M12_only,07:40,0.0,0.0,0.6899,0.0,0.0,0.0
2025-06-21,M12_only,07:50,0.0,0.0,0.86,0.0,0.0,0.0
2025-06-21,M12_only,08:00,0.0,0.0,1.1617,0.0,0.0,0.0
2025-06-21,M12_only,08:10,0.0,0.0,1.1683,0.0,0.0,0.0
2025-06-21,M12_only,08:20,0.0,0.0,1.0956,0.0,0.0,0.0
2025-06-21,M12_only,08:30,0.0,0.0,1.0849,0.0,0.0,0.0
2025-06-21,M12_only,08:40,0.0,0.0,1.061,0.0,0.0,0.0
2025-06-21,M12_only,08:50,0.0,0.0,1.043,0.0,0.0,0.0
2025-06-21,M12_only,09:00,0.0,0.0,1.036,0.0,0.0,0.0
2025-06-21,M12_only,09:10,0.0,0.0,1.0147,0.0,0.0,0.0
2025-06-21,M12_only,09:20,0.0,0.0,0.9922,0.0,0.0,0.0
2025-06-21,M12_only,09:30,0.0,0.0,0.97,0.0,0.0,0.0
2025-06-21,M12_only,09:40,0.0,0.0,0.9422,0.0,0.0,0.0
2025-06-21,M12_only,09:50,0.0,0.0,0.9569,0.0,0.0,0.0
2025-06-21,M12_only,10:00,0.0,0.0,0.9977,0.0,0.0,0.0
2025-06-21,M12_only,10:10,0.0,0.0,0.9919,0.0,0.0,0.0
2025-06-21,M12_only,10:20,0.0,0.0,0.9588,0.0,0.0,0.0
2025-06-21,M12_only,10:30,0.0,0.0,0.9549,0.0,0.0,0.0
2025-06-21,M12_only,10:40,0.0,0.0,0.9839,0.0,0.0,0.0
2025-06-21,M12_only,10:50,0.0,0.0,0.799,0.0,0.0,0.0
2025-06-21,M12_only,11:00,0.0,0.0,0.5025,0.0,0.0,0.0
2025-06-21,M12_only,11:10,0.0,0.0,0.4662,0.0,0.0,0.0
2025-06-21,M12_only,11:20,0.0,0.0,0.5007,0.0,0.0,0.0
2025-06-21,M12_only,11:30,0.0,0.0,0.4827,0.0,0.0,0.0
2025-06-21,M12_only,11:40,0.0,0.0,0.4785,0.0,0.0,0.0
2025-06-21,M12_only,11:50,0.0,0.0,0.4662,0.0,0.0,0.0
2025-06-21,M12_only,12:00,0.0,0.0,0.4432,0.0,0.0,0.0
2025-06-21,M12_only,12:10,0.0,172.6529833333334,0.4411,114.23584642250005,0.0,0.0
2025-06-21,M12_only,12:20,0.0,186.35008333333326,0.4551,127.21188438749996,0.0,0.0
2025-06-21,M12_only,12:30,0.0,193.3190333333332,0.4463,129.41742686499992,0.0,0.0
2025-06-21,M12_only,12:40,0.0,209.45791666666662,0.4113,129.2250616875,0.0,0.0
2025-06-21,M12_only,12:50,0.0,179.15413333333322,0.5682,152.6930678399999,0.0,0.0
2025-06-21,M12_only,13:00,0.0,0.0,0.8279,0.0,0.0,0.0
2025-06-21,M12_only,13:10,0.0,0.0,0.8636,0.0,0.0,0.0
2025-06-21,M12_only,13:20,0.0,0.0,0.8416,0.0,0.0,0.0
2025-06-21,M12_only,13:30,0.0,0.0,0.8618,0.0,0.0,0.0
2025-06-21,M12_only,13:40,0.0,0.0,0.8623,0.0,0.0,0.0
2025-06-21,M12_only,13:50,0.0,0.0,0.9026,0.0,0.0,0.0
2025-06-21,M12_only,14:00,0.0,0.0,0.9754,0.0,0.0,0.0
2025-06-21,M12_only,14:10,0.0,0.0,1.0002,0.0,0.0,0.0
2025-06-21,M12_only,14:20,0.0,0.0,0.9978,0.0,0.0,0.0
2025-06-21,M12_only,14:30,0.0,0.0,1.0271,0.0,0.0,0.0
2025-06-21,M12_only,14:40,0.0,0.0,1.0906,0.0,0.0,0.0
2025-06-21,M12_only,14:50,0.0,0.0,0.9376,0.0,0.0,0.0
2025-06-21,M12_only,15:00,0.0,0.0,0.6694,0.0,0.0,0.0
2025-06-21,M12_only,15:10,0.0,384.4249119215241,0.66,380.5806628023089,0.0,0.0
2025-06-21,M12_only,15:20,0.0,0.0,0.7217,0.0,0.0,0.0
2025-06-21,M12_only,15:30,0.0,0.0,0.7308,0.0,0.0,0.0
2025-06-21,M12_only,15:40,0.0,0.0,0.7534,0.0,0.0,0.0
2025-06-21,M12_only,15:50,54.95901111111107,54.95901111111107,0.7823,42.99443439222219,0.0,0.0
2025-06-21,M12_only,16:00,112.92273333333333,112.92273333333333,0.8055,90.9592617,0.0,0.0
2025-06-21,M12_only,16:10,111.20315555555555,111.20315555555555,0.8271,91.97612996,0.0,0.0
2025-06-21,M12_only,16:20,131.0790777777778,131.0790777777778,0.8519,111.6662663588889,2.1688833333329676,9.238358558331775
2025-06-21,M12_only,16:30,170.10109999999997,170.10109999999997,0.8791,149.53587700999998,0.0,0.0
2025-06-21,M12_only,16:40,189.19788888888888,189.19788888888888,0.9024,170.7321749333333,0.0,0.0
2025-06-21,M12_only,16:50,157.68886111111107,157.68886111111107,0.9163,144.49030343611108,0.0,0.0
2025-06-21,M12_only,17:00,122.89446666666663,122.89446666666663,0.9264,113.84943391999997,0.0,0.0
2025-06-21,M12_only,17:10,180.55780277777774,180.55780277777774,0.9462,170.8437929883333,0.0,0.0
2025-06-21,M12_only,17:20,243.70620555555547,243.70620555555547,0.9742,237.41858545222212,0.0,0.0
2025-06-21,M12_only,17:30,289.1925416666666,289.1925416666666,0.9862,285.2016845916666,0.0,0.0
2025-06-21,M12_only,17:40,358.5610277777777,359.3380666666666,0.976,351.0931480444444,0.0,0.0
2025-06-21,M12_only,17:50,392.9639638888888,395.2472416666666,1.0742,425.8009354927777,0.0,0.0
2025-06-21,M12_only,18:00,354.8890637150671,368.3175720484018,1.2313,461.77668761861474,0.0,0.0
2025-06-21,M12_only,18:10,0.0,0.0,1.2561,0.0,0.0,0.0
2025-06-21,M12_only,18:20,0.0,0.0,1.2447,0.0,0.0,0.0
2025-06-21,M12_only,18:30,0.0,0.0,1.2545,0.0,0.0,0.0
2025-06-21,M12_only,18:40,0.0,0.0,1.2522,0.0,0.0,0.0
2025-06-21,M12_only,18:50,0.0,0.0,1.2881,0.0,0.0,0.0
2025-06-21,M12_only,19:00,0.0,0.0,1.3466,0.0,0.0,0.0
2025-06-21,M12_only,19:10,0.0,0.0,1.3523,0.0,0.0,0.0
2025-06-21,M12_only,19:20,0.0,0.0,1.3445,0.0,0.0,0.0
2025-06-21,M12_only,19:30,0.0,0.0,1.3483,0.0,0.0,0.0
2025-06-21,M12_only,19:40,0.0,0.0,1.349,0.0,0.0,0.0
2025-06-21,M12_only,19:50,0.0,0.0,1.3473,0.0,0.0,0.0
2025-06-21,M12_only,20:00,0.0,0.0,1.3482,0.0,0.0,0.0
2025-06-21,M12_only,20:10,0.0,0.0,1.3513,0.0,0.0,0.0
2025-06-21,M12_only,20:20,0.0,0.0,1.34,0.0,2.2771666666641295,15.257016666649667
2025-06-21,M12_only,20:30,0.0,0.0,1.3489,0.0,0.0,0.0
2025-06-21,M12_only,20:40,0.0,0.0,1.3952,0.0,0.0,0.0
2025-06-21,M12_only,20:50,585.6121499999999,585.6121499999999,1.2226,715.9694145899998,0.0,0.0
2025-06-21,M12_only,21:00,526.72,526.72,0.9332,491.53510400000005,0.0,0.0
2025-06-21,M12_only,21:10,535.7850999999999,535.7850999999999,0.9068,485.84992867999995,0.0,0.0
2025-06-21,M12_only,21:20,581.5171499999999,581.5171499999999,0.9371,544.9397212649999,0.0,0.0
2025-06-21,M12_only,21:30,618.915,618.915,0.9371,579.9852465,0.0,0.0
2025-06-21,M12_only,21:40,619.2412833333333,619.2412833333333,0.9871,611.2530707783333,0.0,0.0
2025-06-21,M12_only,21:50,576.7794666666666,576.7794666666666,0.7764,447.81157791999993,0.0,0.0
2025-06-21,M12_only,22:00,1361.6133333333332,1361.6133333333332,0.4209,573.1030519999999,0.0,0.0
2025-06-21,M12_only,22:10,1360.2070666666666,1360.2070666666666,0.3859,524.9039070266666,0.0,0.0
2025-06-21,M12_only,22:20,544.7410833333333,544.7410833333333,0.4368,237.9429052,0.0,0.0
2025-06-21,M12_only,22:30,1386.1983333333333,1386.1983333333333,0.4198,581.9260603333333,0.0,0.0
2025-06-21,M12_only,22:40,1380.1731833333333,1380.1731833333333,0.4186,577.7404945433334,0.0,0.0
2025-06-21,M12_only,22:50,1375.1262333333332,1375.1262333333332,0.4241,583.1910355566665,0.0,0.0
2025-06-21,M12_only,23:00,1365.0649999999998,1365.0649999999998,0.4237,578.3780405,0.0,0.0
2025-06-21,M12_only,23:10,619.1111815898773,619.1111811236973,0.4248,262.99842984036326,0.0,0.0
2025-06-21,M12_only,23:20,1320.1623833333333,1320.1623833333333,0.424,559.7488505333333,0.0,0.0
2025-06-21,M12_only,23:30,1331.55,1331.55,0.422,561.9141,0.0,0.0
2025-06-21,M12_only,23:40,1337.4285,1337.4285,0.424,567.0696839999999,0.0,0.0
2025-06-21,M12_only,23:50,532.2190166666667,532.2190166666667,0.4271,227.31074201833331,0.0,0.0
2025-06-21,M12_only,0:00+1,606.0233333333333,606.0233333333333,0.4276,259.1355773333333,0.0,0.0
2025-06-21,M18_only,00:10,514.6639666666666,514.6639666666666,0.4248,218.62925303999998,0.0,0.0
2025-06-21,M18_only,00:20,533.3486499999999,533.3486499999999,0.4245,226.40650192499996,0.0,0.0
2025-06-21,M18_only,00:30,566.91,566.91,0.4269,242.01387899999997,0.0,0.0
2025-06-21,M18_only,00:40,510.5876833333333,510.5876833333333,0.4272,218.12305832,0.0,0.0
2025-06-21,M18_only,00:50,470.04286666666667,470.04286666666667,0.4271,200.75530835333333,0.0,0.0
2025-06-21,M18_only,01:00,480.56333333333333,480.56333333333333,0.4285,205.92138833333334,0.0,0.0
2025-06-21,M18_only,01:10,478.3299333333333,478.3299333333333,0.4311,206.20803425999998,0.0,0.0
2025-06-21,M18_only,01:20,497.63811666666663,497.63811666666663,0.4302,214.08391779,0.0,0.0
2025-06-21,M18_only,01:30,527.3633333333332,527.3633333333332,0.4279,225.65877033333328,0.0,0.0
2025-06-21,M18_only,01:40,510.8076166666666,510.8076166666666,0.4312,220.26024430666666,0.0,0.0
2025-06-21,M18_only,01:50,492.3409833333333,492.3409833333333,0.4333,213.33134807833335,0.0,0.0
2025-06-21,M18_only,02:00,499.1033333333333,499.1033333333333,0.4311,215.16344699999996,0.0,0.0
2025-06-21,M18_only,02:10,512.0669,512.0669,0.4293,219.83032017000002,0.0,0.0
2025-06-21,M18_only,02:20,502.18358333333333,502.18358333333333,0.4324,217.14418143333333,0.0,0.0
2025-06-21,M18_only,02:30,473.125,473.125,0.4367,206.6136875,0.0,0.0
2025-06-21,M18_only,02:40,458.3199833333333,458.3199833333333,0.4348,199.27752875333334,0.0,0.0
2025-06-21,M18_only,02:50,470.09745,470.09745,0.4335,203.787244575,0.0,0.0
2025-06-21,M18_only,03:00,489.3733333333333,489.3733333333333,0.4357,213.2199613333333,0.0,0.0
2025-06-21,M18_only,03:10,140.87839713531196,140.87839713531196,0.4374,61.62021090698545,0.0,0.0
2025-06-21,M18_only,03:20,491.8388,491.8388,0.4371,214.98273948,0.0,0.0
2025-06-21,M18_only,03:30,496.25166666666667,496.25166666666667,0.4356,216.167226,0.0,0.0
2025-06-21,M18_only,03:40,463.3829999999999,463.3829999999999,0.4353,201.71061989999998,0.0,0.0
2025-06-21,M18_only,03:50,454.71764999999994,454.71764999999994,0.436,198.25689539999996,0.0,0.0
2025-06-21,M18_only,04:00,0.0,0.0,0.4378,0.0,0.0,0.0
2025-06-21,M18_only,04:10,0.0,0.0,0.4401,0.0,0.0,0.0
2025-06-21,M18_only,04:20,0.0,0.0,0.4389,0.0,0.5425416666664091,1.190607687499435
2025-06-21,M18_only,04:30,445.63787499999995,445.63787499999995,0.4364,194.47636864999998,0.580458333333354,1.2665600833333783
2025-06-21,M18_only,04:40,0.0,0.0,0.4393,0.0,0.24867777777785705,0.5462207388890631
2025-06-21,M18_only,04:50,0.0,0.0,0.4422,0.0,0.0,0.0
2025-06-21,M18_only,05:00,0.0,0.0,0.4395,0.0,0.9158472222220553,2.012574270832966
2025-06-21,M18_only,05:10,419.2788194444444,419.2788194444444,0.4333,181.67351246527778,5.379897222222212,11.655547331944422
2025-06-21,M18_only,05:20,0.0,0.0,0.4439,0.0,4.525661111110992,10.044704836110848
2025-06-21,M18_only,05:30,368.157725,368.157725,0.4301,158.3446375225,2.688108333333332,5.780776970833331
2025-06-21,M18_only,05:40,1194.963511111111,1194.963511111111,0.3713,443.68995167555556,0.0,0.0
2025-06-21,M18_only,05:50,0.0,0.0,0.5708,0.0,0.0,0.0
2025-06-21,M18_only,06:00,0.0,0.0,0.9099,0.0,0.0,0.0
2025-06-21,M18_only,06:10,0.0,0.0,0.9368,0.0,0.0,0.0
2025-06-21,M18_only,06:20,0.0,0.0,0.8758,0.0,0.0,0.0
2025-06-21,M18_only,06:30,0.0,0.0,0.8759,0.0,0.0,0.0
2025-06-21,M18_only,06:40,0.0,0.0,0.8601,0.0,0.0,0.0
2025-06-21,M18_only,06:50,0.0,0.0,0.8442,0.0,0.0,0.0
2025-06-21,M18_only,07:00,0.0,0.0,0.8334,0.0,0.0,0.0
2025-06-21,M18_only,07:10,0.0,0.0,0.8092,0.0,0.0,0.0
2025-06-21,M18_only,07:20,0.0,0.0,0.7972,0.0,0.0,0.0
2025-06-21,M18_only,07:30,0.0,0.0,0.7644,0.0,0.0,0.0
2025-06-21,M18_only,07:40,0.0,0.0,0.6899,0.0,0.0,0.0
2025-06-21,M18_only,07:50,0.0,0.0,0.86,0.0,0.0,0.0
2025-06-21,M18_only,08:00,0.0,0.0,1.1617,0.0,0.0,0.0
2025-06-21,M18_only,08:10,0.0,0.0,1.1683,0.0,0.0,0.0
2025-06-21,M18_only,08:20,0.0,0.0,1.0956,0.0,0.0,0.0
2025-06-21,M18_only,08:30,0.0,0.0,1.0849,0.0,0.0,0.0
2025-06-21,M18_only,08:40,0.0,0.0,1.061,0.0,0.0,0.0
2025-06-21,M18_only,08:50,0.0,0.0,1.043,0.0,0.0,0.0
2025-06-21,M18_only,09:00,0.0,0.0,1.036,0.0,0.0,0.0
2025-06-21,M18_only,09:10,0.0,0.0,1.0147,0.0,0.0,0.0
2025-06-21,M18_only,09:20,0.0,0.0,0.9922,0.0,0.0,0.0
2025-06-21,M18_only,09:30,0.0,0.0,0.97,0.0,0.0,0.0
2025-06-21,M18_only,09:40,0.0,0.0,0.9422,0.0,0.0,0.0
2025-06-21,M18_only,09:50,0.0,0.0,0.9569,0.0,0.0,0.0
2025-06-21,M18_only,10:00,0.0,0.0,0.9977,0.0,0.0,0.0
2025-06-21,M18_only,10:10,0.0,0.0,0.9919,0.0,0.0,0.0
2025-06-21,M18_only,10:20,0.0,0.0,0.9588,0.0,0.0,0.0
2025-06-21,M18_only,10:30,0.0,0.0,0.9549,0.0,0.0,0.0
2025-06-21,M18_only,10:40,0.0,0.0,0.9839,0.0,0.0,0.0
2025-06-21,M18_only,10:50,0.0,0.0,0.799,0.0,0.0,0.0
2025-06-21,M18_only,11:00,0.0,0.0,0.5025,0.0,0.0,0.0
2025-06-21,M18_only,11:10,0.0,0.0,0.4662,0.0,0.0,0.0
2025-06-21,M18_only,11:20,0.0,0.0,0.5007,0.0,0.0,0.0
2025-06-21,M18_only,11:30,0.0,0.0,0.4827,0.0,0.0,0.0
2025-06-21,M18_only,11:40,0.0,0.0,0.4785,0.0,0.0,0.0
2025-06-21,M18_only,11:50,0.0,0.0,0.4662,0.0,0.0,0.0
2025-06-21,M18_only,12:00,0.0,0.0,0.4432,0.0,0.0,0.0
2025-06-21,M18_only,12:10,0.0,0.0,0.4411,0.0,0.0,0.0
2025-06-21,M18_only,12:20,0.0,0.0,0.4551,0.0,0.0,0.0
2025-06-21,M18_only,12:30,0.0,0.0,0.4463,0.0,0.0,0.0
2025-06-21,M18_only,12:40,0.0,0.0,0.4113,0.0,0.0,0.0
2025-06-21,M18_only,12:50,0.0,0.0,0.5682,0.0,0.0,0.0
2025-06-21,M18_only,13:00,0.0,0.0,0.8279,0.0,0.0,0.0
2025-06-21,M18_only,13:10,0.0,0.0,0.8636,0.0,0.0,0.0
2025-06-21,M18_only,13:20,0.0,0.0,0.8416,0.0,0.0,0.0
2025-06-21,M18_only,13:30,0.0,0.0,0.8618,0.0,0.0,0.0
2025-06-21,M18_only,13:40,0.0,0.0,0.8623,0.0,0.0,0.0
2025-06-21,M18_only,13:50,0.0,0.0,0.9026,0.0,0.0,0.0
2025-06-21,M18_only,14:00,0.0,0.0,0.9754,0.0,0.0,0.0
2025-06-21,M18_only,14:10,0.0,0.0,1.0002,0.0,0.0,0.0
2025-06-21,M18_only,14:20,0.0,0.0,0.9978,0.0,0.0,0.0
2025-06-21,M18_only,14:30,0.0,0.0,1.0271,0.0,0.0,0.0
2025-06-21,M18_only,14:40,0.0,0.0,1.0906,0.0,0.0,0.0
2025-06-21,M18_only,14:50,0.0,0.0,0.9376,0.0,0.0,0.0
2025-06-21,M18_only,15:00,0.0,0.0,0.6694,0.0,0.0,0.0
2025-06-21,M18_only,15:10,0.0,0.0,0.66,0.0,351.0954416666701,1158.6149575000115
2025-06-21,M18_only,15:20,0.0,0.0,0.7217,0.0,29.545822222222455,106.61609948888973
2025-06-21,M18_only,15:30,0.0,0.0,0.7308,0.0,11.938533333332572,43.62340079999721
2025-06-21,M18_only,15:40,0.0,0.0,0.7534,0.0,0.0,0.0
2025-06-21,M18_only,15:50,54.95901111111107,54.95901111111107,0.7823,42.99443439222219,0.0,0.0
2025-06-21,M18_only,16:00,112.92273333333333,112.92273333333333,0.8055,90.9592617,0.0,0.0
2025-06-21,M18_only,16:10,111.20315555555555,111.20315555555555,0.8271,91.97612996,0.0,0.0
2025-06-21,M18_only,16:20,131.0790777777778,131.0790777777778,0.8519,111.6662663588889,0.0,0.0
2025-06-21,M18_only,16:30,170.10109999999997,170.10109999999997,0.8791,149.53587700999998,0.0,0.0
2025-06-21,M18_only,16:40,189.19788888888888,189.19788888888888,0.9024,170.7321749333333,0.0,0.0
2025-06-21,M18_only,16:50,157.68886111111107,157.68886111111107,0.9163,144.49030343611108,0.0,0.0
2025-06-21,M18_only,17:00,122.89446666666663,122.89446666666663,0.9264,113.84943391999997,0.0,0.0
2025-06-21,M18_only,17:10,180.55780277777774,180.55780277777774,0.9462,170.8437929883333,0.0,0.0
2025-06-21,M18_only,17:20,243.70620555555547,243.70620555555547,0.9742,237.41858545222212,0.0,0.0
2025-06-21,M18_only,17:30,289.1925416666666,289.1925416666666,0.9862,285.2016845916666,0.0,0.0
2025-06-21,M18_only,17:40,358.5610277777777,358.5610277777777,0.976,349.9555631111111,0.0,0.0
2025-06-21,M18_only,17:50,392.9639638888888,392.9639638888888,1.0742,422.12189000944437,0.0,0.0
2025-06-21,M18_only,18:00,354.8890637150671,354.8890637150671,1.2313,436.9749041523621,0.0,0.0
2025-06-21,M18_only,18:10,0.0,0.0,1.2561,0.0,0.0,0.0
2025-06-21,M18_only,18:20,0.0,0.0,1.2447,0.0,0.0,0.0
2025-06-21,M18_only,18:30,0.0,0.0,1.2545,0.0,0.0,0.0
2025-06-21,M18_only,18:40,0.0,0.0,1.2522,0.0,3.6761249999970005,23.01621862498122
2025-06-21,M18_only,18:50,0.0,0.0,1.2881,0.0,9.47463333333394,61.021375983337244
2025-06-21,M18_only,19:00,0.0,0.0,1.3466,0.0,0.0,0.0
2025-06-21,M18_only,19:10,0.0,0.0,1.3523,0.0,0.0,0.0
2025-06-21,M18_only,19:20,0.0,0.0,1.3445,0.0,0.0,0.0
2025-06-21,M18_only,19:30,0.0,0.0,1.3483,0.0,0.0,0.0
2025-06-21,M18_only,19:40,0.0,0.0,1.349,0.0,0.0,0.0
2025-06-21,M18_only,19:50,0.0,0.0,1.3473,0.0,0.0,0.0
2025-06-21,M18_only,20:00,0.0,0.0,1.3482,0.0,0.0,0.0
2025-06-21,M18_only,20:10,0.0,0.0,1.3513,0.0,0.0,0.0
2025-06-21,M18_only,20:20,0.0,0.0,1.34,0.0,2.5549166666677365,17.117941666673836
2025-06-21,M18_only,20:30,0.0,0.0,1.3489,0.0,0.0,0.0
2025-06-21,M18_only,20:40,0.0,0.0,1.3952,0.0,0.0,0.0
2025-06-21,M18_only,20:50,585.6121499999999,562.7500590634608,1.2226,701.9938184004935,22.861890936539226,139.75473929506427
2025-06-21,M18_only,21:00,526.72,526.72,0.9332,491.53510400000005,0.0,0.0
2025-06-21,M18_only,21:10,535.7850999999999,535.7850999999999,0.9068,485.84992867999995,0.0,0.0
2025-06-21,M18_only,21:20,581.5171499999999,581.5171499999999,0.9371,544.9397212649999,0.0,0.0
2025-06-21,M18_only,21:30,618.915,618.915,0.9371,579.9852465,0.0,0.0
2025-06-21,M18_only,21:40,619.2412833333333,619.2412833333333,0.9871,611.2530707783333,0.0,0.0
2025-06-21,M18_only,21:50,576.7794666666666,576.7794666666666,0.7764,447.81157791999993,0.0,0.0
2025-06-21,M18_only,22:00,1361.6133333333332,1361.6133333333332,0.4209,573.1030519999999,0.0,0.0
2025-06-21,M18_only,22:10,1360.2070666666666,1360.2070666666666,0.3859,524.9039070266666,0.0,0.0
2025-06-21,M18_only,22:20,544.7410833333333,544.7410833333333,0.4368,237.9429052,0.0,0.0
2025-06-21,M18_only,22:30,1386.1983333333333,1386.1983333333333,0.4198,581.9260603333333,0.0,0.0
2025-06-21,M18_only,22:40,1380.1731833333333,1380.1731833333333,0.4186,577.7404945433334,0.0,0.0
2025-06-21,M18_only,22:50,1375.1262333333332,1375.1262333333332,0.4241,583.1910355566665,0.0,0.0
2025-06-21,M18_only,23:00,1365.0649999999998,1365.0649999999998,0.4237,578.3780405,0.0,0.0
2025-06-21,M18_only,23:10,619.1111815898773,619.1111815898773,0.4248,262.9984299393799,0.0,0.0
2025-06-21,M18_only,23:20,1320.1623833333333,1320.1623833333333,0.424,559.7488505333333,0.0,0.0
2025-06-21,M18_only,23:30,1331.55,1331.55,0.422,561.9141,0.0,0.0
2025-06-21,M18_only,23:40,1337.4285,1337.4285,0.424,567.0696839999999,0.0,0.0
2025-06-21,M18_only,23:50,532.2190166666667,532.2190166666667,0.4271,227.31074201833331,0.0,0.0
2025-06-21,M18_only,0:00+1,606.0233333333333,606.0233333333333,0.4276,259.1355773333333,0.0,0.0
2025-06-21,M1_M6,00:10,514.6639666666666,514.6639666666666,0.4248,218.62925303999998,0.0,0.0
2025-06-21,M1_M6,00:20,533.3486499999999,533.3486499999999,0.4245,226.40650192499996,0.0,0.0
2025-06-21,M1_M6,00:30,566.91,566.91,0.4269,242.01387899999997,0.0,0.0
2025-06-21,M1_M6,00:40,510.5876833333333,510.5876833333333,0.4272,218.12305832,0.0,0.0
2025-06-21,M1_M6,00:50,470.04286666666667,470.04286666666667,0.4271,200.75530835333333,0.0,0.0
2025-06-21,M1_M6,01:00,480.56333333333333,480.56333333333333,0.4285,205.92138833333334,0.0,0.0
2025-06-21,M1_M6,01:10,478.3299333333333,478.3299333333333,0.4311,206.20803425999998,0.0,0.0
2025-06-21,M1_M6,01:20,497.63811666666663,497.63811666666663,0.4302,214.08391779,0.0,0.0
2025-06-21,M1_M6,01:30,527.3633333333332,527.3633333333332,0.4279,225.65877033333328,0.0,0.0
2025-06-21,M1_M6,01:40,510.8076166666666,510.8076166666666,0.4312,220.26024430666666,0.0,0.0
2025-06-21,M1_M6,01:50,492.3409833333333,492.3409833333333,0.4333,213.33134807833335,0.0,0.0
2025-06-21,M1_M6,02:00,499.1033333333333,499.1033333333333,0.4311,215.16344699999996,0.0,0.0
2025-06-21,M1_M6,02:10,512.0669,512.0669,0.4293,219.83032017000002,0.0,0.0
2025-06-21,M1_M6,02:20,502.18358333333333,502.18358333333333,0.4324,217.14418143333333,0.0,0.0
2025-06-21,M1_M6,02:30,473.125,473.125,0.4367,206.6136875,0.0,0.0
2025-06-21,M1_M6,02:40,458.3199833333333,458.3199833333333,0.4348,199.27752875333334,0.0,0.0
2025-06-21,M1_M6,02:50,470.09745,470.09745,0.4335,203.787244575,0.0,0.0
2025-06-21,M1_M6,03:00,489.3733333333333,489.3733333333333,0.4357,213.2199613333333,0.0,0.0
2025-06-21,M1_M6,03:10,140.87839713531196,140.87839713531196,0.4374,61.62021090698545,0.0,0.0
2025-06-21,M1_M6,03:20,491.8388,491.8388,0.4371,214.98273948,0.0,0.0
2025-06-21,M1_M6,03:30,496.25166666666667,496.25166666666667,0.4356,216.167226,0.0,0.0
2025-06-21,M1_M6,03:40,463.3829999999999,463.3829999999999,0.4353,201.71061989999998,0.0,0.0
2025-06-21,M1_M6,03:50,454.71764999999994,454.71764999999994,0.436,198.25689539999996,0.0,0.0
2025-06-21,M1_M6,04:00,0.0,0.0,0.4378,0.0,0.0,0.0
2025-06-21,M1_M6,04:10,0.0,0.0,0.4401,0.0,0.0,0.0
2025-06-21,M1_M6,04:20,0.0,0.0,0.4389,0.0,0.5425416666664091,1.190607687499435
2025-06-21,M1_M6,04:30,445.63787499999995,445.63787499999995,0.4364,194.47636864999998,0.580458333333354,1.2665600833333783
2025-06-21,M1_M6,04:40,0.0,0.0,0.4393,0.0,0.24867777777785705,0.5462207388890631
2025-06-21,M1_M6,04:50,0.0,0.0,0.4422,0.0,0.0,0.0
2025-06-21,M1_M6,05:00,0.0,0.0,0.4395,0.0,0.9158472222220553,2.012574270832966
2025-06-21,M1_M6,05:10,419.2788194444444,419.2788194444444,0.4333,181.67351246527778,5.379897222222212,11.655547331944422
2025-06-21,M1_M6,05:20,0.0,0.0,0.4439,0.0,4.525661111110992,10.044704836110848
2025-06-21,M1_M6,05:30,368.157725,368.157725,0.4301,158.3446375225,2.688108333333332,5.780776970833331
2025-06-21,M1_M6,05:40,1194.963511111111,1194.963511111111,0.3713,443.68995167555556,0.0,0.0
2025-06-21,M1_M6,05:50,0.0,0.0,0.5708,0.0,0.0,0.0
2025-06-21,M1_M6,06:00,0.0,0.0,0.9099,0.0,0.0,0.0
2025-06-21,M1_M6,06:10,0.0,0.0,0.9368,0.0,0.0,0.0
2025-06-21,M1_M6,06:20,0.0,0.0,0.8758,0.0,0.0,0.0
2025-06-21,M1_M6,06:30,0.0,0.0,0.8759,0.0,0.0,0.0
2025-06-21,M1_M6,06:40,0.0,0.0,0.8601,0.0,0.0,0.0
2025-06-21,M1_M6,06:50,0.0,0.0,0.8442,0.0,0.0,0.0
2025-06-21,M1_M6,07:00,0.0,0.0,0.8334,0.0,0.0,0.0
2025-06-21,M1_M6,07:10,0.0,0.0,0.8092,0.0,0.0,0.0
2025-06-21,M1_M6,07:20,0.0,0.0,0.7972,0.0,0.0,0.0
2025-06-21,M1_M6,07:30,0.0,0.0,0.7644,0.0,0.0,0.0
2025-06-21,M1_M6,07:40,0.0,0.0,0.6899,0.0,0.0,0.0
2025-06-21,M1_M6,07:50,0.0,0.0,0.86,0.0,0.0,0.0
2025-06-21,M1_M6,08:00,0.0,0.0,1.1617,0.0,0.0,0.0
2025-06-21,M1_M6,08:10,0.0,0.0,1.1683,0.0,0.0,0.0
2025-06-21,M1_M6,08:20,0.0,0.0,1.0956,0.0,0.0,0.0
2025-06-21,M1_M6,08:30,0.0,0.0,1.0849,0.0,0.0,0.0
2025-06-21,M1_M6,08:40,0.0,0.0,1.061,0.0,0.0,0.0
2025-06-21,M1_M6,08:50,0.0,0.0,1.043,0.0,0.0,0.0
2025-06-21,M1_M6,09:00,0.0,0.0,1.036,0.0,0.0,0.0
2025-06-21,M1_M6,09:10,0.0,0.0,1.0147,0.0,0.0,0.0
2025-06-21,M1_M6,09:20,0.0,0.0,0.9922,0.0,0.0,0.0
2025-06-21,M1_M6,09:30,0.0,0.0,0.97,0.0,0.0,0.0
2025-06-21,M1_M6,09:40,0.0,0.0,0.9422,0.0,0.0,0.0
2025-06-21,M1_M6,09:50,0.0,0.0,0.9569,0.0,0.0,0.0
2025-06-21,M1_M6,10:00,0.0,0.0,0.9977,0.0,0.0,0.0
2025-06-21,M1_M6,10:10,0.0,0.0,0.9919,0.0,0.0,0.0
2025-06-21,M1_M6,10:20,0.0,0.0,0.9588,0.0,0.0,0.0
2025-06-21,M1_M6,10:30,0.0,0.0,0.9549,0.0,0.0,0.0
2025-06-21,M1_M6,10:40,0.0,0.0,0.9839,0.0,0.0,0.0
2025-06-21,M1_M6,10:50,0.0,0.0,0.799,0.0,0.0,0.0
2025-06-21,M1_M6,11:00,0.0,0.0,0.5025,0.0,0.0,0.0
2025-06-21,M1_M6,11:10,0.0,0.0,0.4662,0.0,0.0,0.0
2025-06-21,M1_M6,11:20,0.0,0.0,0.5007,0.0,0.0,0.0
2025-06-21,M1_M6,11:30,0.0,0.0,0.4827,0.0,0.0,0.0
2025-06-21,M1_M6,11:40,0.0,0.0,0.4785,0.0,0.0,0.0
2025-06-21,M1_M6,11:50,0.0,0.0,0.4662,0.0,0.0,0.0
2025-06-21,M1_M6,12:00,0.0,0.0,0.4432,0.0,0.0,0.0
2025-06-21,M1_M6,12:10,0.0,0.0,0.4411,0.0,0.0,0.0
2025-06-21,M1_M6,12:20,0.0,0.0,0.4551,0.0,0.0,0.0
2025-06-21,M1_M6,12:30,0.0,0.0,0.4463,0.0,0.0,0.0
2025-06-21,M1_M6,12:40,0.0,167.5539749999965,0.4113,103.37242487624783,0.0,0.0
2025-06-21,M1_M6,12:50,0.0,0.0,0.5682,0.0,0.0,0.0
2025-06-21,M1_M6,13:00,0.0,0.0,0.8279,0.0,0.0,0.0
2025-06-21,M1_M6,13:10,0.0,0.0,0.8636,0.0,0.0,0.0
2025-06-21,M1_M6,13:20,0.0,0.0,0.8416,0.0,0.0,0.0
2025-06-21,M1_M6,13:30,0.0,0.0,0.8618,0.0,0.0,0.0
2025-06-21,M1_M6,13:40,0.0,0.0,0.8623,0.0,0.0,0.0
2025-06-21,M1_M6,13:50,0.0,0.0,0.9026,0.0,0.0,0.0
2025-06-21,M1_M6,14:00,0.0,0.0,0.9754,0.0,0.0,0.0
2025-06-21,M1_M6,14:10,0.0,0.0,1.0002,0.0,0.0,0.0
2025-06-21,M1_M6,14:20,0.0,0.0,0.9978,0.0,0.0,0.0
2025-06-21,M1_M6,14:30,0.0,0.0,1.0271,0.0,0.0,0.0
2025-06-21,M1_M6,14:40,0.0,0.0,1.0906,0.0,0.0,0.0
2025-06-21,M1_M6,14:50,0.0,0.0,0.9376,0.0,0.0,0.0
2025-06-21,M1_M6,15:00,0.0,0.0,0.6694,0.0,0.0,0.0
2025-06-21,M1_M6,15:10,0.0,0.0,0.66,0.0,0.0,0.0
2025-06-21,M1_M6,15:20,0.0,0.0,0.7217,0.0,0.0,0.0
2025-06-21,M1_M6,15:30,0.0,0.0,0.7308,0.0,0.0,0.0
2025-06-21,M1_M6,15:40,0.0,0.0,0.7534,0.0,0.0,0.0
2025-06-21,M1_M6,15:50,54.95901111111107,54.95901111111107,0.7823,42.99443439222219,0.0,0.0
2025-06-21,M1_M6,16:00,112.92273333333333,112.92273333333333,0.8055,90.9592617,0.0,0.0
2025-06-21,M1_M6,16:10,111.20315555555555,111.20315555555555,0.8271,91.97612996,3.6109915955080396,14.933255743223496
2025-06-21,M1_M6,16:20,131.0790777777778,131.0790777777778,0.8519,111.6662663588889,2.168883326448313,9.23835852900659
2025-06-21,M1_M6,16:30,170.10109999999997,170.10109999999997,0.8791,149.53587700999998,0.0,0.0
2025-06-21,M1_M6,16:40,189.19788888888888,189.19788888888888,0.9024,170.7321749333333,0.0,0.0
2025-06-21,M1_M6,16:50,157.68886111111107,157.68886111111107,0.9163,144.49030343611108,0.0,0.0
2025-06-21,M1_M6,17:00,122.89446666666663,122.89446666666663,0.9264,113.84943391999997,0.0,0.0
2025-06-21,M1_M6,17:10,180.55780277777774,180.55780277777774,0.9462,170.8437929883333,0.0,0.0
2025-06-21,M1_M6,17:20,243.70620555555547,243.70620555555547,0.9742,237.41858545222212,0.0,0.0
2025-06-21,M1_M6,17:30,289.1925416666666,289.1925416666666,0.9862,285.2016845916666,0.0,0.0
2025-06-21,M1_M6,17:40,358.5610277777777,359.3380666666666,0.976,351.0931480444444,0.0,0.0
2025-06-21,M1_M6,17:50,392.9639638888888,395.2472416666666,1.0742,425.8009354927777,0.0,0.0
2025-06-21,M1_M6,18:00,354.8890637150671,368.3175720484018,1.2313,461.77668761861474,0.0,0.0
2025-06-21,M1_M6,18:10,0.0,0.0,1.2561,0.0,0.0,0.0
2025-06-21,M1_M6,18:20,0.0,0.0,1.2447,0.0,0.0,0.0
2025-06-21,M1_M6,18:30,0.0,0.0,1.2545,0.0,0.0,0.0
2025-06-21,M1_M6,18:40,0.0,0.0,1.2522,0.0,0.0,0.0
2025-06-21,M1_M6,18:50,0.0,0.0,1.2881,0.0,0.0,0.0
2025-06-21,M1_M6,19:00,0.0,0.0,1.3466,0.0,0.0,0.0
2025-06-21,M1_M6,19:10,0.0,0.0,1.3523,0.0,0.0,0.0
2025-06-21,M1_M6,19:20,0.0,0.0,1.3445,0.0,0.0,0.0
2025-06-21,M1_M6,19:30,0.0,0.0,1.3483,0.0,0.0,0.0
2025-06-21,M1_M6,19:40,0.0,0.0,1.349,0.0,0.0,0.0
2025-06-21,M1_M6,19:50,0.0,0.0,1.3473,0.0,0.0,0.0
2025-06-21,M1_M6,20:00,0.0,0.0,1.3482,0.0,0.0,0.0
2025-06-21,M1_M6,20:10,0.0,0.0,1.3513,0.0,0.0,0.0
2025-06-21,M1_M6,20:20,0.0,0.0,1.34,0.0,2.2771666666641295,15.257016666649667
2025-06-21,M1_M6,20:30,0.0,0.0,1.3489,0.0,0.0,0.0
2025-06-21,M1_M6,20:40,0.0,0.0,1.3952,0.0,0.0,0.0
2025-06-21,M1_M6,20:50,585.6121499999999,549.32155025194,1.2226,693.7849709640109,36.29039974805994,221.8432136598904
2025-06-21,M1_M6,21:00,526.72,526.72,0.9332,491.53510400000005,0.0,0.0
2025-06-21,M1_M6,21:10,535.7850999999999,535.7850999999999,0.9068,485.84992867999995,0.0,0.0
2025-06-21,M1_M6,21:20,581.5171499999999,581.5171499999999,0.9371,544.9397212649999,0.0,0.0
2025-06-21,M1_M6,21:30,618.915,618.915,0.9371,579.9852465,0.0,0.0
2025-06-21,M1_M6,21:40,619.2412833333333,619.2412833333333,0.9871,611.2530707783333,0.0,0.0
2025-06-21,M1_M6,21:50,576.7794666666666,576.7794666666666,0.7764,447.81157791999993,0.0,0.0
2025-06-21,M1_M6,22:00,528.28,528.28,0.4209,222.353052,0.0,0.0
2025-06-21,M1_M6,22:10,1132.1415898527657,1132.1415895728292,0.3859,436.8934394701686,0.0,0.0
2025-06-21,M1_M6,22:20,1.2465844179132546e-05,1.2465844179132546e-05,0.4368,5.445080737445096e-06,3.388911975626454e-07,7.401383754768176e-07
2025-06-21,M1_M6,22:30,552.865,552.865,0.4198,232.092727,0.0,0.0
2025-06-21,M1_M6,22:40,546.83985,546.83985,0.4186,228.90716121,0.0,0.0
2025-06-21,M1_M6,22:50,541.7928999999999,541.7928999999999,0.4241,229.77436888999995,0.0,0.0
2025-06-21,M1_M6,23:00,531.7316666666666,531.7316666666666,0.4237,225.29470716666663,0.0,0.0
2025-06-21,M1_M6,23:10,499.8227166666666,499.8227166666666,0.4248,212.32469003999998,0.0,0.0
2025-06-21,M1_M6,23:20,486.82904999999994,486.82904999999994,0.424,206.41551719999995,4.716990236563603e-08,1.000001930151484e-07
2025-06-21,M1_M6,23:30,498.2166666666667,498.2166666666667,0.422,210.24743333333333,0.0,0.0
2025-06-21,M1_M6,23:40,504.0951666666666,504.0951666666666,0.424,213.73635066666665,0.0,0.0
2025-06-21,M1_M6,23:50,532.2190166666667,532.2190166666667,0.4271,227.31074201833331,0.0,0.0
2025-06-21,M1_M6,0:00+1,606.0233333333333,606.0233333333333,0.4276,259.1355773333333,0.0,0.0
