date,update_time,period,time,forecast_kwh,actual_pv_kwh,left_node_minute,right_node_minute,left_weight,right_weight,is_executed_actual,source
2025-02-01,00:00,0,00:10,0.0,0.0,0.0,60.0,0.8333333333333334,0.16666666666666666,False,causal_hourly_interpolation
2025-02-01,00:00,1,00:20,0.0,0.0,0.0,60.0,0.6666666666666667,0.3333333333333333,False,causal_hourly_interpolation
2025-02-01,00:00,2,00:30,0.0,0.0,0.0,60.0,0.5,0.5,False,causal_hourly_interpolation
2025-02-01,00:00,3,00:40,0.0,0.0,0.0,60.0,0.33333333333333337,0.6666666666666666,False,causal_hourly_interpolation
2025-02-01,00:00,4,00:50,0.0,0.0,0.0,60.0,0.16666666666666663,0.8333333333333334,False,causal_hourly_interpolation
2025-02-01,00:00,5,01:00,0.0,0.0,0.0,60.0,0.0,1.0,False,causal_hourly_interpolation
2025-02-01,00:00,6,01:10,0.0,0.0,60.0,120.0,0.8333333333333334,0.16666666666666666,False,causal_hourly_interpolation
2025-02-01,00:00,7,01:20,0.0,0.0,60.0,120.0,0.6666666666666667,0.3333333333333333,False,causal_hourly_interpolation
2025-02-01,00:00,8,01:30,0.0,0.0,60.0,120.0,0.5,0.5,False,causal_hourly_interpolation
2025-02-01,00:00,9,01:40,0.0,0.0,60.0,120.0,0.33333333333333337,0.6666666666666666,False,causal_hourly_interpolation
2025-02-01,00:00,10,01:50,0.0,0.0,60.0,120.0,0.16666666666666663,0.8333333333333334,False,causal_hourly_interpolation
2025-02-01,00:00,11,02:00,0.0,0.0,60.0,120.0,0.0,1.0,False,causal_hourly_interpolation
2025-02-01,00:00,12,02:10,0.0,0.0,120.0,180.0,0.8333333333333334,0.16666666666666666,False,causal_hourly_interpolation
2025-02-01,00:00,13,02:20,0.0,0.0,120.0,180.0,0.6666666666666667,0.3333333333333333,False,causal_hourly_interpolation
2025-02-01,00:00,14,02:30,0.0,0.0,120.0,180.0,0.5,0.5,False,causal_hourly_interpolation
2025-02-01,00:00,15,02:40,0.0,0.0,120.0,180.0,0.33333333333333337,0.6666666666666666,False,causal_hourly_interpolation
2025-02-01,00:00,16,02:50,0.0,0.0,120.0,180.0,0.16666666666666663,0.8333333333333334,False,causal_hourly_interpolation
2025-02-01,00:00,17,03:00,0.0,0.0,120.0,180.0,0.0,1.0,False,causal_hourly_interpolation
2025-02-01,00:00,18,03:10,0.0,0.0,180.0,240.0,0.8333333333333334,0.16666666666666666,False,causal_hourly_interpolation
2025-02-01,00:00,19,03:20,0.0,0.0,180.0,240.0,0.6666666666666667,0.3333333333333333,False,causal_hourly_interpolation
2025-02-01,00:00,20,03:30,0.0,0.0,180.0,240.0,0.5,0.5,False,causal_hourly_interpolation
2025-02-01,00:00,21,03:40,0.0,0.0,180.0,240.0,0.33333333333333337,0.6666666666666666,False,causal_hourly_interpolation
2025-02-01,00:00,22,03:50,0.0,0.0,180.0,240.0,0.16666666666666663,0.8333333333333334,False,causal_hourly_interpolation
2025-02-01,00:00,23,04:00,0.0,0.0,180.0,240.0,0.0,1.0,False,causal_hourly_interpolation
2025-02-01,00:00,24,04:10,0.0,0.0,240.0,300.0,0.8333333333333334,0.16666666666666666,False,causal_hourly_interpolation
2025-02-01,00:00,25,04:20,0.0,0.0,240.0,300.0,0.6666666666666667,0.3333333333333333,False,causal_hourly_interpolation
2025-02-01,00:00,26,04:30,0.0,0.0,240.0,300.0,0.5,0.5,False,causal_hourly_interpolation
2025-02-01,00:00,27,04:40,0.0,0.0,240.0,300.0,0.33333333333333337,0.6666666666666666,False,causal_hourly_interpolation
2025-02-01,00:00,28,04:50,0.0,0.00023333333333333333,240.0,300.0,0.16666666666666663,0.8333333333333334,False,causal_hourly_interpolation
2025-02-01,00:00,29,05:00,0.0,0.0,240.0,300.0,0.0,1.0,False,causal_hourly_interpolation
2025-02-01,00:00,30,05:10,0.0,0.0,300.0,360.0,0.8333333333333334,0.16666666666666666,False,causal_hourly_interpolation
2025-02-01,00:00,31,05:20,0.0,0.0033166666666666665,300.0,360.0,0.6666666666666667,0.3333333333333333,False,causal_hourly_interpolation
2025-02-01,00:00,32,05:30,0.0,0.0,300.0,360.0,0.5,0.5,False,causal_hourly_interpolation
2025-02-01,00:00,33,05:40,0.0,0.0,300.0,360.0,0.33333333333333337,0.6666666666666666,False,causal_hourly_interpolation
2025-02-01,00:00,34,05:50,0.0,0.04623333333333333,300.0,360.0,0.16666666666666663,0.8333333333333334,False,causal_hourly_interpolation
2025-02-01,00:00,35,06:00,0.0,0.0,300.0,360.0,0.0,1.0,False,causal_hourly_interpolation
2025-02-01,00:00,36,06:10,9.772738888888888,0.0,360.0,420.0,0.8333333333333334,0.16666666666666666,False,causal_hourly_interpolation
2025-02-01,00:00,37,06:20,19.545477777777776,0.6440166666666667,360.0,420.0,0.6666666666666667,0.3333333333333333,False,causal_hourly_interpolation
2025-02-01,00:00,38,06:30,29.318216666666665,0.0,360.0,420.0,0.5,0.5,False,causal_hourly_interpolation
2025-02-01,00:00,39,06:40,39.09095555555555,0.0,360.0,420.0,0.33333333333333337,0.6666666666666666,False,causal_hourly_interpolation
2025-02-01,00:00,40,06:50,48.86369444444444,14.934916666666666,360.0,420.0,0.16666666666666663,0.8333333333333334,False,causal_hourly_interpolation
2025-02-01,00:00,41,07:00,58.63643333333333,56.75,360.0,420.0,0.0,1.0,False,causal_hourly_interpolation
2025-02-01,00:00,42,07:10,105.9495861111111,102.656,420.0,480.0,0.8333333333333334,0.16666666666666666,False,causal_hourly_interpolation
2025-02-01,00:00,43,07:20,153.2627388888889,147.48791666666665,420.0,480.0,0.6666666666666667,0.3333333333333333,False,causal_hourly_interpolation
2025-02-01,00:00,44,07:30,200.57589166666665,190.11249999999998,420.0,480.0,0.5,0.5,False,causal_hourly_interpolation
2025-02-01,00:00,45,07:40,247.88904444444444,231.34661666666665,420.0,480.0,0.33333333333333337,0.6666666666666666,False,causal_hourly_interpolation
2025-02-01,00:00,46,07:50,295.2021972222222,279.07533333333333,420.0,480.0,0.16666666666666663,0.8333333333333334,False,causal_hourly_interpolation
2025-02-01,00:00,47,08:00,342.51534999999996,334.01874999999995,420.0,480.0,0.0,1.0,False,causal_hourly_interpolation
2025-02-01,00:00,48,08:10,392.12019166666664,388.6844166666666,480.0,540.0,0.8333333333333334,0.16666666666666666,False,causal_hourly_interpolation
2025-02-01,00:00,49,08:20,441.7250333333333,438.7655666666667,480.0,540.0,0.6666666666666667,0.3333333333333333,False,causal_hourly_interpolation
2025-02-01,00:00,50,08:30,491.32987499999996,487.94374999999997,480.0,540.0,0.5,0.5,False,causal_hourly_interpolation
2025-02-01,00:00,51,08:40,540.9347166666666,541.8831666666666,480.0,540.0,0.33333333333333337,0.6666666666666666,False,causal_hourly_interpolation
2025-02-01,00:00,52,08:50,590.5395583333333,586.6261,480.0,540.0,0.16666666666666663,0.8333333333333334,False,causal_hourly_interpolation
2025-02-01,00:00,53,09:00,640.1443999999999,621.9499999999999,480.0,540.0,0.0,1.0,False,causal_hourly_interpolation
2025-02-01,00:00,54,09:10,695.0601833333333,665.4293,540.0,600.0,0.8333333333333334,0.16666666666666666,False,causal_hourly_interpolation
2025-02-01,00:00,55,09:20,749.9759666666666,729.7221999999999,540.0,600.0,0.6666666666666667,0.3333333333333333,False,causal_hourly_interpolation
2025-02-01,00:00,56,09:30,804.89175,798.0874999999999,540.0,600.0,0.5,0.5,False,causal_hourly_interpolation
2025-02-01,00:00,57,09:40,859.8075333333333,838.3206833333334,540.0,600.0,0.33333333333333337,0.6666666666666666,False,causal_hourly_interpolation
2025-02-01,00:00,58,09:50,914.7233166666666,867.3196166666667,540.0,600.0,0.16666666666666663,0.8333333333333334,False,causal_hourly_interpolation
2025-02-01,00:00,59,10:00,969.6391,894.01875,540.0,600.0,0.0,1.0,False,causal_hourly_interpolation
2025-02-01,00:00,60,10:10,1003.7716,911.8498333333333,600.0,660.0,0.8333333333333334,0.16666666666666666,False,causal_hourly_interpolation
2025-02-01,00:00,61,10:20,1037.9041,933.6272333333333,600.0,660.0,0.6666666666666667,0.3333333333333333,False,causal_hourly_interpolation
2025-02-01,00:00,62,10:30,1072.0366,959.21875,600.0,660.0,0.5,0.5,False,causal_hourly_interpolation
2025-02-01,00:00,63,10:40,1106.1690999999998,979.8081666666667,600.0,660.0,0.33333333333333337,0.6666666666666666,False,causal_hourly_interpolation
2025-02-01,00:00,64,10:50,1140.3015999999998,1021.3479,600.0,660.0,0.16666666666666663,0.8333333333333334,False,causal_hourly_interpolation
2025-02-01,00:00,65,11:00,1174.4341,1060.2749999999999,600.0,660.0,0.0,1.0,False,causal_hourly_interpolation
2025-02-01,00:00,66,11:10,1165.6361805555555,1046.1778166666666,660.0,720.0,0.8333333333333334,0.16666666666666666,False,causal_hourly_interpolation
2025-02-01,00:00,67,11:20,1156.838261111111,1051.3417833333333,660.0,720.0,0.6666666666666667,0.3333333333333333,False,causal_hourly_interpolation
2025-02-01,00:00,68,11:30,1148.0403416666666,1099.0625,660.0,720.0,0.5,0.5,False,causal_hourly_interpolation
2025-02-01,00:00,69,11:40,1139.242422222222,1136.31565,660.0,720.0,0.33333333333333337,0.6666666666666666,False,causal_hourly_interpolation
2025-02-01,00:00,70,11:50,1130.4445027777776,1128.4168166666666,660.0,720.0,0.16666666666666663,0.8333333333333334,False,causal_hourly_interpolation
2025-02-01,00:00,71,12:00,1121.6465833333332,1100.65625,660.0,720.0,0.0,1.0,False,causal_hourly_interpolation
2025-02-01,00:00,72,12:10,1102.5322583333332,1105.4832,720.0,780.0,0.8333333333333334,0.16666666666666666,False,causal_hourly_interpolation
2025-02-01,00:00,73,12:20,1083.4179333333332,1089.4810666666667,720.0,780.0,0.6666666666666667,0.3333333333333333,False,causal_hourly_interpolation
2025-02-01,00:00,74,12:30,1064.3036083333332,1052.4125,720.0,780.0,0.5,0.5,False,causal_hourly_interpolation
2025-02-01,00:00,75,12:40,1045.1892833333332,1052.0977666666665,720.0,780.0,0.33333333333333337,0.6666666666666666,False,causal_hourly_interpolation
2025-02-01,00:00,76,12:50,1026.0749583333331,1058.98975,720.0,780.0,0.16666666666666663,0.8333333333333334,False,causal_hourly_interpolation
2025-02-01,00:00,77,13:00,1006.9606333333332,1052.225,720.0,780.0,0.0,1.0,False,causal_hourly_interpolation
2025-02-01,00:00,78,13:10,978.5977527777777,1041.0229166666666,780.0,840.0,0.8333333333333334,0.16666666666666666,False,causal_hourly_interpolation
2025-02-01,00:00,79,13:20,950.2348722222221,1029.2288333333331,780.0,840.0,0.6666666666666667,0.3333333333333333,False,causal_hourly_interpolation
2025-02-01,00:00,80,13:30,921.8719916666666,1017.28125,780.0,840.0,0.5,0.5,False,causal_hourly_interpolation
2025-02-01,00:00,81,13:40,893.5091111111111,998.79405,780.0,840.0,0.33333333333333337,0.6666666666666666,False,causal_hourly_interpolation
2025-02-01,00:00,82,13:50,865.1462305555556,948.6343499999999,780.0,840.0,0.16666666666666663,0.8333333333333334,False,causal_hourly_interpolation
2025-02-01,00:00,83,14:00,836.7833499999999,875.1875,780.0,840.0,0.0,1.0,False,causal_hourly_interpolation
2025-02-01,00:00,84,14:10,788.2188305555555,815.6234166666666,840.0,900.0,0.8333333333333334,0.16666666666666666,False,causal_hourly_interpolation
2025-02-01,00:00,85,14:20,739.654311111111,769.5365666666667,840.0,900.0,0.6666666666666667,0.3333333333333333,False,causal_hourly_interpolation
2025-02-01,00:00,86,14:30,691.0897916666665,727.3999999999999,840.0,900.0,0.5,0.5,False,causal_hourly_interpolation
2025-02-01,00:00,87,14:40,642.5252722222222,684.0674,840.0,900.0,0.33333333333333337,0.6666666666666666,False,causal_hourly_interpolation
2025-02-01,00:00,88,14:50,593.9607527777778,648.3614333333333,840.0,900.0,0.16666666666666663,0.8333333333333334,False,causal_hourly_interpolation
2025-02-01,00:00,89,15:00,545.3962333333333,614.7249999999999,840.0,900.0,0.0,1.0,False,causal_hourly_interpolation
2025-02-01,00:00,90,15:10,490.88206111111106,565.39285,900.0,960.0,0.8333333333333334,0.16666666666666666,False,causal_hourly_interpolation
2025-02-01,00:00,91,15:20,436.36788888888884,505.4359666666667,900.0,960.0,0.6666666666666667,0.3333333333333333,False,causal_hourly_interpolation
2025-02-01,00:00,92,15:30,381.8537166666666,450.63749999999993,900.0,960.0,0.5,0.5,False,causal_hourly_interpolation
2025-02-01,00:00,93,15:40,327.3395444444444,413.62829999999997,900.0,960.0,0.33333333333333337,0.6666666666666666,False,causal_hourly_interpolation
2025-02-01,00:00,94,15:50,272.8253722222222,375.9729,900.0,960.0,0.16666666666666663,0.8333333333333334,False,causal_hourly_interpolation
2025-02-01,00:00,95,16:00,218.31119999999999,328.93125,900.0,960.0,0.0,1.0,False,causal_hourly_interpolation
2025-02-01,00:00,96,16:10,189.57120277777773,281.17404999999997,960.0,1020.0,0.8333333333333334,0.16666666666666666,False,causal_hourly_interpolation
2025-02-01,00:00,97,16:20,160.83120555555553,240.44151666666667,960.0,1020.0,0.6666666666666667,0.3333333333333333,False,causal_hourly_interpolation
2025-02-01,00:00,98,16:30,132.09120833333333,202.36249999999998,960.0,1020.0,0.5,0.5,False,causal_hourly_interpolation
2025-02-01,00:00,99,16:40,103.3512111111111,155.5190333333333,960.0,1020.0,0.33333333333333337,0.6666666666666666,False,causal_hourly_interpolation
2025-02-01,00:00,100,16:50,74.6112138888889,106.71146666666667,960.0,1020.0,0.16666666666666663,0.8333333333333334,False,causal_hourly_interpolation
2025-02-01,00:00,101,17:00,45.87121666666667,59.70625,960.0,1020.0,0.0,1.0,False,causal_hourly_interpolation
2025-02-01,00:00,102,17:10,38.226013888888886,15.897433333333334,1020.0,1080.0,0.8333333333333334,0.16666666666666666,False,causal_hourly_interpolation
2025-02-01,00:00,103,17:20,30.58081111111111,0.0,1020.0,1080.0,0.6666666666666667,0.3333333333333333,False,causal_hourly_interpolation
2025-02-01,00:00,104,17:30,22.935608333333334,0.0,1020.0,1080.0,0.5,0.5,False,causal_hourly_interpolation
2025-02-01,00:00,105,17:40,15.290405555555555,0.68945,1020.0,1080.0,0.33333333333333337,0.6666666666666666,False,causal_hourly_interpolation
2025-02-01,00:00,106,17:50,7.645202777777783,0.0,1020.0,1080.0,0.16666666666666663,0.8333333333333334,False,causal_hourly_interpolation
2025-02-01,00:00,107,18:00,0.0,0.0,1020.0,1080.0,0.0,1.0,False,causal_hourly_interpolation
2025-02-01,00:00,108,18:10,0.0,0.049499999999999995,1080.0,1140.0,0.8333333333333334,0.16666666666666666,False,causal_hourly_interpolation
2025-02-01,00:00,109,18:20,0.0,0.0,1080.0,1140.0,0.6666666666666667,0.3333333333333333,False,causal_hourly_interpolation
2025-02-01,00:00,110,18:30,0.0,0.0,1080.0,1140.0,0.5,0.5,False,causal_hourly_interpolation
2025-02-01,00:00,111,18:40,0.0,0.0035499999999999998,1080.0,1140.0,0.33333333333333337,0.6666666666666666,False,causal_hourly_interpolation
2025-02-01,00:00,112,18:50,0.0,0.0,1080.0,1140.0,0.16666666666666663,0.8333333333333334,False,causal_hourly_interpolation
2025-02-01,00:00,113,19:00,0.0,0.0,1080.0,1140.0,0.0,1.0,False,causal_hourly_interpolation
2025-02-01,00:00,114,19:10,0.0,0.00025,1140.0,1200.0,0.8333333333333334,0.16666666666666666,False,causal_hourly_interpolation
2025-02-01,00:00,115,19:20,0.0,0.0,1140.0,1200.0,0.6666666666666667,0.3333333333333333,False,causal_hourly_interpolation
2025-02-01,00:00,116,19:30,0.0,0.0,1140.0,1200.0,0.5,0.5,False,causal_hourly_interpolation
2025-02-01,00:00,117,19:40,0.0,0.0,1140.0,1200.0,0.33333333333333337,0.6666666666666666,False,causal_hourly_interpolation
2025-02-01,00:00,118,19:50,0.0,0.0,1140.0,1200.0,0.16666666666666663,0.8333333333333334,False,causal_hourly_interpolation
2025-02-01,00:00,119,20:00,0.0,0.0,1140.0,1200.0,0.0,1.0,False,causal_hourly_interpolation
2025-02-01,00:00,120,20:10,0.0,0.0,1200.0,1260.0,0.8333333333333334,0.16666666666666666,False,causal_hourly_interpolation
2025-02-01,00:00,121,20:20,0.0,0.0,1200.0,1260.0,0.6666666666666667,0.3333333333333333,False,causal_hourly_interpolation
2025-02-01,00:00,122,20:30,0.0,0.0,1200.0,1260.0,0.5,0.5,False,causal_hourly_interpolation
2025-02-01,00:00,123,20:40,0.0,0.0,1200.0,1260.0,0.33333333333333337,0.6666666666666666,False,causal_hourly_interpolation
2025-02-01,00:00,124,20:50,0.0,0.0,1200.0,1260.0,0.16666666666666663,0.8333333333333334,False,causal_hourly_interpolation
2025-02-01,00:00,125,21:00,0.0,0.0,1200.0,1260.0,0.0,1.0,False,causal_hourly_interpolation
2025-02-01,00:00,126,21:10,0.0,0.0,1260.0,1320.0,0.8333333333333334,0.16666666666666666,False,causal_hourly_interpolation
2025-02-01,00:00,127,21:20,0.0,0.0,1260.0,1320.0,0.6666666666666667,0.3333333333333333,False,causal_hourly_interpolation
2025-02-01,00:00,128,21:30,0.0,0.0,1260.0,1320.0,0.5,0.5,False,causal_hourly_interpolation
2025-02-01,00:00,129,21:40,0.0,0.0,1260.0,1320.0,0.33333333333333337,0.6666666666666666,False,causal_hourly_interpolation
2025-02-01,00:00,130,21:50,0.0,0.0,1260.0,1320.0,0.16666666666666663,0.8333333333333334,False,causal_hourly_interpolation
2025-02-01,00:00,131,22:00,0.0,0.0,1260.0,1320.0,0.0,1.0,False,causal_hourly_interpolation
2025-02-01,00:00,132,22:10,0.0,0.0,1320.0,1380.0,0.8333333333333334,0.16666666666666666,False,causal_hourly_interpolation
2025-02-01,00:00,133,22:20,0.0,0.0,1320.0,1380.0,0.6666666666666667,0.3333333333333333,False,causal_hourly_interpolation
2025-02-01,00:00,134,22:30,0.0,0.0,1320.0,1380.0,0.5,0.5,False,causal_hourly_interpolation
2025-02-01,00:00,135,22:40,0.0,0.0,1320.0,1380.0,0.33333333333333337,0.6666666666666666,False,causal_hourly_interpolation
2025-02-01,00:00,136,22:50,0.0,0.0,1320.0,1380.0,0.16666666666666663,0.8333333333333334,False,causal_hourly_interpolation
2025-02-01,00:00,137,23:00,0.0,0.0,1320.0,1380.0,0.0,1.0,False,causal_hourly_interpolation
2025-02-01,00:00,138,23:10,0.0,0.0,1380.0,1440.0,0.8333333333333334,0.16666666666666666,False,causal_hourly_interpolation
2025-02-01,00:00,139,23:20,0.0,0.0,1380.0,1440.0,0.6666666666666667,0.3333333333333333,False,causal_hourly_interpolation
2025-02-01,00:00,140,23:30,0.0,0.0,1380.0,1440.0,0.5,0.5,False,causal_hourly_interpolation
2025-02-01,00:00,141,23:40,0.0,0.0,1380.0,1440.0,0.33333333333333337,0.6666666666666666,False,causal_hourly_interpolation
2025-02-01,00:00,142,23:50,0.0,0.0,1380.0,1440.0,0.16666666666666663,0.8333333333333334,False,causal_hourly_interpolation
2025-02-01,00:00,143,0:00+1,0.0,0.0,1440.0,1440.0,1.0,0.0,False,causal_hourly_interpolation
2025-02-01,06:00,0,00:10,0.0,0.0,360.0,360.0,1.0,0.0,True,actual_executed
2025-02-01,06:00,1,00:20,0.0,0.0,360.0,360.0,1.0,0.0,True,actual_executed
2025-02-01,06:00,2,00:30,0.0,0.0,360.0,360.0,1.0,0.0,True,actual_executed
2025-02-01,06:00,3,00:40,0.0,0.0,360.0,360.0,1.0,0.0,True,actual_executed
2025-02-01,06:00,4,00:50,0.0,0.0,360.0,360.0,1.0,0.0,True,actual_executed
2025-02-01,06:00,5,01:00,0.0,0.0,360.0,360.0,1.0,0.0,True,actual_executed
2025-02-01,06:00,6,01:10,0.0,0.0,360.0,360.0,1.0,0.0,True,actual_executed
2025-02-01,06:00,7,01:20,0.0,0.0,360.0,360.0,1.0,0.0,True,actual_executed
2025-02-01,06:00,8,01:30,0.0,0.0,360.0,360.0,1.0,0.0,True,actual_executed
2025-02-01,06:00,9,01:40,0.0,0.0,360.0,360.0,1.0,0.0,True,actual_executed
2025-02-01,06:00,10,01:50,0.0,0.0,360.0,360.0,1.0,0.0,True,actual_executed
2025-02-01,06:00,11,02:00,0.0,0.0,360.0,360.0,1.0,0.0,True,actual_executed
2025-02-01,06:00,12,02:10,0.0,0.0,360.0,360.0,1.0,0.0,True,actual_executed
2025-02-01,06:00,13,02:20,0.0,0.0,360.0,360.0,1.0,0.0,True,actual_executed
2025-02-01,06:00,14,02:30,0.0,0.0,360.0,360.0,1.0,0.0,True,actual_executed
2025-02-01,06:00,15,02:40,0.0,0.0,360.0,360.0,1.0,0.0,True,actual_executed
2025-02-01,06:00,16,02:50,0.0,0.0,360.0,360.0,1.0,0.0,True,actual_executed
2025-02-01,06:00,17,03:00,0.0,0.0,360.0,360.0,1.0,0.0,True,actual_executed
2025-02-01,06:00,18,03:10,0.0,0.0,360.0,360.0,1.0,0.0,True,actual_executed
2025-02-01,06:00,19,03:20,0.0,0.0,360.0,360.0,1.0,0.0,True,actual_executed
2025-02-01,06:00,20,03:30,0.0,0.0,360.0,360.0,1.0,0.0,True,actual_executed
2025-02-01,06:00,21,03:40,0.0,0.0,360.0,360.0,1.0,0.0,True,actual_executed
2025-02-01,06:00,22,03:50,0.0,0.0,360.0,360.0,1.0,0.0,True,actual_executed
2025-02-01,06:00,23,04:00,0.0,0.0,360.0,360.0,1.0,0.0,True,actual_executed
2025-02-01,06:00,24,04:10,0.0,0.0,360.0,360.0,1.0,0.0,True,actual_executed
2025-02-01,06:00,25,04:20,0.0,0.0,360.0,360.0,1.0,0.0,True,actual_executed
2025-02-01,06:00,26,04:30,0.0,0.0,360.0,360.0,1.0,0.0,True,actual_executed
2025-02-01,06:00,27,04:40,0.0,0.0,360.0,360.0,1.0,0.0,True,actual_executed
2025-02-01,06:00,28,04:50,0.00023333333333333333,0.00023333333333333333,360.0,360.0,1.0,0.0,True,actual_executed
2025-02-01,06:00,29,05:00,0.0,0.0,360.0,360.0,1.0,0.0,True,actual_executed
2025-02-01,06:00,30,05:10,0.0,0.0,360.0,360.0,1.0,0.0,True,actual_executed
2025-02-01,06:00,31,05:20,0.0033166666666666665,0.0033166666666666665,360.0,360.0,1.0,0.0,True,actual_executed
2025-02-01,06:00,32,05:30,0.0,0.0,360.0,360.0,1.0,0.0,True,actual_executed
2025-02-01,06:00,33,05:40,0.0,0.0,360.0,360.0,1.0,0.0,True,actual_executed
2025-02-01,06:00,34,05:50,0.04623333333333333,0.04623333333333333,360.0,360.0,1.0,0.0,True,actual_executed
2025-02-01,06:00,35,06:00,0.0,0.0,360.0,360.0,1.0,0.0,True,actual_executed
2025-02-01,06:00,36,06:10,9.637405555555555,0.0,360.0,420.0,0.8333333333333334,0.16666666666666666,False,causal_hourly_interpolation
2025-02-01,06:00,37,06:20,19.27481111111111,0.6440166666666667,360.0,420.0,0.6666666666666667,0.3333333333333333,False,causal_hourly_interpolation
2025-02-01,06:00,38,06:30,28.912216666666666,0.0,360.0,420.0,0.5,0.5,False,causal_hourly_interpolation
2025-02-01,06:00,39,06:40,38.54962222222222,0.0,360.0,420.0,0.33333333333333337,0.6666666666666666,False,causal_hourly_interpolation
2025-02-01,06:00,40,06:50,48.18702777777777,14.934916666666666,360.0,420.0,0.16666666666666663,0.8333333333333334,False,causal_hourly_interpolation
2025-02-01,06:00,41,07:00,57.82443333333333,56.75,360.0,420.0,0.0,1.0,False,causal_hourly_interpolation
2025-02-01,06:00,42,07:10,105.69026111111111,102.656,420.0,480.0,0.8333333333333334,0.16666666666666666,False,causal_hourly_interpolation
2025-02-01,06:00,43,07:20,153.55608888888887,147.48791666666665,420.0,480.0,0.6666666666666667,0.3333333333333333,False,causal_hourly_interpolation
2025-02-01,06:00,44,07:30,201.42191666666668,190.11249999999998,420.0,480.0,0.5,0.5,False,causal_hourly_interpolation
2025-02-01,06:00,45,07:40,249.2877444444444,231.34661666666665,420.0,480.0,0.33333333333333337,0.6666666666666666,False,causal_hourly_interpolation
2025-02-01,06:00,46,07:50,297.1535722222222,279.07533333333333,420.0,480.0,0.16666666666666663,0.8333333333333334,False,causal_hourly_interpolation
2025-02-01,06:00,47,08:00,345.01939999999996,334.01874999999995,420.0,480.0,0.0,1.0,False,causal_hourly_interpolation
2025-02-01,06:00,48,08:10,395.7004833333333,388.6844166666666,480.0,540.0,0.8333333333333334,0.16666666666666666,False,causal_hourly_interpolation
2025-02-01,06:00,49,08:20,446.3815666666667,438.7655666666667,480.0,540.0,0.6666666666666667,0.3333333333333333,False,causal_hourly_interpolation
2025-02-01,06:00,50,08:30,497.06264999999996,487.94374999999997,480.0,540.0,0.5,0.5,False,causal_hourly_interpolation
2025-02-01,06:00,51,08:40,547.7437333333334,541.8831666666666,480.0,540.0,0.33333333333333337,0.6666666666666666,False,causal_hourly_interpolation
2025-02-01,06:00,52,08:50,598.4248166666666,586.6261,480.0,540.0,0.16666666666666663,0.8333333333333334,False,causal_hourly_interpolation
2025-02-01,06:00,53,09:00,649.1059,621.9499999999999,480.0,540.0,0.0,1.0,False,causal_hourly_interpolation
2025-02-01,06:00,54,09:10,704.0389472222223,665.4293,540.0,600.0,0.8333333333333334,0.16666666666666666,False,causal_hourly_interpolation
2025-02-01,06:00,55,09:20,758.9719944444444,729.7221999999999,540.0,600.0,0.6666666666666667,0.3333333333333333,False,causal_hourly_interpolation
2025-02-01,06:00,56,09:30,813.9050416666665,798.0874999999999,540.0,600.0,0.5,0.5,False,causal_hourly_interpolation
2025-02-01,06:00,57,09:40,868.8380888888888,838.3206833333334,540.0,600.0,0.33333333333333337,0.6666666666666666,False,causal_hourly_interpolation
2025-02-01,06:00,58,09:50,923.7711361111111,867.3196166666667,540.0,600.0,0.16666666666666663,0.8333333333333334,False,causal_hourly_interpolation
2025-02-01,06:00,59,10:00,978.7041833333333,894.01875,540.0,600.0,0.0,1.0,False,causal_hourly_interpolation
2025-02-01,06:00,60,10:10,1004.4215777777778,911.8498333333333,600.0,660.0,0.8333333333333334,0.16666666666666666,False,causal_hourly_interpolation
2025-02-01,06:00,61,10:20,1030.138972222222,933.6272333333333,600.0,660.0,0.6666666666666667,0.3333333333333333,False,causal_hourly_interpolation
2025-02-01,06:00,62,10:30,1055.8563666666664,959.21875,600.0,660.0,0.5,0.5,False,causal_hourly_interpolation
2025-02-01,06:00,63,10:40,1081.573761111111,979.8081666666667,600.0,660.0,0.33333333333333337,0.6666666666666666,False,causal_hourly_interpolation
2025-02-01,06:00,64,10:50,1107.2911555555556,1021.3479,600.0,660.0,0.16666666666666663,0.8333333333333334,False,causal_hourly_interpolation
2025-02-01,06:00,65,11:00,1133.00855,1060.2749999999999,600.0,660.0,0.0,1.0,False,causal_hourly_interpolation
2025-02-01,06:00,66,11:10,1137.9184666666665,1046.1778166666666,660.0,720.0,0.8333333333333334,0.16666666666666666,False,causal_hourly_interpolation
2025-02-01,06:00,67,11:20,1142.8283833333332,1051.3417833333333,660.0,720.0,0.6666666666666667,0.3333333333333333,False,causal_hourly_interpolation
2025-02-01,06:00,68,11:30,1147.7383,1099.0625,660.0,720.0,0.5,0.5,False,causal_hourly_interpolation
2025-02-01,06:00,69,11:40,1152.6482166666665,1136.31565,660.0,720.0,0.33333333333333337,0.6666666666666666,False,causal_hourly_interpolation
2025-02-01,06:00,70,11:50,1157.5581333333332,1128.4168166666666,660.0,720.0,0.16666666666666663,0.8333333333333334,False,causal_hourly_interpolation
2025-02-01,06:00,71,12:00,1162.46805,1100.65625,660.0,720.0,0.0,1.0,False,causal_hourly_interpolation
2025-02-01,06:00,72,12:10,1162.6345027777777,1105.4832,720.0,780.0,0.8333333333333334,0.16666666666666666,False,causal_hourly_interpolation
2025-02-01,06:00,73,12:20,1162.8009555555554,1089.4810666666667,720.0,780.0,0.6666666666666667,0.3333333333333333,False,causal_hourly_interpolation
2025-02-01,06:00,74,12:30,1162.9674083333332,1052.4125,720.0,780.0,0.5,0.5,False,causal_hourly_interpolation
2025-02-01,06:00,75,12:40,1163.133861111111,1052.0977666666665,720.0,780.0,0.33333333333333337,0.6666666666666666,False,causal_hourly_interpolation
2025-02-01,06:00,76,12:50,1163.3003138888887,1058.98975,720.0,780.0,0.16666666666666663,0.8333333333333334,False,causal_hourly_interpolation
2025-02-01,06:00,77,13:00,1163.4667666666664,1052.225,720.0,780.0,0.0,1.0,False,causal_hourly_interpolation
2025-02-01,06:00,78,13:10,1126.9533499999998,1041.0229166666666,780.0,840.0,0.8333333333333334,0.16666666666666666,False,causal_hourly_interpolation
2025-02-01,06:00,79,13:20,1090.439933333333,1029.2288333333331,780.0,840.0,0.6666666666666667,0.3333333333333333,False,causal_hourly_interpolation
2025-02-01,06:00,80,13:30,1053.9265166666667,1017.28125,780.0,840.0,0.5,0.5,False,causal_hourly_interpolation
2025-02-01,06:00,81,13:40,1017.4131,998.79405,780.0,840.0,0.33333333333333337,0.6666666666666666,False,causal_hourly_interpolation
2025-02-01,06:00,82,13:50,980.8996833333333,948.6343499999999,780.0,840.0,0.16666666666666663,0.8333333333333334,False,causal_hourly_interpolation
2025-02-01,06:00,83,14:00,944.3862666666666,875.1875,780.0,840.0,0.0,1.0,False,causal_hourly_interpolation
2025-02-01,06:00,84,14:10,891.0591333333333,815.6234166666666,840.0,900.0,0.8333333333333334,0.16666666666666666,False,causal_hourly_interpolation
2025-02-01,06:00,85,14:20,837.732,769.5365666666667,840.0,900.0,0.6666666666666667,0.3333333333333333,False,causal_hourly_interpolation
2025-02-01,06:00,86,14:30,784.4048666666667,727.3999999999999,840.0,900.0,0.5,0.5,False,causal_hourly_interpolation
2025-02-01,06:00,87,14:40,731.0777333333333,684.0674,840.0,900.0,0.33333333333333337,0.6666666666666666,False,causal_hourly_interpolation
2025-02-01,06:00,88,14:50,677.7506,648.3614333333333,840.0,900.0,0.16666666666666663,0.8333333333333334,False,causal_hourly_interpolation
2025-02-01,06:00,89,15:00,624.4234666666666,614.7249999999999,840.0,900.0,0.0,1.0,False,causal_hourly_interpolation
2025-02-01,06:00,90,15:10,579.0424333333333,565.39285,900.0,960.0,0.8333333333333334,0.16666666666666666,False,causal_hourly_interpolation
2025-02-01,06:00,91,15:20,533.6614,505.4359666666667,900.0,960.0,0.6666666666666667,0.3333333333333333,False,causal_hourly_interpolation
2025-02-01,06:00,92,15:30,488.2803666666667,450.63749999999993,900.0,960.0,0.5,0.5,False,causal_hourly_interpolation
2025-02-01,06:00,93,15:40,442.89933333333335,413.62829999999997,900.0,960.0,0.33333333333333337,0.6666666666666666,False,causal_hourly_interpolation
2025-02-01,06:00,94,15:50,397.5183,375.9729,900.0,960.0,0.16666666666666663,0.8333333333333334,False,causal_hourly_interpolation
2025-02-01,06:00,95,16:00,352.1372666666667,328.93125,900.0,960.0,0.0,1.0,False,causal_hourly_interpolation
2025-02-01,06:00,96,16:10,304.2407527777778,281.17404999999997,960.0,1020.0,0.8333333333333334,0.16666666666666666,False,causal_hourly_interpolation
2025-02-01,06:00,97,16:20,256.34423888888887,240.44151666666667,960.0,1020.0,0.6666666666666667,0.3333333333333333,False,causal_hourly_interpolation
2025-02-01,06:00,98,16:30,208.447725,202.36249999999998,960.0,1020.0,0.5,0.5,False,causal_hourly_interpolation
2025-02-01,06:00,99,16:40,160.55121111111112,155.5190333333333,960.0,1020.0,0.33333333333333337,0.6666666666666666,False,causal_hourly_interpolation
2025-02-01,06:00,100,16:50,112.65469722222224,106.71146666666667,960.0,1020.0,0.16666666666666663,0.8333333333333334,False,causal_hourly_interpolation
2025-02-01,06:00,101,17:00,64.75818333333333,59.70625,960.0,1020.0,0.0,1.0,False,causal_hourly_interpolation
2025-02-01,06:00,102,17:10,53.96515277777778,15.897433333333334,1020.0,1080.0,0.8333333333333334,0.16666666666666666,False,causal_hourly_interpolation
2025-02-01,06:00,103,17:20,43.17212222222222,0.0,1020.0,1080.0,0.6666666666666667,0.3333333333333333,False,causal_hourly_interpolation
2025-02-01,06:00,104,17:30,32.37909166666667,0.0,1020.0,1080.0,0.5,0.5,False,causal_hourly_interpolation
2025-02-01,06:00,105,17:40,21.58606111111111,0.68945,1020.0,1080.0,0.33333333333333337,0.6666666666666666,False,causal_hourly_interpolation
2025-02-01,06:00,106,17:50,10.79303055555555,0.0,1020.0,1080.0,0.16666666666666663,0.8333333333333334,False,causal_hourly_interpolation
2025-02-01,06:00,107,18:00,0.0,0.0,1020.0,1080.0,0.0,1.0,False,causal_hourly_interpolation
2025-02-01,06:00,108,18:10,0.0,0.049499999999999995,1080.0,1140.0,0.8333333333333334,0.16666666666666666,False,causal_hourly_interpolation
2025-02-01,06:00,109,18:20,0.0,0.0,1080.0,1140.0,0.6666666666666667,0.3333333333333333,False,causal_hourly_interpolation
2025-02-01,06:00,110,18:30,0.0,0.0,1080.0,1140.0,0.5,0.5,False,causal_hourly_interpolation
2025-02-01,06:00,111,18:40,0.0,0.0035499999999999998,1080.0,1140.0,0.33333333333333337,0.6666666666666666,False,causal_hourly_interpolation
2025-02-01,06:00,112,18:50,0.0,0.0,1080.0,1140.0,0.16666666666666663,0.8333333333333334,False,causal_hourly_interpolation
2025-02-01,06:00,113,19:00,0.0,0.0,1080.0,1140.0,0.0,1.0,False,causal_hourly_interpolation
2025-02-01,06:00,114,19:10,0.0,0.00025,1140.0,1200.0,0.8333333333333334,0.16666666666666666,False,causal_hourly_interpolation
2025-02-01,06:00,115,19:20,0.0,0.0,1140.0,1200.0,0.6666666666666667,0.3333333333333333,False,causal_hourly_interpolation
2025-02-01,06:00,116,19:30,0.0,0.0,1140.0,1200.0,0.5,0.5,False,causal_hourly_interpolation
2025-02-01,06:00,117,19:40,0.0,0.0,1140.0,1200.0,0.33333333333333337,0.6666666666666666,False,causal_hourly_interpolation
2025-02-01,06:00,118,19:50,0.0,0.0,1140.0,1200.0,0.16666666666666663,0.8333333333333334,False,causal_hourly_interpolation
2025-02-01,06:00,119,20:00,0.0,0.0,1140.0,1200.0,0.0,1.0,False,causal_hourly_interpolation
2025-02-01,06:00,120,20:10,0.0,0.0,1200.0,1260.0,0.8333333333333334,0.16666666666666666,False,causal_hourly_interpolation
2025-02-01,06:00,121,20:20,0.0,0.0,1200.0,1260.0,0.6666666666666667,0.3333333333333333,False,causal_hourly_interpolation
2025-02-01,06:00,122,20:30,0.0,0.0,1200.0,1260.0,0.5,0.5,False,causal_hourly_interpolation
2025-02-01,06:00,123,20:40,0.0,0.0,1200.0,1260.0,0.33333333333333337,0.6666666666666666,False,causal_hourly_interpolation
2025-02-01,06:00,124,20:50,0.0,0.0,1200.0,1260.0,0.16666666666666663,0.8333333333333334,False,causal_hourly_interpolation
2025-02-01,06:00,125,21:00,0.0,0.0,1200.0,1260.0,0.0,1.0,False,causal_hourly_interpolation
2025-02-01,06:00,126,21:10,0.0,0.0,1260.0,1320.0,0.8333333333333334,0.16666666666666666,False,causal_hourly_interpolation
2025-02-01,06:00,127,21:20,0.0,0.0,1260.0,1320.0,0.6666666666666667,0.3333333333333333,False,causal_hourly_interpolation
2025-02-01,06:00,128,21:30,0.0,0.0,1260.0,1320.0,0.5,0.5,False,causal_hourly_interpolation
2025-02-01,06:00,129,21:40,0.0,0.0,1260.0,1320.0,0.33333333333333337,0.6666666666666666,False,causal_hourly_interpolation
2025-02-01,06:00,130,21:50,0.0,0.0,1260.0,1320.0,0.16666666666666663,0.8333333333333334,False,causal_hourly_interpolation
2025-02-01,06:00,131,22:00,0.0,0.0,1260.0,1320.0,0.0,1.0,False,causal_hourly_interpolation
2025-02-01,06:00,132,22:10,0.0,0.0,1320.0,1380.0,0.8333333333333334,0.16666666666666666,False,causal_hourly_interpolation
2025-02-01,06:00,133,22:20,0.0,0.0,1320.0,1380.0,0.6666666666666667,0.3333333333333333,False,causal_hourly_interpolation
2025-02-01,06:00,134,22:30,0.0,0.0,1320.0,1380.0,0.5,0.5,False,causal_hourly_interpolation
2025-02-01,06:00,135,22:40,0.0,0.0,1320.0,1380.0,0.33333333333333337,0.6666666666666666,False,causal_hourly_interpolation
2025-02-01,06:00,136,22:50,0.0,0.0,1320.0,1380.0,0.16666666666666663,0.8333333333333334,False,causal_hourly_interpolation
2025-02-01,06:00,137,23:00,0.0,0.0,1320.0,1380.0,0.0,1.0,False,causal_hourly_interpolation
2025-02-01,06:00,138,23:10,0.0,0.0,1380.0,1440.0,0.8333333333333334,0.16666666666666666,False,causal_hourly_interpolation
2025-02-01,06:00,139,23:20,0.0,0.0,1380.0,1440.0,0.6666666666666667,0.3333333333333333,False,causal_hourly_interpolation
2025-02-01,06:00,140,23:30,0.0,0.0,1380.0,1440.0,0.5,0.5,False,causal_hourly_interpolation
2025-02-01,06:00,141,23:40,0.0,0.0,1380.0,1440.0,0.33333333333333337,0.6666666666666666,False,causal_hourly_interpolation
2025-02-01,06:00,142,23:50,0.0,0.0,1380.0,1440.0,0.16666666666666663,0.8333333333333334,False,causal_hourly_interpolation
2025-02-01,06:00,143,0:00+1,0.0,0.0,1380.0,1440.0,0.0,1.0,False,causal_hourly_interpolation
2025-02-01,12:00,0,00:10,0.0,0.0,720.0,720.0,1.0,0.0,True,actual_executed
2025-02-01,12:00,1,00:20,0.0,0.0,720.0,720.0,1.0,0.0,True,actual_executed
2025-02-01,12:00,2,00:30,0.0,0.0,720.0,720.0,1.0,0.0,True,actual_executed
2025-02-01,12:00,3,00:40,0.0,0.0,720.0,720.0,1.0,0.0,True,actual_executed
2025-02-01,12:00,4,00:50,0.0,0.0,720.0,720.0,1.0,0.0,True,actual_executed
2025-02-01,12:00,5,01:00,0.0,0.0,720.0,720.0,1.0,0.0,True,actual_executed
2025-02-01,12:00,6,01:10,0.0,0.0,720.0,720.0,1.0,0.0,True,actual_executed
2025-02-01,12:00,7,01:20,0.0,0.0,720.0,720.0,1.0,0.0,True,actual_executed
2025-02-01,12:00,8,01:30,0.0,0.0,720.0,720.0,1.0,0.0,True,actual_executed
2025-02-01,12:00,9,01:40,0.0,0.0,720.0,720.0,1.0,0.0,True,actual_executed
2025-02-01,12:00,10,01:50,0.0,0.0,720.0,720.0,1.0,0.0,True,actual_executed
2025-02-01,12:00,11,02:00,0.0,0.0,720.0,720.0,1.0,0.0,True,actual_executed
2025-02-01,12:00,12,02:10,0.0,0.0,720.0,720.0,1.0,0.0,True,actual_executed
2025-02-01,12:00,13,02:20,0.0,0.0,720.0,720.0,1.0,0.0,True,actual_executed
2025-02-01,12:00,14,02:30,0.0,0.0,720.0,720.0,1.0,0.0,True,actual_executed
2025-02-01,12:00,15,02:40,0.0,0.0,720.0,720.0,1.0,0.0,True,actual_executed
2025-02-01,12:00,16,02:50,0.0,0.0,720.0,720.0,1.0,0.0,True,actual_executed
2025-02-01,12:00,17,03:00,0.0,0.0,720.0,720.0,1.0,0.0,True,actual_executed
2025-02-01,12:00,18,03:10,0.0,0.0,720.0,720.0,1.0,0.0,True,actual_executed
2025-02-01,12:00,19,03:20,0.0,0.0,720.0,720.0,1.0,0.0,True,actual_executed
2025-02-01,12:00,20,03:30,0.0,0.0,720.0,720.0,1.0,0.0,True,actual_executed
2025-02-01,12:00,21,03:40,0.0,0.0,720.0,720.0,1.0,0.0,True,actual_executed
2025-02-01,12:00,22,03:50,0.0,0.0,720.0,720.0,1.0,0.0,True,actual_executed
2025-02-01,12:00,23,04:00,0.0,0.0,720.0,720.0,1.0,0.0,True,actual_executed
2025-02-01,12:00,24,04:10,0.0,0.0,720.0,720.0,1.0,0.0,True,actual_executed
2025-02-01,12:00,25,04:20,0.0,0.0,720.0,720.0,1.0,0.0,True,actual_executed
2025-02-01,12:00,26,04:30,0.0,0.0,720.0,720.0,1.0,0.0,True,actual_executed
2025-02-01,12:00,27,04:40,0.0,0.0,720.0,720.0,1.0,0.0,True,actual_executed
2025-02-01,12:00,28,04:50,0.00023333333333333333,0.00023333333333333333,720.0,720.0,1.0,0.0,True,actual_executed
2025-02-01,12:00,29,05:00,0.0,0.0,720.0,720.0,1.0,0.0,True,actual_executed
2025-02-01,12:00,30,05:10,0.0,0.0,720.0,720.0,1.0,0.0,True,actual_executed
2025-02-01,12:00,31,05:20,0.0033166666666666665,0.0033166666666666665,720.0,720.0,1.0,0.0,True,actual_executed
2025-02-01,12:00,32,05:30,0.0,0.0,720.0,720.0,1.0,0.0,True,actual_executed
2025-02-01,12:00,33,05:40,0.0,0.0,720.0,720.0,1.0,0.0,True,actual_executed
2025-02-01,12:00,34,05:50,0.04623333333333333,0.04623333333333333,720.0,720.0,1.0,0.0,True,actual_executed
2025-02-01,12:00,35,06:00,0.0,0.0,720.0,720.0,1.0,0.0,True,actual_executed
2025-02-01,12:00,36,06:10,0.0,0.0,720.0,720.0,1.0,0.0,True,actual_executed
2025-02-01,12:00,37,06:20,0.6440166666666667,0.6440166666666667,720.0,720.0,1.0,0.0,True,actual_executed
2025-02-01,12:00,38,06:30,0.0,0.0,720.0,720.0,1.0,0.0,True,actual_executed
2025-02-01,12:00,39,06:40,0.0,0.0,720.0,720.0,1.0,0.0,True,actual_executed
2025-02-01,12:00,40,06:50,14.934916666666666,14.934916666666666,720.0,720.0,1.0,0.0,True,actual_executed
2025-02-01,12:00,41,07:00,56.75,56.75,720.0,720.0,1.0,0.0,True,actual_executed
2025-02-01,12:00,42,07:10,102.656,102.656,720.0,720.0,1.0,0.0,True,actual_executed
2025-02-01,12:00,43,07:20,147.48791666666665,147.48791666666665,720.0,720.0,1.0,0.0,True,actual_executed
2025-02-01,12:00,44,07:30,190.11249999999998,190.11249999999998,720.0,720.0,1.0,0.0,True,actual_executed
2025-02-01,12:00,45,07:40,231.34661666666665,231.34661666666665,720.0,720.0,1.0,0.0,True,actual_executed
2025-02-01,12:00,46,07:50,279.07533333333333,279.07533333333333,720.0,720.0,1.0,0.0,True,actual_executed
2025-02-01,12:00,47,08:00,334.01874999999995,334.01874999999995,720.0,720.0,1.0,0.0,True,actual_executed
2025-02-01,12:00,48,08:10,388.6844166666666,388.6844166666666,720.0,720.0,1.0,0.0,True,actual_executed
2025-02-01,12:00,49,08:20,438.7655666666667,438.7655666666667,720.0,720.0,1.0,0.0,True,actual_executed
2025-02-01,12:00,50,08:30,487.94374999999997,487.94374999999997,720.0,720.0,1.0,0.0,True,actual_executed
2025-02-01,12:00,51,08:40,541.8831666666666,541.8831666666666,720.0,720.0,1.0,0.0,True,actual_executed
2025-02-01,12:00,52,08:50,586.6261,586.6261,720.0,720.0,1.0,0.0,True,actual_executed
2025-02-01,12:00,53,09:00,621.9499999999999,621.9499999999999,720.0,720.0,1.0,0.0,True,actual_executed
2025-02-01,12:00,54,09:10,665.4293,665.4293,720.0,720.0,1.0,0.0,True,actual_executed
2025-02-01,12:00,55,09:20,729.7221999999999,729.7221999999999,720.0,720.0,1.0,0.0,True,actual_executed
2025-02-01,12:00,56,09:30,798.0874999999999,798.0874999999999,720.0,720.0,1.0,0.0,True,actual_executed
2025-02-01,12:00,57,09:40,838.3206833333334,838.3206833333334,720.0,720.0,1.0,0.0,True,actual_executed
2025-02-01,12:00,58,09:50,867.3196166666667,867.3196166666667,720.0,720.0,1.0,0.0,True,actual_executed
2025-02-01,12:00,59,10:00,894.01875,894.01875,720.0,720.0,1.0,0.0,True,actual_executed
2025-02-01,12:00,60,10:10,911.8498333333333,911.8498333333333,720.0,720.0,1.0,0.0,True,actual_executed
2025-02-01,12:00,61,10:20,933.6272333333333,933.6272333333333,720.0,720.0,1.0,0.0,True,actual_executed
2025-02-01,12:00,62,10:30,959.21875,959.21875,720.0,720.0,1.0,0.0,True,actual_executed
2025-02-01,12:00,63,10:40,979.8081666666667,979.8081666666667,720.0,720.0,1.0,0.0,True,actual_executed
2025-02-01,12:00,64,10:50,1021.3479,1021.3479,720.0,720.0,1.0,0.0,True,actual_executed
2025-02-01,12:00,65,11:00,1060.2749999999999,1060.2749999999999,720.0,720.0,1.0,0.0,True,actual_executed
2025-02-01,12:00,66,11:10,1046.1778166666666,1046.1778166666666,720.0,720.0,1.0,0.0,True,actual_executed
2025-02-01,12:00,67,11:20,1051.3417833333333,1051.3417833333333,720.0,720.0,1.0,0.0,True,actual_executed
2025-02-01,12:00,68,11:30,1099.0625,1099.0625,720.0,720.0,1.0,0.0,True,actual_executed
2025-02-01,12:00,69,11:40,1136.31565,1136.31565,720.0,720.0,1.0,0.0,True,actual_executed
2025-02-01,12:00,70,11:50,1128.4168166666666,1128.4168166666666,720.0,720.0,1.0,0.0,True,actual_executed
2025-02-01,12:00,71,12:00,1100.65625,1100.65625,720.0,720.0,1.0,0.0,True,actual_executed
2025-02-01,12:00,72,12:10,1092.0000305555554,1105.4832,720.0,780.0,0.8333333333333334,0.16666666666666666,False,causal_hourly_interpolation
2025-02-01,12:00,73,12:20,1083.343811111111,1089.4810666666667,720.0,780.0,0.6666666666666667,0.3333333333333333,False,causal_hourly_interpolation
2025-02-01,12:00,74,12:30,1074.6875916666668,1052.4125,720.0,780.0,0.5,0.5,False,causal_hourly_interpolation
2025-02-01,12:00,75,12:40,1066.0313722222222,1052.0977666666665,720.0,780.0,0.33333333333333337,0.6666666666666666,False,causal_hourly_interpolation
2025-02-01,12:00,76,12:50,1057.3751527777777,1058.98975,720.0,780.0,0.16666666666666663,0.8333333333333334,False,causal_hourly_interpolation
2025-02-01,12:00,77,13:00,1048.7189333333333,1052.225,720.0,780.0,0.0,1.0,False,causal_hourly_interpolation
2025-02-01,12:00,78,13:10,1018.546111111111,1041.0229166666666,780.0,840.0,0.8333333333333334,0.16666666666666666,False,causal_hourly_interpolation
2025-02-01,12:00,79,13:20,988.373288888889,1029.2288333333331,780.0,840.0,0.6666666666666667,0.3333333333333333,False,causal_hourly_interpolation
2025-02-01,12:00,80,13:30,958.2004666666667,1017.28125,780.0,840.0,0.5,0.5,False,causal_hourly_interpolation
2025-02-01,12:00,81,13:40,928.0276444444444,998.79405,780.0,840.0,0.33333333333333337,0.6666666666666666,False,causal_hourly_interpolation
2025-02-01,12:00,82,13:50,897.8548222222222,948.6343499999999,780.0,840.0,0.16666666666666663,0.8333333333333334,False,causal_hourly_interpolation
2025-02-01,12:00,83,14:00,867.6819999999999,875.1875,780.0,840.0,0.0,1.0,False,causal_hourly_interpolation
2025-02-01,12:00,84,14:10,824.0163083333333,815.6234166666666,840.0,900.0,0.8333333333333334,0.16666666666666666,False,causal_hourly_interpolation
2025-02-01,12:00,85,14:20,780.3506166666666,769.5365666666667,840.0,900.0,0.6666666666666667,0.3333333333333333,False,causal_hourly_interpolation
2025-02-01,12:00,86,14:30,736.684925,727.3999999999999,840.0,900.0,0.5,0.5,False,causal_hourly_interpolation
2025-02-01,12:00,87,14:40,693.0192333333332,684.0674,840.0,900.0,0.33333333333333337,0.6666666666666666,False,causal_hourly_interpolation
2025-02-01,12:00,88,14:50,649.3535416666666,648.3614333333333,840.0,900.0,0.16666666666666663,0.8333333333333334,False,causal_hourly_interpolation
2025-02-01,12:00,89,15:00,605.68785,614.7249999999999,840.0,900.0,0.0,1.0,False,causal_hourly_interpolation
2025-02-01,12:00,90,15:10,558.0761166666666,565.39285,900.0,960.0,0.8333333333333334,0.16666666666666666,False,causal_hourly_interpolation
2025-02-01,12:00,91,15:20,510.46438333333333,505.4359666666667,900.0,960.0,0.6666666666666667,0.3333333333333333,False,causal_hourly_interpolation
2025-02-01,12:00,92,15:30,462.85265000000004,450.63749999999993,900.0,960.0,0.5,0.5,False,causal_hourly_interpolation
2025-02-01,12:00,93,15:40,415.24091666666664,413.62829999999997,900.0,960.0,0.33333333333333337,0.6666666666666666,False,causal_hourly_interpolation
2025-02-01,12:00,94,15:50,367.6291833333333,375.9729,900.0,960.0,0.16666666666666663,0.8333333333333334,False,causal_hourly_interpolation
2025-02-01,12:00,95,16:00,320.01745,328.93125,900.0,960.0,0.0,1.0,False,causal_hourly_interpolation
2025-02-01,12:00,96,16:10,276.0136416666667,281.17404999999997,960.0,1020.0,0.8333333333333334,0.16666666666666666,False,causal_hourly_interpolation
2025-02-01,12:00,97,16:20,232.00983333333335,240.44151666666667,960.0,1020.0,0.6666666666666667,0.3333333333333333,False,causal_hourly_interpolation
2025-02-01,12:00,98,16:30,188.00602499999997,202.36249999999998,960.0,1020.0,0.5,0.5,False,causal_hourly_interpolation
2025-02-01,12:00,99,16:40,144.00221666666667,155.5190333333333,960.0,1020.0,0.33333333333333337,0.6666666666666666,False,causal_hourly_interpolation
2025-02-01,12:00,100,16:50,99.99840833333333,106.71146666666667,960.0,1020.0,0.16666666666666663,0.8333333333333334,False,causal_hourly_interpolation
2025-02-01,12:00,101,17:00,55.9946,59.70625,960.0,1020.0,0.0,1.0,False,causal_hourly_interpolation
2025-02-01,12:00,102,17:10,46.662166666666664,15.897433333333334,1020.0,1080.0,0.8333333333333334,0.16666666666666666,False,causal_hourly_interpolation
2025-02-01,12:00,103,17:20,37.32973333333334,0.0,1020.0,1080.0,0.6666666666666667,0.3333333333333333,False,causal_hourly_interpolation
2025-02-01,12:00,104,17:30,27.9973,0.0,1020.0,1080.0,0.5,0.5,False,causal_hourly_interpolation
2025-02-01,12:00,105,17:40,18.66486666666667,0.68945,1020.0,1080.0,0.33333333333333337,0.6666666666666666,False,causal_hourly_interpolation
2025-02-01,12:00,106,17:50,9.332433333333341,0.0,1020.0,1080.0,0.16666666666666663,0.8333333333333334,False,causal_hourly_interpolation
2025-02-01,12:00,107,18:00,0.0,0.0,1020.0,1080.0,0.0,1.0,False,causal_hourly_interpolation
2025-02-01,12:00,108,18:10,0.0,0.049499999999999995,1080.0,1140.0,0.8333333333333334,0.16666666666666666,False,causal_hourly_interpolation
2025-02-01,12:00,109,18:20,0.0,0.0,1080.0,1140.0,0.6666666666666667,0.3333333333333333,False,causal_hourly_interpolation
2025-02-01,12:00,110,18:30,0.0,0.0,1080.0,1140.0,0.5,0.5,False,causal_hourly_interpolation
2025-02-01,12:00,111,18:40,0.0,0.0035499999999999998,1080.0,1140.0,0.33333333333333337,0.6666666666666666,False,causal_hourly_interpolation
2025-02-01,12:00,112,18:50,0.0,0.0,1080.0,1140.0,0.16666666666666663,0.8333333333333334,False,causal_hourly_interpolation
2025-02-01,12:00,113,19:00,0.0,0.0,1080.0,1140.0,0.0,1.0,False,causal_hourly_interpolation
2025-02-01,12:00,114,19:10,0.0,0.00025,1140.0,1200.0,0.8333333333333334,0.16666666666666666,False,causal_hourly_interpolation
2025-02-01,12:00,115,19:20,0.0,0.0,1140.0,1200.0,0.6666666666666667,0.3333333333333333,False,causal_hourly_interpolation
2025-02-01,12:00,116,19:30,0.0,0.0,1140.0,1200.0,0.5,0.5,False,causal_hourly_interpolation
2025-02-01,12:00,117,19:40,0.0,0.0,1140.0,1200.0,0.33333333333333337,0.6666666666666666,False,causal_hourly_interpolation
2025-02-01,12:00,118,19:50,0.0,0.0,1140.0,1200.0,0.16666666666666663,0.8333333333333334,False,causal_hourly_interpolation
2025-02-01,12:00,119,20:00,0.0,0.0,1140.0,1200.0,0.0,1.0,False,causal_hourly_interpolation
2025-02-01,12:00,120,20:10,0.0,0.0,1200.0,1260.0,0.8333333333333334,0.16666666666666666,False,causal_hourly_interpolation
2025-02-01,12:00,121,20:20,0.0,0.0,1200.0,1260.0,0.6666666666666667,0.3333333333333333,False,causal_hourly_interpolation
2025-02-01,12:00,122,20:30,0.0,0.0,1200.0,1260.0,0.5,0.5,False,causal_hourly_interpolation
2025-02-01,12:00,123,20:40,0.0,0.0,1200.0,1260.0,0.33333333333333337,0.6666666666666666,False,causal_hourly_interpolation
2025-02-01,12:00,124,20:50,0.0,0.0,1200.0,1260.0,0.16666666666666663,0.8333333333333334,False,causal_hourly_interpolation
2025-02-01,12:00,125,21:00,0.0,0.0,1200.0,1260.0,0.0,1.0,False,causal_hourly_interpolation
2025-02-01,12:00,126,21:10,0.0,0.0,1260.0,1320.0,0.8333333333333334,0.16666666666666666,False,causal_hourly_interpolation
2025-02-01,12:00,127,21:20,0.0,0.0,1260.0,1320.0,0.6666666666666667,0.3333333333333333,False,causal_hourly_interpolation
2025-02-01,12:00,128,21:30,0.0,0.0,1260.0,1320.0,0.5,0.5,False,causal_hourly_interpolation
2025-02-01,12:00,129,21:40,0.0,0.0,1260.0,1320.0,0.33333333333333337,0.6666666666666666,False,causal_hourly_interpolation
2025-02-01,12:00,130,21:50,0.0,0.0,1260.0,1320.0,0.16666666666666663,0.8333333333333334,False,causal_hourly_interpolation
2025-02-01,12:00,131,22:00,0.0,0.0,1260.0,1320.0,0.0,1.0,False,causal_hourly_interpolation
2025-02-01,12:00,132,22:10,0.0,0.0,1320.0,1380.0,0.8333333333333334,0.16666666666666666,False,causal_hourly_interpolation
2025-02-01,12:00,133,22:20,0.0,0.0,1320.0,1380.0,0.6666666666666667,0.3333333333333333,False,causal_hourly_interpolation
2025-02-01,12:00,134,22:30,0.0,0.0,1320.0,1380.0,0.5,0.5,False,causal_hourly_interpolation
2025-02-01,12:00,135,22:40,0.0,0.0,1320.0,1380.0,0.33333333333333337,0.6666666666666666,False,causal_hourly_interpolation
2025-02-01,12:00,136,22:50,0.0,0.0,1320.0,1380.0,0.16666666666666663,0.8333333333333334,False,causal_hourly_interpolation
2025-02-01,12:00,137,23:00,0.0,0.0,1320.0,1380.0,0.0,1.0,False,causal_hourly_interpolation
2025-02-01,12:00,138,23:10,0.0,0.0,1380.0,1440.0,0.8333333333333334,0.16666666666666666,False,causal_hourly_interpolation
2025-02-01,12:00,139,23:20,0.0,0.0,1380.0,1440.0,0.6666666666666667,0.3333333333333333,False,causal_hourly_interpolation
2025-02-01,12:00,140,23:30,0.0,0.0,1380.0,1440.0,0.5,0.5,False,causal_hourly_interpolation
2025-02-01,12:00,141,23:40,0.0,0.0,1380.0,1440.0,0.33333333333333337,0.6666666666666666,False,causal_hourly_interpolation
2025-02-01,12:00,142,23:50,0.0,0.0,1380.0,1440.0,0.16666666666666663,0.8333333333333334,False,causal_hourly_interpolation
2025-02-01,12:00,143,0:00+1,0.0,0.0,1380.0,1440.0,0.0,1.0,False,causal_hourly_interpolation
2025-02-01,18:00,0,00:10,0.0,0.0,1080.0,1080.0,1.0,0.0,True,actual_executed
2025-02-01,18:00,1,00:20,0.0,0.0,1080.0,1080.0,1.0,0.0,True,actual_executed
2025-02-01,18:00,2,00:30,0.0,0.0,1080.0,1080.0,1.0,0.0,True,actual_executed
2025-02-01,18:00,3,00:40,0.0,0.0,1080.0,1080.0,1.0,0.0,True,actual_executed
2025-02-01,18:00,4,00:50,0.0,0.0,1080.0,1080.0,1.0,0.0,True,actual_executed
2025-02-01,18:00,5,01:00,0.0,0.0,1080.0,1080.0,1.0,0.0,True,actual_executed
2025-02-01,18:00,6,01:10,0.0,0.0,1080.0,1080.0,1.0,0.0,True,actual_executed
2025-02-01,18:00,7,01:20,0.0,0.0,1080.0,1080.0,1.0,0.0,True,actual_executed
2025-02-01,18:00,8,01:30,0.0,0.0,1080.0,1080.0,1.0,0.0,True,actual_executed
2025-02-01,18:00,9,01:40,0.0,0.0,1080.0,1080.0,1.0,0.0,True,actual_executed
2025-02-01,18:00,10,01:50,0.0,0.0,1080.0,1080.0,1.0,0.0,True,actual_executed
2025-02-01,18:00,11,02:00,0.0,0.0,1080.0,1080.0,1.0,0.0,True,actual_executed
2025-02-01,18:00,12,02:10,0.0,0.0,1080.0,1080.0,1.0,0.0,True,actual_executed
2025-02-01,18:00,13,02:20,0.0,0.0,1080.0,1080.0,1.0,0.0,True,actual_executed
2025-02-01,18:00,14,02:30,0.0,0.0,1080.0,1080.0,1.0,0.0,True,actual_executed
2025-02-01,18:00,15,02:40,0.0,0.0,1080.0,1080.0,1.0,0.0,True,actual_executed
2025-02-01,18:00,16,02:50,0.0,0.0,1080.0,1080.0,1.0,0.0,True,actual_executed
2025-02-01,18:00,17,03:00,0.0,0.0,1080.0,1080.0,1.0,0.0,True,actual_executed
2025-02-01,18:00,18,03:10,0.0,0.0,1080.0,1080.0,1.0,0.0,True,actual_executed
2025-02-01,18:00,19,03:20,0.0,0.0,1080.0,1080.0,1.0,0.0,True,actual_executed
2025-02-01,18:00,20,03:30,0.0,0.0,1080.0,1080.0,1.0,0.0,True,actual_executed
2025-02-01,18:00,21,03:40,0.0,0.0,1080.0,1080.0,1.0,0.0,True,actual_executed
2025-02-01,18:00,22,03:50,0.0,0.0,1080.0,1080.0,1.0,0.0,True,actual_executed
2025-02-01,18:00,23,04:00,0.0,0.0,1080.0,1080.0,1.0,0.0,True,actual_executed
2025-02-01,18:00,24,04:10,0.0,0.0,1080.0,1080.0,1.0,0.0,True,actual_executed
2025-02-01,18:00,25,04:20,0.0,0.0,1080.0,1080.0,1.0,0.0,True,actual_executed
2025-02-01,18:00,26,04:30,0.0,0.0,1080.0,1080.0,1.0,0.0,True,actual_executed
2025-02-01,18:00,27,04:40,0.0,0.0,1080.0,1080.0,1.0,0.0,True,actual_executed
2025-02-01,18:00,28,04:50,0.00023333333333333333,0.00023333333333333333,1080.0,1080.0,1.0,0.0,True,actual_executed
2025-02-01,18:00,29,05:00,0.0,0.0,1080.0,1080.0,1.0,0.0,True,actual_executed
2025-02-01,18:00,30,05:10,0.0,0.0,1080.0,1080.0,1.0,0.0,True,actual_executed
2025-02-01,18:00,31,05:20,0.0033166666666666665,0.0033166666666666665,1080.0,1080.0,1.0,0.0,True,actual_executed
2025-02-01,18:00,32,05:30,0.0,0.0,1080.0,1080.0,1.0,0.0,True,actual_executed
2025-02-01,18:00,33,05:40,0.0,0.0,1080.0,1080.0,1.0,0.0,True,actual_executed
2025-02-01,18:00,34,05:50,0.04623333333333333,0.04623333333333333,1080.0,1080.0,1.0,0.0,True,actual_executed
2025-02-01,18:00,35,06:00,0.0,0.0,1080.0,1080.0,1.0,0.0,True,actual_executed
2025-02-01,18:00,36,06:10,0.0,0.0,1080.0,1080.0,1.0,0.0,True,actual_executed
2025-02-01,18:00,37,06:20,0.6440166666666667,0.6440166666666667,1080.0,1080.0,1.0,0.0,True,actual_executed
2025-02-01,18:00,38,06:30,0.0,0.0,1080.0,1080.0,1.0,0.0,True,actual_executed
2025-02-01,18:00,39,06:40,0.0,0.0,1080.0,1080.0,1.0,0.0,True,actual_executed
2025-02-01,18:00,40,06:50,14.934916666666666,14.934916666666666,1080.0,1080.0,1.0,0.0,True,actual_executed
2025-02-01,18:00,41,07:00,56.75,56.75,1080.0,1080.0,1.0,0.0,True,actual_executed
2025-02-01,18:00,42,07:10,102.656,102.656,1080.0,1080.0,1.0,0.0,True,actual_executed
2025-02-01,18:00,43,07:20,147.48791666666665,147.48791666666665,1080.0,1080.0,1.0,0.0,True,actual_executed
2025-02-01,18:00,44,07:30,190.11249999999998,190.11249999999998,1080.0,1080.0,1.0,0.0,True,actual_executed
2025-02-01,18:00,45,07:40,231.34661666666665,231.34661666666665,1080.0,1080.0,1.0,0.0,True,actual_executed
2025-02-01,18:00,46,07:50,279.07533333333333,279.07533333333333,1080.0,1080.0,1.0,0.0,True,actual_executed
2025-02-01,18:00,47,08:00,334.01874999999995,334.01874999999995,1080.0,1080.0,1.0,0.0,True,actual_executed
2025-02-01,18:00,48,08:10,388.6844166666666,388.6844166666666,1080.0,1080.0,1.0,0.0,True,actual_executed
2025-02-01,18:00,49,08:20,438.7655666666667,438.7655666666667,1080.0,1080.0,1.0,0.0,True,actual_executed
2025-02-01,18:00,50,08:30,487.94374999999997,487.94374999999997,1080.0,1080.0,1.0,0.0,True,actual_executed
2025-02-01,18:00,51,08:40,541.8831666666666,541.8831666666666,1080.0,1080.0,1.0,0.0,True,actual_executed
2025-02-01,18:00,52,08:50,586.6261,586.6261,1080.0,1080.0,1.0,0.0,True,actual_executed
2025-02-01,18:00,53,09:00,621.9499999999999,621.9499999999999,1080.0,1080.0,1.0,0.0,True,actual_executed
2025-02-01,18:00,54,09:10,665.4293,665.4293,1080.0,1080.0,1.0,0.0,True,actual_executed
2025-02-01,18:00,55,09:20,729.7221999999999,729.7221999999999,1080.0,1080.0,1.0,0.0,True,actual_executed
2025-02-01,18:00,56,09:30,798.0874999999999,798.0874999999999,1080.0,1080.0,1.0,0.0,True,actual_executed
2025-02-01,18:00,57,09:40,838.3206833333334,838.3206833333334,1080.0,1080.0,1.0,0.0,True,actual_executed
2025-02-01,18:00,58,09:50,867.3196166666667,867.3196166666667,1080.0,1080.0,1.0,0.0,True,actual_executed
2025-02-01,18:00,59,10:00,894.01875,894.01875,1080.0,1080.0,1.0,0.0,True,actual_executed
2025-02-01,18:00,60,10:10,911.8498333333333,911.8498333333333,1080.0,1080.0,1.0,0.0,True,actual_executed
2025-02-01,18:00,61,10:20,933.6272333333333,933.6272333333333,1080.0,1080.0,1.0,0.0,True,actual_executed
2025-02-01,18:00,62,10:30,959.21875,959.21875,1080.0,1080.0,1.0,0.0,True,actual_executed
2025-02-01,18:00,63,10:40,979.8081666666667,979.8081666666667,1080.0,1080.0,1.0,0.0,True,actual_executed
2025-02-01,18:00,64,10:50,1021.3479,1021.3479,1080.0,1080.0,1.0,0.0,True,actual_executed
2025-02-01,18:00,65,11:00,1060.2749999999999,1060.2749999999999,1080.0,1080.0,1.0,0.0,True,actual_executed
2025-02-01,18:00,66,11:10,1046.1778166666666,1046.1778166666666,1080.0,1080.0,1.0,0.0,True,actual_executed
2025-02-01,18:00,67,11:20,1051.3417833333333,1051.3417833333333,1080.0,1080.0,1.0,0.0,True,actual_executed
2025-02-01,18:00,68,11:30,1099.0625,1099.0625,1080.0,1080.0,1.0,0.0,True,actual_executed
2025-02-01,18:00,69,11:40,1136.31565,1136.31565,1080.0,1080.0,1.0,0.0,True,actual_executed
2025-02-01,18:00,70,11:50,1128.4168166666666,1128.4168166666666,1080.0,1080.0,1.0,0.0,True,actual_executed
2025-02-01,18:00,71,12:00,1100.65625,1100.65625,1080.0,1080.0,1.0,0.0,True,actual_executed
2025-02-01,18:00,72,12:10,1105.4832,1105.4832,1080.0,1080.0,1.0,0.0,True,actual_executed
2025-02-01,18:00,73,12:20,1089.4810666666667,1089.4810666666667,1080.0,1080.0,1.0,0.0,True,actual_executed
2025-02-01,18:00,74,12:30,1052.4125,1052.4125,1080.0,1080.0,1.0,0.0,True,actual_executed
2025-02-01,18:00,75,12:40,1052.0977666666665,1052.0977666666665,1080.0,1080.0,1.0,0.0,True,actual_executed
2025-02-01,18:00,76,12:50,1058.98975,1058.98975,1080.0,1080.0,1.0,0.0,True,actual_executed
2025-02-01,18:00,77,13:00,1052.225,1052.225,1080.0,1080.0,1.0,0.0,True,actual_executed
2025-02-01,18:00,78,13:10,1041.0229166666666,1041.0229166666666,1080.0,1080.0,1.0,0.0,True,actual_executed
2025-02-01,18:00,79,13:20,1029.2288333333331,1029.2288333333331,1080.0,1080.0,1.0,0.0,True,actual_executed
2025-02-01,18:00,80,13:30,1017.28125,1017.28125,1080.0,1080.0,1.0,0.0,True,actual_executed
2025-02-01,18:00,81,13:40,998.79405,998.79405,1080.0,1080.0,1.0,0.0,True,actual_executed
2025-02-01,18:00,82,13:50,948.6343499999999,948.6343499999999,1080.0,1080.0,1.0,0.0,True,actual_executed
2025-02-01,18:00,83,14:00,875.1875,875.1875,1080.0,1080.0,1.0,0.0,True,actual_executed
2025-02-01,18:00,84,14:10,815.6234166666666,815.6234166666666,1080.0,1080.0,1.0,0.0,True,actual_executed
2025-02-01,18:00,85,14:20,769.5365666666667,769.5365666666667,1080.0,1080.0,1.0,0.0,True,actual_executed
2025-02-01,18:00,86,14:30,727.3999999999999,727.3999999999999,1080.0,1080.0,1.0,0.0,True,actual_executed
2025-02-01,18:00,87,14:40,684.0674,684.0674,1080.0,1080.0,1.0,0.0,True,actual_executed
2025-02-01,18:00,88,14:50,648.3614333333333,648.3614333333333,1080.0,1080.0,1.0,0.0,True,actual_executed
2025-02-01,18:00,89,15:00,614.7249999999999,614.7249999999999,1080.0,1080.0,1.0,0.0,True,actual_executed
2025-02-01,18:00,90,15:10,565.39285,565.39285,1080.0,1080.0,1.0,0.0,True,actual_executed
2025-02-01,18:00,91,15:20,505.4359666666667,505.4359666666667,1080.0,1080.0,1.0,0.0,True,actual_executed
2025-02-01,18:00,92,15:30,450.63749999999993,450.63749999999993,1080.0,1080.0,1.0,0.0,True,actual_executed
2025-02-01,18:00,93,15:40,413.62829999999997,413.62829999999997,1080.0,1080.0,1.0,0.0,True,actual_executed
2025-02-01,18:00,94,15:50,375.9729,375.9729,1080.0,1080.0,1.0,0.0,True,actual_executed
2025-02-01,18:00,95,16:00,328.93125,328.93125,1080.0,1080.0,1.0,0.0,True,actual_executed
2025-02-01,18:00,96,16:10,281.17404999999997,281.17404999999997,1080.0,1080.0,1.0,0.0,True,actual_executed
2025-02-01,18:00,97,16:20,240.44151666666667,240.44151666666667,1080.0,1080.0,1.0,0.0,True,actual_executed
2025-02-01,18:00,98,16:30,202.36249999999998,202.36249999999998,1080.0,1080.0,1.0,0.0,True,actual_executed
2025-02-01,18:00,99,16:40,155.5190333333333,155.5190333333333,1080.0,1080.0,1.0,0.0,True,actual_executed
2025-02-01,18:00,100,16:50,106.71146666666667,106.71146666666667,1080.0,1080.0,1.0,0.0,True,actual_executed
2025-02-01,18:00,101,17:00,59.70625,59.70625,1080.0,1080.0,1.0,0.0,True,actual_executed
2025-02-01,18:00,102,17:10,15.897433333333334,15.897433333333334,1080.0,1080.0,1.0,0.0,True,actual_executed
2025-02-01,18:00,103,17:20,0.0,0.0,1080.0,1080.0,1.0,0.0,True,actual_executed
2025-02-01,18:00,104,17:30,0.0,0.0,1080.0,1080.0,1.0,0.0,True,actual_executed
2025-02-01,18:00,105,17:40,0.68945,0.68945,1080.0,1080.0,1.0,0.0,True,actual_executed
2025-02-01,18:00,106,17:50,0.0,0.0,1080.0,1080.0,1.0,0.0,True,actual_executed
2025-02-01,18:00,107,18:00,0.0,0.0,1080.0,1080.0,1.0,0.0,True,actual_executed
2025-02-01,18:00,108,18:10,0.0,0.049499999999999995,1080.0,1140.0,0.8333333333333334,0.16666666666666666,False,causal_hourly_interpolation
2025-02-01,18:00,109,18:20,0.0,0.0,1080.0,1140.0,0.6666666666666667,0.3333333333333333,False,causal_hourly_interpolation
2025-02-01,18:00,110,18:30,0.0,0.0,1080.0,1140.0,0.5,0.5,False,causal_hourly_interpolation
2025-02-01,18:00,111,18:40,0.0,0.0035499999999999998,1080.0,1140.0,0.33333333333333337,0.6666666666666666,False,causal_hourly_interpolation
2025-02-01,18:00,112,18:50,0.0,0.0,1080.0,1140.0,0.16666666666666663,0.8333333333333334,False,causal_hourly_interpolation
2025-02-01,18:00,113,19:00,0.0,0.0,1080.0,1140.0,0.0,1.0,False,causal_hourly_interpolation
2025-02-01,18:00,114,19:10,0.0,0.00025,1140.0,1200.0,0.8333333333333334,0.16666666666666666,False,causal_hourly_interpolation
2025-02-01,18:00,115,19:20,0.0,0.0,1140.0,1200.0,0.6666666666666667,0.3333333333333333,False,causal_hourly_interpolation
2025-02-01,18:00,116,19:30,0.0,0.0,1140.0,1200.0,0.5,0.5,False,causal_hourly_interpolation
2025-02-01,18:00,117,19:40,0.0,0.0,1140.0,1200.0,0.33333333333333337,0.6666666666666666,False,causal_hourly_interpolation
2025-02-01,18:00,118,19:50,0.0,0.0,1140.0,1200.0,0.16666666666666663,0.8333333333333334,False,causal_hourly_interpolation
2025-02-01,18:00,119,20:00,0.0,0.0,1140.0,1200.0,0.0,1.0,False,causal_hourly_interpolation
2025-02-01,18:00,120,20:10,0.0,0.0,1200.0,1260.0,0.8333333333333334,0.16666666666666666,False,causal_hourly_interpolation
2025-02-01,18:00,121,20:20,0.0,0.0,1200.0,1260.0,0.6666666666666667,0.3333333333333333,False,causal_hourly_interpolation
2025-02-01,18:00,122,20:30,0.0,0.0,1200.0,1260.0,0.5,0.5,False,causal_hourly_interpolation
2025-02-01,18:00,123,20:40,0.0,0.0,1200.0,1260.0,0.33333333333333337,0.6666666666666666,False,causal_hourly_interpolation
2025-02-01,18:00,124,20:50,0.0,0.0,1200.0,1260.0,0.16666666666666663,0.8333333333333334,False,causal_hourly_interpolation
2025-02-01,18:00,125,21:00,0.0,0.0,1200.0,1260.0,0.0,1.0,False,causal_hourly_interpolation
2025-02-01,18:00,126,21:10,0.0,0.0,1260.0,1320.0,0.8333333333333334,0.16666666666666666,False,causal_hourly_interpolation
2025-02-01,18:00,127,21:20,0.0,0.0,1260.0,1320.0,0.6666666666666667,0.3333333333333333,False,causal_hourly_interpolation
2025-02-01,18:00,128,21:30,0.0,0.0,1260.0,1320.0,0.5,0.5,False,causal_hourly_interpolation
2025-02-01,18:00,129,21:40,0.0,0.0,1260.0,1320.0,0.33333333333333337,0.6666666666666666,False,causal_hourly_interpolation
2025-02-01,18:00,130,21:50,0.0,0.0,1260.0,1320.0,0.16666666666666663,0.8333333333333334,False,causal_hourly_interpolation
2025-02-01,18:00,131,22:00,0.0,0.0,1260.0,1320.0,0.0,1.0,False,causal_hourly_interpolation
2025-02-01,18:00,132,22:10,0.0,0.0,1320.0,1380.0,0.8333333333333334,0.16666666666666666,False,causal_hourly_interpolation
2025-02-01,18:00,133,22:20,0.0,0.0,1320.0,1380.0,0.6666666666666667,0.3333333333333333,False,causal_hourly_interpolation
2025-02-01,18:00,134,22:30,0.0,0.0,1320.0,1380.0,0.5,0.5,False,causal_hourly_interpolation
2025-02-01,18:00,135,22:40,0.0,0.0,1320.0,1380.0,0.33333333333333337,0.6666666666666666,False,causal_hourly_interpolation
2025-02-01,18:00,136,22:50,0.0,0.0,1320.0,1380.0,0.16666666666666663,0.8333333333333334,False,causal_hourly_interpolation
2025-02-01,18:00,137,23:00,0.0,0.0,1320.0,1380.0,0.0,1.0,False,causal_hourly_interpolation
2025-02-01,18:00,138,23:10,0.0,0.0,1380.0,1440.0,0.8333333333333334,0.16666666666666666,False,causal_hourly_interpolation
2025-02-01,18:00,139,23:20,0.0,0.0,1380.0,1440.0,0.6666666666666667,0.3333333333333333,False,causal_hourly_interpolation
2025-02-01,18:00,140,23:30,0.0,0.0,1380.0,1440.0,0.5,0.5,False,causal_hourly_interpolation
2025-02-01,18:00,141,23:40,0.0,0.0,1380.0,1440.0,0.33333333333333337,0.6666666666666666,False,causal_hourly_interpolation
2025-02-01,18:00,142,23:50,0.0,0.0,1380.0,1440.0,0.16666666666666663,0.8333333333333334,False,causal_hourly_interpolation
2025-02-01,18:00,143,0:00+1,0.0,0.0,1380.0,1440.0,0.0,1.0,False,causal_hourly_interpolation
2025-06-21,00:00,0,00:10,0.0,0.0,0.0,60.0,0.8333333333333334,0.16666666666666666,False,causal_hourly_interpolation
2025-06-21,00:00,1,00:20,0.0,0.0,0.0,60.0,0.6666666666666667,0.3333333333333333,False,causal_hourly_interpolation
2025-06-21,00:00,2,00:30,0.0,0.0,0.0,60.0,0.5,0.5,False,causal_hourly_interpolation
2025-06-21,00:00,3,00:40,0.0,0.0,0.0,60.0,0.33333333333333337,0.6666666666666666,False,causal_hourly_interpolation
2025-06-21,00:00,4,00:50,0.0,0.0,0.0,60.0,0.16666666666666663,0.8333333333333334,False,causal_hourly_interpolation
2025-06-21,00:00,5,01:00,0.0,0.0,0.0,60.0,0.0,1.0,False,causal_hourly_interpolation
2025-06-21,00:00,6,01:10,0.0,0.0,60.0,120.0,0.8333333333333334,0.16666666666666666,False,causal_hourly_interpolation
2025-06-21,00:00,7,01:20,0.0,0.0,60.0,120.0,0.6666666666666667,0.3333333333333333,False,causal_hourly_interpolation
2025-06-21,00:00,8,01:30,0.0,0.0,60.0,120.0,0.5,0.5,False,causal_hourly_interpolation
2025-06-21,00:00,9,01:40,0.0,0.0,60.0,120.0,0.33333333333333337,0.6666666666666666,False,causal_hourly_interpolation
2025-06-21,00:00,10,01:50,0.0,0.0,60.0,120.0,0.16666666666666663,0.8333333333333334,False,causal_hourly_interpolation
2025-06-21,00:00,11,02:00,0.0,0.0,60.0,120.0,0.0,1.0,False,causal_hourly_interpolation
2025-06-21,00:00,12,02:10,0.0,0.0,120.0,180.0,0.8333333333333334,0.16666666666666666,False,causal_hourly_interpolation
2025-06-21,00:00,13,02:20,0.0,0.0,120.0,180.0,0.6666666666666667,0.3333333333333333,False,causal_hourly_interpolation
2025-06-21,00:00,14,02:30,0.0,0.0,120.0,180.0,0.5,0.5,False,causal_hourly_interpolation
2025-06-21,00:00,15,02:40,0.0,0.0,120.0,180.0,0.33333333333333337,0.6666666666666666,False,causal_hourly_interpolation
2025-06-21,00:00,16,02:50,0.0,0.0,120.0,180.0,0.16666666666666663,0.8333333333333334,False,causal_hourly_interpolation
2025-06-21,00:00,17,03:00,0.0,0.0,120.0,180.0,0.0,1.0,False,causal_hourly_interpolation
2025-06-21,00:00,18,03:10,0.0,0.00019999999999999998,180.0,240.0,0.8333333333333334,0.16666666666666666,False,causal_hourly_interpolation
2025-06-21,00:00,19,03:20,0.0,0.0,180.0,240.0,0.6666666666666667,0.3333333333333333,False,causal_hourly_interpolation
2025-06-21,00:00,20,03:30,0.0,0.0,180.0,240.0,0.5,0.5,False,causal_hourly_interpolation
2025-06-21,00:00,21,03:40,0.0,0.0026999999999999997,180.0,240.0,0.33333333333333337,0.6666666666666666,False,causal_hourly_interpolation
2025-06-21,00:00,22,03:50,0.0,0.0,180.0,240.0,0.16666666666666663,0.8333333333333334,False,causal_hourly_interpolation
2025-06-21,00:00,23,04:00,0.0,0.0,180.0,240.0,0.0,1.0,False,causal_hourly_interpolation
2025-06-21,00:00,24,04:10,0.19348611111111108,0.03771666666666666,240.0,300.0,0.8333333333333334,0.16666666666666666,False,causal_hourly_interpolation
2025-06-21,00:00,25,04:20,0.38697222222222216,0.0,240.0,300.0,0.6666666666666667,0.3333333333333333,False,causal_hourly_interpolation
2025-06-21,00:00,26,04:30,0.5804583333333333,0.0,240.0,300.0,0.5,0.5,False,causal_hourly_interpolation
2025-06-21,00:00,27,04:40,0.7739444444444443,0.5252666666666667,240.0,300.0,0.33333333333333337,0.6666666666666666,False,causal_hourly_interpolation
2025-06-21,00:00,28,04:50,0.9674305555555556,0.0,240.0,300.0,0.16666666666666663,0.8333333333333334,False,causal_hourly_interpolation
2025-06-21,00:00,29,05:00,1.1609166666666666,1.2125,240.0,300.0,0.0,1.0,False,causal_hourly_interpolation
2025-06-21,00:00,30,05:10,24.84081388888889,19.460916666666666,300.0,360.0,0.8333333333333334,0.16666666666666666,False,causal_hourly_interpolation
2025-06-21,00:00,31,05:20,48.52071111111111,43.99505,300.0,360.0,0.6666666666666667,0.3333333333333333,False,causal_hourly_interpolation
2025-06-21,00:00,32,05:30,72.20060833333332,69.51249999999999,300.0,360.0,0.5,0.5,False,causal_hourly_interpolation
2025-06-21,00:00,33,05:40,95.88050555555556,97.93268333333333,300.0,360.0,0.33333333333333337,0.6666666666666666,False,causal_hourly_interpolation
2025-06-21,00:00,34,05:50,119.56040277777778,122.63874999999999,300.0,360.0,0.16666666666666663,0.8333333333333334,False,causal_hourly_interpolation
2025-06-21,00:00,35,06:00,143.2403,148.45,300.0,360.0,0.0,1.0,False,causal_hourly_interpolation
2025-06-21,00:00,36,06:10,189.71903055555555,189.49256666666668,360.0,420.0,0.8333333333333334,0.16666666666666666,False,causal_hourly_interpolation
2025-06-21,00:00,37,06:20,236.1977611111111,242.2338,360.0,420.0,0.6666666666666667,0.3333333333333333,False,causal_hourly_interpolation
2025-06-21,00:00,38,06:30,282.67649166666666,294.31874999999997,360.0,420.0,0.5,0.5,False,causal_hourly_interpolation
2025-06-21,00:00,39,06:40,329.1552222222222,337.05043333333333,360.0,420.0,0.33333333333333337,0.6666666666666666,False,causal_hourly_interpolation
2025-06-21,00:00,40,06:50,375.6339527777778,391.7487166666666,360.0,420.0,0.16666666666666663,0.8333333333333334,False,causal_hourly_interpolation
2025-06-21,00:00,41,07:00,422.11268333333334,449.875,360.0,420.0,0.0,1.0,False,causal_hourly_interpolation
2025-06-21,00:00,42,07:10,461.02144444444446,479.10384999999997,420.0,480.0,0.8333333333333334,0.16666666666666666,False,causal_hourly_interpolation
2025-06-21,00:00,43,07:20,499.9302055555555,501.0047833333333,420.0,480.0,0.6666666666666667,0.3333333333333333,False,causal_hourly_interpolation
2025-06-21,00:00,44,07:30,538.8389666666667,537.4812499999999,420.0,480.0,0.5,0.5,False,causal_hourly_interpolation
2025-06-21,00:00,45,07:40,577.7477277777778,589.5878333333333,420.0,480.0,0.33333333333333337,0.6666666666666666,False,causal_hourly_interpolation
2025-06-21,00:00,46,07:50,616.6564888888889,630.8997666666667,420.0,480.0,0.16666666666666663,0.8333333333333334,False,causal_hourly_interpolation
2025-06-21,00:00,47,08:00,655.56525,667.2375,420.0,480.0,0.0,1.0,False,causal_hourly_interpolation
2025-06-21,00:00,48,08:10,671.8286638888889,722.4553999999999,480.0,540.0,0.8333333333333334,0.16666666666666666,False,causal_hourly_interpolation
2025-06-21,00:00,49,08:20,688.0920777777778,740.3005833333333,480.0,540.0,0.6666666666666667,0.3333333333333333,False,causal_hourly_interpolation
2025-06-21,00:00,50,08:30,704.3554916666667,726.4499999999999,480.0,540.0,0.5,0.5,False,causal_hourly_interpolation
2025-06-21,00:00,51,08:40,720.6189055555556,746.6491666666667,480.0,540.0,0.33333333333333337,0.6666666666666666,False,causal_hourly_interpolation
2025-06-21,00:00,52,08:50,736.8823194444444,778.0861,480.0,540.0,0.16666666666666663,0.8333333333333334,False,causal_hourly_interpolation
2025-06-21,00:00,53,09:00,753.1457333333333,791.0124999999999,480.0,540.0,0.0,1.0,False,causal_hourly_interpolation
2025-06-21,00:00,54,09:10,814.9298027777777,791.1589,540.0,600.0,0.8333333333333334,0.16666666666666666,False,causal_hourly_interpolation
2025-06-21,00:00,55,09:20,876.7138722222222,856.5730166666667,540.0,600.0,0.6666666666666667,0.3333333333333333,False,causal_hourly_interpolation
2025-06-21,00:00,56,09:30,938.4979416666666,965.71875,540.0,600.0,0.5,0.5,False,causal_hourly_interpolation
2025-06-21,00:00,57,09:40,1000.282011111111,1018.178,540.0,600.0,0.33333333333333337,0.6666666666666666,False,causal_hourly_interpolation
2025-06-21,00:00,58,09:50,1062.0660805555556,1064.1836333333333,540.0,600.0,0.16666666666666663,0.8333333333333334,False,causal_hourly_interpolation
2025-06-21,00:00,59,10:00,1123.85015,1107.25625,540.0,600.0,0.0,1.0,False,causal_hourly_interpolation
2025-06-21,00:00,60,10:10,1144.001511111111,1098.3148833333332,600.0,660.0,0.8333333333333334,0.16666666666666666,False,causal_hourly_interpolation
2025-06-21,00:00,61,10:20,1164.1528722222222,1115.9334,600.0,660.0,0.6666666666666667,0.3333333333333333,False,causal_hourly_interpolation
2025-06-21,00:00,62,10:30,1184.3042333333333,1166.83125,600.0,660.0,0.5,0.5,False,causal_hourly_interpolation
2025-06-21,00:00,63,10:40,1204.4555944444444,1182.3068166666667,600.0,660.0,0.33333333333333337,0.6666666666666666,False,causal_hourly_interpolation
2025-06-21,00:00,64,10:50,1224.6069555555555,1207.1864666666665,600.0,660.0,0.16666666666666663,0.8333333333333334,False,causal_hourly_interpolation
2025-06-21,00:00,65,11:00,1244.7583166666666,1233.35,600.0,660.0,0.0,1.0,False,causal_hourly_interpolation
2025-06-21,00:00,66,11:10,1264.0004444444444,1217.7636,660.0,720.0,0.8333333333333334,0.16666666666666666,False,causal_hourly_interpolation
2025-06-21,00:00,67,11:20,1283.2425722222222,1297.1492333333333,660.0,720.0,0.6666666666666667,0.3333333333333333,False,causal_hourly_interpolation
2025-06-21,00:00,68,11:30,1302.4847,1415.0375,660.0,720.0,0.5,0.5,False,causal_hourly_interpolation
2025-06-21,00:00,69,11:40,1321.7268277777775,1363.4527333333333,660.0,720.0,0.33333333333333337,0.6666666666666666,False,causal_hourly_interpolation
2025-06-21,00:00,70,11:50,1340.9689555555556,1279.6117666666667,660.0,720.0,0.16666666666666663,0.8333333333333334,False,causal_hourly_interpolation
2025-06-21,00:00,71,12:00,1360.2110833333331,1277.51875,660.0,720.0,0.0,1.0,False,causal_hourly_interpolation
2025-06-21,00:00,72,12:10,1358.4959222222221,1340.7105166666665,720.0,780.0,0.8333333333333334,0.16666666666666666,False,causal_hourly_interpolation
2025-06-21,00:00,73,12:20,1356.7807611111111,1383.4959166666667,720.0,780.0,0.6666666666666667,0.3333333333333333,False,causal_hourly_interpolation
2025-06-21,00:00,74,12:30,1355.0656,1397.16875,720.0,780.0,0.5,0.5,False,causal_hourly_interpolation
2025-06-21,00:00,75,12:40,1353.3504388888887,1434.2979500000001,720.0,780.0,0.33333333333333337,0.6666666666666666,False,causal_hourly_interpolation
2025-06-21,00:00,76,12:50,1351.6352777777777,1423.7868166666667,720.0,780.0,0.16666666666666663,0.8333333333333334,False,causal_hourly_interpolation
2025-06-21,00:00,77,13:00,1349.9201166666667,1341.6,720.0,780.0,0.0,1.0,False,causal_hourly_interpolation
2025-06-21,00:00,78,13:10,1292.1847944444444,1248.9026999999999,780.0,840.0,0.8333333333333334,0.16666666666666666,False,causal_hourly_interpolation
2025-06-21,00:00,79,13:20,1234.449472222222,1225.8205166666667,780.0,840.0,0.6666666666666667,0.3333333333333333,False,causal_hourly_interpolation
2025-06-21,00:00,80,13:30,1176.71415,1223.4812499999998,780.0,840.0,0.5,0.5,False,causal_hourly_interpolation
2025-06-21,00:00,81,13:40,1118.9788277777777,1119.1241499999999,780.0,840.0,0.33333333333333337,0.6666666666666666,False,causal_hourly_interpolation
2025-06-21,00:00,82,13:50,1061.2435055555554,1021.2925,780.0,840.0,0.16666666666666663,0.8333333333333334,False,causal_hourly_interpolation
2025-06-21,00:00,83,14:00,1003.5081833333334,992.6999999999999,780.0,840.0,0.0,1.0,False,causal_hourly_interpolation
2025-06-21,00:00,84,14:10,1009.1892861111111,990.2996333333333,840.0,900.0,0.8333333333333334,0.16666666666666666,False,causal_hourly_interpolation
2025-06-21,00:00,85,14:20,1014.8703888888888,971.2156666666666,840.0,900.0,0.6666666666666667,0.3333333333333333,False,causal_hourly_interpolation
2025-06-21,00:00,86,14:30,1020.5514916666667,956.3562499999999,840.0,900.0,0.5,0.5,False,causal_hourly_interpolation
2025-06-21,00:00,87,14:40,1026.2325944444444,994.0434499999999,840.0,900.0,0.33333333333333337,0.6666666666666666,False,causal_hourly_interpolation
2025-06-21,00:00,88,14:50,1031.9136972222223,996.54085,840.0,900.0,0.16666666666666663,0.8333333333333334,False,causal_hourly_interpolation
2025-06-21,00:00,89,15:00,1037.5947999999999,946.7437499999999,840.0,900.0,0.0,1.0,False,causal_hourly_interpolation
2025-06-21,00:00,90,15:10,962.9927111111111,909.52565,900.0,960.0,0.8333333333333334,0.16666666666666666,False,causal_hourly_interpolation
2025-06-21,00:00,91,15:20,888.3906222222222,858.8448,900.0,960.0,0.6666666666666667,0.3333333333333333,False,causal_hourly_interpolation
2025-06-21,00:00,92,15:30,813.7885333333334,801.85,900.0,960.0,0.5,0.5,False,causal_hourly_interpolation
2025-06-21,00:00,93,15:40,739.1864444444443,780.1588666666667,900.0,960.0,0.33333333333333337,0.6666666666666666,False,causal_hourly_interpolation
2025-06-21,00:00,94,15:50,664.5843555555555,746.8723499999999,900.0,960.0,0.16666666666666663,0.8333333333333334,False,causal_hourly_interpolation
2025-06-21,00:00,95,16:00,589.9822666666666,675.9,900.0,960.0,0.0,1.0,False,causal_hourly_interpolation
2025-06-21,00:00,96,16:10,561.177811111111,593.8094166666666,960.0,1020.0,0.8333333333333334,0.16666666666666666,False,causal_hourly_interpolation
2025-06-21,00:00,97,16:20,532.3733555555555,560.2481333333333,960.0,1020.0,0.6666666666666667,0.3333333333333333,False,causal_hourly_interpolation
2025-06-21,00:00,98,16:30,503.5689,567.7624999999999,960.0,1020.0,0.5,0.5,False,causal_hourly_interpolation
2025-06-21,00:00,99,16:40,474.7644444444444,548.5382999999999,960.0,1020.0,0.33333333333333337,0.6666666666666666,False,causal_hourly_interpolation
2025-06-21,00:00,100,16:50,445.95998888888886,494.0291666666667,960.0,1020.0,0.16666666666666663,0.8333333333333334,False,causal_hourly_interpolation
2025-06-21,00:00,101,17:00,417.1555333333333,437.26875,960.0,1020.0,0.0,1.0,False,causal_hourly_interpolation
2025-06-21,00:00,102,17:10,375.27673055555556,413.20709999999997,1020.0,1080.0,0.8333333333333334,0.16666666666666666,False,causal_hourly_interpolation
2025-06-21,00:00,103,17:20,333.3979277777778,364.3091333333333,1020.0,1080.0,0.6666666666666667,0.3333333333333333,False,causal_hourly_interpolation
2025-06-21,00:00,104,17:30,291.519125,291.74375,1020.0,1080.0,0.5,0.5,False,causal_hourly_interpolation
2025-06-21,00:00,105,17:40,249.6403222222222,254.73118333333332,1020.0,1080.0,0.33333333333333337,0.6666666666666666,False,causal_hourly_interpolation
2025-06-21,00:00,106,17:50,207.76151944444445,218.40456666666665,1020.0,1080.0,0.16666666666666663,0.8333333333333334,False,causal_hourly_interpolation
2025-06-21,00:00,107,18:00,165.88271666666665,172.34999999999997,1020.0,1080.0,0.0,1.0,False,causal_hourly_interpolation
2025-06-21,00:00,108,18:10,138.44045277777778,143.3881,1080.0,1140.0,0.8333333333333334,0.16666666666666666,False,causal_hourly_interpolation
2025-06-21,00:00,109,18:20,110.99818888888889,112.87578333333332,1080.0,1140.0,0.6666666666666667,0.3333333333333333,False,causal_hourly_interpolation
2025-06-21,00:00,110,18:30,83.555925,75.44999999999999,1080.0,1140.0,0.5,0.5,False,causal_hourly_interpolation
2025-06-21,00:00,111,18:40,56.11366111111113,46.0094,1080.0,1140.0,0.33333333333333337,0.6666666666666666,False,causal_hourly_interpolation
2025-06-21,00:00,112,18:50,28.671397222222232,20.306116666666664,1080.0,1140.0,0.16666666666666663,0.8333333333333334,False,causal_hourly_interpolation
2025-06-21,00:00,113,19:00,1.2291333333333332,1.29375,1080.0,1140.0,0.0,1.0,False,causal_hourly_interpolation
2025-06-21,00:00,114,19:10,1.0242777777777776,0.0,1140.0,1200.0,0.8333333333333334,0.16666666666666666,False,causal_hourly_interpolation
2025-06-21,00:00,115,19:20,0.819422222222222,0.54365,1140.0,1200.0,0.6666666666666667,0.3333333333333333,False,causal_hourly_interpolation
2025-06-21,00:00,116,19:30,0.6145666666666666,0.0,1140.0,1200.0,0.5,0.5,False,causal_hourly_interpolation
2025-06-21,00:00,117,19:40,0.40971111111111097,0.0,1140.0,1200.0,0.33333333333333337,0.6666666666666666,False,causal_hourly_interpolation
2025-06-21,00:00,118,19:50,0.2048555555555554,0.03903333333333333,1140.0,1200.0,0.16666666666666663,0.8333333333333334,False,causal_hourly_interpolation
2025-06-21,00:00,119,20:00,0.0,0.0,1140.0,1200.0,0.0,1.0,False,causal_hourly_interpolation
2025-06-21,00:00,120,20:10,0.0,0.0,1200.0,1260.0,0.8333333333333334,0.16666666666666666,False,causal_hourly_interpolation
2025-06-21,00:00,121,20:20,0.0,0.0027999999999999995,1200.0,1260.0,0.6666666666666667,0.3333333333333333,False,causal_hourly_interpolation
2025-06-21,00:00,122,20:30,0.0,0.0,1200.0,1260.0,0.5,0.5,False,causal_hourly_interpolation
2025-06-21,00:00,123,20:40,0.0,0.0,1200.0,1260.0,0.33333333333333337,0.6666666666666666,False,causal_hourly_interpolation
2025-06-21,00:00,124,20:50,0.0,0.00019999999999999998,1200.0,1260.0,0.16666666666666663,0.8333333333333334,False,causal_hourly_interpolation
2025-06-21,00:00,125,21:00,0.0,0.0,1200.0,1260.0,0.0,1.0,False,causal_hourly_interpolation
2025-06-21,00:00,126,21:10,0.0,0.0,1260.0,1320.0,0.8333333333333334,0.16666666666666666,False,causal_hourly_interpolation
2025-06-21,00:00,127,21:20,0.0,0.0,1260.0,1320.0,0.6666666666666667,0.3333333333333333,False,causal_hourly_interpolation
2025-06-21,00:00,128,21:30,0.0,0.0,1260.0,1320.0,0.5,0.5,False,causal_hourly_interpolation
2025-06-21,00:00,129,21:40,0.0,0.0,1260.0,1320.0,0.33333333333333337,0.6666666666666666,False,causal_hourly_interpolation
2025-06-21,00:00,130,21:50,0.0,0.0,1260.0,1320.0,0.16666666666666663,0.8333333333333334,False,causal_hourly_interpolation
2025-06-21,00:00,131,22:00,0.0,0.0,1260.0,1320.0,0.0,1.0,False,causal_hourly_interpolation
2025-06-21,00:00,132,22:10,0.0,0.0,1320.0,1380.0,0.8333333333333334,0.16666666666666666,False,causal_hourly_interpolation
2025-06-21,00:00,133,22:20,0.0,0.0,1320.0,1380.0,0.6666666666666667,0.3333333333333333,False,causal_hourly_interpolation
2025-06-21,00:00,134,22:30,0.0,0.0,1320.0,1380.0,0.5,0.5,False,causal_hourly_interpolation
2025-06-21,00:00,135,22:40,0.0,0.0,1320.0,1380.0,0.33333333333333337,0.6666666666666666,False,causal_hourly_interpolation
2025-06-21,00:00,136,22:50,0.0,0.0,1320.0,1380.0,0.16666666666666663,0.8333333333333334,False,causal_hourly_interpolation
2025-06-21,00:00,137,23:00,0.0,0.0,1320.0,1380.0,0.0,1.0,False,causal_hourly_interpolation
2025-06-21,00:00,138,23:10,0.0,0.0,1380.0,1440.0,0.8333333333333334,0.16666666666666666,False,causal_hourly_interpolation
2025-06-21,00:00,139,23:20,0.0,0.0,1380.0,1440.0,0.6666666666666667,0.3333333333333333,False,causal_hourly_interpolation
2025-06-21,00:00,140,23:30,0.0,0.0,1380.0,1440.0,0.5,0.5,False,causal_hourly_interpolation
2025-06-21,00:00,141,23:40,0.0,0.0,1380.0,1440.0,0.33333333333333337,0.6666666666666666,False,causal_hourly_interpolation
2025-06-21,00:00,142,23:50,0.0,0.0,1380.0,1440.0,0.16666666666666663,0.8333333333333334,False,causal_hourly_interpolation
2025-06-21,00:00,143,0:00+1,0.0,0.0,1440.0,1440.0,1.0,0.0,False,causal_hourly_interpolation
2025-06-21,06:00,0,00:10,0.0,0.0,360.0,360.0,1.0,0.0,True,actual_executed
2025-06-21,06:00,1,00:20,0.0,0.0,360.0,360.0,1.0,0.0,True,actual_executed
2025-06-21,06:00,2,00:30,0.0,0.0,360.0,360.0,1.0,0.0,True,actual_executed
2025-06-21,06:00,3,00:40,0.0,0.0,360.0,360.0,1.0,0.0,True,actual_executed
2025-06-21,06:00,4,00:50,0.0,0.0,360.0,360.0,1.0,0.0,True,actual_executed
2025-06-21,06:00,5,01:00,0.0,0.0,360.0,360.0,1.0,0.0,True,actual_executed
2025-06-21,06:00,6,01:10,0.0,0.0,360.0,360.0,1.0,0.0,True,actual_executed
2025-06-21,06:00,7,01:20,0.0,0.0,360.0,360.0,1.0,0.0,True,actual_executed
2025-06-21,06:00,8,01:30,0.0,0.0,360.0,360.0,1.0,0.0,True,actual_executed
2025-06-21,06:00,9,01:40,0.0,0.0,360.0,360.0,1.0,0.0,True,actual_executed
2025-06-21,06:00,10,01:50,0.0,0.0,360.0,360.0,1.0,0.0,True,actual_executed
2025-06-21,06:00,11,02:00,0.0,0.0,360.0,360.0,1.0,0.0,True,actual_executed
2025-06-21,06:00,12,02:10,0.0,0.0,360.0,360.0,1.0,0.0,True,actual_executed
2025-06-21,06:00,13,02:20,0.0,0.0,360.0,360.0,1.0,0.0,True,actual_executed
2025-06-21,06:00,14,02:30,0.0,0.0,360.0,360.0,1.0,0.0,True,actual_executed
2025-06-21,06:00,15,02:40,0.0,0.0,360.0,360.0,1.0,0.0,True,actual_executed
2025-06-21,06:00,16,02:50,0.0,0.0,360.0,360.0,1.0,0.0,True,actual_executed
2025-06-21,06:00,17,03:00,0.0,0.0,360.0,360.0,1.0,0.0,True,actual_executed
2025-06-21,06:00,18,03:10,0.00019999999999999998,0.00019999999999999998,360.0,360.0,1.0,0.0,True,actual_executed
2025-06-21,06:00,19,03:20,0.0,0.0,360.0,360.0,1.0,0.0,True,actual_executed
2025-06-21,06:00,20,03:30,0.0,0.0,360.0,360.0,1.0,0.0,True,actual_executed
2025-06-21,06:00,21,03:40,0.0026999999999999997,0.0026999999999999997,360.0,360.0,1.0,0.0,True,actual_executed
2025-06-21,06:00,22,03:50,0.0,0.0,360.0,360.0,1.0,0.0,True,actual_executed
2025-06-21,06:00,23,04:00,0.0,0.0,360.0,360.0,1.0,0.0,True,actual_executed
2025-06-21,06:00,24,04:10,0.03771666666666666,0.03771666666666666,360.0,360.0,1.0,0.0,True,actual_executed
2025-06-21,06:00,25,04:20,0.0,0.0,360.0,360.0,1.0,0.0,True,actual_executed
2025-06-21,06:00,26,04:30,0.0,0.0,360.0,360.0,1.0,0.0,True,actual_executed
2025-06-21,06:00,27,04:40,0.5252666666666667,0.5252666666666667,360.0,360.0,1.0,0.0,True,actual_executed
2025-06-21,06:00,28,04:50,0.0,0.0,360.0,360.0,1.0,0.0,True,actual_executed
2025-06-21,06:00,29,05:00,1.2125,1.2125,360.0,360.0,1.0,0.0,True,actual_executed
2025-06-21,06:00,30,05:10,19.460916666666666,19.460916666666666,360.0,360.0,1.0,0.0,True,actual_executed
2025-06-21,06:00,31,05:20,43.99505,43.99505,360.0,360.0,1.0,0.0,True,actual_executed
2025-06-21,06:00,32,05:30,69.51249999999999,69.51249999999999,360.0,360.0,1.0,0.0,True,actual_executed
2025-06-21,06:00,33,05:40,97.93268333333333,97.93268333333333,360.0,360.0,1.0,0.0,True,actual_executed
2025-06-21,06:00,34,05:50,122.63874999999999,122.63874999999999,360.0,360.0,1.0,0.0,True,actual_executed
2025-06-21,06:00,35,06:00,148.45,148.45,360.0,360.0,1.0,0.0,True,actual_executed
2025-06-21,06:00,36,06:10,198.9570972222222,189.49256666666668,360.0,420.0,0.8333333333333334,0.16666666666666666,False,causal_hourly_interpolation
2025-06-21,06:00,37,06:20,249.46419444444442,242.2338,360.0,420.0,0.6666666666666667,0.3333333333333333,False,causal_hourly_interpolation
2025-06-21,06:00,38,06:30,299.9712916666666,294.31874999999997,360.0,420.0,0.5,0.5,False,causal_hourly_interpolation
2025-06-21,06:00,39,06:40,350.47838888888884,337.05043333333333,360.0,420.0,0.33333333333333337,0.6666666666666666,False,causal_hourly_interpolation
2025-06-21,06:00,40,06:50,400.9854861111111,391.7487166666666,360.0,420.0,0.16666666666666663,0.8333333333333334,False,causal_hourly_interpolation
2025-06-21,06:00,41,07:00,451.4925833333333,449.875,360.0,420.0,0.0,1.0,False,causal_hourly_interpolation
2025-06-21,06:00,42,07:10,486.49723611111114,479.10384999999997,420.0,480.0,0.8333333333333334,0.16666666666666666,False,causal_hourly_interpolation
2025-06-21,06:00,43,07:20,521.5018888888889,501.0047833333333,420.0,480.0,0.6666666666666667,0.3333333333333333,False,causal_hourly_interpolation
2025-06-21,06:00,44,07:30,556.5065416666666,537.4812499999999,420.0,480.0,0.5,0.5,False,causal_hourly_interpolation
2025-06-21,06:00,45,07:40,591.5111944444444,589.5878333333333,420.0,480.0,0.33333333333333337,0.6666666666666666,False,causal_hourly_interpolation
2025-06-21,06:00,46,07:50,626.5158472222222,630.8997666666667,420.0,480.0,0.16666666666666663,0.8333333333333334,False,causal_hourly_interpolation
2025-06-21,06:00,47,08:00,661.5205,667.2375,420.0,480.0,0.0,1.0,False,causal_hourly_interpolation
2025-06-21,06:00,48,08:10,682.9729666666667,722.4553999999999,480.0,540.0,0.8333333333333334,0.16666666666666666,False,causal_hourly_interpolation
2025-06-21,06:00,49,08:20,704.4254333333333,740.3005833333333,480.0,540.0,0.6666666666666667,0.3333333333333333,False,causal_hourly_interpolation
2025-06-21,06:00,50,08:30,725.8779,726.4499999999999,480.0,540.0,0.5,0.5,False,causal_hourly_interpolation
2025-06-21,06:00,51,08:40,747.3303666666667,746.6491666666667,480.0,540.0,0.33333333333333337,0.6666666666666666,False,causal_hourly_interpolation
2025-06-21,06:00,52,08:50,768.7828333333333,778.0861,480.0,540.0,0.16666666666666663,0.8333333333333334,False,causal_hourly_interpolation
2025-06-21,06:00,53,09:00,790.2352999999999,791.0124999999999,480.0,540.0,0.0,1.0,False,causal_hourly_interpolation
2025-06-21,06:00,54,09:10,839.8368055555554,791.1589,540.0,600.0,0.8333333333333334,0.16666666666666666,False,causal_hourly_interpolation
2025-06-21,06:00,55,09:20,889.438311111111,856.5730166666667,540.0,600.0,0.6666666666666667,0.3333333333333333,False,causal_hourly_interpolation
2025-06-21,06:00,56,09:30,939.0398166666666,965.71875,540.0,600.0,0.5,0.5,False,causal_hourly_interpolation
2025-06-21,06:00,57,09:40,988.641322222222,1018.178,540.0,600.0,0.33333333333333337,0.6666666666666666,False,causal_hourly_interpolation
2025-06-21,06:00,58,09:50,1038.2428277777776,1064.1836333333333,540.0,600.0,0.16666666666666663,0.8333333333333334,False,causal_hourly_interpolation
2025-06-21,06:00,59,10:00,1087.8443333333332,1107.25625,540.0,600.0,0.0,1.0,False,causal_hourly_interpolation
2025-06-21,06:00,60,10:10,1104.047722222222,1098.3148833333332,600.0,660.0,0.8333333333333334,0.16666666666666666,False,causal_hourly_interpolation
2025-06-21,06:00,61,10:20,1120.251111111111,1115.9334,600.0,660.0,0.6666666666666667,0.3333333333333333,False,causal_hourly_interpolation
2025-06-21,06:00,62,10:30,1136.4544999999998,1166.83125,600.0,660.0,0.5,0.5,False,causal_hourly_interpolation
2025-06-21,06:00,63,10:40,1152.657888888889,1182.3068166666667,600.0,660.0,0.33333333333333337,0.6666666666666666,False,causal_hourly_interpolation
2025-06-21,06:00,64,10:50,1168.8612777777776,1207.1864666666665,600.0,660.0,0.16666666666666663,0.8333333333333334,False,causal_hourly_interpolation
2025-06-21,06:00,65,11:00,1185.0646666666667,1233.35,600.0,660.0,0.0,1.0,False,causal_hourly_interpolation
2025-06-21,06:00,66,11:10,1193.1136527777776,1217.7636,660.0,720.0,0.8333333333333334,0.16666666666666666,False,causal_hourly_interpolation
2025-06-21,06:00,67,11:20,1201.1626388888888,1297.1492333333333,660.0,720.0,0.6666666666666667,0.3333333333333333,False,causal_hourly_interpolation
2025-06-21,06:00,68,11:30,1209.211625,1415.0375,660.0,720.0,0.5,0.5,False,causal_hourly_interpolation
2025-06-21,06:00,69,11:40,1217.260611111111,1363.4527333333333,660.0,720.0,0.33333333333333337,0.6666666666666666,False,causal_hourly_interpolation
2025-06-21,06:00,70,11:50,1225.3095972222222,1279.6117666666667,660.0,720.0,0.16666666666666663,0.8333333333333334,False,causal_hourly_interpolation
2025-06-21,06:00,71,12:00,1233.3585833333332,1277.51875,660.0,720.0,0.0,1.0,False,causal_hourly_interpolation
2025-06-21,06:00,72,12:10,1251.4029249999999,1340.7105166666665,720.0,780.0,0.8333333333333334,0.16666666666666666,False,causal_hourly_interpolation
2025-06-21,06:00,73,12:20,1269.4472666666666,1383.4959166666667,720.0,780.0,0.6666666666666667,0.3333333333333333,False,causal_hourly_interpolation
2025-06-21,06:00,74,12:30,1287.4916083333333,1397.16875,720.0,780.0,0.5,0.5,False,causal_hourly_interpolation
2025-06-21,06:00,75,12:40,1305.53595,1434.2979500000001,720.0,780.0,0.33333333333333337,0.6666666666666666,False,causal_hourly_interpolation
2025-06-21,06:00,76,12:50,1323.5802916666667,1423.7868166666667,720.0,780.0,0.16666666666666663,0.8333333333333334,False,causal_hourly_interpolation
2025-06-21,06:00,77,13:00,1341.6246333333333,1341.6,720.0,780.0,0.0,1.0,False,causal_hourly_interpolation
2025-06-21,06:00,78,13:10,1278.407986111111,1248.9026999999999,780.0,840.0,0.8333333333333334,0.16666666666666666,False,causal_hourly_interpolation
2025-06-21,06:00,79,13:20,1215.1913388888888,1225.8205166666667,780.0,840.0,0.6666666666666667,0.3333333333333333,False,causal_hourly_interpolation
2025-06-21,06:00,80,13:30,1151.9746916666666,1223.4812499999998,780.0,840.0,0.5,0.5,False,causal_hourly_interpolation
2025-06-21,06:00,81,13:40,1088.7580444444443,1119.1241499999999,780.0,840.0,0.33333333333333337,0.6666666666666666,False,causal_hourly_interpolation
2025-06-21,06:00,82,13:50,1025.5413972222223,1021.2925,780.0,840.0,0.16666666666666663,0.8333333333333334,False,causal_hourly_interpolation
2025-06-21,06:00,83,14:00,962.32475,992.6999999999999,780.0,840.0,0.0,1.0,False,causal_hourly_interpolation
2025-06-21,06:00,84,14:10,952.060325,990.2996333333333,840.0,900.0,0.8333333333333334,0.16666666666666666,False,causal_hourly_interpolation
2025-06-21,06:00,85,14:20,941.7959000000001,971.2156666666666,840.0,900.0,0.6666666666666667,0.3333333333333333,False,causal_hourly_interpolation
2025-06-21,06:00,86,14:30,931.531475,956.3562499999999,840.0,900.0,0.5,0.5,False,causal_hourly_interpolation
2025-06-21,06:00,87,14:40,921.2670499999999,994.0434499999999,840.0,900.0,0.33333333333333337,0.6666666666666666,False,causal_hourly_interpolation
2025-06-21,06:00,88,14:50,911.0026249999999,996.54085,840.0,900.0,0.16666666666666663,0.8333333333333334,False,causal_hourly_interpolation
2025-06-21,06:00,89,15:00,900.7381999999999,946.7437499999999,840.0,900.0,0.0,1.0,False,causal_hourly_interpolation
2025-06-21,06:00,90,15:10,861.9043527777777,909.52565,900.0,960.0,0.8333333333333334,0.16666666666666666,False,causal_hourly_interpolation
2025-06-21,06:00,91,15:20,823.0705055555554,858.8448,900.0,960.0,0.6666666666666667,0.3333333333333333,False,causal_hourly_interpolation
2025-06-21,06:00,92,15:30,784.2366583333333,801.85,900.0,960.0,0.5,0.5,False,causal_hourly_interpolation
2025-06-21,06:00,93,15:40,745.4028111111111,780.1588666666667,900.0,960.0,0.33333333333333337,0.6666666666666666,False,causal_hourly_interpolation
2025-06-21,06:00,94,15:50,706.5689638888889,746.8723499999999,900.0,960.0,0.16666666666666663,0.8333333333333334,False,causal_hourly_interpolation
2025-06-21,06:00,95,16:00,667.7351166666666,675.9,900.0,960.0,0.0,1.0,False,causal_hourly_interpolation
2025-06-21,06:00,96,16:10,628.7859194444444,593.8094166666666,960.0,1020.0,0.8333333333333334,0.16666666666666666,False,causal_hourly_interpolation
2025-06-21,06:00,97,16:20,589.8367222222222,560.2481333333333,960.0,1020.0,0.6666666666666667,0.3333333333333333,False,causal_hourly_interpolation
2025-06-21,06:00,98,16:30,550.8875249999999,567.7624999999999,960.0,1020.0,0.5,0.5,False,causal_hourly_interpolation
2025-06-21,06:00,99,16:40,511.9383277777777,548.5382999999999,960.0,1020.0,0.33333333333333337,0.6666666666666666,False,causal_hourly_interpolation
2025-06-21,06:00,100,16:50,472.9891305555555,494.0291666666667,960.0,1020.0,0.16666666666666663,0.8333333333333334,False,causal_hourly_interpolation
2025-06-21,06:00,101,17:00,434.0399333333333,437.26875,960.0,1020.0,0.0,1.0,False,causal_hourly_interpolation
2025-06-21,06:00,102,17:10,386.8677055555555,413.20709999999997,1020.0,1080.0,0.8333333333333334,0.16666666666666666,False,causal_hourly_interpolation
2025-06-21,06:00,103,17:20,339.6954777777778,364.3091333333333,1020.0,1080.0,0.6666666666666667,0.3333333333333333,False,causal_hourly_interpolation
2025-06-21,06:00,104,17:30,292.52324999999996,291.74375,1020.0,1080.0,0.5,0.5,False,causal_hourly_interpolation
2025-06-21,06:00,105,17:40,245.35102222222224,254.73118333333332,1020.0,1080.0,0.33333333333333337,0.6666666666666666,False,causal_hourly_interpolation
2025-06-21,06:00,106,17:50,198.17879444444443,218.40456666666665,1020.0,1080.0,0.16666666666666663,0.8333333333333334,False,causal_hourly_interpolation
2025-06-21,06:00,107,18:00,151.00656666666666,172.34999999999997,1020.0,1080.0,0.0,1.0,False,causal_hourly_interpolation
2025-06-21,06:00,108,18:10,126.03540833333332,143.3881,1080.0,1140.0,0.8333333333333334,0.16666666666666666,False,causal_hourly_interpolation
2025-06-21,06:00,109,18:20,101.06424999999999,112.87578333333332,1080.0,1140.0,0.6666666666666667,0.3333333333333333,False,causal_hourly_interpolation
2025-06-21,06:00,110,18:30,76.09309166666667,75.44999999999999,1080.0,1140.0,0.5,0.5,False,causal_hourly_interpolation
2025-06-21,06:00,111,18:40,51.121933333333324,46.0094,1080.0,1140.0,0.33333333333333337,0.6666666666666666,False,causal_hourly_interpolation
2025-06-21,06:00,112,18:50,26.15077500000001,20.306116666666664,1080.0,1140.0,0.16666666666666663,0.8333333333333334,False,causal_hourly_interpolation
2025-06-21,06:00,113,19:00,1.1796166666666665,1.29375,1080.0,1140.0,0.0,1.0,False,causal_hourly_interpolation
2025-06-21,06:00,114,19:10,0.9830138888888889,0.0,1140.0,1200.0,0.8333333333333334,0.16666666666666666,False,causal_hourly_interpolation
2025-06-21,06:00,115,19:20,0.786411111111111,0.54365,1140.0,1200.0,0.6666666666666667,0.3333333333333333,False,causal_hourly_interpolation
2025-06-21,06:00,116,19:30,0.5898083333333333,0.0,1140.0,1200.0,0.5,0.5,False,causal_hourly_interpolation
2025-06-21,06:00,117,19:40,0.3932055555555555,0.0,1140.0,1200.0,0.33333333333333337,0.6666666666666666,False,causal_hourly_interpolation
2025-06-21,06:00,118,19:50,0.19660277777777768,0.03903333333333333,1140.0,1200.0,0.16666666666666663,0.8333333333333334,False,causal_hourly_interpolation
2025-06-21,06:00,119,20:00,0.0,0.0,1140.0,1200.0,0.0,1.0,False,causal_hourly_interpolation
2025-06-21,06:00,120,20:10,0.0,0.0,1200.0,1260.0,0.8333333333333334,0.16666666666666666,False,causal_hourly_interpolation
2025-06-21,06:00,121,20:20,0.0,0.0027999999999999995,1200.0,1260.0,0.6666666666666667,0.3333333333333333,False,causal_hourly_interpolation
2025-06-21,06:00,122,20:30,0.0,0.0,1200.0,1260.0,0.5,0.5,False,causal_hourly_interpolation
2025-06-21,06:00,123,20:40,0.0,0.0,1200.0,1260.0,0.33333333333333337,0.6666666666666666,False,causal_hourly_interpolation
2025-06-21,06:00,124,20:50,0.0,0.00019999999999999998,1200.0,1260.0,0.16666666666666663,0.8333333333333334,False,causal_hourly_interpolation
2025-06-21,06:00,125,21:00,0.0,0.0,1200.0,1260.0,0.0,1.0,False,causal_hourly_interpolation
2025-06-21,06:00,126,21:10,0.0,0.0,1260.0,1320.0,0.8333333333333334,0.16666666666666666,False,causal_hourly_interpolation
2025-06-21,06:00,127,21:20,0.0,0.0,1260.0,1320.0,0.6666666666666667,0.3333333333333333,False,causal_hourly_interpolation
2025-06-21,06:00,128,21:30,0.0,0.0,1260.0,1320.0,0.5,0.5,False,causal_hourly_interpolation
2025-06-21,06:00,129,21:40,0.0,0.0,1260.0,1320.0,0.33333333333333337,0.6666666666666666,False,causal_hourly_interpolation
2025-06-21,06:00,130,21:50,0.0,0.0,1260.0,1320.0,0.16666666666666663,0.8333333333333334,False,causal_hourly_interpolation
2025-06-21,06:00,131,22:00,0.0,0.0,1260.0,1320.0,0.0,1.0,False,causal_hourly_interpolation
2025-06-21,06:00,132,22:10,0.0,0.0,1320.0,1380.0,0.8333333333333334,0.16666666666666666,False,causal_hourly_interpolation
2025-06-21,06:00,133,22:20,0.0,0.0,1320.0,1380.0,0.6666666666666667,0.3333333333333333,False,causal_hourly_interpolation
2025-06-21,06:00,134,22:30,0.0,0.0,1320.0,1380.0,0.5,0.5,False,causal_hourly_interpolation
2025-06-21,06:00,135,22:40,0.0,0.0,1320.0,1380.0,0.33333333333333337,0.6666666666666666,False,causal_hourly_interpolation
2025-06-21,06:00,136,22:50,0.0,0.0,1320.0,1380.0,0.16666666666666663,0.8333333333333334,False,causal_hourly_interpolation
2025-06-21,06:00,137,23:00,0.0,0.0,1320.0,1380.0,0.0,1.0,False,causal_hourly_interpolation
2025-06-21,06:00,138,23:10,0.0,0.0,1380.0,1440.0,0.8333333333333334,0.16666666666666666,False,causal_hourly_interpolation
2025-06-21,06:00,139,23:20,0.0,0.0,1380.0,1440.0,0.6666666666666667,0.3333333333333333,False,causal_hourly_interpolation
2025-06-21,06:00,140,23:30,0.0,0.0,1380.0,1440.0,0.5,0.5,False,causal_hourly_interpolation
2025-06-21,06:00,141,23:40,0.0,0.0,1380.0,1440.0,0.33333333333333337,0.6666666666666666,False,causal_hourly_interpolation
2025-06-21,06:00,142,23:50,0.0,0.0,1380.0,1440.0,0.16666666666666663,0.8333333333333334,False,causal_hourly_interpolation
2025-06-21,06:00,143,0:00+1,0.0,0.0,1380.0,1440.0,0.0,1.0,False,causal_hourly_interpolation
2025-06-21,12:00,0,00:10,0.0,0.0,720.0,720.0,1.0,0.0,True,actual_executed
2025-06-21,12:00,1,00:20,0.0,0.0,720.0,720.0,1.0,0.0,True,actual_executed
2025-06-21,12:00,2,00:30,0.0,0.0,720.0,720.0,1.0,0.0,True,actual_executed
2025-06-21,12:00,3,00:40,0.0,0.0,720.0,720.0,1.0,0.0,True,actual_executed
2025-06-21,12:00,4,00:50,0.0,0.0,720.0,720.0,1.0,0.0,True,actual_executed
2025-06-21,12:00,5,01:00,0.0,0.0,720.0,720.0,1.0,0.0,True,actual_executed
2025-06-21,12:00,6,01:10,0.0,0.0,720.0,720.0,1.0,0.0,True,actual_executed
2025-06-21,12:00,7,01:20,0.0,0.0,720.0,720.0,1.0,0.0,True,actual_executed
2025-06-21,12:00,8,01:30,0.0,0.0,720.0,720.0,1.0,0.0,True,actual_executed
2025-06-21,12:00,9,01:40,0.0,0.0,720.0,720.0,1.0,0.0,True,actual_executed
2025-06-21,12:00,10,01:50,0.0,0.0,720.0,720.0,1.0,0.0,True,actual_executed
2025-06-21,12:00,11,02:00,0.0,0.0,720.0,720.0,1.0,0.0,True,actual_executed
2025-06-21,12:00,12,02:10,0.0,0.0,720.0,720.0,1.0,0.0,True,actual_executed
2025-06-21,12:00,13,02:20,0.0,0.0,720.0,720.0,1.0,0.0,True,actual_executed
2025-06-21,12:00,14,02:30,0.0,0.0,720.0,720.0,1.0,0.0,True,actual_executed
2025-06-21,12:00,15,02:40,0.0,0.0,720.0,720.0,1.0,0.0,True,actual_executed
2025-06-21,12:00,16,02:50,0.0,0.0,720.0,720.0,1.0,0.0,True,actual_executed
2025-06-21,12:00,17,03:00,0.0,0.0,720.0,720.0,1.0,0.0,True,actual_executed
2025-06-21,12:00,18,03:10,0.00019999999999999998,0.00019999999999999998,720.0,720.0,1.0,0.0,True,actual_executed
2025-06-21,12:00,19,03:20,0.0,0.0,720.0,720.0,1.0,0.0,True,actual_executed
2025-06-21,12:00,20,03:30,0.0,0.0,720.0,720.0,1.0,0.0,True,actual_executed
2025-06-21,12:00,21,03:40,0.0026999999999999997,0.0026999999999999997,720.0,720.0,1.0,0.0,True,actual_executed
2025-06-21,12:00,22,03:50,0.0,0.0,720.0,720.0,1.0,0.0,True,actual_executed
2025-06-21,12:00,23,04:00,0.0,0.0,720.0,720.0,1.0,0.0,True,actual_executed
2025-06-21,12:00,24,04:10,0.03771666666666666,0.03771666666666666,720.0,720.0,1.0,0.0,True,actual_executed
2025-06-21,12:00,25,04:20,0.0,0.0,720.0,720.0,1.0,0.0,True,actual_executed
2025-06-21,12:00,26,04:30,0.0,0.0,720.0,720.0,1.0,0.0,True,actual_executed
2025-06-21,12:00,27,04:40,0.5252666666666667,0.5252666666666667,720.0,720.0,1.0,0.0,True,actual_executed
2025-06-21,12:00,28,04:50,0.0,0.0,720.0,720.0,1.0,0.0,True,actual_executed
2025-06-21,12:00,29,05:00,1.2125,1.2125,720.0,720.0,1.0,0.0,True,actual_executed
2025-06-21,12:00,30,05:10,19.460916666666666,19.460916666666666,720.0,720.0,1.0,0.0,True,actual_executed
2025-06-21,12:00,31,05:20,43.99505,43.99505,720.0,720.0,1.0,0.0,True,actual_executed
2025-06-21,12:00,32,05:30,69.51249999999999,69.51249999999999,720.0,720.0,1.0,0.0,True,actual_executed
2025-06-21,12:00,33,05:40,97.93268333333333,97.93268333333333,720.0,720.0,1.0,0.0,True,actual_executed
2025-06-21,12:00,34,05:50,122.63874999999999,122.63874999999999,720.0,720.0,1.0,0.0,True,actual_executed
2025-06-21,12:00,35,06:00,148.45,148.45,720.0,720.0,1.0,0.0,True,actual_executed
2025-06-21,12:00,36,06:10,189.49256666666668,189.49256666666668,720.0,720.0,1.0,0.0,True,actual_executed
2025-06-21,12:00,37,06:20,242.2338,242.2338,720.0,720.0,1.0,0.0,True,actual_executed
2025-06-21,12:00,38,06:30,294.31874999999997,294.31874999999997,720.0,720.0,1.0,0.0,True,actual_executed
2025-06-21,12:00,39,06:40,337.05043333333333,337.05043333333333,720.0,720.0,1.0,0.0,True,actual_executed
2025-06-21,12:00,40,06:50,391.7487166666666,391.7487166666666,720.0,720.0,1.0,0.0,True,actual_executed
2025-06-21,12:00,41,07:00,449.875,449.875,720.0,720.0,1.0,0.0,True,actual_executed
2025-06-21,12:00,42,07:10,479.10384999999997,479.10384999999997,720.0,720.0,1.0,0.0,True,actual_executed
2025-06-21,12:00,43,07:20,501.0047833333333,501.0047833333333,720.0,720.0,1.0,0.0,True,actual_executed
2025-06-21,12:00,44,07:30,537.4812499999999,537.4812499999999,720.0,720.0,1.0,0.0,True,actual_executed
2025-06-21,12:00,45,07:40,589.5878333333333,589.5878333333333,720.0,720.0,1.0,0.0,True,actual_executed
2025-06-21,12:00,46,07:50,630.8997666666667,630.8997666666667,720.0,720.0,1.0,0.0,True,actual_executed
2025-06-21,12:00,47,08:00,667.2375,667.2375,720.0,720.0,1.0,0.0,True,actual_executed
2025-06-21,12:00,48,08:10,722.4553999999999,722.4553999999999,720.0,720.0,1.0,0.0,True,actual_executed
2025-06-21,12:00,49,08:20,740.3005833333333,740.3005833333333,720.0,720.0,1.0,0.0,True,actual_executed
2025-06-21,12:00,50,08:30,726.4499999999999,726.4499999999999,720.0,720.0,1.0,0.0,True,actual_executed
2025-06-21,12:00,51,08:40,746.6491666666667,746.6491666666667,720.0,720.0,1.0,0.0,True,actual_executed
2025-06-21,12:00,52,08:50,778.0861,778.0861,720.0,720.0,1.0,0.0,True,actual_executed
2025-06-21,12:00,53,09:00,791.0124999999999,791.0124999999999,720.0,720.0,1.0,0.0,True,actual_executed
2025-06-21,12:00,54,09:10,791.1589,791.1589,720.0,720.0,1.0,0.0,True,actual_executed
2025-06-21,12:00,55,09:20,856.5730166666667,856.5730166666667,720.0,720.0,1.0,0.0,True,actual_executed
2025-06-21,12:00,56,09:30,965.71875,965.71875,720.0,720.0,1.0,0.0,True,actual_executed
2025-06-21,12:00,57,09:40,1018.178,1018.178,720.0,720.0,1.0,0.0,True,actual_executed
2025-06-21,12:00,58,09:50,1064.1836333333333,1064.1836333333333,720.0,720.0,1.0,0.0,True,actual_executed
2025-06-21,12:00,59,10:00,1107.25625,1107.25625,720.0,720.0,1.0,0.0,True,actual_executed
2025-06-21,12:00,60,10:10,1098.3148833333332,1098.3148833333332,720.0,720.0,1.0,0.0,True,actual_executed
2025-06-21,12:00,61,10:20,1115.9334,1115.9334,720.0,720.0,1.0,0.0,True,actual_executed
2025-06-21,12:00,62,10:30,1166.83125,1166.83125,720.0,720.0,1.0,0.0,True,actual_executed
2025-06-21,12:00,63,10:40,1182.3068166666667,1182.3068166666667,720.0,720.0,1.0,0.0,True,actual_executed
2025-06-21,12:00,64,10:50,1207.1864666666665,1207.1864666666665,720.0,720.0,1.0,0.0,True,actual_executed
2025-06-21,12:00,65,11:00,1233.35,1233.35,720.0,720.0,1.0,0.0,True,actual_executed
2025-06-21,12:00,66,11:10,1217.7636,1217.7636,720.0,720.0,1.0,0.0,True,actual_executed
2025-06-21,12:00,67,11:20,1297.1492333333333,1297.1492333333333,720.0,720.0,1.0,0.0,True,actual_executed
2025-06-21,12:00,68,11:30,1415.0375,1415.0375,720.0,720.0,1.0,0.0,True,actual_executed
2025-06-21,12:00,69,11:40,1363.4527333333333,1363.4527333333333,720.0,720.0,1.0,0.0,True,actual_executed
2025-06-21,12:00,70,11:50,1279.6117666666667,1279.6117666666667,720.0,720.0,1.0,0.0,True,actual_executed
2025-06-21,12:00,71,12:00,1277.51875,1277.51875,720.0,720.0,1.0,0.0,True,actual_executed
2025-06-21,12:00,72,12:10,1283.2705999999998,1340.7105166666665,720.0,780.0,0.8333333333333334,0.16666666666666666,False,causal_hourly_interpolation
2025-06-21,12:00,73,12:20,1289.02245,1383.4959166666667,720.0,780.0,0.6666666666666667,0.3333333333333333,False,causal_hourly_interpolation
2025-06-21,12:00,74,12:30,1294.7743,1397.16875,720.0,780.0,0.5,0.5,False,causal_hourly_interpolation
2025-06-21,12:00,75,12:40,1300.52615,1434.2979500000001,720.0,780.0,0.33333333333333337,0.6666666666666666,False,causal_hourly_interpolation
2025-06-21,12:00,76,12:50,1306.278,1423.7868166666667,720.0,780.0,0.16666666666666663,0.8333333333333334,False,causal_hourly_interpolation
2025-06-21,12:00,77,13:00,1312.02985,1341.6,720.0,780.0,0.0,1.0,False,causal_hourly_interpolation
2025-06-21,12:00,78,13:10,1250.3870833333333,1248.9026999999999,780.0,840.0,0.8333333333333334,0.16666666666666666,False,causal_hourly_interpolation
2025-06-21,12:00,79,13:20,1188.7443166666667,1225.8205166666667,780.0,840.0,0.6666666666666667,0.3333333333333333,False,causal_hourly_interpolation
2025-06-21,12:00,80,13:30,1127.1015499999999,1223.4812499999998,780.0,840.0,0.5,0.5,False,causal_hourly_interpolation
2025-06-21,12:00,81,13:40,1065.4587833333333,1119.1241499999999,780.0,840.0,0.33333333333333337,0.6666666666666666,False,causal_hourly_interpolation
2025-06-21,12:00,82,13:50,1003.8160166666667,1021.2925,780.0,840.0,0.16666666666666663,0.8333333333333334,False,causal_hourly_interpolation
2025-06-21,12:00,83,14:00,942.1732499999999,992.6999999999999,780.0,840.0,0.0,1.0,False,causal_hourly_interpolation
2025-06-21,12:00,84,14:10,932.300675,990.2996333333333,840.0,900.0,0.8333333333333334,0.16666666666666666,False,causal_hourly_interpolation
2025-06-21,12:00,85,14:20,922.4280999999999,971.2156666666666,840.0,900.0,0.6666666666666667,0.3333333333333333,False,causal_hourly_interpolation
2025-06-21,12:00,86,14:30,912.555525,956.3562499999999,840.0,900.0,0.5,0.5,False,causal_hourly_interpolation
2025-06-21,12:00,87,14:40,902.68295,994.0434499999999,840.0,900.0,0.33333333333333337,0.6666666666666666,False,causal_hourly_interpolation
2025-06-21,12:00,88,14:50,892.810375,996.54085,840.0,900.0,0.16666666666666663,0.8333333333333334,False,causal_hourly_interpolation
2025-06-21,12:00,89,15:00,882.9377999999999,946.7437499999999,840.0,900.0,0.0,1.0,False,causal_hourly_interpolation
2025-06-21,12:00,90,15:10,841.1854666666666,909.52565,900.0,960.0,0.8333333333333334,0.16666666666666666,False,causal_hourly_interpolation
2025-06-21,12:00,91,15:20,799.4331333333332,858.8448,900.0,960.0,0.6666666666666667,0.3333333333333333,False,causal_hourly_interpolation
2025-06-21,12:00,92,15:30,757.6808000000001,801.85,900.0,960.0,0.5,0.5,False,causal_hourly_interpolation
2025-06-21,12:00,93,15:40,715.9284666666667,780.1588666666667,900.0,960.0,0.33333333333333337,0.6666666666666666,False,causal_hourly_interpolation
2025-06-21,12:00,94,15:50,674.1761333333334,746.8723499999999,900.0,960.0,0.16666666666666663,0.8333333333333334,False,causal_hourly_interpolation
2025-06-21,12:00,95,16:00,632.4238,675.9,900.0,960.0,0.0,1.0,False,causal_hourly_interpolation
2025-06-21,12:00,96,16:10,597.4204083333334,593.8094166666666,960.0,1020.0,0.8333333333333334,0.16666666666666666,False,causal_hourly_interpolation
2025-06-21,12:00,97,16:20,562.4170166666667,560.2481333333333,960.0,1020.0,0.6666666666666667,0.3333333333333333,False,causal_hourly_interpolation
2025-06-21,12:00,98,16:30,527.4136249999999,567.7624999999999,960.0,1020.0,0.5,0.5,False,causal_hourly_interpolation
2025-06-21,12:00,99,16:40,492.41023333333334,548.5382999999999,960.0,1020.0,0.33333333333333337,0.6666666666666666,False,causal_hourly_interpolation
2025-06-21,12:00,100,16:50,457.4068416666667,494.0291666666667,960.0,1020.0,0.16666666666666663,0.8333333333333334,False,causal_hourly_interpolation
2025-06-21,12:00,101,17:00,422.40345,437.26875,960.0,1020.0,0.0,1.0,False,causal_hourly_interpolation
2025-06-21,12:00,102,17:10,379.01840833333335,413.20709999999997,1020.0,1080.0,0.8333333333333334,0.16666666666666666,False,causal_hourly_interpolation
2025-06-21,12:00,103,17:20,335.6333666666667,364.3091333333333,1020.0,1080.0,0.6666666666666667,0.3333333333333333,False,causal_hourly_interpolation
2025-06-21,12:00,104,17:30,292.248325,291.74375,1020.0,1080.0,0.5,0.5,False,causal_hourly_interpolation
2025-06-21,12:00,105,17:40,248.86328333333336,254.73118333333332,1020.0,1080.0,0.33333333333333337,0.6666666666666666,False,causal_hourly_interpolation
2025-06-21,12:00,106,17:50,205.4782416666667,218.40456666666665,1020.0,1080.0,0.16666666666666663,0.8333333333333334,False,causal_hourly_interpolation
2025-06-21,12:00,107,18:00,162.0932,172.34999999999997,1020.0,1080.0,0.0,1.0,False,causal_hourly_interpolation
2025-06-21,12:00,108,18:10,135.27793333333332,143.3881,1080.0,1140.0,0.8333333333333334,0.16666666666666666,False,causal_hourly_interpolation
2025-06-21,12:00,109,18:20,108.46266666666668,112.87578333333332,1080.0,1140.0,0.6666666666666667,0.3333333333333333,False,causal_hourly_interpolation
2025-06-21,12:00,110,18:30,81.6474,75.44999999999999,1080.0,1140.0,0.5,0.5,False,causal_hourly_interpolation
2025-06-21,12:00,111,18:40,54.832133333333346,46.0094,1080.0,1140.0,0.33333333333333337,0.6666666666666666,False,causal_hourly_interpolation
2025-06-21,12:00,112,18:50,28.016866666666676,20.306116666666664,1080.0,1140.0,0.16666666666666663,0.8333333333333334,False,causal_hourly_interpolation
2025-06-21,12:00,113,19:00,1.2016,1.29375,1080.0,1140.0,0.0,1.0,False,causal_hourly_interpolation
2025-06-21,12:00,114,19:10,1.0013333333333332,0.0,1140.0,1200.0,0.8333333333333334,0.16666666666666666,False,causal_hourly_interpolation
2025-06-21,12:00,115,19:20,0.8010666666666666,0.54365,1140.0,1200.0,0.6666666666666667,0.3333333333333333,False,causal_hourly_interpolation
2025-06-21,12:00,116,19:30,0.6008,0.0,1140.0,1200.0,0.5,0.5,False,causal_hourly_interpolation
2025-06-21,12:00,117,19:40,0.4005333333333333,0.0,1140.0,1200.0,0.33333333333333337,0.6666666666666666,False,causal_hourly_interpolation
2025-06-21,12:00,118,19:50,0.20026666666666665,0.03903333333333333,1140.0,1200.0,0.16666666666666663,0.8333333333333334,False,causal_hourly_interpolation
2025-06-21,12:00,119,20:00,0.0,0.0,1140.0,1200.0,0.0,1.0,False,causal_hourly_interpolation
2025-06-21,12:00,120,20:10,0.0,0.0,1200.0,1260.0,0.8333333333333334,0.16666666666666666,False,causal_hourly_interpolation
2025-06-21,12:00,121,20:20,0.0,0.0027999999999999995,1200.0,1260.0,0.6666666666666667,0.3333333333333333,False,causal_hourly_interpolation
2025-06-21,12:00,122,20:30,0.0,0.0,1200.0,1260.0,0.5,0.5,False,causal_hourly_interpolation
2025-06-21,12:00,123,20:40,0.0,0.0,1200.0,1260.0,0.33333333333333337,0.6666666666666666,False,causal_hourly_interpolation
2025-06-21,12:00,124,20:50,0.0,0.00019999999999999998,1200.0,1260.0,0.16666666666666663,0.8333333333333334,False,causal_hourly_interpolation
2025-06-21,12:00,125,21:00,0.0,0.0,1200.0,1260.0,0.0,1.0,False,causal_hourly_interpolation
2025-06-21,12:00,126,21:10,0.0,0.0,1260.0,1320.0,0.8333333333333334,0.16666666666666666,False,causal_hourly_interpolation
2025-06-21,12:00,127,21:20,0.0,0.0,1260.0,1320.0,0.6666666666666667,0.3333333333333333,False,causal_hourly_interpolation
2025-06-21,12:00,128,21:30,0.0,0.0,1260.0,1320.0,0.5,0.5,False,causal_hourly_interpolation
2025-06-21,12:00,129,21:40,0.0,0.0,1260.0,1320.0,0.33333333333333337,0.6666666666666666,False,causal_hourly_interpolation
2025-06-21,12:00,130,21:50,0.0,0.0,1260.0,1320.0,0.16666666666666663,0.8333333333333334,False,causal_hourly_interpolation
2025-06-21,12:00,131,22:00,0.0,0.0,1260.0,1320.0,0.0,1.0,False,causal_hourly_interpolation
2025-06-21,12:00,132,22:10,0.0,0.0,1320.0,1380.0,0.8333333333333334,0.16666666666666666,False,causal_hourly_interpolation
2025-06-21,12:00,133,22:20,0.0,0.0,1320.0,1380.0,0.6666666666666667,0.3333333333333333,False,causal_hourly_interpolation
2025-06-21,12:00,134,22:30,0.0,0.0,1320.0,1380.0,0.5,0.5,False,causal_hourly_interpolation
2025-06-21,12:00,135,22:40,0.0,0.0,1320.0,1380.0,0.33333333333333337,0.6666666666666666,False,causal_hourly_interpolation
2025-06-21,12:00,136,22:50,0.0,0.0,1320.0,1380.0,0.16666666666666663,0.8333333333333334,False,causal_hourly_interpolation
2025-06-21,12:00,137,23:00,0.0,0.0,1320.0,1380.0,0.0,1.0,False,causal_hourly_interpolation
2025-06-21,12:00,138,23:10,0.0,0.0,1380.0,1440.0,0.8333333333333334,0.16666666666666666,False,causal_hourly_interpolation
2025-06-21,12:00,139,23:20,0.0,0.0,1380.0,1440.0,0.6666666666666667,0.3333333333333333,False,causal_hourly_interpolation
2025-06-21,12:00,140,23:30,0.0,0.0,1380.0,1440.0,0.5,0.5,False,causal_hourly_interpolation
2025-06-21,12:00,141,23:40,0.0,0.0,1380.0,1440.0,0.33333333333333337,0.6666666666666666,False,causal_hourly_interpolation
2025-06-21,12:00,142,23:50,0.0,0.0,1380.0,1440.0,0.16666666666666663,0.8333333333333334,False,causal_hourly_interpolation
2025-06-21,12:00,143,0:00+1,0.0,0.0,1380.0,1440.0,0.0,1.0,False,causal_hourly_interpolation
2025-06-21,18:00,0,00:10,0.0,0.0,1080.0,1080.0,1.0,0.0,True,actual_executed
2025-06-21,18:00,1,00:20,0.0,0.0,1080.0,1080.0,1.0,0.0,True,actual_executed
2025-06-21,18:00,2,00:30,0.0,0.0,1080.0,1080.0,1.0,0.0,True,actual_executed
2025-06-21,18:00,3,00:40,0.0,0.0,1080.0,1080.0,1.0,0.0,True,actual_executed
2025-06-21,18:00,4,00:50,0.0,0.0,1080.0,1080.0,1.0,0.0,True,actual_executed
2025-06-21,18:00,5,01:00,0.0,0.0,1080.0,1080.0,1.0,0.0,True,actual_executed
2025-06-21,18:00,6,01:10,0.0,0.0,1080.0,1080.0,1.0,0.0,True,actual_executed
2025-06-21,18:00,7,01:20,0.0,0.0,1080.0,1080.0,1.0,0.0,True,actual_executed
2025-06-21,18:00,8,01:30,0.0,0.0,1080.0,1080.0,1.0,0.0,True,actual_executed
2025-06-21,18:00,9,01:40,0.0,0.0,1080.0,1080.0,1.0,0.0,True,actual_executed
2025-06-21,18:00,10,01:50,0.0,0.0,1080.0,1080.0,1.0,0.0,True,actual_executed
2025-06-21,18:00,11,02:00,0.0,0.0,1080.0,1080.0,1.0,0.0,True,actual_executed
2025-06-21,18:00,12,02:10,0.0,0.0,1080.0,1080.0,1.0,0.0,True,actual_executed
2025-06-21,18:00,13,02:20,0.0,0.0,1080.0,1080.0,1.0,0.0,True,actual_executed
2025-06-21,18:00,14,02:30,0.0,0.0,1080.0,1080.0,1.0,0.0,True,actual_executed
2025-06-21,18:00,15,02:40,0.0,0.0,1080.0,1080.0,1.0,0.0,True,actual_executed
2025-06-21,18:00,16,02:50,0.0,0.0,1080.0,1080.0,1.0,0.0,True,actual_executed
2025-06-21,18:00,17,03:00,0.0,0.0,1080.0,1080.0,1.0,0.0,True,actual_executed
2025-06-21,18:00,18,03:10,0.00019999999999999998,0.00019999999999999998,1080.0,1080.0,1.0,0.0,True,actual_executed
2025-06-21,18:00,19,03:20,0.0,0.0,1080.0,1080.0,1.0,0.0,True,actual_executed
2025-06-21,18:00,20,03:30,0.0,0.0,1080.0,1080.0,1.0,0.0,True,actual_executed
2025-06-21,18:00,21,03:40,0.0026999999999999997,0.0026999999999999997,1080.0,1080.0,1.0,0.0,True,actual_executed
2025-06-21,18:00,22,03:50,0.0,0.0,1080.0,1080.0,1.0,0.0,True,actual_executed
2025-06-21,18:00,23,04:00,0.0,0.0,1080.0,1080.0,1.0,0.0,True,actual_executed
2025-06-21,18:00,24,04:10,0.03771666666666666,0.03771666666666666,1080.0,1080.0,1.0,0.0,True,actual_executed
2025-06-21,18:00,25,04:20,0.0,0.0,1080.0,1080.0,1.0,0.0,True,actual_executed
2025-06-21,18:00,26,04:30,0.0,0.0,1080.0,1080.0,1.0,0.0,True,actual_executed
2025-06-21,18:00,27,04:40,0.5252666666666667,0.5252666666666667,1080.0,1080.0,1.0,0.0,True,actual_executed
2025-06-21,18:00,28,04:50,0.0,0.0,1080.0,1080.0,1.0,0.0,True,actual_executed
2025-06-21,18:00,29,05:00,1.2125,1.2125,1080.0,1080.0,1.0,0.0,True,actual_executed
2025-06-21,18:00,30,05:10,19.460916666666666,19.460916666666666,1080.0,1080.0,1.0,0.0,True,actual_executed
2025-06-21,18:00,31,05:20,43.99505,43.99505,1080.0,1080.0,1.0,0.0,True,actual_executed
2025-06-21,18:00,32,05:30,69.51249999999999,69.51249999999999,1080.0,1080.0,1.0,0.0,True,actual_executed
2025-06-21,18:00,33,05:40,97.93268333333333,97.93268333333333,1080.0,1080.0,1.0,0.0,True,actual_executed
2025-06-21,18:00,34,05:50,122.63874999999999,122.63874999999999,1080.0,1080.0,1.0,0.0,True,actual_executed
2025-06-21,18:00,35,06:00,148.45,148.45,1080.0,1080.0,1.0,0.0,True,actual_executed
2025-06-21,18:00,36,06:10,189.49256666666668,189.49256666666668,1080.0,1080.0,1.0,0.0,True,actual_executed
2025-06-21,18:00,37,06:20,242.2338,242.2338,1080.0,1080.0,1.0,0.0,True,actual_executed
2025-06-21,18:00,38,06:30,294.31874999999997,294.31874999999997,1080.0,1080.0,1.0,0.0,True,actual_executed
2025-06-21,18:00,39,06:40,337.05043333333333,337.05043333333333,1080.0,1080.0,1.0,0.0,True,actual_executed
2025-06-21,18:00,40,06:50,391.7487166666666,391.7487166666666,1080.0,1080.0,1.0,0.0,True,actual_executed
2025-06-21,18:00,41,07:00,449.875,449.875,1080.0,1080.0,1.0,0.0,True,actual_executed
2025-06-21,18:00,42,07:10,479.10384999999997,479.10384999999997,1080.0,1080.0,1.0,0.0,True,actual_executed
2025-06-21,18:00,43,07:20,501.0047833333333,501.0047833333333,1080.0,1080.0,1.0,0.0,True,actual_executed
2025-06-21,18:00,44,07:30,537.4812499999999,537.4812499999999,1080.0,1080.0,1.0,0.0,True,actual_executed
2025-06-21,18:00,45,07:40,589.5878333333333,589.5878333333333,1080.0,1080.0,1.0,0.0,True,actual_executed
2025-06-21,18:00,46,07:50,630.8997666666667,630.8997666666667,1080.0,1080.0,1.0,0.0,True,actual_executed
2025-06-21,18:00,47,08:00,667.2375,667.2375,1080.0,1080.0,1.0,0.0,True,actual_executed
2025-06-21,18:00,48,08:10,722.4553999999999,722.4553999999999,1080.0,1080.0,1.0,0.0,True,actual_executed
2025-06-21,18:00,49,08:20,740.3005833333333,740.3005833333333,1080.0,1080.0,1.0,0.0,True,actual_executed
2025-06-21,18:00,50,08:30,726.4499999999999,726.4499999999999,1080.0,1080.0,1.0,0.0,True,actual_executed
2025-06-21,18:00,51,08:40,746.6491666666667,746.6491666666667,1080.0,1080.0,1.0,0.0,True,actual_executed
2025-06-21,18:00,52,08:50,778.0861,778.0861,1080.0,1080.0,1.0,0.0,True,actual_executed
2025-06-21,18:00,53,09:00,791.0124999999999,791.0124999999999,1080.0,1080.0,1.0,0.0,True,actual_executed
2025-06-21,18:00,54,09:10,791.1589,791.1589,1080.0,1080.0,1.0,0.0,True,actual_executed
2025-06-21,18:00,55,09:20,856.5730166666667,856.5730166666667,1080.0,1080.0,1.0,0.0,True,actual_executed
2025-06-21,18:00,56,09:30,965.71875,965.71875,1080.0,1080.0,1.0,0.0,True,actual_executed
2025-06-21,18:00,57,09:40,1018.178,1018.178,1080.0,1080.0,1.0,0.0,True,actual_executed
2025-06-21,18:00,58,09:50,1064.1836333333333,1064.1836333333333,1080.0,1080.0,1.0,0.0,True,actual_executed
2025-06-21,18:00,59,10:00,1107.25625,1107.25625,1080.0,1080.0,1.0,0.0,True,actual_executed
2025-06-21,18:00,60,10:10,1098.3148833333332,1098.3148833333332,1080.0,1080.0,1.0,0.0,True,actual_executed
2025-06-21,18:00,61,10:20,1115.9334,1115.9334,1080.0,1080.0,1.0,0.0,True,actual_executed
2025-06-21,18:00,62,10:30,1166.83125,1166.83125,1080.0,1080.0,1.0,0.0,True,actual_executed
2025-06-21,18:00,63,10:40,1182.3068166666667,1182.3068166666667,1080.0,1080.0,1.0,0.0,True,actual_executed
2025-06-21,18:00,64,10:50,1207.1864666666665,1207.1864666666665,1080.0,1080.0,1.0,0.0,True,actual_executed
2025-06-21,18:00,65,11:00,1233.35,1233.35,1080.0,1080.0,1.0,0.0,True,actual_executed
2025-06-21,18:00,66,11:10,1217.7636,1217.7636,1080.0,1080.0,1.0,0.0,True,actual_executed
2025-06-21,18:00,67,11:20,1297.1492333333333,1297.1492333333333,1080.0,1080.0,1.0,0.0,True,actual_executed
2025-06-21,18:00,68,11:30,1415.0375,1415.0375,1080.0,1080.0,1.0,0.0,True,actual_executed
2025-06-21,18:00,69,11:40,1363.4527333333333,1363.4527333333333,1080.0,1080.0,1.0,0.0,True,actual_executed
2025-06-21,18:00,70,11:50,1279.6117666666667,1279.6117666666667,1080.0,1080.0,1.0,0.0,True,actual_executed
2025-06-21,18:00,71,12:00,1277.51875,1277.51875,1080.0,1080.0,1.0,0.0,True,actual_executed
2025-06-21,18:00,72,12:10,1340.7105166666665,1340.7105166666665,1080.0,1080.0,1.0,0.0,True,actual_executed
2025-06-21,18:00,73,12:20,1383.4959166666667,1383.4959166666667,1080.0,1080.0,1.0,0.0,True,actual_executed
2025-06-21,18:00,74,12:30,1397.16875,1397.16875,1080.0,1080.0,1.0,0.0,True,actual_executed
2025-06-21,18:00,75,12:40,1434.2979500000001,1434.2979500000001,1080.0,1080.0,1.0,0.0,True,actual_executed
2025-06-21,18:00,76,12:50,1423.7868166666667,1423.7868166666667,1080.0,1080.0,1.0,0.0,True,actual_executed
2025-06-21,18:00,77,13:00,1341.6,1341.6,1080.0,1080.0,1.0,0.0,True,actual_executed
2025-06-21,18:00,78,13:10,1248.9026999999999,1248.9026999999999,1080.0,1080.0,1.0,0.0,True,actual_executed
2025-06-21,18:00,79,13:20,1225.8205166666667,1225.8205166666667,1080.0,1080.0,1.0,0.0,True,actual_executed
2025-06-21,18:00,80,13:30,1223.4812499999998,1223.4812499999998,1080.0,1080.0,1.0,0.0,True,actual_executed
2025-06-21,18:00,81,13:40,1119.1241499999999,1119.1241499999999,1080.0,1080.0,1.0,0.0,True,actual_executed
2025-06-21,18:00,82,13:50,1021.2925,1021.2925,1080.0,1080.0,1.0,0.0,True,actual_executed
2025-06-21,18:00,83,14:00,992.6999999999999,992.6999999999999,1080.0,1080.0,1.0,0.0,True,actual_executed
2025-06-21,18:00,84,14:10,990.2996333333333,990.2996333333333,1080.0,1080.0,1.0,0.0,True,actual_executed
2025-06-21,18:00,85,14:20,971.2156666666666,971.2156666666666,1080.0,1080.0,1.0,0.0,True,actual_executed
2025-06-21,18:00,86,14:30,956.3562499999999,956.3562499999999,1080.0,1080.0,1.0,0.0,True,actual_executed
2025-06-21,18:00,87,14:40,994.0434499999999,994.0434499999999,1080.0,1080.0,1.0,0.0,True,actual_executed
2025-06-21,18:00,88,14:50,996.54085,996.54085,1080.0,1080.0,1.0,0.0,True,actual_executed
2025-06-21,18:00,89,15:00,946.7437499999999,946.7437499999999,1080.0,1080.0,1.0,0.0,True,actual_executed
2025-06-21,18:00,90,15:10,909.52565,909.52565,1080.0,1080.0,1.0,0.0,True,actual_executed
2025-06-21,18:00,91,15:20,858.8448,858.8448,1080.0,1080.0,1.0,0.0,True,actual_executed
2025-06-21,18:00,92,15:30,801.85,801.85,1080.0,1080.0,1.0,0.0,True,actual_executed
2025-06-21,18:00,93,15:40,780.1588666666667,780.1588666666667,1080.0,1080.0,1.0,0.0,True,actual_executed
2025-06-21,18:00,94,15:50,746.8723499999999,746.8723499999999,1080.0,1080.0,1.0,0.0,True,actual_executed
2025-06-21,18:00,95,16:00,675.9,675.9,1080.0,1080.0,1.0,0.0,True,actual_executed
2025-06-21,18:00,96,16:10,593.8094166666666,593.8094166666666,1080.0,1080.0,1.0,0.0,True,actual_executed
2025-06-21,18:00,97,16:20,560.2481333333333,560.2481333333333,1080.0,1080.0,1.0,0.0,True,actual_executed
2025-06-21,18:00,98,16:30,567.7624999999999,567.7624999999999,1080.0,1080.0,1.0,0.0,True,actual_executed
2025-06-21,18:00,99,16:40,548.5382999999999,548.5382999999999,1080.0,1080.0,1.0,0.0,True,actual_executed
2025-06-21,18:00,100,16:50,494.0291666666667,494.0291666666667,1080.0,1080.0,1.0,0.0,True,actual_executed
2025-06-21,18:00,101,17:00,437.26875,437.26875,1080.0,1080.0,1.0,0.0,True,actual_executed
2025-06-21,18:00,102,17:10,413.20709999999997,413.20709999999997,1080.0,1080.0,1.0,0.0,True,actual_executed
2025-06-21,18:00,103,17:20,364.3091333333333,364.3091333333333,1080.0,1080.0,1.0,0.0,True,actual_executed
2025-06-21,18:00,104,17:30,291.74375,291.74375,1080.0,1080.0,1.0,0.0,True,actual_executed
2025-06-21,18:00,105,17:40,254.73118333333332,254.73118333333332,1080.0,1080.0,1.0,0.0,True,actual_executed
2025-06-21,18:00,106,17:50,218.40456666666665,218.40456666666665,1080.0,1080.0,1.0,0.0,True,actual_executed
2025-06-21,18:00,107,18:00,172.34999999999997,172.34999999999997,1080.0,1080.0,1.0,0.0,True,actual_executed
2025-06-21,18:00,108,18:10,143.83614999999998,143.3881,1080.0,1140.0,0.8333333333333334,0.16666666666666666,False,causal_hourly_interpolation
2025-06-21,18:00,109,18:20,115.32229999999998,112.87578333333332,1080.0,1140.0,0.6666666666666667,0.3333333333333333,False,causal_hourly_interpolation
2025-06-21,18:00,110,18:30,86.80845,75.44999999999999,1080.0,1140.0,0.5,0.5,False,causal_hourly_interpolation
2025-06-21,18:00,111,18:40,58.29459999999998,46.0094,1080.0,1140.0,0.33333333333333337,0.6666666666666666,False,causal_hourly_interpolation
2025-06-21,18:00,112,18:50,29.78074999999999,20.306116666666664,1080.0,1140.0,0.16666666666666663,0.8333333333333334,False,causal_hourly_interpolation
2025-06-21,18:00,113,19:00,1.2669,1.29375,1080.0,1140.0,0.0,1.0,False,causal_hourly_interpolation
2025-06-21,18:00,114,19:10,1.05575,0.0,1140.0,1200.0,0.8333333333333334,0.16666666666666666,False,causal_hourly_interpolation
2025-06-21,18:00,115,19:20,0.8446,0.54365,1140.0,1200.0,0.6666666666666667,0.3333333333333333,False,causal_hourly_interpolation
2025-06-21,18:00,116,19:30,0.63345,0.0,1140.0,1200.0,0.5,0.5,False,causal_hourly_interpolation
2025-06-21,18:00,117,19:40,0.4223,0.0,1140.0,1200.0,0.33333333333333337,0.6666666666666666,False,causal_hourly_interpolation
2025-06-21,18:00,118,19:50,0.21114999999999995,0.03903333333333333,1140.0,1200.0,0.16666666666666663,0.8333333333333334,False,causal_hourly_interpolation
2025-06-21,18:00,119,20:00,0.0,0.0,1140.0,1200.0,0.0,1.0,False,causal_hourly_interpolation
2025-06-21,18:00,120,20:10,0.0,0.0,1200.0,1260.0,0.8333333333333334,0.16666666666666666,False,causal_hourly_interpolation
2025-06-21,18:00,121,20:20,0.0,0.0027999999999999995,1200.0,1260.0,0.6666666666666667,0.3333333333333333,False,causal_hourly_interpolation
2025-06-21,18:00,122,20:30,0.0,0.0,1200.0,1260.0,0.5,0.5,False,causal_hourly_interpolation
2025-06-21,18:00,123,20:40,0.0,0.0,1200.0,1260.0,0.33333333333333337,0.6666666666666666,False,causal_hourly_interpolation
2025-06-21,18:00,124,20:50,0.0,0.00019999999999999998,1200.0,1260.0,0.16666666666666663,0.8333333333333334,False,causal_hourly_interpolation
2025-06-21,18:00,125,21:00,0.0,0.0,1200.0,1260.0,0.0,1.0,False,causal_hourly_interpolation
2025-06-21,18:00,126,21:10,0.0,0.0,1260.0,1320.0,0.8333333333333334,0.16666666666666666,False,causal_hourly_interpolation
2025-06-21,18:00,127,21:20,0.0,0.0,1260.0,1320.0,0.6666666666666667,0.3333333333333333,False,causal_hourly_interpolation
2025-06-21,18:00,128,21:30,0.0,0.0,1260.0,1320.0,0.5,0.5,False,causal_hourly_interpolation
2025-06-21,18:00,129,21:40,0.0,0.0,1260.0,1320.0,0.33333333333333337,0.6666666666666666,False,causal_hourly_interpolation
2025-06-21,18:00,130,21:50,0.0,0.0,1260.0,1320.0,0.16666666666666663,0.8333333333333334,False,causal_hourly_interpolation
2025-06-21,18:00,131,22:00,0.0,0.0,1260.0,1320.0,0.0,1.0,False,causal_hourly_interpolation
2025-06-21,18:00,132,22:10,0.0,0.0,1320.0,1380.0,0.8333333333333334,0.16666666666666666,False,causal_hourly_interpolation
2025-06-21,18:00,133,22:20,0.0,0.0,1320.0,1380.0,0.6666666666666667,0.3333333333333333,False,causal_hourly_interpolation
2025-06-21,18:00,134,22:30,0.0,0.0,1320.0,1380.0,0.5,0.5,False,causal_hourly_interpolation
2025-06-21,18:00,135,22:40,0.0,0.0,1320.0,1380.0,0.33333333333333337,0.6666666666666666,False,causal_hourly_interpolation
2025-06-21,18:00,136,22:50,0.0,0.0,1320.0,1380.0,0.16666666666666663,0.8333333333333334,False,causal_hourly_interpolation
2025-06-21,18:00,137,23:00,0.0,0.0,1320.0,1380.0,0.0,1.0,False,causal_hourly_interpolation
2025-06-21,18:00,138,23:10,0.0,0.0,1380.0,1440.0,0.8333333333333334,0.16666666666666666,False,causal_hourly_interpolation
2025-06-21,18:00,139,23:20,0.0,0.0,1380.0,1440.0,0.6666666666666667,0.3333333333333333,False,causal_hourly_interpolation
2025-06-21,18:00,140,23:30,0.0,0.0,1380.0,1440.0,0.5,0.5,False,causal_hourly_interpolation
2025-06-21,18:00,141,23:40,0.0,0.0,1380.0,1440.0,0.33333333333333337,0.6666666666666666,False,causal_hourly_interpolation
2025-06-21,18:00,142,23:50,0.0,0.0,1380.0,1440.0,0.16666666666666663,0.8333333333333334,False,causal_hourly_interpolation
2025-06-21,18:00,143,0:00+1,0.0,0.0,1380.0,1440.0,0.0,1.0,False,causal_hourly_interpolation
