date,variant,selected_k,planned_cost_yuan,emergency_cost_yuan,total_cost_yuan,planned_q_kwh,planned_q_sha256,day_ahead_virtual_next_day_value_yuan,actual_x_kwh,unused_plan_kwh,emergency_kwh,curtailment_kwh,soc_start_kwh,soc_end_kwh,max_balance_residual_kwh,max_simultaneous_cd_kwh2,max_x_minus_q_kwh,mean_mpc_solve_seconds,total_mpc_solve_seconds,terminal_virtual_next_day_value_yuan,estimated_334_day_runtime_hours,pass
2025-01-01,full_linked_48h,1,34886.96347102393,137976.12297302607,172863.08644405002,60085.88773715367,f6e9397008a93f4f2e686a120e86ba596293de38b0618676ef28c72e9ea741d8,30602.704684660228,60064.67043574818,21.217301405490957,36788.27004909357,0.0,6000.0,8110.865510770157,2.2737367544323206e-13,0.0,0.0,0.01310022768019634,1.8864327859482728,30745.54399034483,0.1750190418074231,True
2025-01-02,full_linked_48h,1,72451.0156160491,2202.5677616305907,74653.5833776797,111387.48831119042,1a8a63332c818c2ebeb61b6f82a836d4059e887e1bc8ef7bf0d8846aa73304e9,69117.02845226438,94959.77045073087,16427.717860459547,681.6322270903876,162.7667,8110.865510770157,8460.773572297821,1.7053025658242404e-12,0.0,0.0,0.013020040784289854,1.874885872937739,69102.48379224094,0.17394774487811243,True
2025-01-03,full_linked_48h,1,72576.78545334458,0.0,72576.78545334458,111300.5662226817,b85c656e383fea2d798706471a0773517bbcf5cd44561d1ecf9e4f0ab0bca66c,69400.18225526938,57071.98970416741,54228.57651851427,0.0,8309.696616666664,8460.773572297821,10799.999999751853,1.3500311979441904e-13,0.0,0.0,0.01290770140884787,1.8587090028740931,68359.56332043617,0.17244689082220752,True
2025-01-04,full_linked_48h,1,59374.450581526806,1.262005505111574e-07,59374.45058165301,92866.19002556067,410ed57747ac2d0ececc3b9f74032a5bd6cd3ba5594b7dbbcf04cc8742db369e,57223.799039355166,52672.61564648943,40193.57437907124,5.9027385646004404e-08,7020.67762118079,10799.999999751853,10681.172146270479,1.4210854715202004e-13,0.0,0.0,0.012877748825606735,1.8543958308873698,56233.16488643232,0.17204672431010598,True
2025-01-05,full_linked_48h,1,59216.442797804186,3487.7479210798006,62704.19071888398,92564.17451161274,510d18e9f33324425c86973095b873d989da081eaf66bca6ac0d6996cb1ec40f,57015.7984312217,90079.25196562402,2484.922545988725,1133.5787709535548,0.0039833333333333335,10681.172146270479,8355.938454917909,1.7053025658242404e-12,0.0,0.0,0.012970255993018832,1.8677168629947118,57048.35684540851,0.1732826200667316,True
2025-01-06,full_linked_48h,1,59101.66816359169,4674.900977583132,63776.56914117482,93567.77152035321,b110068c5a7549b9a04c4ec99ead6fba4dff7c3a01b56ce9252b769758f394ec,55878.08569598883,91980.9440439044,1586.82747644882,1320.027135641351,0.0,8355.938454917909,8439.007312540829,2.2737367544323206e-13,0.0,0.0,0.013110616895978132,1.887928833020851,55873.28749947158,0.17515784173026785,True
2025-01-07,full_linked_48h,1,58884.408546394305,12393.903761628228,71278.31230802253,93163.08503710544,a4d2b44a52d119fb2f0a505c6cfe95df16365db96b5de320a5c53dc0a035ecf5,68299.72480638664,91574.30277709119,1588.78226001425,3703.4312155711814,0.0,8439.007312540829,8518.544983030455,1.7053025658242404e-12,0.0,0.0,0.013057004346491239,1.8802086258947384,68259.31134975885,0.17444157806912294,True
2025-01-08,full_linked_48h,1,71609.08278783591,60.069405519975064,71669.15219335588,109628.41640928839,8d7bd28aca9f519b47479c8d68842136b11a98576c4d5c00863b914dcc7237dd,68711.3509029466,92333.59568708719,17294.82072220119,28.23331672667995,0.0023,8518.544983030455,9242.143712947072,2.2737367544323206e-13,0.0,0.0,0.01299497718961599,1.8712767153047025,68346.93284294894,0.17361289525326962,True
2025-01-09,full_linked_48h,1,71406.85908543615,24.591695201190156,71431.45078063734,108963.90943695782,38287f84ac1508dbc33493d66d1e9c515b3d97646a9add16d8ec65a3acfa22ad,31898.632848713456,93090.52563546109,15873.383801496742,5.940740476190399,0.0023,9242.143712947072,9159.757240606938,2.2737367544323206e-13,0.0,0.0,0.012930830729803548,1.862039625091711,31571.09831850966,0.17275589855017542,True
2025-01-10,full_linked_48h,1,34656.03719702203,0.0,34656.03719702203,62724.91885386174,9fdb339a26fb60bcd7c0d883076a0346a145bc4db71eb0415938448282b4a161,31919.434345436817,49665.71284293981,13059.206010921931,0.0,2429.3712251851885,9159.757240606938,9323.699207058438,2.2737367544323206e-13,0.0,0.0,0.012909164347042356,1.8589196659740992,31518.523277372067,0.17246643567648587,True
2025-01-11,full_linked_48h,1,24343.54893431571,3799.687714202779,28143.23664851849,46641.74573714935,515ab1e9384b5e59452c986223639bd9021985bf214b4c8063d80fb9f21aacc5,56345.36579402044,45005.30313002213,1636.442607127215,1400.482551665079,502.4092380952398,9323.699207058438,8368.563718991634,1.7053025658242404e-12,0.0,0.0,0.012992234354088496,1.8708817469887435,56372.24293897573,0.17357625097062232,True
2025-01-12,full_linked_48h,1,59008.08666595548,6235.101180103868,65243.18784605935,93483.72715476606,610fc18dbbaf58613bee25f36d296838fe760bd97cf5665bdb03bddcebb37e96,55026.37689500886,91670.79187269091,1812.9352820751574,1914.265470383237,0.0,8368.563718991634,8523.749147348884,1.7053025658242404e-12,0.0,0.0,0.012472738743680465,1.796074379089987,55027.89057145395,0.16663578961557102,True
2025-01-13,full_linked_48h,1,58311.16105629018,3739.937964787514,62051.099021077694,92509.26188367873,e023eb144d95f760f6e506cfa483890d0e98590389f448fe7e8a14b9c72327b9,55205.92177536769,89259.5655805552,3249.69630312355,1144.7658283702467,0.0,8523.749147348884,8173.690137351283,1.7053025658242404e-12,0.0,0.0,0.013068874131123367,1.8819178748817649,55320.49049471311,0.17460015839180817,True
2025-01-14,full_linked_48h,1,58215.9644712383,4883.039619534311,63099.004090772614,92620.05293173812,7064b4b39e0b37f9a6cb5164bc02101fe864fa09068007792e211599939c49f2,54987.07239223736,90461.8549151553,2158.1980165828304,1348.4935332808864,0.0,8173.690137351283,8132.41291615766,1.7053025658242404e-12,0.0,0.0,0.013537760472091678,1.9494375079812016,55120.21553548268,0.18086447990714483,True
2025-01-15,full_linked_48h,1,57967.17651327277,7918.795083678362,65885.97159695113,92225.97000267787,dc9cf69716c6c9e63081a1ab3959d2ff57a81a4e6c7a8f40ed0bbf8e627f08fe,54934.717444958456,90811.86065860406,1414.109344073815,2090.1469949844495,0.0,8132.41291615766,8321.633777538129,3.410605131648481e-12,0.0,0.0,0.013225769681513257,1.9045108341379091,54982.712693338006,0.17669628294501713,True
2025-01-16,full_linked_48h,1,58174.513550273914,7523.369901467317,65697.88345174123,92442.10553872961,e5b888e2345f60c068f9a0255b2cd340e237fc3ccc6441c882b4477255ceadb9,20459.77680518139,89692.83333610155,2749.2722026280517,1861.649950796637,0.0,8321.633777538129,8291.571099636329,1.1368683772161603e-13,0.0,0.0,0.013041862659318011,1.8780282229417935,20521.30002145576,0.17423928512848863,True
2025-01-17,full_linked_48h,1,24057.758110929986,2351.6147097989706,26409.372820728957,46724.60696981364,644cb2a1af6607558b053cd5e821cc9817bd38ef9ee72f1dd744bc7e934dacde,20913.87699616668,45299.03652079866,1425.5704490149835,863.8311995200272,1593.0095783068798,8291.571099636329,8200.383441564083,1.1368683772161603e-13,0.0,0.0,0.012917815657500695,1.8601654546801,21016.433939197217,0.1725820171842093,True
2025-01-18,full_linked_48h,1,34440.93331610346,73.93132448333293,34514.86464058679,62674.912323315104,75be0bf6e7ba51d0239957698f21749a0ea535e9b93575a4d47be8b0a87fcdc9,67174.11067090093,49522.26733471053,13152.644988604567,34.54406666666648,3581.265921191343,8200.383441564083,9389.919702569357,1.1368683772161603e-13,0.0,0.0,0.013120023173137775,1.8892833369318396,66743.56842834629,0.17528350959312067,True
2025-01-19,full_linked_48h,1,69750.63105647366,0.0,69750.63105647366,107036.31763279518,7c9a11b796e169777b92ca2f025f368d130f1e0e100ef0aeb617b5fda9534aa3,66838.91873304712,90804.04931779587,16232.268314999299,0.0,357.1782666666666,9389.919702569357,9060.858119853425,1.1368683772161603e-13,0.0,0.0,0.013120803895112153,1.88939576089615,66555.6691044338,0.17529394003869836,True
2025-01-20,full_linked_48h,1,69564.18306250346,70.19484401583944,69634.37790651931,106919.15068166322,2309c33d04986b42b87480d1e7eb5808cd5977af5c98b6613666d730f521f8cc,66704.28569190377,90235.89374483857,16683.256936824662,17.897708393361476,0.0,9060.858119853425,9129.282197056122,2.2737367544323206e-13,0.0,0.0,0.012982617471910393,1.8694969159550965,66390.39723149544,0.17344776942472284,True
2025-01-21,full_linked_48h,1,69642.32181543394,46.73686453333313,69689.05867996727,106996.92354826318,f69ca6ed156b92872191b5958b52a979ee52482205ee4542b8004913107b9469,66836.19879284874,85741.89794982664,21255.025598436525,7.5914666666666335,148.38935000000015,9129.282197056122,9319.569463380953,2.2737367544323206e-13,0.0,0.0,0.012973610819648861,1.868199958029436,66437.13562934106,0.17332744055050878,True
2025-01-22,full_linked_48h,1,69165.8374768518,111.50456358571392,69277.3420404375,106108.56527721329,28887db9295198f71dff6937bf7549816ece2d182acfa40e1897400b5458b4fb,66524.00860566465,90514.28112934086,15594.284147872422,17.60179523809518,0.0,9319.569463380953,8852.758421906534,1.4210854715202004e-13,0.0,0.0,0.012983371770234144,1.8696055349137168,66333.94155112245,0.17345784685032817,True
2025-01-23,full_linked_48h,1,69408.77920802817,152.8514505623019,69561.63065859047,106672.34277398436,edc0cf7ac42dbac2084b17942a034accf53fef404b7dd168c9d084091aef8fd3,30197.273261138227,91946.32714500798,14726.015628976382,67.92931507936521,0.0,8852.758421906534,9182.01169509766,2.2737367544323206e-13,0.0,0.0,0.012989788798020326,1.8705295869149268,29859.77366431157,0.17354357834155154,True
2025-01-24,full_linked_48h,1,22252.13102289418,1808.7449283452447,24060.875951239424,43211.56164866234,4131cda973b27cf6c33a197fb18d940c6e8d69a9715483e4cad36d130c680afd,19543.772380862487,42131.20241361412,1080.3592350482215,665.4761267195787,1955.4511820987682,9182.01169509766,8304.002867458972,1.1368683772161603e-13,0.0,0.0,0.012934348722410505,1.8625462160271127,19599.701399688885,0.17280289893140435,True
2025-01-25,full_linked_48h,1,22630.562193880367,1206.0943963116106,23836.65659019198,43959.88188949429,38dc5e136fc5187886b103183ec30d73fd45959f8472a9561c7eb203f3c8b04a,53154.39060476897,42733.26629640586,1226.6155930884288,463.47473388272294,2724.6735006172835,8304.002867458972,8390.667789453773,1.1368683772161603e-13,0.0,0.0,0.012907026901706963,1.8586118738458026,53171.3210923929,0.17243787940680502,True
2025-01-26,full_linked_48h,1,55935.395234477604,7586.678962205106,63522.07419668271,89002.15421948778,435801c6acbff8836dca513ce94dfbb5bc8785103e17036a10a572115b074c8b,52707.84584911265,87471.5048282852,1530.6493912025921,2660.203670808512,0.0,8390.667789453773,8319.556378724761,1.7053025658242404e-12,0.0,0.0,0.013107861312366569,1.887532028980786,52756.77591057118,0.17512102713321737,True
2025-01-27,full_linked_48h,1,55764.09443576925,2975.6726856448413,58739.767121414094,88893.649242388,7fd2c8c4a28399a4f1361e92428a8ddf779f1045ddb238150737851036898514,52335.82251721786,85542.68520065243,3350.9640417355545,971.6101566512684,0.0,8319.556378724761,8292.194637957627,1.7053025658242404e-12,0.0,0.0,0.01307782551985939,1.8832068748597521,52397.06514616449,0.17471974894532144,True
2025-01-28,full_linked_48h,1,55236.03557430519,8488.290175146874,63724.325749452066,88280.35738362416,7f2b0f5e9e6ac956274e42ba71501f977b6503f1330bff5a8a4339c9d5a8d089,52305.22442292653,86805.04547853112,1475.3119050930472,2772.1561496386075,0.0,8292.194637957627,8316.96591248313,3.410605131648481e-12,0.0,0.0,0.013075162918135498,1.8828234602115117,52355.320173759195,0.17468417658629026,True
2025-01-29,full_linked_48h,4,54317.752679173864,2308.714268431733,56626.4669476056,84685.39425805879,7aeae35f118b966f1d2fab08957a508a8552e444ecba6a4c7a2dc19ae0549d05,67879.86429851581,79326.32458808088,5359.069669977892,657.5357215543979,0.0,8316.96591248313,4933.532629863795,1.3322676295501878e-13,0.0,0.0,0.0130442615627544,1.8783736650366336,67811.97547842366,0.1742713344783988,True
2025-01-30,full_linked_48h,4,55718.41298224665,883.8196034690025,56602.232585715654,88054.3513315988,e0c7cbc64008d4bc6e080ae0c815bf56edf7a25e320d2748a847ac7c6e656ae0,27507.34502714245,85328.73852040834,2725.6128111904695,391.4681542207184,0.0,4933.532629863795,4529.331874210184,2.2737367544323206e-13,0.0,0.0,0.013207024849988456,1.9018115783983376,27421.631150791596,0.17644585199584575,True
2025-01-31,full_linked_48h,4,20687.077387119207,1101.3288811072289,21788.406268226434,39881.40858072009,66d2be218b08fc0b053b4ed1501827503588ede3a0fa947f4f784ffc7ae45ccd,26003.54897698107,38569.40462247423,1312.0039582458558,449.83135060763146,66.89275834577762,4529.331874210184,2865.04071293152,1.1368683772161603e-13,0.0,0.0,0.01304709114426967,1.8787811247748323,26140.928744295947,0.17430913768744277,True
2025-02-01,full_linked_48h,4,21199.4869649772,912.7985455794453,22112.285510556645,41018.322280297405,5765671a280889cbd0cd113c7242bc4921fd68b97eb405f259fe2fa4a2bd955c,59721.550522654456,39138.44503933458,1879.877240962822,266.49751871386206,1836.0686899673988,2865.04071293152,4199.786863667463,1.1368683772161603e-13,0.0,0.0,0.01252447656164198,1.8035246248764452,59399.2112693705,0.16732700686353685,True
2025-02-02,full_linked_48h,4,57173.60656416834,0.0,57173.60656416834,92708.03591053732,b54ff43a613095cecdfa056a982891ff9f89c46c31a5b8e7e650ed56c67c1223,57780.04367253239,86269.89532598245,6438.14058455487,0.0,0.0,4199.786863667463,9667.558249432584,1.1368683772161603e-13,0.0,0.0,0.013397620139787451,1.9292573001293931,57431.113773101315,0.17899220506756036,True
2025-02-03,full_linked_48h,4,54011.452404410855,2.119617652169836e-06,54011.45240653047,85988.64052198736,1ac34bca58c2be387c9b38df10d7a76fd0165487cfc8dd0ae05382bfab2328c3,55737.145997165164,82083.83354713774,3904.806974849622,5.037114192418812e-07,0.0,9667.558249432584,9329.887020672388,2.2737367544323206e-13,0.0,0.0,0.01319545227811937,1.9001451280491892,55478.92301048474,0.1762912424356748,True
2025-02-04,full_linked_48h,4,53961.582918074455,3705.9655334122276,57667.548451486684,86240.02569444291,72ef300e8eb6313ad315d6edba994eb801287984dfa6bb444c50b0dd05cd9451,53364.771701493875,82427.44248999888,3812.583204444032,1006.0733960160787,0.0,9329.887020672388,9191.799854515344,2.2737367544323206e-13,0.0,0.0,0.013228269972993681,1.9048708761110902,53098.70984474221,0.1767296868391956,True
2025-02-05,full_linked_48h,4,53880.473046063395,1131.6542719088807,55012.12731797228,86076.56952677673,6b9ffbd46b359e0e7f45fec368df0f02c83529ea8ff105fd3acfcce17d3a7462,51101.274660645315,82683.09636114862,3393.4731656281206,267.3177679043639,2.354107837554409e-07,9191.799854515344,9123.829670387613,2.2737367544323206e-13,0.0,0.0,0.013168003758740573,1.8961925412586424,50913.40758840376,0.17592453021677404,True
2025-02-06,full_linked_48h,4,54396.93798690399,9.963414456706233e-07,54396.93798790033,86822.9696247401,c1dc659620c02dbcc1e20e9028638a5ca3942c3dbfe61da69d8b198772638744,17577.956524819565,82688.55136459752,4134.418260142605,2.2077142602938693e-07,0.0023,9123.829670387613,9292.922647163368,1.4654943925052066e-13,0.0,0.0,0.012944294014838912,1.8639783381368034,17386.57088605817,0.17293576803824787,True
2025-02-07,full_linked_48h,4,20530.960581946987,0.0,20530.960581946987,40062.37588049192,ae2a5e534d85a3dfdaaca9c68c0cd9dc59998129b09b131b8a846660bc16441a,17286.724357283394,36451.31644002018,3611.059440471743,0.0,3113.3517031132305,9292.922647163368,9022.586984003177,1.1368683772161603e-13,0.0,0.0,0.012918462674658966,1.860258625150891,17177.059337369603,0.17259066133344378,True
2025-02-08,full_linked_48h,4,20069.57099214914,797.3840505958759,20866.955042745016,39126.93250846583,bd6d59f9c16a1f88d4892cb14a6a602ccb50ff7a505adbf937931f58bd36b8e9,50269.24683062338,36148.810001215534,2978.1225072502984,231.19842179601224,3122.2326671218907,9022.586984003177,8973.555608558256,1.1368683772161603e-13,0.0,0.0,0.014088312582922905,2.0287170119408984,49945.252771221734,0.18821985610785003,True
2025-02-09,full_linked_48h,4,52716.1485161831,2189.535150648856,54905.68366683196,84726.75966487045,cd93e879cf854a209cb9d8a498904a8aaed1c7f12148817234a7c64eeb86f09f,50199.608869232994,80947.64519088395,3779.114473986502,740.2863100620227,0.020583333333333332,8973.555608558256,8813.342009463038,2.2737367544323206e-13,0.0,0.0,0.014364885700666087,2.0685435408959165,49948.10604032591,0.19191487296089893,True
2025-02-10,full_linked_48h,4,53341.38457370324,609.3687164749595,53950.753290178196,85620.68460686947,bd3cbd55e8809b6fb84a1e1813072e9eb3ffe25588f0367bbfaed7c4914d5c34,50075.421184793835,76581.26581893617,9039.418787933293,253.43721163649502,235.70620023540334,8813.342009463038,9126.010450088499,2.2737367544323206e-13,0.0,0.0,0.01381978441673305,1.9900489560095593,49823.39937857418,0.18463231980755357,True
2025-02-11,full_linked_48h,4,52170.2986190957,56.106757730649136,52226.40537682635,83964.38337080329,712f106bfc746711298bc0da1e8e64f0bc242a96c0799abb59e337fc33dc7753,49650.70973353362,77008.35116830326,6956.0322025000405,14.308212954171417,193.24259778229086,9126.010450088499,8641.491967109223,2.2737367544323206e-13,0.0,0.0,0.014426780078590835,2.07745633131708,49518.078928446754,0.19274178184997354,True
2025-02-12,full_linked_48h,2,51868.337374783485,2677.4482627803113,54545.78563756379,83954.83266413488,3c3cf6ed42867a39756986541c9187750f06241f48c065dfa4bd3dbd1509073f,48661.98924997616,76773.84057055764,7180.992093577229,729.1596406220615,105.14298380415133,8641.491967109223,8607.66737933004,2.2737367544323206e-13,0.0,0.0,0.013167678820536821,1.8961457501573022,48779.65272213608,0.17592018904237194,True
2025-02-13,full_linked_48h,2,50821.29899691626,148.71001211878368,50970.00900903504,81772.69489540182,49f87cfb69031e1e836d178c93e9ef756500060ec5a9fe8ca603e5a9735e796b,16136.426803120365,72626.42364792014,9146.271247481676,48.85877930592403,706.2217973639492,8607.66737933004,7355.008601135935,2.2737367544323206e-13,0.0,0.0,0.014864628486369233,2.1405065020371694,16140.406928485982,0.19859143657789294,True
2025-02-14,full_linked_48h,2,18251.799423607932,1220.2169716424705,19472.0163952504,35498.25680428647,54536d7dc2339bfa75ed8dd23a3c1fd3eed2668217f1e6fa47cd47e1543bfc2d,15808.340615741225,33741.22617046315,1757.0306338233222,503.1457960420977,3260.545396723597,7355.008601135935,6857.651497178497,1.1368683772161603e-13,0.0,0.0,0.012922152818444173,1.8607900058559608,15846.402263855502,0.17263996165441414,True
2025-02-15,full_linked_48h,2,18938.907789667755,1766.4080925265828,20705.31588219434,37262.075040899435,171774f66a5188b7ad849014b8bbc7ce2204f4b67033c9011d8d2e9c1b6029a5,46166.67808526983,35950.98670136715,1311.0883395322892,489.01257731439586,3773.5966702153937,6857.651497178497,8486.00890421789,1.1368683772161603e-13,0.0,0.0,0.012893705165374235,1.8566935438138898,46284.199102870065,0.17225990100939978,True
2025-02-16,full_linked_48h,2,49186.815607431985,4779.6210217797125,53966.4366292117,80306.34108352504,d9ab076c1cc3d55720cb5dd25bd68c81edded39c45d85a30d9bcb112ed941b8a,45967.00366497859,76645.78955826184,3660.5515252631985,1158.2202883792013,30.539166666666688,8486.00890421789,8649.965575378215,1.5631940186722204e-13,0.0,0.0,0.013126102436823809,1.8901587509026285,45956.549238502834,0.1753647285559661,True
2025-02-17,full_linked_48h,2,48759.33256337863,423.01049810092394,49182.34306147955,79654.38531183409,c3b26897123c9ce66196cf5d0ab86e9561c8ee5cab3651bcbf70b1e3360a7834,45362.51567245125,73502.53455310881,6151.850758725286,135.15037059130722,492.4939304853059,8649.965575378215,8575.31377408724,1.4210854715202004e-13,0.0,0.0,0.013195105901508618,1.900095249817241,45385.48871882504,0.17628661484415514,True
2025-02-18,full_linked_48h,2,48282.13269631486,3076.460794119672,51358.593490434534,79086.72745340217,9c9ef11af9df9a30081735eb24d1de6dd8f55398aeda7133af062a0e4dfc987e,45108.52340126832,73457.80265891325,5628.924794488926,912.435631288058,78.80808333333303,8575.31377408724,8640.995176416287,1.1368683772161603e-13,0.0,0.0,0.013295812488245752,1.9145969983073883,45108.91698427667,0.17763205484296324,True
2025-02-19,full_linked_48h,2,47968.3204734729,6477.318674927572,54445.63914840047,78630.30387790172,754eae12e01f21641476266972faaf0417fbfba03df22af196176181322308b7,44868.197973007205,73199.88388908349,5430.4199888182375,1705.2306011614332,106.6310507062082,8640.995176416287,8349.966466637645,1.4921397450962104e-13,0.0,0.0,0.013104541075032708,1.88705391480471,44999.0813404094,0.175076668762437,True
2025-02-20,full_linked_48h,2,46991.332831562584,3521.7925112846387,50513.12534284723,76465.49957059797,6018e3610b336abea8af0d2c14bff406fea0698d26b9b13099b64359f40c2cfb,15232.53645545957,70603.04303035927,5862.456540238685,878.3185460723048,252.91440899242207,8349.966466637645,6602.240042267984,2.2737367544323206e-13,0.0,0.0,0.013440671896104404,1.935456753039034,15223.92445190856,0.17956737653195484,True
2025-02-21,full_linked_48h,2,17195.788790045215,214.04764515214305,17409.836435197358,33581.67778789356,616599887faf50f02d1907e9b6711319e2d6cc2f9d5c97a7fda35524548286b2,15078.003053341545,32464.25749541386,1117.4202924796953,85.77124692786172,5966.93623258975,6602.240042267984,6008.593789942155,1.1368683772161603e-13,0.0,0.0,0.01460732661669479,2.1034550328040496,15152.311721865575,0.19515388359904237,True
2025-02-22,full_linked_48h,2,17913.145406196913,7106.507636560688,25019.6530427576,35831.049724708806,e1c3b03824c67dc62e9245b66db926810f6682448a2f960c739f7975f17a5858,42550.47000640727,34979.58781857697,851.4619061318333,2188.5452307247933,5256.6505263707495,6008.593789942155,8296.266766466595,1.1368683772161603e-13,0.0,0.0,0.01411740856949311,2.032906834007008,42620.29583564872,0.18860857848842796,True
2025-02-23,full_linked_48h,2,46526.890930700254,1990.0975285783884,48516.98845927864,76654.44631115867,df34ac5040bbaca7988edc533f4c031e1170a6d4c461a10857899d822ff5d001,43120.07770749144,73391.45409776816,3262.9922133904993,509.45088699620595,164.19137661312143,8296.266766466595,8296.725323031063,1.3500311979441904e-13,0.0,0.0,0.013401641500927831,1.9298363761336077,43236.25541551002,0.17904593045239584,True
2025-02-24,full_linked_48h,2,46048.12824198302,3102.709331427057,49150.83757341007,76044.98842713317,10992c93608f8a0eece94eac08c92ae964da162c2fe3c14869a0709c9103b6eb,42769.03577524482,70161.7198076609,5883.268619472268,819.969595425915,588.318850971111,8296.725323031063,8406.113349532023,1.1368683772161603e-13,0.0,0.0,0.013283853014703103,1.9128748341172468,42835.98973429699,0.17747227627643344,True
2025-02-25,full_linked_48h,2,45771.491501044155,4628.329649010635,50399.82115005479,75578.52725090599,1cc9ef9390b69bc825fcb6fe9b559fb693a918bd2c8a4ddd7137215e34ecca80,42413.28253034271,67935.61234231663,7642.9149085893805,1392.0191846719326,1557.4334959248886,8406.113349532023,8369.973394035991,1.7053025658242404e-12,0.0,0.0,0.01349518256271646,1.9433062890311703,42535.16215495274,0.18029563903789192,True
2025-02-26,full_linked_48h,2,44271.944524708204,10401.713528794615,54673.65805350282,73145.3072771017,4157b3e5ae5d33d7874736cd362e9d186946416a5f284d6b0002e7f4b375be53,41093.423194596726,68162.38002222887,4982.927254872816,3089.4429362408064,378.88728333333324,8369.973394035991,8376.001146002873,2.2737367544323206e-13,0.0,0.0,0.013385709980058082,1.927542237128364,41141.23384258903,0.17883308533357598,True
2025-02-27,full_linked_48h,2,43040.73737982426,7430.3332240949385,50471.0706039192,70510.82710930135,373499308dcdb094bd827a4e1f63ebe72890f5fe0543e1863a78a95f5ea143e8,14152.390229359069,65685.68821633406,4825.138892967301,1845.7381365731922,554.2091653514876,8376.001146002873,6370.963425858648,1.1368683772161603e-13,0.0,0.0,0.01369773984737953,1.9724745380226523,14108.19094454646,0.1830018043609905,True
2025-02-28,full_linked_48h,2,16145.87165999907,4535.530686087866,20681.402346086936,32016.34373497391,dcf15d51aa44009fcfa1254f4a05271d037ff435e0e7ed4b0aa16611e76722a9,13921.304700023153,31378.686755961113,637.6569790128015,1343.9596830142536,8326.108770198785,6370.963425858648,5888.841785945416,1.1368683772161603e-13,0.0,0.0,0.013349994433358207,1.922399198403582,13983.880374551125,0.17835592562966565,True
2025-03-01,full_linked_48h,2,16510.52167681093,4663.3660953012395,21173.88777211217,33254.22396347302,245ae6802a0fce9ec1aa57a2da354ddaf4b4c266967d6dce99b3a45dcd1dc1f5,38264.716907774455,32647.632097224843,606.5918662481769,1145.0697690725447,6155.614278626995,5888.841785945416,8189.451119888616,1.1368683772161603e-13,0.0,0.0,0.013954938943142123,2.0095112078124657,38311.516402948975,0.18643798428037878,True
2025-03-02,full_linked_48h,2,41335.70662854999,25326.483021023563,66662.18964957356,68719.87849284867,0e568d746a39675e6c32fbbeb0697df28dc76e41f331809ffeb86c794bd213f1,37993.68979213518,67736.36886891478,983.5096239338847,7264.65263701943,0.0,8189.451119888616,8466.995357550935,2.2737367544323206e-13,0.0,0.0,0.013436823180301063,1.934902537963353,38017.090135458515,0.1795159576888222,True
2025-03-03,full_linked_48h,2,43243.99897987115,17123.178459020586,60367.17743889173,71590.73349247573,6c2a055e97f94fce28cc8055ef68f8973f26aaafcd20f5c921464276961e4b16,39990.23455217262,69715.7278905714,1875.0056019043432,4363.41886453503,0.0,8466.995357550935,8346.973240429943,1.2789769243681803e-13,0.0,0.0,0.013657749090675174,1.966715869057225,40062.94670078109,0.1824675278514203,True
2025-03-04,full_linked_48h,2,42181.041558529054,7396.203748631035,49577.24530716009,70036.41088145885,2384d46a6e414c4482e1f4b8074b832cb09400dee0421a2b83caa31b8cd8af28,39054.640131640976,69413.36109355174,623.0497879071216,1939.9864939776749,4.708208027892624e-07,8346.973240429943,8306.984155232252,1.6253665080512292e-13,0.0,0.0,0.013461001450600129,1.9383842088864185,39160.14132588791,0.17983897938001772,True
2025-03-05,full_linked_48h,2,42926.65194507981,3869.3529778777574,46796.00492295757,71211.8447123208,7d811f43774c151b87b47956a114dff003a345aa197b8123a45d6f0600865f19,39486.99350219313,67828.03099322299,3383.813719097812,935.893095748293,367.6284166666669,8306.984155232252,8482.970707819019,1.5276668818842154e-13,0.0,0.0,0.014114291702046304,2.032458005094668,39513.42317315147,0.18856693713933864,True
2025-03-06,full_linked_48h,2,42105.440148040856,4770.812968577788,46876.253116618645,68849.18005530523,7c80f5e6690ebccc41b6f7c22bb2fde19ec15e0b3fb1655bcfc5ee0d2fd92599,13509.28257229046,64377.27996163126,4471.900093673983,1173.071606271692,762.7342816853877,8482.970707819019,5484.716647185638,1.7053025658242404e-13,0.0,0.0,0.01413777602101618,2.03583974702633,13595.374115203249,0.18888068764077615,True
2025-03-07,full_linked_48h,2,15278.5001179668,5303.358739722186,20581.858857688985,30209.09109771278,661fbc271d2f23a1d538df4833e59018c6cf8d7440623d841dcdc4a25b8281a6,13498.604346470038,29653.774469069984,555.316628642795,1489.3761224266518,9215.116941604136,5484.716647185638,5020.407216148017,1.1368683772161603e-13,0.0,0.0,0.01326591610429912,1.9102919190190732,13582.470485972503,0.17723263915343623,True
2025-03-08,full_linked_48h,2,16734.69001624822,618.470029110824,17353.160045359044,33604.48413218389,19afb57bb39c2b3c27076cc99058dcf8039ee90b06d535b56f08e5169786be9a,39875.076334097466,33439.221655600435,165.26247658345943,284.6270695238456,9755.586050634507,5020.407216148017,8253.882554797285,1.1368683772161603e-13,0.0,0.0,0.013329995646118833,1.919519373041112,39964.70190608056,0.17808874183214762,True
2025-03-09,full_linked_48h,2,42636.76850553622,1812.084200002342,44448.852705538564,70943.52469693086,bdae101e78cc59fc74763226959215af771d830a998ddf13e9dca5a8423c503e,39183.63817480137,66183.20241980387,4760.32227712701,462.2499538334191,1171.0548199252653,8253.882554797285,8357.207938328382,2.2737367544323206e-13,0.0,0.0,0.013457059312309462,1.9378165409725625,39230.34268545438,0.1797863124124544,True
2025-03-10,full_linked_48h,2,40263.912758476676,10213.401982943755,50477.31474142043,66825.82738133181,2220dfa5702cdde9c78d80095e2d694d9bd47af1265db241f8d0dd125c881c84,39796.46975178967,66333.80168669435,492.025694637447,3618.413505879189,0.0,8357.207938328382,8155.761753234249,1.199040866595169e-13,0.0,0.0,0.013351481491756405,1.9226133348129224,39821.26461971663,0.1783757927298656,True
2025-03-11,full_linked_48h,2,41403.40246728075,4998.764256137677,46402.16672341843,69229.53836998656,e6bdda985725fdca6e57d79fe41af6763e958c06c911aa72338a3c22f2afcfd7,38166.517110313915,65477.650466899955,3751.8879030866037,1262.9664752423535,570.4756669020793,8155.761753234249,8378.325038965719,1.6342482922482304e-13,0.0,0.0,0.01340340510230615,1.9300903347320855,38203.745911382815,0.17906949216681015,True
2025-03-12,full_linked_48h,2,40918.44512892258,4554.094554998897,45472.53968392148,68417.67784442642,15b162d20e03998c9d89f080e57911f5bbad10cb41d04ea59542586d3f57c924,37440.576761786506,64440.505602244746,3977.172242181674,1074.475611933605,1236.5051933102686,8378.325038965719,8232.809965204104,1.4921397450962104e-13,0.0,0.0,0.01367110330748902,1.968638876278419,37543.316655812356,0.18264594018805333,True
2025-03-13,full_linked_48h,2,38747.15513829232,11385.823771407711,50132.97890970003,63784.268807135915,bf7564fc5d099fd942e50d5ba9e23ab3e4478f8b22b165a32663e86fd4c28e24,13068.104938597466,62789.383812608576,994.8849945273275,3073.2713627755484,0.18491666666666665,8232.809965204104,4614.786631483195,1.1368683772161603e-13,0.0,0.0,0.013514813098582736,1.946133086195914,13155.834093775587,0.18055790299706537,True
2025-03-14,full_linked_48h,2,14531.315229998554,4784.195138533397,19315.510368531952,28897.193629611837,4fa6a7261435e294f93f6d9678c0f9e64f22d84b37f99e67faf5677c9f801af0,13078.881173162423,28653.7875049715,243.4061246403351,1314.7661057537543,12718.920345822335,4614.786631483195,4386.18749149241,1.1368683772161603e-13,0.0,0.0,0.013484498889132132,1.941767840035027,13139.625364230915,0.18015290515880528,True
2025-03-15,full_linked_48h,2,16297.543901023677,4780.461670850156,21078.005571873833,33018.910329223065,f056e88e18a981c5446d41e2d1405566f4470c58c47a1f50803b1cf584dd2604,36157.81301233763,32942.39899174568,76.51133747738265,1513.8789480077023,8045.758630056937,4386.18749149241,8191.526898348488,1.1368683772161603e-13,0.0,0.0,0.012712535333371812,1.830605088005541,36323.82137795557,0.16983947205384742,True
2025-03-16,full_linked_48h,2,41133.38278387137,6882.97227396157,48016.35505783294,68984.21806138243,2f36c4e86a2c25b00a7fb9925f3dfe63170ae18a81fc660337da6c66baf3c728,37476.257415056556,64636.53484977028,4347.683211612145,1920.421992954506,731.668200235403,8191.526898348488,8659.591848145737,2.2737367544323206e-13,0.0,0.0,0.013573920999584111,1.954644623940112,37576.80003078189,0.18134758455444372,True
2025-03-17,full_linked_48h,2,40752.72393475843,989.5138041828645,41742.237738941294,68335.74785110063,deffae07f86afcf3e2272cd1e317f680808f207b556df780113b033a61d2d6a7,37459.810667965794,61706.93087529293,6628.816975807696,252.48542312589979,2051.347682202142,8659.591848145737,8799.437891333695,1.1368683772161603e-13,0.0,0.0,0.014346855063195108,2.0659471291000955,37514.41061453807,0.19167398364428664,True
2025-03-18,full_linked_48h,2,39820.822066631226,4613.922527508248,44434.744594139476,66896.90722233671,ef5b27ccd5c8e50162756cbb71b65c25502d9b3caa7a02645abd6764a30b62ed,36729.742321723825,62976.689064365746,3920.2181579709563,951.9830139691651,779.3742850261018,8799.437891333695,8761.554477273907,2.2737367544323206e-13,0.0,0.0,0.01351224248598252,1.945762917981483,36801.29117455056,0.18052355961272648,True
2025-03-19,full_linked_48h,2,39801.319612248044,2098.003495717493,41899.32310796554,66826.69503323748,40a871b0b8b8d3d7cb3f8b6b4b33e7e730f4462176189148ce9f2a844d8a6551,36336.75870688434,62438.783558465664,4387.911474771818,493.93572043277385,1218.1157588030865,8761.554477273907,8943.389236290433,1.6697754290362354e-13,0.0,0.0,0.013946289340310614,2.0082656650047284,36326.88586103782,0.1863224255865498,True
2025-03-20,full_linked_48h,2,37261.82026704003,5681.1655589866,42942.98582602663,60971.18567147838,80086a560f247dcd23f220ed2ecb06d8b3bfad04d52e27f3a5e24efd6bc45631,13114.344957334899,57824.73598734775,3146.4496841306395,1475.200746169493,275.16368474677813,8943.389236290433,3977.1150472385166,2.2737367544323206e-13,0.0,0.0,0.012803032708284768,1.8436367099930067,13209.142958483986,0.1710485169826845,True
2025-03-21,full_linked_48h,2,14156.743006466357,635.4583100588083,14792.201316525165,28107.10134370571,f9f5f725a39a4e7c4794b1f8231b69d88f22e11d4f1f59110fa4e9f0b23f61b6,13267.083251192293,27912.950139511566,194.1512041941474,296.2382742695396,15030.176732057002,3977.1150472385166,3715.3191591490395,1.1368683772161603e-13,0.0,0.0,0.012727310749647181,1.8327327479491942,13355.192703845867,0.17003687161528636,True
2025-03-22,full_linked_48h,2,16330.904718975195,4607.354215184951,20938.258934160145,33148.841289005504,f48d026f482b632bf847736f202fccf3c898d72e0baf29c4cb36e9c84c728fd8,34664.96511332819,32608.98592423007,539.855364775428,1559.7821966837446,11879.232910887651,3715.3191591490395,8498.137170336558,1.1368683772161603e-13,0.0,0.0,0.013164521728968894,1.8956911289715208,34642.38388674368,0.17587801029902442,True
2025-03-23,full_linked_48h,2,36841.45524381621,6477.55901908765,43319.01426290386,61751.897248619876,4fe10350bb822d2431ae7dee50e00051e33b0fd996099c6bce8c6dcace19604b,33557.54471040938,59713.98492036187,2037.9123282580108,2008.0118359136993,897.9243341220047,8498.137170336558,8541.189303527037,1.1368683772161603e-13,0.0,0.0,0.016104859597665683,2.3190997820638586,33572.43534849628,0.21516092422481356,True
2025-03-24,full_linked_48h,2,36366.75110707975,7627.02503400977,43993.77614108952,60965.0742904144,90fdada64e91c55649967d955e89b6432093287614e7ffba3a0872c9cd6b476f,33042.36314835168,59149.79300313472,1815.2812872796794,2303.210237626293,1263.7424919698062,8541.189303527037,8683.185071747086,1.652011860642233e-13,0.0,0.0,0.015162515333334644,2.1834022080001887,32993.67113196871,0.20257120485335084,True
2025-03-25,full_linked_48h,2,37397.72619981908,11066.804708460662,48464.53090827975,62750.39017082515,f6b73565c356e4ba8a7dc16a456373159a77d37db581aea01cab5492a00e746a,34366.820008240065,60499.99672094408,2250.3934498810713,2681.7138307465366,310.4734345305219,8683.185071747086,8625.21455233785,2.2737367544323206e-13,0.0,0.0,0.013366188659347245,1.9247311669460032,34330.25324942569,0.1785722804888792,True
2025-03-26,full_linked_48h,2,37412.66700924744,3826.4251569634307,41239.09216621087,62801.31059301908,f2a2b8ebe0831655686256d74ca2da6c8f50c868b3f1c3e1f8027da1fae89d4b,34320.18138219179,58328.23961849542,4473.07097452366,955.6693774281363,1617.385072334915,8625.21455233785,8736.529437188477,1.1368683772161603e-13,0.0,0.0,0.01308859171634443,1.8847572071535978,34231.189657389295,0.1748635853303616,True
2025-03-27,full_linked_48h,2,33604.28601913232,9099.703054189617,42703.989073321936,54440.60892912884,5317f21405d709f5fbc6efeed9c531f097288df59460bd6060efec9d9046d659,12390.617356919618,52453.864352701625,1986.744576427206,2915.5680681538943,468.90053444780784,8736.529437188477,3219.101985957183,1.1368683772161603e-13,0.0,0.0,0.014550247375356977,2.095235622051405,12392.326424951794,0.19439130493476922,True
2025-03-28,full_linked_48h,2,13290.67193154072,3610.273582391042,16900.94551393176,26449.737948859965,1f4ffc4075315302f2668f822e0741284f7c7b51fa07e5c91a3d36a512b78d06,12641.141442374763,26278.09173960079,171.64620925917455,1176.2213369516903,15276.051637461187,3219.101985957183,3257.613493594684,1.1368683772161603e-13,0.0,0.0,0.014321738715605332,2.0623303750471678,12538.11050770204,0.19133842924048722,True
2025-03-29,full_linked_48h,2,15952.525934633759,2320.030182419839,18272.5561170536,32844.36544629843,2d6e9a3e87caab13d24051053ce2a5abbf1dd522701f4a40092f90c4d3a47420,33015.04941236612,32532.3870019207,311.97844437772625,713.4501398909605,18855.464661213475,3257.613493594684,8328.724632904139,1.1368683772161603e-13,0.0,0.0,0.016172905111792108,2.3288983360980637,33049.91968181881,0.21607001229354258,True
2025-03-30,full_linked_48h,2,35458.966777527006,4505.746714410138,39964.713491937146,59533.82825486629,0d786b64496b62dcfda8205fac3933e95d69bf3d9b16f5929a67cdee32b89ae3,32224.538624002962,57311.30864004639,2222.5196148199025,1540.7606062434502,1218.894309413036,8328.724632904139,8647.264990015752,1.4210854715202004e-13,0.0,0.0,0.01349391667382507,1.9431240010308102,32140.498115998533,0.18027872676230294,True
2025-03-31,full_linked_48h,2,34946.27233201054,12667.382814000899,47613.65514601144,58580.115025692,3e27988d99179e6a5d322cdd1a784809f29b271abdc0f03c5da6453b7fd185fd,31881.8268463371,57292.03963505835,1288.0753906336577,3734.159118944618,2187.1378333333337,8647.264990015752,8681.186250089211,1.7053025658242404e-13,0.0,0.0,0.013715184597054354,1.974986581975827,31783.55909754847,0.18323486621664617,True
2025-04-01,full_linked_48h,2,34107.29828038465,15655.100107910144,49762.398388294794,56969.27114195272,05dcb423989d873c77f1c76709cfd6b7ef42b0e1a24ddeed6963d66aeab09df4,31194.20993514851,56485.031861964744,484.2392799879805,5417.155562778482,192.4243769560078,8681.186250089211,8301.60710361553,2.2737367544323206e-13,0.0,0.0,0.013790891478897215,1.985888372961199,31211.899802338634,0.18424631015806678,True
2025-04-02,full_linked_48h,2,34278.209903147515,19309.349505664264,53587.55940881178,57479.60725603938,f4804c0fb81d9c92c28c46ab69e863e37c7490626e04ad9eee3def735031cd5a,31144.268865836428,56450.19071758219,1029.416538457187,6062.4463424303,0.0,8301.60710361553,8370.318160932167,1.1368683772161603e-13,0.0,0.0,0.013933291966774656,2.0063940432155505,31197.326668963276,0.1861487806761094,True
2025-04-03,full_linked_48h,2,32954.42966819752,6820.605282695949,39775.03495089347,53972.70589214182,4f8e271a64e111aa92e0636b99b1ffb2cd9377747e776a66ac2d62bc2c96d316,12384.860363126236,52175.60310401391,1797.1027881279053,1994.706836044793,1704.6873856128564,8370.318160932167,3236.4835623128324,2.2737367544323206e-13,0.0,0.0,0.013707751452279303,1.9739162091282196,12398.851070133933,0.1831355594024515,True
2025-04-04,full_linked_48h,2,13116.620675784576,1550.8244530515453,14667.445128836122,26488.733328881477,54ebfd463764762793c11970e9dc3e26fa7e42ebd0b9d84ddd655d27bfc65db2,12521.228647425887,26145.1579210091,343.575407872376,631.1061187961113,18752.0375106295,3236.4835623128324,3509.0117917531284,1.1368683772161603e-13,0.0,0.0,0.013577752289873186,1.9551963297417387,12411.564626166026,0.18139877059270576,True
2025-04-05,full_linked_48h,2,15510.456895668476,9345.311389008526,24855.768284677004,32161.95538702881,1d57c9897e70af7f1f906fd9b33b73f92cb56c4e5eb01524ad4ef5de77fe330d,31329.793534138396,31933.62102771867,228.33435931014333,2782.904758379942,16043.730714922156,3509.0117917531284,8537.477943770062,1.1368683772161603e-13,0.0,0.0,0.013694028680119017,1.9719401299371384,31397.767015090583,0.18295222316639007,True
2025-04-06,full_linked_48h,2,34889.35389612831,2991.8627209957285,37881.21661712404,59105.65390450596,e9c0b6668b4d14214bbfa2f8b050975bf72e271d219d6e4858a08e8b8197ee10,31367.226819417527,57482.48119380371,1623.1727107022512,957.5721200567777,1676.3825183769018,8537.477943770062,8868.20338943074,1.4566126083082054e-13,0.0,0.0,0.013709343540338322,1.9741454698087182,31318.755239025402,0.18315682969891997,True
2025-04-07,full_linked_48h,2,34513.19992416614,6098.6599942912835,40611.85991845743,58407.24227239861,28acb575dbfc6fc77a6d637474e15330ecee428aeebb0492de1af0164fc5616c,31446.06200609068,56663.38227777214,1743.8599946264658,1968.1865343819654,3473.0797067712056,8868.20338943074,8881.69808094966,1.4210854715202004e-13,0.0,0.0,0.013832765334073984,1.9919182081066538,31385.767341259954,0.18480574486322843,True
2025-04-08,full_linked_48h,2,34444.78458645279,6448.244825051022,40893.02941150381,58147.46845419888,eff77f9a71ee69d11b87b9376ec848bb6f8dba201e0cdebf6f481eafcc495792,31150.510227325904,56045.834921515634,2101.633532683247,1377.4849737328987,1229.9841021720315,8881.69808094966,8705.179543532993,2.2737367544323206e-13,0.0,0.0,0.013270880244817818,1.9110067552537657,31265.460622173414,0.17729896007076604,True
2025-04-09,full_linked_48h,2,33997.69478370417,14537.406619546033,48535.101403250206,57406.88040012724,7d8f8e3bf4e2fbf132b8652bdbdef571b9b57c2c8f9c791b4ca250e7cb7c9eb6,30974.275047405492,56950.06579522803,456.81460489921176,4568.601536958553,505.37498333333315,8705.179543532993,8575.15608409659,2.2737367544323206e-13,0.0,0.0,0.013792005244492126,1.9860487552068662,31024.554827443742,0.1842611900664148,True
2025-04-10,full_linked_48h,2,31645.11832304346,5698.4251015414,37343.54342458486,51618.64718635305,2a7985b8624188ae93c506941062f6532889e1a1c0d2e1ccc4acb02d120e5d0b,12000.425607848192,50004.14935837776,1614.4978279752863,1642.5820783917302,952.3121543481841,8575.15608409659,3081.026580449875,1.1368683772161603e-13,0.0,0.0,0.012839050896622616,1.8488233291136567,11984.416492326032,0.17152971997887814,True
2025-04-11,full_linked_48h,2,12593.904248359733,1322.607671976914,13916.511920336647,25707.39638563074,ac69c0b5269679fed32b57381224a4fa8b03e403a04860d269022c3c301302cb,12195.829592274793,25377.403827759405,329.9925578713311,597.5124995261932,19557.29538355583,3081.026580449875,2878.617197535712,1.1368683772161603e-13,0.0,0.0,0.012599258682005003,1.8142932502087206,12239.872651928988,0.16832609599158685,True
2025-04-12,full_linked_48h,2,15407.719785860565,4841.837853131372,20249.557638991937,32277.057807324687,c23839de35f3d7cc3d34228c0f0e1ed201e6e56cc71bc076f77c9f923a0329d9,30399.874203489348,31924.66649966871,352.3913076559811,1497.0557887121308,16852.744800471148,2878.617197535712,8868.644390294707,1.1368683772161603e-13,0.0,0.0,0.012525440935051948,1.8036634946474805,30365.976614780488,0.16733989089229404,True
2025-04-13,full_linked_48h,2,32852.8830598966,6541.8724103312925,39394.755470227894,55444.270863217935,2b1c9b90168ae21e12ef6d8cd295d378a04172694945cef8368c3eff0780186e,29583.576501977503,53892.00473181368,1552.2661314042516,2007.739921815528,46.40630000000003,8868.644390294707,8518.211241377487,1.1368683772161603e-13,0.0,0.0,0.013312047464043845,1.9169348348223139,29544.85762069555,0.17784895411962579,True
2025-04-14,full_linked_48h,2,32376.889802980775,4399.2206202781745,36776.11042325895,53913.18444553708,9a434d2f5f8923cfea57a4f65ccfd9fa9c7c53190b243b98c890df16016b15b2,29711.967329405685,52346.88183328665,1566.3026122504316,1861.8255314878509,6.706558100393217,8518.211241377487,8224.866430881642,1.4210854715202004e-13,0.0,0.0,0.01327493694306112,1.9115909198008012,29741.467933115156,0.17735315755929656,True
2025-04-15,full_linked_48h,2,32669.736084787073,6842.89573340557,39512.63181819265,54415.72496358055,f6f197172718b5d73c5bad68c247c0788c751453f42accaf57a66943e1ed085a,29479.3634066292,53418.162425523595,997.5625380569554,2057.686991615443,3339.6216488693553,8224.866430881642,8361.445614407789,1.5987211554602254e-13,0.0,0.0,0.01425157848663932,2.052227302076062,29435.43365190738,0.19040108858150132,True
2025-04-16,full_linked_48h,2,32253.97500716339,11422.363752782703,43676.33875994609,53632.94369356863,4e4a299044eb931f27999a6fb0d3af0661f0f627b9b988f372a217726581c188,29293.867440659174,53019.282200335445,613.6614932331872,4505.683732145604,0.0,8361.445614407789,8149.276557145598,1.4832579608992091e-13,0.0,0.0,0.013462048265258394,1.9385349501972087,29344.942431683583,0.17985296482385213,True
2025-04-17,full_linked_48h,2,30531.141202242696,6653.0364675870005,37184.177669829696,49507.425710089425,775b22b4b6591ef14a101af9714b4e5afb3107638f12ed758fc990cfc3a849c6,11962.274344121122,47853.030699367824,1654.3950107215985,1734.322063542563,393.2432295010842,8149.276557145598,2858.3072468358178,1.1368683772161603e-13,0.0,0.0,0.013670386861526317,1.9685357080597896,11880.483043413406,0.1826363684699916,True
2025-04-18,full_linked_48h,2,12132.106137666711,2981.122652879889,15113.2287905466,25206.388549018444,07d8e089e4e470332006be1adb8a62b4a6a1bd852dada13493598e0dc884886c,11674.704849670048,24985.237236687855,221.15131233058946,929.3580863141235,18133.23475075315,2858.3072468358178,3001.5403627725673,1.1368683772161603e-13,0.0,0.0,0.013240975131541037,1.9067004189419094,11500.736839245015,0.17689942775738826,True
2025-04-19,full_linked_48h,2,14644.637501790443,1424.8218514522987,16069.459353242743,31199.20040130463,d2a1e51e3e5f4ebaf6ceab31adf3afa7585f9eb5ee8eb522aaba8a49c3fd8590,30259.669007421187,30532.86398370979,666.336417594837,445.7147129046508,17098.856893115288,3001.5403627725673,8502.338247776739,1.1368683772161603e-13,0.0,0.0,0.013132802955725411,1.8911236256244592,30231.195073387516,0.1754542474884915,True
2025-04-20,full_linked_48h,2,33237.512510621615,6122.374799614656,39359.88731023627,56713.57995206279,719c3df97b708a9313001e198d6bfc7efa24ca493c049a18a06152d99fb59ede,29826.928573557954,54487.14386759941,2226.436084463373,1652.541665565485,1999.9475026601035,8502.338247776739,8779.760489830416,1.1368683772161603e-13,0.0,0.0,0.013492008965840796,1.9428492910810746,29713.42733860828,0.18025323978363303,True
2025-04-21,full_linked_48h,2,32736.99269348368,1906.3232076168338,34643.31590110051,55887.517207837416,abf46e1a003cc4d47205f587db22e0e4e8490d3f21d3f0c99b667e17f92cd92b,30030.99576291912,52575.590783212894,3311.926424624529,585.5506163038026,3176.065844642082,8779.760489830416,8440.507090485342,1.4210854715202004e-13,0.0,0.0,0.013615986721561057,1.9607020879047923,30069.404911908252,0.18190958260005574,True
2025-04-22,full_linked_48h,2,32933.16882818355,7959.042430932141,40892.21125911569,55916.17427577795,e8f0976bbfcb6ead6afb52b54a118e70d941d576303f5eabcb08cb239ce2b1cf,29697.417645859656,53492.760277078174,2423.4139986997793,2678.2067997010363,2088.188080956908,8440.507090485342,8531.8789489918,1.1368683772161603e-13,0.0,0.0,0.01327417458418899,1.9114811401232146,29694.91243958049,0.1773429724447649,True
2025-04-23,full_linked_48h,2,32925.526882959246,6685.535986220074,39611.06286917932,56123.4127929015,5fcdcae15a4a61ce1f25b5bd8855bd24d93fc3796f0699d63ec91cdb3ba182fe,29728.369487995704,53899.90430210488,2223.5084907966248,2262.877321144736,2748.717561971647,8531.8789489918,8709.668794053858,1.7053025658242404e-13,0.0,0.0,0.014083287361144257,2.027993380004773,29646.25380861391,0.18815271914488726,True
2025-04-24,full_linked_48h,2,28792.95055105396,1800.1991998220353,30593.149750875997,46938.40441079042,a6270a3c067f78d7def407d3721ef4b901dc3f6e186818869926721e71bc20ae,11234.263023009575,44476.929227668676,2461.4751831217395,534.3949593203436,2549.2558439522286,8709.668794053858,2614.796100853745,1.6342482922482304e-13,0.0,0.0,0.014139917235297617,2.036148081882857,11164.683990912908,0.18890929426357617,True
2025-04-25,full_linked_48h,2,11470.67384813061,354.60338525977807,11825.277233390387,24217.61553731779,a363d92b333b8dd1c4d92dd61469c46010187ef5376a84269dd6b00ff3b199e1,11318.740479736174,23760.1673759772,457.44816134059533,91.15568480271224,21049.230561804463,2614.796100853745,2192.691961214498,1.1368683772161603e-13,0.0,0.0,0.01354777254245063,1.9508792461128905,11343.899218324126,0.1809982411671404,True
2025-04-26,full_linked_48h,2,14315.002313337976,5546.394464469144,19861.39677780712,31087.30752098059,705e48015f9551ea834b7ea8cb78c030dc6f685bb13febcf15fc559cb1612896,28066.745588906204,30811.486251453316,275.8212695272758,1444.790119654633,24414.23362851302,2192.691961214498,8427.954968357195,1.1368683772161603e-13,0.0,0.0,0.01349797880559183,1.9437089480052236,28117.742510082164,0.18033299684270687,True
2025-04-27,full_linked_48h,2,30760.979495720276,9501.815295397646,40262.79479111792,52386.08970186231,3ae35b8b7bbc42ff413f52d584937af96d1fbb662b03aee72a6b0421fc7f90bb,27840.921222340832,49464.65545217256,2921.434249689743,2259.3740873751412,1428.1177660572173,8427.954968357195,8352.369415208554,1.5798473640415978e-13,0.0,0.0,0.013816848943355985,1.9896262478432618,27836.374581333188,0.18459310188323597,True
2025-04-28,full_linked_48h,2,30708.66962408065,26014.469205697285,56723.138829777934,52189.39877520974,8098afa0fe9a59bdb94f05aa6453f3f9d1105584360558d1d36a756fd199cfd1,27784.915849701967,50239.66527387344,1949.7335013362938,8191.704610833389,0.0,8352.369415208554,8347.585740601915,1.1368683772161603e-13,0.0,0.0,0.013835383680998348,1.992295250063762,27782.502308365303,0.18484072597813792,True
2025-04-29,full_linked_48h,2,31585.694726461872,5457.3845459697,37043.07927243157,53752.26391407233,e30a7e539639828fca78385ed6220f512dd2b5e8b61dfc7b68d5e0e83ac996ee,28363.66807680198,50788.87473760674,2963.3891764655964,1266.1027353252744,2429.284920362232,8347.585740601915,8838.924985764523,1.1368683772161603e-13,0.0,0.0,0.014679697910347992,2.113876499090111,28245.475766385276,0.19612076408224918,True
2025-04-30,full_linked_48h,2,31113.32754330051,4073.9007272220897,35187.2282705226,52642.61249343421,467398aed9e9e9d9a7fd47fe0ace79d3b7a5124aad10c3b6980e404a6a04e08d,28194.013066380125,49597.96291968945,3044.649573744752,1731.4331385016235,1865.3051519827338,8838.924985764523,8347.664020981283,1.3145040611561853e-13,0.0,0.0,0.013195213298685202,1.900110715010669,28195.222312520556,0.1762880496704343,True
2025-05-01,full_linked_48h,2,28231.29902482599,18627.572170974643,46858.87119580063,45768.9226420588,b14b905cb8c147882ef5549e49c18e9040e1d50e754dc3af9b40871e46d02e2f,11019.907024429045,43239.79767851066,2529.124963548141,3567.5465338675385,1468.5894921099543,8347.664020981283,1200.0000000632713,1.1368683772161603e-13,0.0,0.0,0.014036398423842102,2.021241373033263,11365.265151588104,0.1875262829425305,True
2025-05-02,full_linked_48h,2,11632.2987562862,26697.476989761533,38329.77574604773,24796.249958357366,c145f6d5c9649e0068050df7aa1a80850a977669476294ee156102cd68158d99,11084.015252863184,24699.525507301245,96.7244510561174,6217.1284475848925,15236.747816666666,1200.0000000632713,1314.819573680619,1.1368683772161603e-13,0.0,0.0,0.013523324626172931,1.9473587461689021,11369.001919675378,0.18067161700567036,True
2025-05-03,full_linked_48h,2,14144.568854109093,16406.51728978934,30551.086143898432,30549.88912962596,cabb8af19305fee05e85416331ce35610b436b4ee9105f3fc419c4533e8e0c25,31390.68821685693,30342.803128015374,207.08600161058212,3754.787353020795,18127.488856885073,1314.819573680619,6915.482199677441,1.1368683772161603e-13,0.0,0.0,0.014064710867791696,2.025318364962004,31611.11085493386,0.18790453719369704,True
2025-05-04,full_linked_48h,2,30230.66900521576,21017.385608092056,51248.05461330782,50680.366187744,0cf536f0f5db0f927e9dcd3915d14c1324950836f9ef6be10eb13c8a5366be91,31891.83310124192,49214.69779559416,1465.6683921498404,6070.572848907228,1997.915292683373,6915.482199677441,6784.47713657472,1.1368683772161603e-13,0.0,0.0,0.014906622403133143,2.1465536260511726,32201.630521566323,0.1991524753058588,True
2025-05-05,full_linked_48h,2,31836.069819827862,18792.275424130265,50628.34524395813,54150.5985026054,2bbd71368ad060ea0a649b24b4204cec9d4e0474b0a64545a6089f211a5c3f59,28049.757025809326,53544.22071538132,606.3777872240821,4332.4121175617,0.0,6784.47713657472,7618.876008046726,1.7053025658242404e-13,0.0,0.0,0.013487897645568915,1.9422572609619237,28348.549382294776,0.1801983125448007,True
2025-05-06,full_linked_48h,2,30149.59550509094,18096.661284454764,48246.2567895457,51084.67509735146,56e27f3f810f569ac44992a4ad71c8654d5b11162047af635ced50ddef9c4b8e,31271.366457618413,50786.79355814003,297.8815392114219,4516.49549771651,744.8261068912692,7618.876008046726,7397.472629672488,1.7053025658242404e-13,0.0,0.0,0.014225513321232737,2.048473918257514,31611.82598013404,0.19005285797166935,True
2025-05-07,full_linked_48h,2,30545.79003745412,25452.119474430103,55997.90951188422,52282.79534527212,eb9fc8ef34888273908eedd62e2c953ec4494f68c41aad5b7ab2d52f20bf3893,31850.211751479248,51608.481391660855,674.3139536112619,6116.537138542575,228.07266888358959,7397.472629672488,7927.2976557969305,2.2737367544323206e-13,0.0,0.0,0.014654572667900033,2.1102584641776048,32090.07148251149,0.19578509084314444,True
2025-05-08,full_linked_48h,2,29469.08390949652,18434.17704851909,47903.26095801561,47342.26347810191,622a1e9d55a1c8c14247a2b264c6e0d20773ba8fd7b8ef99d4e25ac49c4a9b0b,11860.300031991766,46506.16410194409,836.0993761578275,5186.372984792362,392.65415818916676,7927.2976557969305,1839.4054426792875,2.2737367544323206e-13,0.0,0.0,0.013306711550386454,1.9161664632556494,12091.292713171575,0.17777766631316302,True
2025-05-09,full_linked_48h,2,12395.105882233509,10244.389105485523,22639.49498771903,25610.25214719649,11efdf88d1c572a457a84b4397eb34769b036ff09680f4bcfa3a2784fe2a0ac6,11785.049127668844,25104.45864152975,505.793505666743,2201.6439609397275,17440.349690368806,1839.4054426792875,2004.8398491251614,1.1368683772161603e-13,0.0,0.0,0.0135465194319598,1.950698798202211,11894.355757972102,0.18098149961098292,True
2025-05-10,full_linked_48h,2,17436.523513514538,4767.270204665153,22203.79371817969,34262.489040175584,0c443926aed5c18f613c698aea60445f3724663a21b9b9cc5e7150ab23b1f10a,32043.442531309345,33836.75172646242,425.73731371315756,1292.7627498224754,15550.880417135164,2004.8398491251614,7983.649089427192,1.1368683772161603e-13,0.0,0.0,0.013052409481436674,1.879546965326881,32338.578414395237,0.17438019067199395,True
2025-05-11,full_linked_48h,2,35470.7278534088,4474.786467856681,39945.51432126548,57857.64052190238,5886e868f9c89b11069b7a19a1f0b02192d3d8e07d425d92be5c04609bcf76b4,32584.84566780566,56407.70333133094,1449.9371905714452,1421.7135981988695,446.2875094228718,7983.649089427192,8072.066175444895,2.2737367544323206e-13,0.0,0.0,0.013185875861987975,1.8987661241262686,32839.57299459011,0.17616330151615936,True
2025-05-12,full_linked_48h,2,36018.3710289506,1700.4380819040007,37718.8091108546,58909.25235011069,946b825d76b9b5b4b2134fd6dcd6fb8749223e363853975e078acff9bdfc8b6e,32733.264547452294,57482.519612715565,1426.7327373951298,296.4136763126211,4042.167273587165,8072.066175444895,8303.602374985789,1.1368683772161603e-13,0.0,0.0,0.013325547104209868,1.918878783006221,32847.72468315741,0.17802930931224384,True
2025-05-13,full_linked_48h,2,33014.12168008144,7423.136300042448,40437.25798012389,56348.241077258,0e7ebce0d92f1251340bd3736a4f3d186a51e9e8357c010c406729b1bfa926b1,29906.38436297565,54420.94224004485,1927.2988372131522,1357.7739602920803,810.5893546882002,8303.602374985789,8354.351131991158,2.2737367544323206e-13,0.0,0.0,0.013245768833965284,1.9073907120910008,30013.420345253522,0.17696347162177617,True
2025-05-14,full_linked_48h,2,33490.968869164615,3497.5845694252307,36988.55343858984,55841.51730547402,496a0cf1367c3561adcccbe19072cb6f6f704c728b5ec7148401dccc54b015fb,33861.32553830431,54836.64423043528,1004.8730750387471,835.5462950357569,621.7112162409034,8354.351131991158,8639.59685363523,1.1368683772161603e-13,0.0,0.0,0.013650947062665687,1.965736377023859,33877.13959525676,0.18237665275721357,True
2025-05-15,full_linked_48h,2,30784.2360044069,6497.114895990232,37281.350900397134,48589.0316404877,41e69c266204b72154bcdf67d03ab05b7c3db7f181d6ba577d74628800bf2103,13777.20733599631,47246.766828733795,1342.264811753897,1761.839883923211,767.6470718167835,8639.59685363523,2714.62838806611,1.1368683772161603e-13,0.0,0.0,0.015258487263862561,2.197222165996209,13492.109636100371,0.20385338984520382,True
2025-05-16,full_linked_48h,2,12964.997210546437,926.8988798423122,13891.89609038875,25398.553022298816,2526b73dc901fbbe61b3a3190aefe8b518e62ce3a394c8d5c4affe7a0437b6cd,13917.243874472677,25064.72932607957,333.8236962192431,373.14347123649725,22116.707614684045,2714.62838806611,2129.274582378992,1.1368683772161603e-13,0.0,0.0,0.014486584229113456,2.0860681289923377,13911.508658609167,0.1935407653009558,True
2025-05-17,full_linked_48h,2,16018.718882686597,9926.41346349449,25945.132346181086,32663.69163870448,bf9968c20c44d1b8ef778357545cc9df5f144dad71e1847ff9dedff7aa9d7167,32961.82098199886,32529.374222034337,134.31741667014506,2889.0369167759113,17231.018769542374,2129.274582378992,8354.134818746566,2.2737367544323206e-13,0.0,0.0,0.013904880765039707,2.0023028301657178,33000.070962583726,0.18576920702093047,True
2025-05-18,full_linked_48h,2,32839.260825418714,7085.53770301256,39924.798528431274,53966.893030329185,c12b88b4e9b4d693146b30c2b85704de9dea4d0872fed546bf36a681b45fe5ca,32912.17142406693,53120.891353693856,846.001676635328,2848.8394959556417,46.04567867682877,8354.134818746566,8828.781338452482,1.1368683772161603e-13,0.0,0.0,0.013560549542995027,1.952719134191284,32738.020150335527,0.18116894189441357,True
2025-05-19,full_linked_48h,2,32596.26882148928,3287.2898573111706,35883.55867880045,53583.89896147051,f153c41cec73bda8240f5fbe473fd41696bbd2923566319ae1e6952e0b631954,32675.433042720368,52349.82076376661,1234.0781977039014,1164.472376214284,4543.1399782958,8828.781338452482,8618.645728043626,1.1368683772161603e-13,0.0,0.0,0.01484782001393291,2.138086082006339,32595.345128801946,0.19836687538614367,True
2025-05-20,full_linked_48h,2,32313.888276046557,13396.999735852794,45710.888011899355,53058.84806463617,67103b8a62b65a20ebf318ab0eb5fa0e52bb5236130a864cc5fdd3b8e16b6ba4,32526.675528077583,52218.308518997175,840.5395456390046,4532.495278867412,625.2538171940714,8618.645728043626,8497.437621045896,1.1368683772161603e-13,0.0,0.0,0.014022373279254275,2.0192217522126157,32500.81904764326,0.1873389070108371,True
2025-05-21,full_linked_48h,2,32619.761230956814,8894.718980789174,41514.48021174599,53636.989818373666,9100b7cea3e582769c8afbab804218a7e800df0deb275c8ee6b67e953862c437,33023.42609645307,53038.88033659212,598.1094817815534,2711.811447645765,2660.010106346381,8497.437621045896,8619.60259391488,1.2789769243681803e-13,0.0,0.0,0.014045962695389689,2.022618628136115,32942.88595243579,0.18765406161040624,True
2025-05-22,full_linked_48h,2,30058.729787162898,5450.4672234728505,35509.19701063575,46612.57794896425,6cff9581a825d444a013fadd6ca83b7aaaf22fa22219420f33ddc59a6efcf468,14117.473095062529,46184.94133818269,427.6366107815619,1665.8297853012784,1088.449734200415,8619.60259391488,3232.2564385876726,2.2737367544323206e-13,0.0,0.0,0.014622881964290476,2.1056950028578285,13598.435923577565,0.19536170304292075,True
2025-05-23,full_linked_48h,2,12887.254276444462,6351.403534629988,19238.657811074452,24859.40270271418,119fd1ecf5ce4ee053b8ac201c17cd08abc40f4e1fcf88242a982f2bfd3ed187,14277.731073425244,24612.024153857707,247.37854885647332,1915.0781846943717,19282.578656396967,3232.2564385876726,2802.852539437197,1.1368683772161603e-13,0.0,0.0,0.01449582759071038,2.0873991730622947,13931.914569535222,0.19366425661189068,True
2025-05-24,full_linked_48h,2,16173.709833821782,1370.3825727838102,17544.092406605592,32369.521891730878,bcd14efe7c551a89b113433fd9cf87e8637457b9335f1b7195d1a11440b6428d,33206.15011541429,31750.88197131981,618.6399204110664,581.5551684147667,20674.45040573241,2802.852539437197,9166.796679164436,1.1368683772161603e-13,0.0,0.0,0.01341366925872636,1.9315683732565958,32869.926912076735,0.17920662129658416,True
2025-05-25,full_linked_48h,2,32263.203028054806,2490.709920846648,34753.91294890145,52021.968516607914,390b2e07ce31005e16d2cbdbdf943fe9a9bedfd7420aa8f1b196e29495f7eddc,32790.798024152304,51586.435990397425,435.53252621049,932.5711152943435,2868.855677087833,9166.796679164436,8676.560884492454,1.1368683772161603e-13,0.0,0.0,0.014898607944107627,2.1453995439514983,32468.692324934604,0.1990454021332779,True
2025-05-26,full_linked_48h,2,31746.195883083365,12454.622855581076,44200.81873866444,51015.52146561502,e0927b5599fa64fc87ae66615f342d69f429b691f21db016e512764ffe3ff547,32892.43651241848,50703.81467011875,311.7067954962698,5094.210989287729,102.56385278388501,8676.560884492454,8070.193916813133,2.2737367544323206e-13,0.0,0.0,0.01488248413705959,2.143077715736581,32542.585279787756,0.19882998807111613,True
2025-05-27,full_linked_48h,2,34712.17029786118,486.7082977711968,35198.87859563238,57181.05630634763,7ebc8880c64b11e4416089527ab87e68f443ff0ad8f395dbc1ca81bd462b8381,31281.72304550176,53607.63000130584,3573.4263050417812,222.8551088947239,1394.3340958003657,8070.193916813133,9414.726560783916,2.2737367544323206e-13,0.0,0.0,0.01330835008836099,1.9164024127239827,30998.5482928502,0.17779955718050283,True
2025-05-28,full_linked_48h,2,33696.7710658577,7691.978818723987,41388.74988458169,54839.032065991545,988c41ac18b2b456891a95645bab39e5ab6b87a481fae8521975ce867673dd32,31457.13674269514,52369.041458866646,2469.990607124909,3165.48723221403,1649.7492141725586,9414.726560783916,9286.964491747229,2.2737367544323206e-13,0.0,0.0,0.013561758937107192,1.9528932869434357,31054.422538491675,0.18118509939975208,True
2025-05-29,full_linked_48h,2,31284.96960299443,9482.456304472324,40767.42590746676,48653.38717294442,3b8081fa25d0bad29760d9c82b876b84dfbf62e2e71d16bc0ab51e25152a85f3,13618.469927962382,46769.538214311986,1883.8489586324372,3580.495457915799,559.6115079175879,9286.964491747229,3474.351643357036,2.2737367544323206e-13,0.0,0.0,0.013807546861749466,1.988286748091923,13035.955118278243,0.18446882607297285,True
2025-05-30,full_linked_48h,2,13241.712266529456,10764.769587707991,24006.48185423745,25169.29287844708,0cd87cb5c1b941ddcf800d9e252d690d7619fb0db7558c0ab70f2a03f5ead8c7,13880.52073686831,24769.14514335476,400.1477350923194,2908.7547662061747,19813.640482725343,3474.351643357036,3489.624598556011,1.1368683772161603e-13,0.0,0.0,0.013657874146196668,1.9667338770523202,13253.337917641522,0.18246919859318747,True
2025-05-31,full_linked_48h,2,17976.188320135887,5692.122582706763,23668.310902842648,33868.984707807176,80075bb6d390e3a31ea76ef85b41c85481ed212624be126a8555b2a89eb90899,32953.515881202205,32872.94489776695,996.0398100402213,1743.0369733700586,17845.465885892685,3489.624598556011,10322.817092988784,1.1368683772161603e-13,0.0,0.0,0.013026971615949555,1.875883912696736,32207.56825175557,0.17404034078908606,True
2025-06-01,full_linked_48h,2,35563.71478135952,46347.345830379556,81911.06061173909,56152.216321717795,d517db2c415bf7a4c55050c27987362dda427b5ca0580f44f1a8b23659538173,32942.488221157015,56152.216320307685,1.4101063925409107e-06,14148.89441954387,0.0,10322.817092988784,7408.013132474668,1.5276668818842154e-13,0.0,0.0,0.01325877230738115,1.9092632122628856,33490.430769750055,0.17713719802661218,True
2025-06-02,full_linked_48h,2,36731.71382247607,43740.5356681261,80472.24949060217,61068.7608918325,dbe2e4dc4157b73c47569d46db0a312eb22932e4acc926158f955a765eb67f18,33127.829434452506,60071.214272538375,997.5466192941275,10889.53910571294,0.0,7408.013132474668,7650.463872692933,1.2256862191861728e-13,0.0,0.0,0.013645278306487145,1.964920076134149,33621.167101684536,0.18230091817466826,True
2025-06-03,full_linked_48h,2,35982.40102676996,36633.156271357446,72615.55729812742,59097.63714167036,4d90e930e21941522ef4b29ba0c7eb40480c3e67b538fcd474fd238d80ac9f78,34585.53329669749,59092.520202524836,5.116939145521542,11252.577323401,8.198975637357762,7650.463872692933,7664.511648938354,1.3855583347321954e-13,0.0,0.0,0.013459454516325624,1.93816145035089,35068.87398914864,0.17981831233811035,True
2025-06-04,full_linked_48h,2,39502.215336288,32766.769972511345,72268.98530879934,65643.07601462804,2fa095d3530083c6fad236d642b63dd6b2b126351251fa1d802edd9d9649b2dc,35554.92955378847,62326.57999040601,3316.4960242220172,9660.190150654078,296.52436666666654,7664.511648938354,7720.280132261199,1.4210854715202004e-13,0.0,0.0,0.013186697597524876,1.898884454043582,36065.449807903824,0.17617427990293233,True
2025-06-05,full_linked_48h,2,37109.43407327643,37121.32372731999,74230.75780059642,59384.85790630293,d4c30cde8b3c45c291891fcaa1bf8226010b71556fe45beb9db0f4640037c5b0,14524.972209787646,56149.118889669015,3235.7390166339205,10544.868361338204,340.34989663266396,7720.280132261199,1200.0,1.7053025658242404e-13,0.0,0.0,0.013936358194364907,2.0068355799885467,14931.168550837623,0.18618974547671516,True
2025-06-06,full_linked_48h,2,15303.509230808017,43613.42761607509,58916.93684688311,28736.64899650607,97ae3180819aa58cb24b064080921c2cb67a884c4528a5d7ecbbb42bf3999806,14862.281586735973,28731.222032162048,5.426964344019893,11744.47424089143,8380.24503808411,1200.0,1200.000000063259,1.1368683772161603e-13,0.0,0.0,0.013731744472857422,1.9773712040914688,15310.662133145257,0.18345610615737518,True
2025-06-07,full_linked_48h,2,18815.362257347515,29720.123284784826,48535.485542132345,36656.08970051153,d9c29dadd181b415beb16a2491be9970d8028d2c9afec5a02a700e566e4457c7,40469.52399124137,36656.08969886518,1.6463581005154992e-06,8180.84632883499,5339.090457671344,1200.000000063259,8000.025523307503,2.2737367544323206e-13,0.0,0.0,0.012647141783721358,1.8211884168558754,40896.59402625164,0.16896581423051732,True
2025-06-08,full_linked_48h,2,51702.362421934085,2004.6908389659916,53707.05326090008,83069.17014695265,2488f6552cfeee5014cf16267c7c68d7c97e809e31bf0fec66e615c04a8b4d37,47746.17771328618,69836.99522441313,13232.174922539534,455.0683910748024,3273.7455034407753,8000.025523307503,8297.86715931406,2.2737367544323206e-13,0.0,0.0,0.013404670451361907,1.9302725449961144,48232.06207773746,0.17908639723019507,True
2025-06-09,full_linked_48h,2,50601.754706960404,9488.204192495876,60089.95889945628,81377.29659039946,73889956a4a1a101a72304719a59b4b49d3938599862f910a746330a94685f60,47358.052914430475,71470.40340833394,9906.893182065529,1863.4808962896038,808.1220500000004,8297.86715931406,8055.896148301639,2.2737367544323206e-13,0.0,0.0,0.013324676194921873,1.9187533720687497,47952.82232493831,0.17801767396415621,True
2025-06-10,full_linked_48h,2,51139.05227931822,4335.947669317134,55474.99994863535,82168.99344685223,2024aa250935188e5b046585b4f20e107e42d2db4bbfe5ebe2697c442878541b,47431.305831422644,73275.90672323534,8893.0867236169,903.636196558044,836.7388890588727,8055.896148301639,7900.307915855541,2.2737367544323206e-13,0.0,0.0,0.013768609909069104,1.982679826905951,48096.088719102176,0.1839486283851632,True
2025-06-11,full_linked_48h,2,50988.2499399041,17238.17848649975,68226.42842640384,81848.81760781766,676d1cd168d2340c85c563c4f1befb2444b9f4d67041a74eae03ad7bfb0cf928,47921.915351545234,73715.9297926078,8132.887815209858,3647.033265695317,238.99355000000014,7900.307915855541,6910.650266989386,2.2737367544323206e-13,0.0,0.0,0.01348247159633805,1.941475909872679,48885.12025980215,0.18012582052707635,True
2025-06-12,full_linked_48h,2,49808.22199786994,1137.321234805026,50945.54323267497,78028.42963543053,7949f9f0267dfe2e2a8a1337cb7f38fba89e9a3eb103b86edb6dccbf216cb79f,20225.28057028243,69107.21060303635,8921.219032394176,286.13653247626434,500.53538333333336,6910.650266989386,1620.0314769452048,1.6342482922482304e-13,0.0,0.0,0.015600538548420041,2.246477550972486,21025.919640083746,0.20842319500689174,True
2025-06-13,full_linked_48h,2,21961.43621751532,935.6670485902224,22897.10326610554,38867.63061435331,da83ff3c9971ceb884bdccd4a3dd4880aee4dbff6690400e917b15a4fad0911e,20464.392613375072,35872.69470803116,2994.93590632215,328.5941262352085,4353.230101373531,1620.0314769452048,3814.150861899025,1.1368683772161603e-13,0.0,0.0,0.014593633146230585,2.101483173057204,20391.20571375892,0.1949709388336406,True
2025-06-14,full_linked_48h,2,23521.58669800534,51.73595898917131,23573.32265699451,42503.503241448605,734834e28050f58b089d4abb4ef3fce5e5d4deb551a105c7c3e428a7a5c0ebcf,50417.70843739188,40508.30602220535,1995.197219243258,23.184386730527137,7288.079418929323,3814.150861899025,9415.762272657747,1.1368683772161603e-13,0.0,0.0,0.0131834195835836,1.8984124200360384,50371.26816371613,0.17613048563667688,True
2025-06-15,full_linked_48h,2,53151.13859624713,0.0,53151.13859624713,84597.93139734224,f698187fd27b14630d6b2a9eb9bc4502684541f8ce530d4c431300910b4a53f0,49706.88443326401,73270.53640497188,11327.394992370362,0.0,7.506116666666912,9415.762272657747,10129.168500430114,2.2737367544323206e-13,0.0,0.0,0.013439321714233503,1.9352623268496245,49285.839263411304,0.17954933810215962,True
2025-06-16,full_linked_48h,2,52473.99019050432,64.37008916666638,52538.36027967099,82512.23466569933,ea07107b0953a7169c50fa1d3e7265afb8d900a85b11d96e93051c4a5f5e2f44,50558.24530009403,73279.2031119687,9233.031553730656,9.54833333333329,704.8967833333334,10129.168500430114,8157.265506648881,1.7053025658242404e-13,0.0,0.0,0.013335961798778348,1.920378499024082,50907.04921141448,0.17816844963167872,True
2025-06-17,full_linked_48h,2,52247.78487265801,2741.7060651313986,54989.49093778941,82995.21889446564,e365d8adff110a50900ccfbde7da005c8698afc1542884a598be2f84b8c21815,49371.884388084,75594.7934188023,7400.425475663326,657.7076441954667,55.2630833333335,8157.265506648881,7676.029568363684,2.2737367544323206e-13,0.0,0.0,0.013865798895696772,1.9966750409803353,49920.157952473724,0.18524707324650888,True
2025-06-18,full_linked_48h,2,52845.23021303688,1314.1235545480263,54159.3537675849,84220.35677025063,09a7e46e65de1b5cfc8fef8e46e91694d9028e55152182b0b8e03b858440f90f,49802.269042907414,73763.53569164177,10456.821078608882,290.4670242270898,221.67273333333333,7676.029568363684,8776.901829699294,2.2737367544323206e-13,0.0,0.0,0.013309768180786503,1.9166066180332564,49855.930455727525,0.17781850289530768,True
2025-06-19,full_linked_48h,2,49461.41608902924,624.3648882831906,50085.78097731243,76416.17192752313,b9e9f2cd88d5d9b96bad7c6d74dac4af3dc63561b9b962492b9e9dfde8ac75c2,20957.77026296968,65728.14333475169,10688.028592771429,92.73826148779236,1567.7294666666664,8776.901829699294,3235.1627063722635,1.5631940186722204e-13,0.0,0.0,0.01565083505617319,2.253720248088939,20943.042463052087,0.2090951563504738,True
2025-06-20,full_linked_48h,2,20895.503130609508,5.050604047234231e-07,20895.50313111457,35170.8597232414,e4fc66c8df484b9a97aa7ad85304ab50c57818381d878d4144f6026b22f4baf9,20801.939011326634,32659.631092554024,2511.2286306873752,2.3758640388393815e-07,8898.465710613265,3235.1627063722635,3480.93933540526,1.1368683772161603e-13,0.0,0.0,0.014552779505417371,2.0956002487801015,20814.6130154821,0.1944251341923761,True
2025-06-21,full_linked_48h,2,23937.95882522314,24.570696628534225,23962.529521851673,42664.868925348725,f46f95034c0df45e11833ed2347d86c21f75eb82afb71933734374d1419e68e2,49730.8270359906,39472.37561315567,3192.493312193047,8.60921395533785,11283.002616461525,3480.93933540526,10799.999999753083,1.1368683772161603e-13,0.0,0.0,0.01348663424202338,1.9420753308513667,48994.12693378875,0.18018143347343235,True
2025-06-22,full_linked_48h,2,51702.77011624746,0.0,51702.77011624746,81671.53835260976,46fc53f8aa4907ff68ed38694b4b78bf57d6f1efebf9862f82dfead06f2c78e1,49043.43150354257,70238.60728885524,11432.931063754506,0.0,1105.4412666666663,10799.999999753083,10649.35264242763,2.2737367544323206e-13,0.0,0.0,0.014046478318050504,2.0226928777992725,48336.9751878652,0.18766095032915472,True
2025-06-23,full_linked_48h,2,51310.435714496096,0.0,51310.435714496096,81251.80902117235,04e163a19efd6b9bbfa4c46058c8b38e3fc7f6e9bfbed07fb4ba242457b87873,48713.1151057587,70053.89506614042,11197.91395503192,0.0,1178.690452137277,10649.35264242763,10534.498262327497,1.3855583347321954e-13,0.0,0.0,0.013412723139683495,1.9314321321144234,48055.02632589449,0.17919398114617152,True
2025-06-24,full_linked_48h,2,50817.47468745474,12885.708155066244,63703.18284252098,80573.36464137651,544565c35f565f12dd8bbce3d923fe6125eb53f071d5feaebb3d014731ad571f,48256.28428971221,75561.71438522474,5011.650256151776,2891.5293328536845,2.3541198146403985e-07,10534.498262327497,10615.63228997344,1.6342482922482304e-13,0.0,0.0,0.013410277521567574,1.9310799631057307,47579.07152800289,0.17916130768814278,True
2025-06-25,full_linked_48h,2,52495.20366505381,0.0,52495.20366505381,83148.61986954791,e691436f741527d0f5b4df5e6e21ed3b8ee6f9c4a6274ea2a81b78060e3a3ccb,50182.36596227738,72373.88588958942,10774.733979958486,0.0,25.33521713747279,10615.63228997344,10571.775701852452,2.2737367544323206e-13,0.0,0.0,0.01336414115434713,1.9244363262259867,49574.92981937433,0.17854492582207765,True
2025-06-26,full_linked_48h,2,49920.00740624701,0.0,49920.00740624701,76483.45018610901,3a2835447a4762ca7f7babbed28f88bca272dba47c4d1696efcd545e094f60ae,21840.73314006646,62949.602188671575,13533.84799743744,0.0,277.28804036464817,10571.775701852452,4156.680023471977,2.2737367544323206e-13,0.0,0.0,0.014749846911500854,2.123977955256123,21195.846528418697,0.19705795473765142,True
2025-06-27,full_linked_48h,2,21491.930528074085,0.0,21491.930528074085,36055.45794304063,aa8b6144f37fa5b4e718025173f97b4ec9aa4093220ee70a4be663247c800fed,21838.450465802685,32399.259423697542,3656.198519343084,0.0,10557.08305225028,4156.680023471977,5076.837542548403,1.1368683772161603e-13,0.0,0.0,0.016264648125595867,2.3421093300858047,20854.61282392524,0.21729569895796078,True
2025-06-28,full_linked_48h,2,24053.393459741303,0.0,24053.393459741303,42276.9716023367,6fb64efcc740c9b7734c0f0029d0679eeae9e04e063bbd1c1c6ca4a8cff408ef,51201.96428078501,37969.92925093858,4307.042351398129,0.0,8962.832501417293,5076.837542548403,10799.999999753083,1.1368683772161603e-13,0.0,0.0,0.013885122439104534,1.9994576312310528,50556.28269338975,0.18550523578643657,True
2025-06-29,full_linked_48h,2,54177.72931617598,0.0,54177.72931617598,85037.221620037,863138d9e3a990f5a2f2b8d43693463a525b1f755fc65c59ce50f97bc69ae5a7,51690.78209165583,72107.30962927232,12929.911990764684,0.0,1063.8172613724764,10799.999999753083,10799.999999751853,1.2789769243681803e-13,0.0,0.0,0.014701009827856777,2.116945415211376,50987.52657328753,0.19640549130016655,True
2025-06-30,full_linked_48h,2,48945.258703033134,4850.653808474684,53795.91251150782,76958.92272712263,c596be75b5ffc3c3066d30214ef922715d287783769b87112f8984d0a5ad6ccc,51112.51054401465,70410.5777438769,6548.344983245727,1448.5695224591755,97.35411666666664,10799.999999751853,10698.440817372397,2.2737367544323206e-13,0.0,0.0,0.01322034253947398,1.9037293256842531,50399.96652882684,0.17662377632737236,True
2025-07-01,full_linked_48h,2,49075.81293620747,8100.086127900563,57175.89906410803,77404.12900608842,b2f98191ed0ad2bad0833ff6dead5ac3ee2c0c773b90ca112095617da193343e,51392.98148481366,75300.47812250882,2103.650883579603,3201.743969141983,75.15796690207206,10698.440817372397,8181.454951932134,2.2737367544323206e-13,0.0,0.0,0.012931793978067516,1.8621783328417223,51789.31665431438,0.172768767546982,True
2025-07-02,full_linked_48h,2,48631.553824758965,8615.151960347579,57246.70578510655,77826.72150125545,8e977e368f7917575d35c2eac8118966796de0344ac4249b47027052595eca91,49433.20513748699,72931.04526574806,4895.676235507395,3098.6911715967526,1486.0050430875062,8181.454951932134,7950.00001509467,2.2737367544323206e-13,0.0,0.0,0.013930878193706222,2.006046459893696,49781.86151029806,0.18611653266791514,True
2025-07-03,full_linked_48h,2,45741.938958332845,16382.767934346219,62124.70689267907,70992.80937864492,e18cff978fafbceaf7717c49c1a96fc54fc8cf92e81dc11ee21e84820c140a7a,22122.39932437214,70234.47078941176,758.3385892331571,5441.3613306462985,263.46111550041195,7950.00001509467,1747.6241631483183,2.2737367544323206e-13,0.0,0.0,0.013481596657786414,1.9413499187212437,22370.193679525717,0.1801141313480265,True
2025-07-04,full_linked_48h,2,22518.841103090104,7940.650099559696,30459.4912026498,39107.21446875787,2f00719af84a4cb5d4d8ee7602b3de1c673e4024fb364e9719af069e3ceddff3,22125.227916332,38243.16970905634,864.0447597015309,2050.1293331270626,10308.55266644038,1747.6241631483183,1565.551520822483,1.1368683772161603e-13,0.0,0.0,0.01316645429041172,1.8959694178192876,22467.317433190572,0.17590382931990056,True
2025-07-05,full_linked_48h,2,25300.888724596334,11022.793711748389,36323.68243634472,46090.41808163801,2574679d6afc980eb975f438a8fd81632b9c029b5fa2a68dfcc81fea0128a5bc,43950.67180641974,44851.10599084539,1239.312090792617,2770.486599941325,10911.068121030097,1565.551520822483,7892.105592906763,1.1368683772161603e-13,0.0,0.0,0.01336059029987761,1.9239250031823758,44211.618348538854,0.17849748640636487,True
2025-07-06,full_linked_48h,2,46537.39536724953,30513.988764654714,77051.38413190425,74635.09397887808,8fe0560e3d97328f255e83ebebc382ff85b1c853f3765f4aeac66abe239107cf,43243.13497879356,73393.46350364976,1241.6304752283027,8829.253603927744,0.0,7892.105592906763,8077.598465835348,2.2737367544323206e-13,0.0,0.0,0.012961995972849158,1.8665274200902786,43439.73776316826,0.17317226619726475,True
2025-07-07,full_linked_48h,2,46173.99873260679,10904.760725715205,57078.759458322,73687.56303108443,d1c0818c0250d3ee810c385d61a473e72399686ca099a98f00868b220866f441,45490.24712832851,71411.87814347401,2275.684887610424,3870.1336379268546,263.65454270825313,8077.598465835348,7771.684482414107,2.2737367544323206e-13,0.0,0.0,0.013389565102342103,1.9280973747372627,45797.804730445336,0.1788845897672905,True
2025-07-08,full_linked_48h,2,47851.08524457325,16998.693133104593,64849.778377677845,76092.3774094415,6b8259cc769e95b473f28b9628bf544f732f429b501effb5418609231c237d41,44362.25307431073,73991.33218210217,2101.0452273393366,5223.435683153431,808.3024643846055,7771.684482414107,8462.944747297854,2.2737367544323206e-13,0.0,0.0,0.013397129020732892,1.9291865789855365,44386.296267375816,0.17898564371699144,True
2025-07-09,full_linked_48h,2,47280.04167971833,8526.355577805025,55806.39725752335,74746.68086303014,514a5f277a1c10e1b0600b305f73724477c5d9e70f0167e615449443dbf0372f,44506.50977653728,72729.7231810895,2016.9576819406325,3504.4550070634027,15.353584492588341,8462.944747297854,8524.152778237823,2.2737367544323206e-13,0.0,0.0,0.012819729772470763,1.8460410872357897,44503.164769234405,0.17127158976020937,True
2025-07-10,full_linked_48h,2,44854.44584628439,7446.51709471009,52300.96294099448,68385.60901555153,9cae545e470dbbd7f615c9120166f59826a8edadc5bd06029cfcb8cee2267d09,23423.54479298585,66080.66514766643,2304.9438678851006,2693.5508169663008,546.1498478787584,8524.152778237823,2179.6188615228657,2.2737367544323206e-13,0.0,0.0,0.013339914368569024,1.9209476690739393,23384.30081220918,0.17822125596408214,True
2025-07-11,full_linked_48h,2,23098.967674760468,11769.800156771395,34868.76783153186,39465.08753904459,9cb7d78a2f569b2a349828d03bdc7c5055acc049799fc6dc83da7e242d047eaf,22767.01882535522,38943.48858117341,521.5989578711651,3498.455235965841,8949.789487893271,2179.6188615228657,1891.7597914876226,1.1368683772161603e-13,0.0,0.0,0.013291131604597063,1.913922951061977,22992.966891053275,0.17756951823741676,True
2025-07-12,full_linked_48h,2,25954.402089441155,9825.902272083043,35780.3043615242,46416.708054857285,a489bf3e59aeaac5e6489970b31d96660fa13a43e9ee66b476c54d732640c85e,43492.399991888306,45749.181660235976,667.5263946213128,2519.20899416012,9818.040799325756,1891.7597914876226,7720.884151540043,2.2737367544323206e-13,0.0,0.0,0.013058951055427315,1.8804889519815333,43755.25555323056,0.17446758610050891,True
2025-07-13,full_linked_48h,2,46914.89361151964,4183.48781782895,51098.38142934859,74738.54637769668,b18dace0783a28a486a3f842c9a865f48dbc7edf56bebcdc10ce8630fd620042,43689.9225949196,72192.77406878537,2545.7723089113065,1065.7377683976852,1761.2803301412173,7720.884151540043,7954.766390212353,1.4566126083082054e-13,0.0,0.0,0.013303913716501685,1.9157635751762427,43872.31963032435,0.17774028725246252,True
2025-07-14,full_linked_48h,2,46056.84276626003,7139.611758306152,53196.45452456618,73222.76468857918,e3bf3653ab0367c8150d1a50c63a6aee7d84c9f7f2e80a29fa6c14e87cd57ed3,45636.18092029898,72134.63285181572,1088.1318367634565,1870.1952726533082,323.3160335675806,7954.766390212353,7949.524160404145,2.2737367544323206e-13,0.0,0.0,0.01337756974498916,1.926370043278439,45786.60037355566,0.17872433179305516,True
2025-07-15,full_linked_48h,2,48647.17882691444,7575.731807421301,56222.91063433574,77053.27458226356,ab2e41bbb9e50cf7091c227648e32c4aa16fa354091f79e13b55349b773c2043,45127.38682923975,74882.81513441716,2170.4594478463932,2776.36991123879,1719.2028059806507,7949.524160404145,9207.968872132065,2.646771690706373e-13,0.0,0.0,0.013266502029081393,1.9103762921877205,44733.65240688837,0.1772404671085274,True
2025-07-16,full_linked_48h,2,47735.36818685716,5906.827635624751,53642.19582248191,75442.70823719597,7330c6f092fafbd6bb0f469cca06863d05045fb8f9396256c8f994ecb65b0b7e,47262.02835443089,73650.14347200419,1792.5647651917834,1762.3945055148315,1327.0138500000003,9207.968872132065,9300.768275727572,1.5631940186722204e-13,0.0,0.0,0.013264493943804863,1.9100871279079001,46822.81556480959,0.17721363908923296,True
2025-07-17,full_linked_48h,2,45417.87991124834,5704.742718858319,51122.622630106656,69454.5766312491,e080da8995b7faa2770c1d5c390a8da17bc5b76a1ddaedca51c2d23771da03bd,24337.55553207329,67399.58025590073,2054.9963753483694,1669.1837940193102,185.09043122520927,9300.768275727572,3751.413832499838,1.163513729807164e-13,0.0,0.0,0.01399497806253041,2.015276841004379,23891.263903544423,0.18697290691540627,True
2025-07-18,full_linked_48h,2,24311.67941643347,4745.633389845323,29057.312806278795,41034.815159028425,5eb514bc3c2445eb86a1b93ad2b8eb4f03b19119bc9f6f6024222a6bb6b8cb33,24441.25523652191,39705.29294558363,1329.522213444795,1467.4132885369756,8466.999347462666,3751.413832499838,3905.6578431313233,1.1368683772161603e-13,0.0,0.0,0.014299054122804793,2.0590637936838903,23915.917754719954,0.19103536308067204,True
2025-07-19,full_linked_48h,2,26666.496625418727,1564.804743980554,28231.30136939928,46862.03787860212,391dc94e48065a2ce19ad2e186fa59866bf05bcf6d6a5477870429e49fe78b02,46505.363627604835,45516.60118614398,1345.4366924581332,397.5417359611216,12266.611552565826,3905.6578431313233,8759.321881232536,1.1368683772161603e-13,0.0,0.0,0.012568592896463492,1.8098773770907428,46331.37853034956,0.16791640109675224,True
2025-07-20,full_linked_48h,2,47677.39599315071,3590.649202967661,51268.04519611837,74981.7462313319,e17452116e5af2b3bfa4dcdd20099490072db95456a256692cd25602cf7826ca,46457.965462046275,73370.89058422032,1610.8556471115808,1297.1604661948554,189.65425000000005,8759.321881232536,9216.971725576665,1.6697754290362354e-13,0.0,0.0,0.013765241895776449,1.9821948329918087,46024.99914158681,0.18390363172757335,True
2025-07-21,full_linked_48h,2,47749.80895638771,4766.465925473283,52516.27488186099,75188.09450524236,dc2cffa55c46a5d2ac260bc2fbd0c6ab8273435f75712baccb81d011b3759c76,47294.204836462726,74557.66184907213,630.432656170237,1355.2416429345515,9.416269648454545e-07,9216.971725576665,9151.531305562394,2.2737367544323206e-13,0.0,0.0,0.013363818825786843,1.9243899109133054,47069.28563890399,0.1785406195125122,True
2025-07-22,full_linked_48h,2,50639.87582674764,1804.025209001009,52443.90103574865,79545.67064177139,22cd0e0805b63ed307f619a19c2d13346a9e83b5c035e1b0a81e7838f5ee96ee,47532.96860637353,76336.4083947615,3209.2622470098777,541.5391912049915,254.1171339026066,9151.531305562394,10033.772804107331,2.2737367544323206e-13,0.0,0.0,0.014444713766351924,2.080038782354677,46941.31286578553,0.1929813759184617,True
2025-07-23,full_linked_48h,2,50191.90114818881,461.0140995172526,50652.91524770606,78612.67137043177,e8d8068354ab25a9797859471d6d71298724319fad02c04979bc4a910653f296,47761.442802289006,76643.57032150765,1969.101048924112,134.4185899240857,735.1195724113073,10033.772804107331,9832.772909058363,1.1368683772161603e-13,0.0,0.0,0.012929626750216508,1.8618662520311773,47255.61822693245,0.17273981338289257,True
2025-07-24,full_linked_48h,2,47905.7255562662,4780.4430887545,52686.168645020705,72680.6915491863,c96742063778c7f4b0614cee6efe6c8b2c70023f403cc84b29b7063002f283a7,26011.782619958823,69459.43531380745,3221.2562353788526,1361.1136266630883,1117.6908215743306,9832.772909058363,4365.606943181148,2.2737367544323206e-13,0.0,0.0,0.013288231790486153,1.9135053778300062,25175.37221056236,0.177530776720895,True
2025-07-25,full_linked_48h,2,25503.61193610059,0.0,25503.61193610059,42160.534820728746,43c9c30ffb3f3f1c5946e1c5987922a5279399d8816fe0c40ace69b77096003e,26162.47784237522,39491.878535373326,2668.656285355428,0.0,11966.191490018306,4365.606943181148,4118.75556027267,1.1368683772161603e-13,0.0,0.0,0.012655500270638085,1.8223920389718842,25484.312313275666,0.1690774836157248,True
2025-07-26,full_linked_48h,2,28557.08926399221,894.1867559592832,29451.276019951492,48821.01462936371,b13ed35c9000fc1b5508b3d8ca2a5b47f432591061c5ea77322b5cadafe03c3c,47662.367976486945,45491.601946030816,3329.4126833328896,227.32398764083047,10891.213668079274,4118.75556027267,9009.538850030593,1.1368683772161603e-13,0.0,0.0,0.013341259590257929,1.9211413809971418,47788.72770653976,0.17823922812584594,True
2025-07-27,full_linked_48h,2,50839.420068965264,811.0786943787693,51650.49876334403,79484.66937028091,ff0583b1f7e31734d2d5099464313ebc59dece2c2f0f1baff309125c571bcb2c,48182.82549726199,76548.40547233849,2936.263897942443,163.96680330106443,38.00477838208569,9009.538850030593,9909.385750867086,1.5631940186722204e-13,0.0,0.0,0.015084040803736166,2.172101875738008,47669.725849665316,0.2015227851379152,True
2025-07-28,full_linked_48h,2,50370.35031404666,15863.557407854922,66233.90772190157,78676.07771829156,d1a79f8f84d6b9f73f8ae1229dc0f6001640f30564a02992291f6c3ff03b92a8,50599.903615622476,74735.89992184528,3940.1777964462754,3832.197671675697,2.3558055772809894e-07,9909.385750867086,8724.990838561967,1.5631940186722204e-13,0.0,0.0,0.014449853619428014,2.080778921197634,50871.68513258802,0.19305004435555828,True
2025-07-29,full_linked_48h,2,53777.562581474405,1477.9773075693229,55255.53988904373,84349.93461993692,cef124045d1ed81585c18de73ee1b359ebda002eff461432cba6f2a1c2470eaf,50881.87641905611,79558.490208017,4791.4444119199225,312.42274906705654,9.416098460945932e-07,8724.990838561967,10526.564929370565,2.2737367544323206e-13,0.0,0.0,0.013397314255699812,1.929213252820773,50360.98465727436,0.1789881184561495,True
2025-07-30,full_linked_48h,2,53825.39921222386,3113.511410976665,56938.91062320053,82721.76515473759,c12875399742561700851a67e95f287ac82f489b7905991611becdb19644614f,51893.53977842191,76730.59584371885,5991.169311018744,619.9208931888671,1217.9344176187874,10526.564929370565,10715.489633680783,2.8421709430404007e-13,0.0,0.0,0.01346975695843058,1.9396450020140037,51239.149032502595,0.17995595296463257,True
2025-07-31,full_linked_48h,2,53258.092859562035,0.0,53258.092859562035,81110.66819547431,193fdce26643d2e7756c10c03a5c65ec35be129a800a096c7bd81e100438bd48,28148.15272930116,71662.47503019488,9448.193165279416,0.0,518.351451452945,10715.489633680783,5536.613054668498,1.1368683772161603e-13,0.0,0.0,0.013561822971395385,1.9529025078809354,26956.55060542964,0.18118595489784234,True
2025-08-01,full_linked_48h,2,27332.90685937673,0.0,27332.90685937673,44561.28122805387,6de26d6d8546590c5296439dbbf88fae966cab4736b6c720f0c18cc5d560f437,28383.5160127681,40003.97310387937,4557.308124174501,0.0,17362.369191729656,5536.613054668498,5695.905269577638,2.2737367544323206e-13,0.0,0.0,0.013180527444395315,1.8979959519929253,27093.96007770472,0.1760918466571214,True
2025-08-02,full_linked_48h,2,30184.0095824764,0.0,30184.0095824764,51172.013949885564,ccfb9f54a0ac072bc51eb97e788dcccb34e02cb0a9cc1132416df2a0e0f4457b,52852.49348287142,44391.05084241675,6780.963107468815,0.0,16816.227708168626,5695.905269577638,10799.999999751853,1.1368683772161603e-13,0.0,0.0,0.01425835159534472,2.0532026297296397,52082.88396920167,0.19049157731380548,True
2025-08-03,full_linked_48h,2,54798.89932062736,0.0,54798.89932062736,85719.08841127565,9f444c4baffb01faa4c9a0868f5638667286765d83e178427646f6d566edc110,52512.13240408663,70200.14656914165,15518.941842134007,0.0,5789.624337165782,10799.999999751853,10764.673409059056,1.6697754290362354e-13,0.0,0.0,0.013404492435559709,1.930246910720598,51757.36546672183,0.1790840189390777,True
2025-08-04,full_linked_48h,2,46544.818546022274,893.4199721554984,47438.23851817777,73570.601781791,33e3bd33fa0935ec664ccffc0d4d159eac3ff689ffab6affb5dbf79b8a6edca8,44181.566234531936,68953.85352733005,4616.748254460954,181.98561668246475,3215.9632844990256,10764.673409059056,9513.921940217986,2.2737367544323206e-13,0.0,0.0,0.013419640067594527,1.9324281697336119,43803.5463032125,0.17928639130306287,True
2025-08-05,full_linked_48h,2,46019.50087629971,331.2220605861563,46350.72293688587,72809.54686753202,082f003e253304ea89262d62d626db21fa3fb16ba60e6e9abe3e9b07bbfdd03f,43191.00875400366,68699.2979796258,4110.248887906217,53.161443776447825,1914.7711624478552,9513.921940217986,9409.200509407377,1.5631940186722204e-13,0.0,0.0,0.013455451646020973,1.93758503702702,42859.84771381159,0.1797648339908402,True
2025-08-06,full_linked_48h,2,45413.39771145141,11419.344569413077,56832.74228086449,71645.44398992366,54e8f1699bea84bc79fa0986cb1e7b58da8e59d8a9042eaf1137acf805f661dc,42200.45993360108,68669.42103519023,2976.0229547334266,3247.0584095052363,2031.206071535602,9409.200509407377,9395.146023718242,2.2737367544323206e-13,0.0,0.0,0.013599715236624534,1.958358994073933,41875.587745743505,0.18169219556130378,True
2025-08-07,full_linked_48h,2,42117.094213648204,537.0869662794229,42654.181179927626,64073.95931171588,f0281d790798667ae380f67a4798e66b88271c6200f5b0e40366feb3d810c9e5,22633.783668769058,60051.9619713739,4021.997340341974,132.26305871441906,1484.449996333212,9395.146023718242,3205.510735107159,2.2737367544323206e-13,0.0,0.0,0.013555475118967783,1.9519884171313606,22393.70613321602,0.18110114758940957,True
2025-08-08,full_linked_48h,2,22661.222342619618,1150.5206427744288,23811.74298539405,38810.89024906742,8f554c7a3190a4eff3a281f6d7f1d338542c2ac213fe7a13b8c3421f1d0ff6c0,22836.173682963024,37270.84987265887,1540.0403764085522,278.7615717502398,20446.17157103009,3205.510735107159,3268.1777276117637,1.1368683772161603e-13,0.0,0.0,0.013369272536591679,1.9251752452692017,22418.751653393367,0.17861348108886482,True
2025-08-09,full_linked_48h,2,24064.974805754988,3882.0220694596874,27946.996875214674,43322.04360666544,cd4f269a7405556026d043d528b8416850c8322c4a8aa02c5c8f566e356d37b3,39545.3972967278,42570.202140488786,751.841466176648,998.7191441696693,18069.246101971567,3268.1777276117637,8257.28061109718,1.1368683772161603e-13,0.0,0.0,0.013780080755168456,1.9843316287442576,39536.71487648099,0.18410187888905058,True
2025-08-10,full_linked_48h,2,42513.502896877675,7414.517002913342,49928.01989979102,66480.5707301705,749c0a45d8c9d2f24dbca94596a8d9d3761dd127f48c3fcfa5651414cf83f4e5,39563.61276934663,65349.69849501473,1130.8722351557597,2504.583281452583,844.4793398216203,8257.28061109718,8174.14297264861,2.2737367544323206e-13,0.0,0.0,0.014426113971745104,2.077360411931295,39592.148784797624,0.1927328826625146,True
2025-08-11,full_linked_48h,2,42966.098625645915,6225.069713905629,49191.16833955154,67451.99413610944,cb316e8ad51a919a775b589b5769d916ccf80071545717f75b440aeb674cd797,39484.38097844412,65366.30623465141,2085.687901458019,1799.299997695386,765.5904802885286,8174.14297264861,8139.639290030811,1.36127220606852e-13,0.0,0.0,0.015247446159264655,2.1956322469341103,39532.25819358783,0.2037058806877758,True
2025-08-12,full_linked_48h,2,42679.160819091536,12707.153065284945,55386.31388437648,67086.95294951342,d537c97f5574310b82a9d7f3ffe85ab0f7b6ca5b27a8a30fb47f1f04bc02a787,39742.51600152523,65548.3028433572,1538.6501061562192,4119.3038035530635,65.19713146312954,8139.639290030811,8168.137850043914,2.2737367544323206e-13,0.0,0.0,0.014132162590613007,2.035031413048273,39781.45179858159,0.18880569221058977,True
2025-08-13,full_linked_48h,2,43077.805111080364,8104.548593962858,51182.35370504322,67681.33168213452,ba8b4e343eee27a87c7b81fca36f8951b8bfaefc175fe93de6756b31e91a9983,39637.23170525209,65050.56956014684,2630.762121987682,3145.2693154915232,16.48051862316309,8168.137850043914,8377.709613716612,2.2737367544323206e-13,0.0,0.0,0.015051564236879736,2.167425250110682,39582.20346002698,0.2010888982047133,True
2025-08-14,full_linked_48h,2,39819.9985532309,13492.793607484811,53312.79216071571,60507.058807228364,a85c1fb26c377f2102d42b4b19356434e41755cc6355f6aed2276e3a61a56b89,20975.225458789737,58448.20706401904,2058.851743209321,3795.6591537466084,691.9686662961483,8377.709613716612,2420.663417850223,1.1535217225855376e-13,0.0,0.0,0.013605498845410895,1.959191833739169,20987.071488277365,0.18176946457468957,True
2025-08-15,full_linked_48h,2,21563.927615042547,4407.056038257306,25970.983653299852,37573.86474516089,6722dc1b57a81847fdefd0153cfff259584a6cfc92277f7c67f537a80fec21fa,21190.657249532127,37104.240725475436,469.62401968544873,1114.0712992086442,19858.938198895463,2420.663417850223,2351.1462213631858,1.1368683772161603e-13,0.0,0.0,0.013154481159492408,1.8942452869669069,21224.643528531138,0.1757438682908186,True
2025-08-16,full_linked_48h,2,25970.927390903733,2287.4663935102217,28258.393784413955,46337.63038159532,eaf2bf2ffe4f22a964c05fdcd95f9e51f3c4184aac8bdfc05788d59d773ceeaf,40887.895134898296,45178.07741717479,1159.5529644205367,640.1326079713715,20291.945518042587,2351.1462213631858,9354.13565547265,1.1368683772161603e-13,0.0,0.0,0.013205881381307134,1.9016469189082272,40587.898199880095,0.1764305752542633,True
2025-08-17,full_linked_48h,2,42177.35293059576,4889.398192988587,47066.75112358435,65849.92760444457,2b16d88b61b6ccff87a9d62245602d33a06b44b275d294f734c4393db8d55825,39460.06390148337,63947.61724922387,1902.3103552206926,1178.245466870284,1264.832700227397,9354.13565547265,8244.696738447263,2.2737367544323206e-13,0.0,0.0,0.013283637965691418,1.9128438670595642,39477.629091060946,0.17746940322163735,True
2025-08-18,full_linked_48h,2,42472.59254534627,8622.25354843241,51094.84609377868,66840.80969840928,7cdf04d81c63a5d6c2ad37b317c4be5197d5038798b522176354f27167b54c21,39396.08666186524,64760.74734947774,2080.0623489315485,2108.1725625434883,541.6216642242833,8244.696738447263,8300.545949233689,2.2737367544323206e-13,0.0,0.0,0.012957598951389728,1.865894249000121,39367.39901337076,0.17311352199056676,True
2025-08-19,full_linked_48h,2,44035.33823471408,4563.8640245092265,48599.202259223304,69299.92531052216,e853aa0db76d61b0328d5492e8a336da88081c0cfcec06ca868d648e4bc3b9a0,40654.10158159277,66525.31860151266,2774.6067090094894,1441.4101771544956,1054.4117512589844,8300.545949233689,9086.768353316096,2.2737367544323206e-13,0.0,0.0,0.01341474570088192,1.9317233809269965,40464.80448873597,0.17922100256378246,True
2025-08-20,full_linked_48h,2,41972.401370952386,26280.207071976387,68252.60844292877,65654.98582816811,3da2ab1db251f24a40a2ab19d6c090ad90bb0c46a30db86518a5dd067f06c9b9,39053.112760749034,63822.627309131225,1832.3585190368776,7861.924437176704,142.8822781380708,9086.768353316096,8078.952996009151,1.580957587066223e-13,0.0,0.0,0.01337258246571259,1.9256518750626128,39123.70383807587,0.1786577017419202,True
2025-08-21,full_linked_48h,2,40212.79639404468,11288.555864646554,51501.35225869123,61417.29389989626,f11f8120a249614eb72f5127c91fd155b3d507ef34aed6d09254362ec310263a,20968.841441371536,59251.507125244214,2165.78677465205,3762.170191770874,977.8127836108234,8078.952996009151,2749.096535701506,1.6342482922482304e-13,0.0,0.0,0.013390506930388964,1.9282329979760107,21002.49628250807,0.17889717258999654,True
2025-08-22,full_linked_48h,2,21593.226070329703,13750.203366630978,35343.42943696068,37671.52552911201,1ff3fa58cb2731b2d96be885c14b93006b2e3829ca275465a4ec25ff16e05818,20911.487553131,37087.73284638024,583.7926827317651,3675.808230294276,18376.043970403123,2749.096535701506,2612.713932343324,1.1368683772161603e-13,0.0,0.0,0.013138674444336276,1.8919691199844237,20968.94355778247,0.17553269057633264,True
2025-08-23,full_linked_48h,2,24158.491944953515,4126.639071321519,28285.131016275034,43649.33432984953,bff8484235929c436b62539c6e82d62ddf5f928105748860ef2cd3301d095931,39700.6444156901,43137.266397716936,512.067932132592,1153.1365086520773,14558.013083045154,2612.713932343324,8228.187066522445,2.2737367544323206e-13,0.0,0.0,0.01320271354941522,1.9011907511157915,39766.8171619662,0.17638825302018732,True
2025-08-24,full_linked_48h,2,43400.43662082592,7546.584753076502,50947.021373902426,68551.04049005854,b737654a462ca619b41f482ee6821b39b7d7648170e241db776fe874fe369be4,39994.48145547241,65964.5579405816,2586.482549476954,1860.9233196286264,1857.960430054303,8228.187066522445,8534.930923084108,1.7238042048471625e-13,0.0,0.0,0.013419903056071943,1.9324660400743596,40012.7534946564,0.17928990482912113,True
2025-08-25,full_linked_48h,2,43379.578897910105,21241.486386024673,64621.065283934775,68515.05135274443,df1bcf09bff695819db2c3c644bee621c2d88a7f148a818ed98aa153cc305b7f,39905.44134292769,66543.1789612614,1971.8723914830366,6677.910801724338,499.0529833333335,8534.930923084108,8530.941121101314,2.2737367544323206e-13,0.0,0.0,0.013598985201800437,1.9582538690592628,39918.45626573925,0.18168244229605382,True
2025-08-26,full_linked_48h,2,43742.86383122338,5640.044930960516,49382.9087621839,69126.49061053598,a2b388da1a68374dbd4f9f4ab83289c192c65cb8b7ea09220f3e0f5a333913b1,40530.19595152523,66323.59524900414,2802.895361531843,1400.645801234601,133.0819973554244,8530.941121101314,8656.711451217285,1.7408297026122455e-13,0.0,0.0,0.013627301242700519,1.9623313789488748,40486.9008842097,0.18206074460247892,True
2025-08-27,full_linked_48h,2,43891.63845475321,12036.242339032531,55927.880793785735,69312.7035550829,51b39352a33987e4ad7311baf2d58b46ea7f201cb46484a66a706367cc4c025e,40590.871904804764,67136.06553428489,2176.6380207980055,3052.4865703360515,527.4859064060043,8656.711451217285,8463.389420651225,1.4566126083082054e-13,0.0,0.0,0.013320228555635872,1.9181129120115656,40630.07993894406,0.17795825350329525,True
2025-08-28,full_linked_48h,2,41339.92489332054,20304.990228196242,61644.91512151678,62949.4249603328,a4d7e905d1985941b1d2feca4a32a62f519038af96ce5047770d1a261c53f1f8,21373.83840587246,60446.27769891423,2503.1472614185677,6830.680269779417,406.6709064800238,8463.389420651225,2912.7076142670744,1.1723955140041653e-13,0.0,0.0,0.013424902825742416,1.933186006906908,21371.75375339858,0.17935670175191867,True
2025-08-29,full_linked_48h,2,22185.6287278335,5636.835807968867,27822.464535802366,38324.400231377585,3384539ac8fac3c88db2d077293ff7671bd2cf9b41a9011934156cac637f7cd8,21187.35574327156,37521.4733906333,802.9268407442908,1393.6219039817695,15042.264546502885,2912.7076142670744,2918.6734793832898,1.1368683772161603e-13,0.0,0.0,0.012556895507158414,1.8081929530308116,21209.477442606247,0.16776012397563642,True
2025-08-30,full_linked_48h,2,24834.998598135106,4289.5433199653835,29124.54191810049,44487.751498530095,5689d8be7e98c53f1b3d826a964a8bb54b340a6746900c36c3409ecf71594adf,41635.3024031276,43998.38416530794,489.36733322214957,1164.0288667843242,19820.29213963997,2918.6734793832898,8202.477850436062,1.1368683772161603e-13,0.0,0.0,0.013215835351527656,1.9030802906199824,41746.67735842992,0.1765635602964095,True
2025-08-31,full_linked_48h,2,44796.506726458356,5321.287545320734,50117.79427177909,70526.94860066964,fc2e8ce4994bc6d0e6c4c9e9d45c83cc41c1663961d7174559b121da41a448de,41293.111471263794,68102.16611339667,2424.7824872729716,1872.817604742978,612.3214905999869,8202.477850436062,8964.52146659576,2.2737367544323206e-13,0.0,0.0,0.013401480049247362,1.9298131270916201,41078.844436820036,0.17904377345794475,True
2025-09-01,full_linked_48h,2,44600.036185600075,136.78931864121827,44736.82550424129,70373.566799918,41131069a71ffc76dfa94a8834c48feb0369667d6ea035df5a1ee25f37bb4485,41291.8847669098,59570.7086221218,10802.858177796208,58.682676379759016,2548.1597709198554,8964.52146659576,10799.999999751853,1.4210854715202004e-13,0.0,0.0,0.013525289040949752,1.9476416218967643,40277.25826503584,0.18069786158708867,True
2025-09-02,full_linked_48h,2,44413.2648496362,0.0,44413.2648496362,68511.71180486347,6cb90567ef96e80547b521e03ca18436d15fe2e8179a98be9bf614c7051a0a37,42053.226152823045,58317.47511738067,10194.236687482799,0.0,2471.733809843723,10799.999999751853,10799.999999751853,1.4210854715202004e-13,0.0,0.0,0.013265496535192748,1.9102315010677557,41117.97523235057,0.17722703371017512,True
2025-09-03,full_linked_48h,2,44400.853057669156,0.0,44400.853057669156,68530.75084844814,23736dc5fb919c592aeb5804c5d84499045789fda310b678f7143d38c326610f,42220.58011440479,60446.75774734719,8083.993101100941,0.0,3282.482826053635,10799.999999751853,10799.999999751853,1.6342482922482304e-13,0.0,0.0,0.018299442151449814,2.6351196698087733,41285.45039236106,0.24448054714336953,True
2025-09-04,full_linked_48h,2,42313.534034842625,0.0,42313.534034842625,63433.69177790937,06fadca6f4bd1e5a94d71a1ecb1b751dd7f5c819805664a2d5b20fdf8ea6d413,22087.437289311223,56947.803623272936,6485.888154636432,0.0,4671.5363580917965,10799.999999751853,7582.099763658059,1.2789769243681803e-13,0.0,0.0,0.013199498222497318,1.9007277440396138,20492.61225905833,0.17634529625256418,True
2025-09-05,full_linked_48h,2,21342.238625209342,211.14543546573168,21553.384060675075,34960.802607749494,f5e6256b9ce811ade14b2f60e95daae653aedeb50a8cda783f4f01d831075bae,22684.770263577615,29556.68944695584,5404.113160793657,82.79163016676387,21799.501490720733,7582.099763658059,7182.008751833512,1.1368683772161603e-13,0.0,0.0,0.014335760402900632,2.064349498017691,20895.362422999915,0.19152575898275245,True
2025-09-06,full_linked_48h,2,23951.249014306624,0.0,23951.249014306624,41110.63726783242,354563724f1964e70ea32f75bcc44218a37f9bf425b3da792845c18959a39f33,41814.75723680259,33782.78012619115,7327.857141641265,0.0,20821.252391624683,7182.008751833512,10799.999999751853,1.1368683772161603e-13,0.0,0.0,0.013059114339840663,1.8805124649370555,40733.60532267185,0.17446976758027125,True
2025-09-07,full_linked_48h,2,43923.00160072652,0.0,43923.00160072652,67266.32429233001,53507f378d622439c0a7c28a2ef4f007eea4fdf56d53136d8f4b4bcbd4fd493b,39596.87218457833,58156.12160179301,9110.202690537008,0.0,1399.2026882636976,10799.999999751853,10799.999999751853,1.2789769243681803e-13,0.0,0.0,0.01372987933205473,1.977102623815881,38505.104761881725,0.18343118787625118,True
2025-09-08,full_linked_48h,2,41659.18477829784,5959.016491688725,47618.20126998656,64316.61527655232,255d47e71454c88befb9735d226e492734a7f1b6c4000da67eb7dc8488470909,39708.72964881437,59917.00377047059,4399.611506081728,1828.5504474696445,530.4150215712822,10799.999999751853,10799.999999751853,2.2737367544323206e-13,0.0,0.0,0.013832402173648006,1.991865913005313,38638.142442873446,0.18480089303993735,True
2025-09-09,full_linked_48h,2,42313.20913977254,0.0,42313.20913977254,65322.208796725485,f84bc707266415da6f538d268a4e0573fe5788789ba8d9d8a240c1070ecdbc55,39989.2022074666,59728.90593577191,5593.302860953574,0.0,4850.887709410613,10799.999999751853,10799.999999753083,1.38222766565832e-13,0.0,0.0,0.013216700821228895,1.9032049182569608,38990.04628114555,0.17657512297161804,True
2025-09-10,full_linked_48h,2,42172.10015746101,11617.817828200823,53789.917985661836,64796.33973649803,615321df140998af844663ef7d006cadd4a870fbf503abe8cadf3f41f6e730d4,40155.238077097114,59517.02480922494,5279.314927273095,3755.3121041558707,0.0,10799.999999753083,10745.515264912612,1.1368683772161603e-13,0.0,0.0,0.01371198928488108,1.9745264570228755,39102.001857441675,0.18319217684601122,True
2025-09-11,full_linked_48h,2,40339.08084627437,0.0,40339.08084627437,60248.104156334135,8a60a9dfc3a1abd8e02ee47dbeed40eeccbe7386e25894be00770240c3ab1411,20887.112604574533,54433.17528780368,5814.928868530458,0.0,3719.323674416914,10745.515264912612,6366.696360242366,1.4210854715202004e-13,0.0,0.0,0.014908053819251817,2.1467597499722615,19563.718509019513,0.19917159902520426,True
2025-09-12,full_linked_48h,2,19895.811545634708,259.65131779490525,20155.462863429613,33925.06492161755,b02301b4d60a13e6b15341938a6d19ae2c9ee0ce9c690998c98099739f1b08b7,20357.608334106168,30797.60955273066,3127.455368886888,73.58233954820476,17619.706454363426,6366.696360242366,6643.908980220638,1.1368683772161603e-13,0.0,0.0,0.01307046211857394,1.8821465450746473,19002.309350676245,0.17462137390414784,True
2025-09-13,full_linked_48h,2,21823.209537838833,0.0,21823.209537838833,37418.669445915366,8f0a5e198305a27f7203fced6869279a959ae82a6f65f6d0315cefc232e171db,40482.68794286171,34904.670414638196,2513.999031277174,0.0,21822.964602310298,6643.908980220638,10103.555420215784,1.1368683772161603e-13,0.0,0.0,0.013219989842885601,1.9036785373755265,39728.86164869748,0.17661906430095162,True
2025-09-14,full_linked_48h,2,42192.313662495915,1820.9949941325942,44013.30865662851,64541.396431068046,6baf70261e22688e202058b1d6fb89294bb0692cf8b0c9f209e38fa6734fa118,38336.01677298584,61800.46203259469,2740.934398473369,357.82720229393715,1294.6640835690732,10103.555420215784,9124.391485306576,1.1368683772161603e-13,0.0,0.0,0.01953306418767574,2.8127612430253066,38128.39599609346,0.2609617375473479,True
2025-09-15,full_linked_48h,2,40790.151876769465,2111.4778033662983,42901.62968013576,63304.938109186674,5e6ed7476c6f78457f852a574ffe5590e810739a7b6c245507a609d0bef7350e,38726.83898287972,60158.60476955655,3146.3333396301186,526.9216758755879,4093.1801842981013,9124.391485306576,8781.477717452659,1.616484723854228e-13,0.0,0.0,0.012856846868493853,1.8513859490631148,38672.78933940281,0.1717674741630779,True
2025-09-16,full_linked_48h,2,36625.77479531466,10783.952013059376,47409.726808374035,58586.77947289116,6b3b75ff197c059d5dae4fbc3bf0e6e80678cf15fd3e4e6d9fae370c315a464f,33665.31899853192,58291.87756101829,294.9019118728578,3426.617307060453,1336.2416340395505,8781.477717452659,7811.689716224395,2.2737367544323206e-13,0.0,0.0,0.013224026590251015,1.904259828996146,33852.95688476597,0.17667299524575356,True
2025-09-17,full_linked_48h,2,38474.539500199484,8474.490921461947,46949.03042166143,62712.19131522736,7f0e49121ca49eb76c576ea4f0eb45af478e09a5218aaf3cc2015cf8602edbe2,34916.56575470391,60498.59577955877,2213.595535668593,2489.258022861565,182.77567314112272,7811.689716224395,8615.95166423095,2.2737367544323206e-13,0.0,0.0,0.013518609063289154,1.9466797051136382,34894.50365903321,0.1806086170855431,True
2025-09-18,full_linked_48h,2,35749.64889125999,4601.400221367031,40351.04911262702,56217.8197530099,59be583c51dd09f635deb7153d02738bf565e41c7d7037cd2ca880178388fae4,15931.475512870955,54465.830991287,1751.9887617228858,1164.4346338481137,0.6554,8615.95166423095,3542.6522183404154,2.2737367544323206e-13,0.0,0.0,0.015302263005651184,2.2035258728137705,15869.435729211284,0.20443823375549983,True
2025-09-19,full_linked_48h,2,16980.298361450725,4667.504120485322,21647.802481936047,31542.699878095897,ea6a1fe21c9f384927fe5e91c4a4f8932f919a02a71b027104f2ee8730b80d78,15648.249594377561,30965.948344209137,576.7515338867586,1352.2275661644858,13962.428470073432,3542.6522183404154,4389.494926873158,1.1368683772161603e-13,0.0,0.0,0.01273761827784862,1.8342170320102014,15436.425622767156,0.17017458019205758,True
2025-09-20,full_linked_48h,2,18699.77595212352,5095.236491094505,23795.012443218024,35606.080598149754,fca7b77b53a15c437a6495368aac212fcc7fd9ae1b63d6b2a65556bdd8eca492,35236.24694030612,35123.11455687766,482.9660412720904,1354.358362485013,14727.739579290179,4389.494926873158,8813.204629841202,1.1368683772161603e-13,0.0,0.0,0.013135763895358346,1.891550000931602,35083.73828123696,0.17549380564198752,True
2025-09-21,full_linked_48h,2,38907.13070435682,2664.816048821031,41571.94675317786,62901.49348814929,1d2a70ffdf2e79477852cca4966f0f20375c1631f2f321fac77a50c6df8f5876,33505.3675611975,61210.601425735586,1690.8920624136967,804.1703494751703,2240.9900941851165,8813.204629841202,8455.922871957571,2.2737367544323206e-13,0.0,0.0,0.013281712346320597,1.912566577870166,33529.426701538476,0.17744367694684318,True
2025-09-22,full_linked_48h,2,36606.311727952954,13908.505659352599,50514.81738730555,59963.111434523125,ccd27bd1a6424d92596df75ec7600a299b8d7b5c96d654e27a0675dad54985b6,33594.71701591541,59850.680221339935,112.43121318319464,3863.7502999755407,1547.97376424029,8455.922871957571,8054.604565940454,1.1368683772161603e-13,0.0,0.0,0.012804400430670486,1.84383366201655,33806.44811632313,0.1710667897537577,True
2025-09-23,full_linked_48h,2,39461.781534788766,8986.46447869794,48448.24601348671,63879.03338281042,9401f41fc508530765adef1a0ac3d891d53441241d7b6de986462b7920a50a4f,35729.033189038644,61969.917785230624,1909.1155975798004,2816.91155666947,137.12409978343433,8054.604565940454,8525.679571618186,1.2079226507921703e-13,0.0,0.0,0.013233012145873444,1.905553749005776,35772.68094076659,0.17679304226886922,True
2025-09-24,full_linked_48h,2,39266.71871954562,6828.214199498861,46094.932919044484,63492.873716923656,532f789fcd45a17d662a42a49811b0366930fd53519fd25c7f2a088c0b4b14ff,36142.38170932455,61731.34548247781,1761.5282344458399,1931.6364850116884,454.4785027635649,8525.679571618186,8675.281634409455,1.3500311979441904e-13,0.0,0.0,0.013193392624695358,1.8998485379561316,36119.04087128506,0.17626372546593,True
2025-09-25,full_linked_48h,2,37033.542646886344,2616.967371667233,39650.51001855358,57790.32245267407,0a9d2f9c9fce958abcc2038b61ad7045b7104f0710ac7bcf4a3ea24d1dc4ac62,16377.667516188552,55969.507900955956,1820.814551718116,922.2809276284427,522.2875990345665,8675.281634409455,2982.6743155196764,1.4921397450962104e-13,0.0,0.0,0.013304881702020389,1.915902965090936,16511.37805448305,0.1777532195389924,True
2025-09-26,full_linked_48h,2,17421.040998746947,2418.0565212495476,19839.097519996496,31942.85233195831,3c923b91cde8e36736fc95ec07998504d42bca97d06a4783fe3aedcf4f8dbd54,16651.873375935676,30932.266445338493,1010.5858866198164,830.1515177277996,12191.059794188011,2982.6743155196764,3458.923753287464,1.1368683772161603e-13,0.0,0.0,0.013027253769501436,1.8759245428082068,16554.513820729888,0.17404411036053918,True
2025-09-27,full_linked_48h,2,19782.74347659777,10748.204118313322,30530.947594911093,37360.7745129544,85836ad8fd5354524619ee845b7cd66c62d64b35b5683e579322373582e7bd77,36480.33609432059,36678.82802265303,681.9464903013654,3160.302513663291,15458.766787647497,3458.923753287464,8375.289310506958,1.1368683772161603e-13,0.0,0.0,0.013033736394491926,1.8768580408068374,36591.92403439129,0.17413071823041212,True
2025-09-28,full_linked_48h,2,39919.28163204464,7327.298713802462,47246.580345847105,64381.876214377495,0ea3741ae6af02f8f64366ee450845f77d341a144c860c2f506fd512fdd4a247,34305.53328971822,63481.13785119447,900.738363183025,2180.7584061463353,0.27581666666666665,8375.289310506958,8473.09430957515,1.6342482922482304e-13,0.0,0.0,0.016406125853892364,2.3624821229605004,34481.241800823635,0.21918584140800199,True
2025-09-29,full_linked_48h,2,38755.07784001077,12323.448079618309,51078.52591962907,63480.465725529226,b4bf7894e95f23f0053af79220885d75031a81b9c536f9849e74500c9e2b803e,35890.721641438824,62478.58983241227,1001.8758931169535,2636.511096233005,583.7247482287275,8473.09430957515,8175.198261338527,1.4921397450962104e-13,0.0,0.0,0.0151305879652581,2.1788046669971664,36014.197150621745,0.2021446552158482,True
2025-09-30,full_linked_48h,2,39447.88600900765,17601.679992242964,57049.56600125061,64471.81554689509,71d7a402bce7367a6e135585cf00f7a7f54bb243e2cc7f7c831768589af86105,35766.333584168286,63626.741925327064,845.073621568036,4315.520120459124,372.10423333333324,8175.198261338527,8182.686834605379,1.5631940186722204e-13,0.0,0.0,0.013365718452405417,1.92466345714638,35897.006343142486,0.17856599852413638,True
2025-10-01,full_linked_48h,2,39450.80699435029,1101.117882485505,40551.924876835794,64640.9751752675,b85f24bc75608f4b50652423ee3757c0853823feb976570a6dee9619d69ee8e6,36028.54123017538,58523.999046678895,6116.976128588609,497.89060062426273,5918.768141223207,8182.686834605379,9749.453532719032,1.4033219031261979e-13,0.0,0.0,0.013215228013197904,1.9029928339004982,35446.06756185706,0.176555446256324,True
2025-10-02,full_linked_48h,2,36210.752905658584,896.6421041900525,37107.39500984864,57213.41784640265,50befac536ee1f75d8d5495e8b5bdf7956be89eb0686bfe84f484996ee621ee2,14222.111132787286,52858.455308187215,4354.962538215432,395.1290185518141,3661.2074885494967,9749.453532719032,5912.57910506824,1.4477308241112041e-13,0.0,0.0,0.015137177081568452,2.179753499745857,13577.045968991317,0.2022326858097545,True
2025-10-03,full_linked_48h,2,15743.525407956684,302.7230930461461,16046.24850100283,28503.266034997374,eb2dad8775d4699307c057e9ab2562d5408eba33052bebe47377471ad191114e,16494.79508887919,27522.994941053872,980.2710939435008,132.21513908467318,19107.657451264397,5912.57910506824,5276.353772576565,1.1368683772161603e-13,0.0,0.0,0.013710273429549287,1.9742793738550972,15609.105234259277,0.18316925301877846,True
2025-10-04,full_linked_48h,2,18328.363119807138,1554.2908710393117,19882.65399084645,34355.903223889705,ba9238ee1ef05af13a056358e39a0430c87a7d231b96e7f7c5bbbc6fa710cf22,35719.01615957825,33561.55426232439,794.3489615653152,488.47042444655574,15079.186015970188,5276.353772576565,9548.815000419894,1.1368683772161603e-13,0.0,0.0,0.013617728339037663,1.9609528808214236,35049.89134831207,0.1819328506095432,True
2025-10-05,full_linked_48h,2,35817.83032218132,1461.7068994851377,37279.537221666455,59074.60493955927,7bbcc277053cc2d80bcdf1a71968f1525d60ab9295486c55b036b4844a117aad,33328.92034049031,57959.90341764513,1114.7015219141367,410.5423212537135,2634.1187227590544,9548.815000419894,8637.86780220353,1.5720758028692217e-13,0.0,0.0,0.013744919034353289,1.9792683409468736,33281.50218438066,0.18363211829895995,True
2025-10-06,full_linked_48h,2,36021.21649057181,7827.994404591337,43849.210895163145,59481.40387034571,2976c76030e2948336c0ffdfc8c683249b9f6627621272b0579e089423bb5aaa,33028.7989611579,58608.76319639502,872.64067395069,2420.162658657506,1407.2892910024398,8637.86780220353,8553.52910057121,1.1368683772161603e-13,0.0,0.0,0.01378698056275122,1.9853252010361757,33025.778077404546,0.1841940603183563,True
2025-10-07,full_linked_48h,2,36098.47739555377,6792.921824454506,42891.39922000827,59425.905903943,0fce454d87b53b459fb750f15506796ca2635815c0a82c1fad0da8f95e9df240,31745.139445881527,58632.97354825915,792.9323556838476,1970.6872146372596,550.5837272478918,8553.52910057121,8822.821583811476,2.2737367544323206e-13,0.0,0.0,0.013231630785917837,1.9053548331721686,31621.535173431294,0.1767745872998623,True
2025-10-08,full_linked_48h,2,34575.45359127755,9484.781349525529,44060.23494080307,57766.05380243023,345e26577297ea799dfb853bdf7660fb1d6fff10e23fc3b667205da6fbd1227f,31497.559779897223,57055.85968889808,710.1941135321545,2372.659752253149,1414.0446225695957,8822.821583811476,8325.621376122277,1.1368683772161603e-13,0.0,0.0,0.014258868291209283,2.053277033934137,31563.424782707516,0.19049848037055603,True
2025-10-09,full_linked_48h,2,33411.63443361279,9502.794558864367,42914.42899247716,54513.44157182163,84cfd3199d0961ac3b416146e4fb9f351e4d77825200184448d9d4fae4771227,12413.939446302495,53293.96932344281,1219.4722483788278,2045.0635332348966,1991.3395781438367,8325.621376122277,4092.00158471262,1.4455103780619538e-13,0.0,0.0,0.014647785242737478,2.109281074954197,12470.367717810665,0.1956944108429727,True
2025-10-10,full_linked_48h,2,14165.58271595023,6803.772979975649,20969.35569592588,28783.86218467707,fb8c34e8e63541ea1e8cce36f727b228ffbc15437bdbb84453158f816c5136da,12846.955264387785,28525.037515298834,258.82466937823597,1636.1292159693526,19164.09101655543,4092.00158471262,4249.396944717649,1.1368683772161603e-13,0.0,0.0,0.01298215106099734,1.869429752783617,12971.268865922048,0.17344153817492447,True
2025-10-11,full_linked_48h,2,16071.606492344137,8106.8128812262985,24178.419373570436,33047.009861523,fe406688afdce5536661dfba38b136887844b813f347f308404ba4fa7b1698e5,32502.382258499325,32753.33666535574,293.67319616726166,1809.9536399298588,14768.554115422587,4249.396944717649,8242.628737436531,1.1368683772161603e-13,0.0,0.0,0.013402818534207958,1.9300058689259458,32657.59119987597,0.1790616556170183,True
2025-10-12,full_linked_48h,2,36011.425150579,11501.760266469113,47513.18541704812,60115.56403381486,280e49f704609cc996c30fa7372993eadc61682484822d75e9788c15d066d34e,32943.61632014809,59256.5559650706,859.008068744263,2826.5817208322314,1676.569344197154,8242.628737436531,8076.72794041915,2.2737367544323206e-13,0.0,0.0,0.013293222487037484,1.9142240381333977,33105.58782417093,0.1775974524268208,True
2025-10-13,full_linked_48h,2,36838.027129286944,5989.167480843859,42827.194610130806,59842.29457874072,29600454501e730da83e6f6269a4d6a1e76c4c8f30ff621389014d4d97076acb,33685.405390428685,58910.5253840332,931.7691947075102,1807.4239519868672,1253.1614804201088,8076.72794041915,8473.952101169663,2.2737367544323206e-13,0.0,0.0,0.013820411165902947,1.9901392078900244,33671.970964656866,0.18464069317646337,True
2025-10-14,full_linked_48h,2,36735.80685153157,14075.67409272007,50811.48094425164,59432.47230118204,4b8345863cc731558029f850044746a52f7266d3af91abfb84acf0b8a10ade07,32562.77837350033,58981.93870613492,450.53359504712716,3898.825712069829,0.0,8473.952101169663,8537.516337085113,1.1723955140041653e-13,0.0,0.0,0.013558969354360469,1.9524915870279074,32498.762462819464,0.18114783057425585,True
2025-10-15,full_linked_48h,2,35582.87295201818,20860.904829885254,56443.77778190344,59736.50550914576,1ae34afa0f8768a10f04ac8a9fe4f92b700b833174416457eb63e070682563c4,32481.93068625086,58968.057042071814,768.4484670739515,5278.516924171814,599.5868624008463,8537.516337085113,8182.1042522900425,1.1368683772161603e-13,0.0,0.0,0.013043632224152033,1.8782830402778927,32608.380398493253,0.17426292651467115,True
2025-10-16,full_linked_48h,2,34469.674731805644,21369.02059288558,55838.69532469122,54803.68556839433,8fc5a4d84135e50abc79e6433b35672d46d10659fb1ea772a63896e7b3b39d06,13915.017669532657,54622.48897373756,181.1965946567583,5979.873018775668,188.5180668313657,8182.1042522900425,3724.1412098810815,1.5942802633617248e-13,0.0,0.0,0.013481480064001516,1.9413331292162184,13986.01616670423,0.18011257365506025,True
2025-10-17,full_linked_48h,2,15087.438949871284,7055.251265220339,22142.69021509162,30068.457542203676,5aa1d1a856ce0737351edeafae57505d42884b15d3b4bd2f049967388b82abb0,13726.345850355183,29832.603406390634,235.85413581304167,1605.5107507113046,13773.803784234258,3724.1412098810815,3903.2377525536003,1.1368683772161603e-13,0.0,0.0,0.014042163790590066,2.0220715858449694,14050.525129267022,0.18760330824228327,True
2025-10-18,full_linked_48h,2,17402.998591659925,5335.802203743902,22738.800795403826,34240.811716900134,0bc98cb9143014352e2483bf13350545ec5d483d5f0c8f5041439c22583e8039,34430.53348351983,34240.811714544405,2.3557278723274067e-06,1750.3357795321344,14052.339518155615,3903.2377525536003,8079.544382296308,1.1368683772161603e-13,0.0,0.0,0.012714764776319498,1.8309261277900077,34589.377008382704,0.1698692574116285,True
2025-10-19,full_linked_48h,2,37834.65971315651,16040.570835116812,53875.23054827332,62120.19052791702,3ff6042561bb81e042648d990dff1664c5fd79b875f545cdafdd40640c27e4f1,34904.16518138336,61594.24584420393,525.9446837130876,4396.976480201622,0.0,8079.544382296308,8008.838866869584,1.9895196601282805e-13,0.0,0.0,0.013400828701277432,1.9297193329839502,35076.9868772078,0.1790350714490665,True
2025-10-20,full_linked_48h,2,38642.957189808876,15509.518106496304,54152.47529630518,63279.62110134946,004586e036cb5cf716de61c10ff031a944a079a8fd472476dcaf3ffa85353139,35331.54099374335,62335.10882002379,944.5122813256727,4128.998495666548,2.3557686290587299e-07,8008.838866869584,7900.19370243768,1.2434497875801753e-13,0.0,0.0,0.01489632379202198,2.145070626051165,35553.24696320598,0.19901488586141367,True
2025-10-21,full_linked_48h,2,40922.900914866215,9794.849794905786,50717.750709772,67714.71579033181,d784d0086d32a692e9c8695cfa68d7840129964e9553e5e3e3b7a889640ece0d,36248.93753449533,66249.55440853881,1465.1613817929956,2792.311239287022,115.31528403955714,7900.19370243768,8216.209854798471,2.2737367544323206e-13,0.0,0.0,0.013186577221454677,1.8988671198894735,36471.391547288884,0.17617267167863448,True
2025-10-22,full_linked_48h,4,40411.90592957752,14219.712028601523,54631.61795817905,66573.80319235288,b3a9f3cacd98826e5b3e2d3da5d472658eec52fd8e0bfb34139ee09a1023920c,37067.19092067924,64594.253974028805,1979.5492183240867,2820.1417603800846,233.7565042676772,8216.209854798471,7830.34289184202,2.2737367544323206e-13,0.0,0.0,0.013330153424855476,1.9195420931791887,37703.95316819646,0.17809084975606918,True
2025-10-23,full_linked_48h,4,38903.700672619285,7341.032652983993,46244.73332560328,62348.33323615285,d29cc43b1536c842e108c811448dcb6e56ab3a5c5cb99c2e18e7c47334bb18db,13818.264485677693,60040.0884102892,2308.2448258636514,1369.3072167161881,958.043922169134,7830.34289184202,3103.6883744835513,1.1368683772161603e-13,0.0,0.0,0.012740863422449265,1.834684332832694,14401.401369450425,0.17021793532392218,True
2025-10-24,full_linked_48h,4,15249.475475321073,8873.479378195076,24122.95485351615,30042.60224838221,e660eca1453a912d1ff4d7a9b0f846d3c66e7bf00507721728ca75f66b08797f,14003.024684293356,29798.22382255263,244.37842582957455,1852.1952001825093,11709.764893740119,3103.6883744835513,3104.0746239871587,1.1368683772161603e-13,0.0,0.0,0.0135102193328041,1.9454715839237906,14701.640559388576,0.1804965302862628,True
2025-10-25,full_linked_48h,4,17852.883562763054,6105.470498994245,23958.354061757298,35874.15887636028,1c123c67cee05af012ae51447076c0c1189aafe04a269a1abe4faae51b9008bc,37887.76023318255,35387.95915489635,486.1997214639392,1210.278493734343,10911.894185200466,3104.0746239871587,7658.872719872104,1.1368683772161603e-13,0.0,0.0,0.012958558762167942,1.8660324617521837,38496.9568755738,0.17312634506256372,True
2025-10-26,full_linked_48h,4,42200.65100698828,435.2895346711143,42635.940541659395,68245.68839093695,afcd4fd035b1217f55f830fe38809cd82ce78b435b8e9439381cabba2c6cda2a,39549.20930528773,66986.58584561555,1259.102545321406,201.02866167479797,469.84756820091116,7658.872719872104,7829.769145308092,1.5631940186722204e-13,0.0,0.0,0.012709837651022503,1.8302166217472404,39604.40622353144,0.16980343101766063,True
2025-10-27,full_linked_48h,4,42115.49250145277,9435.950823254181,51551.443324706954,69105.24952456196,e5a8250243d27c048cc9937587e98f7ca271163e2d05ac8591036b59038d9fca,38279.89261662019,65475.436616890904,3629.8129076710475,1912.1118071768308,1655.094321567526,7829.769145308092,8002.48717558878,2.2737367544323206e-13,0.0,0.0,0.013770256610061753,1.9829169518488925,38766.24331268071,0.18397062831042502,True
2025-10-28,full_linked_48h,4,42185.59564523323,3192.597976690979,45378.19362192421,68207.06792987595,25a0992fecc07154f9ee3130ee34034fe0f7818ea275c127993656a978c67ae3,38269.302830615045,67129.48208441239,1077.5858454635722,557.6471533282063,6.08444118168276,8002.48717558878,7669.057335248732,2.2737367544323206e-13,0.0,0.0,0.014114219298992085,2.0324475790548604,38583.013922508675,0.18856596983453427,True
2025-10-29,full_linked_48h,4,41428.01108743754,18486.283497391494,59914.29458482903,67385.53958808072,32c9ea1f3ed86625265f657445ae2d982565c71d56d27ee3e686012b9e138b84,38333.92441600488,66672.16181154677,713.377776533951,4384.107876908941,0.0,7669.057335248732,7346.324473400416,2.2737367544323206e-13,0.0,0.0,0.013607036756285298,1.959413292905083,38824.505134467014,0.18179001106397158,True
2025-10-30,full_linked_48h,4,40143.591464364115,4332.77068365074,44476.36214801486,63955.33134108728,1a8c7e8859aad4ba614d970cf92ca57a2a5005c9c549a8bb7d1917ab35c4c95a,14878.792298411217,62656.21467717498,1299.1166639123076,714.816113632158,883.7490314815877,7346.324473400416,3225.6311255086,1.3500311979441904e-13,0.0,0.0,0.013769904812862579,1.9828662930522114,15500.933564007199,0.18396592829984407,True
2025-10-31,full_linked_48h,4,16599.985165221893,7046.9652165072885,23646.95038172918,31986.511875747346,527efe8c3d64af54cf6a84d0d23e876bbb39b24caf4bbc84d20273a66f817004,14996.400836541678,31675.035091123842,311.47678462350416,1290.1257394954766,7363.3207021184435,3225.6311255086,3407.4854905873904,2.2737367544323206e-13,0.0,0.0,0.013250799487448402,1.9081151261925697,15591.24146391523,0.17703068115231063,True
2025-11-01,full_linked_48h,4,18440.765867973532,2028.6165986332794,20469.38246660681,36258.056631393854,ae5b2f19d14a991b5de363672e3bce4b6d655fe02e795f44a769647790c34ce5,40280.08497376238,35882.982010379026,375.07462101483065,526.8161511140167,8336.52148115699,3407.4854905873904,7194.207557586173,1.1368683772161603e-13,0.0,0.0,0.0133937427910698,1.9286989619140513,40972.473652584755,0.17894040368869255,True
2025-11-02,full_linked_48h,4,44259.299531036115,2668.0727956457818,46927.3723266819,71969.36125526227,d1e9dc89ec98f840fa9f849e3870740c3603080bed3b25164bc17b611edfe4d1,41069.94467675789,71433.9334905168,535.4277647454564,745.9240644747327,0.011483568750203331,7194.207557586173,8315.300257765817,1.687538997430238e-13,0.0,0.0,0.012992453992410447,1.8709133749071043,41064.387038718225,0.17357918533860356,True
2025-11-03,full_linked_48h,4,44358.2068848934,2052.8261586894055,46411.03304358281,71571.72587259124,09b1ec505540c99640c396f6ebc015b365cc11df275a3c2a9eaf8c041a280133,41221.51218459167,70784.42292290743,787.3029496838153,816.4593995641478,39.1808585239457,8315.300257765817,8250.084998727929,2.2737367544323206e-13,0.0,0.0,0.012699065658428784,1.8286654548137449,41279.21336387562,0.16965951719660854,True
2025-11-04,full_linked_48h,4,43884.96891717782,3802.81545468333,47687.784371861155,71215.34696407164,108d99808ea025682f07c8d3aa6895f73cff424f2672360079e02c86ccad76a8,41652.99105304865,68735.27254413112,2480.0744199405244,633.8144606779325,734.8095924425746,8250.084998727929,7238.843507667537,1.1368683772161603e-13,0.0,0.0,0.013469571132898435,1.9396182431373745,41940.02020482735,0.17995347033552309,True
2025-11-05,full_linked_48h,2,44804.08638313589,3418.614515185202,48222.70089832109,73690.31677480582,3963f505fff043689c042eae36fd87e1c22c2f4f8aa56c0ff4d4338443b25a1a,40957.767458940994,72790.37215251203,899.944622293784,923.8508109562658,567.6775126807923,7238.843507667537,8415.83813313887,2.2737367544323206e-13,0.0,0.0,0.0165286472911248,2.380125209921971,40979.83804524161,0.2208227278094273,True
2025-11-06,full_linked_48h,2,43189.84331882093,12064.345090244424,55254.188409065355,69878.7188454183,dad473a1400027720a899d4a6ea28ef0416d17e8111340e9ee25a52f3acf2ed4,14815.91969874441,68166.30814720066,1712.410698217635,2871.3732423692395,0.0,8415.83813313887,6033.004471106669,1.6947554470903015e-13,0.0,0.0,0.013900289362128306,2.001641668146476,14885.024946508598,0.18570786587803417,True
2025-11-07,full_linked_48h,2,16401.040212476015,3627.9077947121605,20028.948007188177,31346.483479509236,bed574cf95f8f1393cdb8ff287b1af1eebdaf96669b0e17c384a316e26d8ea6a,15020.55527824222,30719.53920891226,626.9442705969732,887.4505347503473,7840.119927287103,6033.004471106669,4902.142754598559,1.1368683772161603e-13,0.0,0.0,0.013663188909049495,1.9674992029031273,15179.062145421783,0.18254020382490124,True
2025-11-08,full_linked_48h,2,18672.674786417676,230.44785719895037,18903.122643616625,36825.62264925969,30714b2efca38b32381b6b49183d33c3c3eebd2af74dc1a1159ebdc70a88e505,43008.09974508288,35995.13346133358,830.4891879261141,92.77811621570677,6806.81213427468,4902.142754598559,8561.017600358678,1.1368683772161603e-13,0.0,0.0,0.013383183110919263,1.927178367972374,42984.33084725491,0.17879932636188137,True
2025-11-09,full_linked_48h,2,46342.06941921893,4813.17354718456,51155.24296640349,74724.01598494472,321a2a3d815b472429f28c7bf2b5373540114555f4c94908a09e5f3e3d0a16b4,43061.57032743134,72755.11389033275,1968.902094611965,1217.4739367745462,402.32184187201517,8561.017600358678,8629.751587129462,2.2737367544323206e-13,0.0,0.0,0.013533625584386755,1.9488420841516927,43099.70240895787,0.18080923780740704,True
2025-11-10,full_linked_48h,2,46571.552525770916,7088.965715201633,53660.51824097255,75062.59116904627,b4c991925df1b0c171ad3e579a364a920e60d39bef2617e9a66440201f9034a7,43203.97241721964,74324.43876069738,738.1524083488919,1793.851866838947,7.062149940395557e-07,8629.751587129462,8697.990745930383,2.2737367544323206e-13,0.0,0.0,0.013450564244016682,1.9368812511384021,43211.54846943733,0.17969953830006286,True
2025-11-11,full_linked_48h,2,46883.113413697676,2315.087200090787,49198.20061378846,75528.31484419203,8b93985ba646e58f5ee6a94a9f7bc3fbf63877f60361d6116eacb6b26ad1c1ff,43554.71724287367,73644.68928630269,1883.6255578893438,408.5614479611469,338.2048511761334,8697.990745930383,8707.21284860322,1.2768055057676975e-08,0.0,0.0,0.012768716402408446,1.8386951619468164,43602.38015160212,0.17059005113617684,True
2025-11-12,full_linked_48h,2,47173.42825301929,1150.6189605127352,48324.04721353202,75842.56925521677,e3897012147c469eb15543ed271811fd793ed127df50c97de1a39285d19b0535,43783.33576099724,73274.32605522842,2568.243199988361,175.58813547409088,303.6096489792348,8707.21284860322,8718.265118483918,2.2737367544323206e-13,0.0,0.0,0.013090146382132338,1.8849810790270567,43781.83338474629,0.17488435566528804,True
2025-11-13,full_linked_48h,2,46591.145393198734,5284.640684426307,51875.786077625045,74323.84780203682,802c8ec2fa99f075795757a09c8cb65e02bbd16927cd53c26d524b8b957752b6,14970.49069055272,71845.14976516066,2478.698036876164,1337.2814619305916,223.6411502355735,8718.265118483918,7250.375678611352,2.2737367544323206e-13,0.0,0.0,0.013275237237192213,1.9116341621556785,14981.93313786929,0.17735716948888794,True
2025-11-14,full_linked_48h,2,17600.618429527232,3142.775959600539,20743.39438912777,33865.26552765966,01a0c96136e4dc7ac24ceaffb086d59f21369d2b68560da4c17e44a72fa290c0,14891.12236749975,33097.7597649676,767.5057626920544,992.9569638843768,4774.084666211442,7250.375678611352,7290.173802038589,1.1368683772161603e-13,0.0,0.0,0.01477904424043825,2.128182370623108,14836.459319014926,0.19744803105225503,True
2025-11-15,full_linked_48h,2,18135.849135267938,1635.7079911514097,19771.557126419346,35231.0553933599,fba3612e4237b8eaa6e7f681baea927043b05d389e0c2930498e1a3a21d32110,44853.628761022876,34611.14397602602,619.9114173338808,415.95107346841064,3707.0245225691624,7290.173802038589,8591.999012650436,1.1368683772161603e-13,0.0,0.0,0.014568247916637725,2.0978276999958325,44815.98705235574,0.19463179216628002,True
2025-11-16,full_linked_48h,2,47684.73401599025,4936.323479970326,52621.05749596058,76840.5791527045,74e6ef1528109c587c0fffc40b9d485431c759c53c17504913ebd2e714c8e549,44656.19118970674,75320.57776695056,1520.0013857539398,1385.9791910900635,238.22161326610748,8591.999012650436,8307.435889807492,2.2737367544323206e-13,0.0,0.0,0.013486566165334403,1.942065527808154,44728.59104991708,0.18018052396886763,True
2025-11-17,full_linked_48h,2,48222.85047966683,2678.549898631935,50901.400378298764,77717.75163303656,d3620bda41507241c18d4530c4a1f1161a7475431a81eff505a4e1045891fdda,44710.59735684974,74441.18438777243,3276.567245264143,885.7176492106171,100.84808722186986,8307.435889807492,8603.021867599058,1.4921397450962104e-13,0.0,0.0,0.01327737158842663,1.9119415087334346,44650.58218322595,0.17738568442137975,True
2025-11-18,full_linked_48h,2,47894.41624887147,5501.579900588134,53395.99614945961,77090.65434609423,91ea1d6c5ba1bb4a1a7314c0ee02bbb6dbe302ca61cec5e50ce208abdf7b3cbd,44792.33281278803,75202.83091283165,1887.8234332625939,1828.0343371697663,0.0,8603.021867599058,8463.185293744877,2.2737367544323206e-13,0.0,0.0,0.013192910847768266,1.8997791620786302,44795.05225951548,0.17625728892618403,True
2025-11-19,full_linked_48h,2,47770.542408047724,7006.801910553353,54777.34431860108,77402.7829303905,71cb8dd1e120eaffb0969321c9fd39613992aa9977686245d92c6e7ed6e52c0f,44399.436986599874,75886.49801912633,1516.2849112641964,1681.9715004007514,12.948230771496306,8463.185293744877,8293.06655421942,1.2789769243681803e-13,0.0,0.0,0.01313166003334724,1.8909590448020026,44486.59986972435,0.17543897804551914,True
2025-11-20,full_linked_48h,2,47819.61078366166,2770.5641151587997,50590.174898820456,76478.55619650657,0b3850631fce5a090415f5a4b8bd6bb18e3b9877381acc02c8cf7af1bb16961b,15434.014760979939,74973.4570562692,1505.0991402373827,685.5068544416878,7.495416666666642,8293.06655421942,6911.380238315025,1.5987211554602254e-13,0.0,0.0,0.013443361404117442,1.9358440421929117,15457.317116111008,0.17960330835900903,True
2025-11-21,full_linked_48h,2,18047.580204813385,1056.460235436206,19104.04044024959,34453.080464296494,71748e950729e8cc8c9e9fff456c93c1a898141db47de193e73690a479af79aa,15373.247098245214,34036.425634043015,416.6548302534821,449.9071434909463,3637.302898159178,6911.380238315025,7171.681339529443,1.1368683772161603e-13,0.0,0.0,0.01833550204072607,2.640312293864554,15302.910710625278,0.24496230726410026,True
2025-11-22,full_linked_48h,2,18546.72353473074,1714.6787557576083,20261.40229048835,35823.57164244884,2a9f7f2e6d8038a5ea9b3ff348f9948b7e148736f12b5d011007733fca450441,45917.44791838701,35366.08260402067,457.48903842817595,485.07450370482945,2508.6356642444443,7171.681339529443,8484.742540493666,1.1368683772161603e-13,0.0,0.0,0.014603308194434957,2.1028763799986336,45919.82520920192,0.195100197477651,True
2025-11-23,full_linked_48h,2,48998.177868324616,3083.7786298659603,52081.95649819058,78607.43466634097,63368e611e5664c7339f1299dfd8c8c178f12fcfff88df4e81621831af65fba9,45920.352614353644,76830.63358408591,1776.801082255044,872.1927267090496,422.2014742699464,8484.742540493666,8229.688277426341,1.2567724638756772e-13,0.0,0.0,0.014354276346138149,2.0670157938438933,45922.86802692313,0.19177313198440565,True
2025-11-24,full_linked_48h,2,49485.278669699714,1138.2507475696234,50623.52941726934,79589.85302005903,2ca222a3d4cacb3b7047e8922ed2d5839d875d1b85cbdbe6b5e1b3f8e7151133,46087.37983384342,76630.16993883546,2959.6830812235903,259.664479338254,346.04943396384726,8229.688277426341,8384.120226650393,2.2737367544323206e-13,0.0,0.0,0.014414853638299974,2.075738923915196,46139.97010526591,0.19258244460768764,True
2025-11-25,full_linked_48h,2,49056.07814851649,1890.6625950832542,50946.740743599745,78760.42081328029,062ce0537657e99a81f1be0c58e607bb427eaa82f0e537a974f81d00a58b65c5,45917.41158612206,77820.55638418125,939.8644290990526,793.6880838140482,18.77477514481401,8384.120226650393,8435.388198216364,2.2737367544323206e-13,0.0,0.0,0.013861848688369113,1.9961062111251522,45917.25447976589,0.18519429847661134,True
2025-11-26,full_linked_48h,2,49105.12024868588,3622.861795541001,52727.98204422688,78815.01903112634,3d3ea7a18ae906c666f072263098d98dc8102919ca7a7903b3dba44f300c2e4b,45843.67828096755,78151.19786206275,663.8211690636024,1192.7570867831982,0.0,8435.388198216364,8607.662156059267,2.2737367544323206e-13,0.0,0.0,0.014550977152693021,2.095340709987795,45763.29937889276,0.19440105475997876,True
2025-11-27,full_linked_48h,2,48718.81209290051,2380.4752551709635,51099.28734807147,77920.50438103877,e4f23ebf510ab18ca630c372f60ff8fa8828450f65c01b2cf278dec8884e4988,15432.608845539598,76161.3370491584,1759.167331880377,553.3563002120839,1.2340712450480136,8607.662156059267,7307.799642536129,1.1368683772161603e-13,0.0,0.0,0.014463400819699422,2.082729718036717,15380.312398982554,0.1932310349511843,True
2025-11-28,full_linked_48h,2,18360.68427115058,1174.0778821997515,19534.762153350333,34988.84685654717,63ef27d5678ecc24f64e25cb92784ffba0a7249029e6924472000555a38aa067,15638.838847895375,34360.25993934686,628.5869172003086,374.7287685345385,1946.3510506271864,7307.799642536129,7405.701688666205,1.1368683772161603e-13,0.0,0.0,0.013712525423721268,1.9746036610158626,15621.784542137311,0.18319933966091614,True
2025-11-29,full_linked_48h,2,18773.451632546523,9121.066871351237,27894.518503897758,36059.55910125996,5fcfab66483a2f1ed15aae076c7bc3c28868cf4266c140beecddcb2598e612e1,47029.51176321278,35346.676894106065,712.8822071538974,3341.394869054506,1232.518690259608,7405.701688666205,8123.571601716641,1.1368683772161603e-13,0.0,0.0,0.014503313061949383,2.088477080920711,47094.52467412854,0.19376426250764375,True
2025-11-30,full_linked_48h,2,50928.97485507256,6193.969359861332,57122.944214933894,81425.79263984902,e42dbdcb316a0bfcfa5e33fe765b14e2137e9c9737c54592c0dcbf9718fb827f,47613.177253236936,80787.47286156933,638.3197782796941,1974.7590526544739,0.0,8123.571601716641,8169.069804528309,1.7053025658242404e-13,0.0,0.0,0.012928041096125121,1.8616379178420175,47654.482406949595,0.17271862904423163,True
2025-12-01,full_linked_48h,2,51229.234501119754,25916.30780649444,77145.54230761419,82000.27282294037,24ef5c996f563b50fe59ab946d03c3f442372f1468858f7699f0c6a49e0dee54,47972.18014135309,81492.34857964938,507.9242432910055,7187.315643402439,0.0,8169.069804528309,7978.975998282595,2.2737367544323206e-13,0.0,0.0,0.012951007277782386,1.8649450480006635,48098.79375832338,0.17302545723117266,True
2025-12-02,full_linked_48h,2,51741.17967603872,31725.91350457602,83467.09318061474,82747.10292807914,46975756cb26428f9f7e6f3c492857abe0a41a6540678fae3ec314198a33ceef,48546.97436196142,82562.96454621202,184.13838186711644,8706.46827162204,0.0,7978.975998282595,8052.971681252016,1.7280399333685637e-11,0.0,0.0,0.012878478563733451,1.854500913177617,48640.45430177095,0.1720564736114789,True
2025-12-03,full_linked_48h,2,52251.82978627205,20666.552369488516,72918.38215576057,83409.16930912988,120c0e8492be3c5d0620f726f5c7afa5dd40d1302c0a678db50431d623874c0c,49040.790743618694,83275.83931352303,133.32999560685528,6350.973810892961,0.0,8052.971681252016,7950.908616090098,2.2737367544323206e-13,0.0,0.0,0.013680437791764335,1.9699830420140643,49179.97233135423,0.1827706488979715,True
2025-12-04,full_linked_48h,2,52572.797955257585,20319.178729899235,72891.97668515681,83850.40038820221,b7008092297810a7be1d7ec90e652fbe674ae9937ae30cb19f7db4ae2230fd60,16409.29921388135,83715.67859379579,134.72179440642276,5673.359032368806,0.0,7950.908616090098,8034.33132163425,2.2737367544323206e-13,0.0,0.0,0.014622011831913065,2.1055697037954815,16489.95278933162,0.19535007807435856,True
2025-12-05,full_linked_48h,2,19743.532427427093,15653.227992325876,35396.76041975297,37928.37887808001,644730d302c20aa95c903744fbbd077e4170b030bced260b912dcc70fc5cd893,16596.0329399768,37868.93160570603,59.44727237398183,5323.960501502508,0.0,8034.33132163425,7947.348713542397,1.1368683772161603e-13,0.0,0.0,0.013400617742364476,1.9296889549004845,16760.576570574176,0.1790322530379894,True
2025-12-06,full_linked_48h,2,20220.406086744373,17593.725045282175,37814.13113202655,39124.49484364495,2745b9b7044d82062b60e250b1a7436340472e56686a2a21638526e10fb9100e,50158.88932716714,39110.20400796566,14.290835679289216,6888.5688170351095,1.1770229093599482e-06,7947.348713542397,8260.954145855243,1.1368683772161603e-13,0.0,0.0,0.013213170396031475,1.9026965370285325,50318.30275100196,0.17652795649098052,True
2025-12-07,full_linked_48h,2,53791.644141024226,17151.219960142844,70942.86410116707,85374.13794233804,92d9a25777b08f4b812456ebf957f1b3a6d168e8c9e647f57d494d3056eefcef,51638.769869791395,85107.9191159956,266.2188263424523,5195.904290340557,0.0,8260.954145855243,8345.741739609239,2.2737367544323206e-13,0.0,0.0,0.01335082143668842,1.9225182868831325,51699.76116000243,0.1783669743941573,True
2025-12-08,full_linked_48h,2,54948.68034628005,11344.353029604154,66293.0333758842,87098.28655242249,bd1f918db14fc5f9be91799ebe2599864c9f63fed83a8bd7ffb9473077251473,51676.86400079626,86829.32518954066,268.9613628818197,3877.346649385119,0.0,8345.741739609239,8586.069846146169,2.2737367544323206e-13,0.0,0.0,0.01334459227089408,1.9216212870087475,51630.05879569734,0.1782837527391449,True
2025-12-09,full_linked_48h,2,58027.7063699559,6910.977922975387,64938.684292931284,92188.22286680239,9b4db40f3b628701f55dfec2b470d5dfa79e991abfdcb7842b344feb9e0bdf85,54581.139962962945,88306.32703557276,3881.8958312296595,1695.8783636817288,0.0,8586.069846146169,8637.886028325533,2.2737367544323206e-13,0.0,0.0,0.013182064286310278,1.89821725722868,54620.15976805078,0.1761123788651053,True
2025-12-10,full_linked_48h,2,57780.15186598321,5042.219431243586,62822.3712972268,91818.15565879266,edfbd82d332e4727d87f698504ada855cfa8325cbbf8fa600f9191481d4c3d65,54708.51888080794,89309.89990837198,2508.255750420672,1646.5199950541937,0.0,8637.886028325533,8667.0822706819,2.2737367544323206e-13,0.0,0.0,0.013412882249314053,1.9314550439012237,54758.20122298322,0.17919610685083576,True
2025-12-11,full_linked_48h,2,58112.53499897162,2767.162224377782,60879.6972233494,92059.47348915992,a69b02970db81eed4199f1878871a887c90bcbae3271cc0f6a245818239aa572,20378.50874716633,87679.60324095358,4379.870248206342,827.004911309249,0.0,8667.0822706819,8739.120748760308,2.2737367544323206e-13,0.0,0.0,0.013156925324437907,1.8945972467190586,20387.691300949326,0.17577652233449043,True
2025-12-12,full_linked_48h,2,23648.476137571764,6727.586620744557,30376.062758316322,45674.90574952573,964ddb2511f7eea0cf5dfec85944af9e130a80061e44d8aca3b640297e145c23,20543.391774067306,43529.83931735731,2145.0664321684217,2325.6865322620934,158.1257123026177,8739.120748760308,8794.997245661632,1.1368683772161603e-13,0.0,0.0,0.01307607464493938,1.8829547488712706,20576.786610178573,0.1746963572563901,True
2025-12-13,full_linked_48h,2,23968.475716913395,5083.805584806855,29052.28130172025,46442.47174593709,521c8de1619cd21a64b1487a34247ab1c665e6c7b53a86ba46e1688b35725ad3,55204.745146146204,44591.93052480968,1850.5412211274092,1317.1402476752464,99.47473427497225,8794.997245661632,8862.740588283568,2.2737367544323206e-13,0.0,0.0,0.013051751443425828,1.8794522078533191,55206.532673931026,0.17437139928416906,True
2025-12-14,full_linked_48h,2,58201.09162476682,4687.91329926501,62889.00492403183,91717.6523624085,3cc00f6966244241ce61953fcf38506173b0ddc2e2a8bb12482c554976bb9aea,56016.96663430103,89478.22292018216,2239.429442226319,1379.7375105920098,0.0,8862.740588283568,8470.395764283496,2.2737367544323206e-13,0.0,0.0,0.01328619209117379,1.9132116611290257,56070.912571680194,0.17750352633808184,True
2025-12-15,full_linked_48h,2,58643.516457273916,4755.277121016439,63398.79357829035,93016.98729978703,7cbe357b4139ceaf1b383819c5c54a2b58d9089a0b5de6cdafb775dc212967b4,55573.9044375513,90769.17454334474,2247.8127564422757,1460.4911103006837,0.0049,8470.395764283496,8674.323955245281,2.2737367544323206e-13,0.0,0.0,0.01346661461179287,1.9391925040981732,55543.24325535524,0.17991397121355274,True
2025-12-16,full_linked_48h,2,58867.21543514953,4904.233385815556,63771.44882096508,93199.09658061553,92fc2b2357692155c515f065f33af143d9b4756ccd4eb88f564a32352d4d09ac,55474.37414047372,90269.59809341365,2929.4984872018817,1418.680541147103,0.0056166666666666665,8674.323955245281,8421.996887432026,2.2737367544323206e-13,0.0,0.0,0.013297603855082545,1.9148549551318865,55545.73728293955,0.1776559875039028,True
2025-12-17,full_linked_48h,2,58997.00690089878,2755.285366048951,61752.29226694773,93588.18292753838,cc9ab9a338f4f3904fec591c04d5561fd20743ae4139cfbdbc0244286642389a,55789.13339562839,90071.56888572738,3516.614041810988,868.517214597584,0.0,8421.996887432026,8655.523427117792,2.2737367544323206e-13,0.0,0.0,0.013147324724236064,1.8932147602899931,55761.21163234569,0.1756482583157938,True
2025-12-18,full_linked_48h,2,58873.21601541043,2859.3617533882943,61732.57776879872,93119.56935333129,0870e917249eba1085a7fea16232cc59bfdb6384c04e229195041fece932307f,20953.52903195435,88538.803116528,4580.766236803269,1225.5017046425467,0.0,8655.523427117792,8506.587914960912,1.3677947663381929e-13,0.0,0.0,0.013273720452060742,1.9114157450967468,20976.024758865962,0.17733690523953152,True
2025-12-19,full_linked_48h,2,24284.97128383854,3124.0558339737113,27409.02711781225,47396.946102679125,59421e98d6da1f8b7ec51a09820dc6dc10f9ebd598d61972f00f882b558ab4ec,21233.656236801464,45650.991996685276,1745.9541059938438,868.2751660346674,1900.1059649056547,8506.587914960912,8261.667212679366,2.2737367544323206e-13,0.0,0.0,0.013057673333605635,1.8803049600392114,21316.71125618726,0.1744505157369713,True
2025-12-20,full_linked_48h,2,24484.284421254037,795.7189951497065,25280.003416403742,47862.25052485519,f3926dfb8e57e5422f9a6e2855facfb2cdfb6e53c42884a2ae6ec151dbd5cfda,56176.97586206178,46020.508315676576,1841.7422091786143,271.6368921311606,1353.9147117296793,8261.667212679366,8335.857507685792,1.1368683772161603e-13,0.0,0.0,0.013609495958614085,1.9597674180404283,56234.225957025184,0.1818228660070842,True
2025-12-21,full_linked_48h,2,59359.30644211602,972.2433762702728,60331.549818386295,93942.3279886494,b5ea985cb1e198fc8e00f0a92e28589062d852f2699b4030b3f34bce2dc757d4,57152.52746381976,91575.52894303093,2366.799045618489,235.0368698867436,0.005266666666666667,8335.857507685792,8611.158883109641,2.2737367544323206e-13,0.0,0.0,0.013290658875525373,1.9138548780756537,57089.130123879055,0.177563202577019,True
2025-12-22,full_linked_48h,2,60139.28752811272,1946.3886810050644,62085.67620911778,95092.8270008105,00a499312dc31147887845088684f5add41c1d3804c2375528fe6e879d8e0b53,57153.34593952971,91032.13092612846,4060.696074682045,348.15963121212394,0.0049499999999999995,8611.158883109641,8556.397177029688,2.2737367544323206e-13,0.0,0.0,0.013271181472494694,1.911050132039236,57136.90789739428,0.1773029844725291,True
2025-12-23,full_linked_48h,2,60243.432947375695,661.1435693007502,60904.57651667645,95125.9949448968,a3cc3baef1669d1c0f8d01d0c9ea0b82fa063b353e93dc89e6eb7849f2d23f57,56721.73960018146,89622.26129868225,5503.733646214535,170.4093770216395,0.005349999999999999,8556.397177029688,8644.891401011193,2.2737367544323206e-13,0.0,0.0,0.013281544527975106,1.9125424120284151,56665.67574569537,0.1774414348937474,True
2025-12-24,full_linked_48h,2,59802.44102409111,1903.7855626352386,61706.22658672635,94515.02061342762,2ff72048cf2dc379e6e4a7485d047ea32cc76950b4e168bdf9fc17238267b0ec,56738.51336353109,89622.83006376323,4892.190549664387,633.389936027848,0.005533333333333333,8644.891401011193,8531.44261556289,2.2737367544323206e-13,0.0,0.0,0.013424421902931903,1.933116754022194,56721.805955020616,0.17935027662317024,True
2025-12-25,full_linked_48h,2,59983.09019269726,755.8336923501054,60738.92388504736,94534.21661712645,5f4c362ea885aeca4d057b14c26b94a747689599687223d21a6b7e271a05355a,21884.856411743698,90012.75852535586,4521.458091770576,322.1249416210611,0.0052,8531.44261556289,8599.203279371235,2.2737367544323206e-13,0.0,0.0,0.013597953369955777,1.958105285273632,21837.807233703887,0.1816686570226092,True
2025-12-26,full_linked_48h,2,25077.126978714692,2676.6728727224995,27753.79985143719,48451.072138702264,26ebc80d92157863088dd0c7d3f811b99c6407c311814a2307e7b7148b6f7e66,21934.562728500132,45587.52348139409,2863.5486573081685,951.1813838815376,1173.4264333333335,8599.203279371235,9022.965519884536,2.2737367544323206e-13,0.0,0.0,0.013675329562021134,1.9692474569310434,21702.743641331206,0.18270240294860235,True
2025-12-27,full_linked_48h,2,24933.643208124202,198.32386462512147,25131.967072749325,48264.73733455551,a996d0dd07c905daeb89482acb99d510f695b922c077a83f0045a20a2512c492,57149.2564320819,45452.98108593448,2811.756248621036,78.75588240480472,669.8041695361711,9022.965519884536,8662.534497608143,1.1368683772161603e-13,0.0,0.0,0.013008280688356737,1.8731924191233702,57078.830613431826,0.173790629996446,True
2025-12-28,full_linked_48h,2,60325.33614284143,1289.5163043738091,61614.852447215235,95035.58052378954,8814c757dced2dfb029516d731042086808a799aab9f1cc85db3a53c1345d1eb,58275.39064788427,88983.56626943921,6052.014254350306,462.3371804011038,0.0048,8662.534497608143,8917.475083543888,1.7053025658242404e-13,0.0,0.0,0.01334142243892226,1.9211648312048055,58085.82619347248,0.1782414037840014,True
2025-12-29,full_linked_48h,2,61154.86626278174,24.4034550564549,61179.26971783819,96259.60959702305,535a56cee9ddc706b5b0ceb96dceced472e16300bd98b420b3ca9ed73480e409,58267.11906771207,89603.5943472247,6656.015249798339,5.551917914221253,0.006333333333333333,8917.475083543888,8663.235770271654,2.2737367544323206e-13,0.0,0.0,0.013186540841262386,1.8988618811417837,58191.397515877565,0.17617218563926548,True
2025-12-30,full_linked_48h,2,61308.957249091254,15.811058686987002,61324.76830777824,96465.22531649173,b6b127bd15f24f13a3508245dfbc88d52a92d8ef85b2319a843251abd5be736e,57780.14965403299,88778.48397290849,7686.741343583245,7.407382847030687,0.0059166666666666656,8663.235770271654,8898.272668504525,1.4521717162097048e-13,0.0,0.0,0.013631091186956231,1.9628771309216972,57606.130043028345,0.18211137825773524,True
2025-12-31,full_linked_48h,2,57564.392735850735,905.7829647362213,58470.17570058696,88257.9693526862,8debdb230711e8b83c37f6edaad924170393e391185f4e2d3942c9759e65f30a,0.0,82824.82407055915,5433.1452821270495,250.2986908743498,0.005883333333333332,8898.272668504525,1200.0,5.203060027270112e-08,0.0,0.0,0.00797757641622512,1.1487710039364174,0.0,0.10658042092076761,True
