decision_date,target_date,history_cutoff_date,load_source_dates,pv_source_dates,residual_pool_end_date,scenario_k,soc_sample_kwh,virtual_next_day_cost_yuan,value_subgradient_yuan_per_kwh,certified_max_gap_yuan,gap_tolerance_yuan,bundle_sample_count
2025-01-01,2025-01-02,attachment1_fallback,attachment1_fallback,attachment1_fallback,none,1,1200.0,33869.37996241603,-0.4544192997661961,0.7992968171674875,1.0,10
2025-01-01,2025-01-02,attachment1_fallback,attachment1_fallback,attachment1_fallback,none,1,2850.3853265227904,33120.121351326474,-0.4534706164681456,0.7992968171674875,1.0,10
2025-01-01,2025-01-02,attachment1_fallback,attachment1_fallback,attachment1_fallback,none,1,3709.580558841014,32730.60833049397,-0.4525219331700951,0.7992968171674875,1.0,10
2025-01-01,2025-01-02,attachment1_fallback,attachment1_fallback,attachment1_fallback,none,1,5876.908642691462,31751.41301799431,-0.45104620359534986,0.7992968171674875,1.0,10
2025-01-01,2025-01-02,attachment1_fallback,attachment1_fallback,attachment1_fallback,none,1,7916.746839256558,30832.895861131896,-0.4499921110419604,0.7992968171674875,1.0,10
2025-01-01,2025-01-02,attachment1_fallback,attachment1_fallback,attachment1_fallback,none,1,8527.11293175291,30558.45468466103,-0.44777851667984253,0.7992968171674875,1.0,10
2025-01-01,2025-01-02,attachment1_fallback,attachment1_fallback,attachment1_fallback,none,1,9680.196102073829,30042.27469996122,-0.44746228891382567,0.7992968171674875,1.0,10
2025-01-01,2025-01-02,attachment1_fallback,attachment1_fallback,attachment1_fallback,none,1,10009.430584957972,29894.954684660523,-0.4211205160046231,0.7992968171674875,1.0,10
2025-01-01,2025-01-02,attachment1_fallback,attachment1_fallback,attachment1_fallback,none,1,10303.221598026264,29771.233261639685,-0.4211205160046231,0.7992968171674875,1.0,10
2025-01-01,2025-01-02,attachment1_fallback,attachment1_fallback,attachment1_fallback,none,1,10800.0,29562.302559848886,-0.40499289993776433,0.7992968171674875,1.0,10
2025-01-02,2025-01-03,2025-01-01,attachment1_fallback,2025-01-01,2025-01-01,1,1200.0,72383.70373002166,-0.4544192997661961,0.7992968171602115,1.0,10
2025-01-02,2025-01-03,2025-01-01,attachment1_fallback,2025-01-01,2025-01-01,1,2850.385326518956,71634.44511893384,-0.4534706164681456,0.7992968171602115,1.0,10
2025-01-02,2025-01-03,2025-01-01,attachment1_fallback,2025-01-01,2025-01-01,1,3709.580558843171,71244.93209809862,-0.4525219331700951,0.7992968171602115,1.0,10
2025-01-02,2025-01-03,2025-01-01,attachment1_fallback,2025-01-01,2025-01-01,1,5876.908642692508,70265.73678559947,-0.45104620359534986,0.7992968171602115,1.0,10
2025-01-02,2025-01-03,2025-01-01,attachment1_fallback,2025-01-01,2025-01-01,1,7916.746839256558,69347.21962873753,-0.4499921110419604,0.7992968171602115,1.0,10
2025-01-02,2025-01-03,2025-01-01,attachment1_fallback,2025-01-01,2025-01-01,1,8527.11293175291,69072.77845226665,-0.44777851667984253,0.7992968171602115,1.0,10
2025-01-02,2025-01-03,2025-01-01,attachment1_fallback,2025-01-01,2025-01-01,1,9727.799905065593,68535.29756091915,-0.44746228891382567,0.7992968171602115,1.0,10
2025-01-02,2025-01-03,2025-01-01,attachment1_fallback,2025-01-01,2025-01-01,1,10009.430584957698,68409.27845226627,-0.4211205160046231,0.7992968171602115,1.0,10
2025-01-02,2025-01-03,2025-01-01,attachment1_fallback,2025-01-01,2025-01-01,1,10330.357570586275,68274.12951447855,-0.4211205160046231,0.7992968171602115,1.0,10
2025-01-02,2025-01-03,2025-01-01,attachment1_fallback,2025-01-01,2025-01-01,1,10800.0,68076.40951733118,-0.4030006650118583,0.7992968171602115,1.0,10
2025-01-03,2025-01-04,2025-01-02,attachment1_fallback,2025-01-01;2025-01-02,2025-01-02,1,1200.0,72666.85753302666,-0.4544192997661961,0.7992968171602115,1.0,10
2025-01-03,2025-01-04,2025-01-02,attachment1_fallback,2025-01-01;2025-01-02,2025-01-02,1,2850.385326518956,71917.59892193884,-0.4534706164681456,0.7992968171602115,1.0,10
2025-01-03,2025-01-04,2025-01-02,attachment1_fallback,2025-01-01;2025-01-02,2025-01-02,1,3709.580558843171,71528.08590110362,-0.4525219331700951,0.7992968171602115,1.0,10
2025-01-03,2025-01-04,2025-01-02,attachment1_fallback,2025-01-01;2025-01-02,2025-01-02,1,5876.908642692508,70548.89058860447,-0.45104620359534986,0.7992968171602115,1.0,10
2025-01-03,2025-01-04,2025-01-02,attachment1_fallback,2025-01-01;2025-01-02,2025-01-02,1,7916.746839256558,69630.37343174253,-0.4499921110419604,0.7992968171602115,1.0,10
2025-01-03,2025-01-04,2025-01-02,attachment1_fallback,2025-01-01;2025-01-02,2025-01-02,1,8527.11293175291,69355.93225527165,-0.44777851667984253,0.7992968171602115,1.0,10
2025-01-03,2025-01-04,2025-01-02,attachment1_fallback,2025-01-01;2025-01-02,2025-01-02,1,9727.799905065875,68818.45136392402,-0.44746228891382567,0.7992968171602115,1.0,10
2025-01-03,2025-01-04,2025-01-02,attachment1_fallback,2025-01-01;2025-01-02,2025-01-02,1,10009.430584958249,68692.43225527104,-0.4211205160046231,0.7992968171602115,1.0,10
2025-01-03,2025-01-04,2025-01-02,attachment1_fallback,2025-01-01;2025-01-02,2025-01-02,1,10330.357570586602,68557.28331748341,-0.4211205160046231,0.7992968171602115,1.0,10
2025-01-03,2025-01-04,2025-01-02,attachment1_fallback,2025-01-01;2025-01-02,2025-01-02,1,10800.0,68359.56332033616,-0.4030006650118583,0.7992968171602115,1.0,10
2025-01-04,2025-01-05,2025-01-03,attachment1_fallback,2025-01-01;2025-01-02;2025-01-03,2025-01-03,1,1200.0,60490.4743171095,-0.4544192997661961,0.7992968171747634,1.0,10
2025-01-04,2025-01-05,2025-01-03,attachment1_fallback,2025-01-01;2025-01-02;2025-01-03,2025-01-03,1,2850.3853265227904,59741.215706019946,-0.4534706164681456,0.7992968171747634,1.0,10
2025-01-04,2025-01-05,2025-01-03,attachment1_fallback,2025-01-01;2025-01-02;2025-01-03,2025-01-03,1,3709.580558841014,59351.70268518744,-0.4525219331700951,0.7992968171747634,1.0,10
2025-01-04,2025-01-05,2025-01-03,attachment1_fallback,2025-01-01;2025-01-02;2025-01-03,2025-01-03,1,5876.908642692508,58372.50737268731,-0.45104620359534986,0.7992968171747634,1.0,10
2025-01-04,2025-01-05,2025-01-03,attachment1_fallback,2025-01-01;2025-01-02;2025-01-03,2025-01-03,1,7916.746839258588,57453.99021582445,-0.4499921110419604,0.7992968171747634,1.0,10
2025-01-04,2025-01-05,2025-01-03,attachment1_fallback,2025-01-01;2025-01-02;2025-01-03,2025-01-03,1,8527.11293175291,57179.5490393545,-0.44777851667984253,0.7992968171747634,1.0,10
2025-01-04,2025-01-05,2025-01-03,attachment1_fallback,2025-01-01;2025-01-02;2025-01-03,2025-01-03,1,9727.95631726328,56641.998159447,-0.44746228891382567,0.7992968171747634,1.0,10
2025-01-04,2025-01-05,2025-01-03,attachment1_fallback,2025-01-01;2025-01-02;2025-01-03,2025-01-03,1,10009.430584957972,56516.049039353995,-0.4211205160046231,0.7992968171747634,1.0,10
2025-01-04,2025-01-05,2025-01-03,attachment1_fallback,2025-01-01;2025-01-02;2025-01-03,2025-01-03,1,10330.538456954297,56380.82392660575,-0.4211205160046231,0.7992968171747634,1.0,10
2025-01-04,2025-01-05,2025-01-03,attachment1_fallback,2025-01-01;2025-01-02;2025-01-03,2025-01-03,1,10800.0,56183.17206191736,-0.4030006650118583,0.7992968171747634,1.0,10
2025-01-05,2025-01-06,2025-01-04,attachment1_fallback,2025-01-01;2025-01-02;2025-01-03;2025-01-04,2025-01-04,1,1200.0,60282.47370897603,-0.4544192997661961,0.7992968171674875,1.0,10
2025-01-05,2025-01-06,2025-01-04,attachment1_fallback,2025-01-01;2025-01-02;2025-01-03;2025-01-04,2025-01-04,1,2850.385326518956,59533.21509788821,-0.4534706164681456,0.7992968171674875,1.0,10
2025-01-05,2025-01-06,2025-01-04,attachment1_fallback,2025-01-01;2025-01-02;2025-01-03;2025-01-04,2025-01-04,1,3709.580558841014,59143.702077053975,-0.4525219331700951,0.7992968171674875,1.0,10
2025-01-05,2025-01-06,2025-01-04,attachment1_fallback,2025-01-01;2025-01-02;2025-01-03;2025-01-04,2025-01-04,1,5876.908642692508,58164.50676455384,-0.45104620359534986,0.7992968171674875,1.0,10
2025-01-05,2025-01-06,2025-01-04,attachment1_fallback,2025-01-01;2025-01-02;2025-01-03;2025-01-04,2025-01-04,1,7916.746839258588,57245.98960769098,-0.4499921110419604,0.7992968171674875,1.0,10
2025-01-05,2025-01-06,2025-01-04,attachment1_fallback,2025-01-01;2025-01-02;2025-01-03;2025-01-04,2025-01-04,1,8527.11293175291,56971.54843122103,-0.44777851667984253,0.7992968171674875,1.0,10
2025-01-05,2025-01-06,2025-01-04,attachment1_fallback,2025-01-01;2025-01-02;2025-01-03;2025-01-04,2025-01-04,1,9727.95631726328,56433.99755131353,-0.44746228891382567,0.7992968171674875,1.0,10
2025-01-05,2025-01-06,2025-01-04,attachment1_fallback,2025-01-01;2025-01-02;2025-01-03;2025-01-04,2025-01-04,1,10009.430584957698,56308.04843122064,-0.4211205160046231,0.7992968171674875,1.0,10
2025-01-05,2025-01-06,2025-01-04,attachment1_fallback,2025-01-01;2025-01-02;2025-01-03;2025-01-04,2025-01-04,1,10330.538456954297,56172.823318472285,-0.4211205160046231,0.7992968171674875,1.0,10
2025-01-05,2025-01-06,2025-01-04,attachment1_fallback,2025-01-01;2025-01-02;2025-01-03;2025-01-04,2025-01-04,1,10800.0,55975.171453783885,-0.4030006650118583,0.7992968171674875,1.0,10
2025-01-06,2025-01-07,2025-01-05,attachment1_fallback,2025-01-01;2025-01-02;2025-01-03;2025-01-04;2025-01-05,2025-01-05,1,1200.0,59144.76097374463,-0.4544192997661961,0.7992968171747634,1.0,10
2025-01-06,2025-01-07,2025-01-05,attachment1_fallback,2025-01-01;2025-01-02;2025-01-03;2025-01-04;2025-01-05,2025-01-05,1,2850.3853265227904,58395.502362655076,-0.4534706164681456,0.7992968171747634,1.0,10
2025-01-06,2025-01-07,2025-01-05,attachment1_fallback,2025-01-01;2025-01-02;2025-01-03;2025-01-04;2025-01-05,2025-01-05,1,3709.580558841014,58005.98934182257,-0.4525219331700951,0.7992968171747634,1.0,10
2025-01-06,2025-01-07,2025-01-05,attachment1_fallback,2025-01-01;2025-01-02;2025-01-03;2025-01-04;2025-01-05,2025-01-05,1,5876.908642691462,57026.79402932291,-0.45104620359534986,0.7992968171747634,1.0,10
2025-01-06,2025-01-07,2025-01-05,attachment1_fallback,2025-01-01;2025-01-02;2025-01-03;2025-01-04;2025-01-05,2025-01-05,1,7916.746839256558,56108.2768724605,-0.4499921110419604,0.7992968171747634,1.0,10
2025-01-06,2025-01-07,2025-01-05,attachment1_fallback,2025-01-01;2025-01-02;2025-01-03;2025-01-04;2025-01-05,2025-01-05,1,8527.11293175291,55833.835695989634,-0.44777851667984253,0.7992968171747634,1.0,10
2025-01-06,2025-01-07,2025-01-05,attachment1_fallback,2025-01-01;2025-01-02;2025-01-03;2025-01-04;2025-01-05,2025-01-05,1,9726.050241665223,55297.13771303208,-0.44746228891382567,0.7992968171747634,1.0,10
2025-01-06,2025-01-07,2025-01-05,attachment1_fallback,2025-01-01;2025-01-02;2025-01-03;2025-01-04;2025-01-05,2025-01-05,1,10009.430584957972,55170.335695989124,-0.4211205160046231,0.7992968171747634,1.0,10
2025-01-06,2025-01-07,2025-01-05,attachment1_fallback,2025-01-01;2025-01-02;2025-01-03;2025-01-04;2025-01-05,2025-01-05,1,10328.334133396538,55036.03886911497,-0.4211205160046231,0.7992968171747634,1.0,10
2025-01-06,2025-01-07,2025-01-05,attachment1_fallback,2025-01-01;2025-01-02;2025-01-03;2025-01-04;2025-01-05,2025-01-05,1,10800.0,54837.55672635748,-0.4030006650118583,0.7992968171747634,1.0,10
2025-01-07,2025-01-08,2025-01-06,2025-01-01,2025-01-01;2025-01-02;2025-01-03;2025-01-04;2025-01-05;2025-01-06,2025-01-06,1,1200.0,71566.40008414391,-0.4544192997661961,0.7992968171747634,1.0,10
2025-01-07,2025-01-08,2025-01-06,2025-01-01,2025-01-01;2025-01-02;2025-01-03;2025-01-04;2025-01-05;2025-01-06,2025-01-06,1,2850.385326518956,70817.1414730561,-0.4534706164681456,0.7992968171747634,1.0,10
2025-01-07,2025-01-08,2025-01-06,2025-01-01,2025-01-01;2025-01-02;2025-01-03;2025-01-04;2025-01-05;2025-01-06,2025-01-06,1,3709.580558834543,70427.62845222479,-0.4525219331700951,0.7992968171747634,1.0,10
2025-01-07,2025-01-08,2025-01-06,2025-01-01,2025-01-01;2025-01-02;2025-01-03;2025-01-04;2025-01-05;2025-01-06,2025-01-06,1,5876.908642690416,69448.43313972268,-0.45104620359534986,0.7992968171747634,1.0,10
2025-01-07,2025-01-08,2025-01-06,2025-01-01,2025-01-01;2025-01-02;2025-01-03;2025-01-04;2025-01-05;2025-01-06,2025-01-06,1,7916.746839260618,68529.91598285796,-0.4499921110419604,0.7992968171747634,1.0,10
2025-01-07,2025-01-08,2025-01-06,2025-01-01,2025-01-01;2025-01-02;2025-01-03;2025-01-04;2025-01-05;2025-01-06,2025-01-06,1,8527.11293175291,68255.47480638891,-0.44777851667984253,0.7992968171747634,1.0,10
2025-01-07,2025-01-08,2025-01-06,2025-01-01,2025-01-01;2025-01-02;2025-01-03;2025-01-04;2025-01-05;2025-01-06,2025-01-06,1,9679.263564132516,67739.71209725083,-0.44746228891382567,0.7992968171747634,1.0,10
2025-01-07,2025-01-08,2025-01-06,2025-01-01,2025-01-01;2025-01-02;2025-01-03;2025-01-04;2025-01-05;2025-01-06,2025-01-06,1,10009.430584957698,67591.97480638853,-0.44746228891382567,0.7992968171747634,1.0,10
2025-01-07,2025-01-08,2025-01-06,2025-01-01,2025-01-01;2025-01-02;2025-01-03;2025-01-04;2025-01-05;2025-01-06,2025-01-06,1,10306.3385886582,67466.94075466428,-0.4211205160046231,0.7992968171747634,1.0,10
2025-01-07,2025-01-08,2025-01-06,2025-01-01,2025-01-01;2025-01-02;2025-01-03;2025-01-04;2025-01-05;2025-01-06,2025-01-06,1,10800.0,67259.04980638844,-0.4052775049271795,0.7992968171747634,1.0,10
2025-01-08,2025-01-09,2025-01-07,2025-01-02,2025-01-01;2025-01-02;2025-01-03;2025-01-04;2025-01-05;2025-01-06;2025-01-07,2025-01-07,1,1200.0,71978.02618070092,-0.4544192997661961,0.7992968171747634,1.0,10
2025-01-08,2025-01-09,2025-01-07,2025-01-02,2025-01-01;2025-01-02;2025-01-03;2025-01-04;2025-01-05;2025-01-06;2025-01-07,2025-01-07,1,2850.3853265266252,71228.76756960963,-0.4534706164681456,0.7992968171747634,1.0,10
2025-01-08,2025-01-09,2025-01-07,2025-01-02,2025-01-01;2025-01-02;2025-01-03;2025-01-04;2025-01-05;2025-01-06;2025-01-07,2025-01-07,1,3709.580558838857,70839.25454877983,-0.4525219331700951,0.7992968171747634,1.0,10
2025-01-08,2025-01-09,2025-01-07,2025-01-02,2025-01-01;2025-01-02;2025-01-03;2025-01-04;2025-01-05;2025-01-06;2025-01-07,2025-01-07,1,5876.908642690416,69860.05923627967,-0.45104620359534986,0.7992968171747634,1.0,10
2025-01-08,2025-01-09,2025-01-07,2025-01-02,2025-01-01;2025-01-02;2025-01-03;2025-01-04;2025-01-05;2025-01-06;2025-01-07,2025-01-07,1,7916.746839256558,68941.54207941679,-0.4499921110419604,0.7992968171747634,1.0,10
2025-01-08,2025-01-09,2025-01-07,2025-01-02,2025-01-01;2025-01-02;2025-01-03;2025-01-04;2025-01-05;2025-01-06;2025-01-07,2025-01-07,1,8527.112931747157,68667.1009029485,-0.44777851667984253,0.7992968171747634,1.0,10
2025-01-08,2025-01-09,2025-01-07,2025-01-02,2025-01-01;2025-01-02;2025-01-03;2025-01-04;2025-01-05;2025-01-06;2025-01-07,2025-01-07,1,9728.890269780026,68129.13211450755,-0.44746228891382567,0.7992968171747634,1.0,10
2025-01-08,2025-01-09,2025-01-07,2025-01-02,2025-01-01;2025-01-02;2025-01-03;2025-01-04;2025-01-05;2025-01-06;2025-01-07,2025-01-07,1,10009.430584958249,68003.6009029453,-0.4211205160046231,0.7992968171747634,1.0,10
2025-01-08,2025-01-09,2025-01-07,2025-01-02,2025-01-01;2025-01-02;2025-01-03;2025-01-04;2025-01-05;2025-01-06;2025-01-07,2025-01-07,1,10331.618547134018,67867.92094206336,-0.4211205160046231,0.7992968171747634,1.0,10
2025-01-08,2025-01-09,2025-01-07,2025-01-02,2025-01-01;2025-01-02;2025-01-03;2025-01-04;2025-01-05;2025-01-06;2025-01-07,2025-01-07,1,10800.0,67670.67590294544,-0.4030006650118583,0.7992968171747634,1.0,10
2025-01-09,2025-01-10,2025-01-08,2025-01-03,2025-01-02;2025-01-03;2025-01-04;2025-01-05;2025-01-06;2025-01-07;2025-01-08,2025-01-08,1,1200.0,35165.30812646927,-0.4544192997661961,0.7992968171747634,1.0,10
2025-01-09,2025-01-10,2025-01-08,2025-01-03,2025-01-02;2025-01-03;2025-01-04;2025-01-05;2025-01-06;2025-01-07;2025-01-08,2025-01-08,1,2850.3853265227904,34416.04951537971,-0.4534706164681456,0.7992968171747634,1.0,10
2025-01-09,2025-01-10,2025-01-08,2025-01-03,2025-01-02;2025-01-03;2025-01-04;2025-01-05;2025-01-06;2025-01-07;2025-01-08,2025-01-08,1,3709.580558841014,34026.5364945472,-0.4525219331700951,0.7992968171747634,1.0,10
2025-01-09,2025-01-10,2025-01-08,2025-01-03,2025-01-02;2025-01-03;2025-01-04;2025-01-05;2025-01-06;2025-01-07;2025-01-08,2025-01-08,1,5876.908642692508,33047.34118204707,-0.45104620359534986,0.7992968171747634,1.0,10
2025-01-09,2025-01-10,2025-01-08,2025-01-03,2025-01-02;2025-01-03;2025-01-04;2025-01-05;2025-01-06;2025-01-07;2025-01-08,2025-01-08,1,7916.746839258588,32128.824025184214,-0.4499921110419604,0.7992968171747634,1.0,10
2025-01-09,2025-01-10,2025-01-08,2025-01-03,2025-01-02;2025-01-03;2025-01-04;2025-01-05;2025-01-06;2025-01-07;2025-01-08,2025-01-08,1,8527.11293175291,31854.38284871426,-0.44777851667984253,0.7992968171747634,1.0,10
2025-01-09,2025-01-10,2025-01-08,2025-01-03,2025-01-02;2025-01-03;2025-01-04;2025-01-05;2025-01-06;2025-01-07;2025-01-08,2025-01-08,1,9725.867350156703,31317.76670280974,-0.44746228891382567,0.7992968171747634,1.0,10
2025-01-09,2025-01-10,2025-01-08,2025-01-03,2025-01-02;2025-01-03;2025-01-04;2025-01-05;2025-01-06;2025-01-07;2025-01-08,2025-01-08,1,10009.430584957698,31190.882848713874,-0.4211205160046231,0.7992968171747634,1.0,10
2025-01-09,2025-01-10,2025-01-08,2025-01-03,2025-01-02;2025-01-03;2025-01-04;2025-01-05;2025-01-06;2025-01-07;2025-01-08,2025-01-08,1,10328.122624439864,31056.675092600577,-0.4211205160046231,0.7992968171747634,1.0,10
2025-01-09,2025-01-10,2025-01-08,2025-01-03,2025-01-02;2025-01-03;2025-01-04;2025-01-05;2025-01-06;2025-01-07;2025-01-08,2025-01-08,1,10800.0,30858.113283113784,-0.4030006650118583,0.7992968171747634,1.0,10
2025-01-10,2025-01-11,2025-01-09,2025-01-04,2025-01-03;2025-01-04;2025-01-05;2025-01-06;2025-01-07;2025-01-08;2025-01-09,2025-01-09,1,1200.0,35186.10962319262,-0.4544192997661961,0.7992968171747634,1.0,10
2025-01-10,2025-01-11,2025-01-09,2025-01-04,2025-01-03;2025-01-04;2025-01-05;2025-01-06;2025-01-07;2025-01-08;2025-01-09,2025-01-09,1,2850.3853265227904,34436.85101210307,-0.4534706164681456,0.7992968171747634,1.0,10
2025-01-10,2025-01-11,2025-01-09,2025-01-04,2025-01-03;2025-01-04;2025-01-05;2025-01-06;2025-01-07;2025-01-08;2025-01-09,2025-01-09,1,3709.580558841014,34047.33799127056,-0.4525219331700951,0.7992968171747634,1.0,10
2025-01-10,2025-01-11,2025-01-09,2025-01-04,2025-01-03;2025-01-04;2025-01-05;2025-01-06;2025-01-07;2025-01-08;2025-01-09,2025-01-09,1,5876.908642692508,33068.142678770426,-0.45104620359534986,0.7992968171747634,1.0,10
2025-01-10,2025-01-11,2025-01-09,2025-01-04,2025-01-03;2025-01-04;2025-01-05;2025-01-06;2025-01-07;2025-01-08;2025-01-09,2025-01-09,1,7916.746839258588,32149.625521907576,-0.4499921110419604,0.7992968171747634,1.0,10
2025-01-10,2025-01-11,2025-01-09,2025-01-04,2025-01-03;2025-01-04;2025-01-05;2025-01-06;2025-01-07;2025-01-08;2025-01-09,2025-01-09,1,8527.112931755786,31875.184345436333,-0.44777851667984253,0.7992968171747634,1.0,10
2025-01-10,2025-01-11,2025-01-09,2025-01-04,2025-01-03;2025-01-04;2025-01-05;2025-01-06;2025-01-07;2025-01-08;2025-01-09,2025-01-09,1,9726.800911991413,31338.150465817693,-0.44746228891382567,0.7992968171747634,1.0,10
2025-01-10,2025-01-11,2025-01-09,2025-01-04,2025-01-03;2025-01-04;2025-01-05;2025-01-06;2025-01-07;2025-01-08;2025-01-09,2025-01-09,1,10009.430584957698,31211.68434543723,-0.4211205160046231,0.7992968171747634,1.0,10
2025-01-10,2025-01-11,2025-01-09,2025-01-04,2025-01-03;2025-01-04;2025-01-05;2025-01-06;2025-01-07;2025-01-08;2025-01-09,2025-01-09,1,10329.20226280632,31077.02193145795,-0.4211205160046231,0.7992968171747634,1.0,10
2025-01-10,2025-01-11,2025-01-09,2025-01-04,2025-01-03;2025-01-04;2025-01-05;2025-01-06;2025-01-07;2025-01-08;2025-01-09,2025-01-09,1,10800.0,30878.866777362142,-0.4030006650118583,0.7992968171747634,1.0,10
2025-01-11,2025-01-12,2025-01-10,2025-01-05,2025-01-04;2025-01-05;2025-01-06;2025-01-07;2025-01-08;2025-01-09;2025-01-10,2025-01-10,1,1200.0,59612.04107177624,-0.4544192997661961,0.7992968171674875,1.0,10
2025-01-11,2025-01-12,2025-01-10,2025-01-05,2025-01-04;2025-01-05;2025-01-06;2025-01-07;2025-01-08;2025-01-09;2025-01-10,2025-01-10,1,2850.385326515121,58862.78246069017,-0.4534706164681456,0.7992968171674875,1.0,10
2025-01-11,2025-01-12,2025-01-10,2025-01-05,2025-01-04;2025-01-05;2025-01-06;2025-01-07;2025-01-08;2025-01-09;2025-01-10,2025-01-10,1,3709.580558838857,58473.26943985517,-0.4525219331700951,0.7992968171674875,1.0,10
2025-01-11,2025-01-12,2025-01-10,2025-01-05,2025-01-04;2025-01-05;2025-01-06;2025-01-07;2025-01-08;2025-01-09;2025-01-10,2025-01-10,1,5876.908642691462,57494.07412735453,-0.45104620359534986,0.7992968171674875,1.0,10
2025-01-11,2025-01-12,2025-01-10,2025-01-05,2025-01-04;2025-01-05;2025-01-06;2025-01-07;2025-01-08;2025-01-09;2025-01-10,2025-01-10,1,7916.746839258588,56575.5569704912,-0.4499921110419604,0.7992968171674875,1.0,10
2025-01-11,2025-01-12,2025-01-10,2025-01-05,2025-01-04;2025-01-05;2025-01-06;2025-01-07;2025-01-08;2025-01-09;2025-01-10,2025-01-10,1,8527.11293175291,56301.11579402124,-0.44777851667984253,0.7992968171674875,1.0,10
2025-01-11,2025-01-12,2025-01-10,2025-01-05,2025-01-04;2025-01-05;2025-01-06;2025-01-07;2025-01-08;2025-01-09;2025-01-10,2025-01-10,1,9727.485562575783,55763.77555908373,-0.44746228891382567,0.7992968171674875,1.0,10
2025-01-11,2025-01-12,2025-01-10,2025-01-05,2025-01-04;2025-01-05;2025-01-06;2025-01-07;2025-01-08;2025-01-09;2025-01-10,2025-01-10,1,10009.430584957698,55637.61579402086,-0.4211205160046231,0.7992968171674875,1.0,10
2025-01-11,2025-01-12,2025-01-10,2025-01-05,2025-01-04;2025-01-05;2025-01-06;2025-01-07;2025-01-08;2025-01-09;2025-01-10,2025-01-10,1,10329.994042216289,55502.619945487895,-0.4211205160046231,0.7992968171674875,1.0,10
2025-01-11,2025-01-12,2025-01-10,2025-01-05,2025-01-04;2025-01-05;2025-01-06;2025-01-07;2025-01-08;2025-01-09;2025-01-10,2025-01-10,1,10800.0,55304.76302214743,-0.4030006650118583,0.7992968171674875,1.0,10
2025-01-12,2025-01-13,2025-01-11,2025-01-06,2025-01-05;2025-01-06;2025-01-07;2025-01-08;2025-01-09;2025-01-10;2025-01-11,2025-01-11,1,1200.0,58337.5209227639,-0.4544192997661961,0.9999857953589526,1.0,9
2025-01-12,2025-01-13,2025-01-11,2025-01-06,2025-01-05;2025-01-06;2025-01-07;2025-01-08;2025-01-09;2025-01-10;2025-01-11,2025-01-11,1,2850.385326518956,57588.26231167609,-0.4534706164681456,0.9999857953589526,1.0,9
2025-01-12,2025-01-13,2025-01-11,2025-01-06,2025-01-05;2025-01-06;2025-01-07;2025-01-08;2025-01-09;2025-01-10;2025-01-11,2025-01-11,1,3709.580558841014,57198.74929084184,-0.4525219331700951,0.9999857953589526,1.0,9
2025-01-12,2025-01-13,2025-01-11,2025-01-06,2025-01-05;2025-01-06;2025-01-07;2025-01-08;2025-01-09;2025-01-10;2025-01-11,2025-01-11,1,5876.908642692508,56219.553978341704,-0.45104620359534986,0.9999857953589526,1.0,9
2025-01-12,2025-01-13,2025-01-11,2025-01-06,2025-01-05;2025-01-06;2025-01-07;2025-01-08;2025-01-09;2025-01-10;2025-01-11,2025-01-11,1,7916.746839258588,55301.03682147885,-0.4499921110419604,0.9999857953589526,1.0,9
2025-01-12,2025-01-13,2025-01-11,2025-01-06,2025-01-05;2025-01-06;2025-01-07;2025-01-08;2025-01-09;2025-01-10;2025-01-11,2025-01-11,1,9648.821614229973,54524.454560453196,-0.44746228891382567,0.9999857953589526,1.0,9
2025-01-12,2025-01-13,2025-01-11,2025-01-06,2025-01-05;2025-01-06;2025-01-07;2025-01-08;2025-01-09;2025-01-10;2025-01-11,2025-01-11,1,10009.430584957972,54363.09564500839,-0.4211205160046231,0.9999857953589526,1.0,9
2025-01-12,2025-01-13,2025-01-11,2025-01-06,2025-01-05;2025-01-06;2025-01-07;2025-01-08;2025-01-09;2025-01-10;2025-01-11,2025-01-11,1,10289.60991827495,54245.106379588105,-0.4211205160046231,0.9999857953589526,1.0,9
2025-01-12,2025-01-13,2025-01-11,2025-01-06,2025-01-05;2025-01-06;2025-01-07;2025-01-08;2025-01-09;2025-01-10;2025-01-11,2025-01-11,1,10800.0,54030.24688224508,-0.4065107932146451,0.9999857953589526,1.0,9
2025-01-13,2025-01-14,2025-01-12,2025-01-07,2025-01-06;2025-01-07;2025-01-08;2025-01-09;2025-01-10;2025-01-11;2025-01-12,2025-01-12,1,1200.0,58472.59705312497,-0.4544192997661961,0.7992968171747634,1.0,10
2025-01-13,2025-01-14,2025-01-12,2025-01-07,2025-01-06;2025-01-07;2025-01-08;2025-01-09;2025-01-10;2025-01-11;2025-01-12,2025-01-12,1,2850.3853265227904,57723.33844203541,-0.4534706164681456,0.7992968171747634,1.0,10
2025-01-13,2025-01-14,2025-01-12,2025-01-07,2025-01-06;2025-01-07;2025-01-08;2025-01-09;2025-01-10;2025-01-11;2025-01-12,2025-01-12,1,3709.580558841014,57333.825421202906,-0.4525219331700951,0.7992968171747634,1.0,10
2025-01-13,2025-01-14,2025-01-12,2025-01-07,2025-01-06;2025-01-07;2025-01-08;2025-01-09;2025-01-10;2025-01-11;2025-01-12,2025-01-12,1,5876.908642693554,56354.6301087023,-0.45104620359534986,0.7992968171747634,1.0,10
2025-01-13,2025-01-14,2025-01-12,2025-01-07,2025-01-06;2025-01-07;2025-01-08;2025-01-09;2025-01-10;2025-01-11;2025-01-12,2025-01-12,1,7916.746839260618,55436.11295183901,-0.4499921110419604,0.7992968171747634,1.0,10
2025-01-13,2025-01-14,2025-01-12,2025-01-07,2025-01-06;2025-01-07;2025-01-08;2025-01-09;2025-01-10;2025-01-11;2025-01-12,2025-01-12,1,8527.112931758662,55161.67177536739,-0.44777851667984253,0.7992968171747634,1.0,10
2025-01-13,2025-01-14,2025-01-12,2025-01-07,2025-01-06;2025-01-07;2025-01-08;2025-01-09;2025-01-10;2025-01-11;2025-01-12,2025-01-12,1,9726.86673556597,54624.608442182696,-0.44746228891382567,0.7992968171747634,1.0,10
2025-01-13,2025-01-14,2025-01-12,2025-01-07,2025-01-06;2025-01-07;2025-01-08;2025-01-09;2025-01-10;2025-01-11;2025-01-12,2025-01-12,1,10009.430584957698,54498.17177536957,-0.4211205160046231,0.7992968171747634,1.0,10
2025-01-13,2025-01-14,2025-01-12,2025-01-07,2025-01-06;2025-01-07;2025-01-08;2025-01-09;2025-01-10;2025-01-11;2025-01-12,2025-01-12,1,10329.278385944302,54363.47730437515,-0.4211205160046231,0.7992968171747634,1.0,10
2025-01-13,2025-01-14,2025-01-12,2025-01-07,2025-01-06;2025-01-07;2025-01-08;2025-01-09;2025-01-10;2025-01-11;2025-01-12,2025-01-12,1,10800.0,54165.35082273615,-0.4030006650118583,0.7992968171747634,1.0,10
2025-01-14,2025-01-15,2025-01-13,2025-01-01;2025-01-08,2025-01-07;2025-01-08;2025-01-09;2025-01-10;2025-01-11;2025-01-12;2025-01-13,2025-01-13,1,1200.0,58253.74766999169,-0.4544192997661961,0.7992968171747634,1.0,10
2025-01-14,2025-01-15,2025-01-13,2025-01-01;2025-01-08,2025-01-07;2025-01-08;2025-01-09;2025-01-10;2025-01-11;2025-01-12;2025-01-13,2025-01-13,1,2850.3853265227904,57504.48905890212,-0.4534706164681456,0.7992968171747634,1.0,10
2025-01-14,2025-01-15,2025-01-13,2025-01-01;2025-01-08,2025-01-07;2025-01-08;2025-01-09;2025-01-10;2025-01-11;2025-01-12;2025-01-13,2025-01-13,1,3709.580558841014,57114.976038069624,-0.4525219331700951,0.7992968171747634,1.0,10
2025-01-14,2025-01-15,2025-01-13,2025-01-01;2025-01-08,2025-01-07;2025-01-08;2025-01-09;2025-01-10;2025-01-11;2025-01-12;2025-01-13,2025-01-13,1,5876.908642692508,56135.78072556949,-0.45104620359534986,0.7992968171747634,1.0,10
2025-01-14,2025-01-15,2025-01-13,2025-01-01;2025-01-08,2025-01-07;2025-01-08;2025-01-09;2025-01-10;2025-01-11;2025-01-12;2025-01-13,2025-01-13,1,7916.746839258588,55217.263568706636,-0.4499921110419604,0.7992968171747634,1.0,10
2025-01-14,2025-01-15,2025-01-13,2025-01-01;2025-01-08,2025-01-07;2025-01-08;2025-01-09;2025-01-10;2025-01-11;2025-01-12;2025-01-13,2025-01-13,1,8527.11293175291,54942.82239223668,-0.44777851667984253,0.7992968171747634,1.0,10
2025-01-14,2025-01-15,2025-01-13,2025-01-01;2025-01-08,2025-01-07;2025-01-08;2025-01-09;2025-01-10;2025-01-11;2025-01-12;2025-01-13,2025-01-13,1,9726.84012428314,54405.770966594944,-0.44746228891382567,0.7992968171747634,1.0,10
2025-01-14,2025-01-15,2025-01-13,2025-01-01;2025-01-08,2025-01-07;2025-01-08;2025-01-09;2025-01-10;2025-01-11;2025-01-12;2025-01-13,2025-01-13,1,10009.430584957972,54279.32239223617,-0.4211205160046231,0.7992968171747634,1.0,10
2025-01-14,2025-01-15,2025-01-13,2025-01-01;2025-01-08,2025-01-07;2025-01-08;2025-01-09;2025-01-10;2025-01-11;2025-01-12;2025-01-13,2025-01-13,1,10329.247610734023,54144.6408813143,-0.4211205160046231,0.7992968171747634,1.0,10
2025-01-14,2025-01-15,2025-01-13,2025-01-01;2025-01-08,2025-01-07;2025-01-08;2025-01-09;2025-01-10;2025-01-11;2025-01-12;2025-01-13,2025-01-13,1,10800.0,53946.5028079187,-0.4030006650118583,0.7992968171747634,1.0,10
2025-01-15,2025-01-16,2025-01-14,2025-01-02;2025-01-09,2025-01-08;2025-01-09;2025-01-10;2025-01-11;2025-01-12;2025-01-13;2025-01-14,2025-01-14,1,1200.0,58201.392722712786,-0.4544192997661961,0.7992968171747634,1.0,10
2025-01-15,2025-01-16,2025-01-14,2025-01-02;2025-01-09,2025-01-08;2025-01-09;2025-01-10;2025-01-11;2025-01-12;2025-01-13;2025-01-14,2025-01-14,1,2850.3853265227904,57452.13411162323,-0.4534706164681456,0.7992968171747634,1.0,10
2025-01-15,2025-01-16,2025-01-14,2025-01-02;2025-01-09,2025-01-08;2025-01-09;2025-01-10;2025-01-11;2025-01-12;2025-01-13;2025-01-14,2025-01-14,1,3709.580558841014,57062.62109079072,-0.4525219331700951,0.7992968171747634,1.0,10
2025-01-15,2025-01-16,2025-01-14,2025-01-02;2025-01-09,2025-01-08;2025-01-09;2025-01-10;2025-01-11;2025-01-12;2025-01-13;2025-01-14,2025-01-14,1,5876.908642692508,56083.42577829059,-0.45104620359534986,0.7992968171747634,1.0,10
2025-01-15,2025-01-16,2025-01-14,2025-01-02;2025-01-09,2025-01-08;2025-01-09;2025-01-10;2025-01-11;2025-01-12;2025-01-13;2025-01-14,2025-01-14,1,7916.746839258588,55164.908621427734,-0.4499921110419604,0.7992968171747634,1.0,10
2025-01-15,2025-01-16,2025-01-14,2025-01-02;2025-01-09,2025-01-08;2025-01-09;2025-01-10;2025-01-11;2025-01-12;2025-01-13;2025-01-14,2025-01-14,1,8527.11293175291,54890.46744495779,-0.44777851667984253,0.7992968171747634,1.0,10
2025-01-15,2025-01-16,2025-01-14,2025-01-02;2025-01-09,2025-01-08;2025-01-09;2025-01-10;2025-01-11;2025-01-12;2025-01-13;2025-01-14,2025-01-14,1,9684.420235648755,54372.397319779855,-0.44746228891382567,0.7992968171747634,1.0,10
2025-01-15,2025-01-16,2025-01-14,2025-01-02;2025-01-09,2025-01-08;2025-01-09;2025-01-10;2025-01-11;2025-01-12;2025-01-13;2025-01-14,2025-01-14,1,10009.430584957972,54226.96744495728,-0.4211205160046231,0.7992968171747634,1.0,10
2025-01-15,2025-01-16,2025-01-14,2025-01-02;2025-01-09,2025-01-08;2025-01-09;2025-01-10;2025-01-11;2025-01-12;2025-01-13;2025-01-14,2025-01-14,1,10308.137696892518,54101.17575184515,-0.4211205160046231,0.7992968171747634,1.0,10
2025-01-15,2025-01-16,2025-01-14,2025-01-02;2025-01-09,2025-01-08;2025-01-09;2025-01-10;2025-01-11;2025-01-12;2025-01-13;2025-01-14,2025-01-14,1,10800.0,53894.106536430634,-0.40499289993776433,0.7992968171747634,1.0,10
2025-01-16,2025-01-17,2025-01-15,2025-01-03;2025-01-10,2025-01-09;2025-01-10;2025-01-11;2025-01-12;2025-01-13;2025-01-14;2025-01-15,2025-01-15,1,1200.0,23726.452082937936,-0.4544192997661961,0.7992968171711254,1.0,10
2025-01-16,2025-01-17,2025-01-15,2025-01-03;2025-01-10,2025-01-09;2025-01-10;2025-01-11;2025-01-12;2025-01-13;2025-01-14;2025-01-15,2025-01-15,1,2850.385326520873,22977.19347184925,-0.4534706164681456,0.7992968171711254,1.0,10
2025-01-16,2025-01-17,2025-01-15,2025-01-03;2025-01-10,2025-01-09;2025-01-10;2025-01-11;2025-01-12;2025-01-13;2025-01-14;2025-01-15,2025-01-15,1,3709.5805588420926,22587.68045101539,-0.4525219331700951,0.7992968171711254,1.0,10
2025-01-16,2025-01-17,2025-01-15,2025-01-03;2025-01-10,2025-01-09;2025-01-10;2025-01-11;2025-01-12;2025-01-13;2025-01-14;2025-01-15,2025-01-15,1,5876.908642693031,21608.485138515505,-0.45104620359534986,0.7992968171711254,1.0,10
2025-01-16,2025-01-17,2025-01-15,2025-01-03;2025-01-10,2025-01-09;2025-01-10;2025-01-11;2025-01-12;2025-01-13;2025-01-14;2025-01-15,2025-01-15,1,7916.746839258588,20689.967981652884,-0.4499921110419604,0.7992968171711254,1.0,10
2025-01-16,2025-01-17,2025-01-15,2025-01-03;2025-01-10,2025-01-09;2025-01-10;2025-01-11;2025-01-12;2025-01-13;2025-01-14;2025-01-15,2025-01-15,1,8527.112931755786,20415.52680518164,-0.44777851667984253,0.7992968171711254,1.0,10
2025-01-16,2025-01-17,2025-01-15,2025-01-03;2025-01-10,2025-01-09;2025-01-10;2025-01-11;2025-01-12;2025-01-13;2025-01-14;2025-01-15,2025-01-15,1,9672.155137175425,19902.944849041633,-0.44746228891382567,0.7992968171711254,1.0,10
2025-01-16,2025-01-17,2025-01-15,2025-01-03;2025-01-10,2025-01-09;2025-01-10;2025-01-11;2025-01-12;2025-01-13;2025-01-14;2025-01-15,2025-01-15,1,10009.430584957834,19752.026805182482,-0.4211205160046231,0.7992968171711254,1.0,10
2025-01-16,2025-01-17,2025-01-15,2025-01-03;2025-01-10,2025-01-09;2025-01-10;2025-01-11;2025-01-12;2025-01-13;2025-01-14;2025-01-15,2025-01-15,1,10298.057857404905,19630.479939276564,-0.4211205160046231,0.7992968171711254,1.0,10
2025-01-16,2025-01-17,2025-01-15,2025-01-03;2025-01-10,2025-01-09;2025-01-10;2025-01-11;2025-01-12;2025-01-13;2025-01-14;2025-01-15,2025-01-15,1,10800.0,19419.45112604162,-0.4052775049271795,0.7992968171711254,1.0,10
2025-01-17,2025-01-18,2025-01-16,2025-01-04;2025-01-11,2025-01-10;2025-01-11;2025-01-12;2025-01-13;2025-01-14;2025-01-15;2025-01-16,2025-01-16,1,1200.0,24180.552273922483,-0.4544192997661961,0.7992968171711254,1.0,10
2025-01-17,2025-01-18,2025-01-16,2025-01-04;2025-01-11,2025-01-10;2025-01-11;2025-01-12;2025-01-13;2025-01-14;2025-01-15;2025-01-16,2025-01-16,1,2850.385326520873,23431.293662833796,-0.4534706164681456,0.7992968171711254,1.0,10
2025-01-17,2025-01-18,2025-01-16,2025-01-04;2025-01-11,2025-01-10;2025-01-11;2025-01-12;2025-01-13;2025-01-14;2025-01-15;2025-01-16,2025-01-16,1,3709.580558841014,23041.780642000424,-0.4525219331700951,0.7992968171711254,1.0,10
2025-01-17,2025-01-18,2025-01-16,2025-01-04;2025-01-11,2025-01-10;2025-01-11;2025-01-12;2025-01-13;2025-01-14;2025-01-15;2025-01-16,2025-01-16,1,5876.908642692508,22062.58532950029,-0.45104620359534986,0.7992968171711254,1.0,10
2025-01-17,2025-01-18,2025-01-16,2025-01-04;2025-01-11,2025-01-10;2025-01-11;2025-01-12;2025-01-13;2025-01-14;2025-01-15;2025-01-16,2025-01-16,1,7916.746839258588,21144.068172637435,-0.4499921110419604,0.7992968171711254,1.0,10
2025-01-17,2025-01-18,2025-01-16,2025-01-04;2025-01-11,2025-01-10;2025-01-11;2025-01-12;2025-01-13;2025-01-14;2025-01-15;2025-01-16,2025-01-16,1,8527.112931755786,20869.626996166193,-0.44777851667984253,0.7992968171711254,1.0,10
2025-01-17,2025-01-18,2025-01-16,2025-01-04;2025-01-11,2025-01-10;2025-01-11;2025-01-12;2025-01-13;2025-01-14;2025-01-15;2025-01-16,2025-01-16,1,9680.26258232356,20353.41726406296,-0.44746228891382567,0.7992968171711254,1.0,10
2025-01-17,2025-01-18,2025-01-16,2025-01-04;2025-01-11,2025-01-10;2025-01-11;2025-01-12;2025-01-13;2025-01-14;2025-01-15;2025-01-16,2025-01-16,1,10009.430584957698,20206.12699616709,-0.4211205160046231,0.7992968171711254,1.0,10
2025-01-17,2025-01-18,2025-01-16,2025-01-04;2025-01-11,2025-01-10;2025-01-11;2025-01-12;2025-01-13;2025-01-14;2025-01-15;2025-01-16,2025-01-16,1,10303.29896856245,20082.372990826014,-0.4211205160046231,0.7992968171711254,1.0,10
2025-01-17,2025-01-18,2025-01-16,2025-01-04;2025-01-11,2025-01-10;2025-01-11;2025-01-12;2025-01-13;2025-01-14;2025-01-15;2025-01-16,2025-01-16,1,10800.0,19873.47158547593,-0.40499289993776433,0.7992968171711254,1.0,10
2025-01-18,2025-01-19,2025-01-17,2025-01-05;2025-01-12,2025-01-11;2025-01-12;2025-01-13;2025-01-14;2025-01-15;2025-01-16;2025-01-17,2025-01-17,1,1200.0,70440.78594866117,-0.4544192997661961,0.7992968171602115,1.0,10
2025-01-18,2025-01-19,2025-01-17,2025-01-05;2025-01-12,2025-01-11;2025-01-12;2025-01-13;2025-01-14;2025-01-15;2025-01-16;2025-01-17,2025-01-17,1,2850.3853265266252,69691.52733756986,-0.4534706164681456,0.7992968171602115,1.0,10
2025-01-18,2025-01-19,2025-01-17,2025-01-05;2025-01-12,2025-01-11;2025-01-12;2025-01-13;2025-01-14;2025-01-15;2025-01-16;2025-01-17,2025-01-17,1,3709.580558847485,69302.01431673617,-0.4525219331700951,0.7992968171602115,1.0,10
2025-01-18,2025-01-19,2025-01-17,2025-01-05;2025-01-12,2025-01-11;2025-01-12;2025-01-13;2025-01-14;2025-01-15;2025-01-16;2025-01-17,2025-01-17,1,5876.908642692508,68322.81900423896,-0.45104620359534986,0.7992968171602115,1.0,10
2025-01-18,2025-01-19,2025-01-17,2025-01-05;2025-01-12,2025-01-11;2025-01-12;2025-01-13;2025-01-14;2025-01-15;2025-01-16;2025-01-17,2025-01-17,1,7916.746839252497,67404.30184737887,-0.4499921110419604,0.7992968171602115,1.0,10
2025-01-18,2025-01-19,2025-01-17,2025-01-05;2025-01-12,2025-01-11;2025-01-12;2025-01-13;2025-01-14;2025-01-15;2025-01-16;2025-01-17,2025-01-17,1,8527.112931758662,67129.86067090358,-0.44777851667984253,0.7992968171602115,1.0,10
2025-01-18,2025-01-19,2025-01-17,2025-01-05;2025-01-12,2025-01-11;2025-01-12;2025-01-13;2025-01-14;2025-01-15;2025-01-16;2025-01-17,2025-01-17,1,9728.890269780026,66591.89188246778,-0.44746228891382567,0.7992968171602115,1.0,10
2025-01-18,2025-01-19,2025-01-17,2025-01-05;2025-01-12,2025-01-11;2025-01-12;2025-01-13;2025-01-14;2025-01-15;2025-01-16;2025-01-17,2025-01-17,1,10009.430584958249,66466.36067090553,-0.4211205160046231,0.7992968171602115,1.0,10
2025-01-18,2025-01-19,2025-01-17,2025-01-05;2025-01-12,2025-01-11;2025-01-12;2025-01-13;2025-01-14;2025-01-15;2025-01-16;2025-01-17,2025-01-17,1,10331.618547133692,66330.68071002373,-0.4211205160046231,0.7992968171602115,1.0,10
2025-01-18,2025-01-19,2025-01-17,2025-01-05;2025-01-12,2025-01-11;2025-01-12;2025-01-13;2025-01-14;2025-01-15;2025-01-16;2025-01-17,2025-01-17,1,10800.0,66133.43567090569,-0.4030006650118583,0.7992968171602115,1.0,10
2025-01-19,2025-01-20,2025-01-18,2025-01-06;2025-01-13,2025-01-12;2025-01-13;2025-01-14;2025-01-15;2025-01-16;2025-01-17;2025-01-18,2025-01-18,1,1200.0,70105.59401080145,-0.4544192997661961,0.7992968171747634,1.0,10
2025-01-19,2025-01-20,2025-01-18,2025-01-06;2025-01-13,2025-01-12;2025-01-13;2025-01-14;2025-01-15;2025-01-16;2025-01-17;2025-01-18,2025-01-18,1,2850.3853265266252,69356.33539971017,-0.4534706164681456,0.7992968171747634,1.0,10
2025-01-19,2025-01-20,2025-01-18,2025-01-06;2025-01-13,2025-01-12;2025-01-13;2025-01-14;2025-01-15;2025-01-16;2025-01-17;2025-01-18,2025-01-18,1,3709.580558838857,68966.82237888036,-0.4525219331700951,0.7992968171747634,1.0,10
2025-01-19,2025-01-20,2025-01-18,2025-01-06;2025-01-13,2025-01-12;2025-01-13;2025-01-14;2025-01-15;2025-01-16;2025-01-17;2025-01-18,2025-01-18,1,5876.908642690416,67987.6270663802,-0.45104620359534986,0.7992968171747634,1.0,10
2025-01-19,2025-01-20,2025-01-18,2025-01-06;2025-01-13,2025-01-12;2025-01-13;2025-01-14;2025-01-15;2025-01-16;2025-01-17;2025-01-18,2025-01-18,1,7916.746839256558,67069.10990951731,-0.4499921110419604,0.7992968171747634,1.0,10
2025-01-19,2025-01-20,2025-01-18,2025-01-06;2025-01-13,2025-01-12;2025-01-13;2025-01-14;2025-01-15;2025-01-16;2025-01-17;2025-01-18,2025-01-18,1,8527.112931747157,66794.66873304902,-0.44777851667984253,0.7992968171747634,1.0,10
2025-01-19,2025-01-20,2025-01-18,2025-01-06;2025-01-13,2025-01-12;2025-01-13;2025-01-14;2025-01-15;2025-01-16;2025-01-17;2025-01-18,2025-01-18,1,9685.71694092286,66276.01838115853,-0.44746228891382567,0.7992968171747634,1.0,10
2025-01-19,2025-01-20,2025-01-18,2025-01-06;2025-01-13,2025-01-12;2025-01-13;2025-01-14;2025-01-15;2025-01-16;2025-01-17;2025-01-18,2025-01-18,1,10009.430584958249,66131.16873304582,-0.4211205160046231,0.7992968171747634,1.0,10
2025-01-19,2025-01-20,2025-01-18,2025-01-06;2025-01-13,2025-01-12;2025-01-13;2025-01-14;2025-01-15;2025-01-16;2025-01-17;2025-01-18,2025-01-18,1,10309.646818518644,66004.7415178559,-0.4211205160046231,0.7992968171747634,1.0,10
2025-01-19,2025-01-20,2025-01-18,2025-01-06;2025-01-13,2025-01-12;2025-01-13;2025-01-14;2025-01-15;2025-01-16;2025-01-17;2025-01-18,2025-01-18,1,10800.0,65798.24373304597,-0.40499289993776433,0.7992968171747634,1.0,10
2025-01-20,2025-01-21,2025-01-19,2025-01-07;2025-01-14,2025-01-13;2025-01-14;2025-01-15;2025-01-16;2025-01-17;2025-01-18;2025-01-19,2025-01-19,1,1200.0,69970.9609696581,-0.4544192997661961,0.7992968171747634,1.0,10
2025-01-20,2025-01-21,2025-01-19,2025-01-07;2025-01-14,2025-01-13;2025-01-14;2025-01-15;2025-01-16;2025-01-17;2025-01-18;2025-01-19,2025-01-19,1,2850.3853265266252,69221.7023585668,-0.4534706164681456,0.7992968171747634,1.0,10
2025-01-20,2025-01-21,2025-01-19,2025-01-07;2025-01-14,2025-01-13;2025-01-14;2025-01-15;2025-01-16;2025-01-17;2025-01-18;2025-01-19,2025-01-19,1,3709.580558838857,68832.18933773701,-0.4525219331700951,0.7992968171747634,1.0,10
2025-01-20,2025-01-21,2025-01-19,2025-01-07;2025-01-14,2025-01-13;2025-01-14;2025-01-15;2025-01-16;2025-01-17;2025-01-18;2025-01-19,2025-01-19,1,5876.908642690416,67852.99402523685,-0.45104620359534986,0.7992968171747634,1.0,10
2025-01-20,2025-01-21,2025-01-19,2025-01-07;2025-01-14,2025-01-13;2025-01-14;2025-01-15;2025-01-16;2025-01-17;2025-01-18;2025-01-19,2025-01-19,1,7916.746839256558,66934.47686837397,-0.4499921110419604,0.7992968171747634,1.0,10
2025-01-20,2025-01-21,2025-01-19,2025-01-07;2025-01-14,2025-01-13;2025-01-14;2025-01-15;2025-01-16;2025-01-17;2025-01-18;2025-01-19,2025-01-19,1,8527.112931747157,66660.03569190568,-0.44777851667984253,0.7992968171747634,1.0,10
2025-01-20,2025-01-21,2025-01-19,2025-01-07;2025-01-14,2025-01-13;2025-01-14;2025-01-15;2025-01-16;2025-01-17;2025-01-18;2025-01-19,2025-01-19,1,9728.890269780026,66122.06690346473,-0.44746228891382567,0.7992968171747634,1.0,10
2025-01-20,2025-01-21,2025-01-19,2025-01-07;2025-01-14,2025-01-13;2025-01-14;2025-01-15;2025-01-16;2025-01-17;2025-01-18;2025-01-19,2025-01-19,1,10009.430584958249,65996.53569190248,-0.4211205160046231,0.7992968171747634,1.0,10
2025-01-20,2025-01-21,2025-01-19,2025-01-07;2025-01-14,2025-01-13;2025-01-14;2025-01-15;2025-01-16;2025-01-17;2025-01-18;2025-01-19,2025-01-19,1,10331.618547134018,65860.85573102054,-0.4211205160046231,0.7992968171747634,1.0,10
2025-01-20,2025-01-21,2025-01-19,2025-01-07;2025-01-14,2025-01-13;2025-01-14;2025-01-15;2025-01-16;2025-01-17;2025-01-18;2025-01-19,2025-01-19,1,10800.0,65663.61069190262,-0.4030006650118583,0.7992968171747634,1.0,10
2025-01-21,2025-01-22,2025-01-20,2025-01-01;2025-01-08;2025-01-15,2025-01-14;2025-01-15;2025-01-16;2025-01-17;2025-01-18;2025-01-19;2025-01-20,2025-01-20,1,1200.0,70102.87407060307,-0.4544192997661961,0.7992968171602115,1.0,10
2025-01-21,2025-01-22,2025-01-20,2025-01-01;2025-01-08;2025-01-15,2025-01-14;2025-01-15;2025-01-16;2025-01-17;2025-01-18;2025-01-19;2025-01-20,2025-01-20,1,2850.385326518956,69353.61545951525,-0.4534706164681456,0.7992968171602115,1.0,10
2025-01-21,2025-01-22,2025-01-20,2025-01-01;2025-01-08;2025-01-15,2025-01-14;2025-01-15;2025-01-16;2025-01-17;2025-01-18;2025-01-19;2025-01-20,2025-01-20,1,3709.580558843171,68964.10243868003,-0.4525219331700951,0.7992968171602115,1.0,10
2025-01-21,2025-01-22,2025-01-20,2025-01-01;2025-01-08;2025-01-15,2025-01-14;2025-01-15;2025-01-16;2025-01-17;2025-01-18;2025-01-19;2025-01-20,2025-01-20,1,5876.908642692508,67984.90712618087,-0.45104620359534986,0.7992968171602115,1.0,10
2025-01-21,2025-01-22,2025-01-20,2025-01-01;2025-01-08;2025-01-15,2025-01-14;2025-01-15;2025-01-16;2025-01-17;2025-01-18;2025-01-19;2025-01-20,2025-01-20,1,7916.746839256558,67066.38996931893,-0.4499921110419604,0.7992968171602115,1.0,10
2025-01-21,2025-01-22,2025-01-20,2025-01-01;2025-01-08;2025-01-15,2025-01-14;2025-01-15;2025-01-16;2025-01-17;2025-01-18;2025-01-19;2025-01-20,2025-01-20,1,8527.11293175291,66791.94879284807,-0.44777851667984253,0.7992968171602115,1.0,10
2025-01-21,2025-01-22,2025-01-20,2025-01-01;2025-01-08;2025-01-15,2025-01-14;2025-01-15;2025-01-16;2025-01-17;2025-01-18;2025-01-19;2025-01-20,2025-01-20,1,9728.890269780026,66253.98000440968,-0.44746228891382567,0.7992968171602115,1.0,10
2025-01-21,2025-01-22,2025-01-20,2025-01-01;2025-01-08;2025-01-15,2025-01-14;2025-01-15;2025-01-16;2025-01-17;2025-01-18;2025-01-19;2025-01-20,2025-01-20,1,10009.430584958249,66128.44879284744,-0.4211205160046231,0.7992968171602115,1.0,10
2025-01-21,2025-01-22,2025-01-20,2025-01-01;2025-01-08;2025-01-15,2025-01-14;2025-01-15;2025-01-16;2025-01-17;2025-01-18;2025-01-19;2025-01-20,2025-01-20,1,10331.618547133692,65992.76883196563,-0.4211205160046231,0.7992968171602115,1.0,10
2025-01-21,2025-01-22,2025-01-20,2025-01-01;2025-01-08;2025-01-15,2025-01-14;2025-01-15;2025-01-16;2025-01-17;2025-01-18;2025-01-19;2025-01-20,2025-01-20,1,10800.0,65795.52379284758,-0.4030006650118583,0.7992968171602115,1.0,10
2025-01-22,2025-01-23,2025-01-21,2025-01-02;2025-01-09;2025-01-16,2025-01-15;2025-01-16;2025-01-17;2025-01-18;2025-01-19;2025-01-20;2025-01-21,2025-01-21,1,1200.0,69790.68388342194,-0.4544192997661961,0.7992968171602115,1.0,10
2025-01-22,2025-01-23,2025-01-21,2025-01-02;2025-01-09;2025-01-16,2025-01-15;2025-01-16;2025-01-17;2025-01-18;2025-01-19;2025-01-20;2025-01-21,2025-01-21,1,2850.385326518956,69041.42527233412,-0.4534706164681456,0.7992968171602115,1.0,10
2025-01-22,2025-01-23,2025-01-21,2025-01-02;2025-01-09;2025-01-16,2025-01-15;2025-01-16;2025-01-17;2025-01-18;2025-01-19;2025-01-20;2025-01-21,2025-01-21,1,3709.580558843171,68651.9122514989,-0.4525219331700951,0.7992968171602115,1.0,10
2025-01-22,2025-01-23,2025-01-21,2025-01-02;2025-01-09;2025-01-16,2025-01-15;2025-01-16;2025-01-17;2025-01-18;2025-01-19;2025-01-20;2025-01-21,2025-01-21,1,5876.908642692508,67672.71693899974,-0.45104620359534986,0.7992968171602115,1.0,10
2025-01-22,2025-01-23,2025-01-21,2025-01-02;2025-01-09;2025-01-16,2025-01-15;2025-01-16;2025-01-17;2025-01-18;2025-01-19;2025-01-20;2025-01-21,2025-01-21,1,7916.746839256558,66754.1997821378,-0.4499921110419604,0.7992968171602115,1.0,10
2025-01-22,2025-01-23,2025-01-21,2025-01-02;2025-01-09;2025-01-16,2025-01-15;2025-01-16;2025-01-17;2025-01-18;2025-01-19;2025-01-20;2025-01-21,2025-01-21,1,8527.11293175291,66479.75860566692,-0.44777851667984253,0.7992968171602115,1.0,10
2025-01-22,2025-01-23,2025-01-21,2025-01-02;2025-01-09;2025-01-16,2025-01-15;2025-01-16;2025-01-17;2025-01-18;2025-01-19;2025-01-20;2025-01-21,2025-01-21,1,9728.890269780026,65941.78981722855,-0.44746228891382567,0.7992968171602115,1.0,10
2025-01-22,2025-01-23,2025-01-21,2025-01-02;2025-01-09;2025-01-16,2025-01-15;2025-01-16;2025-01-17;2025-01-18;2025-01-19;2025-01-20;2025-01-21,2025-01-21,1,10009.430584958249,65816.25860566631,-0.4211205160046231,0.7992968171602115,1.0,10
2025-01-22,2025-01-23,2025-01-21,2025-01-02;2025-01-09;2025-01-16,2025-01-15;2025-01-16;2025-01-17;2025-01-18;2025-01-19;2025-01-20;2025-01-21,2025-01-21,1,10331.618547133692,65680.5786447845,-0.4211205160046231,0.7992968171602115,1.0,10
2025-01-22,2025-01-23,2025-01-21,2025-01-02;2025-01-09;2025-01-16,2025-01-15;2025-01-16;2025-01-17;2025-01-18;2025-01-19;2025-01-20;2025-01-21,2025-01-21,1,10800.0,65483.33360566645,-0.4030006650118583,0.7992968171602115,1.0,10
2025-01-23,2025-01-24,2025-01-22,2025-01-03;2025-01-10;2025-01-17,2025-01-16;2025-01-17;2025-01-18;2025-01-19;2025-01-20;2025-01-21;2025-01-22,2025-01-22,1,1200.0,33463.94853889255,-0.4544192997661961,0.7992968171638495,1.0,10
2025-01-23,2025-01-24,2025-01-22,2025-01-03;2025-01-10;2025-01-17,2025-01-16;2025-01-17;2025-01-18;2025-01-19;2025-01-20;2025-01-21;2025-01-22,2025-01-22,1,2850.3853265227904,32714.689927802996,-0.4534706164681456,0.7992968171638495,1.0,10
2025-01-23,2025-01-24,2025-01-22,2025-01-03;2025-01-10;2025-01-17,2025-01-16;2025-01-17;2025-01-18;2025-01-19;2025-01-20;2025-01-21;2025-01-22,2025-01-22,1,3709.580558841014,32325.176906970493,-0.4525219331700951,0.7992968171638495,1.0,10
2025-01-23,2025-01-24,2025-01-22,2025-01-03;2025-01-10;2025-01-17,2025-01-16;2025-01-17;2025-01-18;2025-01-19;2025-01-20;2025-01-21;2025-01-22,2025-01-22,1,5876.908642692508,31345.98159447036,-0.45104620359534986,0.7992968171638495,1.0,10
2025-01-23,2025-01-24,2025-01-22,2025-01-03;2025-01-10;2025-01-17,2025-01-16;2025-01-17;2025-01-18;2025-01-19;2025-01-20;2025-01-21;2025-01-22,2025-01-22,1,7916.746839258588,30427.4644376075,-0.4499921110419604,0.7992968171638495,1.0,10
2025-01-23,2025-01-24,2025-01-22,2025-01-03;2025-01-10;2025-01-17,2025-01-16;2025-01-17;2025-01-18;2025-01-19;2025-01-20;2025-01-21;2025-01-22,2025-01-22,1,8527.11293175291,30153.023261137547,-0.44777851667984253,0.7992968171638495,1.0,10
2025-01-23,2025-01-24,2025-01-22,2025-01-03;2025-01-10;2025-01-17,2025-01-16;2025-01-17;2025-01-18;2025-01-19;2025-01-20;2025-01-21;2025-01-22,2025-01-22,1,9724.635933403824,29616.958127791877,-0.44746228891382567,0.7992968171638495,1.0,10
2025-01-23,2025-01-24,2025-01-22,2025-01-03;2025-01-10;2025-01-17,2025-01-16;2025-01-17;2025-01-18;2025-01-19;2025-01-20;2025-01-21;2025-01-22,2025-01-22,1,10009.430584957972,29489.52326113704,-0.4211205160046231,0.7992968171638495,1.0,10
2025-01-23,2025-01-24,2025-01-22,2025-01-03;2025-01-10;2025-01-17,2025-01-16;2025-01-17;2025-01-18;2025-01-19;2025-01-20;2025-01-21;2025-01-22,2025-01-22,1,10326.698525122523,29355.91522246322,-0.4211205160046231,0.7992968171638495,1.0,10
2025-01-23,2025-01-24,2025-01-22,2025-01-03;2025-01-10;2025-01-17,2025-01-16;2025-01-17;2025-01-18;2025-01-19;2025-01-20;2025-01-21;2025-01-22,2025-01-22,1,10800.0,29156.81701330532,-0.4030006650118583,0.7992968171638495,1.0,10
2025-01-24,2025-01-25,2025-01-23,2025-01-04;2025-01-11;2025-01-18,2025-01-17;2025-01-18;2025-01-19;2025-01-20;2025-01-21;2025-01-22;2025-01-23,2025-01-23,1,1200.0,22810.44765861755,-0.4544192997661961,0.7992968171711254,1.0,10
2025-01-24,2025-01-25,2025-01-23,2025-01-04;2025-01-11;2025-01-18,2025-01-17;2025-01-18;2025-01-19;2025-01-20;2025-01-21;2025-01-22;2025-01-23,2025-01-23,1,2850.385326520873,22061.189047528864,-0.4534706164681456,0.7992968171711254,1.0,10
2025-01-24,2025-01-25,2025-01-23,2025-01-04;2025-01-11;2025-01-18,2025-01-17;2025-01-18;2025-01-19;2025-01-20;2025-01-21;2025-01-22;2025-01-23,2025-01-23,1,3709.580558841014,21671.67602669549,-0.4525219331700951,0.7992968171711254,1.0,10
2025-01-24,2025-01-25,2025-01-23,2025-01-04;2025-01-11;2025-01-18,2025-01-17;2025-01-18;2025-01-19;2025-01-20;2025-01-21;2025-01-22;2025-01-23,2025-01-23,1,5876.908642691462,20692.48071419583,-0.45104620359534986,0.7992968171711254,1.0,10
2025-01-24,2025-01-25,2025-01-23,2025-01-04;2025-01-11;2025-01-18,2025-01-17;2025-01-18;2025-01-19;2025-01-20;2025-01-21;2025-01-22;2025-01-23,2025-01-23,1,7916.746839256558,19773.963557333416,-0.4499921110419604,0.7992968171711254,1.0,10
2025-01-24,2025-01-25,2025-01-23,2025-01-04;2025-01-11;2025-01-18,2025-01-17;2025-01-18;2025-01-19;2025-01-20;2025-01-21;2025-01-22;2025-01-23,2025-01-23,1,8527.112931751471,19499.522380863193,-0.44777851667984253,0.7992968171711254,1.0,10
2025-01-24,2025-01-25,2025-01-23,2025-01-04;2025-01-11;2025-01-18,2025-01-17;2025-01-18;2025-01-19;2025-01-20;2025-01-21;2025-01-22;2025-01-23,2025-01-23,1,9722.381851172424,18964.46586431154,-0.44746228891382567,0.7992968171711254,1.0,10
2025-01-24,2025-01-25,2025-01-23,2025-01-04;2025-01-11;2025-01-18,2025-01-17;2025-01-18;2025-01-19;2025-01-20;2025-01-21;2025-01-22;2025-01-23,2025-01-23,1,10009.430584957972,18836.022380862043,-0.4211205160046231,0.7992968171711254,1.0,10
2025-01-24,2025-01-25,2025-01-23,2025-01-04;2025-01-11;2025-01-18,2025-01-17;2025-01-18;2025-01-19;2025-01-20;2025-01-21;2025-01-22;2025-01-23,2025-01-23,1,10324.091741546401,18703.512112232915,-0.4211205160046231,0.7992968171711254,1.0,10
2025-01-24,2025-01-25,2025-01-23,2025-01-04;2025-01-11;2025-01-18,2025-01-17;2025-01-18;2025-01-19;2025-01-20;2025-01-21;2025-01-22;2025-01-23,2025-01-23,1,10800.0,18503.43203486128,-0.4030006650118583,0.7992968171711254,1.0,10
2025-01-25,2025-01-26,2025-01-24,2025-01-05;2025-01-12;2025-01-19,2025-01-18;2025-01-19;2025-01-20;2025-01-21;2025-01-22;2025-01-23;2025-01-24,2025-01-24,1,1200.0,56421.06588252329,-0.4544192997661961,0.7992968171674875,1.0,10
2025-01-25,2025-01-26,2025-01-24,2025-01-05;2025-01-12;2025-01-19,2025-01-18;2025-01-19;2025-01-20;2025-01-21;2025-01-22;2025-01-23;2025-01-24,2025-01-24,1,2850.385326518956,55671.80727143547,-0.4534706164681456,0.7992968171674875,1.0,10
2025-01-25,2025-01-26,2025-01-24,2025-01-05;2025-01-12;2025-01-19,2025-01-18;2025-01-19;2025-01-20;2025-01-21;2025-01-22;2025-01-23;2025-01-24,2025-01-24,1,3709.580558841014,55282.29425060123,-0.4525219331700951,0.7992968171674875,1.0,10
2025-01-25,2025-01-26,2025-01-24,2025-01-05;2025-01-12;2025-01-19,2025-01-18;2025-01-19;2025-01-20;2025-01-21;2025-01-22;2025-01-23;2025-01-24,2025-01-24,1,5876.908642691462,54303.09893810157,-0.45104620359534986,0.7992968171674875,1.0,10
2025-01-25,2025-01-26,2025-01-24,2025-01-05;2025-01-12;2025-01-19,2025-01-18;2025-01-19;2025-01-20;2025-01-21;2025-01-22;2025-01-23;2025-01-24,2025-01-24,1,7916.746839256558,53384.581781239154,-0.4499921110419604,0.7992968171674875,1.0,10
2025-01-25,2025-01-26,2025-01-24,2025-01-05;2025-01-12;2025-01-19,2025-01-18;2025-01-19;2025-01-20;2025-01-21;2025-01-22;2025-01-23;2025-01-24,2025-01-24,1,8527.11293175291,53110.14060476829,-0.44777851667984253,0.7992968171674875,1.0,10
2025-01-25,2025-01-26,2025-01-24,2025-01-05;2025-01-12;2025-01-19,2025-01-18;2025-01-19;2025-01-20;2025-01-21;2025-01-22;2025-01-23;2025-01-24,2025-01-24,1,9683.891664629344,52592.30699518856,-0.44746228891382567,0.7992968171674875,1.0,10
2025-01-25,2025-01-26,2025-01-24,2025-01-05;2025-01-12;2025-01-19,2025-01-18;2025-01-19;2025-01-20;2025-01-21;2025-01-22;2025-01-23;2025-01-24,2025-01-24,1,10009.430584957972,52446.64060476778,-0.4211205160046231,0.7992968171674875,1.0,10
2025-01-25,2025-01-26,2025-01-24,2025-01-05;2025-01-12;2025-01-19,2025-01-18;2025-01-19;2025-01-20;2025-01-21;2025-01-22;2025-01-23;2025-01-24,2025-01-24,1,10307.522539406957,52321.1079670934,-0.4211205160046231,0.7992968171674875,1.0,10
2025-01-25,2025-01-26,2025-01-24,2025-01-05;2025-01-12;2025-01-19,2025-01-18;2025-01-19;2025-01-20;2025-01-21;2025-01-22;2025-01-23;2025-01-24,2025-01-24,1,10800.0,52113.80582160368,-0.40499289993776433,0.7992968171674875,1.0,10
2025-01-26,2025-01-27,2025-01-25,2025-01-06;2025-01-13;2025-01-20,2025-01-19;2025-01-20;2025-01-21;2025-01-22;2025-01-23;2025-01-24;2025-01-25,2025-01-25,1,1200.0,55974.52112686845,-0.4544192997661961,0.7992968171747634,1.0,10
2025-01-26,2025-01-27,2025-01-25,2025-01-06;2025-01-13;2025-01-20,2025-01-19;2025-01-20;2025-01-21;2025-01-22;2025-01-23;2025-01-24;2025-01-25,2025-01-25,1,2850.3853265227904,55225.26251577889,-0.4534706164681456,0.7992968171747634,1.0,10
2025-01-26,2025-01-27,2025-01-25,2025-01-06;2025-01-13;2025-01-20,2025-01-19;2025-01-20;2025-01-21;2025-01-22;2025-01-23;2025-01-24;2025-01-25,2025-01-25,1,3709.580558841014,54835.74949494639,-0.4525219331700951,0.7992968171747634,1.0,10
2025-01-26,2025-01-27,2025-01-25,2025-01-06;2025-01-13;2025-01-20,2025-01-19;2025-01-20;2025-01-21;2025-01-22;2025-01-23;2025-01-24;2025-01-25,2025-01-25,1,5876.908642693554,53856.55418244578,-0.45104620359534986,0.7992968171747634,1.0,10
2025-01-26,2025-01-27,2025-01-25,2025-01-06;2025-01-13;2025-01-20,2025-01-19;2025-01-20;2025-01-21;2025-01-22;2025-01-23;2025-01-24;2025-01-25,2025-01-25,1,7916.746839260618,52938.03702558249,-0.4499921110419604,0.7992968171747634,1.0,10
2025-01-26,2025-01-27,2025-01-25,2025-01-06;2025-01-13;2025-01-20,2025-01-19;2025-01-20;2025-01-21;2025-01-22;2025-01-23;2025-01-24;2025-01-25,2025-01-25,1,8527.112931758662,52663.59584911087,-0.44777851667984253,0.7992968171747634,1.0,10
2025-01-26,2025-01-27,2025-01-25,2025-01-06;2025-01-13;2025-01-20,2025-01-19;2025-01-20;2025-01-21;2025-01-22;2025-01-23;2025-01-24;2025-01-25,2025-01-25,1,9684.90105337701,52145.31057613428,-0.44746228891382567,0.7992968171747634,1.0,10
2025-01-26,2025-01-27,2025-01-25,2025-01-06;2025-01-13;2025-01-20,2025-01-19;2025-01-20;2025-01-21;2025-01-22;2025-01-23;2025-01-24;2025-01-25,2025-01-25,1,10009.430584957698,52000.09584911305,-0.4211205160046231,0.7992968171747634,1.0,10
2025-01-26,2025-01-27,2025-01-25,2025-01-06;2025-01-13;2025-01-20,2025-01-19;2025-01-20;2025-01-21;2025-01-22;2025-01-23;2025-01-24;2025-01-25,2025-01-25,1,10308.697278507583,51874.06850470233,-0.4211205160046231,0.7992968171747634,1.0,10
2025-01-26,2025-01-27,2025-01-25,2025-01-06;2025-01-13;2025-01-20,2025-01-19;2025-01-20;2025-01-21;2025-01-22;2025-01-23;2025-01-24;2025-01-25,2025-01-25,1,10800.0,51667.21117549702,-0.40499289993776433,0.7992968171747634,1.0,10
2025-01-27,2025-01-28,2025-01-26,2025-01-07;2025-01-14;2025-01-21,2025-01-20;2025-01-21;2025-01-22;2025-01-23;2025-01-24;2025-01-25;2025-01-26,2025-01-26,1,1200.0,55602.49779497218,-0.4544192997661961,0.7992968171747634,1.0,10
2025-01-27,2025-01-28,2025-01-26,2025-01-07;2025-01-14;2025-01-21,2025-01-20;2025-01-21;2025-01-22;2025-01-23;2025-01-24;2025-01-25;2025-01-26,2025-01-26,1,2850.3853265227904,54853.23918388263,-0.4534706164681456,0.7992968171747634,1.0,10
2025-01-27,2025-01-28,2025-01-26,2025-01-07;2025-01-14;2025-01-21,2025-01-20;2025-01-21;2025-01-22;2025-01-23;2025-01-24;2025-01-25;2025-01-26,2025-01-26,1,3709.580558841014,54463.726163050116,-0.4525219331700951,0.7992968171747634,1.0,10
2025-01-27,2025-01-28,2025-01-26,2025-01-07;2025-01-14;2025-01-21,2025-01-20;2025-01-21;2025-01-22;2025-01-23;2025-01-24;2025-01-25;2025-01-26,2025-01-26,1,5876.908642692508,53484.530850549985,-0.45104620359534986,0.7992968171747634,1.0,10
2025-01-27,2025-01-28,2025-01-26,2025-01-07;2025-01-14;2025-01-21,2025-01-20;2025-01-21;2025-01-22;2025-01-23;2025-01-24;2025-01-25;2025-01-26,2025-01-26,1,7916.746839258588,52566.01369368713,-0.4499921110419604,0.7992968171747634,1.0,10
2025-01-27,2025-01-28,2025-01-26,2025-01-07;2025-01-14;2025-01-21,2025-01-20;2025-01-21;2025-01-22;2025-01-23;2025-01-24;2025-01-25;2025-01-26,2025-01-26,1,8527.11293175291,52291.57251721717,-0.44777851667984253,0.7992968171747634,1.0,10
2025-01-27,2025-01-28,2025-01-26,2025-01-07;2025-01-14;2025-01-21,2025-01-20;2025-01-21;2025-01-22;2025-01-23;2025-01-24;2025-01-25;2025-01-26,2025-01-26,1,9677.667056189674,51776.524185177455,-0.44746228891382567,0.7992968171747634,1.0,10
2025-01-27,2025-01-28,2025-01-26,2025-01-07;2025-01-14;2025-01-21,2025-01-20;2025-01-21;2025-01-22;2025-01-23;2025-01-24;2025-01-25;2025-01-26,2025-01-26,1,10009.430584957698,51628.07251721679,-0.4211205160046231,0.7992968171747634,1.0,10
2025-01-27,2025-01-28,2025-01-26,2025-01-07;2025-01-14;2025-01-21,2025-01-20;2025-01-21;2025-01-22;2025-01-23;2025-01-24;2025-01-25;2025-01-26,2025-01-26,1,10304.478788550527,51503.82166547354,-0.4211205160046231,0.7992968171747634,1.0,10
2025-01-27,2025-01-28,2025-01-26,2025-01-07;2025-01-14;2025-01-21,2025-01-20;2025-01-21;2025-01-22;2025-01-23;2025-01-24;2025-01-25;2025-01-26,2025-01-26,1,10800.0,51295.22597248249,-0.4052775049271795,0.7992968171747634,1.0,10
2025-01-28,2025-01-29,2025-01-27,2025-01-01;2025-01-08;2025-01-15;2025-01-22,2025-01-21;2025-01-22;2025-01-23;2025-01-24;2025-01-25;2025-01-26;2025-01-27,2025-01-27,1,1200.0,55571.89970068382,-0.4544192997661961,0.7992968171747634,1.0,10
2025-01-28,2025-01-29,2025-01-27,2025-01-01;2025-01-08;2025-01-15;2025-01-22,2025-01-21;2025-01-22;2025-01-23;2025-01-24;2025-01-25;2025-01-26;2025-01-27,2025-01-27,1,2850.3853265227904,54822.64108959425,-0.4534706164681456,0.7992968171747634,1.0,10
2025-01-28,2025-01-29,2025-01-27,2025-01-01;2025-01-08;2025-01-15;2025-01-22,2025-01-21;2025-01-22;2025-01-23;2025-01-24;2025-01-25;2025-01-26;2025-01-27,2025-01-27,1,3709.580558841014,54433.128068761755,-0.4525219331700951,0.7992968171747634,1.0,10
2025-01-28,2025-01-29,2025-01-27,2025-01-01;2025-01-08;2025-01-15;2025-01-22,2025-01-21;2025-01-22;2025-01-23;2025-01-24;2025-01-25;2025-01-26;2025-01-27,2025-01-27,1,5876.908642692508,53453.93275626162,-0.45104620359534986,0.7992968171747634,1.0,10
2025-01-28,2025-01-29,2025-01-27,2025-01-01;2025-01-08;2025-01-15;2025-01-22,2025-01-21;2025-01-22;2025-01-23;2025-01-24;2025-01-25;2025-01-26;2025-01-27,2025-01-27,1,7916.746839258588,52535.415599398766,-0.4499921110419604,0.7992968171747634,1.0,10
2025-01-28,2025-01-29,2025-01-27,2025-01-01;2025-01-08;2025-01-15;2025-01-22,2025-01-21;2025-01-22;2025-01-23;2025-01-24;2025-01-25;2025-01-26;2025-01-27,2025-01-27,1,8527.11293175291,52260.974422928804,-0.44777851667984253,0.7992968171747634,1.0,10
2025-01-28,2025-01-29,2025-01-27,2025-01-01;2025-01-08;2025-01-15;2025-01-22,2025-01-21;2025-01-22;2025-01-23;2025-01-24;2025-01-25;2025-01-26;2025-01-27,2025-01-27,1,9727.93122663328,51723.434770132044,-0.44746228891382567,0.7992968171747634,1.0,10
2025-01-28,2025-01-29,2025-01-27,2025-01-01;2025-01-08;2025-01-15;2025-01-22,2025-01-21;2025-01-22;2025-01-23;2025-01-24;2025-01-25;2025-01-26;2025-01-27,2025-01-27,1,10009.430584957972,51597.4744229283,-0.4211205160046231,0.7992968171747634,1.0,10
2025-01-28,2025-01-29,2025-01-27,2025-01-01;2025-01-08;2025-01-15;2025-01-22,2025-01-21;2025-01-22;2025-01-23;2025-01-24;2025-01-25;2025-01-26;2025-01-27,2025-01-27,1,10330.509440336673,51462.26152967305,-0.4211205160046231,0.7992968171747634,1.0,10
2025-01-28,2025-01-29,2025-01-27,2025-01-01;2025-01-08;2025-01-15;2025-01-22,2025-01-21;2025-01-22;2025-01-23;2025-01-24;2025-01-25;2025-01-26;2025-01-27,2025-01-27,1,10800.0,51264.59873561761,-0.4030006650118583,0.7992968171747634,1.0,10
2025-01-29,2025-01-30,2025-01-28,2025-01-02;2025-01-09;2025-01-16;2025-01-23,2025-01-22;2025-01-23;2025-01-24;2025-01-25;2025-01-26;2025-01-27;2025-01-28,2025-01-28,4,1200.0,69504.45365453798,-0.45441929976619616,0.8441928483516676,1.0,10
2025-01-29,2025-01-30,2025-01-28,2025-01-02;2025-01-09;2025-01-16;2025-01-23,2025-01-22;2025-01-23;2025-01-24;2025-01-25;2025-01-26;2025-01-27;2025-01-28,2025-01-28,4,2812.021267452584,68772.58655183735,-0.4534706164681456,0.8441928483516676,1.0,10
2025-01-29,2025-01-30,2025-01-28,2025-01-02;2025-01-09;2025-01-16;2025-01-23,2025-01-22;2025-01-23;2025-01-24;2025-01-25;2025-01-26;2025-01-27;2025-01-28,2025-01-28,4,3714.739273730277,68363.33882038045,-0.4526122839603856,0.8441928483516676,1.0,10
2025-01-29,2025-01-30,2025-01-28,2025-01-02;2025-01-09;2025-01-16;2025-01-23,2025-01-22;2025-01-23;2025-01-24;2025-01-25;2025-01-26;2025-01-27;2025-01-28,2025-01-28,4,5873.582995231609,67387.96932993608,-0.45104620359534986,0.8441928483516676,1.0,10
2025-01-29,2025-01-30,2025-01-28,2025-01-02;2025-01-09;2025-01-16;2025-01-23,2025-01-22;2025-01-23;2025-01-24;2025-01-25;2025-01-26;2025-01-27;2025-01-28,2025-01-28,4,7905.435909585805,66473.04291989043,-0.44999211104196035,0.8441928483516676,1.0,10
2025-01-29,2025-01-30,2025-01-28,2025-01-02;2025-01-09;2025-01-16;2025-01-23,2025-01-22;2025-01-23;2025-01-24;2025-01-25;2025-01-26;2025-01-27;2025-01-28,2025-01-28,4,8511.460033138987,66200.55750134724,-0.44777851667984253,0.8441928483516676,1.0,10
2025-01-29,2025-01-30,2025-01-28,2025-01-02;2025-01-09;2025-01-16;2025-01-23,2025-01-22;2025-01-23;2025-01-24;2025-01-25;2025-01-26;2025-01-27;2025-01-28,2025-01-28,4,9722.907307960906,65658.25987470015,-0.44746228891382567,0.8441928483516676,1.0,10
2025-01-29,2025-01-30,2025-01-28,2025-01-02;2025-01-09;2025-01-16;2025-01-23,2025-01-22;2025-01-23;2025-01-24;2025-01-25;2025-01-26;2025-01-27;2025-01-28,2025-01-28,4,10007.358222646842,65531.19489480192,-0.44290239746635074,0.8441928483516676,1.0,10
2025-01-29,2025-01-30,2025-01-28,2025-01-02;2025-01-09;2025-01-16;2025-01-23,2025-01-22;2025-01-23;2025-01-24;2025-01-25;2025-01-26;2025-01-27;2025-01-28,2025-01-28,4,10328.125352485082,65395.89719809633,-0.4211205160046231,0.8441928483516676,1.0,10
2025-01-29,2025-01-30,2025-01-28,2025-01-02;2025-01-09;2025-01-16;2025-01-23,2025-01-22;2025-01-23;2025-01-24;2025-01-25;2025-01-26;2025-01-27;2025-01-28,2025-01-28,4,10800.0,65197.181103045354,-0.4032141187539196,0.8441928483516676,1.0,10
2025-01-30,2025-01-31,2025-01-29,2025-01-03;2025-01-10;2025-01-17;2025-01-24,2025-01-23;2025-01-24;2025-01-25;2025-01-26;2025-01-27;2025-01-28;2025-01-29,2025-01-29,4,1200.0,28931.155680855172,-0.45441929976619616,0.7882952424915857,1.0,10
2025-01-30,2025-01-31,2025-01-29,2025-01-03;2025-01-10;2025-01-17;2025-01-24,2025-01-23;2025-01-24;2025-01-25;2025-01-26;2025-01-27;2025-01-28;2025-01-29,2025-01-29,4,3644.945649475047,27821.81012759668,-0.4531242717720319,0.7882952424915857,1.0,10
2025-01-30,2025-01-31,2025-01-29,2025-01-03;2025-01-10;2025-01-17;2025-01-24,2025-01-23;2025-01-24;2025-01-25;2025-01-26;2025-01-27;2025-01-28;2025-01-29,2025-01-29,4,4455.764448046275,27454.904299697388,-0.45228099772932034,0.7882952424915857,1.0,10
2025-01-30,2025-01-31,2025-01-29,2025-01-03;2025-01-10;2025-01-17;2025-01-24,2025-01-23;2025-01-24;2025-01-25;2025-01-26;2025-01-27;2025-01-28;2025-01-29,2025-01-29,4,5815.193849889996,26841.242979197512,-0.45104620359534986,0.7882952424915857,1.0,10
2025-01-30,2025-01-31,2025-01-29,2025-01-03;2025-01-10;2025-01-17;2025-01-24,2025-01-23;2025-01-24;2025-01-25;2025-01-26;2025-01-27;2025-01-28;2025-01-29,2025-01-29,4,7857.7803914570095,25921.476509957633,-0.4499921110419604,0.7882952424915857,1.0,10
2025-01-30,2025-01-31,2025-01-29,2025-01-03;2025-01-10;2025-01-17;2025-01-24,2025-01-23;2025-01-24;2025-01-25;2025-01-26;2025-01-27;2025-01-28;2025-01-29,2025-01-29,4,8464.319417190229,25648.76040825084,-0.44777851667984253,0.7882952424915857,1.0,10
2025-01-30,2025-01-31,2025-01-29,2025-01-03;2025-01-10;2025-01-17;2025-01-24,2025-01-23;2025-01-24;2025-01-25;2025-01-26;2025-01-27;2025-01-28;2025-01-29,2025-01-29,4,9719.357362504197,25086.956581654715,-0.44746228891382567,0.7882952424915857,1.0,10
2025-01-30,2025-01-31,2025-01-29,2025-01-03;2025-01-10;2025-01-17;2025-01-24,2025-01-23;2025-01-24;2025-01-25;2025-01-26;2025-01-27;2025-01-28;2025-01-29,2025-01-29,4,10011.376403014483,24956.54873830237,-0.42668512078884957,0.7882952424915857,1.0,10
2025-01-30,2025-01-31,2025-01-29,2025-01-03;2025-01-10;2025-01-17;2025-01-24,2025-01-23;2025-01-24;2025-01-25;2025-01-26;2025-01-27;2025-01-28;2025-01-29,2025-01-29,4,10330.250657507848,24822.004582788726,-0.4211205160046231,0.7882952424915857,1.0,10
2025-01-30,2025-01-31,2025-01-29,2025-01-03;2025-01-10;2025-01-17;2025-01-24,2025-01-23;2025-01-24;2025-01-25;2025-01-26;2025-01-27;2025-01-28;2025-01-29,2025-01-29,4,10800.0,24624.29557217705,-0.4030006650118583,0.7882952424915857,1.0,10
2025-01-31,2025-02-01,2025-01-30,2025-01-04;2025-01-11;2025-01-18;2025-01-25,2025-01-24;2025-01-25;2025-01-26;2025-01-27;2025-01-28;2025-01-29;2025-01-30,2025-01-30,4,1200.0,26896.83314249485,-0.4544192997661961,0.7992968171747634,1.0,10
2025-01-31,2025-02-01,2025-01-30,2025-01-04;2025-01-11;2025-01-18;2025-01-25,2025-01-24;2025-01-25;2025-01-26;2025-01-27;2025-01-28;2025-01-29;2025-01-30,2025-01-30,4,2850.3853265209564,26147.574531406124,-0.4534706164681456,0.7992968171747634,1.0,10
2025-01-31,2025-02-01,2025-01-30,2025-01-04;2025-01-11;2025-01-18;2025-01-25,2025-01-24;2025-01-25;2025-01-26;2025-01-27;2025-01-28;2025-01-29;2025-01-30,2025-01-30,4,3709.580558841014,25758.06151057279,-0.45252193317009515,0.7992968171747634,1.0,10
2025-01-31,2025-02-01,2025-01-30,2025-01-04;2025-01-11;2025-01-18;2025-01-25,2025-01-24;2025-01-25;2025-01-26;2025-01-27;2025-01-28;2025-01-29;2025-01-30,2025-01-30,4,5876.908642691985,24778.86619807289,-0.45104620359534986,0.7992968171747634,1.0,10
2025-01-31,2025-02-01,2025-01-30,2025-01-04;2025-01-11;2025-01-18;2025-01-25,2025-01-24;2025-01-25;2025-01-26;2025-01-27;2025-01-28;2025-01-29;2025-01-30,2025-01-30,4,7916.746839257573,23860.349041210255,-0.44999211104196035,0.7992968171747634,1.0,10
2025-01-31,2025-02-01,2025-01-30,2025-01-04;2025-01-11;2025-01-18;2025-01-25,2025-01-24;2025-01-25;2025-01-26;2025-01-27;2025-01-28;2025-01-29;2025-01-30,2025-01-30,4,8527.112931753096,23585.90786473976,-0.4477785166798426,0.7992968171747634,1.0,10
2025-01-31,2025-02-01,2025-01-30,2025-01-04;2025-01-11;2025-01-18;2025-01-25,2025-01-24;2025-01-25;2025-01-26;2025-01-27;2025-01-28;2025-01-29;2025-01-30,2025-01-30,4,9725.4272522379,23049.488646057416,-0.44746228891382567,0.7992968171747634,1.0,10
2025-01-31,2025-02-01,2025-01-30,2025-01-04;2025-01-11;2025-01-18;2025-01-25,2025-01-24;2025-01-25;2025-01-26;2025-01-27;2025-01-28;2025-01-29;2025-01-30,2025-01-30,4,10009.430584957972,22922.40786473934,-0.4211205160046231,0.7992968171747634,1.0,10
2025-01-31,2025-02-01,2025-01-30,2025-01-04;2025-01-11;2025-01-18;2025-01-25,2025-01-24;2025-01-25;2025-01-26;2025-01-27;2025-01-28;2025-01-29;2025-01-30,2025-01-30,4,10327.613663404403,22788.41444256004,-0.4211205160046231,0.7992968171747634,1.0,10
2025-01-31,2025-02-01,2025-01-30,2025-01-04;2025-01-11;2025-01-18;2025-01-25,2025-01-24;2025-01-25;2025-01-26;2025-01-27;2025-01-28;2025-01-29;2025-01-30,2025-01-30,4,10800.0,22589.66092837351,-0.4030006650118583,0.7992968171747634,1.0,10
2025-02-01,2025-02-02,2025-01-31,2025-01-05;2025-01-12;2025-01-19;2025-01-26,2025-01-25;2025-01-26;2025-01-27;2025-01-28;2025-01-29;2025-01-30;2025-01-31,2025-01-31,4,1200.0,60759.991450365254,-0.4544192997661961,0.9687175787694287,1.0,9
2025-02-01,2025-02-02,2025-01-31,2025-01-05;2025-01-12;2025-01-19;2025-01-26,2025-01-25;2025-01-26;2025-01-27;2025-01-28;2025-01-29;2025-01-30;2025-01-31,2025-01-31,4,3730.726836324205,59611.61813685646,-0.45283514924310225,0.9687175787694287,1.0,9
2025-02-01,2025-02-02,2025-01-31,2025-01-05;2025-01-12;2025-01-19;2025-01-26,2025-01-25;2025-01-26;2025-01-27;2025-01-28;2025-01-29;2025-01-30;2025-01-31,2025-01-31,4,5885.929692228246,58637.88426736992,-0.45104620359534986,0.9687175787694287,1.0,9
2025-02-01,2025-02-02,2025-01-31,2025-01-05;2025-01-12;2025-01-19;2025-01-26,2025-01-25;2025-01-26;2025-01-27;2025-01-28;2025-01-29;2025-01-30;2025-01-31,2025-01-31,4,7914.355909549665,57724.510908590615,-0.44999211104196035,0.9687175787694287,1.0,9
2025-02-01,2025-02-02,2025-01-31,2025-01-05;2025-01-12;2025-01-19;2025-01-26,2025-01-25;2025-01-26;2025-01-27;2025-01-28;2025-01-29;2025-01-30;2025-01-31,2025-01-31,4,8523.325923554896,57450.697956427146,-0.4477785166798426,0.9687175787694287,1.0,9
2025-02-01,2025-02-02,2025-01-31,2025-01-05;2025-01-12;2025-01-19;2025-01-26,2025-01-25;2025-01-26;2025-01-27;2025-01-28;2025-01-29;2025-01-30;2025-01-31,2025-01-31,4,9725.39949429561,56912.596615020695,-0.44746228891382567,0.9687175787694287,1.0,9
2025-02-01,2025-02-02,2025-01-31,2025-01-05;2025-01-12;2025-01-19;2025-01-26,2025-01-25;2025-01-26;2025-01-27;2025-01-28;2025-01-29;2025-01-30;2025-01-31,2025-01-31,4,10007.686450717016,56786.358991243374,-0.4333506248553243,0.9687175787694287,1.0,9
2025-02-01,2025-02-02,2025-01-31,2025-01-05;2025-01-12;2025-01-19;2025-01-26,2025-01-25;2025-01-26;2025-01-27;2025-01-28;2025-01-29;2025-01-30;2025-01-31,2025-01-31,4,10326.170018089937,56652.163883138775,-0.4211205160046231,0.9687175787694287,1.0,9
2025-02-01,2025-02-02,2025-01-31,2025-01-05;2025-01-12;2025-01-19;2025-01-26,2025-01-25;2025-01-26;2025-01-27;2025-01-28;2025-01-29;2025-01-30;2025-01-31,2025-01-31,4,10800.0,56452.820663519415,-0.4030006650118583,0.9687175787694287,1.0,9
2025-02-02,2025-02-03,2025-02-01,2025-01-06;2025-01-13;2025-01-20;2025-01-27,2025-01-26;2025-01-27;2025-01-28;2025-01-29;2025-01-30;2025-01-31;2025-02-01,2025-02-01,4,1200.0,61252.39575518681,-0.4544192997661961,0.7863948670928949,1.0,10
2025-02-02,2025-02-03,2025-02-01,2025-01-06;2025-01-13;2025-01-20;2025-01-27,2025-01-26;2025-01-27;2025-01-28;2025-01-29;2025-01-30;2025-01-31;2025-02-01,2025-02-01,4,2867.08444181674,60495.546684816836,-0.4534706164681456,0.7863948670928949,1.0,10
2025-02-02,2025-02-03,2025-02-01,2025-01-06;2025-01-13;2025-01-20;2025-01-27,2025-01-26;2025-01-27;2025-01-28;2025-01-29;2025-01-30;2025-01-31;2025-02-01,2025-02-01,4,3719.547466438854,60109.0821946273,-0.45252193317009515,0.7863948670928949,1.0,10
2025-02-02,2025-02-03,2025-02-01,2025-01-06;2025-01-13;2025-01-20;2025-01-27,2025-01-26;2025-01-27;2025-01-28;2025-01-29;2025-01-30;2025-01-31;2025-02-01,2025-02-01,4,5852.714645717781,59145.30780191201,-0.45104620359534986,0.7863948670928949,1.0,10
2025-02-02,2025-02-03,2025-02-01,2025-01-06;2025-01-13;2025-01-20;2025-01-27,2025-01-26;2025-01-27;2025-01-28;2025-01-29;2025-01-30;2025-01-31;2025-02-01,2025-02-01,4,7860.401402686153,58241.266442536835,-0.4499921110419604,0.7863948670928949,1.0,10
2025-02-02,2025-02-03,2025-02-01,2025-01-06;2025-01-13;2025-01-20;2025-01-27,2025-01-26;2025-01-27;2025-01-28;2025-01-29;2025-01-30;2025-01-31;2025-02-01,2025-02-01,4,8460.49511962558,57971.44390877788,-0.44777851667984253,0.7863948670928949,1.0,10
2025-02-02,2025-02-03,2025-02-01,2025-01-06;2025-01-13;2025-01-20;2025-01-27,2025-01-26;2025-01-27;2025-01-28;2025-01-29;2025-01-30;2025-01-31;2025-02-01,2025-02-01,4,9699.587757101375,57416.781776287055,-0.44746228891382567,0.7863948670928949,1.0,10
2025-02-02,2025-02-03,2025-02-01,2025-01-06;2025-01-13;2025-01-20;2025-01-27,2025-01-26;2025-01-27;2025-01-28;2025-01-29;2025-01-30;2025-01-31;2025-02-01,2025-02-01,4,9997.262339848085,57284.141426313065,-0.44265311712619504,0.7863948670928949,1.0,10
2025-02-02,2025-02-03,2025-02-01,2025-01-06;2025-01-13;2025-01-20;2025-01-27,2025-01-26;2025-01-27;2025-01-28;2025-01-29;2025-01-30;2025-01-31;2025-02-01,2025-02-01,4,10314.305087411447,57150.07042069034,-0.4211205160046231,0.7863948670928949,1.0,10
2025-02-02,2025-02-03,2025-02-01,2025-01-06;2025-01-13;2025-01-20;2025-01-27,2025-01-26;2025-01-27;2025-01-28;2025-01-29;2025-01-30;2025-01-31;2025-02-01,2025-02-01,4,10800.0,56945.53432848022,-0.40392563122745745,0.7863948670928949,1.0,10
2025-02-03,2025-02-04,2025-02-02,2025-01-07;2025-01-14;2025-01-21;2025-01-28,2025-01-27;2025-01-28;2025-01-29;2025-01-30;2025-01-31;2025-02-01;2025-02-02,2025-02-02,4,1200.0,59149.03214426664,-0.45441929976619605,0.7806722077875747,1.0,10
2025-02-03,2025-02-04,2025-02-02,2025-01-07;2025-01-14;2025-01-21;2025-01-28,2025-01-27;2025-01-28;2025-01-29;2025-01-30;2025-01-31;2025-02-01;2025-02-02,2025-02-02,4,2873.5071784699967,58389.26366648033,-0.4534706164681456,0.7806722077875747,1.0,10
2025-02-03,2025-02-04,2025-02-02,2025-01-07;2025-01-14;2025-01-21;2025-01-28,2025-01-27;2025-01-28;2025-01-29;2025-01-30;2025-01-31;2025-02-01;2025-02-02,2025-02-02,4,3723.3808924427303,58003.97168807521,-0.4525219331700951,0.7806722077875747,1.0,10
2025-02-03,2025-02-04,2025-02-02,2025-01-07;2025-01-14;2025-01-21;2025-01-28,2025-01-27;2025-01-28;2025-01-29;2025-01-30;2025-01-31;2025-02-01;2025-02-02,2025-02-02,4,5841.544994862599,57046.96928909098,-0.45104620359534986,0.7806722077875747,1.0,10
2025-02-03,2025-02-04,2025-02-02,2025-01-07;2025-01-14;2025-01-21;2025-01-28,2025-01-27;2025-01-28;2025-01-29;2025-01-30;2025-01-31;2025-02-01;2025-02-02,2025-02-02,4,7835.1112089047965,56149.28313726047,-0.4499921110419604,0.7806722077875747,1.0,10
2025-02-03,2025-02-04,2025-02-02,2025-01-07;2025-01-14;2025-01-21;2025-01-28,2025-01-27;2025-01-28;2025-01-29;2025-01-30;2025-01-31;2025-02-01;2025-02-02,2025-02-02,4,8429.746148826694,55881.91553115289,-0.44777851667984253,0.7806722077875747,1.0,10
2025-02-03,2025-02-04,2025-02-02,2025-01-07;2025-01-14;2025-01-21;2025-01-28,2025-01-27;2025-01-28;2025-01-29;2025-01-30;2025-01-31;2025-02-01;2025-02-02,2025-02-02,4,9715.725255166804,55306.2749509274,-0.4474622889138257,0.7806722077875747,1.0,10
2025-02-03,2025-02-04,2025-02-02,2025-01-07;2025-01-14;2025-01-21;2025-01-28,2025-01-27;2025-01-28;2025-01-29;2025-01-30;2025-01-31;2025-02-01;2025-02-02,2025-02-02,4,9993.072468224767,55182.90400138132,-0.440803435669414,0.7806722077875747,1.0,10
2025-02-03,2025-02-04,2025-02-02,2025-01-07;2025-01-14;2025-01-21;2025-01-28,2025-01-27;2025-01-28;2025-01-29;2025-01-30;2025-01-31;2025-02-01;2025-02-02,2025-02-02,4,10321.92700286731,55043.68514082949,-0.4211205160046231,0.7806722077875747,1.0,10
2025-02-03,2025-02-04,2025-02-02,2025-01-07;2025-01-14;2025-01-21;2025-01-28,2025-01-27;2025-01-28;2025-01-29;2025-01-30;2025-01-31;2025-02-01;2025-02-02,2025-02-02,4,10800.0,54842.35879358909,-0.4030006650118583,0.7806722077875747,1.0,10
2025-02-04,2025-02-05,2025-02-03,2025-01-08;2025-01-15;2025-01-22;2025-01-29,2025-01-28;2025-01-29;2025-01-30;2025-01-31;2025-02-01;2025-02-02;2025-02-03,2025-02-03,4,1200.0,56706.97192629648,-0.45441929976619616,0.7760281270602718,1.0,10
2025-02-04,2025-02-05,2025-02-03,2025-01-08;2025-01-15;2025-01-22;2025-01-29,2025-01-28;2025-01-29;2025-01-30;2025-01-31;2025-02-01;2025-02-02;2025-02-03,2025-02-03,4,2879.9299151192504,55944.28404109565,-0.4534706164681456,0.7760281270602718,1.0,10
2025-02-04,2025-02-05,2025-02-03,2025-01-08;2025-01-15;2025-01-22;2025-01-29,2025-01-28;2025-01-29;2025-01-30;2025-01-31;2025-02-01;2025-02-02;2025-02-03,2025-02-03,4,3727.2143184399515,55560.16457447615,-0.4525219331700951,0.7760281270602718,1.0,10
2025-02-04,2025-02-05,2025-02-03,2025-01-08;2025-01-15;2025-01-22;2025-01-29,2025-01-28;2025-01-29;2025-01-30;2025-01-31;2025-02-01;2025-02-02;2025-02-03,2025-02-03,4,5833.171745113826,54608.67286311721,-0.45104620359534986,0.7760281270602718,1.0,10
2025-02-04,2025-02-05,2025-02-03,2025-01-08;2025-01-15;2025-01-22;2025-01-29,2025-01-28;2025-01-29;2025-01-30;2025-01-31;2025-02-01;2025-02-02;2025-02-03,2025-02-03,4,7815.249323159856,53716.160529141445,-0.4499921110419604,0.7760281270602718,1.0,10
2025-02-04,2025-02-05,2025-02-03,2025-01-08;2025-01-15;2025-01-22;2025-01-29,2025-01-28;2025-01-29;2025-01-30;2025-01-31;2025-02-01;2025-02-02;2025-02-03,2025-02-03,4,8406.687281079387,53450.232926433484,-0.44817380138736357,0.7760281270602718,1.0,10
2025-02-04,2025-02-05,2025-02-03,2025-01-08;2025-01-15;2025-01-22;2025-01-29,2025-01-28;2025-01-29;2025-01-30;2025-01-31;2025-02-01;2025-02-02;2025-02-03,2025-02-03,4,9671.00393652888,52884.28408934759,-0.4474622889138257,0.7760281270602718,1.0,10
2025-02-04,2025-02-05,2025-02-03,2025-01-08;2025-01-15;2025-01-22;2025-01-29,2025-01-28;2025-01-29;2025-01-30;2025-01-31;2025-02-01;2025-02-02;2025-02-03,2025-02-03,4,9988.147262626397,52743.27724715285,-0.43895375421263294,0.7760281270602718,1.0,10
2025-02-04,2025-02-05,2025-02-03,2025-01-08;2025-01-15;2025-01-22;2025-01-29,2025-01-28;2025-01-29;2025-01-30;2025-01-31;2025-02-01;2025-02-02;2025-02-03,2025-02-03,4,10297.887854091372,52611.93629303294,-0.4211205160046231,0.7760281270602718,1.0,10
2025-02-04,2025-02-05,2025-02-03,2025-01-08;2025-01-15;2025-01-22;2025-01-29,2025-01-28;2025-01-29;2025-01-30;2025-01-31;2025-02-01;2025-02-02;2025-02-03,2025-02-03,4,10800.0,52400.48656705571,-0.40487092637087213,0.7760281270602718,1.0,10
2025-02-05,2025-02-06,2025-02-04,2025-01-09;2025-01-16;2025-01-23;2025-01-30,2025-01-29;2025-01-30;2025-01-31;2025-02-01;2025-02-02;2025-02-03;2025-02-04,2025-02-04,4,1200.0,54491.19732300097,-0.4544192997661961,0.8463949429060449,1.0,10
2025-02-05,2025-02-06,2025-02-04,2025-01-09;2025-01-16;2025-01-23;2025-01-30,2025-01-29;2025-01-30;2025-01-31;2025-02-01;2025-02-02;2025-02-03;2025-02-04,2025-02-04,4,2886.3526517764262,53725.59003038202,-0.4534706164681456,0.8463949429060449,1.0,10
2025-02-05,2025-02-06,2025-02-04,2025-01-09;2025-01-16;2025-01-23;2025-01-30,2025-01-29;2025-01-30;2025-01-31;2025-02-01;2025-02-02;2025-02-03;2025-02-04,2025-02-04,4,3731.047744441671,53342.643075549684,-0.4525219331700951,0.8463949429060449,1.0,10
2025-02-05,2025-02-06,2025-02-04,2025-01-09;2025-01-16;2025-01-23;2025-01-30,2025-01-29;2025-01-30;2025-01-31;2025-02-01;2025-02-02;2025-02-03;2025-02-04,2025-02-04,4,5824.79849536519,52396.662051818006,-0.45104620359534986,0.8463949429060449,1.0,10
2025-02-05,2025-02-06,2025-02-04,2025-01-09;2025-01-16;2025-01-23;2025-01-30,2025-01-29;2025-01-30;2025-01-31;2025-02-01;2025-02-02;2025-02-03;2025-02-04,2025-02-04,4,7795.387437410856,51509.32353569889,-0.4499921110419604,0.8463949429060449,1.0,10
2025-02-05,2025-02-06,2025-02-04,2025-01-09;2025-01-16;2025-01-23;2025-01-30,2025-01-29;2025-01-30;2025-01-31;2025-02-01;2025-02-02;2025-02-03;2025-02-04,2025-02-04,4,8383.628413329203,51244.830205066304,-0.44777851667984253,0.8463949429060449,1.0,10
2025-02-05,2025-02-06,2025-02-04,2025-01-09;2025-01-16;2025-01-23;2025-01-30,2025-01-29;2025-01-30;2025-01-31;2025-02-01;2025-02-02;2025-02-03;2025-02-04,2025-02-04,4,9708.413064258999,50651.82856492106,-0.4474622889138257,0.8463949429060449,1.0,10
2025-02-05,2025-02-06,2025-02-04,2025-01-09;2025-01-16;2025-01-23;2025-01-30,2025-01-29;2025-01-30;2025-01-31;2025-02-01;2025-02-02;2025-02-03;2025-02-04,2025-02-04,4,9983.222057028303,50529.91788747597,-0.43710407275585195,0.8463949429060449,1.0,10
2025-02-05,2025-02-06,2025-02-04,2025-01-09;2025-01-16;2025-01-23;2025-01-30,2025-01-29;2025-01-30;2025-01-31;2025-02-01;2025-02-02;2025-02-03;2025-02-04,2025-02-04,4,10316.091019562435,50388.6839547381,-0.4211205160046231,0.8463949429060449,1.0,10
2025-02-05,2025-02-06,2025-02-04,2025-01-09;2025-01-16;2025-01-23;2025-01-30,2025-01-29;2025-01-30;2025-01-31;2025-02-01;2025-02-02;2025-02-03;2025-02-04,2025-02-04,4,10800.0,50184.89995519696,-0.4030006650118583,0.8463949429060449,1.0,10
2025-02-06,2025-02-07,2025-02-05,2025-01-10;2025-01-17;2025-01-24;2025-01-31,2025-01-30;2025-01-31;2025-02-01;2025-02-02;2025-02-03;2025-02-04;2025-02-05,2025-02-05,4,1200.0,21040.38588194318,-0.4544192997661961,0.7992968171711254,1.0,10
2025-02-06,2025-02-07,2025-02-05,2025-01-10;2025-01-17;2025-01-24;2025-01-31,2025-01-30;2025-01-31;2025-02-01;2025-02-02;2025-02-03;2025-02-04;2025-02-05,2025-02-05,4,2850.385326520873,20291.127270854493,-0.4534706164681456,0.7992968171711254,1.0,10
2025-02-06,2025-02-07,2025-02-05,2025-01-10;2025-01-17;2025-01-24;2025-01-31,2025-01-30;2025-01-31;2025-02-01;2025-02-02;2025-02-03;2025-02-04;2025-02-05,2025-02-05,4,3709.580558841014,19901.61425002112,-0.4525219331700951,0.7992968171711254,1.0,10
2025-02-06,2025-02-07,2025-02-05,2025-01-10;2025-01-17;2025-01-24;2025-01-31,2025-01-30;2025-01-31;2025-02-01;2025-02-02;2025-02-03;2025-02-04;2025-02-05,2025-02-05,4,5876.908642691985,18922.418937521223,-0.45104620359534986,0.7992968171711254,1.0,10
2025-02-06,2025-02-07,2025-02-05,2025-01-10;2025-01-17;2025-01-24;2025-01-31,2025-01-30;2025-01-31;2025-02-01;2025-02-02;2025-02-03;2025-02-04;2025-02-05,2025-02-05,4,7916.746839257573,18003.90178065859,-0.4499921110419604,0.7992968171711254,1.0,10
2025-02-06,2025-02-07,2025-02-05,2025-01-10;2025-01-17;2025-01-24;2025-01-31,2025-01-30;2025-01-31;2025-02-01;2025-02-02;2025-02-03;2025-02-04;2025-02-05,2025-02-05,4,8527.112931754347,17729.46060418753,-0.44777851667984253,0.7992968171711254,1.0,10
2025-02-06,2025-02-07,2025-02-05,2025-01-10;2025-01-17;2025-01-24;2025-01-31,2025-01-30;2025-01-31;2025-02-01;2025-02-02;2025-02-03;2025-02-04;2025-02-05,2025-02-05,4,9724.575332363342,17193.42258752279,-0.44746228891382567,0.7992968171711254,1.0,10
2025-02-06,2025-02-07,2025-02-05,2025-01-10;2025-01-17;2025-01-24;2025-01-31,2025-01-30;2025-01-31;2025-02-01;2025-02-02;2025-02-03;2025-02-04;2025-02-05,2025-02-05,4,10009.430584957834,17065.960604187727,-0.4211205160046231,0.7992968171711254,1.0,10
2025-02-06,2025-02-07,2025-02-05,2025-01-10;2025-01-17;2025-01-24;2025-01-31,2025-01-30;2025-01-31;2025-02-01;2025-02-02;2025-02-03;2025-02-04;2025-02-05,2025-02-05,4,10326.628441700255,16932.382079080802,-0.4211205160046231,0.7992968171711254,1.0,10
2025-02-06,2025-02-07,2025-02-05,2025-01-10;2025-01-17;2025-01-24;2025-01-31,2025-01-30;2025-01-31;2025-02-01;2025-02-02;2025-02-03;2025-02-04;2025-02-05,2025-02-05,4,10800.0,16733.25747237871,-0.4030006650118583,0.7992968171711254,1.0,10
2025-02-07,2025-02-08,2025-02-06,2025-01-11;2025-01-18;2025-01-25;2025-02-01,2025-01-31;2025-02-01;2025-02-02;2025-02-03;2025-02-04;2025-02-05;2025-02-06,2025-02-06,4,1200.0,20708.853938539443,-0.4544192997661961,0.7992968171711254,1.0,10
2025-02-07,2025-02-08,2025-02-06,2025-01-11;2025-01-18;2025-01-25;2025-02-01,2025-01-31;2025-02-01;2025-02-02;2025-02-03;2025-02-04;2025-02-05;2025-02-06,2025-02-06,4,2700.807672467245,20027.566300266477,-0.4534706164681456,0.7992968171711254,1.0,10
2025-02-07,2025-02-08,2025-02-06,2025-01-11;2025-01-18;2025-01-25;2025-02-01,2025-01-31;2025-02-01;2025-02-02;2025-02-03;2025-02-04;2025-02-05;2025-02-06,2025-02-06,4,3560.002904787266,19638.05327943316,-0.4525219331700951,0.7992968171711254,1.0,10
2025-02-07,2025-02-08,2025-02-06,2025-01-11;2025-01-18;2025-01-25;2025-02-01,2025-01-31;2025-02-01;2025-02-02;2025-02-03;2025-02-04;2025-02-05;2025-02-06,2025-02-06,4,5727.330988638009,18658.857966933363,-0.45104620359534986,0.7992968171711254,1.0,10
2025-02-07,2025-02-08,2025-02-06,2025-01-11;2025-01-18;2025-01-25;2025-02-01,2025-01-31;2025-02-01;2025-02-02;2025-02-03;2025-02-04;2025-02-05;2025-02-06,2025-02-06,4,7767.169185203383,17740.340810070826,-0.4499921110419604,0.7992968171711254,1.0,10
2025-02-07,2025-02-08,2025-02-06,2025-01-11;2025-01-18;2025-01-25;2025-02-01,2025-01-31;2025-02-01;2025-02-02;2025-02-03;2025-02-04;2025-02-05;2025-02-06,2025-02-06,4,8377.535277698806,17465.899633600377,-0.44777851667984253,0.7992968171711254,1.0,10
2025-02-07,2025-02-08,2025-02-06,2025-01-11;2025-01-18;2025-01-25;2025-02-01,2025-01-31;2025-02-01;2025-02-02;2025-02-03;2025-02-04;2025-02-05;2025-02-06,2025-02-06,4,9663.02606945144,16890.472231545096,-0.44746228891382567,0.7992968171711254,1.0,10
2025-02-07,2025-02-08,2025-02-06,2025-01-11;2025-01-18;2025-01-25;2025-02-01,2025-01-31;2025-02-01;2025-02-02;2025-02-03;2025-02-04;2025-02-05;2025-02-06,2025-02-06,4,9930.421980175423,16771.80454456959,-0.4335482672090848,0.7992968171711254,1.0,10
2025-02-07,2025-02-08,2025-02-06,2025-01-11;2025-01-18;2025-01-25;2025-02-01,2025-01-31;2025-02-01;2025-02-02;2025-02-03;2025-02-04;2025-02-05;2025-02-06,2025-02-06,4,10278.853180247283,16624.091118519973,-0.4211205160046231,0.7992968171711254,1.0,10
2025-02-07,2025-02-08,2025-02-06,2025-01-11;2025-01-18;2025-01-25;2025-02-01,2025-01-31;2025-02-01;2025-02-02;2025-02-03;2025-02-04;2025-02-05;2025-02-06,2025-02-06,4,10800.0,16404.89030804404,-0.4030006650118583,0.7992968171711254,1.0,10
2025-02-08,2025-02-09,2025-02-07,2025-01-12;2025-01-19;2025-01-26;2025-02-02,2025-02-01;2025-02-02;2025-02-03;2025-02-04;2025-02-05;2025-02-06;2025-02-07,2025-02-07,4,1200.0,53452.523753661335,-0.4544192997661961,0.6504270992663805,1.0,12
2025-02-08,2025-02-09,2025-02-07,2025-01-12;2025-01-19;2025-01-26;2025-02-02,2025-02-01;2025-02-02;2025-02-03;2025-02-04;2025-02-05;2025-02-06;2025-02-07,2025-02-07,4,2445.830776995353,52887.09323078526,-0.4534706164681457,0.6504270992663805,1.0,12
2025-02-08,2025-02-09,2025-02-07,2025-01-12;2025-01-19;2025-01-26;2025-02-02,2025-02-01;2025-02-02;2025-02-03;2025-02-04;2025-02-05;2025-02-06;2025-02-07,2025-02-07,4,3900.4351612799464,52228.15381637777,-0.45252193317009515,0.6504270992663805,1.0,12
2025-02-08,2025-02-09,2025-02-07,2025-01-12;2025-01-19;2025-01-26;2025-02-02,2025-02-01;2025-02-02;2025-02-03;2025-02-04;2025-02-05;2025-02-06;2025-02-07,2025-02-07,4,4991.388449493335,51735.45196776722,-0.45104620359534986,0.6504270992663805,1.0,12
2025-02-08,2025-02-09,2025-02-07,2025-01-12;2025-01-19;2025-01-26;2025-02-02,2025-02-01;2025-02-02;2025-02-03;2025-02-04;2025-02-05;2025-02-06;2025-02-07,2025-02-07,4,7760.227387538704,50488.51784653096,-0.4499921110419604,0.6504270992663805,1.0,12
2025-02-08,2025-02-09,2025-02-07,2025-01-12;2025-01-19;2025-01-26;2025-02-02,2025-02-01;2025-02-02;2025-02-03;2025-02-04;2025-02-05;2025-02-06;2025-02-07,2025-02-07,4,9127.485808985428,49876.37481140563,-0.44746228891382567,0.6504270992663805,1.0,12
2025-02-08,2025-02-09,2025-02-07,2025-01-12;2025-01-19;2025-01-26;2025-02-02,2025-02-01;2025-02-02;2025-02-03;2025-02-04;2025-02-05;2025-02-06;2025-02-07,2025-02-07,4,9439.725499601056,49736.916999684014,-0.4403401368947576,0.6504270992663805,1.0,12
2025-02-08,2025-02-09,2025-02-07,2025-01-12;2025-01-19;2025-01-26;2025-02-02,2025-02-01;2025-02-02;2025-02-03;2025-02-04;2025-02-05;2025-02-06;2025-02-07,2025-02-07,4,9610.105346263756,49662.11914929401,-0.43749408700060605,0.6504270992663805,1.0,12
2025-02-08,2025-02-09,2025-02-07,2025-01-12;2025-01-19;2025-01-26;2025-02-02,2025-02-01;2025-02-02;2025-02-03;2025-02-04;2025-02-05;2025-02-06;2025-02-07,2025-02-07,4,9961.457449932304,49508.97001268233,-0.43380476306374294,0.6504270992663805,1.0,12
2025-02-08,2025-02-09,2025-02-07,2025-01-12;2025-01-19;2025-01-26;2025-02-02,2025-02-01;2025-02-02;2025-02-03;2025-02-04;2025-02-05;2025-02-06;2025-02-07,2025-02-07,4,10205.507792156219,49403.46058653393,-0.4300100298715409,0.6504270992663805,1.0,12
2025-02-08,2025-02-09,2025-02-07,2025-01-12;2025-01-19;2025-01-26;2025-02-02,2025-02-01;2025-02-02;2025-02-03;2025-02-04;2025-02-05;2025-02-06;2025-02-07,2025-02-07,4,10517.802415345814,49270.12042696729,-0.4211205160046231,0.6504270992663805,1.0,12
2025-02-08,2025-02-09,2025-02-07,2025-01-12;2025-01-19;2025-01-26;2025-02-02,2025-02-01;2025-02-02;2025-02-03;2025-02-04;2025-02-05;2025-02-06;2025-02-07,2025-02-07,4,10800.0,49151.28123450246,-0.4030006650118583,0.6504270992663805,1.0,12
2025-02-09,2025-02-10,2025-02-08,2025-01-13;2025-01-20;2025-01-27;2025-02-03,2025-02-02;2025-02-03;2025-02-04;2025-02-05;2025-02-06;2025-02-07;2025-02-08,2025-02-08,4,1200.0,53383.68747899924,-0.4544192997661961,0.6504270992663805,1.0,12
2025-02-09,2025-02-10,2025-02-08,2025-01-13;2025-01-20;2025-01-27;2025-02-03,2025-02-02;2025-02-03;2025-02-04;2025-02-05;2025-02-06;2025-02-07;2025-02-08,2025-02-08,4,2445.830776995353,52818.25695612318,-0.4534706164681457,0.6504270992663805,1.0,12
2025-02-09,2025-02-10,2025-02-08,2025-01-13;2025-01-20;2025-01-27;2025-02-03,2025-02-02;2025-02-03;2025-02-04;2025-02-05;2025-02-06;2025-02-07;2025-02-08,2025-02-08,4,3900.43516128159,52159.31754171493,-0.45252193317009515,0.6504270992663805,1.0,12
2025-02-09,2025-02-10,2025-02-08,2025-01-13;2025-01-20;2025-01-27;2025-02-03,2025-02-02;2025-02-03;2025-02-04;2025-02-05;2025-02-06;2025-02-07;2025-02-08,2025-02-08,4,4991.388449496211,51666.61569310383,-0.45104620359534986,0.6504270992663805,1.0,12
2025-02-09,2025-02-10,2025-02-08,2025-01-13;2025-01-20;2025-01-27;2025-02-03,2025-02-02;2025-02-03;2025-02-04;2025-02-05;2025-02-06;2025-02-07;2025-02-08,2025-02-08,4,7760.227387538704,50419.68157186886,-0.4499921110419604,0.6504270992663805,1.0,12
2025-02-09,2025-02-10,2025-02-08,2025-01-13;2025-01-20;2025-01-27;2025-02-03,2025-02-02;2025-02-03;2025-02-04;2025-02-05;2025-02-06;2025-02-07;2025-02-08,2025-02-08,4,9127.485808984846,49807.5385367438,-0.44746228891382567,0.6504270992663805,1.0,12
2025-02-09,2025-02-10,2025-02-08,2025-01-13;2025-01-20;2025-01-27;2025-02-03,2025-02-02;2025-02-03;2025-02-04;2025-02-05;2025-02-06;2025-02-07;2025-02-08,2025-02-08,4,9439.725499601056,49668.08072502192,-0.4403401368947576,0.6504270992663805,1.0,12
2025-02-09,2025-02-10,2025-02-08,2025-01-13;2025-01-20;2025-01-27;2025-02-03,2025-02-02;2025-02-03;2025-02-04;2025-02-05;2025-02-06;2025-02-07;2025-02-08,2025-02-08,4,9610.105346263756,49593.28287463192,-0.43749408700060605,0.6504270992663805,1.0,12
2025-02-09,2025-02-10,2025-02-08,2025-01-13;2025-01-20;2025-01-27;2025-02-03,2025-02-02;2025-02-03;2025-02-04;2025-02-05;2025-02-06;2025-02-07;2025-02-08,2025-02-08,4,9961.457449932304,49440.13373802023,-0.43380476306374294,0.6504270992663805,1.0,12
2025-02-09,2025-02-10,2025-02-08,2025-01-13;2025-01-20;2025-01-27;2025-02-03,2025-02-02;2025-02-03;2025-02-04;2025-02-05;2025-02-06;2025-02-07;2025-02-08,2025-02-08,4,10205.507792156219,49334.62431187184,-0.4300100298715409,0.6504270992663805,1.0,12
2025-02-09,2025-02-10,2025-02-08,2025-01-13;2025-01-20;2025-01-27;2025-02-03,2025-02-02;2025-02-03;2025-02-04;2025-02-05;2025-02-06;2025-02-07;2025-02-08,2025-02-08,4,10517.802415345814,49201.2841523052,-0.4211205160046231,0.6504270992663805,1.0,12
2025-02-09,2025-02-10,2025-02-08,2025-01-13;2025-01-20;2025-01-27;2025-02-03,2025-02-02;2025-02-03;2025-02-04;2025-02-05;2025-02-06;2025-02-07;2025-02-08,2025-02-08,4,10800.0,49082.444959840366,-0.4030006650118583,0.6504270992663805,1.0,12
2025-02-10,2025-02-11,2025-02-09,2025-01-14;2025-01-21;2025-01-28;2025-02-04,2025-02-03;2025-02-04;2025-02-05;2025-02-06;2025-02-07;2025-02-08;2025-02-09,2025-02-09,4,1200.0,53401.918965679026,-0.4544192997661961,0.797330732755654,1.0,11
2025-02-10,2025-02-11,2025-02-09,2025-01-14;2025-01-21;2025-01-28;2025-02-04,2025-02-03;2025-02-04;2025-02-05;2025-02-06;2025-02-07;2025-02-08;2025-02-09,2025-02-09,4,2777.6057486691034,52685.71531745135,-0.4534706164681456,0.797330732755654,1.0,11
2025-02-10,2025-02-11,2025-02-09,2025-01-14;2025-01-21;2025-01-28;2025-02-04,2025-02-03;2025-02-04;2025-02-05;2025-02-06;2025-02-07;2025-02-08;2025-02-09,2025-02-09,4,3627.9667752263526,52300.21745043149,-0.4525219331700951,0.797330732755654,1.0,11
2025-02-10,2025-02-11,2025-02-09,2025-01-14;2025-01-21;2025-01-28;2025-02-04,2025-02-03;2025-02-04;2025-02-05;2025-02-06;2025-02-07;2025-02-08;2025-02-09,2025-02-09,4,5789.443631882226,51323.67807347124,-0.45104620359534986,0.797330732755654,1.0,11
2025-02-10,2025-02-11,2025-02-09,2025-01-14;2025-01-21;2025-01-28;2025-02-04,2025-02-03;2025-02-04;2025-02-05;2025-02-06;2025-02-07;2025-02-08;2025-02-09,2025-02-09,4,7823.774791087723,50407.64484490293,-0.4499921110419604,0.797330732755654,1.0,11
2025-02-10,2025-02-11,2025-02-09,2025-01-14;2025-01-21;2025-01-28;2025-02-04,2025-02-03;2025-02-04;2025-02-05;2025-02-06;2025-02-07;2025-02-08;2025-02-09,2025-02-09,4,8434.140883583907,50133.20366843214,-0.44777851667984253,0.797330732755654,1.0,11
2025-02-10,2025-02-11,2025-02-09,2025-01-14;2025-01-21;2025-01-28;2025-02-04,2025-02-03;2025-02-04;2025-02-05;2025-02-06;2025-02-07;2025-02-08;2025-02-09,2025-02-09,4,9646.970689098403,49590.28931759371,-0.44746228891382567,0.797330732755654,1.0,11
2025-02-10,2025-02-11,2025-02-09,2025-01-14;2025-01-21;2025-01-28;2025-02-04,2025-02-03;2025-02-04;2025-02-05;2025-02-06;2025-02-07;2025-02-08;2025-02-09,2025-02-09,4,9916.45853678617,49469.70366843288,-0.4211205160046231,0.797330732755654,1.0,11
2025-02-10,2025-02-11,2025-02-09,2025-01-14;2025-01-21;2025-01-28;2025-02-04,2025-02-03;2025-02-04;2025-02-05;2025-02-06;2025-02-07;2025-02-08;2025-02-09,2025-02-09,4,10250.566672446597,49329.00387794222,-0.4211205160046231,0.797330732755654,1.0,11
2025-02-10,2025-02-11,2025-02-09,2025-01-14;2025-01-21;2025-01-28;2025-02-04,2025-02-03;2025-02-04;2025-02-05;2025-02-06;2025-02-07;2025-02-08;2025-02-09,2025-02-09,4,10736.277103519731,49124.97509978442,-0.41106447304528765,0.797330732755654,1.0,11
2025-02-10,2025-02-11,2025-02-09,2025-01-14;2025-01-21;2025-01-28;2025-02-04,2025-02-03;2025-02-04;2025-02-05;2025-02-06;2025-02-07;2025-02-08;2025-02-09,2025-02-09,4,10800.0,49098.78088092184,-0.4030006650118583,0.797330732755654,1.0,11
2025-02-11,2025-02-12,2025-02-10,2025-01-15;2025-01-22;2025-01-29;2025-02-05,2025-02-04;2025-02-05;2025-02-06;2025-02-07;2025-02-08;2025-02-09;2025-02-10,2025-02-10,4,1200.0,52876.76395381851,-0.4544192997661961,0.6504270992663805,1.0,12
2025-02-11,2025-02-12,2025-02-10,2025-01-15;2025-01-22;2025-01-29;2025-02-05,2025-02-04;2025-02-05;2025-02-06;2025-02-07;2025-02-08;2025-02-09;2025-02-10,2025-02-10,4,2445.830776995353,52311.33343094244,-0.4534706164681457,0.6504270992663805,1.0,12
2025-02-11,2025-02-12,2025-02-10,2025-01-15;2025-01-22;2025-01-29;2025-02-05,2025-02-04;2025-02-05;2025-02-06;2025-02-07;2025-02-08;2025-02-09;2025-02-10,2025-02-10,4,3900.4351612799464,51652.39401653495,-0.45252193317009515,0.6504270992663805,1.0,12
2025-02-11,2025-02-12,2025-02-10,2025-01-15;2025-01-22;2025-01-29;2025-02-05,2025-02-04;2025-02-05;2025-02-06;2025-02-07;2025-02-08;2025-02-09;2025-02-10,2025-02-10,4,4991.388449493335,51159.6921679244,-0.45104620359534986,0.6504270992663805,1.0,12
2025-02-11,2025-02-12,2025-02-10,2025-01-15;2025-01-22;2025-01-29;2025-02-05,2025-02-04;2025-02-05;2025-02-06;2025-02-07;2025-02-08;2025-02-09;2025-02-10,2025-02-10,4,7760.227387538704,49912.75804668813,-0.4499921110419604,0.6504270992663805,1.0,12
2025-02-11,2025-02-12,2025-02-10,2025-01-15;2025-01-22;2025-01-29;2025-02-05,2025-02-04;2025-02-05;2025-02-06;2025-02-07;2025-02-08;2025-02-09;2025-02-10,2025-02-10,4,9127.485808985428,49300.615011562804,-0.44746228891382567,0.6504270992663805,1.0,12
2025-02-11,2025-02-12,2025-02-10,2025-01-15;2025-01-22;2025-01-29;2025-02-05,2025-02-04;2025-02-05;2025-02-06;2025-02-07;2025-02-08;2025-02-09;2025-02-10,2025-02-10,4,9439.725499601056,49161.15719984119,-0.4403401368947576,0.6504270992663805,1.0,12
2025-02-11,2025-02-12,2025-02-10,2025-01-15;2025-01-22;2025-01-29;2025-02-05,2025-02-04;2025-02-05;2025-02-06;2025-02-07;2025-02-08;2025-02-09;2025-02-10,2025-02-10,4,9610.105346263756,49086.35934945119,-0.43749408700060605,0.6504270992663805,1.0,12
2025-02-11,2025-02-12,2025-02-10,2025-01-15;2025-01-22;2025-01-29;2025-02-05,2025-02-04;2025-02-05;2025-02-06;2025-02-07;2025-02-08;2025-02-09;2025-02-10,2025-02-10,4,9961.457449932304,48933.2102128395,-0.43380476306374294,0.6504270992663805,1.0,12
2025-02-11,2025-02-12,2025-02-10,2025-01-15;2025-01-22;2025-01-29;2025-02-05,2025-02-04;2025-02-05;2025-02-06;2025-02-07;2025-02-08;2025-02-09;2025-02-10,2025-02-10,4,10205.507792156219,48827.70078669111,-0.4300100298715409,0.6504270992663805,1.0,12
2025-02-11,2025-02-12,2025-02-10,2025-01-15;2025-01-22;2025-01-29;2025-02-05,2025-02-04;2025-02-05;2025-02-06;2025-02-07;2025-02-08;2025-02-09;2025-02-10,2025-02-10,4,10517.802415345814,48694.360627124464,-0.4211205160046231,0.6504270992663805,1.0,12
2025-02-11,2025-02-12,2025-02-10,2025-01-15;2025-01-22;2025-01-29;2025-02-05,2025-02-04;2025-02-05;2025-02-06;2025-02-07;2025-02-08;2025-02-09;2025-02-10,2025-02-10,4,10800.0,48575.52143465963,-0.4030006650118583,0.6504270992663805,1.0,12
2025-02-12,2025-02-13,2025-02-11,2025-01-16;2025-01-23;2025-01-30;2025-02-06,2025-02-05;2025-02-06;2025-02-07;2025-02-08;2025-02-09;2025-02-10;2025-02-11,2025-02-11,2,1200.0,52126.64855093914,-0.4544192997661961,0.7992968171674875,1.0,10
2025-02-12,2025-02-13,2025-02-11,2025-01-16;2025-01-23;2025-01-30;2025-02-06,2025-02-05;2025-02-06;2025-02-07;2025-02-08;2025-02-09;2025-02-10;2025-02-11,2025-02-11,2,2850.385326518956,51377.38993985133,-0.4534706164681456,0.7992968171674875,1.0,10
2025-02-12,2025-02-13,2025-02-11,2025-01-16;2025-01-23;2025-01-30;2025-02-06,2025-02-05;2025-02-06;2025-02-07;2025-02-08;2025-02-09;2025-02-10;2025-02-11,2025-02-11,2,3709.580558841014,50987.876919017086,-0.4525219331700951,0.7992968171674875,1.0,10
2025-02-12,2025-02-13,2025-02-11,2025-01-16;2025-01-23;2025-01-30;2025-02-06,2025-02-05;2025-02-06;2025-02-07;2025-02-08;2025-02-09;2025-02-10;2025-02-11,2025-02-11,2,5876.908642692508,50008.68160651695,-0.45104620359534986,0.7992968171674875,1.0,10
2025-02-12,2025-02-13,2025-02-11,2025-01-16;2025-01-23;2025-01-30;2025-02-06,2025-02-05;2025-02-06;2025-02-07;2025-02-08;2025-02-09;2025-02-10;2025-02-11,2025-02-11,2,7916.746839258588,49090.16444965409,-0.4499921110419604,0.7992968171674875,1.0,10
2025-02-12,2025-02-13,2025-02-11,2025-01-16;2025-01-23;2025-01-30;2025-02-06,2025-02-05;2025-02-06;2025-02-07;2025-02-08;2025-02-09;2025-02-10;2025-02-11,2025-02-11,2,8527.11293175291,48815.723273184136,-0.44777851667984253,0.7992968171674875,1.0,10
2025-02-12,2025-02-13,2025-02-11,2025-01-16;2025-01-23;2025-01-30;2025-02-06,2025-02-05;2025-02-06;2025-02-07;2025-02-08;2025-02-09;2025-02-10;2025-02-11,2025-02-11,2,9728.890269779884,48277.75448474582,-0.44746228891382567,0.7992968171674875,1.0,10
2025-02-12,2025-02-13,2025-02-11,2025-01-16;2025-01-23;2025-01-30;2025-02-06,2025-02-05;2025-02-06;2025-02-07;2025-02-08;2025-02-09;2025-02-10;2025-02-11,2025-02-11,2,10009.430584957698,48152.22327318374,-0.4211205160046231,0.7992968171674875,1.0,10
2025-02-12,2025-02-13,2025-02-11,2025-01-16;2025-01-23;2025-01-30;2025-02-06,2025-02-05;2025-02-06;2025-02-07;2025-02-08;2025-02-09;2025-02-10;2025-02-11,2025-02-11,2,10331.618547133528,48016.54331230179,-0.4211205160046231,0.7992968171674875,1.0,10
2025-02-12,2025-02-13,2025-02-11,2025-01-16;2025-01-23;2025-01-30;2025-02-06,2025-02-05;2025-02-06;2025-02-07;2025-02-08;2025-02-09;2025-02-10;2025-02-11,2025-02-11,2,10800.0,47819.29827318367,-0.4030006650118583,0.7992968171674875,1.0,10
2025-02-13,2025-02-14,2025-02-12,2025-01-17;2025-01-24;2025-01-31;2025-02-07,2025-02-06;2025-02-07;2025-02-08;2025-02-09;2025-02-10;2025-02-11;2025-02-12,2025-02-12,2,1200.0,18912.849902330847,-0.45336520721280665,0.5950114715215022,1.0,12
2025-02-13,2025-02-14,2025-02-12,2025-01-17;2025-01-24;2025-01-31;2025-02-07,2025-02-06;2025-02-07;2025-02-08;2025-02-09;2025-02-10;2025-02-11;2025-02-12,2025-02-12,2,2567.646357865268,18294.025018708016,-0.45167865912738353,0.5950114715215022,1.0,12
2025-02-13,2025-02-14,2025-02-12,2025-01-17;2025-01-24;2025-01-31;2025-02-07,2025-02-06;2025-02-07;2025-02-08;2025-02-09;2025-02-10;2025-02-11;2025-02-12,2025-02-12,2,4301.641589628298,17511.974115587254,-0.45030833880797727,0.5950114715215022,1.0,12
2025-02-13,2025-02-14,2025-02-12,2025-01-17;2025-01-24;2025-01-31;2025-02-07,2025-02-06;2025-02-07;2025-02-08;2025-02-09;2025-02-10;2025-02-11;2025-02-12,2025-02-12,2,6164.080912632963,16673.62623198844,-0.4499921110419604,0.5950114715215022,1.0,12
2025-02-13,2025-02-14,2025-02-12,2025-01-17;2025-01-24;2025-01-31;2025-02-07,2025-02-06;2025-02-07;2025-02-08;2025-02-09;2025-02-10;2025-02-11;2025-02-12,2025-02-12,2,7240.144656788967,16191.804211937146,-0.44746228891382567,0.5950114715215022,1.0,12
2025-02-13,2025-02-14,2025-02-12,2025-01-17;2025-01-24;2025-01-31;2025-02-07,2025-02-06;2025-02-07;2025-02-08;2025-02-09;2025-02-10;2025-02-11;2025-02-12,2025-02-12,2,7774.50009141997,15952.700306063614,-0.4335482672090848,0.5950114715215022,1.0,12
2025-02-13,2025-02-14,2025-02-12,2025-01-17;2025-01-24;2025-01-31;2025-02-07,2025-02-06;2025-02-07;2025-02-08;2025-02-09;2025-02-10;2025-02-11;2025-02-12,2025-02-12,2,7898.632739065869,15898.882811772659,-0.4335482672090848,0.5950114715215022,1.0,12
2025-02-13,2025-02-14,2025-02-12,2025-01-17;2025-01-24;2025-01-31;2025-02-07,2025-02-06;2025-02-07;2025-02-08;2025-02-09;2025-02-10;2025-02-11;2025-02-12,2025-02-12,2,8037.610766964586,15838.629128597033,-0.4211205160046231,0.5950114715215022,1.0,12
2025-02-13,2025-02-14,2025-02-12,2025-01-17;2025-01-24;2025-01-31;2025-02-07,2025-02-06;2025-02-07;2025-02-08;2025-02-09;2025-02-10;2025-02-11;2025-02-12,2025-02-12,2,8376.676927726006,15695.841412017477,-0.4211205160046231,0.5950114715215022,1.0,12
2025-02-13,2025-02-14,2025-02-12,2025-01-17;2025-01-24;2025-01-31;2025-02-07,2025-02-06;2025-02-07;2025-02-08;2025-02-09;2025-02-10;2025-02-11;2025-02-12,2025-02-12,2,9135.651825018722,15376.983597395927,-0.41950775439793714,0.5950114715215022,1.0,12
2025-02-13,2025-02-14,2025-02-12,2025-01-17;2025-01-24;2025-01-31;2025-02-07,2025-02-06;2025-02-07;2025-02-08;2025-02-09;2025-02-10;2025-02-11;2025-02-12,2025-02-12,2,10399.16221963782,14849.645249833942,-0.4167565728335907,0.5950114715215022,1.0,12
2025-02-13,2025-02-14,2025-02-12,2025-01-17;2025-01-24;2025-01-31;2025-02-07,2025-02-06;2025-02-07;2025-02-08;2025-02-09;2025-02-10;2025-02-11;2025-02-12,2025-02-12,2,10800.0,14682.593470227977,-0.4030006650118583,0.5950114715215022,1.0,12
2025-02-14,2025-02-15,2025-02-13,2025-01-18;2025-01-25;2025-02-01;2025-02-08,2025-02-07;2025-02-08;2025-02-09;2025-02-10;2025-02-11;2025-02-12;2025-02-13,2025-02-13,2,1200.0,18393.833866975066,-0.4525219331700951,0.854751938220943,1.0,10
2025-02-14,2025-02-15,2025-02-13,2025-01-18;2025-01-25;2025-02-01;2025-02-08,2025-02-07;2025-02-08;2025-02-09;2025-02-10;2025-02-11;2025-02-12;2025-02-13,2025-02-13,2,2621.9179846303578,17751.10448873051,-0.45104620359534986,0.854751938220943,1.0,10
2025-02-14,2025-02-15,2025-02-13,2025-01-18;2025-01-25;2025-02-01;2025-02-08,2025-02-07;2025-02-08;2025-02-09;2025-02-10;2025-02-11;2025-02-12;2025-02-13,2025-02-13,2,4331.823802771284,16980.580183174665,-0.45020292955263824,0.854751938220943,1.0,10
2025-02-14,2025-02-15,2025-02-13,2025-01-18;2025-01-25;2025-02-01;2025-02-08,2025-02-07;2025-02-08;2025-02-09;2025-02-10;2025-02-11;2025-02-12;2025-02-13,2025-02-13,2,5778.667187352103,16329.44743744791,-0.44777851667984253,0.854751938220943,1.0,10
2025-02-14,2025-02-15,2025-02-13,2025-01-18;2025-01-25;2025-02-01;2025-02-08,2025-02-07;2025-02-08;2025-02-09;2025-02-10;2025-02-11;2025-02-12;2025-02-13,2025-02-13,2,6899.720904188299,15827.577790701649,-0.44746228891382567,0.854751938220943,1.0,10
2025-02-14,2025-02-15,2025-02-13,2025-01-18;2025-01-25;2025-02-01;2025-02-08,2025-02-07;2025-02-08;2025-02-09;2025-02-10;2025-02-11;2025-02-12;2025-02-13,2025-02-13,2,7364.498660100881,15620.531846270642,-0.4211205160046231,0.854751938220943,1.0,10
2025-02-14,2025-02-15,2025-02-13,2025-01-18;2025-01-25;2025-02-01;2025-02-08,2025-02-07;2025-02-08;2025-02-09;2025-02-10;2025-02-11;2025-02-12;2025-02-13,2025-02-13,2,8072.791089678171,15322.473105615747,-0.41950775439793714,0.854751938220943,1.0,10
2025-02-14,2025-02-15,2025-02-13,2025-01-18;2025-01-25;2025-02-01;2025-02-08,2025-02-07;2025-02-08;2025-02-09;2025-02-10;2025-02-11;2025-02-12;2025-02-13,2025-02-13,2,8834.203246651923,15003.756736371844,-0.4175155194720311,0.854751938220943,1.0,10
2025-02-14,2025-02-15,2025-02-13,2025-01-18;2025-01-25;2025-02-01;2025-02-08,2025-02-07;2025-02-08;2025-02-09;2025-02-10;2025-02-11;2025-02-12;2025-02-13,2025-02-13,2,10418.931460657932,14343.210264205989,-0.4163770995143705,0.854751938220943,1.0,10
2025-02-14,2025-02-15,2025-02-13,2025-01-18;2025-01-25;2025-02-01;2025-02-08,2025-02-07;2025-02-08;2025-02-09;2025-02-10;2025-02-11;2025-02-12;2025-02-13,2025-02-13,2,10800.0,14184.678152313732,-0.4030006650118583,0.854751938220943,1.0,10
2025-02-15,2025-02-16,2025-02-14,2025-01-19;2025-01-26;2025-02-02;2025-02-09,2025-02-08;2025-02-09;2025-02-10;2025-02-11;2025-02-12;2025-02-13;2025-02-14,2025-02-14,2,1200.0,49576.71888014587,-0.4544192997661961,0.7992968171747634,1.0,10
2025-02-15,2025-02-16,2025-02-14,2025-01-19;2025-01-26;2025-02-02;2025-02-09,2025-02-08;2025-02-09;2025-02-10;2025-02-11;2025-02-12;2025-02-13;2025-02-14,2025-02-14,2,2850.3853265227904,48827.46026905631,-0.4534706164681456,0.7992968171747634,1.0,10
2025-02-15,2025-02-16,2025-02-14,2025-01-19;2025-01-26;2025-02-02;2025-02-09,2025-02-08;2025-02-09;2025-02-10;2025-02-11;2025-02-12;2025-02-13;2025-02-14,2025-02-14,2,3709.580558841014,48437.947248223805,-0.4525219331700951,0.7992968171747634,1.0,10
2025-02-15,2025-02-16,2025-02-14,2025-01-19;2025-01-26;2025-02-02;2025-02-09,2025-02-08;2025-02-09;2025-02-10;2025-02-11;2025-02-12;2025-02-13;2025-02-14,2025-02-14,2,5876.908642692508,47458.751935723674,-0.45104620359534986,0.7992968171747634,1.0,10
2025-02-15,2025-02-16,2025-02-14,2025-01-19;2025-01-26;2025-02-02;2025-02-09,2025-02-08;2025-02-09;2025-02-10;2025-02-11;2025-02-12;2025-02-13;2025-02-14,2025-02-14,2,7916.746839258588,46540.234778860824,-0.4499921110419604,0.7992968171747634,1.0,10
2025-02-15,2025-02-16,2025-02-14,2025-01-19;2025-01-26;2025-02-02;2025-02-09,2025-02-08;2025-02-09;2025-02-10;2025-02-11;2025-02-12;2025-02-13;2025-02-14,2025-02-14,2,8527.112931755786,46265.79360238958,-0.44777851667984253,0.7992968171747634,1.0,10
2025-02-15,2025-02-16,2025-02-14,2025-01-19;2025-01-26;2025-02-02;2025-02-09,2025-02-08;2025-02-09;2025-02-10;2025-02-11;2025-02-12;2025-02-13;2025-02-14,2025-02-14,2,9728.86542510048,45727.835931009664,-0.44746228891382567,0.7992968171747634,1.0,10
2025-02-15,2025-02-16,2025-02-14,2025-01-19;2025-01-26;2025-02-02;2025-02-09,2025-02-08;2025-02-09;2025-02-10;2025-02-11;2025-02-12;2025-02-13;2025-02-14,2025-02-14,2,10009.430584957972,45602.29360239036,-0.4211205160046231,0.7992968171747634,1.0,10
2025-02-15,2025-02-16,2025-02-14,2025-01-19;2025-01-26;2025-02-02;2025-02-09,2025-02-08;2025-02-09;2025-02-10;2025-02-11;2025-02-12;2025-02-13;2025-02-14,2025-02-14,2,10331.589814950945,45466.625741220065,-0.4211205160046231,0.7992968171747634,1.0,10
2025-02-15,2025-02-16,2025-02-14,2025-01-19;2025-01-26;2025-02-02;2025-02-09,2025-02-08;2025-02-09;2025-02-10;2025-02-11;2025-02-12;2025-02-13;2025-02-14,2025-02-14,2,10800.0,45269.36987986989,-0.4030006650118583,0.7992968171747634,1.0,10
2025-02-16,2025-02-17,2025-02-15,2025-01-20;2025-01-27;2025-02-03;2025-02-10,2025-02-09;2025-02-10;2025-02-11;2025-02-12;2025-02-13;2025-02-14;2025-02-15,2025-02-15,2,1200.0,49322.48529079057,-0.4544192997661961,0.7992968171747634,1.0,10
2025-02-16,2025-02-17,2025-02-15,2025-01-20;2025-01-27;2025-02-03;2025-02-10,2025-02-09;2025-02-10;2025-02-11;2025-02-12;2025-02-13;2025-02-14;2025-02-15,2025-02-15,2,2850.3853265227904,48573.226679701016,-0.4534706164681456,0.7992968171747634,1.0,10
2025-02-16,2025-02-17,2025-02-15,2025-01-20;2025-01-27;2025-02-03;2025-02-10,2025-02-09;2025-02-10;2025-02-11;2025-02-12;2025-02-13;2025-02-14;2025-02-15,2025-02-15,2,3709.580558841014,48183.71365886851,-0.4525219331700951,0.7992968171747634,1.0,10
2025-02-16,2025-02-17,2025-02-15,2025-01-20;2025-01-27;2025-02-03;2025-02-10,2025-02-09;2025-02-10;2025-02-11;2025-02-12;2025-02-13;2025-02-14;2025-02-15,2025-02-15,2,5876.908642693554,47204.518346367906,-0.45104620359534986,0.7992968171747634,1.0,10
2025-02-16,2025-02-17,2025-02-15,2025-01-20;2025-01-27;2025-02-03;2025-02-10,2025-02-09;2025-02-10;2025-02-11;2025-02-12;2025-02-13;2025-02-14;2025-02-15,2025-02-15,2,7916.746839260618,46286.001189504605,-0.4499921110419604,0.7992968171747634,1.0,10
2025-02-16,2025-02-17,2025-02-15,2025-01-20;2025-01-27;2025-02-03;2025-02-10,2025-02-09;2025-02-10;2025-02-11;2025-02-12;2025-02-13;2025-02-14;2025-02-15,2025-02-15,2,8527.112931755786,46011.56001303428,-0.44777851667984253,0.7992968171747634,1.0,10
2025-02-16,2025-02-17,2025-02-15,2025-01-20;2025-01-27;2025-02-03;2025-02-10,2025-02-09;2025-02-10;2025-02-11;2025-02-12;2025-02-13;2025-02-14;2025-02-15,2025-02-15,2,9728.642768615024,45473.701972034985,-0.44746228891382567,0.7992968171747634,1.0,10
2025-02-16,2025-02-17,2025-02-15,2025-01-20;2025-01-27;2025-02-03;2025-02-10,2025-02-09;2025-02-10;2025-02-11;2025-02-12;2025-02-13;2025-02-14;2025-02-15,2025-02-15,2,10009.430584957698,45348.060013035174,-0.4211205160046231,0.7992968171747634,1.0,10
2025-02-16,2025-02-17,2025-02-15,2025-01-20;2025-01-27;2025-02-03;2025-02-10,2025-02-09;2025-02-10;2025-02-11;2025-02-12;2025-02-13;2025-02-14;2025-02-15,2025-02-15,2,10331.332318901455,45212.500588733994,-0.4211205160046231,0.7992968171747634,1.0,10
2025-02-16,2025-02-17,2025-02-15,2025-01-20;2025-01-27;2025-02-03;2025-02-10,2025-02-09;2025-02-10;2025-02-11;2025-02-12;2025-02-13;2025-02-14;2025-02-15,2025-02-15,2,10800.0,45015.147739207096,-0.4030006650118583,0.7992968171747634,1.0,10
2025-02-17,2025-02-18,2025-02-16,2025-01-21;2025-01-28;2025-02-04;2025-02-11,2025-02-10;2025-02-11;2025-02-12;2025-02-13;2025-02-14;2025-02-15;2025-02-16,2025-02-16,2,1200.0,48717.997298263224,-0.4544192997661961,0.7992968171674875,1.0,10
2025-02-17,2025-02-18,2025-02-16,2025-01-21;2025-01-28;2025-02-04;2025-02-11,2025-02-10;2025-02-11;2025-02-12;2025-02-13;2025-02-14;2025-02-15;2025-02-16,2025-02-16,2,2850.385326518956,47968.7386871754,-0.4534706164681456,0.7992968171674875,1.0,10
2025-02-17,2025-02-18,2025-02-16,2025-01-21;2025-01-28;2025-02-04;2025-02-11,2025-02-10;2025-02-11;2025-02-12;2025-02-13;2025-02-14;2025-02-15;2025-02-16,2025-02-16,2,3709.580558841014,47579.22566634117,-0.4525219331700951,0.7992968171674875,1.0,10
2025-02-17,2025-02-18,2025-02-16,2025-01-21;2025-01-28;2025-02-04;2025-02-11,2025-02-10;2025-02-11;2025-02-12;2025-02-13;2025-02-14;2025-02-15;2025-02-16,2025-02-16,2,5876.908642692508,46600.03035384103,-0.45104620359534986,0.7992968171674875,1.0,10
2025-02-17,2025-02-18,2025-02-16,2025-01-21;2025-01-28;2025-02-04;2025-02-11,2025-02-10;2025-02-11;2025-02-12;2025-02-13;2025-02-14;2025-02-15;2025-02-16,2025-02-16,2,7916.746839258588,45681.51319697818,-0.4499921110419604,0.7992968171674875,1.0,10
2025-02-17,2025-02-18,2025-02-16,2025-01-21;2025-01-28;2025-02-04;2025-02-11,2025-02-10;2025-02-11;2025-02-12;2025-02-13;2025-02-14;2025-02-15;2025-02-16,2025-02-16,2,8527.112931755786,45407.07202050694,-0.44777851667984253,0.7992968171674875,1.0,10
2025-02-17,2025-02-18,2025-02-16,2025-01-21;2025-01-28;2025-02-04;2025-02-11,2025-02-10;2025-02-11;2025-02-12;2025-02-13;2025-02-14;2025-02-15;2025-02-16,2025-02-16,2,9728.890269779884,44869.1032320699,-0.44746228891382567,0.7992968171674875,1.0,10
2025-02-17,2025-02-18,2025-02-16,2025-01-21;2025-01-28;2025-02-04;2025-02-11,2025-02-10;2025-02-11;2025-02-12;2025-02-13;2025-02-14;2025-02-15;2025-02-16,2025-02-16,2,10009.430584957698,44743.572020507825,-0.4211205160046231,0.7992968171674875,1.0,10
2025-02-17,2025-02-18,2025-02-16,2025-01-21;2025-01-28;2025-02-04;2025-02-11,2025-02-10;2025-02-11;2025-02-12;2025-02-13;2025-02-14;2025-02-15;2025-02-16,2025-02-16,2,10331.618547133528,44607.89205962587,-0.4211205160046231,0.7992968171674875,1.0,10
2025-02-17,2025-02-18,2025-02-16,2025-01-21;2025-01-28;2025-02-04;2025-02-11,2025-02-10;2025-02-11;2025-02-12;2025-02-13;2025-02-14;2025-02-15;2025-02-16,2025-02-16,2,10800.0,44410.64702050775,-0.4030006650118583,0.7992968171674875,1.0,10
2025-02-18,2025-02-19,2025-02-17,2025-01-22;2025-01-29;2025-02-05;2025-02-12,2025-02-11;2025-02-12;2025-02-13;2025-02-14;2025-02-15;2025-02-16;2025-02-17,2025-02-17,2,1200.0,48470.836284623205,-0.4544192997661961,0.7992968171747634,1.0,10
2025-02-18,2025-02-19,2025-02-17,2025-01-22;2025-01-29;2025-02-05;2025-02-12,2025-02-11;2025-02-12;2025-02-13;2025-02-14;2025-02-15;2025-02-16;2025-02-17,2025-02-17,2,2850.3853265227904,47721.57767353365,-0.4534706164681456,0.7992968171747634,1.0,10
2025-02-18,2025-02-19,2025-02-17,2025-01-22;2025-01-29;2025-02-05;2025-02-12,2025-02-11;2025-02-12;2025-02-13;2025-02-14;2025-02-15;2025-02-16;2025-02-17,2025-02-17,2,3709.580558841014,47332.06465270114,-0.4525219331700951,0.7992968171747634,1.0,10
2025-02-18,2025-02-19,2025-02-17,2025-01-22;2025-01-29;2025-02-05;2025-02-12,2025-02-11;2025-02-12;2025-02-13;2025-02-14;2025-02-15;2025-02-16;2025-02-17,2025-02-17,2,5876.908642692508,46352.86934020101,-0.45104620359534986,0.7992968171747634,1.0,10
2025-02-18,2025-02-19,2025-02-17,2025-01-22;2025-01-29;2025-02-05;2025-02-12,2025-02-11;2025-02-12;2025-02-13;2025-02-14;2025-02-15;2025-02-16;2025-02-17,2025-02-17,2,7916.746839258588,45434.35218333815,-0.4499921110419604,0.7992968171747634,1.0,10
2025-02-18,2025-02-19,2025-02-17,2025-01-22;2025-01-29;2025-02-05;2025-02-12,2025-02-11;2025-02-12;2025-02-13;2025-02-14;2025-02-15;2025-02-16;2025-02-17,2025-02-17,2,8527.11293175291,45159.911006868206,-0.44777851667984253,0.7992968171747634,1.0,10
2025-02-18,2025-02-19,2025-02-17,2025-01-22;2025-01-29;2025-02-05;2025-02-12,2025-02-11;2025-02-12;2025-02-13;2025-02-14;2025-02-15;2025-02-16;2025-02-17,2025-02-17,2,9728.890269780026,44621.942218429824,-0.44746228891382567,0.7992968171747634,1.0,10
2025-02-18,2025-02-19,2025-02-17,2025-01-22;2025-01-29;2025-02-05;2025-02-12,2025-02-11;2025-02-12;2025-02-13;2025-02-14;2025-02-15;2025-02-16;2025-02-17,2025-02-17,2,10009.430584957698,44496.41100686781,-0.4211205160046231,0.7992968171747634,1.0,10
2025-02-18,2025-02-19,2025-02-17,2025-01-22;2025-01-29;2025-02-05;2025-02-12,2025-02-11;2025-02-12;2025-02-13;2025-02-14;2025-02-15;2025-02-16;2025-02-17,2025-02-17,2,10331.618547133692,44360.73104598578,-0.4211205160046231,0.7992968171747634,1.0,10
2025-02-18,2025-02-19,2025-02-17,2025-01-22;2025-01-29;2025-02-05;2025-02-12,2025-02-11;2025-02-12;2025-02-13;2025-02-14;2025-02-15;2025-02-16;2025-02-17,2025-02-17,2,10800.0,44163.48600686772,-0.4030006650118583,0.7992968171747634,1.0,10
2025-02-19,2025-02-20,2025-02-18,2025-01-23;2025-01-30;2025-02-06;2025-02-13,2025-02-12;2025-02-13;2025-02-14;2025-02-15;2025-02-16;2025-02-17;2025-02-18,2025-02-18,2,1200.0,48230.51085636356,-0.4544192997661961,0.7992968171674875,1.0,10
2025-02-19,2025-02-20,2025-02-18,2025-01-23;2025-01-30;2025-02-06;2025-02-13,2025-02-12;2025-02-13;2025-02-14;2025-02-15;2025-02-16;2025-02-17;2025-02-18,2025-02-18,2,2850.385326515121,47481.25224527749,-0.4534706164681456,0.7992968171674875,1.0,10
2025-02-19,2025-02-20,2025-02-18,2025-01-23;2025-01-30;2025-02-06;2025-02-13,2025-02-12;2025-02-13;2025-02-14;2025-02-15;2025-02-16;2025-02-17;2025-02-18,2025-02-18,2,3709.580558838857,47091.739224442485,-0.4525219331700951,0.7992968171674875,1.0,10
2025-02-19,2025-02-20,2025-02-18,2025-01-23;2025-01-30;2025-02-06;2025-02-13,2025-02-12;2025-02-13;2025-02-14;2025-02-15;2025-02-16;2025-02-17;2025-02-18,2025-02-18,2,5876.908642691462,46112.543911941844,-0.45104620359534986,0.7992968171674875,1.0,10
2025-02-19,2025-02-20,2025-02-18,2025-01-23;2025-01-30;2025-02-06;2025-02-13,2025-02-12;2025-02-13;2025-02-14;2025-02-15;2025-02-16;2025-02-17;2025-02-18,2025-02-18,2,7916.746839258588,45194.026755078514,-0.4499921110419604,0.7992968171674875,1.0,10
2025-02-19,2025-02-20,2025-02-18,2025-01-23;2025-01-30;2025-02-06;2025-02-13,2025-02-12;2025-02-13;2025-02-14;2025-02-15;2025-02-16;2025-02-17;2025-02-18,2025-02-18,2,8527.11293175291,44919.58557860856,-0.44777851667984253,0.7992968171674875,1.0,10
2025-02-19,2025-02-20,2025-02-18,2025-01-23;2025-01-30;2025-02-06;2025-02-13,2025-02-12;2025-02-13;2025-02-14;2025-02-15;2025-02-16;2025-02-17;2025-02-18,2025-02-18,2,9728.890269779884,44381.61679017024,-0.44746228891382567,0.7992968171674875,1.0,10
2025-02-19,2025-02-20,2025-02-18,2025-01-23;2025-01-30;2025-02-06;2025-02-13,2025-02-12;2025-02-13;2025-02-14;2025-02-15;2025-02-16;2025-02-17;2025-02-18,2025-02-18,2,10009.430584957972,44256.08557860806,-0.4211205160046231,0.7992968171674875,1.0,10
2025-02-19,2025-02-20,2025-02-18,2025-01-23;2025-01-30;2025-02-06;2025-02-13,2025-02-12;2025-02-13;2025-02-14;2025-02-15;2025-02-16;2025-02-17;2025-02-18,2025-02-18,2,10331.618547133692,44120.40561772614,-0.4211205160046231,0.7992968171674875,1.0,10
2025-02-19,2025-02-20,2025-02-18,2025-01-23;2025-01-30;2025-02-06;2025-02-13,2025-02-12;2025-02-13;2025-02-14;2025-02-15;2025-02-16;2025-02-17;2025-02-18,2025-02-18,2,10800.0,43923.16057860808,-0.4030006650118583,0.7992968171674875,1.0,10
2025-02-20,2025-02-21,2025-02-19,2025-01-24;2025-01-31;2025-02-07;2025-02-14,2025-02-13;2025-02-14;2025-02-15;2025-02-16;2025-02-17;2025-02-18;2025-02-19,2025-02-19,2,1200.0,17654.373163983182,-0.4525219331700951,0.8475001119895751,1.0,10
2025-02-20,2025-02-21,2025-02-19,2025-01-24;2025-01-31;2025-02-07;2025-02-14,2025-02-13;2025-02-14;2025-02-15;2025-02-16;2025-02-17;2025-02-18;2025-02-19,2025-02-19,2,2089.0945924450593,17252.758057208564,-0.45104620359534986,0.8475001119895751,1.0,10
2025-02-20,2025-02-21,2025-02-19,2025-01-24;2025-01-31;2025-02-07;2025-02-14,2025-02-13;2025-02-14;2025-02-15;2025-02-16;2025-02-17;2025-02-18;2025-02-19,2025-02-19,2,3799.0004105867633,16482.23375165237,-0.45020292955263824,0.8475001119895751,1.0,10
2025-02-20,2025-02-21,2025-02-19,2025-01-24;2025-01-31;2025-02-07;2025-02-14,2025-02-13;2025-02-14;2025-02-15;2025-02-16;2025-02-17;2025-02-18;2025-02-19,2025-02-19,2,5245.84379516824,15831.101005925319,-0.44777851667984253,0.8475001119895751,1.0,10
2025-02-20,2025-02-21,2025-02-19,2025-01-24;2025-01-31;2025-02-07;2025-02-14,2025-02-13;2025-02-14;2025-02-15;2025-02-16;2025-02-17;2025-02-18;2025-02-19,2025-02-19,2,6366.623436290815,15329.353997725211,-0.44746228891382567,0.8475001119895751,1.0,10
2025-02-20,2025-02-21,2025-02-19,2025-01-24;2025-01-31;2025-02-07;2025-02-14,2025-02-13;2025-02-14;2025-02-15;2025-02-16;2025-02-17;2025-02-18;2025-02-19,2025-02-19,2,6831.351585739513,15122.321723953684,-0.4211205160046231,0.8475001119895751,1.0,10
2025-02-20,2025-02-21,2025-02-19,2025-01-24;2025-01-31;2025-02-07;2025-02-14,2025-02-13;2025-02-14;2025-02-15;2025-02-16;2025-02-17;2025-02-18;2025-02-19,2025-02-19,2,7670.475511688288,14769.38668241386,-0.41950775439793714,0.8475001119895751,1.0,10
2025-02-20,2025-02-21,2025-02-19,2025-01-24;2025-01-31;2025-02-07;2025-02-14,2025-02-13;2025-02-14;2025-02-15;2025-02-16;2025-02-17;2025-02-18;2025-02-19,2025-02-19,2,8753.421676406966,14316.868895678264,-0.4169463094932008,0.8475001119895751,1.0,10
2025-02-20,2025-02-21,2025-02-19,2025-01-24;2025-01-31;2025-02-07;2025-02-14,2025-02-13;2025-02-14;2025-02-15;2025-02-16;2025-02-17;2025-02-18;2025-02-19,2025-02-19,2,10278.17966248325,13681.799224693506,-0.41533354788651494,0.8475001119895751,1.0,10
2025-02-20,2025-02-21,2025-02-19,2025-01-24;2025-01-31;2025-02-07;2025-02-14,2025-02-13;2025-02-14;2025-02-15;2025-02-16;2025-02-17;2025-02-18;2025-02-19,2025-02-19,2,10800.0,13465.140626943723,-0.4030006650118583,0.8475001119895751,1.0,10
2025-02-21,2025-02-22,2025-02-20,2025-01-25;2025-02-01;2025-02-08;2025-02-15,2025-02-14;2025-02-15;2025-02-16;2025-02-17;2025-02-18;2025-02-19;2025-02-20,2025-02-20,2,1200.0,17315.885062278016,-0.45167865912738353,0.9842105361130962,1.0,9
2025-02-21,2025-02-22,2025-02-20,2025-01-25;2025-02-01;2025-02-08;2025-02-15,2025-02-14;2025-02-15;2025-02-16;2025-02-17;2025-02-18;2025-02-19;2025-02-20,2025-02-20,2,4024.4570815488737,16042.713074921176,-0.45020292955263824,0.9842105361130962,1.0,9
2025-02-21,2025-02-22,2025-02-20,2025-01-25;2025-02-01;2025-02-08;2025-02-15,2025-02-14;2025-02-15;2025-02-16;2025-02-17;2025-02-18;2025-02-19;2025-02-20,2025-02-20,2,4964.018424809837,15619.960190306063,-0.44777851667984253,0.9842105361130962,1.0,9
2025-02-21,2025-02-22,2025-02-20,2025-01-25;2025-02-01;2025-02-08;2025-02-15,2025-02-14;2025-02-15;2025-02-16;2025-02-17;2025-02-18;2025-02-19;2025-02-20,2025-02-20,2,6218.091430641367,15058.56942803626,-0.44746228891382567,0.9842105361130962,1.0,9
2025-02-21,2025-02-22,2025-02-20,2025-01-25;2025-02-01;2025-02-08;2025-02-15,2025-02-14;2025-02-15;2025-02-16;2025-02-17;2025-02-18;2025-02-19;2025-02-20,2025-02-20,2,6548.956340006752,14911.420894546121,-0.4211205160046231,0.9842105361130962,1.0,9
2025-02-21,2025-02-22,2025-02-20,2025-01-25;2025-02-01;2025-02-08;2025-02-15,2025-02-14;2025-02-15;2025-02-16;2025-02-17;2025-02-18;2025-02-19;2025-02-20,2025-02-20,2,7563.626171399458,14484.85799594747,-0.41950775439793714,0.9842105361130962,1.0,9
2025-02-21,2025-02-22,2025-02-20,2025-01-25;2025-02-01;2025-02-08;2025-02-15,2025-02-14;2025-02-15;2025-02-16;2025-02-17;2025-02-18;2025-02-19;2025-02-20,2025-02-20,2,8423.811184383574,14125.742269467974,-0.4169463094932008,0.9842105361130962,1.0,9
2025-02-21,2025-02-22,2025-02-20,2025-01-25;2025-02-01;2025-02-08;2025-02-15,2025-02-14;2025-02-15;2025-02-16;2025-02-17;2025-02-18;2025-02-19;2025-02-20,2025-02-20,2,10185.95824598038,13392.124921792947,-0.41533354788651494,0.9842105361130962,1.0,9
2025-02-21,2025-02-22,2025-02-20,2025-01-25;2025-02-01;2025-02-08;2025-02-15,2025-02-14;2025-02-15;2025-02-16;2025-02-17;2025-02-18;2025-02-19;2025-02-20,2025-02-20,2,10800.0,13137.310120839391,-0.4030006650118583,0.9842105361130962,1.0,9
2025-02-22,2025-02-23,2025-02-21,2025-01-26;2025-02-02;2025-02-09;2025-02-16,2025-02-15;2025-02-16;2025-02-17;2025-02-18;2025-02-19;2025-02-20;2025-02-21,2025-02-21,2,1200.0,45827.560910160595,-0.4544192997661961,0.7992968171747634,1.0,10
2025-02-22,2025-02-23,2025-02-21,2025-01-26;2025-02-02;2025-02-09;2025-02-16,2025-02-15;2025-02-16;2025-02-17;2025-02-18;2025-02-19;2025-02-20;2025-02-21,2025-02-21,2,2850.3853265227904,45078.30229907103,-0.4534706164681456,0.7992968171747634,1.0,10
2025-02-22,2025-02-23,2025-02-21,2025-01-26;2025-02-02;2025-02-09;2025-02-16,2025-02-15;2025-02-16;2025-02-17;2025-02-18;2025-02-19;2025-02-20;2025-02-21,2025-02-21,2,3709.580558841014,44688.78927823853,-0.4525219331700951,0.7992968171747634,1.0,10
2025-02-22,2025-02-23,2025-02-21,2025-01-26;2025-02-02;2025-02-09;2025-02-16,2025-02-15;2025-02-16;2025-02-17;2025-02-18;2025-02-19;2025-02-20;2025-02-21,2025-02-21,2,5876.908642692508,43709.5939657384,-0.45104620359534986,0.7992968171747634,1.0,10
2025-02-22,2025-02-23,2025-02-21,2025-01-26;2025-02-02;2025-02-09;2025-02-16,2025-02-15;2025-02-16;2025-02-17;2025-02-18;2025-02-19;2025-02-20;2025-02-21,2025-02-21,2,7916.746839258588,42791.07680887554,-0.4499921110419604,0.7992968171747634,1.0,10
2025-02-22,2025-02-23,2025-02-21,2025-01-26;2025-02-02;2025-02-09;2025-02-16,2025-02-15;2025-02-16;2025-02-17;2025-02-18;2025-02-19;2025-02-20;2025-02-21,2025-02-21,2,8527.11293175291,42516.63563240559,-0.44777851667984253,0.7992968171747634,1.0,10
2025-02-22,2025-02-23,2025-02-21,2025-01-26;2025-02-02;2025-02-09;2025-02-16,2025-02-15;2025-02-16;2025-02-17;2025-02-18;2025-02-19;2025-02-20;2025-02-21,2025-02-21,2,9727.066075666793,41979.48310204054,-0.44746228891382567,0.7992968171747634,1.0,10
2025-02-22,2025-02-23,2025-02-21,2025-01-26;2025-02-02;2025-02-09;2025-02-16,2025-02-15;2025-02-16;2025-02-17;2025-02-18;2025-02-19;2025-02-20;2025-02-21,2025-02-21,2,10009.430584957972,41853.13563240508,-0.4211205160046231,0.7992968171747634,1.0,10
2025-02-22,2025-02-23,2025-02-21,2025-01-26;2025-02-02;2025-02-09;2025-02-16,2025-02-15;2025-02-16;2025-02-17;2025-02-18;2025-02-19;2025-02-20;2025-02-21,2025-02-21,2,10329.508917241716,41718.34407995185,-0.4211205160046231,0.7992968171747634,1.0,10
2025-02-22,2025-02-23,2025-02-21,2025-01-26;2025-02-02;2025-02-09;2025-02-16,2025-02-15;2025-02-16;2025-02-17;2025-02-18;2025-02-19;2025-02-20;2025-02-21,2025-02-21,2,10800.0,41520.30442997594,-0.4030006650118583,0.7992968171747634,1.0,10
2025-02-23,2025-02-24,2025-02-22,2025-01-27;2025-02-03;2025-02-10;2025-02-17,2025-02-16;2025-02-17;2025-02-18;2025-02-19;2025-02-20;2025-02-21;2025-02-22,2025-02-22,2,1200.0,46443.726836858375,-0.4544192997661961,0.7992968171674875,1.0,10
2025-02-23,2025-02-24,2025-02-22,2025-01-27;2025-02-03;2025-02-10;2025-02-17,2025-02-16;2025-02-17;2025-02-18;2025-02-19;2025-02-20;2025-02-21;2025-02-22,2025-02-22,2,2850.3853265227904,45694.46822576881,-0.4534706164681456,0.7992968171674875,1.0,10
2025-02-23,2025-02-24,2025-02-22,2025-01-27;2025-02-03;2025-02-10;2025-02-17,2025-02-16;2025-02-17;2025-02-18;2025-02-19;2025-02-20;2025-02-21;2025-02-22,2025-02-22,2,3709.580558843171,45304.95520493534,-0.4525219331700951,0.7992968171674875,1.0,10
2025-02-23,2025-02-24,2025-02-22,2025-01-27;2025-02-03;2025-02-10;2025-02-17,2025-02-16;2025-02-17;2025-02-18;2025-02-19;2025-02-20;2025-02-21;2025-02-22,2025-02-22,2,5876.908642693554,44325.7598924357,-0.45104620359534986,0.7992968171674875,1.0,10
2025-02-23,2025-02-24,2025-02-22,2025-01-27;2025-02-03;2025-02-10;2025-02-17,2025-02-16;2025-02-17;2025-02-18;2025-02-19;2025-02-20;2025-02-21;2025-02-22,2025-02-22,2,7916.746839258588,43407.24273557332,-0.4499921110419604,0.7992968171674875,1.0,10
2025-02-23,2025-02-24,2025-02-22,2025-01-27;2025-02-03;2025-02-10;2025-02-17,2025-02-16;2025-02-17;2025-02-18;2025-02-19;2025-02-20;2025-02-21;2025-02-22,2025-02-22,2,8527.112931755786,43132.80155910208,-0.44777851667984253,0.7992968171674875,1.0,10
2025-02-23,2025-02-24,2025-02-22,2025-01-27;2025-02-03;2025-02-10;2025-02-17,2025-02-16;2025-02-17;2025-02-18;2025-02-19;2025-02-20;2025-02-21;2025-02-22,2025-02-22,2,9728.050464585118,42595.20855181974,-0.44746228891382567,0.7992968171674875,1.0,10
2025-02-23,2025-02-24,2025-02-22,2025-01-27;2025-02-03;2025-02-10;2025-02-17,2025-02-16;2025-02-17;2025-02-18;2025-02-19;2025-02-20;2025-02-21;2025-02-22,2025-02-22,2,10009.430584957698,42469.301559102976,-0.4211205160046231,0.7992968171674875,1.0,10
2025-02-23,2025-02-24,2025-02-22,2025-01-27;2025-02-03;2025-02-10;2025-02-17,2025-02-16;2025-02-17;2025-02-18;2025-02-19;2025-02-20;2025-02-21;2025-02-22,2025-02-22,2,10330.647335720356,42334.03059527248,-0.4211205160046231,0.7992968171674875,1.0,10
2025-02-23,2025-02-24,2025-02-22,2025-01-27;2025-02-03;2025-02-10;2025-02-17,2025-02-16;2025-02-17;2025-02-18;2025-02-19;2025-02-20;2025-02-21;2025-02-22,2025-02-22,2,10800.0,42136.419740739475,-0.4030006650118583,0.7992968171674875,1.0,10
2025-02-24,2025-02-25,2025-02-23,2025-01-28;2025-02-04;2025-02-11;2025-02-18,2025-02-17;2025-02-18;2025-02-19;2025-02-20;2025-02-21;2025-02-22;2025-02-23,2025-02-23,2,1200.0,46092.68490461323,-0.4544192997661961,0.7992968171747634,1.0,10
2025-02-24,2025-02-25,2025-02-23,2025-01-28;2025-02-04;2025-02-11;2025-02-18,2025-02-17;2025-02-18;2025-02-19;2025-02-20;2025-02-21;2025-02-22;2025-02-23,2025-02-23,2,2850.385326518956,45343.42629352541,-0.4534706164681456,0.7992968171747634,1.0,10
2025-02-24,2025-02-25,2025-02-23,2025-01-28;2025-02-04;2025-02-11;2025-02-18,2025-02-17;2025-02-18;2025-02-19;2025-02-20;2025-02-21;2025-02-22;2025-02-23,2025-02-23,2,3709.580558838857,44953.913272692145,-0.4525219331700951,0.7992968171747634,1.0,10
2025-02-24,2025-02-25,2025-02-23,2025-01-28;2025-02-04;2025-02-11;2025-02-18,2025-02-17;2025-02-18;2025-02-19;2025-02-20;2025-02-21;2025-02-22;2025-02-23,2025-02-23,2,5876.908642691462,43974.71796019151,-0.45104620359534986,0.7992968171747634,1.0,10
2025-02-24,2025-02-25,2025-02-23,2025-01-28;2025-02-04;2025-02-11;2025-02-18,2025-02-17;2025-02-18;2025-02-19;2025-02-20;2025-02-21;2025-02-22;2025-02-23,2025-02-23,2,7916.746839258588,43056.200803328175,-0.4499921110419604,0.7992968171747634,1.0,10
2025-02-24,2025-02-25,2025-02-23,2025-01-28;2025-02-04;2025-02-11;2025-02-18,2025-02-17;2025-02-18;2025-02-19;2025-02-20;2025-02-21;2025-02-22;2025-02-23,2025-02-23,2,8527.112931750033,42781.75962685951,-0.44777851667984253,0.7992968171747634,1.0,10
2025-02-24,2025-02-25,2025-02-23,2025-01-28;2025-02-04;2025-02-11;2025-02-18,2025-02-17;2025-02-18;2025-02-19;2025-02-20;2025-02-21;2025-02-22;2025-02-23,2025-02-23,2,9728.377311239417,42244.020368022546,-0.44746228891382567,0.7992968171747634,1.0,10
2025-02-24,2025-02-25,2025-02-23,2025-01-28;2025-02-04;2025-02-11;2025-02-18,2025-02-17;2025-02-18;2025-02-19;2025-02-20;2025-02-21;2025-02-22;2025-02-23,2025-02-23,2,10009.430584957972,42118.25962685772,-0.4211205160046231,0.7992968171747634,1.0,10
2025-02-24,2025-02-25,2025-02-23,2025-01-28;2025-02-04;2025-02-11;2025-02-18,2025-02-17;2025-02-18;2025-02-19;2025-02-20;2025-02-21;2025-02-22;2025-02-23,2025-02-23,2,10331.025324810222,41982.829484066766,-0.4211205160046231,0.7992968171747634,1.0,10
2025-02-24,2025-02-25,2025-02-23,2025-01-28;2025-02-04;2025-02-11;2025-02-18,2025-02-17;2025-02-18;2025-02-19;2025-02-20;2025-02-21;2025-02-22;2025-02-23,2025-02-23,2,10800.0,41785.36100248559,-0.4030006650118583,0.7992968171747634,1.0,10
2025-02-25,2025-02-26,2025-02-24,2025-01-29;2025-02-05;2025-02-12;2025-02-19,2025-02-18;2025-02-19;2025-02-20;2025-02-21;2025-02-22;2025-02-23;2025-02-24,2025-02-24,2,1200.0,45775.59463040235,-0.4544192997661961,0.7992968171747634,1.0,10
2025-02-25,2025-02-26,2025-02-24,2025-01-29;2025-02-05;2025-02-12;2025-02-19,2025-02-18;2025-02-19;2025-02-20;2025-02-21;2025-02-22;2025-02-23;2025-02-24,2025-02-24,2,2850.3853265227904,45026.336019312796,-0.4534706164681456,0.7992968171747634,1.0,10
2025-02-25,2025-02-26,2025-02-24,2025-01-29;2025-02-05;2025-02-12;2025-02-19,2025-02-18;2025-02-19;2025-02-20;2025-02-21;2025-02-22;2025-02-23;2025-02-24,2025-02-24,2,3709.580558841014,44636.82299848029,-0.4525219331700951,0.7992968171747634,1.0,10
2025-02-25,2025-02-26,2025-02-24,2025-01-29;2025-02-05;2025-02-12;2025-02-19,2025-02-18;2025-02-19;2025-02-20;2025-02-21;2025-02-22;2025-02-23;2025-02-24,2025-02-24,2,5876.908642692508,43657.62768598016,-0.45104620359534986,0.7992968171747634,1.0,10
2025-02-25,2025-02-26,2025-02-24,2025-01-29;2025-02-05;2025-02-12;2025-02-19,2025-02-18;2025-02-19;2025-02-20;2025-02-21;2025-02-22;2025-02-23;2025-02-24,2025-02-24,2,7916.746839258588,42739.1105291173,-0.4499921110419604,0.7992968171747634,1.0,10
2025-02-25,2025-02-26,2025-02-24,2025-01-29;2025-02-05;2025-02-12;2025-02-19,2025-02-18;2025-02-19;2025-02-20;2025-02-21;2025-02-22;2025-02-23;2025-02-24,2025-02-24,2,8527.11293175291,42464.66935264735,-0.44777851667984253,0.7992968171747634,1.0,10
2025-02-25,2025-02-26,2025-02-24,2025-01-29;2025-02-05;2025-02-12;2025-02-19,2025-02-18;2025-02-19;2025-02-20;2025-02-21;2025-02-22;2025-02-23;2025-02-24,2025-02-24,2,9728.20327397551,41927.00796892413,-0.44746228891382567,0.7992968171747634,1.0,10
2025-02-25,2025-02-26,2025-02-24,2025-01-29;2025-02-05;2025-02-12;2025-02-19,2025-02-18;2025-02-19;2025-02-20;2025-02-21;2025-02-22;2025-02-23;2025-02-24,2025-02-24,2,10009.430584957698,41801.16935264695,-0.4211205160046231,0.7992968171747634,1.0,10
2025-02-25,2025-02-26,2025-02-24,2025-01-29;2025-02-05;2025-02-12;2025-02-19,2025-02-18;2025-02-19;2025-02-20;2025-02-21;2025-02-22;2025-02-23;2025-02-24,2025-02-24,2,10330.824055541842,41665.82396847405,-0.4211205160046231,0.7992968171747634,1.0,10
2025-02-25,2025-02-26,2025-02-24,2025-01-29;2025-02-05;2025-02-12;2025-02-19,2025-02-18;2025-02-19;2025-02-20;2025-02-21;2025-02-22;2025-02-23;2025-02-24,2025-02-24,2,10800.0,41468.27967703322,-0.4030006650118583,0.7992968171747634,1.0,10
2025-02-26,2025-02-27,2025-02-25,2025-01-30;2025-02-06;2025-02-13;2025-02-20,2025-02-19;2025-02-20;2025-02-21;2025-02-22;2025-02-23;2025-02-24;2025-02-25,2025-02-25,2,1200.0,44384.378758871055,-0.4544192997661961,0.7992968171674875,1.0,10
2025-02-26,2025-02-27,2025-02-25,2025-01-30;2025-02-06;2025-02-13;2025-02-20,2025-02-19;2025-02-20;2025-02-21;2025-02-22;2025-02-23;2025-02-24;2025-02-25,2025-02-25,2,2850.385326518956,43635.120147783244,-0.4534706164681456,0.7992968171674875,1.0,10
2025-02-26,2025-02-27,2025-02-25,2025-01-30;2025-02-06;2025-02-13;2025-02-20,2025-02-19;2025-02-20;2025-02-21;2025-02-22;2025-02-23;2025-02-24;2025-02-25,2025-02-25,2,3709.580558841014,43245.607126949,-0.4525219331700951,0.7992968171674875,1.0,10
2025-02-26,2025-02-27,2025-02-25,2025-01-30;2025-02-06;2025-02-13;2025-02-20,2025-02-19;2025-02-20;2025-02-21;2025-02-22;2025-02-23;2025-02-24;2025-02-25,2025-02-25,2,5876.908642692508,42266.41181444886,-0.45104620359534986,0.7992968171674875,1.0,10
2025-02-26,2025-02-27,2025-02-25,2025-01-30;2025-02-06;2025-02-13;2025-02-20,2025-02-19;2025-02-20;2025-02-21;2025-02-22;2025-02-23;2025-02-24;2025-02-25,2025-02-25,2,7916.746839258588,41347.894657586,-0.4499921110419604,0.7992968171674875,1.0,10
2025-02-26,2025-02-27,2025-02-25,2025-01-30;2025-02-06;2025-02-13;2025-02-20,2025-02-19;2025-02-20;2025-02-21;2025-02-22;2025-02-23;2025-02-24;2025-02-25,2025-02-25,2,8527.11293175291,41073.45348111605,-0.44777851667984253,0.7992968171674875,1.0,10
2025-02-26,2025-02-27,2025-02-25,2025-01-30;2025-02-06;2025-02-13;2025-02-20,2025-02-19;2025-02-20;2025-02-21;2025-02-22;2025-02-23;2025-02-24;2025-02-25,2025-02-25,2,9727.439994420722,40536.1336362095,-0.44746228891382567,0.7992968171674875,1.0,10
2025-02-26,2025-02-27,2025-02-25,2025-01-30;2025-02-06;2025-02-13;2025-02-20,2025-02-19;2025-02-20;2025-02-21;2025-02-22;2025-02-23;2025-02-24;2025-02-25,2025-02-25,2,10009.430584957972,40409.953481115546,-0.4211205160046231,0.7992968171674875,1.0,10
2025-02-26,2025-02-27,2025-02-25,2025-01-30;2025-02-06;2025-02-13;2025-02-20,2025-02-19;2025-02-20;2025-02-21;2025-02-22;2025-02-23;2025-02-24;2025-02-25,2025-02-25,2,10329.941343908778,40274.979824921145,-0.4211205160046231,0.7992968171674875,1.0,10
2025-02-26,2025-02-27,2025-02-25,2025-01-30;2025-02-06;2025-02-13;2025-02-20,2025-02-19;2025-02-20;2025-02-21;2025-02-22;2025-02-23;2025-02-24;2025-02-25,2025-02-25,2,10800.0,40077.103052294566,-0.4030006650118583,0.7992968171674875,1.0,10
2025-02-27,2025-02-28,2025-02-26,2025-01-31;2025-02-07;2025-02-14;2025-02-21,2025-02-20;2025-02-21;2025-02-22;2025-02-23;2025-02-24;2025-02-25;2025-02-26,2025-02-26,2,1200.0,16433.400235166617,-0.45167865912738353,0.9129209862148855,1.0,10
2025-02-27,2025-02-28,2025-02-26,2025-01-31;2025-02-07;2025-02-14;2025-02-21,2025-02-20;2025-02-21;2025-02-22;2025-02-23;2025-02-24;2025-02-25;2025-02-26,2025-02-26,2,3903.311051556704,15214.947324195247,-0.45020292955263824,0.9129209862148855,1.0,10
2025-02-27,2025-02-28,2025-02-26,2025-01-31;2025-02-07;2025-02-14;2025-02-21,2025-02-20;2025-02-21;2025-02-22;2025-02-23;2025-02-24;2025-02-25;2025-02-26,2025-02-26,2,4842.8723948187935,14792.194439579627,-0.44777851667984253,0.9129209862148855,1.0,10
2025-02-27,2025-02-28,2025-02-26,2025-01-31;2025-02-07;2025-02-14;2025-02-21,2025-02-20;2025-02-21;2025-02-22;2025-02-23;2025-02-24;2025-02-25;2025-02-26,2025-02-26,2,6172.050797532121,14197.196844511314,-0.44746228891382567,0.9129209862148855,1.0,10
2025-02-27,2025-02-28,2025-02-26,2025-01-31;2025-02-07;2025-02-14;2025-02-21,2025-02-20;2025-02-21;2025-02-22;2025-02-23;2025-02-24;2025-02-25;2025-02-26,2025-02-26,2,6393.604708939839,14098.05982419501,-0.4211205160046231,0.9129209862148855,1.0,10
2025-02-27,2025-02-28,2025-02-26,2025-01-31;2025-02-07;2025-02-14;2025-02-21,2025-02-20;2025-02-21;2025-02-22;2025-02-23;2025-02-24;2025-02-25;2025-02-26,2025-02-26,2,6491.4791320587565,14056.842896627515,-0.4211205160046231,0.9129209862148855,1.0,10
2025-02-27,2025-02-28,2025-02-26,2025-01-31;2025-02-07;2025-02-14;2025-02-21,2025-02-20;2025-02-21;2025-02-22;2025-02-23;2025-02-24;2025-02-25;2025-02-26,2025-02-26,2,7459.665974311395,13650.031678411,-0.4175155194720311,0.9129209862148855,1.0,10
2025-02-27,2025-02-28,2025-02-26,2025-01-31;2025-02-07;2025-02-14;2025-02-21,2025-02-20;2025-02-21;2025-02-22;2025-02-23;2025-02-24;2025-02-25;2025-02-26,2025-02-26,2,9071.297644573146,12977.949903917975,-0.4163770995143705,0.9129209862148855,1.0,10
2025-02-27,2025-02-28,2025-02-26,2025-01-31;2025-02-07;2025-02-14;2025-02-21,2025-02-20;2025-02-21;2025-02-22;2025-02-23;2025-02-24;2025-02-25;2025-02-26,2025-02-26,2,10490.28383047817,12388.336344808093,-0.4149540745672947,0.9129209862148855,1.0,10
2025-02-27,2025-02-28,2025-02-26,2025-01-31;2025-02-07;2025-02-14;2025-02-21,2025-02-20;2025-02-21;2025-02-22;2025-02-23;2025-02-24;2025-02-25;2025-02-26,2025-02-26,2,10800.0,12259.885867590092,-0.4030006650118583,0.9129209862148855,1.0,10
2025-02-28,2025-03-01,2025-02-27,2025-02-01;2025-02-08;2025-02-15;2025-02-22,2025-02-21;2025-02-22;2025-02-23;2025-02-24;2025-02-25;2025-02-26;2025-02-27,2025-02-27,2,1200.0,16092.031103558807,-0.45167865912738353,0.8084585641881858,1.0,10
2025-02-28,2025-03-01,2025-02-27,2025-02-01;2025-02-08;2025-02-15;2025-02-22,2025-02-21;2025-02-22;2025-02-23;2025-02-24;2025-02-25;2025-02-26;2025-02-27,2025-02-27,2,3588.512062193873,15015.766177997499,-0.45020292955263824,0.8084585641881858,1.0,10
2025-02-28,2025-03-01,2025-02-27,2025-02-01;2025-02-08;2025-02-15;2025-02-22,2025-02-21;2025-02-22;2025-02-23;2025-02-24;2025-02-25;2025-02-26;2025-02-27,2025-02-27,2,4528.073405455295,14593.013293382179,-0.44777851667984253,0.8084585641881858,1.0,10
2025-02-28,2025-03-01,2025-02-27,2025-02-01;2025-02-08;2025-02-15;2025-02-22,2025-02-21;2025-02-22;2025-02-23;2025-02-24;2025-02-25;2025-02-26;2025-02-27,2025-02-27,2,5856.959406978865,13998.146536819515,-0.44746228891382567,0.8084585641881858,1.0,10
2025-02-28,2025-03-01,2025-02-27,2025-02-01;2025-02-08;2025-02-15;2025-02-22,2025-02-21;2025-02-22;2025-02-23;2025-02-24;2025-02-25;2025-02-26;2025-02-27,2025-02-27,2,6078.805719576133,13898.878677997649,-0.4211205160046231,0.8084585641881858,1.0,10
2025-02-28,2025-03-01,2025-02-27,2025-02-01;2025-02-08;2025-02-15;2025-02-22,2025-02-21;2025-02-22;2025-02-23;2025-02-24;2025-02-25;2025-02-26;2025-02-27,2025-02-27,2,6176.34657273529,13857.802223583734,-0.4211205160046231,0.8084585641881858,1.0,10
2025-02-28,2025-03-01,2025-02-27,2025-02-01;2025-02-08;2025-02-15;2025-02-22,2025-02-21;2025-02-22;2025-02-23;2025-02-24;2025-02-25;2025-02-26;2025-02-27,2025-02-27,2,7216.299266918823,13421.03643524207,-0.4175155194720311,0.8084585641881858,1.0,10
2025-02-28,2025-03-01,2025-02-27,2025-02-01;2025-02-08;2025-02-15;2025-02-22,2025-02-21;2025-02-22;2025-02-23;2025-02-24;2025-02-25;2025-02-26;2025-02-27,2025-02-27,2,8854.373922825846,12738.06206597327,-0.4163770995143705,0.8084585641881858,1.0,10
2025-02-28,2025-03-01,2025-02-27,2025-02-01;2025-02-08;2025-02-15;2025-02-22,2025-02-21;2025-02-22;2025-02-23;2025-02-24;2025-02-25;2025-02-26;2025-02-27,2025-02-27,2,10415.733171105772,12089.666833042325,-0.41466946957787953,0.8084585641881858,1.0,10
2025-02-28,2025-03-01,2025-02-27,2025-02-01;2025-02-08;2025-02-15;2025-02-22,2025-02-21;2025-02-22;2025-02-23;2025-02-24;2025-02-25;2025-02-26;2025-02-27,2025-02-27,2,10800.0,11930.363339132657,-0.4030006650118583,0.8084585641881858,1.0,10
2025-03-01,2025-03-02,2025-02-28,2025-02-02;2025-02-09;2025-02-16;2025-02-23,2025-02-22;2025-02-23;2025-02-24;2025-02-25;2025-02-26;2025-02-27;2025-02-28,2025-02-28,2,1200.0,41468.56761248004,-0.4544192997661961,0.9937108553858707,1.0,11
2025-03-01,2025-03-02,2025-02-28,2025-02-02;2025-02-09;2025-02-16;2025-02-23,2025-02-22;2025-02-23;2025-02-24;2025-02-25;2025-02-26;2025-02-27;2025-02-28,2025-02-28,2,2543.427668945148,40858.752982365404,-0.4534706164681457,0.9937108553858707,1.0,11
2025-03-01,2025-03-02,2025-02-28,2025-02-02;2025-02-09;2025-02-16;2025-02-23,2025-02-22;2025-02-23;2025-02-24;2025-02-25;2025-02-26;2025-02-27;2025-02-28,2025-02-28,2,3839.699414325781,40271.49675573803,-0.45252193317009515,0.9937108553858707,1.0,11
2025-03-01,2025-03-02,2025-02-28,2025-02-02;2025-02-09;2025-02-16;2025-02-23,2025-02-22;2025-02-23;2025-02-24;2025-02-25;2025-02-26;2025-02-27;2025-02-28,2025-02-28,2,4900.28538781897,39792.25713219822,-0.45104620359534986,0.9937108553858707,1.0,11
2025-03-01,2025-03-02,2025-02-28,2025-02-02;2025-02-09;2025-02-16;2025-02-23,2025-02-22;2025-02-23;2025-02-24;2025-02-25;2025-02-26;2025-02-27;2025-02-28,2025-02-28,2,6910.638341876355,38886.49155136837,-0.4502029295526383,0.9937108553858707,1.0,11
2025-03-01,2025-03-02,2025-02-28,2025-02-02;2025-02-09;2025-02-16;2025-02-23,2025-02-22;2025-02-23;2025-02-24;2025-02-25;2025-02-26;2025-02-27;2025-02-28,2025-02-28,2,7974.362324993435,38407.82854448159,-0.4477785166798426,0.9937108553858707,1.0,11
2025-03-01,2025-03-02,2025-02-28,2025-02-02;2025-02-09;2025-02-16;2025-02-23,2025-02-22;2025-02-23;2025-02-24;2025-02-25;2025-02-26;2025-02-27;2025-02-28,2025-02-28,2,8874.782203437311,38004.69595814165,-0.44746228891382567,0.9937108553858707,1.0,11
2025-03-01,2025-03-02,2025-02-28,2025-02-02;2025-02-09;2025-02-16;2025-02-23,2025-02-22;2025-02-23;2025-02-24;2025-02-25;2025-02-26;2025-02-27;2025-02-28,2025-02-28,2,9588.55989484214,37685.588856095055,-0.4436106347237406,0.9937108553858707,1.0,11
2025-03-01,2025-03-02,2025-02-28,2025-02-02;2025-02-09;2025-02-16;2025-02-23,2025-02-22;2025-02-23;2025-02-24;2025-02-25;2025-02-26;2025-02-27;2025-02-28,2025-02-28,2,9904.058704760355,37547.603844122874,-0.4310114177972608,0.9937108553858707,1.0,11
2025-03-01,2025-03-02,2025-02-28,2025-02-02;2025-02-09;2025-02-16;2025-02-23,2025-02-22;2025-02-23;2025-02-24;2025-02-25;2025-02-26;2025-02-27;2025-02-28,2025-02-28,2,10301.309923500992,37378.33959055313,-0.4211205160046231,0.9937108553858707,1.0,11
2025-03-01,2025-03-02,2025-02-28,2025-02-02;2025-02-09;2025-02-16;2025-02-23,2025-02-22;2025-02-23;2025-02-24;2025-02-25;2025-02-26;2025-02-27;2025-02-28,2025-02-28,2,10800.0,37168.432931018426,-0.4030006650118583,0.9937108553858707,1.0,11
2025-03-02,2025-03-03,2025-03-01,2025-02-03;2025-02-10;2025-02-17;2025-02-24,2025-02-23;2025-02-24;2025-02-25;2025-02-26;2025-02-27;2025-02-28;2025-03-01,2025-03-01,2,1200.0,41301.096055010974,-0.4544192997661961,0.7992968171747634,1.0,10
2025-03-02,2025-03-03,2025-03-01,2025-02-03;2025-02-10;2025-02-17;2025-02-24,2025-02-23;2025-02-24;2025-02-25;2025-02-26;2025-02-27;2025-02-28;2025-03-01,2025-03-01,2,2850.3853265227904,40551.83744392141,-0.4534706164681456,0.7992968171747634,1.0,10
2025-03-02,2025-03-03,2025-03-01,2025-02-03;2025-02-10;2025-02-17;2025-02-24,2025-02-23;2025-02-24;2025-02-25;2025-02-26;2025-02-27;2025-02-28;2025-03-01,2025-03-01,2,3709.580558841014,40162.32442308891,-0.4525219331700951,0.7992968171747634,1.0,10
2025-03-02,2025-03-03,2025-03-01,2025-02-03;2025-02-10;2025-02-17;2025-02-24,2025-02-23;2025-02-24;2025-02-25;2025-02-26;2025-02-27;2025-02-28;2025-03-01,2025-03-01,2,5876.908642693554,39183.12911058831,-0.45104620359534986,0.7992968171747634,1.0,10
2025-03-02,2025-03-03,2025-03-01,2025-02-03;2025-02-10;2025-02-17;2025-02-24,2025-02-23;2025-02-24;2025-02-25;2025-02-26;2025-02-27;2025-02-28;2025-03-01,2025-03-01,2,7916.746839260618,38264.61195372501,-0.4499921110419604,0.7992968171747634,1.0,10
2025-03-02,2025-03-03,2025-03-01,2025-02-03;2025-02-10;2025-02-17;2025-02-24,2025-02-23;2025-02-24;2025-02-25;2025-02-26;2025-02-27;2025-02-28;2025-03-01,2025-03-01,2,8527.112931758662,37990.17077725339,-0.44777851667984253,0.7992968171747634,1.0,10
2025-03-02,2025-03-03,2025-03-01,2025-02-03;2025-02-10;2025-02-17;2025-02-24,2025-02-23;2025-02-24;2025-02-25;2025-02-26;2025-02-27;2025-02-28;2025-03-01,2025-03-01,2,9680.608125473189,37473.80642762279,-0.44746228891382567,0.7992968171747634,1.0,10
2025-03-02,2025-03-03,2025-03-01,2025-02-03;2025-02-10;2025-02-17;2025-02-24,2025-02-23;2025-02-24;2025-02-25;2025-02-26;2025-02-27;2025-02-28;2025-03-01,2025-03-01,2,10009.430584957972,37326.67077725546,-0.44746228891382567,0.7992968171747634,1.0,10
2025-03-02,2025-03-03,2025-03-01,2025-02-03;2025-02-10;2025-02-17;2025-02-24,2025-02-23;2025-02-24;2025-02-25;2025-02-26;2025-02-27;2025-02-28;2025-03-01,2025-03-01,2,10303.701115950866,37202.74741939877,-0.4211205160046231,0.7992968171747634,1.0,10
2025-03-02,2025-03-03,2025-03-01,2025-02-03;2025-02-10;2025-02-17;2025-02-24,2025-02-23;2025-02-24;2025-02-25;2025-02-26;2025-02-27;2025-02-28;2025-03-01,2025-03-01,2,10800.0,36993.99828761055,-0.40499289993776433,0.7992968171747634,1.0,10
2025-03-03,2025-03-04,2025-03-02,2025-02-04;2025-02-11;2025-02-18;2025-02-25,2025-02-24;2025-02-25;2025-02-26;2025-02-27;2025-02-28;2025-03-01;2025-03-02,2025-03-02,2,1200.0,43293.02928855522,-0.4544192997661961,0.7992968171747634,1.0,10
2025-03-03,2025-03-04,2025-03-02,2025-02-04;2025-02-11;2025-02-18;2025-02-25,2025-02-24;2025-02-25;2025-02-26;2025-02-27;2025-02-28;2025-03-01;2025-03-02,2025-03-02,2,2850.3853265227904,42543.77067746566,-0.4534706164681456,0.7992968171747634,1.0,10
2025-03-03,2025-03-04,2025-03-02,2025-02-04;2025-02-11;2025-02-18;2025-02-25,2025-02-24;2025-02-25;2025-02-26;2025-02-27;2025-02-28;2025-03-01;2025-03-02,2025-03-02,2,3709.580558841014,42154.257656633155,-0.4525219331700951,0.7992968171747634,1.0,10
2025-03-03,2025-03-04,2025-03-02,2025-02-04;2025-02-11;2025-02-18;2025-02-25,2025-02-24;2025-02-25;2025-02-26;2025-02-27;2025-02-28;2025-03-01;2025-03-02,2025-03-02,2,5876.908642693554,41175.06234413255,-0.45104620359534986,0.7992968171747634,1.0,10
2025-03-03,2025-03-04,2025-03-02,2025-02-04;2025-02-11;2025-02-18;2025-02-25,2025-02-24;2025-02-25;2025-02-26;2025-02-27;2025-02-28;2025-03-01;2025-03-02,2025-03-02,2,7916.746839260618,40256.54518726926,-0.4499921110419604,0.7992968171747634,1.0,10
2025-03-03,2025-03-04,2025-03-02,2025-02-04;2025-02-11;2025-02-18;2025-02-25,2025-02-24;2025-02-25;2025-02-26;2025-02-27;2025-02-28;2025-03-01;2025-03-02,2025-03-02,2,8527.112931758662,39982.10401079764,-0.44777851667984253,0.7992968171747634,1.0,10
2025-03-03,2025-03-04,2025-03-02,2025-02-04;2025-02-11;2025-02-18;2025-02-25,2025-02-24;2025-02-25;2025-02-26;2025-02-27;2025-02-28;2025-03-01;2025-03-02,2025-03-02,2,9726.02756260843,39445.41617586532,-0.44746228891382567,0.7992968171747634,1.0,10
2025-03-03,2025-03-04,2025-03-02,2025-02-04;2025-02-11;2025-02-18;2025-02-25,2025-02-24;2025-02-25;2025-02-26;2025-02-27;2025-02-28;2025-03-01;2025-03-02,2025-03-02,2,10009.430584957972,39318.6040107997,-0.4211205160046231,0.7992968171747634,1.0,10
2025-03-03,2025-03-04,2025-03-02,2025-02-04;2025-02-11;2025-02-18;2025-02-25,2025-02-24;2025-02-25;2025-02-26;2025-02-27;2025-02-28;2025-03-01;2025-03-02,2025-03-02,2,10328.307905696107,39184.31822894829,-0.4211205160046231,0.7992968171747634,1.0,10
2025-03-03,2025-03-04,2025-03-02,2025-02-04;2025-02-11;2025-02-18;2025-02-25,2025-02-24;2025-02-25;2025-02-26;2025-02-27;2025-02-28;2025-03-01;2025-03-02,2025-03-02,2,10800.0,38985.8262072942,-0.4030006650118583,0.7992968171747634,1.0,10
2025-03-04,2025-03-05,2025-03-03,2025-02-05;2025-02-12;2025-02-19;2025-02-26,2025-02-25;2025-02-26;2025-02-27;2025-02-28;2025-03-01;2025-03-02;2025-03-03,2025-03-03,2,1200.0,42372.2291407953,-0.4544192997661961,0.7992968171747634,1.0,10
2025-03-04,2025-03-05,2025-03-03,2025-02-05;2025-02-12;2025-02-19;2025-02-26,2025-02-25;2025-02-26;2025-02-27;2025-02-28;2025-03-01;2025-03-02;2025-03-03,2025-03-03,2,2850.3853265227904,41622.970529705744,-0.4534706164681456,0.7992968171747634,1.0,10
2025-03-04,2025-03-05,2025-03-03,2025-02-05;2025-02-12;2025-02-19;2025-02-26,2025-02-25;2025-02-26;2025-02-27;2025-02-28;2025-03-01;2025-03-02;2025-03-03,2025-03-03,2,3709.580558841014,41233.45750887324,-0.4525219331700951,0.7992968171747634,1.0,10
2025-03-04,2025-03-05,2025-03-03,2025-02-05;2025-02-12;2025-02-19;2025-02-26,2025-02-25;2025-02-26;2025-02-27;2025-02-28;2025-03-01;2025-03-02;2025-03-03,2025-03-03,2,5876.908642692508,40254.26219637311,-0.45104620359534986,0.7992968171747634,1.0,10
2025-03-04,2025-03-05,2025-03-03,2025-02-05;2025-02-12;2025-02-19;2025-02-26,2025-02-25;2025-02-26;2025-02-27;2025-02-28;2025-03-01;2025-03-02;2025-03-03,2025-03-03,2,7916.746839258588,39335.74503951025,-0.4499921110419604,0.7992968171747634,1.0,10
2025-03-04,2025-03-05,2025-03-03,2025-02-05;2025-02-12;2025-02-19;2025-02-26,2025-02-25;2025-02-26;2025-02-27;2025-02-28;2025-03-01;2025-03-02;2025-03-03,2025-03-03,2,8527.11293175291,39061.303863040295,-0.44777851667984253,0.7992968171747634,1.0,10
2025-03-04,2025-03-05,2025-03-03,2025-02-05;2025-02-12;2025-02-19;2025-02-26,2025-02-25;2025-02-26;2025-02-27;2025-02-28;2025-03-01;2025-03-02;2025-03-03,2025-03-03,2,9674.438330265888,38547.70026409271,-0.44746228891382567,0.7992968171747634,1.0,10
2025-03-04,2025-03-05,2025-03-03,2025-02-05;2025-02-12;2025-02-19;2025-02-26,2025-02-25;2025-02-26;2025-02-27;2025-02-28;2025-03-01;2025-03-02;2025-03-03,2025-03-03,2,10009.430584957972,38397.80386303979,-0.4211205160046231,0.7992968171747634,1.0,10
2025-03-04,2025-03-05,2025-03-03,2025-02-05;2025-02-12;2025-02-19;2025-02-26,2025-02-25;2025-02-26;2025-02-27;2025-02-28;2025-03-01;2025-03-02;2025-03-03,2025-03-03,2,10300.717589086087,38275.13692955591,-0.4211205160046231,0.7992968171747634,1.0,10
2025-03-04,2025-03-05,2025-03-03,2025-02-05;2025-02-12;2025-02-19;2025-02-26,2025-02-25;2025-02-26;2025-02-27;2025-02-28;2025-03-01;2025-03-02;2025-03-03,2025-03-03,2,10800.0,38065.11598369255,-0.4052775049271795,0.7992968171747634,1.0,10
2025-03-05,2025-03-06,2025-03-04,2025-02-06;2025-02-13;2025-02-20;2025-02-27,2025-02-26;2025-02-27;2025-02-28;2025-03-01;2025-03-02;2025-03-03;2025-03-04,2025-03-04,2,1200.0,42804.58251135041,-0.4544192997661961,0.7992968171747634,1.0,10
2025-03-05,2025-03-06,2025-03-04,2025-02-06;2025-02-13;2025-02-20;2025-02-27,2025-02-26;2025-02-27;2025-02-28;2025-03-01;2025-03-02;2025-03-03;2025-03-04,2025-03-04,2,2850.3853265227904,42055.32390026085,-0.4534706164681456,0.7992968171747634,1.0,10
2025-03-05,2025-03-06,2025-03-04,2025-02-06;2025-02-13;2025-02-20;2025-02-27,2025-02-26;2025-02-27;2025-02-28;2025-03-01;2025-03-02;2025-03-03;2025-03-04,2025-03-04,2,3709.580558841014,41665.81087942835,-0.4525219331700951,0.7992968171747634,1.0,10
2025-03-05,2025-03-06,2025-03-04,2025-02-06;2025-02-13;2025-02-20;2025-02-27,2025-02-26;2025-02-27;2025-02-28;2025-03-01;2025-03-02;2025-03-03;2025-03-04,2025-03-04,2,5876.908642692508,40686.615566928216,-0.45104620359534986,0.7992968171747634,1.0,10
2025-03-05,2025-03-06,2025-03-04,2025-02-06;2025-02-13;2025-02-20;2025-02-27,2025-02-26;2025-02-27;2025-02-28;2025-03-01;2025-03-02;2025-03-03;2025-03-04,2025-03-04,2,7916.746839258588,39768.09841006536,-0.4499921110419604,0.7992968171747634,1.0,10
2025-03-05,2025-03-06,2025-03-04,2025-02-06;2025-02-13;2025-02-20;2025-02-27,2025-02-26;2025-02-27;2025-02-28;2025-03-01;2025-03-02;2025-03-03;2025-03-04,2025-03-04,2,8527.11293175291,39493.6572335954,-0.44777851667984253,0.7992968171747634,1.0,10
2025-03-05,2025-03-06,2025-03-04,2025-02-06;2025-02-13;2025-02-20;2025-02-27,2025-02-26;2025-02-27;2025-02-28;2025-03-01;2025-03-02;2025-03-03;2025-03-04,2025-03-04,2,9724.25359584555,38957.763181888695,-0.44746228891382567,0.7992968171747634,1.0,10
2025-03-05,2025-03-06,2025-03-04,2025-02-06;2025-02-13;2025-02-20;2025-02-27,2025-02-26;2025-02-27;2025-02-28;2025-03-01;2025-03-02;2025-03-03;2025-03-04,2025-03-04,2,10009.430584957698,38830.15723359502,-0.4211205160046231,0.7992968171747634,1.0,10
2025-03-05,2025-03-06,2025-03-04,2025-02-06;2025-02-13;2025-02-20;2025-02-27,2025-02-26;2025-02-27;2025-02-28;2025-03-01;2025-03-02;2025-03-03;2025-03-04,2025-03-04,2,10326.256362341759,38696.735398739474,-0.4211205160046231,0.7992968171747634,1.0,10
2025-03-05,2025-03-06,2025-03-04,2025-02-06;2025-02-13;2025-02-20;2025-02-27,2025-02-26;2025-02-27;2025-02-28;2025-03-01;2025-03-02;2025-03-03;2025-03-04,2025-03-04,2,10800.0,38497.47064503844,-0.4030006650118583,0.7992968171747634,1.0,10
2025-03-06,2025-03-07,2025-03-05,2025-02-07;2025-02-14;2025-02-21;2025-02-28,2025-02-27;2025-02-28;2025-03-01;2025-03-02;2025-03-03;2025-03-04;2025-03-05,2025-03-05,2,1200.0,15521.44353932688,-0.45104620359534986,0.7757513004926295,1.0,11
2025-03-06,2025-03-07,2025-03-05,2025-02-07;2025-02-14;2025-02-21;2025-02-28,2025-02-27;2025-02-28;2025-03-01;2025-03-02;2025-03-03;2025-03-04;2025-03-05,2025-03-05,2,3661.0814181048077,14412.929831465688,-0.4499921110419604,0.7757513004926295,1.0,11
2025-03-06,2025-03-07,2025-03-05,2025-02-07;2025-02-14;2025-02-21;2025-02-28,2025-02-27;2025-02-28;2025-03-01;2025-03-02;2025-03-03;2025-03-04;2025-03-05,2025-03-05,2,4272.872459391565,14137.845391904477,-0.44777851667984253,0.7757513004926295,1.0,11
2025-03-06,2025-03-07,2025-03-05,2025-02-07;2025-02-14;2025-02-21;2025-02-28,2025-02-27;2025-02-28;2025-03-01;2025-03-02;2025-03-03;2025-03-04;2025-03-05,2025-03-05,2,5601.747564622004,13543.007193013487,-0.44746228891382567,0.7757513004926295,1.0,11
2025-03-06,2025-03-07,2025-03-05,2025-02-07;2025-02-14;2025-02-21;2025-02-28,2025-02-27;2025-02-28;2025-03-01;2025-03-02;2025-03-03;2025-03-04;2025-03-05,2025-03-05,2,5746.503111138129,13478.23454483641,-0.4211205160046231,0.7757513004926295,1.0,11
2025-03-06,2025-03-07,2025-03-05,2025-02-07;2025-02-14;2025-02-21;2025-02-28,2025-02-27;2025-02-28;2025-03-01;2025-03-02;2025-03-03;2025-03-04;2025-03-05,2025-03-05,2,5833.999056989427,13441.3882069712,-0.4211205160046231,0.7757513004926295,1.0,11
2025-03-06,2025-03-07,2025-03-05,2025-02-07;2025-02-14;2025-02-21;2025-02-28,2025-02-27;2025-02-28;2025-03-01;2025-03-02;2025-03-03;2025-03-04;2025-03-05,2025-03-05,2,6473.33346834145,13172.602039032796,-0.41950775439793714,0.7757513004926295,1.0,11
2025-03-06,2025-03-07,2025-03-05,2025-02-07;2025-02-14;2025-02-21;2025-02-28,2025-02-27;2025-02-28;2025-03-01;2025-03-02;2025-03-03;2025-03-04;2025-03-05,2025-03-05,2,7026.347628402503,12941.259375449845,-0.4175155194720311,0.7757513004926295,1.0,11
2025-03-06,2025-03-07,2025-03-05,2025-02-07;2025-02-14;2025-02-21;2025-02-28,2025-02-27;2025-02-28;2025-03-01;2025-03-02;2025-03-03;2025-03-04;2025-03-05,2025-03-05,2,8646.985201483902,12265.783254234502,-0.4163770995143705,0.7757513004926295,1.0,11
2025-03-06,2025-03-07,2025-03-05,2025-02-07;2025-02-14;2025-02-21;2025-02-28,2025-02-27;2025-02-28;2025-03-01;2025-03-02;2025-03-03;2025-03-04;2025-03-05,2025-03-05,2,10317.308269568655,11572.619899621288,-0.4142899962586593,0.7757513004926295,1.0,11
2025-03-06,2025-03-07,2025-03-05,2025-02-07;2025-02-14;2025-02-21;2025-02-28,2025-02-27;2025-02-28;2025-03-01;2025-03-02;2025-03-03;2025-03-04;2025-03-05,2025-03-05,2,10800.0,11372.707145431792,-0.4030006650118583,0.7757513004926295,1.0,11
2025-03-07,2025-03-08,2025-03-06,2025-02-08;2025-02-15;2025-02-22;2025-03-01,2025-02-28;2025-03-01;2025-03-02;2025-03-03;2025-03-04;2025-03-05;2025-03-06,2025-03-06,2,1200.0,15298.91526880932,-0.45104620359534986,0.9823279291867948,1.0,10
2025-03-07,2025-03-08,2025-03-06,2025-02-08;2025-02-15;2025-02-22;2025-03-01,2025-02-28;2025-03-01;2025-03-02;2025-03-03;2025-03-04;2025-03-05;2025-03-06,2025-03-06,2,3141.0688965872473,14424.940891755818,-0.4499921110419604,0.9823279291867948,1.0,10
2025-03-07,2025-03-08,2025-03-06,2025-02-08;2025-02-15;2025-02-22;2025-03-01,2025-02-28;2025-03-01;2025-03-02;2025-03-03;2025-03-04;2025-03-05;2025-03-06,2025-03-06,2,3748.771569472037,14151.696139347143,-0.44777851667984253,0.9823279291867948,1.0,10
2025-03-07,2025-03-08,2025-03-06,2025-02-08;2025-02-15;2025-02-22;2025-03-01,2025-02-28;2025-03-01;2025-03-02;2025-03-03;2025-03-04;2025-03-05;2025-03-06,2025-03-06,2,5164.99233789377,13517.774096453264,-0.4474622889138257,0.9823279291867948,1.0,10
2025-03-07,2025-03-08,2025-03-06,2025-02-08;2025-02-15;2025-02-22;2025-03-01,2025-02-28;2025-03-01;2025-03-02;2025-03-03;2025-03-04;2025-03-05;2025-03-06,2025-03-06,2,5407.207744456323,13412.142419663856,-0.4327993067106239,0.9823279291867948,1.0,10
2025-03-07,2025-03-08,2025-03-06,2025-02-08;2025-02-15;2025-02-22;2025-03-01,2025-02-28;2025-03-01;2025-03-02;2025-03-03;2025-03-04;2025-03-05;2025-03-06,2025-03-06,2,5587.175143787843,13336.172055942625,-0.4211205160046231,0.9823279291867948,1.0,10
2025-03-07,2025-03-08,2025-03-06,2025-02-08;2025-02-15;2025-02-22;2025-03-01,2025-02-28;2025-03-01;2025-03-02;2025-03-03;2025-03-04;2025-03-05;2025-03-06,2025-03-06,2,6677.744058122569,12878.92320721415,-0.4175155194720311,0.9823279291867948,1.0,10
2025-03-07,2025-03-08,2025-03-06,2025-02-08;2025-02-15;2025-02-22;2025-03-01,2025-02-28;2025-03-01;2025-03-02;2025-03-03;2025-03-04;2025-03-05;2025-03-06,2025-03-06,2,8297.74636103458,12203.891416476672,-0.41533354788651494,0.9823279291867948,1.0,10
2025-03-07,2025-03-08,2025-03-06,2025-02-08;2025-02-15;2025-02-22;2025-03-01,2025-02-28;2025-03-01;2025-03-02;2025-03-03;2025-03-04;2025-03-05;2025-03-06,2025-03-06,2,10172.343347917655,11426.45384514128,-0.4140053912692442,0.9823279291867948,1.0,10
2025-03-07,2025-03-08,2025-03-06,2025-02-08;2025-02-15;2025-02-22;2025-03-01,2025-02-28;2025-03-01;2025-03-02;2025-03-03;2025-03-04;2025-03-05;2025-03-06,2025-03-06,2,10800.0,11166.927721200462,-0.4030006650118583,0.9823279291867948,1.0,10
2025-03-08,2025-03-09,2025-03-07,2025-02-09;2025-02-16;2025-02-23;2025-03-02,2025-03-01;2025-03-02;2025-03-03;2025-03-04;2025-03-05;2025-03-06;2025-03-07,2025-03-07,2,1200.0,43152.89441970851,-0.4544192997661961,0.7992968171747634,1.0,10
2025-03-08,2025-03-09,2025-03-07,2025-02-09;2025-02-16;2025-02-23;2025-03-02,2025-03-01;2025-03-02;2025-03-03;2025-03-04;2025-03-05;2025-03-06;2025-03-07,2025-03-07,2,2850.385326518956,42403.63580862069,-0.4534706164681456,0.7992968171747634,1.0,10
2025-03-08,2025-03-09,2025-03-07,2025-02-09;2025-02-16;2025-02-23;2025-03-02,2025-03-01;2025-03-02;2025-03-03;2025-03-04;2025-03-05;2025-03-06;2025-03-07,2025-03-07,2,3709.580558841014,42014.12278778645,-0.4525219331700951,0.7992968171747634,1.0,10
2025-03-08,2025-03-09,2025-03-07,2025-02-09;2025-02-16;2025-02-23;2025-03-02,2025-03-01;2025-03-02;2025-03-03;2025-03-04;2025-03-05;2025-03-06;2025-03-07,2025-03-07,2,5876.908642691462,41034.927475286786,-0.45104620359534986,0.7992968171747634,1.0,10
2025-03-08,2025-03-09,2025-03-07,2025-02-09;2025-02-16;2025-02-23;2025-03-02,2025-03-01;2025-03-02;2025-03-03;2025-03-04;2025-03-05;2025-03-06;2025-03-07,2025-03-07,2,7916.746839256558,40116.41031842437,-0.4499921110419604,0.7992968171747634,1.0,10
2025-03-08,2025-03-09,2025-03-07,2025-02-09;2025-02-16;2025-02-23;2025-03-02,2025-03-01;2025-03-02;2025-03-03;2025-03-04;2025-03-05;2025-03-06;2025-03-07,2025-03-07,2,8527.11293175291,39841.9691419535,-0.44777851667984253,0.7992968171747634,1.0,10
2025-03-08,2025-03-09,2025-03-07,2025-02-09;2025-02-16;2025-02-23;2025-03-02,2025-03-01;2025-03-02;2025-03-03;2025-03-04;2025-03-05;2025-03-06;2025-03-07,2025-03-07,2,9723.698785358434,39306.32334701728,-0.44746228891382567,0.7992968171747634,1.0,10
2025-03-08,2025-03-09,2025-03-07,2025-02-09;2025-02-16;2025-02-23;2025-03-02,2025-03-01;2025-03-02;2025-03-03;2025-03-04;2025-03-05;2025-03-06;2025-03-07,2025-03-07,2,10009.430584957972,39178.469141953,-0.4211205160046231,0.7992968171747634,1.0,10
2025-03-08,2025-03-09,2025-03-07,2025-02-09;2025-02-16;2025-02-23;2025-03-02,2025-03-01;2025-03-02;2025-03-03;2025-03-04;2025-03-05;2025-03-06;2025-03-07,2025-03-07,2,10325.614739403054,39045.3175076806,-0.4211205160046231,0.7992968171747634,1.0,10
2025-03-08,2025-03-09,2025-03-07,2025-02-09;2025-02-16;2025-02-23;2025-03-02,2025-03-01;2025-03-02;2025-03-03;2025-03-04;2025-03-05;2025-03-06;2025-03-07,2025-03-07,2,10800.0,38845.81108099433,-0.4030006650118583,0.7992968171747634,1.0,10
2025-03-09,2025-03-10,2025-03-08,2025-02-10;2025-02-17;2025-02-24;2025-03-03,2025-03-02;2025-03-03;2025-03-04;2025-03-05;2025-03-06;2025-03-07;2025-03-08,2025-03-08,2,1200.0,42465.03080654171,-0.4544192997661961,0.7992968171747634,1.0,10
2025-03-09,2025-03-10,2025-03-08,2025-02-10;2025-02-17;2025-02-24;2025-03-03,2025-03-02;2025-03-03;2025-03-04;2025-03-05;2025-03-06;2025-03-07;2025-03-08,2025-03-08,2,2850.3853265227904,41715.77219545215,-0.4534706164681456,0.7992968171747634,1.0,10
2025-03-09,2025-03-10,2025-03-08,2025-02-10;2025-02-17;2025-02-24;2025-03-03,2025-03-02;2025-03-03;2025-03-04;2025-03-05;2025-03-06;2025-03-07;2025-03-08,2025-03-08,2,3709.580558841014,41326.25917461965,-0.4525219331700951,0.7992968171747634,1.0,10
2025-03-09,2025-03-10,2025-03-08,2025-02-10;2025-02-17;2025-02-24;2025-03-03,2025-03-02;2025-03-03;2025-03-04;2025-03-05;2025-03-06;2025-03-07;2025-03-08,2025-03-08,2,5876.908642692508,40347.06386211952,-0.45104620359534986,0.7992968171747634,1.0,10
2025-03-09,2025-03-10,2025-03-08,2025-02-10;2025-02-17;2025-02-24;2025-03-03,2025-03-02;2025-03-03;2025-03-04;2025-03-05;2025-03-06;2025-03-07;2025-03-08,2025-03-08,2,7916.746839258588,39428.54670525666,-0.4499921110419604,0.7992968171747634,1.0,10
2025-03-09,2025-03-10,2025-03-08,2025-02-10;2025-02-17;2025-02-24;2025-03-03,2025-03-02;2025-03-03;2025-03-04;2025-03-05;2025-03-06;2025-03-07;2025-03-08,2025-03-08,2,8527.11293175291,39154.105528786706,-0.44777851667984253,0.7992968171747634,1.0,10
2025-03-09,2025-03-10,2025-03-08,2025-02-10;2025-02-17;2025-02-24;2025-03-03,2025-03-02;2025-03-03;2025-03-04;2025-03-05;2025-03-06;2025-03-07;2025-03-08,2025-03-08,2,9723.348061230496,38618.61666967154,-0.44746228891382567,0.7992968171747634,1.0,10
2025-03-09,2025-03-10,2025-03-08,2025-02-10;2025-02-17;2025-02-24;2025-03-03,2025-03-02;2025-03-03;2025-03-04;2025-03-05;2025-03-06;2025-03-07;2025-03-08,2025-03-08,2,10009.430584957972,38490.6055287862,-0.4211205160046231,0.7992968171747634,1.0,10
2025-03-09,2025-03-10,2025-03-08,2025-02-10;2025-02-17;2025-02-24;2025-03-03,2025-03-02;2025-03-03;2025-03-04;2025-03-05;2025-03-06;2025-03-07;2025-03-08,2025-03-08,2,10325.209136677408,38357.624702142915,-0.4211205160046231,0.7992968171747634,1.0,10
2025-03-09,2025-03-10,2025-03-08,2025-02-10;2025-02-17;2025-02-24;2025-03-03,2025-03-02;2025-03-03;2025-03-04;2025-03-05;2025-03-06;2025-03-07;2025-03-08,2025-03-08,2,10800.0,38157.96550158337,-0.4030006650118583,0.7992968171747634,1.0,10
2025-03-10,2025-03-11,2025-03-09,2025-02-11;2025-02-18;2025-02-25;2025-03-04,2025-03-03;2025-03-04;2025-03-05;2025-03-06;2025-03-07;2025-03-08;2025-03-09,2025-03-09,2,1200.0,42963.39769766224,-0.4544192997661961,0.9705804073964828,1.0,9
2025-03-10,2025-03-11,2025-03-09,2025-02-11;2025-02-18;2025-02-25;2025-03-04,2025-03-03;2025-03-04;2025-03-05;2025-03-06;2025-03-07;2025-03-08;2025-03-09,2025-03-09,2,3347.132371089884,41989.29453965526,-0.45252193317009515,0.9705804073964828,1.0,9
2025-03-10,2025-03-11,2025-03-09,2025-02-11;2025-02-18;2025-02-25;2025-03-04,2025-03-03;2025-03-04;2025-03-05;2025-03-06;2025-03-07;2025-03-08;2025-03-09,2025-03-09,2,5501.048408240437,41016.18365766635,-0.45104620359534986,0.9705804073964828,1.0,9
2025-03-10,2025-03-11,2025-03-09,2025-02-11;2025-02-18;2025-02-25;2025-03-04,2025-03-03;2025-03-04;2025-03-05;2025-03-06;2025-03-07;2025-03-08;2025-03-09,2025-03-09,2,7528.263502029162,40103.3771861805,-0.4499921110419604,0.9705804073964828,1.0,9
2025-03-10,2025-03-11,2025-03-09,2025-02-11;2025-02-18;2025-02-25;2025-03-04,2025-03-03;2025-03-04;2025-03-05;2025-03-06;2025-03-07;2025-03-08;2025-03-09,2025-03-09,2,8145.38216084178,39825.91237820187,-0.4477785166798426,0.9705804073964828,1.0,9
2025-03-10,2025-03-11,2025-03-09,2025-02-11;2025-02-18;2025-02-25;2025-03-04,2025-03-03;2025-03-04;2025-03-05;2025-03-06;2025-03-07;2025-03-08;2025-03-09,2025-03-09,2,9521.860768740175,39209.7563896069,-0.44746228891382567,0.9705804073964828,1.0,9
2025-03-10,2025-03-11,2025-03-09,2025-02-11;2025-02-18;2025-02-25;2025-03-04,2025-03-03;2025-03-04;2025-03-05;2025-03-06;2025-03-07;2025-03-08;2025-03-09,2025-03-09,2,9812.335818036587,39080.50955447619,-0.43942400497865336,0.9705804073964828,1.0,9
2025-03-10,2025-03-11,2025-03-09,2025-02-11;2025-02-18;2025-02-25;2025-03-04,2025-03-03;2025-03-04;2025-03-05;2025-03-06;2025-03-07;2025-03-08;2025-03-09,2025-03-09,2,10180.519532187636,38924.73004348858,-0.4211205160046231,0.9705804073964828,1.0,9
2025-03-10,2025-03-11,2025-03-09,2025-02-11;2025-02-18;2025-02-25;2025-03-04,2025-03-03;2025-03-04;2025-03-05;2025-03-06;2025-03-07;2025-03-08;2025-03-09,2025-03-09,2,10800.0,38664.14624058741,-0.40499289993776433,0.9705804073964828,1.0,9
2025-03-11,2025-03-12,2025-03-10,2025-02-12;2025-02-19;2025-02-26;2025-03-05,2025-03-04;2025-03-05;2025-03-06;2025-03-07;2025-03-08;2025-03-09;2025-03-10,2025-03-10,2,1200.0,41447.93656116503,-0.4544192997661961,0.7992968171674875,1.0,10
2025-03-11,2025-03-12,2025-03-10,2025-02-12;2025-02-19;2025-02-26;2025-03-05,2025-03-04;2025-03-05;2025-03-06;2025-03-07;2025-03-08;2025-03-09;2025-03-10,2025-03-10,2,2850.385326518956,40698.67795007721,-0.4534706164681456,0.7992968171674875,1.0,10
2025-03-11,2025-03-12,2025-03-10,2025-02-12;2025-02-19;2025-02-26;2025-03-05,2025-03-04;2025-03-05;2025-03-06;2025-03-07;2025-03-08;2025-03-09;2025-03-10,2025-03-10,2,3709.580558841014,40309.16492924297,-0.4525219331700951,0.7992968171674875,1.0,10
2025-03-11,2025-03-12,2025-03-10,2025-02-12;2025-02-19;2025-02-26;2025-03-05,2025-03-04;2025-03-05;2025-03-06;2025-03-07;2025-03-08;2025-03-09;2025-03-10,2025-03-10,2,5876.908642692508,39329.969616742834,-0.45104620359534986,0.7992968171674875,1.0,10
2025-03-11,2025-03-12,2025-03-10,2025-02-12;2025-02-19;2025-02-26;2025-03-05,2025-03-04;2025-03-05;2025-03-06;2025-03-07;2025-03-08;2025-03-09;2025-03-10,2025-03-10,2,7916.746839258588,38411.452459879976,-0.4499921110419604,0.7992968171674875,1.0,10
2025-03-11,2025-03-12,2025-03-10,2025-02-12;2025-02-19;2025-02-26;2025-03-05,2025-03-04;2025-03-05;2025-03-06;2025-03-07;2025-03-08;2025-03-09;2025-03-10,2025-03-10,2,8527.11293175291,38137.01128341002,-0.44777851667984253,0.7992968171674875,1.0,10
2025-03-11,2025-03-12,2025-03-10,2025-02-12;2025-02-19;2025-02-26;2025-03-05,2025-03-04;2025-03-05;2025-03-06;2025-03-07;2025-03-08;2025-03-09;2025-03-10,2025-03-10,2,9723.780789270933,37601.3287948154,-0.44746228891382567,0.7992968171674875,1.0,10
2025-03-11,2025-03-12,2025-03-10,2025-02-12;2025-02-19;2025-02-26;2025-03-05,2025-03-04;2025-03-05;2025-03-06;2025-03-07;2025-03-08;2025-03-09;2025-03-10,2025-03-10,2,10009.430584958249,37473.511283409396,-0.4211205160046231,0.7992968171674875,1.0,10
2025-03-11,2025-03-12,2025-03-10,2025-02-12;2025-02-19;2025-02-26;2025-03-05,2025-03-04;2025-03-05;2025-03-06;2025-03-07;2025-03-08;2025-03-09;2025-03-10,2025-03-10,2,10325.709574653049,37340.3197120677,-0.4211205160046231,0.7992968171674875,1.0,10
2025-03-11,2025-03-12,2025-03-10,2025-02-12;2025-02-19;2025-02-26;2025-03-05,2025-03-04;2025-03-05;2025-03-06;2025-03-07;2025-03-08;2025-03-09;2025-03-10,2025-03-10,2,10800.0,37140.84900592163,-0.4030006650118583,0.7992968171674875,1.0,10
2025-03-12,2025-03-13,2025-03-11,2025-02-13;2025-02-20;2025-02-27;2025-03-06,2025-03-05;2025-03-06;2025-03-07;2025-03-08;2025-03-09;2025-03-10;2025-03-11,2025-03-11,2,1200.0,40722.02667036415,-0.4544192997661961,0.7992968171747634,1.0,10
2025-03-12,2025-03-13,2025-03-11,2025-02-13;2025-02-20;2025-02-27;2025-03-06,2025-03-05;2025-03-06;2025-03-07;2025-03-08;2025-03-09;2025-03-10;2025-03-11,2025-03-11,2,2850.3853265227904,39972.76805927459,-0.4534706164681456,0.7992968171747634,1.0,10
2025-03-12,2025-03-13,2025-03-11,2025-02-13;2025-02-20;2025-02-27;2025-03-06,2025-03-05;2025-03-06;2025-03-07;2025-03-08;2025-03-09;2025-03-10;2025-03-11,2025-03-11,2,3709.580558841014,39583.25503844208,-0.4525219331700951,0.7992968171747634,1.0,10
2025-03-12,2025-03-13,2025-03-11,2025-02-13;2025-02-20;2025-02-27;2025-03-06,2025-03-05;2025-03-06;2025-03-07;2025-03-08;2025-03-09;2025-03-10;2025-03-11,2025-03-11,2,5876.908642692508,38604.05972594195,-0.45104620359534986,0.7992968171747634,1.0,10
2025-03-12,2025-03-13,2025-03-11,2025-02-13;2025-02-20;2025-02-27;2025-03-06,2025-03-05;2025-03-06;2025-03-07;2025-03-08;2025-03-09;2025-03-10;2025-03-11,2025-03-11,2,7916.746839258588,37685.5425690791,-0.4499921110419604,0.7992968171747634,1.0,10
2025-03-12,2025-03-13,2025-03-11,2025-02-13;2025-02-20;2025-02-27;2025-03-06,2025-03-05;2025-03-06;2025-03-07;2025-03-08;2025-03-09;2025-03-10;2025-03-11,2025-03-11,2,8527.112931755786,37411.10139260786,-0.44777851667984253,0.7992968171747634,1.0,10
2025-03-12,2025-03-13,2025-03-11,2025-02-13;2025-02-20;2025-02-27;2025-03-06,2025-03-05;2025-03-06;2025-03-07;2025-03-08;2025-03-09;2025-03-10;2025-03-11,2025-03-11,2,9723.440312141358,36875.57125469024,-0.44746228891382567,0.7992968171747634,1.0,10
2025-03-12,2025-03-13,2025-03-11,2025-02-13;2025-02-20;2025-02-27;2025-03-06,2025-03-05;2025-03-06;2025-03-07;2025-03-08;2025-03-09;2025-03-10;2025-03-11,2025-03-11,2,10009.430584957972,36747.60139260864,-0.4211205160046231,0.7992968171747634,1.0,10
2025-03-12,2025-03-13,2025-03-11,2025-02-13;2025-02-20;2025-02-27;2025-03-06,2025-03-05;2025-03-06;2025-03-07;2025-03-08;2025-03-09;2025-03-10;2025-03-11,2025-03-11,2,10325.31582229694,36614.57563846221,-0.4211205160046231,0.7992968171747634,1.0,10
2025-03-12,2025-03-13,2025-03-11,2025-02-13;2025-02-20;2025-02-27;2025-03-06,2025-03-05;2025-03-06;2025-03-07;2025-03-08;2025-03-09;2025-03-10;2025-03-11,2025-03-11,2,10800.0,36414.95662198991,-0.4030006650118583,0.7992968171747634,1.0,10
2025-03-13,2025-03-14,2025-03-12,2025-02-14;2025-02-21;2025-02-28;2025-03-07,2025-03-06;2025-03-07;2025-03-08;2025-03-09;2025-03-10;2025-03-11;2025-03-12,2025-03-12,2,1200.0,14689.833274214428,-0.4503083388079772,0.8910026976882364,1.0,10
2025-03-13,2025-03-14,2025-03-12,2025-02-14;2025-02-21;2025-02-28;2025-03-07,2025-03-06;2025-03-07;2025-03-08;2025-03-09;2025-03-10;2025-03-11;2025-03-12,2025-03-12,2,3312.028385513991,13739.09209117069,-0.4499921110419604,0.8910026976882364,1.0,10
2025-03-13,2025-03-14,2025-03-12,2025-02-14;2025-02-21;2025-02-28;2025-03-07,2025-03-06;2025-03-07;2025-03-08;2025-03-09;2025-03-10;2025-03-11;2025-03-12,2025-03-12,2,4598.201017797842,13163.255530438277,-0.4474622889138257,0.8910026976882364,1.0,10
2025-03-13,2025-03-14,2025-03-12,2025-02-14;2025-02-21;2025-02-28;2025-03-07,2025-03-06;2025-03-07;2025-03-08;2025-03-09;2025-03-10;2025-03-11;2025-03-12,2025-03-12,2,4933.467471817964,13013.705145922102,-0.4351460496058015,0.8910026976882364,1.0,10
2025-03-13,2025-03-14,2025-03-12,2025-02-14;2025-02-21;2025-02-28;2025-03-07,2025-03-06;2025-03-07;2025-03-08;2025-03-09;2025-03-10;2025-03-11;2025-03-12,2025-03-12,2,5212.779533649085,12894.710742953874,-0.4211205160046231,0.8910026976882364,1.0,10
2025-03-13,2025-03-14,2025-03-12,2025-02-14;2025-02-21;2025-02-28;2025-03-07,2025-03-06;2025-03-07;2025-03-08;2025-03-09;2025-03-10;2025-03-11;2025-03-12,2025-03-12,2,5822.988285387918,12638.290680277996,-0.4195077543979372,0.8910026976882364,1.0,10
2025-03-13,2025-03-14,2025-03-12,2025-02-14;2025-02-21;2025-02-28;2025-03-07,2025-03-06;2025-03-07;2025-03-08;2025-03-09;2025-03-10;2025-03-11;2025-03-12,2025-03-12,2,6493.937684359741,12357.989442793098,-0.41694630949320083,0.8910026976882364,1.0,10
2025-03-13,2025-03-14,2025-03-12,2025-02-14;2025-02-21;2025-02-28;2025-03-07,2025-03-06;2025-03-07;2025-03-08;2025-03-09;2025-03-10;2025-03-11;2025-03-12,2025-03-12,2,8450.732466544163,11543.470931623167,-0.4149540745672947,0.8910026976882364,1.0,10
2025-03-13,2025-03-14,2025-03-12,2025-02-14;2025-02-21;2025-02-28;2025-03-07,2025-03-06;2025-03-07;2025-03-08;2025-03-09;2025-03-10;2025-03-11;2025-03-12,2025-03-12,2,10227.035358354238,10807.386165743526,-0.413625917950024,0.8910026976882364,1.0,10
2025-03-13,2025-03-14,2025-03-12,2025-02-14;2025-02-21;2025-02-28;2025-03-07,2025-03-06;2025-03-07;2025-03-08;2025-03-09;2025-03-10;2025-03-11;2025-03-12,2025-03-12,2,10800.0,10570.583013031915,-0.4030006650118583,0.8910026976882364,1.0,10
2025-03-14,2025-03-15,2025-03-13,2025-02-15;2025-02-22;2025-03-01;2025-03-08,2025-03-07;2025-03-08;2025-03-09;2025-03-10;2025-03-11;2025-03-12;2025-03-13,2025-03-13,2,1200.0,14570.322337861817,-0.4503083388079772,0.8954858600391162,1.0,10
2025-03-14,2025-03-15,2025-03-13,2025-02-15;2025-02-22;2025-03-01;2025-03-08,2025-03-07;2025-03-08;2025-03-09;2025-03-10;2025-03-11;2025-03-12;2025-03-13,2025-03-13,2,2956.197524638617,13779.814758675479,-0.4499921110419604,0.8954858600391162,1.0,10
2025-03-14,2025-03-15,2025-03-13,2025-02-15;2025-02-22;2025-03-01;2025-03-08,2025-03-07;2025-03-08;2025-03-09;2025-03-10;2025-03-11;2025-03-12;2025-03-13,2025-03-13,2,4242.370156923136,13203.978197942768,-0.4474622889138257,0.8954858600391162,1.0,10
2025-03-14,2025-03-15,2025-03-13,2025-02-15;2025-02-22;2025-03-01;2025-03-08,2025-03-07;2025-03-08;2025-03-09;2025-03-10;2025-03-11;2025-03-12;2025-03-13,2025-03-13,2,4575.938705522545,13055.16665026302,-0.4351460496058015,0.8954858600391162,1.0,10
2025-03-14,2025-03-15,2025-03-13,2025-02-15;2025-02-22;2025-03-01;2025-03-08,2025-03-07;2025-03-08;2025-03-09;2025-03-10;2025-03-11;2025-03-12;2025-03-13,2025-03-13,2,4853.8362343511335,12936.744122133197,-0.4211205160046231,0.8954858600391162,1.0,10
2025-03-14,2025-03-15,2025-03-13,2025-02-15;2025-02-22;2025-03-01;2025-03-08,2025-03-07;2025-03-08;2025-03-09;2025-03-10;2025-03-11;2025-03-12;2025-03-13,2025-03-13,2,5453.587044068332,12684.716545557876,-0.4195077543979372,0.8954858600391162,1.0,10
2025-03-14,2025-03-15,2025-03-13,2025-02-15;2025-02-22;2025-03-01;2025-03-08,2025-03-07;2025-03-08;2025-03-09;2025-03-10;2025-03-11;2025-03-12;2025-03-13,2025-03-13,2,6208.611465079217,12369.372105753171,-0.41694630949320083,0.8954858600391162,1.0,10
2025-03-14,2025-03-15,2025-03-13,2025-02-15;2025-02-22;2025-03-01;2025-03-08,2025-03-07;2025-03-08;2025-03-09;2025-03-10;2025-03-11;2025-03-12;2025-03-13,2025-03-13,2,8021.56459925711,11614.79765836259,-0.4149540745672947,0.8954858600391162,1.0,10
2025-03-14,2025-03-15,2025-03-13,2025-02-15;2025-02-22;2025-03-01;2025-03-08,2025-03-07;2025-03-08;2025-03-09;2025-03-10;2025-03-11;2025-03-12;2025-03-13,2025-03-13,2,10114.438588281682,10747.801062309549,-0.413625917950024,0.8954858600391162,1.0,10
2025-03-14,2025-03-15,2025-03-13,2025-02-15;2025-02-22;2025-03-01;2025-03-08,2025-03-07;2025-03-08;2025-03-09;2025-03-10;2025-03-11;2025-03-12;2025-03-13,2025-03-13,2,10800.0,10464.570196386507,-0.4030006650118583,0.8954858600391162,1.0,10
2025-03-15,2025-03-16,2025-03-14,2025-02-16;2025-02-23;2025-03-02;2025-03-09,2025-03-08;2025-03-09;2025-03-10;2025-03-11;2025-03-12;2025-03-13;2025-03-14,2025-03-14,2,1200.0,39483.95433810273,-0.4544192997661961,0.9985636974161025,1.0,9
2025-03-15,2025-03-16,2025-03-14,2025-02-16;2025-02-23;2025-03-02;2025-03-09,2025-03-08;2025-03-09;2025-03-10;2025-03-11;2025-03-12;2025-03-13;2025-03-14,2025-03-14,2,2850.3853265227904,38734.69572701317,-0.4534706164681456,0.9985636974161025,1.0,9
2025-03-15,2025-03-16,2025-03-14,2025-02-16;2025-02-23;2025-03-02;2025-03-09,2025-03-08;2025-03-09;2025-03-10;2025-03-11;2025-03-12;2025-03-13;2025-03-14,2025-03-14,2,3709.580558843171,38345.182706179694,-0.4525219331700951,0.9985636974161025,1.0,9
2025-03-15,2025-03-16,2025-03-14,2025-02-16;2025-02-23;2025-03-02;2025-03-09,2025-03-08;2025-03-09;2025-03-10;2025-03-11;2025-03-12;2025-03-13;2025-03-14,2025-03-14,2,5876.908642693554,37365.98739368006,-0.45104620359534986,0.9985636974161025,1.0,9
2025-03-15,2025-03-16,2025-03-14,2025-02-16;2025-02-23;2025-03-02;2025-03-09,2025-03-08;2025-03-09;2025-03-10;2025-03-11;2025-03-12;2025-03-13;2025-03-14,2025-03-14,2,7916.746839258588,36447.47023681767,-0.4499921110419604,0.9985636974161025,1.0,9
2025-03-15,2025-03-16,2025-03-14,2025-02-16;2025-02-23;2025-03-02;2025-03-09,2025-03-08;2025-03-09;2025-03-10;2025-03-11;2025-03-12;2025-03-13;2025-03-14,2025-03-14,2,9644.306607089697,35672.90827122147,-0.44746228891382567,0.9985636974161025,1.0,9
2025-03-15,2025-03-16,2025-03-14,2025-02-16;2025-02-23;2025-03-02;2025-03-09,2025-03-08;2025-03-09;2025-03-10;2025-03-11;2025-03-12;2025-03-13;2025-03-14,2025-03-14,2,10009.430584957698,35509.529060347326,-0.4211205160046231,0.9985636974161025,1.0,9
2025-03-15,2025-03-16,2025-03-14,2025-02-16;2025-02-23;2025-03-02;2025-03-09,2025-03-08;2025-03-09;2025-03-10;2025-03-11;2025-03-12;2025-03-13;2025-03-14,2025-03-14,2,10284.327882894446,35393.764168391936,-0.4211205160046231,0.9985636974161025,1.0,9
2025-03-15,2025-03-16,2025-03-14,2025-02-16;2025-02-23;2025-03-02;2025-03-09,2025-03-08;2025-03-09;2025-03-10;2025-03-11;2025-03-12;2025-03-13;2025-03-14,2025-03-14,2,10800.0,35176.89660483308,-0.4065107932146451,0.9985636974161025,1.0,9
2025-03-16,2025-03-17,2025-03-15,2025-02-17;2025-02-24;2025-03-03;2025-03-10,2025-03-09;2025-03-10;2025-03-11;2025-03-12;2025-03-13;2025-03-14;2025-03-15,2025-03-15,2,1200.0,40947.04652121062,-0.4544192997661961,0.7992968171747634,1.0,10
2025-03-16,2025-03-17,2025-03-15,2025-02-17;2025-02-24;2025-03-03;2025-03-10,2025-03-09;2025-03-10;2025-03-11;2025-03-12;2025-03-13;2025-03-14;2025-03-15,2025-03-15,2,2850.3853265227904,40197.787910121064,-0.4534706164681456,0.7992968171747634,1.0,10
2025-03-16,2025-03-17,2025-03-15,2025-02-17;2025-02-24;2025-03-03;2025-03-10,2025-03-09;2025-03-10;2025-03-11;2025-03-12;2025-03-13;2025-03-14;2025-03-15,2025-03-15,2,3709.580558841014,39808.27488928856,-0.4525219331700951,0.7992968171747634,1.0,10
2025-03-16,2025-03-17,2025-03-15,2025-02-17;2025-02-24;2025-03-03;2025-03-10,2025-03-09;2025-03-10;2025-03-11;2025-03-12;2025-03-13;2025-03-14;2025-03-15,2025-03-15,2,5876.908642691462,38829.0795767889,-0.45104620359534986,0.7992968171747634,1.0,10
2025-03-16,2025-03-17,2025-03-15,2025-02-17;2025-02-24;2025-03-03;2025-03-10,2025-03-09;2025-03-10;2025-03-11;2025-03-12;2025-03-13;2025-03-14;2025-03-15,2025-03-15,2,7916.746839256558,37910.562419926486,-0.4499921110419604,0.7992968171747634,1.0,10
2025-03-16,2025-03-17,2025-03-15,2025-02-17;2025-02-24;2025-03-03;2025-03-10,2025-03-09;2025-03-10;2025-03-11;2025-03-12;2025-03-13;2025-03-14;2025-03-15,2025-03-15,2,8527.11293175291,37636.12124345562,-0.44777851667984253,0.7992968171747634,1.0,10
2025-03-16,2025-03-17,2025-03-15,2025-02-17;2025-02-24;2025-03-03;2025-03-10,2025-03-09;2025-03-10;2025-03-11;2025-03-12;2025-03-13;2025-03-14;2025-03-15,2025-03-15,2,9725.223801491886,37099.79306130968,-0.44746228891382567,0.7992968171747634,1.0,10
2025-03-16,2025-03-17,2025-03-15,2025-02-17;2025-02-24;2025-03-03;2025-03-10,2025-03-09;2025-03-10;2025-03-11;2025-03-12;2025-03-13;2025-03-14;2025-03-15,2025-03-15,2,10009.430584958249,36972.621243454996,-0.4211205160046231,0.7992968171747634,1.0,10
2025-03-16,2025-03-17,2025-03-15,2025-02-17;2025-02-24;2025-03-03;2025-03-10,2025-03-09;2025-03-10;2025-03-11;2025-03-12;2025-03-13;2025-03-14;2025-03-15,2025-03-15,2,10327.37837826009,36838.72690467719,-0.4211205160046231,0.7992968171747634,1.0,10
2025-03-16,2025-03-17,2025-03-15,2025-02-17;2025-02-24;2025-03-03;2025-03-10,2025-03-09;2025-03-10;2025-03-11;2025-03-12;2025-03-13;2025-03-14;2025-03-15,2025-03-15,2,10800.0,36639.884768248885,-0.4030006650118583,0.7992968171747634,1.0,10
2025-03-17,2025-03-18,2025-03-16,2025-02-18;2025-02-25;2025-03-04;2025-03-11,2025-03-10;2025-03-11;2025-03-12;2025-03-13;2025-03-14;2025-03-15;2025-03-16,2025-03-16,2,1200.0,40947.27715874906,-0.4544192997661961,0.7992968171747634,1.0,10
2025-03-17,2025-03-18,2025-03-16,2025-02-18;2025-02-25;2025-03-04;2025-03-11,2025-03-10;2025-03-11;2025-03-12;2025-03-13;2025-03-14;2025-03-15;2025-03-16,2025-03-16,2,2850.3853265227904,40198.0185476595,-0.4534706164681456,0.7992968171747634,1.0,10
2025-03-17,2025-03-18,2025-03-16,2025-02-18;2025-02-25;2025-03-04;2025-03-11,2025-03-10;2025-03-11;2025-03-12;2025-03-13;2025-03-14;2025-03-15;2025-03-16,2025-03-16,2,3709.580558841014,39808.50552682699,-0.4525219331700951,0.7992968171747634,1.0,10
2025-03-17,2025-03-18,2025-03-16,2025-02-18;2025-02-25;2025-03-04;2025-03-11,2025-03-10;2025-03-11;2025-03-12;2025-03-13;2025-03-14;2025-03-15;2025-03-16,2025-03-16,2,5876.908642692508,38829.31021432686,-0.45104620359534986,0.7992968171747634,1.0,10
2025-03-17,2025-03-18,2025-03-16,2025-02-18;2025-02-25;2025-03-04;2025-03-11,2025-03-10;2025-03-11;2025-03-12;2025-03-13;2025-03-14;2025-03-15;2025-03-16,2025-03-16,2,7916.746839258588,37910.793057464005,-0.4499921110419604,0.7992968171747634,1.0,10
2025-03-17,2025-03-18,2025-03-16,2025-02-18;2025-02-25;2025-03-04;2025-03-11,2025-03-10;2025-03-11;2025-03-12;2025-03-13;2025-03-14;2025-03-15;2025-03-16,2025-03-16,2,8527.11293175291,37636.35188099405,-0.44777851667984253,0.7992968171747634,1.0,10
2025-03-17,2025-03-18,2025-03-16,2025-02-18;2025-02-25;2025-03-04;2025-03-11,2025-03-10;2025-03-11;2025-03-12;2025-03-13;2025-03-14;2025-03-15;2025-03-16,2025-03-16,2,9725.221012992559,37100.02494659641,-0.44746228891382567,0.7992968171747634,1.0,10
2025-03-17,2025-03-18,2025-03-16,2025-02-18;2025-02-25;2025-03-04;2025-03-11,2025-03-10;2025-03-11;2025-03-12;2025-03-13;2025-03-14;2025-03-15;2025-03-16,2025-03-16,2,10009.430584957972,36972.85188099355,-0.4211205160046231,0.7992968171747634,1.0,10
2025-03-17,2025-03-18,2025-03-16,2025-02-18;2025-02-25;2025-03-04;2025-03-11,2025-03-10;2025-03-11;2025-03-12;2025-03-13;2025-03-14;2025-03-15;2025-03-16,2025-03-16,2,10327.375153437803,36838.95890025445,-0.4211205160046231,0.7992968171747634,1.0,10
2025-03-17,2025-03-18,2025-03-16,2025-02-18;2025-02-25;2025-03-04;2025-03-11,2025-03-10;2025-03-11;2025-03-12;2025-03-13;2025-03-14;2025-03-15;2025-03-16,2025-03-16,2,10800.0,36640.11554916815,-0.4030006650118583,0.7992968171747634,1.0,10
2025-03-18,2025-03-19,2025-03-17,2025-02-19;2025-02-26;2025-03-05;2025-03-12,2025-03-11;2025-03-12;2025-03-13;2025-03-14;2025-03-15;2025-03-16;2025-03-17,2025-03-17,2,1200.0,40217.19433980709,-0.4544192997661961,0.7992968171674875,1.0,10
2025-03-18,2025-03-19,2025-03-17,2025-02-19;2025-02-26;2025-03-05;2025-03-12,2025-03-11;2025-03-12;2025-03-13;2025-03-14;2025-03-15;2025-03-16;2025-03-17,2025-03-17,2,2850.385326518956,39467.93572871927,-0.4534706164681456,0.7992968171674875,1.0,10
2025-03-18,2025-03-19,2025-03-17,2025-02-19;2025-02-26;2025-03-05;2025-03-12,2025-03-11;2025-03-12;2025-03-13;2025-03-14;2025-03-15;2025-03-16;2025-03-17,2025-03-17,2,3709.580558841014,39078.42270788503,-0.4525219331700951,0.7992968171674875,1.0,10
2025-03-18,2025-03-19,2025-03-17,2025-02-19;2025-02-26;2025-03-05;2025-03-12,2025-03-11;2025-03-12;2025-03-13;2025-03-14;2025-03-15;2025-03-16;2025-03-17,2025-03-17,2,5876.908642692508,38099.22739538489,-0.45104620359534986,0.7992968171674875,1.0,10
2025-03-18,2025-03-19,2025-03-17,2025-02-19;2025-02-26;2025-03-05;2025-03-12,2025-03-11;2025-03-12;2025-03-13;2025-03-14;2025-03-15;2025-03-16;2025-03-17,2025-03-17,2,7916.746839258588,37180.710238522035,-0.4499921110419604,0.7992968171674875,1.0,10
2025-03-18,2025-03-19,2025-03-17,2025-02-19;2025-02-26;2025-03-05;2025-03-12,2025-03-11;2025-03-12;2025-03-13;2025-03-14;2025-03-15;2025-03-16;2025-03-17,2025-03-17,2,8527.11293175291,36906.26906205208,-0.44777851667984253,0.7992968171674875,1.0,10
2025-03-18,2025-03-19,2025-03-17,2025-02-19;2025-02-26;2025-03-05;2025-03-12,2025-03-11;2025-03-12;2025-03-13;2025-03-14;2025-03-15;2025-03-16;2025-03-17,2025-03-17,2,9725.888367909783,36369.643511495655,-0.44746228891382567,0.7992968171674875,1.0,10
2025-03-18,2025-03-19,2025-03-17,2025-02-19;2025-02-26;2025-03-05;2025-03-12,2025-03-11;2025-03-12;2025-03-13;2025-03-14;2025-03-15;2025-03-16;2025-03-17,2025-03-17,2,10009.430584957972,36242.76906205158,-0.4211205160046231,0.7992968171674875,1.0,10
2025-03-18,2025-03-19,2025-03-17,2025-02-19;2025-02-26;2025-03-05;2025-03-12,2025-03-11;2025-03-12;2025-03-13;2025-03-14;2025-03-15;2025-03-16;2025-03-17,2025-03-17,2,10328.146930888306,36108.55106999428,-0.4211205160046231,0.7992968171674875,1.0,10
2025-03-18,2025-03-19,2025-03-17,2025-02-19;2025-02-26;2025-03-05;2025-03-12,2025-03-11;2025-03-12;2025-03-13;2025-03-14;2025-03-15;2025-03-16;2025-03-17,2025-03-17,2,10800.0,35909.99841574744,-0.4030006650118583,0.7992968171674875,1.0,10
2025-03-19,2025-03-20,2025-03-18,2025-02-20;2025-02-27;2025-03-06;2025-03-13,2025-03-12;2025-03-13;2025-03-14;2025-03-15;2025-03-16;2025-03-17;2025-03-18,2025-03-18,2,1200.0,39824.210724967605,-0.4544192997661961,0.7992968171747634,1.0,10
2025-03-19,2025-03-20,2025-03-18,2025-02-20;2025-02-27;2025-03-06;2025-03-13,2025-03-12;2025-03-13;2025-03-14;2025-03-15;2025-03-16;2025-03-17;2025-03-18,2025-03-18,2,2850.3853265227904,39074.95211387805,-0.4534706164681456,0.7992968171747634,1.0,10
2025-03-19,2025-03-20,2025-03-18,2025-02-20;2025-02-27;2025-03-06;2025-03-13,2025-03-12;2025-03-13;2025-03-14;2025-03-15;2025-03-16;2025-03-17;2025-03-18,2025-03-18,2,3709.580558841014,38685.43909304554,-0.4525219331700951,0.7992968171747634,1.0,10
2025-03-19,2025-03-20,2025-03-18,2025-02-20;2025-02-27;2025-03-06;2025-03-13,2025-03-12;2025-03-13;2025-03-14;2025-03-15;2025-03-16;2025-03-17;2025-03-18,2025-03-18,2,5876.908642692508,37706.24378054541,-0.45104620359534986,0.7992968171747634,1.0,10
2025-03-19,2025-03-20,2025-03-18,2025-02-20;2025-02-27;2025-03-06;2025-03-13,2025-03-12;2025-03-13;2025-03-14;2025-03-15;2025-03-16;2025-03-17;2025-03-18,2025-03-18,2,7916.746839258588,36787.72662368255,-0.4499921110419604,0.7992968171747634,1.0,10
2025-03-19,2025-03-20,2025-03-18,2025-02-20;2025-02-27;2025-03-06;2025-03-13,2025-03-12;2025-03-13;2025-03-14;2025-03-15;2025-03-16;2025-03-17;2025-03-18,2025-03-18,2,8527.11293175291,36513.2854472126,-0.44777851667984253,0.7992968171747634,1.0,10
2025-03-19,2025-03-20,2025-03-18,2025-02-20;2025-02-27;2025-03-06;2025-03-13,2025-03-12;2025-03-13;2025-03-14;2025-03-15;2025-03-16;2025-03-17;2025-03-18,2025-03-18,2,9725.323523201481,35976.91264336223,-0.44746228891382567,0.7992968171747634,1.0,10
2025-03-19,2025-03-20,2025-03-18,2025-02-20;2025-02-27;2025-03-06;2025-03-13,2025-03-12;2025-03-13;2025-03-14;2025-03-15;2025-03-16;2025-03-17;2025-03-18,2025-03-18,2,10009.430584957972,35849.785447212096,-0.4211205160046231,0.7992968171747634,1.0,10
2025-03-19,2025-03-20,2025-03-18,2025-02-20;2025-02-27;2025-03-06;2025-03-13,2025-03-12;2025-03-13;2025-03-14;2025-03-15;2025-03-16;2025-03-17;2025-03-18,2025-03-18,2,10327.493703650965,35715.84254254606,-0.4211205160046231,0.7992968171747634,1.0,10
2025-03-19,2025-03-20,2025-03-18,2025-02-20;2025-02-27;2025-03-06;2025-03-13,2025-03-12;2025-03-13;2025-03-14;2025-03-15;2025-03-16;2025-03-17;2025-03-18,2025-03-18,2,10800.0,35517.043844451706,-0.4030006650118583,0.7992968171747634,1.0,10
2025-03-20,2025-03-21,2025-03-19,2025-02-21;2025-02-28;2025-03-07;2025-03-14,2025-03-13;2025-03-14;2025-03-15;2025-03-16;2025-03-17;2025-03-18;2025-03-19,2025-03-19,2,1200.0,14456.18933561119,-0.45020292955263824,0.9583735868418444,1.0,9
2025-03-20,2025-03-21,2025-03-19,2025-02-21;2025-02-28;2025-03-07;2025-03-14,2025-03-13;2025-03-14;2025-03-15;2025-03-16;2025-03-17;2025-03-18;2025-03-19,2025-03-19,2,2802.589354704077,13734.939297868928,-0.44777851667984253,0.9583735868418444,1.0,9
2025-03-20,2025-03-21,2025-03-19,2025-02-21;2025-02-28;2025-03-07;2025-03-14,2025-03-13;2025-03-14;2025-03-15;2025-03-16;2025-03-17;2025-03-18;2025-03-19,2025-03-19,2,4332.680060840374,13050.041023640024,-0.44746228891382567,0.9583735868418444,1.0,9
2025-03-20,2025-03-21,2025-03-19,2025-02-21;2025-02-28;2025-03-07;2025-03-14,2025-03-13;2025-03-14;2025-03-15;2025-03-16;2025-03-17;2025-03-18;2025-03-19,2025-03-19,2,4470.09753358491,12991.627970059777,-0.4211205160046231,0.9583735868418444,1.0,9
2025-03-20,2025-03-21,2025-03-19,2025-02-21;2025-02-28;2025-03-07;2025-03-14,2025-03-13;2025-03-14;2025-03-15;2025-03-16;2025-03-17;2025-03-18;2025-03-19,2025-03-19,2,5207.024013470128,12681.85084215469,-0.41950775439793714,0.9583735868418444,1.0,9
2025-03-20,2025-03-21,2025-03-19,2025-02-21;2025-02-28;2025-03-07;2025-03-14,2025-03-13;2025-03-14;2025-03-15;2025-03-16;2025-03-17;2025-03-18;2025-03-19,2025-03-19,2,6026.671807467388,12339.543987801642,-0.4169463094932008,0.9583735868418444,1.0,9
2025-03-20,2025-03-21,2025-03-19,2025-02-21;2025-02-28;2025-03-07;2025-03-14,2025-03-13;2025-03-14;2025-03-15;2025-03-16;2025-03-17;2025-03-18;2025-03-19,2025-03-19,2,7971.848469599184,11530.246254071913,-0.4149540745672947,0.9583735868418444,1.0,9
2025-03-20,2025-03-21,2025-03-19,2025-02-21;2025-02-28;2025-03-07;2025-03-14,2025-03-13;2025-03-14;2025-03-15;2025-03-16;2025-03-17;2025-03-18;2025-03-19,2025-03-19,2,10066.387575122908,10662.750213288973,-0.41334131296060883,0.9583735868418444,1.0,9
2025-03-20,2025-03-21,2025-03-19,2025-02-21;2025-02-28;2025-03-07;2025-03-14,2025-03-13;2025-03-14;2025-03-15;2025-03-16;2025-03-17;2025-03-18;2025-03-19,2025-03-19,2,10800.0,10359.55311198975,-0.4030006650118583,0.9583735868418444,1.0,9
2025-03-21,2025-03-22,2025-03-20,2025-02-22;2025-03-01;2025-03-08;2025-03-15,2025-03-14;2025-03-15;2025-03-16;2025-03-17;2025-03-18;2025-03-19;2025-03-20,2025-03-20,2,1200.0,14484.3153728262,-0.45020292955263824,0.946966801335293,1.0,9
2025-03-21,2025-03-22,2025-03-20,2025-02-22;2025-03-01;2025-03-08;2025-03-15,2025-03-14;2025-03-15;2025-03-16;2025-03-17;2025-03-18;2025-03-19;2025-03-20,2025-03-20,2,2518.0132511892925,13891.182330566968,-0.44777851667984253,0.946966801335293,1.0,9
2025-03-21,2025-03-22,2025-03-20,2025-02-22;2025-03-01;2025-03-08;2025-03-15,2025-03-14;2025-03-15;2025-03-16;2025-03-17;2025-03-18;2025-03-19;2025-03-20,2025-03-20,2,4045.366852117481,13207.508807699482,-0.44746228891382567,0.946966801335293,1.0,9
2025-03-21,2025-03-22,2025-03-20,2025-02-22;2025-03-01;2025-03-08;2025-03-15,2025-03-14;2025-03-15;2025-03-16;2025-03-17;2025-03-18;2025-03-19;2025-03-20,2025-03-20,2,4182.538505396004,13149.127173535779,-0.4211205160046231,0.946966801335293,1.0,9
2025-03-21,2025-03-22,2025-03-20,2025-02-22;2025-03-01;2025-03-08;2025-03-15,2025-03-14;2025-03-15;2025-03-16;2025-03-17;2025-03-18;2025-03-19;2025-03-20,2025-03-20,2,4900.640922752346,12847.250443171522,-0.41950775439793714,0.946966801335293,1.0,9
2025-03-21,2025-03-22,2025-03-20,2025-02-22;2025-03-01;2025-03-08;2025-03-15,2025-03-14;2025-03-15;2025-03-16;2025-03-17;2025-03-18;2025-03-19;2025-03-20,2025-03-20,2,5791.102072775879,12475.445022745125,-0.4169463094932008,0.946966801335293,1.0,9
2025-03-21,2025-03-22,2025-03-20,2025-02-22;2025-03-01;2025-03-08;2025-03-15,2025-03-14;2025-03-15;2025-03-16;2025-03-17;2025-03-18;2025-03-19;2025-03-20,2025-03-20,2,7578.188894213985,11732.036224698259,-0.4149540745672947,0.946966801335293,1.0,9
2025-03-21,2025-03-22,2025-03-20,2025-02-22;2025-03-01;2025-03-08;2025-03-15,2025-03-14;2025-03-15;2025-03-16;2025-03-17;2025-03-18;2025-03-19;2025-03-20,2025-03-20,2,9954.212141692937,10748.217199064693,-0.41334131296060883,0.946966801335293,1.0,9
2025-03-21,2025-03-22,2025-03-20,2025-02-22;2025-03-01;2025-03-08;2025-03-15,2025-03-14;2025-03-15;2025-03-16;2025-03-17;2025-03-18;2025-03-19;2025-03-20,2025-03-20,2,10800.0,10398.79857413947,-0.4030006650118583,0.946966801335293,1.0,9
2025-03-22,2025-03-23,2025-03-21,2025-02-23;2025-03-02;2025-03-09;2025-03-16,2025-03-15;2025-03-16;2025-03-17;2025-03-18;2025-03-19;2025-03-20;2025-03-21,2025-03-21,2,1200.0,37940.334441032006,-0.4544192997661961,0.7992968171747634,1.0,10
2025-03-22,2025-03-23,2025-03-21,2025-02-23;2025-03-02;2025-03-09;2025-03-16,2025-03-15;2025-03-16;2025-03-17;2025-03-18;2025-03-19;2025-03-20;2025-03-21,2025-03-21,2,2850.3853265227904,37191.07582994245,-0.4534706164681456,0.7992968171747634,1.0,10
2025-03-22,2025-03-23,2025-03-21,2025-02-23;2025-03-02;2025-03-09;2025-03-16,2025-03-15;2025-03-16;2025-03-17;2025-03-18;2025-03-19;2025-03-20;2025-03-21,2025-03-21,2,3709.580558841014,36801.56280910994,-0.4525219331700951,0.7992968171747634,1.0,10
2025-03-22,2025-03-23,2025-03-21,2025-02-23;2025-03-02;2025-03-09;2025-03-16,2025-03-15;2025-03-16;2025-03-17;2025-03-18;2025-03-19;2025-03-20;2025-03-21,2025-03-21,2,5876.908642693554,35822.36749660934,-0.45104620359534986,0.7992968171747634,1.0,10
2025-03-22,2025-03-23,2025-03-21,2025-02-23;2025-03-02;2025-03-09;2025-03-16,2025-03-15;2025-03-16;2025-03-17;2025-03-18;2025-03-19;2025-03-20;2025-03-21,2025-03-21,2,7916.746839260618,34903.850339746044,-0.4499921110419604,0.7992968171747634,1.0,10
2025-03-22,2025-03-23,2025-03-21,2025-02-23;2025-03-02;2025-03-09;2025-03-16,2025-03-15;2025-03-16;2025-03-17;2025-03-18;2025-03-19;2025-03-20;2025-03-21,2025-03-21,2,8527.112931758662,34629.409163274424,-0.44777851667984253,0.7992968171747634,1.0,10
2025-03-22,2025-03-23,2025-03-21,2025-02-23;2025-03-02;2025-03-09;2025-03-16,2025-03-15;2025-03-16;2025-03-17;2025-03-18;2025-03-19;2025-03-20;2025-03-21,2025-03-21,2,9725.184577628645,34093.09853233068,-0.44746228891382567,0.7992968171747634,1.0,10
2025-03-22,2025-03-23,2025-03-21,2025-02-23;2025-03-02;2025-03-09;2025-03-16,2025-03-15;2025-03-16;2025-03-17;2025-03-18;2025-03-19;2025-03-20;2025-03-21,2025-03-21,2,10009.430584957698,33965.90916327661,-0.4211205160046231,0.7992968171747634,1.0,10
2025-03-22,2025-03-23,2025-03-21,2025-02-23;2025-03-02;2025-03-09;2025-03-16,2025-03-15;2025-03-16;2025-03-17;2025-03-18;2025-03-19;2025-03-20;2025-03-21,2025-03-21,2,10327.333016949926,33832.03392707692,-0.4211205160046231,0.7992968171747634,1.0,10
2025-03-22,2025-03-23,2025-03-21,2025-02-23;2025-03-02;2025-03-09;2025-03-16,2025-03-15;2025-03-16;2025-03-17;2025-03-18;2025-03-19;2025-03-20;2025-03-21,2025-03-21,2,10800.0,33633.17470490777,-0.4030006650118583,0.7992968171747634,1.0,10
2025-03-23,2025-03-24,2025-03-22,2025-02-24;2025-03-03;2025-03-10;2025-03-17,2025-03-16;2025-03-17;2025-03-18;2025-03-19;2025-03-20;2025-03-21;2025-03-22,2025-03-22,2,1200.0,36889.663723124526,-0.4544192997661961,0.7992968171674875,1.0,10
2025-03-23,2025-03-24,2025-03-22,2025-02-24;2025-03-03;2025-03-10;2025-03-17,2025-03-16;2025-03-17;2025-03-18;2025-03-19;2025-03-20;2025-03-21;2025-03-22,2025-03-22,2,2850.385326518956,36140.40511203671,-0.4534706164681456,0.7992968171674875,1.0,10
2025-03-23,2025-03-24,2025-03-22,2025-02-24;2025-03-03;2025-03-10;2025-03-17,2025-03-16;2025-03-17;2025-03-18;2025-03-19;2025-03-20;2025-03-21;2025-03-22,2025-03-22,2,3709.580558841014,35750.89209120247,-0.4525219331700951,0.7992968171674875,1.0,10
2025-03-23,2025-03-24,2025-03-22,2025-02-24;2025-03-03;2025-03-10;2025-03-17,2025-03-16;2025-03-17;2025-03-18;2025-03-19;2025-03-20;2025-03-21;2025-03-22,2025-03-22,2,5876.908642692508,34771.69677870233,-0.45104620359534986,0.7992968171674875,1.0,10
2025-03-23,2025-03-24,2025-03-22,2025-02-24;2025-03-03;2025-03-10;2025-03-17,2025-03-16;2025-03-17;2025-03-18;2025-03-19;2025-03-20;2025-03-21;2025-03-22,2025-03-22,2,7916.746839258588,33853.17962183948,-0.4499921110419604,0.7992968171674875,1.0,10
2025-03-23,2025-03-24,2025-03-22,2025-02-24;2025-03-03;2025-03-10;2025-03-17,2025-03-16;2025-03-17;2025-03-18;2025-03-19;2025-03-20;2025-03-21;2025-03-22,2025-03-22,2,8527.112931755786,33578.73844536824,-0.44777851667984253,0.7992968171674875,1.0,10
2025-03-23,2025-03-24,2025-03-22,2025-02-24;2025-03-03;2025-03-10;2025-03-17,2025-03-16;2025-03-17;2025-03-18;2025-03-19;2025-03-20;2025-03-21;2025-03-22,2025-03-22,2,9722.29963789385,33043.71871616032,-0.44746228891382567,0.7992968171674875,1.0,10
2025-03-23,2025-03-24,2025-03-22,2025-02-24;2025-03-03;2025-03-10;2025-03-17,2025-03-16;2025-03-17;2025-03-18;2025-03-19;2025-03-20;2025-03-21;2025-03-22,2025-03-22,2,10009.430584957698,32915.238445369134,-0.4211205160046231,0.7992968171674875,1.0,10
2025-03-23,2025-03-24,2025-03-22,2025-02-24;2025-03-03;2025-03-10;2025-03-17,2025-03-16;2025-03-17;2025-03-18;2025-03-19;2025-03-20;2025-03-21;2025-03-22,2025-03-22,2,10323.996664170021,32782.76821577369,-0.4211205160046231,0.7992968171674875,1.0,10
2025-03-23,2025-03-24,2025-03-22,2025-02-24;2025-03-03;2025-03-10;2025-03-17,2025-03-16;2025-03-17;2025-03-18;2025-03-19;2025-03-20;2025-03-21;2025-03-22,2025-03-22,2,10800.0,32582.6523266628,-0.4030006650118583,0.7992968171674875,1.0,10
2025-03-24,2025-03-25,2025-03-23,2025-02-25;2025-03-04;2025-03-11;2025-03-18,2025-03-17;2025-03-18;2025-03-19;2025-03-20;2025-03-21;2025-03-22;2025-03-23,2025-03-23,2,1200.0,36374.482161065345,-0.4544192997661961,0.7992968171747634,1.0,10
2025-03-24,2025-03-25,2025-03-23,2025-02-25;2025-03-04;2025-03-11;2025-03-18,2025-03-17;2025-03-18;2025-03-19;2025-03-20;2025-03-21;2025-03-22;2025-03-23,2025-03-23,2,2850.385326518956,35625.223549977534,-0.4534706164681456,0.7992968171747634,1.0,10
2025-03-24,2025-03-25,2025-03-23,2025-02-25;2025-03-04;2025-03-11;2025-03-18,2025-03-17;2025-03-18;2025-03-19;2025-03-20;2025-03-21;2025-03-22;2025-03-23,2025-03-23,2,3709.580558838857,35235.710529144264,-0.4525219331700951,0.7992968171747634,1.0,10
2025-03-24,2025-03-25,2025-03-23,2025-02-25;2025-03-04;2025-03-11;2025-03-18,2025-03-17;2025-03-18;2025-03-19;2025-03-20;2025-03-21;2025-03-22;2025-03-23,2025-03-23,2,5876.908642691462,34256.51521664363,-0.45104620359534986,0.7992968171747634,1.0,10
2025-03-24,2025-03-25,2025-03-23,2025-02-25;2025-03-04;2025-03-11;2025-03-18,2025-03-17;2025-03-18;2025-03-19;2025-03-20;2025-03-21;2025-03-22;2025-03-23,2025-03-23,2,7916.746839258588,33337.99805978031,-0.4499921110419604,0.7992968171747634,1.0,10
2025-03-24,2025-03-25,2025-03-23,2025-02-25;2025-03-04;2025-03-11;2025-03-18,2025-03-17;2025-03-18;2025-03-19;2025-03-20;2025-03-21;2025-03-22;2025-03-23,2025-03-23,2,8527.112931755786,33063.556883309066,-0.44777851667984253,0.7992968171747634,1.0,10
2025-03-24,2025-03-25,2025-03-23,2025-02-25;2025-03-04;2025-03-11;2025-03-18,2025-03-17;2025-03-18;2025-03-19;2025-03-20;2025-03-21;2025-03-22;2025-03-23,2025-03-23,2,9672.424053728268,32550.854597152793,-0.44746228891382567,0.7992968171747634,1.0,10
2025-03-24,2025-03-25,2025-03-23,2025-02-25;2025-03-04;2025-03-11;2025-03-18,2025-03-17;2025-03-18;2025-03-19;2025-03-20;2025-03-21;2025-03-22;2025-03-23,2025-03-23,2,10009.430584957698,32400.056883309964,-0.44746228891382567,0.7992968171747634,1.0,10
2025-03-24,2025-03-25,2025-03-23,2025-02-25;2025-03-04;2025-03-11;2025-03-18,2025-03-17;2025-03-18;2025-03-19;2025-03-20;2025-03-21;2025-03-22;2025-03-23,2025-03-23,2,10298.371123014698,32278.378094828742,-0.4211205160046231,0.7992968171747634,1.0,10
2025-03-24,2025-03-25,2025-03-23,2025-02-25;2025-03-04;2025-03-11;2025-03-18,2025-03-17;2025-03-18;2025-03-19;2025-03-20;2025-03-21;2025-03-22;2025-03-23,2025-03-23,2,10800.0,32067.467989126955,-0.4052775049271795,0.7992968171747634,1.0,10
2025-03-25,2025-03-26,2025-03-24,2025-02-26;2025-03-05;2025-03-12;2025-03-19,2025-03-18;2025-03-19;2025-03-20;2025-03-21;2025-03-22;2025-03-23;2025-03-24,2025-03-24,2,1200.0,37685.10632533011,-0.4544192997661961,0.7992968171674875,1.0,10
2025-03-25,2025-03-26,2025-03-24,2025-02-26;2025-03-05;2025-03-12;2025-03-19,2025-03-18;2025-03-19;2025-03-20;2025-03-21;2025-03-22;2025-03-23;2025-03-24,2025-03-24,2,2850.3853265227904,36935.847714240546,-0.4534706164681456,0.7992968171674875,1.0,10
2025-03-25,2025-03-26,2025-03-24,2025-02-26;2025-03-05;2025-03-12;2025-03-19,2025-03-18;2025-03-19;2025-03-20;2025-03-21;2025-03-22;2025-03-23;2025-03-24,2025-03-24,2,3709.580558843171,36546.33469340707,-0.4525219331700951,0.7992968171674875,1.0,10
2025-03-25,2025-03-26,2025-03-24,2025-02-26;2025-03-05;2025-03-12;2025-03-19,2025-03-18;2025-03-19;2025-03-20;2025-03-21;2025-03-22;2025-03-23;2025-03-24,2025-03-24,2,5876.908642693554,35567.139380907436,-0.45104620359534986,0.7992968171674875,1.0,10
2025-03-25,2025-03-26,2025-03-24,2025-02-26;2025-03-05;2025-03-12;2025-03-19,2025-03-18;2025-03-19;2025-03-20;2025-03-21;2025-03-22;2025-03-23;2025-03-24,2025-03-24,2,7916.746839258588,34648.62222404506,-0.4499921110419604,0.7992968171674875,1.0,10
2025-03-25,2025-03-26,2025-03-24,2025-02-26;2025-03-05;2025-03-12;2025-03-19,2025-03-18;2025-03-19;2025-03-20;2025-03-21;2025-03-22;2025-03-23;2025-03-24,2025-03-24,2,8527.112931755786,34374.18104757382,-0.44777851667984253,0.7992968171674875,1.0,10
2025-03-25,2025-03-26,2025-03-24,2025-02-26;2025-03-05;2025-03-12;2025-03-19,2025-03-18;2025-03-19;2025-03-20;2025-03-21;2025-03-22;2025-03-23;2025-03-24,2025-03-24,2,9725.182540186282,33837.87132830741,-0.44746228891382567,0.7992968171674875,1.0,10
2025-03-25,2025-03-26,2025-03-24,2025-02-26;2025-03-05;2025-03-12;2025-03-19,2025-03-18;2025-03-19;2025-03-20;2025-03-21;2025-03-22;2025-03-23;2025-03-24,2025-03-24,2,10009.430584957972,33710.68104757459,-0.4211205160046231,0.7992968171674875,1.0,10
2025-03-25,2025-03-26,2025-03-24,2025-02-26;2025-03-05;2025-03-12;2025-03-19,2025-03-18;2025-03-19;2025-03-20;2025-03-21;2025-03-22;2025-03-23;2025-03-24,2025-03-24,2,10327.330660704349,33576.80680363837,-0.4211205160046231,0.7992968171674875,1.0,10
2025-03-25,2025-03-26,2025-03-24,2025-02-26;2025-03-05;2025-03-12;2025-03-19,2025-03-18;2025-03-19;2025-03-20;2025-03-21;2025-03-22;2025-03-23;2025-03-24,2025-03-24,2,10800.0,33377.94669396838,-0.4030006650118583,0.7992968171674875,1.0,10
2025-03-26,2025-03-27,2025-03-25,2025-02-27;2025-03-06;2025-03-13;2025-03-20,2025-03-19;2025-03-20;2025-03-21;2025-03-22;2025-03-23;2025-03-24;2025-03-25,2025-03-25,2,1200.0,37635.88714731652,-0.4544192997661961,0.7992968171674875,1.0,10
2025-03-26,2025-03-27,2025-03-25,2025-02-27;2025-03-06;2025-03-13;2025-03-20,2025-03-19;2025-03-20;2025-03-21;2025-03-22;2025-03-23;2025-03-24;2025-03-25,2025-03-25,2,2850.385326515121,36886.62853623045,-0.4534706164681456,0.7992968171674875,1.0,10
2025-03-26,2025-03-27,2025-03-25,2025-02-27;2025-03-06;2025-03-13;2025-03-20,2025-03-19;2025-03-20;2025-03-21;2025-03-22;2025-03-23;2025-03-24;2025-03-25,2025-03-25,2,3709.580558838857,36497.115515395446,-0.4525219331700951,0.7992968171674875,1.0,10
2025-03-26,2025-03-27,2025-03-25,2025-02-27;2025-03-06;2025-03-13;2025-03-20,2025-03-19;2025-03-20;2025-03-21;2025-03-22;2025-03-23;2025-03-24;2025-03-25,2025-03-25,2,5876.908642691462,35517.920202894806,-0.45104620359534986,0.7992968171674875,1.0,10
2025-03-26,2025-03-27,2025-03-25,2025-02-27;2025-03-06;2025-03-13;2025-03-20,2025-03-19;2025-03-20;2025-03-21;2025-03-22;2025-03-23;2025-03-24;2025-03-25,2025-03-25,2,7916.746839258588,34599.40304603147,-0.4499921110419604,0.7992968171674875,1.0,10
2025-03-26,2025-03-27,2025-03-25,2025-02-27;2025-03-06;2025-03-13;2025-03-20,2025-03-19;2025-03-20;2025-03-21;2025-03-22;2025-03-23;2025-03-24;2025-03-25,2025-03-25,2,8527.112931750033,34324.9618695628,-0.44777851667984253,0.7992968171674875,1.0,10
2025-03-26,2025-03-27,2025-03-25,2025-02-27;2025-03-06;2025-03-13;2025-03-20,2025-03-19;2025-03-20;2025-03-21;2025-03-22;2025-03-23;2025-03-24;2025-03-25,2025-03-25,2,9724.957809201464,33788.75270893469,-0.44746228891382567,0.7992968171674875,1.0,10
2025-03-26,2025-03-27,2025-03-25,2025-02-27;2025-03-06;2025-03-13;2025-03-20,2025-03-19;2025-03-20;2025-03-21;2025-03-22;2025-03-23;2025-03-24;2025-03-25,2025-03-25,2,10009.430584957972,33661.46186956101,-0.4211205160046231,0.7992968171674875,1.0,10
2025-03-26,2025-03-27,2025-03-25,2025-02-27;2025-03-06;2025-03-13;2025-03-20,2025-03-19;2025-03-20;2025-03-21;2025-03-22;2025-03-23;2025-03-24;2025-03-25,2025-03-25,2,10327.070765554381,33527.697072804454,-0.4211205160046231,0.7992968171674875,1.0,10
2025-03-26,2025-03-27,2025-03-25,2025-02-27;2025-03-06;2025-03-13;2025-03-20,2025-03-19;2025-03-20;2025-03-21;2025-03-22;2025-03-23;2025-03-24;2025-03-25,2025-03-25,2,10800.0,33328.73907131521,-0.4030006650118583,0.7992968171674875,1.0,10
2025-03-27,2025-03-28,2025-03-26,2025-02-28;2025-03-07;2025-03-14;2025-03-21,2025-03-20;2025-03-21;2025-03-22;2025-03-23;2025-03-24;2025-03-25;2025-03-26,2025-03-26,2,1200.0,13297.577700966602,-0.4499921110419604,0.6783558230454219,1.0,12
2025-03-27,2025-03-28,2025-03-26,2025-02-28;2025-03-07;2025-03-14;2025-03-21,2025-03-20;2025-03-21;2025-03-22;2025-03-23;2025-03-24;2025-03-25;2025-03-26,2025-03-26,2,2452.6282697054157,12735.494165057367,-0.44777851667984253,0.6783558230454219,1.0,12
2025-03-27,2025-03-28,2025-03-26,2025-02-28;2025-03-07;2025-03-14;2025-03-21,2025-03-20;2025-03-21;2025-03-22;2025-03-23;2025-03-24;2025-03-25;2025-03-26,2025-03-26,2,3319.172863007301,12347.729913675386,-0.4456492497219958,0.6783558230454219,1.0,12
2025-03-27,2025-03-28,2025-03-26,2025-02-28;2025-03-07;2025-03-14;2025-03-21,2025-03-20;2025-03-21;2025-03-22;2025-03-23;2025-03-24;2025-03-25;2025-03-26,2025-03-26,2,3449.4232725076213,12292.781454190474,-0.4211205160046231,0.6783558230454219,1.0,12
2025-03-27,2025-03-28,2025-03-26,2025-02-28;2025-03-07;2025-03-14;2025-03-21,2025-03-20;2025-03-21;2025-03-22;2025-03-23;2025-03-24;2025-03-25;2025-03-26,2025-03-26,2,4159.225775310433,11994.5303858954,-0.41950775439793714,0.6783558230454219,1.0,12
2025-03-27,2025-03-28,2025-03-26,2025-02-28;2025-03-07;2025-03-14;2025-03-21,2025-03-20;2025-03-21;2025-03-22;2025-03-23;2025-03-24;2025-03-25;2025-03-26,2025-03-26,2,5187.0043224671435,11565.535593003864,-0.4167565728335907,0.6783558230454219,1.0,12
2025-03-27,2025-03-28,2025-03-26,2025-02-28;2025-03-07;2025-03-14;2025-03-21,2025-03-20;2025-03-21;2025-03-22;2025-03-23;2025-03-24;2025-03-25;2025-03-26,2025-03-26,2,6260.800915696061,11118.403364579834,-0.41533354788651494,0.6783558230454219,1.0,12
2025-03-27,2025-03-28,2025-03-26,2025-02-28;2025-03-07;2025-03-14;2025-03-21,2025-03-20;2025-03-21;2025-03-22;2025-03-23;2025-03-24;2025-03-25;2025-03-26,2025-03-26,2,7231.143037767887,10715.652551820796,-0.41466946957787953,0.6783558230454219,1.0,12
2025-03-27,2025-03-28,2025-03-26,2025-02-28;2025-03-07;2025-03-14;2025-03-21,2025-03-20;2025-03-21;2025-03-22;2025-03-23;2025-03-24;2025-03-25;2025-03-26,2025-03-26,2,8417.116742522392,10224.372683001067,-0.41362591795002396,0.6783558230454219,1.0,12
2025-03-27,2025-03-28,2025-03-26,2025-02-28;2025-03-07;2025-03-14;2025-03-21,2025-03-20;2025-03-21;2025-03-22;2025-03-23;2025-03-24;2025-03-25;2025-03-26,2025-03-26,2,9699.856883139104,9694.142736486003,-0.41296183964138866,0.6783558230454219,1.0,12
2025-03-27,2025-03-28,2025-03-26,2025-02-28;2025-03-07;2025-03-14;2025-03-21,2025-03-20;2025-03-21;2025-03-22;2025-03-23;2025-03-24;2025-03-25;2025-03-26,2025-03-26,2,10640.31930042337,9306.373985599233,-0.4109321258691398,0.6783558230454219,1.0,12
2025-03-27,2025-03-28,2025-03-26,2025-02-28;2025-03-07;2025-03-14;2025-03-21,2025-03-20;2025-03-21;2025-03-22;2025-03-23;2025-03-24;2025-03-25;2025-03-26,2025-03-26,2,10800.0,9241.416218411765,-0.4030006650118583,0.6783558230454219,1.0,12
2025-03-28,2025-03-29,2025-03-27,2025-03-01;2025-03-08;2025-03-15;2025-03-22,2025-03-21;2025-03-22;2025-03-23;2025-03-24;2025-03-25;2025-03-26;2025-03-27,2025-03-27,2,1200.0,13457.119137543885,-0.4499921110419604,0.5983551777408138,1.0,12
2025-03-28,2025-03-29,2025-03-27,2025-03-01;2025-03-08;2025-03-15;2025-03-22,2025-03-21;2025-03-22;2025-03-23;2025-03-24;2025-03-25;2025-03-26;2025-03-27,2025-03-27,2,2191.9989592655998,13012.36285475809,-0.44777851667984253,0.5983551777408138,1.0,12
2025-03-28,2025-03-29,2025-03-27,2025-03-01;2025-03-08;2025-03-15;2025-03-22,2025-03-21;2025-03-22;2025-03-23;2025-03-24;2025-03-25;2025-03-26;2025-03-27,2025-03-27,2,3134.36951495154,12590.76070061099,-0.4456492497219958,0.5983551777408138,1.0,12
2025-03-28,2025-03-29,2025-03-27,2025-03-01;2025-03-08;2025-03-15;2025-03-22,2025-03-21;2025-03-22;2025-03-23;2025-03-24;2025-03-25;2025-03-26;2025-03-27,2025-03-27,2,3276.9536754152227,12529.965960354151,-0.4211205160046231,0.5983551777408138,1.0,12
2025-03-28,2025-03-29,2025-03-27,2025-03-01;2025-03-08;2025-03-15;2025-03-22,2025-03-21;2025-03-22;2025-03-23;2025-03-24;2025-03-25;2025-03-26;2025-03-27,2025-03-27,2,3935.230612246923,12253.29785588821,-0.41950775439793714,0.5983551777408138,1.0,12
2025-03-28,2025-03-29,2025-03-27,2025-03-01;2025-03-08;2025-03-15;2025-03-22,2025-03-21;2025-03-22;2025-03-23;2025-03-24;2025-03-25;2025-03-26;2025-03-27,2025-03-27,2,4775.510076954535,11902.400615288883,-0.4169463094932008,0.5983551777408138,1.0,12
2025-03-28,2025-03-29,2025-03-27,2025-03-01;2025-03-08;2025-03-15;2025-03-22,2025-03-21;2025-03-22;2025-03-23;2025-03-24;2025-03-25;2025-03-26;2025-03-27,2025-03-27,2,5843.518124198896,11457.485780565936,-0.41533354788651494,0.5983551777408138,1.0,12
2025-03-28,2025-03-29,2025-03-27,2025-03-01;2025-03-08;2025-03-15;2025-03-22,2025-03-21;2025-03-22;2025-03-23;2025-03-24;2025-03-25;2025-03-26;2025-03-27,2025-03-27,2,6762.78903706949,11075.905019642883,-0.41466946957787953,0.5983551777408138,1.0,12
2025-03-28,2025-03-29,2025-03-27,2025-03-01;2025-03-08;2025-03-15;2025-03-22,2025-03-21;2025-03-22;2025-03-23;2025-03-24;2025-03-25;2025-03-26;2025-03-27,2025-03-27,2,7988.483587563657,10568.169689659275,-0.413625917950024,0.5983551777408138,1.0,12
2025-03-28,2025-03-29,2025-03-27,2025-03-01;2025-03-08;2025-03-15;2025-03-22,2025-03-21;2025-03-22;2025-03-23;2025-03-24;2025-03-25;2025-03-26;2025-03-27,2025-03-27,2,9312.525651804106,10020.868063913653,-0.41296183964138866,0.5983551777408138,1.0,12
2025-03-28,2025-03-29,2025-03-27,2025-03-01;2025-03-08;2025-03-15;2025-03-22,2025-03-21;2025-03-22;2025-03-23;2025-03-24;2025-03-25;2025-03-26;2025-03-27,2025-03-27,2,10587.393959171395,9495.481438219078,-0.41106447304528765,0.5983551777408138,1.0,12
2025-03-28,2025-03-29,2025-03-27,2025-03-01;2025-03-08;2025-03-15;2025-03-22,2025-03-21;2025-03-22;2025-03-23;2025-03-24;2025-03-25;2025-03-26;2025-03-27,2025-03-27,2,10800.0,9408.29216538329,-0.40499289993776433,0.5983551777408138,1.0,12
2025-03-29,2025-03-30,2025-03-28,2025-03-02;2025-03-09;2025-03-16;2025-03-23,2025-03-22;2025-03-23;2025-03-24;2025-03-25;2025-03-26;2025-03-27;2025-03-28,2025-03-28,2,1200.0,36269.8473870527,-0.4544192997661961,0.9031240552103554,1.0,10
2025-03-29,2025-03-30,2025-03-28,2025-03-02;2025-03-09;2025-03-16;2025-03-23,2025-03-22;2025-03-23;2025-03-24;2025-03-25;2025-03-26;2025-03-27;2025-03-28,2025-03-28,2,2587.7180285038858,35639.92995171287,-0.4534706164681457,0.9031240552103554,1.0,10
2025-03-29,2025-03-30,2025-03-28,2025-03-02;2025-03-09;2025-03-16;2025-03-23,2025-03-22;2025-03-23;2025-03-24;2025-03-25;2025-03-26;2025-03-27;2025-03-28,2025-03-28,2,4059.8870481701806,34973.05276153452,-0.45252193317009515,0.9031240552103554,1.0,10
2025-03-29,2025-03-30,2025-03-28,2025-03-02;2025-03-09;2025-03-16;2025-03-23,2025-03-22;2025-03-23;2025-03-24;2025-03-25;2025-03-26;2025-03-27;2025-03-28,2025-03-28,2,5164.013812919845,34474.4055374577,-0.45104620359534986,0.9031240552103554,1.0,10
2025-03-29,2025-03-30,2025-03-28,2025-03-02;2025-03-09;2025-03-16;2025-03-23,2025-03-22;2025-03-23;2025-03-24;2025-03-25;2025-03-26;2025-03-27;2025-03-28,2025-03-28,2,7881.324191058629,33250.642950070265,-0.4499921110419604,0.9031240552103554,1.0,10
2025-03-29,2025-03-30,2025-03-28,2025-03-02;2025-03-09;2025-03-16;2025-03-23,2025-03-22;2025-03-23;2025-03-24;2025-03-25;2025-03-26;2025-03-27;2025-03-28,2025-03-28,2,9229.311537094303,32646.941004304063,-0.44746228891382567,0.9031240552103554,1.0,10
2025-03-29,2025-03-30,2025-03-28,2025-03-02;2025-03-09;2025-03-16;2025-03-23,2025-03-22;2025-03-23;2025-03-24;2025-03-25;2025-03-26;2025-03-27;2025-03-28,2025-03-28,2,9619.138707722623,32473.53274216364,-0.4374413823729366,0.9031240552103554,1.0,10
2025-03-29,2025-03-30,2025-03-28,2025-03-02;2025-03-09;2025-03-16;2025-03-23,2025-03-22;2025-03-23;2025-03-24;2025-03-25;2025-03-26;2025-03-27;2025-03-28,2025-03-28,2,10115.891788507137,32257.95445689058,-0.4301517467592743,0.9031240552103554,1.0,10
2025-03-29,2025-03-30,2025-03-28,2025-03-02;2025-03-09;2025-03-16;2025-03-23,2025-03-22;2025-03-23;2025-03-24;2025-03-25;2025-03-26;2025-03-27;2025-03-28,2025-03-28,2,10475.812829791626,32104.6622531806,-0.4211205160046231,0.9031240552103554,1.0,10
2025-03-29,2025-03-30,2025-03-28,2025-03-02;2025-03-09;2025-03-16;2025-03-23,2025-03-22;2025-03-23;2025-03-24;2025-03-25;2025-03-26;2025-03-27;2025-03-28,2025-03-28,2,10800.0,31968.140384780367,-0.4030006650118583,0.9031240552103554,1.0,10
2025-03-30,2025-03-31,2025-03-29,2025-03-03;2025-03-10;2025-03-17;2025-03-24,2025-03-23;2025-03-24;2025-03-25;2025-03-26;2025-03-27;2025-03-28;2025-03-29,2025-03-29,2,1200.0,35502.9606189613,-0.4544192997661961,0.9822559687818284,1.0,10
2025-03-30,2025-03-31,2025-03-29,2025-03-03;2025-03-10;2025-03-17;2025-03-24,2025-03-23;2025-03-24;2025-03-25;2025-03-26;2025-03-27;2025-03-28;2025-03-29,2025-03-29,2,2587.718089495845,34873.04315590554,-0.4534706164681456,0.9822559687818284,1.0,10
2025-03-30,2025-03-31,2025-03-29,2025-03-03;2025-03-10;2025-03-17;2025-03-24,2025-03-23;2025-03-24;2025-03-25;2025-03-26;2025-03-27;2025-03-28;2025-03-29,2025-03-29,2,4059.8871091560627,34206.165965729946,-0.45252193317009515,0.9822559687818284,1.0,10
2025-03-30,2025-03-31,2025-03-29,2025-03-03;2025-03-10;2025-03-17;2025-03-24,2025-03-23;2025-03-24;2025-03-25;2025-03-26;2025-03-27;2025-03-28;2025-03-29,2025-03-29,2,5164.013873901145,33707.51874165519,-0.45104620359534986,0.9822559687818284,1.0,10
2025-03-30,2025-03-31,2025-03-29,2025-03-03;2025-03-10;2025-03-17;2025-03-24,2025-03-23;2025-03-24;2025-03-25;2025-03-26;2025-03-27;2025-03-28;2025-03-29,2025-03-29,2,7929.912251667765,32461.89193774392,-0.44999211104196035,0.9822559687818284,1.0,10
2025-03-30,2025-03-31,2025-03-29,2025-03-03;2025-03-10;2025-03-17;2025-03-24,2025-03-23;2025-03-24;2025-03-25;2025-03-26;2025-03-27;2025-03-28;2025-03-29,2025-03-29,2,9243.552251550524,31873.682053102028,-0.44746228891382567,0.9822559687818284,1.0,10
2025-03-30,2025-03-31,2025-03-29,2025-03-03;2025-03-10;2025-03-17;2025-03-24,2025-03-23;2025-03-24;2025-03-25;2025-03-26;2025-03-27;2025-03-28;2025-03-29,2025-03-29,2,9618.080179876637,31707.114520323405,-0.4369494725146882,0.9822559687818284,1.0,10
2025-03-30,2025-03-31,2025-03-29,2025-03-03;2025-03-10;2025-03-17;2025-03-24,2025-03-23;2025-03-24;2025-03-25;2025-03-26;2025-03-27;2025-03-28;2025-03-29,2025-03-29,2,10128.271173589952,31485.82841530863,-0.42893836910892824,0.9822559687818284,1.0,10
2025-03-30,2025-03-31,2025-03-29,2025-03-03;2025-03-10;2025-03-17;2025-03-24,2025-03-23;2025-03-24;2025-03-25;2025-03-26;2025-03-27;2025-03-28;2025-03-29,2025-03-29,2,10486.800003831766,31333.202988744662,-0.4211205160046231,0.9822559687818284,1.0,10
2025-03-30,2025-03-31,2025-03-29,2025-03-03;2025-03-10;2025-03-17;2025-03-24,2025-03-23;2025-03-24;2025-03-25;2025-03-26;2025-03-27;2025-03-28;2025-03-29,2025-03-29,2,10800.0,31201.30804474565,-0.4030006650118583,0.9822559687818284,1.0,10
2025-03-31,2025-04-01,2025-03-30,2025-03-04;2025-03-11;2025-03-18;2025-03-25,2025-03-24;2025-03-25;2025-03-26;2025-03-27;2025-03-28;2025-03-29;2025-03-30,2025-03-30,2,1200.0,35161.20008545369,-0.4544192997661961,0.7218864701208076,1.0,11
2025-03-31,2025-04-01,2025-03-30,2025-03-04;2025-03-11;2025-03-18;2025-03-25,2025-03-24;2025-03-25;2025-03-26;2025-03-27;2025-03-28;2025-03-29;2025-03-30,2025-03-30,2,2587.718127889526,34531.282604951106,-0.4534706164681457,0.7218864701208076,1.0,11
2025-03-31,2025-04-01,2025-03-30,2025-03-04;2025-03-11;2025-03-18;2025-03-25,2025-03-24;2025-03-25;2025-03-26;2025-03-27;2025-03-28;2025-03-29;2025-03-30,2025-03-30,2,4059.8871475558203,33864.40541477276,-0.45252193317009515,0.7218864701208076,1.0,11
2025-03-31,2025-04-01,2025-03-30,2025-03-04;2025-03-11;2025-03-18;2025-03-25,2025-03-24;2025-03-25;2025-03-26;2025-03-27;2025-03-28;2025-03-29;2025-03-30,2025-03-30,2,5164.013912305485,33365.75819069594,-0.45104620359534986,0.7218864701208076,1.0,11
2025-03-31,2025-04-01,2025-03-30,2025-03-04;2025-03-11;2025-03-18;2025-03-25,2025-03-24;2025-03-25;2025-03-26;2025-03-27;2025-03-28;2025-03-29;2025-03-30,2025-03-30,2,7921.672647130324,32123.83916110627,-0.4499921110419604,0.7218864701208076,1.0,11
2025-03-31,2025-04-01,2025-03-30,2025-03-04;2025-03-11;2025-03-18;2025-03-25,2025-03-24;2025-03-25;2025-03-26;2025-03-27;2025-03-28;2025-03-29;2025-03-30,2025-03-30,2,9242.026044157072,31532.604439580908,-0.44746228891382567,0.7218864701208076,1.0,11
2025-03-31,2025-04-01,2025-03-30,2025-03-04;2025-03-11;2025-03-18;2025-03-25,2025-03-24;2025-03-25;2025-03-26;2025-03-27;2025-03-28;2025-03-29;2025-03-30,2025-03-30,2,9613.804669265257,31367.20714826865,-0.4370434162019025,0.7218864701208076,1.0,11
2025-03-31,2025-04-01,2025-03-30,2025-03-04;2025-03-11;2025-03-18;2025-03-25,2025-03-24;2025-03-25;2025-03-26;2025-03-27;2025-03-28;2025-03-29;2025-03-30,2025-03-30,2,9891.2793883843,31246.511678833453,-0.4332952849962713,0.7218864701208076,1.0,11
2025-03-31,2025-04-01,2025-03-30,2025-03-04;2025-03-11;2025-03-18;2025-03-25,2025-03-24;2025-03-25;2025-03-26;2025-03-27;2025-03-28;2025-03-29;2025-03-30,2025-03-30,2,10110.485942953972,31152.02037696528,-0.4284464592506798,0.7218864701208076,1.0,11
2025-03-31,2025-04-01,2025-03-30,2025-03-04;2025-03-11;2025-03-18;2025-03-25,2025-03-24;2025-03-25;2025-03-26;2025-03-27;2025-03-28;2025-03-29;2025-03-30,2025-03-30,2,10477.491885022013,30995.582135951765,-0.4211205160046231,0.7218864701208076,1.0,11
2025-03-31,2025-04-01,2025-03-30,2025-03-04;2025-03-11;2025-03-18;2025-03-25,2025-03-24;2025-03-25;2025-03-26;2025-03-27;2025-03-28;2025-03-29;2025-03-30,2025-03-30,2,10800.0,30859.76735215656,-0.4030006650118583,0.7218864701208076,1.0,11
2025-04-01,2025-04-02,2025-03-31,2025-03-05;2025-03-12;2025-03-19;2025-03-26,2025-03-25;2025-03-26;2025-03-27;2025-03-28;2025-03-29;2025-03-30;2025-03-31,2025-03-31,2,1200.0,34419.30881455215,-0.4544192997661961,0.9198933519983257,1.0,11
2025-04-01,2025-04-02,2025-03-31,2025-03-05;2025-03-12;2025-03-19;2025-03-26,2025-03-25;2025-03-26;2025-03-27;2025-03-28;2025-03-29;2025-03-30;2025-03-31,2025-03-31,2,2544.4563775081915,33809.04682749056,-0.4534706164681457,0.9198933519983257,1.0,11
2025-04-01,2025-04-02,2025-03-31,2025-03-05;2025-03-12;2025-03-19;2025-03-26,2025-03-25;2025-03-26;2025-03-27;2025-03-28;2025-03-29;2025-03-30;2025-03-31,2025-03-31,2,4011.612185444184,33144.44170644975,-0.45252193317009515,0.9198933519983257,1.0,11
2025-04-01,2025-04-02,2025-03-31,2025-03-05;2025-03-12;2025-03-19;2025-03-26,2025-03-25;2025-03-26;2025-03-27;2025-03-28;2025-03-29;2025-03-30;2025-03-31,2025-03-31,2,5111.979041396146,32647.490014556017,-0.45104620359534986,0.9198933519983257,1.0,11
2025-04-01,2025-04-02,2025-03-31,2025-03-05;2025-03-12;2025-03-19;2025-03-26,2025-03-25;2025-03-26;2025-03-27;2025-03-28;2025-03-29;2025-03-30;2025-03-31,2025-03-31,2,7321.79621342092,31652.10127534186,-0.44999211104196046,0.9198933519983257,1.0,11
2025-04-01,2025-04-02,2025-03-31,2025-03-05;2025-03-12;2025-03-19;2025-03-26,2025-03-25;2025-03-26;2025-03-27;2025-03-28;2025-03-29;2025-03-30;2025-03-31,2025-03-31,2,8078.332513538348,31311.877367095694,-0.4477785166798426,0.9198933519983257,1.0,11
2025-04-01,2025-04-02,2025-03-31,2025-03-05;2025-03-12;2025-03-19;2025-03-26,2025-03-25;2025-03-26;2025-03-27;2025-03-28;2025-03-29;2025-03-30;2025-03-31,2025-03-31,2,9076.458340156545,30865.042241569565,-0.44746228891382567,0.9198933519983257,1.0,11
2025-04-01,2025-04-02,2025-03-31,2025-03-05;2025-03-12;2025-03-19;2025-03-26,2025-03-25;2025-03-26;2025-03-27;2025-03-28;2025-03-29;2025-03-30;2025-03-31,2025-03-31,2,9612.727332176348,30625.679224255284,-0.44164018437727126,0.9198933519983257,1.0,11
2025-04-01,2025-04-02,2025-03-31,2025-03-05;2025-03-12;2025-03-19;2025-03-26,2025-03-25;2025-03-26;2025-03-27;2025-03-28;2025-03-29;2025-03-30;2025-03-31,2025-03-31,2,9994.675773217981,30458.228093653852,-0.4340507179928672,0.9198933519983257,1.0,11
2025-04-01,2025-04-02,2025-03-31,2025-03-05;2025-03-12;2025-03-19;2025-03-26,2025-03-25;2025-03-26;2025-03-27;2025-03-28;2025-03-29;2025-03-30;2025-03-31,2025-03-31,2,10370.399104379081,30298.77064123751,-0.4211205160046231,0.9198933519983257,1.0,11
2025-04-01,2025-04-02,2025-03-31,2025-03-05;2025-03-12;2025-03-19;2025-03-26,2025-03-25;2025-03-26;2025-03-27;2025-03-28;2025-03-29;2025-03-30;2025-03-31,2025-03-31,2,10800.0,30117.9314764573,-0.4030006650118583,0.9198933519983257,1.0,11
2025-04-02,2025-04-03,2025-04-01,2025-03-06;2025-03-13;2025-03-20;2025-03-27,2025-03-26;2025-03-27;2025-03-28;2025-03-29;2025-03-30;2025-03-31;2025-04-01,2025-04-01,2,1200.0,34437.60842885164,-0.4544192997661961,0.8017831061442848,1.0,11
2025-04-02,2025-04-03,2025-04-01,2025-03-06;2025-03-13;2025-03-20;2025-03-27,2025-03-26;2025-03-27;2025-03-28;2025-03-29;2025-03-30;2025-03-31;2025-04-01,2025-04-01,2,2754.1679793576122,33732.08385240863,-0.4534706164681456,0.8017831061442848,1.0,11
2025-04-02,2025-04-03,2025-04-01,2025-03-06;2025-03-13;2025-03-20;2025-03-27,2025-03-26;2025-03-27;2025-03-28;2025-03-29;2025-03-30;2025-03-31;2025-04-01,2025-04-01,2,3636.163094913372,33332.24236921504,-0.4525219331700951,0.8017831061442848,1.0,11
2025-04-02,2025-04-03,2025-04-01,2025-03-06;2025-03-13;2025-03-20;2025-03-27,2025-03-26;2025-03-27;2025-03-28;2025-03-29;2025-03-30;2025-03-31;2025-04-01,2025-04-01,2,5813.213704363137,32348.6184887176,-0.45104620359534986,0.8017831061442848,1.0,11
2025-04-02,2025-04-03,2025-04-01,2025-03-06;2025-03-13;2025-03-20;2025-03-27,2025-03-26;2025-03-27;2025-03-28;2025-03-29;2025-03-30;2025-03-31;2025-04-01,2025-04-01,2,7862.2025132570025,31425.974701914078,-0.4499921110419604,0.8017831061442848,1.0,11
2025-04-02,2025-04-03,2025-04-01,2025-03-06;2025-03-13;2025-03-20;2025-03-27,2025-03-26;2025-03-27;2025-03-28;2025-03-29;2025-03-30;2025-03-31;2025-04-01,2025-04-01,2,8472.85281955033,31151.403214555037,-0.44777851667984253,0.8017831061442848,1.0,11
2025-04-02,2025-04-03,2025-04-01,2025-03-06;2025-03-13;2025-03-20;2025-03-27,2025-03-26;2025-03-27;2025-03-28;2025-03-29;2025-03-30;2025-03-31;2025-04-01,2025-04-01,2,9684.692989135134,30608.934105396587,-0.44746228891382567,0.8017831061442848,1.0,11
2025-04-02,2025-04-03,2025-04-01,2025-03-06;2025-03-13;2025-03-20;2025-03-27,2025-03-26;2025-03-27;2025-03-28;2025-03-29;2025-03-30;2025-03-31;2025-04-01,2025-04-01,2,10009.824441869272,30463.58320288887,-0.4256868449459062,0.8017831061442848,1.0,11
2025-04-02,2025-04-03,2025-04-01,2025-03-06;2025-03-13;2025-03-20;2025-03-27,2025-03-26;2025-03-27;2025-03-28;2025-03-29;2025-03-30;2025-03-31;2025-04-01,2025-04-01,2,10290.472109085233,30345.263550924814,-0.4211205160046231,0.8017831061442848,1.0,11
2025-04-02,2025-04-03,2025-04-01,2025-03-06;2025-03-13;2025-03-20;2025-03-27,2025-03-26;2025-03-27;2025-03-28;2025-03-29;2025-03-30;2025-03-31;2025-04-01,2025-04-01,2,10698.464267533565,30173.970721138285,-0.41006659876141227,0.8017831061442848,1.0,11
2025-04-02,2025-04-03,2025-04-01,2025-03-06;2025-03-13;2025-03-20;2025-03-27,2025-03-26;2025-03-27;2025-03-28;2025-03-29;2025-03-30;2025-03-31;2025-04-01,2025-04-01,2,10800.0,30132.530714926776,-0.4030006650118583,0.8017831061442848,1.0,11
2025-04-03,2025-04-04,2025-04-02,2025-03-07;2025-03-14;2025-03-21;2025-03-28,2025-03-27;2025-03-28;2025-03-29;2025-03-30;2025-03-31;2025-04-01;2025-04-02,2025-04-02,2,1200.0,13311.835247301497,-0.4499921110419604,0.4787964172901411,1.0,11
2025-04-03,2025-04-04,2025-04-02,2025-03-07;2025-03-14;2025-03-21;2025-03-28,2025-03-27;2025-03-28;2025-03-29;2025-03-30;2025-03-31;2025-04-01;2025-04-02,2025-04-02,2,1885.6533589425496,13003.515394867929,-0.44777851667984253,0.4787964172901411,1.0,11
2025-04-03,2025-04-04,2025-04-02,2025-03-07;2025-03-14;2025-03-21;2025-03-28,2025-03-27;2025-03-28;2025-03-29;2025-03-30;2025-03-31;2025-04-01;2025-04-02,2025-04-02,2,3362.3484133566735,12342.531295792058,-0.44746228891382567,0.4787964172901411,1.0,11
2025-04-03,2025-04-04,2025-04-02,2025-03-07;2025-03-14;2025-03-21;2025-03-28,2025-03-27;2025-03-28;2025-03-29;2025-03-30;2025-03-31;2025-04-01;2025-04-02,2025-04-02,2,3484.012269539095,12291.148040676926,-0.4211205160046231,0.4787964172901411,1.0,11
2025-04-03,2025-04-04,2025-04-02,2025-03-07;2025-03-14;2025-03-21;2025-03-28,2025-03-27;2025-03-28;2025-03-29;2025-03-30;2025-03-31;2025-04-01;2025-04-02,2025-04-02,2,4184.464207279076,11996.778179485053,-0.41950775439793714,0.4787964172901411,1.0,11
2025-04-03,2025-04-04,2025-04-02,2025-03-07;2025-03-14;2025-03-21;2025-03-28,2025-03-27;2025-03-28;2025-03-29;2025-03-30;2025-03-31;2025-04-01;2025-04-02,2025-04-02,2,5239.532761241491,11556.466604565558,-0.4167565728335907,0.4787964172901411,1.0,11
2025-04-03,2025-04-04,2025-04-02,2025-03-07;2025-03-14;2025-03-21;2025-03-28,2025-03-27;2025-03-28;2025-03-29;2025-03-30;2025-03-31;2025-04-01;2025-04-02,2025-04-02,2,6161.681211146549,11172.515620408882,-0.41533354788651494,0.4787964172901411,1.0,11
2025-04-03,2025-04-04,2025-04-02,2025-03-07;2025-03-14;2025-03-21;2025-03-28,2025-03-27;2025-03-28;2025-03-29;2025-03-30;2025-03-31;2025-04-01;2025-04-02,2025-04-02,2,7199.294950620753,10741.88843796483,-0.41466946957787953,0.4787964172901411,1.0,11
2025-04-03,2025-04-04,2025-04-02,2025-03-07;2025-03-14;2025-03-21;2025-03-28,2025-03-27;2025-03-28;2025-03-29;2025-03-30;2025-03-31;2025-04-01;2025-04-02,2025-04-02,2,8467.489521089277,10216.564938676245,-0.413625917950024,0.4787964172901411,1.0,11
2025-04-03,2025-04-04,2025-04-02,2025-03-07;2025-03-14;2025-03-21;2025-03-28,2025-03-27;2025-03-28;2025-03-29;2025-03-30;2025-03-31;2025-04-01;2025-04-02,2025-04-02,2,9774.982760383908,9676.062054689311,-0.41296183964138866,0.4787964172901411,1.0,11
2025-04-03,2025-04-04,2025-04-02,2025-03-07;2025-03-14;2025-03-21;2025-03-28,2025-03-27;2025-03-28;2025-03-29;2025-03-30;2025-03-31;2025-04-01;2025-04-02,2025-04-02,2,10800.0,9253.205377450948,-0.4030006650118583,0.4787964172901411,1.0,11
2025-04-04,2025-04-05,2025-04-03,2025-03-08;2025-03-15;2025-03-22;2025-03-29,2025-03-28;2025-03-29;2025-03-30;2025-03-31;2025-04-01;2025-04-02;2025-04-03,2025-04-03,2,1200.0,13441.68483390417,-0.4499921110419604,0.48457230924032046,1.0,11
2025-04-04,2025-04-05,2025-04-03,2025-03-08;2025-03-15;2025-03-22;2025-03-29,2025-03-28;2025-03-29;2025-03-30;2025-03-31;2025-04-01;2025-04-02;2025-04-03,2025-04-03,2,1847.733369427892,13150.428677602991,-0.44777851667984253,0.48457230924032046,1.0,11
2025-04-04,2025-04-05,2025-04-03,2025-03-08;2025-03-15;2025-03-22;2025-03-29,2025-03-28;2025-03-29;2025-03-30;2025-03-31;2025-04-01;2025-04-02;2025-04-03,2025-04-03,2,3327.19035139309,12488.208720103303,-0.44746228891382567,0.48457230924032046,1.0,11
2025-04-04,2025-04-05,2025-04-03,2025-03-08;2025-03-15;2025-03-22;2025-03-29,2025-03-28;2025-03-29;2025-03-30;2025-03-31;2025-04-01;2025-04-02;2025-04-03,2025-04-03,2,3449.0817608237985,12436.802391715159,-0.4211205160046231,0.48457230924032046,1.0,11
2025-04-04,2025-04-05,2025-04-03,2025-03-08;2025-03-15;2025-03-22;2025-03-29,2025-03-28;2025-03-29;2025-03-30;2025-03-31;2025-04-01;2025-04-02;2025-04-03,2025-04-03,2,4167.578897877562,12134.845385440816,-0.41950775439793714,0.48457230924032046,1.0,11
2025-04-04,2025-04-05,2025-04-03,2025-03-08;2025-03-15;2025-03-22;2025-03-29,2025-03-28;2025-03-29;2025-03-30;2025-03-31;2025-04-01;2025-04-02;2025-04-03,2025-04-03,2,5213.019184741474,11698.534395555664,-0.4167565728335907,0.48457230924032046,1.0,11
2025-04-04,2025-04-05,2025-04-03,2025-03-08;2025-03-15;2025-03-22;2025-03-29,2025-03-28;2025-03-29;2025-03-30;2025-03-31;2025-04-01;2025-04-02;2025-04-03,2025-04-03,2,6164.616860760025,11302.300092553845,-0.41533354788651494,0.48457230924032046,1.0,11
2025-04-04,2025-04-05,2025-04-03,2025-03-08;2025-03-15;2025-03-22;2025-03-29,2025-03-28;2025-03-29;2025-03-30;2025-03-31;2025-04-01;2025-04-02;2025-04-03,2025-04-03,2,7187.3594318859405,10877.849689898261,-0.41466946957787953,0.48457230924032046,1.0,11
2025-04-04,2025-04-05,2025-04-03,2025-03-08;2025-03-15;2025-03-22;2025-03-29,2025-03-28;2025-03-29;2025-03-30;2025-03-31;2025-04-01;2025-04-02;2025-04-03,2025-04-03,2,8437.378129928778,10360.060549699265,-0.413625917950024,0.48457230924032046,1.0,11
2025-04-04,2025-04-05,2025-04-03,2025-03-08;2025-03-15;2025-03-22;2025-03-29,2025-03-28;2025-03-29;2025-03-30;2025-03-31;2025-04-01;2025-04-02;2025-04-03,2025-04-03,2,9769.355055659084,9809.44945780894,-0.41296183964138866,0.48457230924032046,1.0,11
2025-04-04,2025-04-05,2025-04-03,2025-03-08;2025-03-15;2025-03-22;2025-03-29,2025-03-28;2025-03-29;2025-03-30;2025-03-31;2025-04-01;2025-04-02;2025-04-03,2025-04-03,2,10800.0,9384.300875352787,-0.4030006650118583,0.48457230924032046,1.0,11
2025-04-05,2025-04-06,2025-04-04,2025-03-09;2025-03-16;2025-03-23;2025-03-30,2025-03-29;2025-03-30;2025-03-31;2025-04-01;2025-04-02;2025-04-03;2025-04-04,2025-04-04,2,1200.0,34713.52177156584,-0.4544192997661961,0.8007977285597008,1.0,11
2025-04-05,2025-04-06,2025-04-04,2025-03-09;2025-03-16;2025-03-23;2025-03-30,2025-03-29;2025-03-30;2025-03-31;2025-04-01;2025-04-02;2025-04-03;2025-04-04,2025-04-04,2,2884.7930802568862,33948.60923167419,-0.4534706164681456,0.8007977285597008,1.0,11
2025-04-05,2025-04-06,2025-04-04,2025-03-09;2025-03-16;2025-03-23;2025-03-30,2025-03-29;2025-03-30;2025-03-31;2025-04-01;2025-04-02;2025-04-03;2025-04-04,2025-04-04,2,3735.4747468497953,33562.96716750559,-0.4525219331700951,0.8007977285597008,1.0,11
2025-04-05,2025-04-06,2025-04-04,2025-03-09;2025-03-16;2025-03-23;2025-03-30,2025-03-29;2025-03-30;2025-03-31;2025-04-01;2025-04-02;2025-04-03;2025-04-04,2025-04-04,2,5906.185326468593,32582.262346486157,-0.45104620359534986,0.8007977285597008,1.0,11
2025-04-05,2025-04-06,2025-04-04,2025-03-09;2025-03-16;2025-03-23;2025-03-30,2025-03-29;2025-03-30;2025-03-31;2025-04-01;2025-04-02;2025-04-03;2025-04-04,2025-04-04,2,7949.207048462725,31662.311258741036,-0.4499921110419604,0.8007977285597008,1.0,11
2025-04-05,2025-04-06,2025-04-04,2025-03-09;2025-03-16;2025-03-23;2025-03-30,2025-03-29;2025-03-30;2025-03-31;2025-04-01;2025-04-02;2025-04-03;2025-04-04,2025-04-04,2,8560.358245998508,31387.521707297543,-0.44777851667984253,0.8007977285597008,1.0,11
2025-04-05,2025-04-06,2025-04-04,2025-03-09;2025-03-16;2025-03-23;2025-03-30,2025-03-29;2025-03-30;2025-03-31;2025-04-01;2025-04-02;2025-04-03;2025-04-04,2025-04-04,2,9682.006969788808,30885.402535891604,-0.44746228891382567,0.8007977285597008,1.0,11
2025-04-05,2025-04-06,2025-04-04,2025-03-09;2025-03-16;2025-03-23;2025-03-30,2025-03-29;2025-03-30;2025-03-31;2025-04-01;2025-04-02;2025-04-03;2025-04-04,2025-04-04,2,10014.67528724163,30736.681545802545,-0.42483302997766076,0.8007977285597008,1.0,11
2025-04-05,2025-04-06,2025-04-04,2025-03-09;2025-03-16;2025-03-23;2025-03-30,2025-03-29;2025-03-30;2025-03-31;2025-04-01;2025-04-02;2025-04-03;2025-04-04,2025-04-04,2,10272.818322228673,30627.83668101831,-0.4211205160046231,0.8007977285597008,1.0,11
2025-04-05,2025-04-06,2025-04-04,2025-03-09;2025-03-16;2025-03-23;2025-03-30,2025-03-29;2025-03-30;2025-03-31;2025-04-01;2025-04-02;2025-04-03;2025-04-04,2025-04-04,2,10648.094322480343,30470.21926691988,-0.40732595812259964,0.8007977285597008,1.0,11
2025-04-05,2025-04-06,2025-04-04,2025-03-09;2025-03-16;2025-03-23;2025-03-30,2025-03-29;2025-03-30;2025-03-31;2025-04-01;2025-04-02;2025-04-03;2025-04-04,2025-04-04,2,10800.0,30408.582169088677,-0.4030006650118583,0.8007977285597008,1.0,11
2025-04-06,2025-04-07,2025-04-05,2025-03-10;2025-03-17;2025-03-24;2025-03-31,2025-03-30;2025-03-31;2025-04-01;2025-04-02;2025-04-03;2025-04-04;2025-04-05,2025-04-05,2,1200.0,34782.60174498687,-0.4544192997661961,0.8007977285669767,1.0,11
2025-04-06,2025-04-07,2025-04-05,2025-03-10;2025-03-17;2025-03-24;2025-03-31,2025-03-30;2025-03-31;2025-04-01;2025-04-02;2025-04-03;2025-04-04;2025-04-05,2025-04-05,2,2884.7930802530514,34017.68920509696,-0.4534706164681456,0.8007977285669767,1.0,11
2025-04-06,2025-04-07,2025-04-05,2025-03-10;2025-03-17;2025-03-24;2025-03-31,2025-03-30;2025-03-31;2025-04-01;2025-04-02;2025-04-03;2025-04-04;2025-04-05,2025-04-05,2,3735.4747468497953,33632.047140926625,-0.4525219331700951,0.8007977285669767,1.0,11
2025-04-06,2025-04-07,2025-04-05,2025-03-10;2025-03-17;2025-03-24;2025-03-31,2025-03-30;2025-03-31;2025-04-01;2025-04-02;2025-04-03;2025-04-04;2025-04-05,2025-04-05,2,5906.185326468593,32651.34231990719,-0.45104620359534986,0.8007977285669767,1.0,11
2025-04-06,2025-04-07,2025-04-05,2025-03-10;2025-03-17;2025-03-24;2025-03-31,2025-03-30;2025-03-31;2025-04-01;2025-04-02;2025-04-03;2025-04-04;2025-04-05,2025-04-05,2,7949.207048462725,31731.391232162074,-0.4499921110419604,0.8007977285669767,1.0,11
2025-04-06,2025-04-07,2025-04-05,2025-03-10;2025-03-17;2025-03-24;2025-03-31,2025-03-30;2025-03-31;2025-04-01;2025-04-02;2025-04-03;2025-04-04;2025-04-05,2025-04-05,2,8560.358246001384,31456.601680717293,-0.44777851667984253,0.8007977285669767,1.0,11
2025-04-06,2025-04-07,2025-04-05,2025-03-10;2025-03-17;2025-03-24;2025-03-31,2025-03-30;2025-03-31;2025-04-01;2025-04-02;2025-04-03;2025-04-04;2025-04-05,2025-04-05,2,9682.006969788668,30954.4825093127,-0.44746228891382567,0.8007977285669767,1.0,11
2025-04-06,2025-04-07,2025-04-05,2025-03-10;2025-03-17;2025-03-24;2025-03-31,2025-03-30;2025-03-31;2025-04-01;2025-04-02;2025-04-03;2025-04-04;2025-04-05,2025-04-05,2,10014.675287241353,30805.7615192237,-0.42483302997766076,0.8007977285669767,1.0,11
2025-04-06,2025-04-07,2025-04-05,2025-03-10;2025-03-17;2025-03-24;2025-03-31,2025-03-30;2025-03-31;2025-04-01;2025-04-02;2025-04-03;2025-04-04;2025-04-05,2025-04-05,2,10272.81832222851,30696.916654439417,-0.4211205160046231,0.8007977285669767,1.0,11
2025-04-06,2025-04-07,2025-04-05,2025-03-10;2025-03-17;2025-03-24;2025-03-31,2025-03-30;2025-03-31;2025-04-01;2025-04-02;2025-04-03;2025-04-04;2025-04-05,2025-04-05,2,10648.094322480343,30539.29924034092,-0.40732595812259964,0.8007977285669767,1.0,11
2025-04-06,2025-04-07,2025-04-05,2025-03-10;2025-03-17;2025-03-24;2025-03-31,2025-03-30;2025-03-31;2025-04-01;2025-04-02;2025-04-03;2025-04-04;2025-04-05,2025-04-05,2,10800.0,30477.662142509715,-0.4030006650118583,0.8007977285669767,1.0,11
2025-04-07,2025-04-08,2025-04-06,2025-03-11;2025-03-18;2025-03-25;2025-04-01,2025-03-31;2025-04-01;2025-04-02;2025-04-03;2025-04-04;2025-04-05;2025-04-06,2025-04-06,2,1200.0,34855.65648017281,-0.4544192997661961,0.8007977285669767,1.0,11
2025-04-07,2025-04-08,2025-04-06,2025-03-11;2025-03-18;2025-03-25;2025-04-01,2025-03-31;2025-04-01;2025-04-02;2025-04-03;2025-04-04;2025-04-05;2025-04-06,2025-04-06,2,2884.7930802530514,34090.74394028291,-0.4534706164681456,0.8007977285669767,1.0,11
2025-04-07,2025-04-08,2025-04-06,2025-03-11;2025-03-18;2025-03-25;2025-04-01,2025-03-31;2025-04-01;2025-04-02;2025-04-03;2025-04-04;2025-04-05;2025-04-06,2025-04-06,2,3735.474746847638,33705.10187611354,-0.4525219331700951,0.8007977285669767,1.0,11
2025-04-07,2025-04-08,2025-04-06,2025-03-11;2025-03-18;2025-03-25;2025-04-01,2025-03-31;2025-04-01;2025-04-02;2025-04-03;2025-04-04;2025-04-05;2025-04-06,2025-04-06,2,5906.185326467547,32724.397055093606,-0.45104620359534986,0.8007977285669767,1.0,11
2025-04-07,2025-04-08,2025-04-06,2025-03-11;2025-03-18;2025-03-25;2025-04-01,2025-03-31;2025-04-01;2025-04-02;2025-04-03;2025-04-04;2025-04-05;2025-04-06,2025-04-06,2,7949.207048462725,31804.445967348016,-0.4499921110419604,0.8007977285669767,1.0,11
2025-04-07,2025-04-08,2025-04-06,2025-03-11;2025-03-18;2025-03-25;2025-04-01,2025-03-31;2025-04-01;2025-04-02;2025-04-03;2025-04-04;2025-04-05;2025-04-06,2025-04-06,2,8560.358245998508,31529.656415904527,-0.44777851667984253,0.8007977285669767,1.0,11
2025-04-07,2025-04-08,2025-04-06,2025-03-11;2025-03-18;2025-03-25;2025-04-01,2025-03-31;2025-04-01;2025-04-02;2025-04-03;2025-04-04;2025-04-05;2025-04-06,2025-04-06,2,9682.006969788668,31027.537244498646,-0.44746228891382567,0.8007977285669767,1.0,11
2025-04-07,2025-04-08,2025-04-06,2025-03-11;2025-03-18;2025-03-25;2025-04-01,2025-03-31;2025-04-01;2025-04-02;2025-04-03;2025-04-04;2025-04-05;2025-04-06,2025-04-06,2,10014.67528724163,30878.816254409525,-0.42483302997766076,0.8007977285669767,1.0,11
2025-04-07,2025-04-08,2025-04-06,2025-03-11;2025-03-18;2025-03-25;2025-04-01,2025-03-31;2025-04-01;2025-04-02;2025-04-03;2025-04-04;2025-04-05;2025-04-06,2025-04-06,2,10272.818322228673,30769.971389625294,-0.4211205160046231,0.8007977285669767,1.0,11
2025-04-07,2025-04-08,2025-04-06,2025-03-11;2025-03-18;2025-03-25;2025-04-01,2025-03-31;2025-04-01;2025-04-02;2025-04-03;2025-04-04;2025-04-05;2025-04-06,2025-04-06,2,10648.094322480343,30612.353975526865,-0.40732595812259964,0.8007977285669767,1.0,11
2025-04-07,2025-04-08,2025-04-06,2025-03-11;2025-03-18;2025-03-25;2025-04-01,2025-03-31;2025-04-01;2025-04-02;2025-04-03;2025-04-04;2025-04-05;2025-04-06,2025-04-06,2,10800.0,30550.716877695657,-0.4030006650118583,0.8007977285669767,1.0,11
2025-04-08,2025-04-09,2025-04-07,2025-03-12;2025-03-19;2025-03-26;2025-04-02,2025-04-01;2025-04-02;2025-04-03;2025-04-04;2025-04-05;2025-04-06;2025-04-07,2025-04-07,2,1200.0,34656.77533495795,-0.4544192997661961,0.985674355772062,1.0,10
2025-04-08,2025-04-09,2025-04-07,2025-03-12;2025-03-19;2025-03-26;2025-04-02,2025-04-01;2025-04-02;2025-04-03;2025-04-04;2025-04-05;2025-04-06;2025-04-07,2025-04-07,2,2943.373685879178,33865.248609413116,-0.4534706164681456,0.985674355772062,1.0,10
2025-04-08,2025-04-09,2025-04-07,2025-03-12;2025-03-19;2025-03-26;2025-04-02,2025-04-01;2025-04-02;2025-04-03;2025-04-04;2025-04-05;2025-04-06;2025-04-07,2025-04-07,2,3800.324056960389,33476.76384683742,-0.4525219331700951,0.985674355772062,1.0,10
2025-04-08,2025-04-09,2025-04-07,2025-03-12;2025-03-19;2025-03-26;2025-04-02,2025-04-01;2025-04-02;2025-04-03;2025-04-04;2025-04-05;2025-04-06;2025-04-07,2025-04-07,2,5947.713669986825,32506.565965233152,-0.45104620359534986,0.985674355772062,1.0,10
2025-04-08,2025-04-09,2025-04-07,2025-03-12;2025-03-19;2025-03-26;2025-04-02,2025-04-01;2025-04-02;2025-04-03;2025-04-04;2025-04-05;2025-04-06;2025-04-07,2025-04-07,2,7968.786246952851,31596.48245317662,-0.4499921110419604,0.985674355772062,1.0,10
2025-04-08,2025-04-09,2025-04-07,2025-03-12;2025-03-19;2025-03-26;2025-04-02,2025-04-01;2025-04-02;2025-04-03;2025-04-04;2025-04-05;2025-04-06;2025-04-07,2025-04-07,2,9684.16193312938,30827.402921318288,-0.44746228891382567,0.985674355772062,1.0,10
2025-04-08,2025-04-09,2025-04-07,2025-03-12;2025-03-19;2025-03-26;2025-04-02,2025-04-01;2025-04-02;2025-04-03;2025-04-04;2025-04-05;2025-04-06;2025-04-07,2025-04-07,2,10013.4002385833,30680.17379659821,-0.42483302997766076,0.985674355772062,1.0,10
2025-04-08,2025-04-09,2025-04-07,2025-03-12;2025-03-19;2025-03-26;2025-04-02,2025-04-01;2025-04-02;2025-04-03;2025-04-04;2025-04-05;2025-04-06;2025-04-07,2025-04-07,2,10268.812443720677,30572.52187594043,-0.4211205160046231,0.985674355772062,1.0,10
2025-04-08,2025-04-09,2025-04-07,2025-03-12;2025-03-19;2025-03-26;2025-04-02,2025-04-01;2025-04-02;2025-04-03;2025-04-04;2025-04-05;2025-04-06;2025-04-07,2025-04-07,2,10640.118494121085,30416.669771910438,-0.40764218588861656,0.985674355772062,1.0,10
2025-04-08,2025-04-09,2025-04-07,2025-03-12;2025-03-19;2025-03-26;2025-04-02,2025-04-01;2025-04-02;2025-04-03;2025-04-04;2025-04-05;2025-04-06;2025-04-07,2025-04-07,2,10800.0,30351.724927207877,-0.4030006650118583,0.985674355772062,1.0,10
2025-04-09,2025-04-10,2025-04-08,2025-03-13;2025-03-20;2025-03-27;2025-04-03,2025-04-02;2025-04-03;2025-04-04;2025-04-05;2025-04-06;2025-04-07;2025-04-08,2025-04-08,2,1200.0,34356.804288584484,-0.4544192997661961,0.6907197390246438,1.0,11
2025-04-09,2025-04-10,2025-04-08,2025-03-13;2025-03-20;2025-03-27;2025-04-03,2025-04-02;2025-04-03;2025-04-04;2025-04-05;2025-04-06;2025-04-07;2025-04-08,2025-04-08,2,3685.788686545979,33228.846574016454,-0.45328087980853554,0.6907197390246438,1.0,11
2025-04-09,2025-04-10,2025-04-08,2025-03-13;2025-03-20;2025-03-27;2025-04-03,2025-04-02;2025-04-03;2025-04-04;2025-04-05;2025-04-06;2025-04-07;2025-04-08,2025-04-08,2,4416.38210732524,32898.23175603856,-0.4525219331700951,0.6907197390246438,1.0,11
2025-04-09,2025-04-10,2025-04-08,2025-03-13;2025-03-20;2025-03-27;2025-04-03,2025-04-02;2025-04-03;2025-04-04;2025-04-05;2025-04-06;2025-04-07;2025-04-08,2025-04-08,2,5850.4876308539215,32250.83469352057,-0.45104620359534986,0.6907197390246438,1.0,11
2025-04-09,2025-04-10,2025-04-08,2025-03-13;2025-03-20;2025-03-27;2025-04-03,2025-04-02;2025-04-03;2025-04-04;2025-04-05;2025-04-06;2025-04-07;2025-04-08,2025-04-08,2,7887.851343143718,31333.414013946523,-0.4499921110419604,0.6907197390246438,1.0,11
2025-04-09,2025-04-10,2025-04-08,2025-03-13;2025-03-20;2025-03-27;2025-04-03,2025-04-02;2025-04-03;2025-04-04;2025-04-05;2025-04-06;2025-04-07;2025-04-08,2025-04-08,2,8490.458214291808,31062.48071395087,-0.44777851667984253,0.6907197390246438,1.0,11
2025-04-09,2025-04-10,2025-04-08,2025-03-13;2025-03-20;2025-03-27;2025-04-03,2025-04-02;2025-04-03;2025-04-04;2025-04-05;2025-04-06;2025-04-07;2025-04-08,2025-04-08,2,9679.872320672534,30530.02771736269,-0.44746228891382567,0.6907197390246438,1.0,11
2025-04-09,2025-04-10,2025-04-08,2025-03-13;2025-03-20;2025-03-27;2025-04-03,2025-04-02;2025-04-03;2025-04-04;2025-04-05;2025-04-06;2025-04-07;2025-04-08,2025-04-08,2,10015.224774623408,30380.166938343413,-0.4261295638183298,0.6907197390246438,1.0,11
2025-04-09,2025-04-10,2025-04-08,2025-03-13;2025-03-20;2025-03-27;2025-04-03,2025-04-02;2025-04-03;2025-04-04;2025-04-05;2025-04-06;2025-04-07;2025-04-08,2025-04-08,2,10279.064804143442,30268.861691350816,-0.4211205160046231,0.6907197390246438,1.0,11
2025-04-09,2025-04-10,2025-04-08,2025-03-13;2025-03-20;2025-03-27;2025-04-03,2025-04-02;2025-04-03;2025-04-04;2025-04-05;2025-04-06;2025-04-07;2025-04-08,2025-04-08,2,10662.622822625444,30107.891614061642,-0.4087665512788986,0.6907197390246438,1.0,11
2025-04-09,2025-04-10,2025-04-08,2025-03-13;2025-03-20;2025-03-27;2025-04-03,2025-04-02;2025-04-03;2025-04-04;2025-04-05;2025-04-06;2025-04-07;2025-04-08,2025-04-08,2,10800.0,30051.974446850567,-0.4030006650118583,0.6907197390246438,1.0,11
2025-04-10,2025-04-11,2025-04-09,2025-03-14;2025-03-21;2025-03-28;2025-04-04,2025-04-03;2025-04-04;2025-04-05;2025-04-06;2025-04-07;2025-04-08;2025-04-09,2025-04-09,2,1200.0,12827.263967774259,-0.4499921110419604,0.9814084299778187,1.0,9
2025-04-10,2025-04-11,2025-04-09,2025-03-14;2025-03-21;2025-03-28;2025-04-04,2025-04-03;2025-04-04;2025-04-05;2025-04-06;2025-04-07;2025-04-08;2025-04-09,2025-04-09,2,3100.972587899907,11975.491406177749,-0.44746228891382567,0.9814084299778187,1.0,9
2025-04-10,2025-04-11,2025-04-09,2025-03-14;2025-03-21;2025-03-28;2025-04-04,2025-04-03;2025-04-04;2025-04-05;2025-04-06;2025-04-07;2025-04-08;2025-04-09,2025-04-09,2,3222.8590662581605,11923.122366006697,-0.4211205160046231,0.9814084299778187,1.0,9
2025-04-10,2025-04-11,2025-04-09,2025-03-14;2025-03-21;2025-03-28;2025-04-04,2025-04-03;2025-04-04;2025-04-05;2025-04-06;2025-04-07;2025-04-08;2025-04-09,2025-04-09,2,4217.2639978342895,11505.772312011362,-0.4175155194720311,0.9814084299778187,1.0,9
2025-04-10,2025-04-11,2025-04-09,2025-03-14;2025-03-21;2025-03-28;2025-04-04,2025-04-03;2025-04-04;2025-04-05;2025-04-06;2025-04-07;2025-04-08;2025-04-09,2025-04-09,2,5307.056391502038,11051.312906619005,-0.4167565728335907,0.9814084299778187,1.0,9
2025-04-10,2025-04-11,2025-04-09,2025-03-14;2025-03-21;2025-03-28;2025-04-04,2025-04-03;2025-04-04;2025-04-05;2025-04-06;2025-04-07;2025-04-08;2025-04-09,2025-04-09,2,6156.343379287139,10698.029696841866,-0.41533354788651494,0.9814084299778187,1.0,9
2025-04-10,2025-04-11,2025-04-09,2025-03-14;2025-03-21;2025-03-28;2025-04-04,2025-04-03;2025-04-04;2025-04-05;2025-04-06;2025-04-07;2025-04-08;2025-04-09,2025-04-09,2,8463.305768214357,9741.95714097037,-0.413625917950024,0.9814084299778187,1.0,9
2025-04-10,2025-04-11,2025-04-09,2025-03-14;2025-03-21;2025-03-28;2025-04-04,2025-04-03;2025-04-04;2025-04-05;2025-04-06;2025-04-07;2025-04-08;2025-04-09,2025-04-09,2,10393.621236500378,8944.561807578382,-0.4124874979923634,0.9814084299778187,1.0,9
2025-04-10,2025-04-11,2025-04-09,2025-03-14;2025-03-21;2025-03-28;2025-04-04,2025-04-03;2025-04-04;2025-04-05;2025-04-06;2025-04-07;2025-04-08;2025-04-09,2025-04-09,2,10800.0,8777.328915633017,-0.4089773697895765,0.9814084299778187,1.0,9
2025-04-11,2025-04-12,2025-04-10,2025-03-15;2025-03-22;2025-03-29;2025-04-05,2025-04-04;2025-04-05;2025-04-06;2025-04-07;2025-04-08;2025-04-09;2025-04-10,2025-04-10,2,1200.0,12991.904067318272,-0.4499921110419604,0.9954980894908658,1.0,9
2025-04-11,2025-04-12,2025-04-10,2025-03-15;2025-03-22;2025-03-29;2025-04-05,2025-04-04;2025-04-05;2025-04-06;2025-04-07;2025-04-08;2025-04-09;2025-04-10,2025-04-10,2,3039.514287178113,12167.877271918027,-0.44746228891382567,0.9954980894908658,1.0,9
2025-04-11,2025-04-12,2025-04-10,2025-03-15;2025-03-22;2025-03-29;2025-04-05,2025-04-04;2025-04-05;2025-04-06;2025-04-07;2025-04-08;2025-04-09;2025-04-10,2025-04-10,2,3161.319685531545,12116.479664816388,-0.4211205160046231,0.9954980894908658,1.0,9
2025-04-11,2025-04-12,2025-04-10,2025-03-15;2025-03-22;2025-03-29;2025-04-05,2025-04-04;2025-04-05;2025-04-06;2025-04-07;2025-04-08;2025-04-09;2025-04-10,2025-04-10,2,3872.9960584649484,11817.393672868908,-0.41950775439793714,0.9954980894908658,1.0,9
2025-04-11,2025-04-12,2025-04-10,2025-03-15;2025-03-22;2025-03-29;2025-04-05,2025-04-04;2025-04-05;2025-04-06;2025-04-07;2025-04-08;2025-04-09;2025-04-10,2025-04-10,2,4974.82001871642,11357.585765878035,-0.4167565728335907,0.9954980894908658,1.0,9
2025-04-11,2025-04-12,2025-04-10,2025-03-15;2025-03-22;2025-03-29;2025-04-05,2025-04-04;2025-04-05;2025-04-06;2025-04-07;2025-04-08;2025-04-09;2025-04-10,2025-04-10,2,6892.243982580358,10560.6286487284,-0.41466946957787953,0.9954980894908658,1.0,9
2025-04-11,2025-04-12,2025-04-10,2025-03-15;2025-03-22;2025-03-29;2025-04-05,2025-04-04;2025-04-05;2025-04-06;2025-04-07;2025-04-08;2025-04-09;2025-04-10,2025-04-10,2,8146.568853283172,10041.054986124564,-0.413625917950024,0.9954980894908658,1.0,9
2025-04-11,2025-04-12,2025-04-10,2025-03-15;2025-03-22;2025-03-29;2025-04-05,2025-04-04;2025-04-05;2025-04-06;2025-04-07;2025-04-08;2025-04-09;2025-04-10,2025-04-10,2,9650.696625260716,9419.351048144172,-0.41296183964138866,0.9954980894908658,1.0,9
2025-04-11,2025-04-12,2025-04-10,2025-03-15;2025-03-22;2025-03-29;2025-04-05,2025-04-04;2025-04-05;2025-04-06;2025-04-07;2025-04-08;2025-04-09;2025-04-10,2025-04-10,2,10800.0,8945.71343202157,-0.4030006650118583,0.9954980894908658,1.0,9
2025-04-12,2025-04-13,2025-04-11,2025-03-16;2025-03-23;2025-03-30;2025-04-06,2025-04-05;2025-04-06;2025-04-07;2025-04-08;2025-04-09;2025-04-10;2025-04-11,2025-04-11,2,1200.0,33830.3797012946,-0.4544192997661961,0.9996661386321648,1.0,9
2025-04-12,2025-04-13,2025-04-11,2025-03-16;2025-03-23;2025-03-30;2025-04-06,2025-04-05;2025-04-06;2025-04-07;2025-04-08;2025-04-09;2025-04-10;2025-04-11,2025-04-11,2,3787.710124938059,32656.134031582034,-0.4528065381595102,0.9996661386321648,1.0,9
2025-04-12,2025-04-13,2025-04-11,2025-03-16;2025-03-23;2025-03-30;2025-04-06,2025-04-05;2025-04-06;2025-04-07;2025-04-08;2025-04-09;2025-04-10;2025-04-11,2025-04-11,2,5939.667001588222,31683.84229880839,-0.45104620359534986,0.9996661386321648,1.0,9
2025-04-12,2025-04-13,2025-04-11,2025-03-16;2025-03-23;2025-03-30;2025-04-06,2025-04-05;2025-04-06;2025-04-07;2025-04-08;2025-04-09;2025-04-10;2025-04-11,2025-04-11,2,7965.038179611874,30771.791514737197,-0.4499921110419604,0.9996661386321648,1.0,9
2025-04-12,2025-04-13,2025-04-11,2025-03-16;2025-03-23;2025-03-30;2025-04-06,2025-04-05;2025-04-06;2025-04-07;2025-04-08;2025-04-09;2025-04-10;2025-04-11,2025-04-11,2,9701.785714207906,29993.177290993593,-0.44746228891382567,0.9996661386321648,1.0,9
2025-04-12,2025-04-13,2025-04-11,2025-03-16;2025-03-23;2025-03-30;2025-04-06,2025-04-05;2025-04-06;2025-04-07;2025-04-08;2025-04-09;2025-04-10;2025-04-11,2025-04-11,2,10009.430584957972,29855.51781295517,-0.44746228891382567,0.9996661386321648,1.0,9
2025-04-12,2025-04-13,2025-04-11,2025-03-16;2025-03-23;2025-03-30;2025-04-06,2025-04-05;2025-04-06;2025-04-07;2025-04-08;2025-04-09;2025-04-10;2025-04-11,2025-04-11,2,10290.452938088654,29737.173534595946,-0.4211205160046231,0.9996661386321648,1.0,9
2025-04-12,2025-04-13,2025-04-11,2025-03-16;2025-03-23;2025-03-30;2025-04-06,2025-04-05;2025-04-06;2025-04-07;2025-04-08;2025-04-09;2025-04-10;2025-04-11,2025-04-11,2,10698.989797002892,29565.306380685626,-0.4052775049271795,0.9996661386321648,1.0,9
2025-04-12,2025-04-13,2025-04-11,2025-03-16;2025-03-23;2025-03-30;2025-04-06,2025-04-05;2025-04-06;2025-04-07;2025-04-08;2025-04-09;2025-04-10;2025-04-11,2025-04-11,2,10800.0,29524.42310278226,-0.4030006650118583,0.9996661386321648,1.0,9
2025-04-13,2025-04-14,2025-04-12,2025-03-17;2025-03-24;2025-03-31;2025-04-07,2025-04-06;2025-04-07;2025-04-08;2025-04-09;2025-04-10;2025-04-11;2025-04-12,2025-04-12,2,1200.0,32851.796912738304,-0.4544192997661961,0.7992968171747634,1.0,10
2025-04-13,2025-04-14,2025-04-12,2025-03-17;2025-03-24;2025-03-31;2025-04-07,2025-04-06;2025-04-07;2025-04-08;2025-04-09;2025-04-10;2025-04-11;2025-04-12,2025-04-12,2,2850.385326518956,32102.538301650486,-0.4534706164681456,0.7992968171747634,1.0,10
2025-04-13,2025-04-14,2025-04-12,2025-03-17;2025-03-24;2025-03-31;2025-04-07,2025-04-06;2025-04-07;2025-04-08;2025-04-09;2025-04-10;2025-04-11;2025-04-12,2025-04-12,2,3709.580558841014,31713.025280816248,-0.4525219331700951,0.7992968171747634,1.0,10
2025-04-13,2025-04-14,2025-04-12,2025-03-17;2025-03-24;2025-03-31;2025-04-07,2025-04-06;2025-04-07;2025-04-08;2025-04-09;2025-04-10;2025-04-11;2025-04-12,2025-04-12,2,5876.908642691462,30733.829968316582,-0.45104620359534986,0.7992968171747634,1.0,10
2025-04-13,2025-04-14,2025-04-12,2025-03-17;2025-03-24;2025-03-31;2025-04-07,2025-04-06;2025-04-07;2025-04-08;2025-04-09;2025-04-10;2025-04-11;2025-04-12,2025-04-12,2,7916.746839256558,29815.31281145417,-0.4499921110419604,0.7992968171747634,1.0,10
2025-04-13,2025-04-14,2025-04-12,2025-03-17;2025-03-24;2025-03-31;2025-04-07,2025-04-06;2025-04-07;2025-04-08;2025-04-09;2025-04-10;2025-04-11;2025-04-12,2025-04-12,2,8527.11293175291,29540.8716349833,-0.44777851667984253,0.7992968171747634,1.0,10
2025-04-13,2025-04-14,2025-04-12,2025-03-17;2025-03-24;2025-03-31;2025-04-07,2025-04-06;2025-04-07;2025-04-08;2025-04-09;2025-04-10;2025-04-11;2025-04-12,2025-04-12,2,9724.296520875298,29004.95837594453,-0.44746228891382567,0.7992968171747634,1.0,10
2025-04-13,2025-04-14,2025-04-12,2025-03-17;2025-03-24;2025-03-31;2025-04-07,2025-04-06;2025-04-07;2025-04-08;2025-04-09;2025-04-10;2025-04-11;2025-04-12,2025-04-12,2,10009.430584957972,28877.371634982796,-0.4211205160046231,0.7992968171747634,1.0,10
2025-04-13,2025-04-14,2025-04-12,2025-03-17;2025-03-24;2025-03-31;2025-04-07,2025-04-06;2025-04-07;2025-04-08;2025-04-09;2025-04-10;2025-04-11;2025-04-12,2025-04-12,2,10326.306003948159,28743.928895028468,-0.4211205160046231,0.7992968171747634,1.0,10
2025-04-13,2025-04-14,2025-04-12,2025-03-17;2025-03-24;2025-03-31;2025-04-07,2025-04-06;2025-04-07;2025-04-08;2025-04-09;2025-04-10;2025-04-11;2025-04-12,2025-04-12,2,10800.0,28544.682839279907,-0.4030006650118583,0.7992968171747634,1.0,10
2025-04-14,2025-04-15,2025-04-13,2025-03-18;2025-03-25;2025-04-01;2025-04-08,2025-04-07;2025-04-08;2025-04-09;2025-04-10;2025-04-11;2025-04-12;2025-04-13,2025-04-13,2,1200.0,32915.98497150694,-0.4544192997661961,0.7992968171711254,1.0,10
2025-04-14,2025-04-15,2025-04-13,2025-03-18;2025-03-25;2025-04-01;2025-04-08,2025-04-07;2025-04-08;2025-04-09;2025-04-10;2025-04-11;2025-04-12;2025-04-13,2025-04-13,2,2710.6920765557234,32230.205669249484,-0.4534706164681456,0.7992968171711254,1.0,10
2025-04-14,2025-04-15,2025-04-13,2025-03-18;2025-03-25;2025-04-01;2025-04-08,2025-04-07;2025-04-08;2025-04-09;2025-04-10;2025-04-11;2025-04-12;2025-04-13,2025-04-13,2,3569.887308873707,31840.69264841709,-0.4525219331700951,0.7992968171711254,1.0,10
2025-04-14,2025-04-15,2025-04-13,2025-03-18;2025-03-25;2025-04-01;2025-04-08,2025-04-07;2025-04-08;2025-04-09;2025-04-10;2025-04-11;2025-04-12;2025-04-13,2025-04-13,2,5737.215392724745,30861.497335917164,-0.45104620359534986,0.7992968171711254,1.0,10
2025-04-14,2025-04-15,2025-04-13,2025-03-18;2025-03-25;2025-04-01;2025-04-08,2025-04-07;2025-04-08;2025-04-09;2025-04-10;2025-04-11;2025-04-12;2025-04-13,2025-04-13,2,7777.0535892903945,29942.980179054503,-0.4499921110419604,0.7992968171711254,1.0,10
2025-04-14,2025-04-15,2025-04-13,2025-03-18;2025-03-25;2025-04-01;2025-04-08,2025-04-07;2025-04-08;2025-04-09;2025-04-10;2025-04-11;2025-04-12;2025-04-13,2025-04-13,2,8387.419681787762,29668.539002583184,-0.44777851667984253,0.7992968171711254,1.0,10
2025-04-14,2025-04-15,2025-04-13,2025-03-18;2025-03-25;2025-04-01;2025-04-08,2025-04-07;2025-04-08;2025-04-09;2025-04-10;2025-04-11;2025-04-12;2025-04-13,2025-04-13,2,9667.231924092017,29095.652537261783,-0.44746228891382567,0.7992968171711254,1.0,10
2025-04-14,2025-04-15,2025-04-13,2025-03-18;2025-03-25;2025-04-01;2025-04-08,2025-04-07;2025-04-08;2025-04-09;2025-04-10;2025-04-11;2025-04-12;2025-04-13,2025-04-13,2,9935.64303395404,28976.46570099888,-0.4335482672090848,0.7992968171711254,1.0,10
2025-04-14,2025-04-15,2025-04-13,2025-03-18;2025-03-25;2025-04-01;2025-04-08,2025-04-07;2025-04-08;2025-04-09;2025-04-10;2025-04-11;2025-04-12;2025-04-13,2025-04-13,2,10282.170499412643,28829.61886260932,-0.4211205160046231,0.7992968171711254,1.0,10
2025-04-14,2025-04-15,2025-04-13,2025-03-18;2025-03-25;2025-04-01;2025-04-08,2025-04-07;2025-04-08;2025-04-09;2025-04-10;2025-04-11;2025-04-12;2025-04-13,2025-04-13,2,10800.0,28611.805081707946,-0.4030006650118583,0.7992968171711254,1.0,10
2025-04-15,2025-04-16,2025-04-14,2025-03-19;2025-03-26;2025-04-02;2025-04-09,2025-04-08;2025-04-09;2025-04-10;2025-04-11;2025-04-12;2025-04-13;2025-04-14,2025-04-14,2,1200.0,32670.965809240926,-0.4544192997661961,0.8724441351441783,1.0,10
2025-04-15,2025-04-16,2025-04-14,2025-03-19;2025-03-26;2025-04-02;2025-04-09,2025-04-08;2025-04-09;2025-04-10;2025-04-11;2025-04-12;2025-04-13;2025-04-14,2025-04-14,2,2668.0491799275233,32004.564262209256,-0.4534706164681456,0.8724441351441783,1.0,10
2025-04-15,2025-04-16,2025-04-14,2025-03-19;2025-03-26;2025-04-02;2025-04-09,2025-04-08;2025-04-09;2025-04-10;2025-04-11;2025-04-12;2025-04-13;2025-04-14,2025-04-14,2,3527.2444122462257,31615.051241376535,-0.4525219331700951,0.8724441351441783,1.0,10
2025-04-15,2025-04-16,2025-04-14,2025-03-19;2025-03-26;2025-04-02;2025-04-09,2025-04-08;2025-04-09;2025-04-10;2025-04-11;2025-04-12;2025-04-13;2025-04-14,2025-04-14,2,5694.572496098636,30635.85592887599,-0.45104620359534986,0.8724441351441783,1.0,10
2025-04-15,2025-04-16,2025-04-14,2025-03-19;2025-03-26;2025-04-02;2025-04-09,2025-04-08;2025-04-09;2025-04-10;2025-04-11;2025-04-12;2025-04-13;2025-04-14,2025-04-14,2,7734.410692665579,29717.338772012747,-0.4499921110419604,0.8724441351441783,1.0,10
2025-04-15,2025-04-16,2025-04-14,2025-03-19;2025-03-26;2025-04-02;2025-04-09,2025-04-08;2025-04-09;2025-04-10;2025-04-11;2025-04-12;2025-04-13;2025-04-14,2025-04-14,2,8344.776785159564,29442.89759554294,-0.44777851667984253,0.8724441351441783,1.0,10
2025-04-15,2025-04-16,2025-04-14,2025-03-19;2025-03-26;2025-04-02;2025-04-09,2025-04-08;2025-04-09;2025-04-10;2025-04-11;2025-04-12;2025-04-13;2025-04-14,2025-04-14,2,9649.533375750443,28858.849475041752,-0.44746228891382567,0.8724441351441783,1.0,10
2025-04-15,2025-04-16,2025-04-14,2025-03-19;2025-03-26;2025-04-02;2025-04-09,2025-04-08;2025-04-09;2025-04-10;2025-04-11;2025-04-12;2025-04-13;2025-04-14,2025-04-14,2,9913.11857475205,28742.101980273525,-0.4335482672090848,0.8724441351441783,1.0,10
2025-04-15,2025-04-16,2025-04-14,2025-03-19;2025-03-26;2025-04-02;2025-04-09,2025-04-08;2025-04-09;2025-04-10;2025-04-11;2025-04-12;2025-04-13;2025-04-14,2025-04-14,2,10268.375049664668,28591.2992485435,-0.4211205160046231,0.8724441351441783,1.0,10
2025-04-15,2025-04-16,2025-04-14,2025-03-19;2025-03-26;2025-04-02;2025-04-09,2025-04-08;2025-04-09;2025-04-10;2025-04-11;2025-04-12;2025-04-13;2025-04-14,2025-04-14,2,10800.0,28367.69595463479,-0.4030006650118583,0.8724441351441783,1.0,10
2025-04-16,2025-04-17,2025-04-15,2025-03-20;2025-03-27;2025-04-03;2025-04-10,2025-04-09;2025-04-10;2025-04-11;2025-04-12;2025-04-13;2025-04-14;2025-04-15,2025-04-15,2,1200.0,32483.4924521484,-0.4544192997661961,0.9400475721886323,1.0,10
2025-04-16,2025-04-17,2025-04-15,2025-03-20;2025-03-27;2025-04-03;2025-04-10,2025-04-09;2025-04-10;2025-04-11;2025-04-12;2025-04-13;2025-04-14;2025-04-15,2025-04-15,2,3229.4796611948454,31562.887933951835,-0.4525219331700951,0.9400475721886323,1.0,10
2025-04-16,2025-04-17,2025-04-15,2025-03-20;2025-03-27;2025-04-03;2025-04-10,2025-04-09;2025-04-10;2025-04-11;2025-04-12;2025-04-13;2025-04-14;2025-04-15,2025-04-15,2,5396.8077450452965,30583.692621452174,-0.45104620359534986,0.9400475721886323,1.0,10
2025-04-16,2025-04-17,2025-04-15,2025-03-20;2025-03-27;2025-04-03;2025-04-10,2025-04-09;2025-04-10;2025-04-11;2025-04-12;2025-04-13;2025-04-14;2025-04-15,2025-04-15,2,7436.645941610396,29665.175464589756,-0.4499921110419604,0.9400475721886323,1.0,10
2025-04-16,2025-04-17,2025-04-15,2025-03-20;2025-03-27;2025-04-03;2025-04-10,2025-04-09;2025-04-10;2025-04-11;2025-04-12;2025-04-13;2025-04-14;2025-04-15,2025-04-15,2,8047.012034106751,29390.73428811889,-0.44777851667984253,0.9400475721886323,1.0,10
2025-04-16,2025-04-17,2025-04-15,2025-03-20;2025-03-27;2025-04-03;2025-04-10,2025-04-09;2025-04-10;2025-04-11;2025-04-12;2025-04-13;2025-04-14;2025-04-15,2025-04-15,2,9525.661810138494,28728.87552483381,-0.44746228891382567,0.9400475721886323,1.0,10
2025-04-16,2025-04-17,2025-04-15,2025-03-20;2025-03-27;2025-04-03;2025-04-10,2025-04-09;2025-04-10;2025-04-11;2025-04-12;2025-04-13;2025-04-14;2025-04-15,2025-04-15,2,9749.613873646005,28631.730460839633,-0.4335482672090848,0.9400475721886323,1.0,10
2025-04-16,2025-04-17,2025-04-15,2025-03-20;2025-03-27;2025-04-03;2025-04-10,2025-04-09;2025-04-10;2025-04-11;2025-04-12;2025-04-13;2025-04-14;2025-04-15,2025-04-15,2,9996.242479211563,28524.805056252495,-0.4211205160046231,0.9400475721886323,1.0,10
2025-04-16,2025-04-17,2025-04-15,2025-03-20;2025-03-27;2025-04-03;2025-04-10,2025-04-09;2025-04-10;2025-04-11;2025-04-12;2025-04-13;2025-04-14;2025-04-15,2025-04-15,2,10171.712944079109,28450.910843543905,-0.4211205160046231,0.9400475721886323,1.0,10
2025-04-16,2025-04-17,2025-04-15,2025-03-20;2025-03-27;2025-04-03;2025-04-10,2025-04-09;2025-04-10;2025-04-11;2025-04-12;2025-04-13;2025-04-14;2025-04-15,2025-04-15,2,10800.0,28186.591904330908,-0.4030006650118583,0.9400475721886323,1.0,10
2025-04-17,2025-04-18,2025-04-16,2025-03-21;2025-03-28;2025-04-04;2025-04-11,2025-04-10;2025-04-11;2025-04-12;2025-04-13;2025-04-14;2025-04-15;2025-04-16,2025-04-16,2,1200.0,12621.021753049437,-0.4499921110419604,0.8712400213644287,1.0,10
2025-04-17,2025-04-18,2025-04-16,2025-03-21;2025-03-28;2025-04-04;2025-04-11,2025-04-10;2025-04-11;2025-04-12;2025-04-13;2025-04-14;2025-04-15;2025-04-16,2025-04-16,2,2661.350025856354,11966.847182867537,-0.44746228891382567,0.8712400213644287,1.0,10
2025-04-17,2025-04-18,2025-04-16,2025-03-21;2025-03-28;2025-04-04;2025-04-11,2025-04-10;2025-04-11;2025-04-12;2025-04-13;2025-04-14;2025-04-15;2025-04-16,2025-04-16,2,2791.540792799514,11908.599766988973,-0.4211205160046231,0.8712400213644287,1.0,10
2025-04-17,2025-04-18,2025-04-16,2025-03-21;2025-03-28;2025-04-04;2025-04-11,2025-04-10;2025-04-11;2025-04-12;2025-04-13;2025-04-14;2025-04-15;2025-04-16,2025-04-16,2,3652.875359604615,11546.520847465477,-0.41950775439793714,0.8712400213644287,1.0,10
2025-04-17,2025-04-18,2025-04-16,2025-03-21;2025-03-28;2025-04-04;2025-04-11,2025-04-10;2025-04-11;2025-04-12;2025-04-13;2025-04-14;2025-04-15;2025-04-16,2025-04-16,2,4796.865801837975,11069.108573703832,-0.4167565728335907,0.8712400213644287,1.0,10
2025-04-17,2025-04-18,2025-04-16,2025-03-21;2025-03-28;2025-04-04;2025-04-11,2025-04-10;2025-04-11;2025-04-12;2025-04-13;2025-04-14;2025-04-15;2025-04-16,2025-04-16,2,5803.612153057245,10649.9147164885,-0.41533354788651494,0.8712400213644287,1.0,10
2025-04-17,2025-04-18,2025-04-16,2025-03-21;2025-03-28;2025-04-04;2025-04-11,2025-04-10;2025-04-11;2025-04-12;2025-04-13;2025-04-14;2025-04-15;2025-04-16,2025-04-16,2,6852.124504516901,10214.754354031335,-0.41466946957787953,0.8712400213644287,1.0,10
2025-04-17,2025-04-18,2025-04-16,2025-03-21;2025-03-28;2025-04-04;2025-04-11,2025-04-10;2025-04-11;2025-04-12;2025-04-13;2025-04-14;2025-04-15;2025-04-16,2025-04-16,2,8133.639600745422,9683.927441483875,-0.413625917950024,0.8712400213644287,1.0,10
2025-04-17,2025-04-18,2025-04-16,2025-03-21;2025-03-28;2025-04-04;2025-04-11,2025-04-10;2025-04-11;2025-04-12;2025-04-13;2025-04-14;2025-04-15;2025-04-16,2025-04-16,2,9641.915421376896,9060.48881124761,-0.41296183964138866,0.8712400213644287,1.0,10
2025-04-17,2025-04-18,2025-04-16,2025-03-21;2025-03-28;2025-04-04;2025-04-11,2025-04-10;2025-04-11;2025-04-12;2025-04-13;2025-04-14;2025-04-15;2025-04-16,2025-04-16,2,10800.0,8583.19344373101,-0.4030006650118583,0.8712400213644287,1.0,10
2025-04-18,2025-04-19,2025-04-17,2025-03-22;2025-03-29;2025-04-05;2025-04-12,2025-04-11;2025-04-12;2025-04-13;2025-04-14;2025-04-15;2025-04-16;2025-04-17,2025-04-17,2,1200.0,12296.772837096156,-0.44777851667984253,0.9182537266406143,1.0,10
2025-04-18,2025-04-19,2025-04-17,2025-03-22;2025-03-29;2025-04-05;2025-04-12,2025-04-11;2025-04-12;2025-04-13;2025-04-14;2025-04-15;2025-04-16;2025-04-17,2025-04-17,2,2601.845214594057,11669.303700691442,-0.44746228891382567,0.9182537266406143,1.0,10
2025-04-18,2025-04-19,2025-04-17,2025-03-22;2025-03-29;2025-04-05;2025-04-12,2025-04-11;2025-04-12;2025-04-13;2025-04-14;2025-04-15;2025-04-16;2025-04-17,2025-04-17,2,2727.982176952279,11615.937803614943,-0.4211205160046231,0.9182537266406143,1.0,10
2025-04-18,2025-04-19,2025-04-17,2025-03-22;2025-03-29;2025-04-05;2025-04-12,2025-04-11;2025-04-12;2025-04-13;2025-04-14;2025-04-15;2025-04-16;2025-04-17,2025-04-17,2,3498.5144904883723,11292.109510142283,-0.41950775439793714,0.9182537266406143,1.0,10
2025-04-18,2025-04-19,2025-04-17,2025-03-22;2025-03-29;2025-04-05;2025-04-12,2025-04-11;2025-04-12;2025-04-13;2025-04-14;2025-04-15;2025-04-16;2025-04-17,2025-04-17,2,4820.582994684056,10740.470099280563,-0.4167565728335907,0.9182537266406143,1.0,10
2025-04-18,2025-04-19,2025-04-17,2025-03-22;2025-03-29;2025-04-05;2025-04-12,2025-04-11;2025-04-12;2025-04-13;2025-04-14;2025-04-15;2025-04-16;2025-04-17,2025-04-17,2,6616.6863715090585,9994.0727812958,-0.41466946957787953,0.9182537266406143,1.0,10
2025-04-18,2025-04-19,2025-04-17,2025-03-22;2025-03-29;2025-04-05;2025-04-12,2025-04-11;2025-04-12;2025-04-13;2025-04-14;2025-04-15;2025-04-16;2025-04-17,2025-04-17,2,7870.218972409272,9474.837290212254,-0.413625917950024,0.9182537266406143,1.0,10
2025-04-18,2025-04-19,2025-04-17,2025-03-22;2025-03-29;2025-04-05;2025-04-12,2025-04-11;2025-04-12;2025-04-13;2025-04-14;2025-04-15;2025-04-16;2025-04-17,2025-04-17,2,9539.758631913668,8784.814913438735,-0.41296183964138866,0.9182537266406143,1.0,10
2025-04-18,2025-04-19,2025-04-17,2025-03-22;2025-03-29;2025-04-05;2025-04-12,2025-04-11;2025-04-12;2025-04-13;2025-04-14;2025-04-15;2025-04-16;2025-04-17,2025-04-17,2,10653.309969210653,8326.143584902147,-0.41106447304528765,0.9182537266406143,1.0,10
2025-04-18,2025-04-19,2025-04-17,2025-03-22;2025-03-29;2025-04-05;2025-04-12,2025-04-11;2025-04-12;2025-04-13;2025-04-14;2025-04-15;2025-04-16;2025-04-17,2025-04-17,2,10800.0,8265.844524694727,-0.4030006650118583,0.9182537266406143,1.0,10
2025-04-19,2025-04-20,2025-04-18,2025-03-23;2025-03-30;2025-04-06;2025-04-13,2025-04-12;2025-04-13;2025-04-14;2025-04-15;2025-04-16;2025-04-17;2025-04-18,2025-04-18,2,1200.0,33531.02677990046,-0.4544192997661961,0.7992968171747634,1.0,10
2025-04-19,2025-04-20,2025-04-18,2025-03-23;2025-03-30;2025-04-06;2025-04-13,2025-04-12;2025-04-13;2025-04-14;2025-04-15;2025-04-16;2025-04-17;2025-04-18,2025-04-18,2,2850.385326518956,32781.76816881265,-0.4534706164681456,0.7992968171747634,1.0,10
2025-04-19,2025-04-20,2025-04-18,2025-03-23;2025-03-30;2025-04-06;2025-04-13,2025-04-12;2025-04-13;2025-04-14;2025-04-15;2025-04-16;2025-04-17;2025-04-18,2025-04-18,2,3709.580558841014,32392.2551479784,-0.4525219331700951,0.7992968171747634,1.0,10
2025-04-19,2025-04-20,2025-04-18,2025-03-23;2025-03-30;2025-04-06;2025-04-13,2025-04-12;2025-04-13;2025-04-14;2025-04-15;2025-04-16;2025-04-17;2025-04-18,2025-04-18,2,5876.908642692508,31413.059835478263,-0.45104620359534986,0.7992968171747634,1.0,10
2025-04-19,2025-04-20,2025-04-18,2025-03-23;2025-03-30;2025-04-06;2025-04-13,2025-04-12;2025-04-13;2025-04-14;2025-04-15;2025-04-16;2025-04-17;2025-04-18,2025-04-18,2,7916.746839258588,30494.542678615413,-0.4499921110419604,0.7992968171747634,1.0,10
2025-04-19,2025-04-20,2025-04-18,2025-03-23;2025-03-30;2025-04-06;2025-04-13,2025-04-12;2025-04-13;2025-04-14;2025-04-15;2025-04-16;2025-04-17;2025-04-18,2025-04-18,2,8527.112931755786,30220.101502144167,-0.44777851667984253,0.7992968171747634,1.0,10
2025-04-19,2025-04-20,2025-04-18,2025-03-23;2025-03-30;2025-04-06;2025-04-13,2025-04-12;2025-04-13;2025-04-14;2025-04-15;2025-04-16;2025-04-17;2025-04-18,2025-04-18,2,9675.173121401267,29706.16911187456,-0.44746228891382567,0.7992968171747634,1.0,10
2025-04-19,2025-04-20,2025-04-18,2025-03-23;2025-03-30;2025-04-06;2025-04-13,2025-04-12;2025-04-13;2025-04-14;2025-04-15;2025-04-16;2025-04-17;2025-04-18,2025-04-18,2,10009.430584957698,29556.601502145066,-0.4211205160046231,0.7992968171747634,1.0,10
2025-04-19,2025-04-20,2025-04-18,2025-03-23;2025-03-30;2025-04-06;2025-04-13,2025-04-12;2025-04-13;2025-04-14;2025-04-15;2025-04-16;2025-04-17;2025-04-18,2025-04-18,2,10301.57356016883,29433.574101677026,-0.4211205160046231,0.7992968171747634,1.0,10
2025-04-19,2025-04-20,2025-04-18,2025-03-23;2025-03-30;2025-04-06;2025-04-13,2025-04-12;2025-04-13;2025-04-14;2025-04-15;2025-04-16;2025-04-17;2025-04-18,2025-04-18,2,10800.0,29223.877513842483,-0.4052775049271795,0.7992968171747634,1.0,10
2025-04-20,2025-04-21,2025-04-19,2025-03-24;2025-03-31;2025-04-07;2025-04-14,2025-04-13;2025-04-14;2025-04-15;2025-04-16;2025-04-17;2025-04-18;2025-04-19,2025-04-19,2,1200.0,33137.482765162014,-0.4544192997661961,0.7992968171711254,1.0,10
2025-04-20,2025-04-21,2025-04-19,2025-03-24;2025-03-31;2025-04-07;2025-04-14,2025-04-13;2025-04-14;2025-04-15;2025-04-16;2025-04-17;2025-04-18;2025-04-19,2025-04-19,2,2850.3853265227904,32388.22415407245,-0.4534706164681456,0.7992968171711254,1.0,10
2025-04-20,2025-04-21,2025-04-19,2025-03-24;2025-03-31;2025-04-07;2025-04-14,2025-04-13;2025-04-14;2025-04-15;2025-04-16;2025-04-17;2025-04-18;2025-04-19,2025-04-19,2,3709.580558843171,31998.711133238976,-0.4525219331700951,0.7992968171711254,1.0,10
2025-04-20,2025-04-21,2025-04-19,2025-03-24;2025-03-31;2025-04-07;2025-04-14,2025-04-13;2025-04-14;2025-04-15;2025-04-16;2025-04-17;2025-04-18;2025-04-19,2025-04-19,2,5876.908642692508,31019.515820739816,-0.45104620359534986,0.7992968171711254,1.0,10
2025-04-20,2025-04-21,2025-04-19,2025-03-24;2025-03-31;2025-04-07;2025-04-14,2025-04-13;2025-04-14;2025-04-15;2025-04-16;2025-04-17;2025-04-18;2025-04-19,2025-04-19,2,7916.746839256558,30100.998663877872,-0.4499921110419604,0.7992968171711254,1.0,10
2025-04-20,2025-04-21,2025-04-19,2025-03-24;2025-03-31;2025-04-07;2025-04-14,2025-04-13;2025-04-14;2025-04-15;2025-04-16;2025-04-17;2025-04-18;2025-04-19,2025-04-19,2,8527.11293175291,29826.557487407008,-0.44777851667984253,0.7992968171711254,1.0,10
2025-04-20,2025-04-21,2025-04-19,2025-03-24;2025-03-31;2025-04-07;2025-04-14,2025-04-13;2025-04-14;2025-04-15;2025-04-16;2025-04-17;2025-04-18;2025-04-19,2025-04-19,2,9674.872167557074,29312.759762632093,-0.44746228891382567,0.7992968171711254,1.0,10
2025-04-20,2025-04-21,2025-04-19,2025-03-24;2025-03-31;2025-04-07;2025-04-14,2025-04-13;2025-04-14;2025-04-15;2025-04-16;2025-04-17;2025-04-18;2025-04-19,2025-04-19,2,10009.430584958249,29163.057487406382,-0.4211205160046231,0.7992968171711254,1.0,10
2025-04-20,2025-04-21,2025-04-19,2025-03-24;2025-03-31;2025-04-07;2025-04-14,2025-04-13;2025-04-14;2025-04-15;2025-04-16;2025-04-17;2025-04-18;2025-04-19,2025-04-19,2,10301.222973756629,29040.177726069385,-0.4211205160046231,0.7992968171711254,1.0,10
2025-04-20,2025-04-21,2025-04-19,2025-03-24;2025-03-31;2025-04-07;2025-04-14,2025-04-13;2025-04-14;2025-04-15;2025-04-16;2025-04-17;2025-04-18;2025-04-19,2025-04-19,2,10800.0,28830.34828851611,-0.4052775049271795,0.7992968171711254,1.0,10
2025-04-21,2025-04-22,2025-04-20,2025-03-25;2025-04-01;2025-04-08;2025-04-15,2025-04-14;2025-04-15;2025-04-16;2025-04-17;2025-04-18;2025-04-19;2025-04-20,2025-04-20,2,1200.0,33341.54995452466,-0.4544192997661961,0.7992968171747634,1.0,10
2025-04-21,2025-04-22,2025-04-20,2025-03-25;2025-04-01;2025-04-08;2025-04-15,2025-04-14;2025-04-15;2025-04-16;2025-04-17;2025-04-18;2025-04-19;2025-04-20,2025-04-20,2,2850.385326518956,32592.29134343684,-0.4534706164681456,0.7992968171747634,1.0,10
2025-04-21,2025-04-22,2025-04-20,2025-03-25;2025-04-01;2025-04-08;2025-04-15,2025-04-14;2025-04-15;2025-04-16;2025-04-17;2025-04-18;2025-04-19;2025-04-20,2025-04-20,2,3709.580558841014,32202.7783226026,-0.4525219331700951,0.7992968171747634,1.0,10
2025-04-21,2025-04-22,2025-04-20,2025-03-25;2025-04-01;2025-04-08;2025-04-15,2025-04-14;2025-04-15;2025-04-16;2025-04-17;2025-04-18;2025-04-19;2025-04-20,2025-04-20,2,5876.908642692508,31223.583010102462,-0.45104620359534986,0.7992968171747634,1.0,10
2025-04-21,2025-04-22,2025-04-20,2025-03-25;2025-04-01;2025-04-08;2025-04-15,2025-04-14;2025-04-15;2025-04-16;2025-04-17;2025-04-18;2025-04-19;2025-04-20,2025-04-20,2,7916.746839258588,30305.06585323961,-0.4499921110419604,0.7992968171747634,1.0,10
2025-04-21,2025-04-22,2025-04-20,2025-03-25;2025-04-01;2025-04-08;2025-04-15,2025-04-14;2025-04-15;2025-04-16;2025-04-17;2025-04-18;2025-04-19;2025-04-20,2025-04-20,2,8527.112931755786,30030.624676768362,-0.44777851667984253,0.7992968171747634,1.0,10
2025-04-21,2025-04-22,2025-04-20,2025-03-25;2025-04-01;2025-04-08;2025-04-15,2025-04-14;2025-04-15;2025-04-16;2025-04-17;2025-04-18;2025-04-19;2025-04-20,2025-04-20,2,9681.324618594248,29513.93972348454,-0.44746228891382567,0.7992968171747634,1.0,10
2025-04-21,2025-04-22,2025-04-20,2025-03-25;2025-04-01;2025-04-08;2025-04-15,2025-04-14;2025-04-15;2025-04-16;2025-04-17;2025-04-18;2025-04-19;2025-04-20,2025-04-20,2,10009.430584957972,29367.124676769145,-0.4211205160046231,0.7992968171747634,1.0,10
2025-04-21,2025-04-22,2025-04-20,2025-03-25;2025-04-01;2025-04-08;2025-04-15,2025-04-14;2025-04-15;2025-04-16;2025-04-17;2025-04-18;2025-04-19;2025-04-20,2025-04-20,2,10304.534979501459,29242.85016186376,-0.4211205160046231,0.7992968171747634,1.0,10
2025-04-21,2025-04-22,2025-04-20,2025-03-25;2025-04-01;2025-04-08;2025-04-15,2025-04-14;2025-04-15;2025-04-16;2025-04-17;2025-04-18;2025-04-19;2025-04-20,2025-04-20,2,10800.0,29034.416773448756,-0.40499289993776433,0.7992968171747634,1.0,10
2025-04-22,2025-04-23,2025-04-21,2025-03-26;2025-04-02;2025-04-09;2025-04-16,2025-04-15;2025-04-16;2025-04-17;2025-04-18;2025-04-19;2025-04-20;2025-04-21,2025-04-21,2,1200.0,33007.9718374652,-0.4544192997661961,0.7992968171711254,1.0,10
2025-04-22,2025-04-23,2025-04-21,2025-03-26;2025-04-02;2025-04-09;2025-04-16,2025-04-15;2025-04-16;2025-04-17;2025-04-18;2025-04-19;2025-04-20;2025-04-21,2025-04-21,2,2850.3853265227904,32258.713226375643,-0.4534706164681456,0.7992968171711254,1.0,10
2025-04-22,2025-04-23,2025-04-21,2025-03-26;2025-04-02;2025-04-09;2025-04-16,2025-04-15;2025-04-16;2025-04-17;2025-04-18;2025-04-19;2025-04-20;2025-04-21,2025-04-21,2,3709.580558843171,31869.20020554216,-0.4525219331700951,0.7992968171711254,1.0,10
2025-04-22,2025-04-23,2025-04-21,2025-03-26;2025-04-02;2025-04-09;2025-04-16,2025-04-15;2025-04-16;2025-04-17;2025-04-18;2025-04-19;2025-04-20;2025-04-21,2025-04-21,2,5876.908642692508,30890.004893043002,-0.45104620359534986,0.7992968171711254,1.0,10
2025-04-22,2025-04-23,2025-04-21,2025-03-26;2025-04-02;2025-04-09;2025-04-16,2025-04-15;2025-04-16;2025-04-17;2025-04-18;2025-04-19;2025-04-20;2025-04-21,2025-04-21,2,7916.746839256558,29971.487736181058,-0.4499921110419604,0.7992968171711254,1.0,10
2025-04-22,2025-04-23,2025-04-21,2025-03-26;2025-04-02;2025-04-09;2025-04-16,2025-04-15;2025-04-16;2025-04-17;2025-04-18;2025-04-19;2025-04-20;2025-04-21,2025-04-21,2,8527.11293175291,29697.04655971019,-0.44777851667984253,0.7992968171711254,1.0,10
2025-04-22,2025-04-23,2025-04-21,2025-03-26;2025-04-02;2025-04-09;2025-04-16,2025-04-15;2025-04-16;2025-04-17;2025-04-18;2025-04-19;2025-04-20;2025-04-21,2025-04-21,2,9681.082501855311,29180.469944535267,-0.44746228891382567,0.7992968171711254,1.0,10
2025-04-22,2025-04-23,2025-04-21,2025-03-26;2025-04-02;2025-04-09;2025-04-16,2025-04-15;2025-04-16;2025-04-17;2025-04-18;2025-04-19;2025-04-20;2025-04-21,2025-04-21,2,10009.430584957972,29033.546559709688,-0.4211205160046231,0.7992968171711254,1.0,10
2025-04-22,2025-04-23,2025-04-21,2025-03-26;2025-04-02;2025-04-09;2025-04-16,2025-04-15;2025-04-16;2025-04-17;2025-04-18;2025-04-19;2025-04-20;2025-04-21,2025-04-21,2,10304.253201048026,28909.39070749201,-0.4211205160046231,0.7992968171711254,1.0,10
2025-04-22,2025-04-23,2025-04-21,2025-03-26;2025-04-02;2025-04-09;2025-04-16,2025-04-15;2025-04-16;2025-04-17;2025-04-18;2025-04-19;2025-04-20;2025-04-21,2025-04-21,2,10800.0,28700.850623348044,-0.40499289993776433,0.7992968171711254,1.0,10
2025-04-23,2025-04-24,2025-04-22,2025-03-27;2025-04-03;2025-04-10;2025-04-17,2025-04-16;2025-04-17;2025-04-18;2025-04-19;2025-04-20;2025-04-21;2025-04-22,2025-04-22,2,1200.0,33038.92367960124,-0.4544192997661961,0.7992968171638495,1.0,10
2025-04-23,2025-04-24,2025-04-22,2025-03-27;2025-04-03;2025-04-10;2025-04-17,2025-04-16;2025-04-17;2025-04-18;2025-04-19;2025-04-20;2025-04-21;2025-04-22,2025-04-22,2,2850.3853265227904,32289.665068511684,-0.4534706164681456,0.7992968171638495,1.0,10
2025-04-23,2025-04-24,2025-04-22,2025-03-27;2025-04-03;2025-04-10;2025-04-17,2025-04-16;2025-04-17;2025-04-18;2025-04-19;2025-04-20;2025-04-21;2025-04-22,2025-04-22,2,3709.580558841014,31900.15204767918,-0.4525219331700951,0.7992968171638495,1.0,10
2025-04-23,2025-04-24,2025-04-22,2025-03-27;2025-04-03;2025-04-10;2025-04-17,2025-04-16;2025-04-17;2025-04-18;2025-04-19;2025-04-20;2025-04-21;2025-04-22,2025-04-22,2,5876.908642692508,30920.956735179047,-0.45104620359534986,0.7992968171638495,1.0,10
2025-04-23,2025-04-24,2025-04-22,2025-03-27;2025-04-03;2025-04-10;2025-04-17,2025-04-16;2025-04-17;2025-04-18;2025-04-19;2025-04-20;2025-04-21;2025-04-22,2025-04-22,2,7916.746839258588,30002.439578316193,-0.4499921110419604,0.7992968171638495,1.0,10
2025-04-23,2025-04-24,2025-04-22,2025-03-27;2025-04-03;2025-04-10;2025-04-17,2025-04-16;2025-04-17;2025-04-18;2025-04-19;2025-04-20;2025-04-21;2025-04-22,2025-04-22,2,8527.112931755786,29727.99840184495,-0.44777851667984253,0.7992968171638495,1.0,10
2025-04-23,2025-04-24,2025-04-22,2025-03-27;2025-04-03;2025-04-10;2025-04-17,2025-04-16;2025-04-17;2025-04-18;2025-04-19;2025-04-20;2025-04-21;2025-04-22,2025-04-22,2,9674.84783891086,29214.21156322304,-0.44746228891382567,0.7992968171638495,1.0,10
2025-04-23,2025-04-24,2025-04-22,2025-03-27;2025-04-03;2025-04-10;2025-04-17,2025-04-16;2025-04-17;2025-04-18;2025-04-19;2025-04-20;2025-04-21;2025-04-22,2025-04-22,2,10009.430584957972,29064.49840184573,-0.4211205160046231,0.7992968171638495,1.0,10
2025-04-23,2025-04-24,2025-04-22,2025-03-27;2025-04-03;2025-04-10;2025-04-17,2025-04-16;2025-04-17;2025-04-18;2025-04-19;2025-04-20;2025-04-21;2025-04-22,2025-04-22,2,10301.1946328899,28941.630575429037,-0.4211205160046231,0.7992968171638495,1.0,10
2025-04-23,2025-04-24,2025-04-22,2025-03-27;2025-04-03;2025-04-10;2025-04-17,2025-04-16;2025-04-17;2025-04-18;2025-04-19;2025-04-20;2025-04-21;2025-04-22,2025-04-22,2,10800.0,28731.790398508674,-0.4052775049271795,0.7992968171638495,1.0,10
2025-04-24,2025-04-25,2025-04-23,2025-03-28;2025-04-04;2025-04-11;2025-04-18,2025-04-17;2025-04-18;2025-04-19;2025-04-20;2025-04-21;2025-04-22;2025-04-23,2025-04-23,2,1200.0,11794.773669898444,-0.44777851667984253,0.9179830740322359,1.0,10
2025-04-24,2025-04-25,2025-04-23,2025-03-28;2025-04-04;2025-04-11;2025-04-18,2025-04-17;2025-04-18;2025-04-19;2025-04-20;2025-04-21;2025-04-22;2025-04-23,2025-04-23,2,2486.293573566961,11219.046075912767,-0.44746228891382567,0.9179830740322359,1.0,10
2025-04-24,2025-04-25,2025-04-23,2025-03-28;2025-04-04;2025-04-11;2025-04-18,2025-04-17;2025-04-18;2025-04-19;2025-04-20;2025-04-21;2025-04-22;2025-04-23,2025-04-23,2,2610.3364575722912,11166.562038192791,-0.4211205160046231,0.9179830740322359,1.0,10
2025-04-24,2025-04-25,2025-04-23,2025-03-28;2025-04-04;2025-04-11;2025-04-18,2025-04-17;2025-04-18;2025-04-19;2025-04-20;2025-04-21;2025-04-22;2025-04-23,2025-04-23,2,3368.0766837787614,10848.105235839843,-0.41950775439793714,0.9179830740322359,1.0,10
2025-04-24,2025-04-25,2025-04-23,2025-03-28;2025-04-04;2025-04-11;2025-04-18,2025-04-17;2025-04-18;2025-04-19;2025-04-20;2025-04-21;2025-04-22;2025-04-23,2025-04-23,2,4733.365733852705,10278.468897699217,-0.4167565728335907,0.9179830740322359,1.0,10
2025-04-24,2025-04-25,2025-04-23,2025-03-28;2025-04-04;2025-04-11;2025-04-18,2025-04-17;2025-04-18;2025-04-19;2025-04-20;2025-04-21;2025-04-22;2025-04-23,2025-04-23,2,6531.531756264369,9531.223588165976,-0.41466946957787953,0.9179830740322359,1.0,10
2025-04-24,2025-04-25,2025-04-23,2025-03-28;2025-04-04;2025-04-11;2025-04-18,2025-04-17;2025-04-18;2025-04-19;2025-04-20;2025-04-21;2025-04-22;2025-04-23,2025-04-23,2,7791.874706960699,9009.191123232125,-0.413625917950024,0.9179830740322359,1.0,10
2025-04-24,2025-04-25,2025-04-23,2025-03-28;2025-04-04;2025-04-11;2025-04-18,2025-04-17;2025-04-18;2025-04-19;2025-04-20;2025-04-21;2025-04-22;2025-04-23,2025-04-23,2,9521.162791395447,8294.467856696403,-0.41296183964138866,0.9179830740322359,1.0,10
2025-04-24,2025-04-25,2025-04-23,2025-03-28;2025-04-04;2025-04-11;2025-04-18,2025-04-17;2025-04-18;2025-04-19;2025-04-20;2025-04-21;2025-04-22;2025-04-23,2025-04-23,2,10660.069852397755,7825.2710714526775,-0.41106447304528765,0.9179830740322359,1.0,10
2025-04-24,2025-04-25,2025-04-23,2025-03-28;2025-04-04;2025-04-11;2025-04-18,2025-04-17;2025-04-18;2025-04-19;2025-04-20;2025-04-21;2025-04-22;2025-04-23,2025-04-23,2,10800.0,7767.750759065411,-0.4030006650118583,0.9179830740322359,1.0,10
2025-04-25,2025-04-26,2025-04-24,2025-03-29;2025-04-05;2025-04-12;2025-04-19,2025-04-18;2025-04-19;2025-04-20;2025-04-21;2025-04-22;2025-04-23;2025-04-24,2025-04-24,2,1200.0,11788.21473161917,-0.44777851667984253,0.8778094824665459,1.0,10
2025-04-25,2025-04-26,2025-04-24,2025-03-29;2025-04-05;2025-04-12;2025-04-19,2025-04-18;2025-04-19;2025-04-20;2025-04-21;2025-04-22;2025-04-23;2025-04-24,2025-04-24,2,2371.088008065875,11264.07371486683,-0.44746228891382567,0.8778094824665459,1.0,10
2025-04-25,2025-04-26,2025-04-24,2025-03-29;2025-04-05;2025-04-12;2025-04-19,2025-04-18;2025-04-19;2025-04-20;2025-04-21;2025-04-22;2025-04-23;2025-04-24,2025-04-24,2,2494.140551477236,11212.006729888806,-0.4211205160046231,0.8778094824665459,1.0,10
2025-04-25,2025-04-26,2025-04-24,2025-03-29;2025-04-05;2025-04-12;2025-04-19,2025-04-18;2025-04-19;2025-04-20;2025-04-21;2025-04-22;2025-04-23;2025-04-24,2025-04-24,2,3245.8310884031553,10896.103455802044,-0.41950775439793714,0.8778094824665459,1.0,10
2025-04-25,2025-04-26,2025-04-24,2025-03-29;2025-04-05;2025-04-12;2025-04-19,2025-04-18;2025-04-19;2025-04-20;2025-04-21;2025-04-22;2025-04-23;2025-04-24,2025-04-24,2,4627.904520880628,10319.466235979104,-0.4167565728335907,0.8778094824665459,1.0,10
2025-04-25,2025-04-26,2025-04-24,2025-03-29;2025-04-05;2025-04-12;2025-04-19,2025-04-18;2025-04-19;2025-04-20;2025-04-21;2025-04-22;2025-04-23;2025-04-24,2025-04-24,2,6355.871001171073,9601.421053314269,-0.41466946957787953,0.8778094824665459,1.0,10
2025-04-25,2025-04-26,2025-04-24,2025-03-29;2025-04-05;2025-04-12;2025-04-19,2025-04-18;2025-04-19;2025-04-20;2025-04-21;2025-04-22;2025-04-23;2025-04-24,2025-04-24,2,7583.423638624562,9092.97577933718,-0.413625917950024,0.8778094824665459,1.0,10
2025-04-25,2025-04-26,2025-04-24,2025-03-29;2025-04-05;2025-04-12;2025-04-19,2025-04-18;2025-04-19;2025-04-20;2025-04-21;2025-04-22;2025-04-23;2025-04-24,2025-04-24,2,9439.910162224849,8325.734362207082,-0.41296183964138866,0.8778094824665459,1.0,10
2025-04-25,2025-04-26,2025-04-24,2025-03-29;2025-04-05;2025-04-12;2025-04-19,2025-04-18;2025-04-19;2025-04-20;2025-04-21;2025-04-22;2025-04-23;2025-04-24,2025-04-24,2,10614.78222357866,7842.050595000583,-0.41106447304528765,0.8778094824665459,1.0,10
2025-04-25,2025-04-26,2025-04-24,2025-03-29;2025-04-05;2025-04-12;2025-04-19,2025-04-18;2025-04-19;2025-04-20;2025-04-21;2025-04-22;2025-04-23;2025-04-24,2025-04-24,2,10800.0,7765.914147337325,-0.4030006650118583,0.8778094824665459,1.0,10
2025-04-26,2025-04-27,2025-04-25,2025-03-30;2025-04-06;2025-04-13;2025-04-20,2025-04-19;2025-04-20;2025-04-21;2025-04-22;2025-04-23;2025-04-24;2025-04-25,2025-04-25,2,1200.0,31384.266236562114,-0.4544192997661961,0.7992968171711254,1.0,10
2025-04-26,2025-04-27,2025-04-25,2025-03-30;2025-04-06;2025-04-13;2025-04-20,2025-04-19;2025-04-20;2025-04-21;2025-04-22;2025-04-23;2025-04-24;2025-04-25,2025-04-25,2,2850.3853265227904,30635.007625472557,-0.4534706164681456,0.7992968171711254,1.0,10
2025-04-26,2025-04-27,2025-04-25,2025-03-30;2025-04-06;2025-04-13;2025-04-20,2025-04-19;2025-04-20;2025-04-21;2025-04-22;2025-04-23;2025-04-24;2025-04-25,2025-04-25,2,3709.580558843171,30245.494604639076,-0.4525219331700951,0.7992968171711254,1.0,10
2025-04-26,2025-04-27,2025-04-25,2025-03-30;2025-04-06;2025-04-13;2025-04-20,2025-04-19;2025-04-20;2025-04-21;2025-04-22;2025-04-23;2025-04-24;2025-04-25,2025-04-25,2,5876.908642693554,29266.299292139443,-0.45104620359534986,0.7992968171711254,1.0,10
2025-04-26,2025-04-27,2025-04-25,2025-03-30;2025-04-06;2025-04-13;2025-04-20,2025-04-19;2025-04-20;2025-04-21;2025-04-22;2025-04-23;2025-04-24;2025-04-25,2025-04-25,2,7916.746839258588,28347.78213527706,-0.4499921110419604,0.7992968171711254,1.0,10
2025-04-26,2025-04-27,2025-04-25,2025-03-30;2025-04-06;2025-04-13;2025-04-20,2025-04-19;2025-04-20;2025-04-21;2025-04-22;2025-04-23;2025-04-24;2025-04-25,2025-04-25,2,8527.112931755786,28073.340958805817,-0.44777851667984253,0.7992968171711254,1.0,10
2025-04-26,2025-04-27,2025-04-25,2025-03-30;2025-04-06;2025-04-13;2025-04-20,2025-04-19;2025-04-20;2025-04-21;2025-04-22;2025-04-23;2025-04-24;2025-04-25,2025-04-25,2,9724.858425412542,27537.176268677944,-0.44746228891382567,0.7992968171711254,1.0,10
2025-04-26,2025-04-27,2025-04-25,2025-03-30;2025-04-06;2025-04-13;2025-04-20,2025-04-19;2025-04-20;2025-04-21;2025-04-22;2025-04-23;2025-04-24;2025-04-25,2025-04-25,2,10009.430584957834,27409.840958806657,-0.4211205160046231,0.7992968171711254,1.0,10
2025-04-26,2025-04-27,2025-04-25,2025-03-30;2025-04-06;2025-04-13;2025-04-20,2025-04-19;2025-04-20;2025-04-21;2025-04-22;2025-04-23;2025-04-24;2025-04-25,2025-04-25,2,10326.9558309589,27276.124563366193,-0.4211205160046231,0.7992968171711254,1.0,10
2025-04-26,2025-04-27,2025-04-25,2025-03-30;2025-04-06;2025-04-13;2025-04-20,2025-04-19;2025-04-20;2025-04-21;2025-04-22;2025-04-23;2025-04-24;2025-04-25,2025-04-25,2,10800.0,27077.123270739547,-0.4030006650118583,0.7992968171711254,1.0,10
2025-04-27,2025-04-28,2025-04-26,2025-03-31;2025-04-07;2025-04-14;2025-04-21,2025-04-20;2025-04-21;2025-04-22;2025-04-23;2025-04-24;2025-04-25;2025-04-26,2025-04-26,2,1200.0,31066.45051963137,-0.4544192997661961,0.9687726668853429,1.0,10
2025-04-27,2025-04-28,2025-04-26,2025-03-31;2025-04-07;2025-04-14;2025-04-21,2025-04-20;2025-04-21;2025-04-22;2025-04-23;2025-04-24;2025-04-25;2025-04-26,2025-04-26,2,3317.6167218466762,30105.794820049945,-0.4525219331700951,0.9687726668853429,1.0,10
2025-04-27,2025-04-28,2025-04-26,2025-03-31;2025-04-07;2025-04-14;2025-04-21,2025-04-20;2025-04-21;2025-04-22;2025-04-23;2025-04-24;2025-04-25;2025-04-26,2025-04-26,2,5484.944805699056,29126.599507549414,-0.45104620359534986,0.9687726668853429,1.0,10
2025-04-27,2025-04-28,2025-04-26,2025-03-31;2025-04-07;2025-04-14;2025-04-21,2025-04-20;2025-04-21;2025-04-22;2025-04-23;2025-04-24;2025-04-25;2025-04-26,2025-04-26,2,7524.783002265969,28208.08235068618,-0.4499921110419604,0.9687726668853429,1.0,10
2025-04-27,2025-04-28,2025-04-26,2025-03-31;2025-04-07;2025-04-14;2025-04-21,2025-04-20;2025-04-21;2025-04-22;2025-04-23;2025-04-24;2025-04-25;2025-04-26,2025-04-26,2,8135.149094761816,27933.641174215547,-0.44777851667984253,0.9687726668853429,1.0,10
2025-04-27,2025-04-28,2025-04-26,2025-03-31;2025-04-07;2025-04-14;2025-04-21,2025-04-20;2025-04-21;2025-04-22;2025-04-23;2025-04-24;2025-04-25;2025-04-26,2025-04-26,2,9508.425224525861,27318.933143880604,-0.44746228891382567,0.9687726668853429,1.0,10
2025-04-27,2025-04-28,2025-04-26,2025-03-31;2025-04-07;2025-04-14;2025-04-21,2025-04-20;2025-04-21;2025-04-22;2025-04-23;2025-04-24;2025-04-25;2025-04-26,2025-04-26,2,9802.390863136701,27189.96764451802,-0.4335482672090848,0.9687726668853429,1.0,10
2025-04-27,2025-04-28,2025-04-26,2025-03-31;2025-04-07;2025-04-14;2025-04-21,2025-04-20;2025-04-21;2025-04-22;2025-04-23;2025-04-24;2025-04-25;2025-04-26,2025-04-26,2,10009.430584957941,27100.20593187897,-0.4211205160046231,0.9687726668853429,1.0,10
2025-04-27,2025-04-28,2025-04-26,2025-03-31;2025-04-07;2025-04-14;2025-04-21,2025-04-20;2025-04-21;2025-04-22;2025-04-23;2025-04-24;2025-04-25;2025-04-26,2025-04-26,2,10171.967722383357,27031.758208696465,-0.4211205160046231,0.9687726668853429,1.0,10
2025-04-27,2025-04-28,2025-04-26,2025-03-31;2025-04-07;2025-04-14;2025-04-21,2025-04-20;2025-04-21;2025-04-22;2025-04-23;2025-04-24;2025-04-25;2025-04-26,2025-04-26,2,10800.0,26767.495544511487,-0.4052775049271795,0.9687726668853429,1.0,10
2025-04-28,2025-04-29,2025-04-27,2025-04-01;2025-04-08;2025-04-15;2025-04-22,2025-04-21;2025-04-22;2025-04-23;2025-04-24;2025-04-25;2025-04-26;2025-04-27,2025-04-27,2,1200.0,31006.874111765777,-0.4534706164681456,0.941079586144042,1.0,10
2025-04-28,2025-04-29,2025-04-27,2025-04-01;2025-04-08;2025-04-15;2025-04-22,2025-04-21;2025-04-22;2025-04-23;2025-04-24;2025-04-25;2025-04-26;2025-04-27,2025-04-27,2,3809.7214065802455,29824.747692269273,-0.45167865912738353,0.941079586144042,1.0,10
2025-04-28,2025-04-29,2025-04-27,2025-04-01;2025-04-08;2025-04-15;2025-04-22,2025-04-21;2025-04-22;2025-04-23;2025-04-24;2025-04-25;2025-04-26;2025-04-27,2025-04-27,2,5390.86023666465,29111.44213671362,-0.45030833880797727,0.941079586144042,1.0,10
2025-04-28,2025-04-29,2025-04-27,2025-04-01;2025-04-08;2025-04-15;2025-04-22,2025-04-21;2025-04-22;2025-04-23;2025-04-24;2025-04-25;2025-04-26;2025-04-27,2025-04-27,2,7367.283774270113,28221.733803380186,-0.4499921110419604,0.941079586144042,1.0,10
2025-04-28,2025-04-29,2025-04-27,2025-04-01;2025-04-08;2025-04-15;2025-04-22,2025-04-21;2025-04-22;2025-04-23;2025-04-24;2025-04-25;2025-04-26;2025-04-27,2025-04-27,2,8013.542899264336,27932.061184332793,-0.44777851667984253,0.941079586144042,1.0,10
2025-04-28,2025-04-29,2025-04-27,2025-04-01;2025-04-08;2025-04-15;2025-04-22,2025-04-21;2025-04-22;2025-04-23;2025-04-24;2025-04-25;2025-04-26;2025-04-27,2025-04-27,2,9062.61596430421,27462.553247824908,-0.44746228891382567,0.941079586144042,1.0,10
2025-04-28,2025-04-29,2025-04-27,2025-04-01;2025-04-08;2025-04-15;2025-04-22,2025-04-21;2025-04-22;2025-04-23;2025-04-24;2025-04-25;2025-04-26;2025-04-27,2025-04-27,2,9300.333933903474,27359.24658957624,-0.4335482672090848,0.941079586144042,1.0,10
2025-04-28,2025-04-29,2025-04-27,2025-04-01;2025-04-08;2025-04-15;2025-04-22,2025-04-21;2025-04-22;2025-04-23;2025-04-24;2025-04-25;2025-04-26;2025-04-27,2025-04-27,2,9576.843146056393,27240.30233137519,-0.4211205160046231,0.941079586144042,1.0,10
2025-04-28,2025-04-29,2025-04-27,2025-04-01;2025-04-08;2025-04-15;2025-04-22,2025-04-21;2025-04-22;2025-04-23;2025-04-24;2025-04-25;2025-04-26;2025-04-27,2025-04-27,2,10198.095120861013,26978.74647891442,-0.41950775439793714,0.941079586144042,1.0,10
2025-04-28,2025-04-29,2025-04-27,2025-04-01;2025-04-08;2025-04-15;2025-04-22,2025-04-21;2025-04-22;2025-04-23;2025-04-24;2025-04-25;2025-04-26;2025-04-27,2025-04-27,2,10800.0,26726.256580114037,-0.40499289993776433,0.941079586144042,1.0,10
2025-04-29,2025-04-30,2025-04-28,2025-04-02;2025-04-09;2025-04-16;2025-04-23,2025-04-22;2025-04-23;2025-04-24;2025-04-25;2025-04-26;2025-04-27;2025-04-28,2025-04-28,2,1200.0,31696.023783168494,-0.4544192997661961,0.7992968171711254,1.0,10
2025-04-29,2025-04-30,2025-04-28,2025-04-02;2025-04-09;2025-04-16;2025-04-23,2025-04-22;2025-04-23;2025-04-24;2025-04-25;2025-04-26;2025-04-27;2025-04-28,2025-04-28,2,2850.385326518956,30946.765172080683,-0.4534706164681456,0.7992968171711254,1.0,10
2025-04-29,2025-04-30,2025-04-28,2025-04-02;2025-04-09;2025-04-16;2025-04-23,2025-04-22;2025-04-23;2025-04-24;2025-04-25;2025-04-26;2025-04-27;2025-04-28,2025-04-28,2,3709.5805588399353,30557.252151246925,-0.4525219331700951,0.7992968171711254,1.0,10
2025-04-29,2025-04-30,2025-04-28,2025-04-02;2025-04-09;2025-04-16;2025-04-23,2025-04-22;2025-04-23;2025-04-24;2025-04-25;2025-04-26;2025-04-27;2025-04-28,2025-04-28,2,5876.908642691985,29578.05683874654,-0.45104620359534986,0.7992968171711254,1.0,10
2025-04-29,2025-04-30,2025-04-28,2025-04-02;2025-04-09;2025-04-16;2025-04-23,2025-04-22;2025-04-23;2025-04-24;2025-04-25;2025-04-26;2025-04-27;2025-04-28,2025-04-28,2,7916.746839258588,28659.53968188345,-0.4499921110419604,0.7992968171711254,1.0,10
2025-04-29,2025-04-30,2025-04-28,2025-04-02;2025-04-09;2025-04-16;2025-04-23,2025-04-22;2025-04-23;2025-04-24;2025-04-25;2025-04-26;2025-04-27;2025-04-28,2025-04-28,2,8527.112931754347,28385.098505412847,-0.44777851667984253,0.7992968171711254,1.0,10
2025-04-29,2025-04-30,2025-04-28,2025-04-02;2025-04-09;2025-04-16;2025-04-23,2025-04-22;2025-04-23;2025-04-24;2025-04-25;2025-04-26;2025-04-27;2025-04-28,2025-04-28,2,9681.199273483424,27868.46963933857,-0.44746228891382567,0.7992968171711254,1.0,10
2025-04-29,2025-04-30,2025-04-28,2025-04-02;2025-04-09;2025-04-16;2025-04-23,2025-04-22;2025-04-23;2025-04-24;2025-04-25;2025-04-26;2025-04-27;2025-04-28,2025-04-28,2,10009.430584957834,27721.598505413043,-0.4211205160046231,0.7992968171711254,1.0,10
2025-04-29,2025-04-30,2025-04-28,2025-04-02;2025-04-09;2025-04-16;2025-04-23,2025-04-22;2025-04-23;2025-04-24;2025-04-25;2025-04-26;2025-04-27;2025-04-28,2025-04-28,2,10304.389101312254,27597.385422805914,-0.4211205160046231,0.7992968171711254,1.0,10
2025-04-29,2025-04-30,2025-04-28,2025-04-02;2025-04-09;2025-04-16;2025-04-23,2025-04-22;2025-04-23;2025-04-24;2025-04-25;2025-04-26;2025-04-27;2025-04-28,2025-04-28,2,10800.0,27388.896797450157,-0.40499289993776433,0.7992968171711254,1.0,10
2025-04-30,2025-05-01,2025-04-29,2025-04-03;2025-04-10;2025-04-17;2025-04-24,2025-04-23;2025-04-24;2025-04-25;2025-04-26;2025-04-27;2025-04-28;2025-04-29,2025-04-29,2,1200.0,31423.377696564177,-0.4544192997661961,0.9774262216305942,1.0,10
2025-04-30,2025-05-01,2025-04-29,2025-04-03;2025-04-10;2025-04-17;2025-04-24,2025-04-23;2025-04-24;2025-04-25;2025-04-26;2025-04-27;2025-04-28;2025-04-29,2025-04-29,2,3345.6887414408657,30449.96552949574,-0.4525219331700951,0.9774262216305942,1.0,10
2025-04-30,2025-05-01,2025-04-29,2025-04-03;2025-04-10;2025-04-17;2025-04-24,2025-04-23;2025-04-24;2025-04-25;2025-04-26;2025-04-27;2025-04-28;2025-04-29,2025-04-29,2,5513.016825292918,29470.770216995355,-0.45104620359534986,0.9774262216305942,1.0,10
2025-04-30,2025-05-01,2025-04-29,2025-04-03;2025-04-10;2025-04-17;2025-04-24,2025-04-23;2025-04-24;2025-04-25;2025-04-26;2025-04-27;2025-04-28;2025-04-29,2025-04-29,2,7552.855021859524,28552.25306013226,-0.4499921110419604,0.9774262216305942,1.0,10
2025-04-30,2025-05-01,2025-04-29,2025-04-03;2025-04-10;2025-04-17;2025-04-24,2025-04-23;2025-04-24;2025-04-25;2025-04-26;2025-04-27;2025-04-28;2025-04-29,2025-04-29,2,8163.221114355286,28277.811883661663,-0.44777851667984253,0.9774262216305942,1.0,10
2025-04-30,2025-05-01,2025-04-29,2025-04-03;2025-04-10;2025-04-17;2025-04-24,2025-04-23;2025-04-24;2025-04-25;2025-04-26;2025-04-27;2025-04-28;2025-04-29,2025-04-29,2,9527.637262246917,27667.068361095087,-0.44746228891382567,0.9774262216305942,1.0,10
2025-04-30,2025-05-01,2025-04-29,2025-04-03;2025-04-10;2025-04-17;2025-04-24,2025-04-23;2025-04-24;2025-04-25;2025-04-26;2025-04-27;2025-04-28;2025-04-29,2025-04-29,2,9817.218820664997,27539.8802941233,-0.4335482672090848,0.9774262216305942,1.0,10
2025-04-30,2025-05-01,2025-04-29,2025-04-03;2025-04-10;2025-04-17;2025-04-24,2025-04-23;2025-04-24;2025-04-25;2025-04-26;2025-04-27;2025-04-28;2025-04-29,2025-04-29,2,10009.430584957649,27456.547216777017,-0.4211205160046231,0.9774262216305942,1.0,10
2025-04-30,2025-05-01,2025-04-29,2025-04-03;2025-04-10;2025-04-17;2025-04-24,2025-04-23;2025-04-24;2025-04-25;2025-04-26;2025-04-27;2025-04-28;2025-04-29,2025-04-29,2,10185.281712083015,27382.49269938199,-0.4211205160046231,0.9774262216305942,1.0,10
2025-04-30,2025-05-01,2025-04-29,2025-04-03;2025-04-10;2025-04-17;2025-04-24,2025-04-23;2025-04-24;2025-04-25;2025-04-26;2025-04-27;2025-04-28;2025-04-29,2025-04-29,2,10800.0,27123.840728211675,-0.40499289993776433,0.9774262216305942,1.0,10
2025-05-01,2025-05-02,2025-04-30,2025-04-04;2025-04-11;2025-04-18;2025-04-25,2025-04-24;2025-04-25;2025-04-26;2025-04-27;2025-04-28;2025-04-29;2025-04-30,2025-04-30,2,1200.0,11365.265151616435,-0.44777851667984253,0.5467143042969838,1.0,11
2025-05-01,2025-05-02,2025-04-30,2025-04-04;2025-04-11;2025-04-18;2025-04-25,2025-04-24;2025-04-25;2025-04-26;2025-04-27;2025-04-28;2025-04-29;2025-04-30,2025-04-30,2,1994.9053988994538,11009.570625597387,-0.44746228891382567,0.5467143042969838,1.0,11
2025-05-01,2025-05-02,2025-04-30,2025-04-04;2025-04-11;2025-04-18;2025-04-25,2025-04-24;2025-04-25;2025-04-26;2025-04-27;2025-04-28;2025-04-29;2025-04-30,2025-04-30,2,2121.4744088263888,10956.022784425815,-0.4211205160046231,0.5467143042969838,1.0,11
2025-05-01,2025-05-02,2025-04-30,2025-04-04;2025-04-11;2025-04-18;2025-04-25,2025-04-24;2025-04-25;2025-04-26;2025-04-27;2025-04-28;2025-04-29;2025-04-30,2025-04-30,2,2894.6459694670084,10631.081047778254,-0.41950775439793714,0.5467143042969838,1.0,11
2025-05-01,2025-05-02,2025-04-30,2025-04-04;2025-04-11;2025-04-18;2025-04-25,2025-04-24;2025-04-25;2025-04-26;2025-04-27;2025-04-28;2025-04-29;2025-04-30,2025-04-30,2,4320.114236605916,10036.351108152889,-0.4167565728335907,0.5467143042969838,1.0,11
2025-05-01,2025-05-02,2025-04-30,2025-04-04;2025-04-11;2025-04-18;2025-04-25,2025-04-24;2025-04-25;2025-04-26;2025-04-27;2025-04-28;2025-04-29;2025-04-30,2025-04-30,2,5222.365225223994,9661.003238715895,-0.41533354788651494,0.5467143042969838,1.0,11
2025-05-01,2025-05-02,2025-04-30,2025-04-04;2025-04-11;2025-04-18;2025-04-25,2025-04-24;2025-04-25;2025-04-26;2025-04-27;2025-04-28;2025-04-29;2025-04-30,2025-04-30,2,6407.909142391101,9169.173093293062,-0.4142899962586593,0.5467143042969838,1.0,11
2025-05-01,2025-05-02,2025-04-30,2025-04-04;2025-04-11;2025-04-18;2025-04-25,2025-04-24;2025-04-25;2025-04-26;2025-04-27;2025-04-28;2025-04-29;2025-04-30,2025-04-30,2,8030.232397461964,8497.777556832945,-0.41334131296060883,0.5467143042969838,1.0,11
2025-05-01,2025-05-02,2025-04-30,2025-04-04;2025-04-11;2025-04-18;2025-04-25,2025-04-24;2025-04-25;2025-04-26;2025-04-27;2025-04-28;2025-04-29;2025-04-30,2025-04-30,2,9278.426124081145,7982.196490716509,-0.4124874979923634,0.5467143042969838,1.0,11
2025-05-01,2025-05-02,2025-04-30,2025-04-04;2025-04-11;2025-04-18;2025-04-25,2025-04-24;2025-04-25;2025-04-26;2025-04-27;2025-04-28;2025-04-29;2025-04-30,2025-04-30,2,10570.158765841661,7450.6626230407055,-0.41106447304528765,0.5467143042969838,1.0,11
2025-05-01,2025-05-02,2025-04-30,2025-04-04;2025-04-11;2025-04-18;2025-04-25,2025-04-24;2025-04-25;2025-04-26;2025-04-27;2025-04-28;2025-04-29;2025-04-30,2025-04-30,2,10800.0,7356.746755028691,-0.4030006650118583,0.5467143042969838,1.0,11
2025-05-02,2025-05-03,2025-05-01,2025-04-05;2025-04-12;2025-04-19;2025-04-26,2025-04-25;2025-04-26;2025-04-27;2025-04-28;2025-04-29;2025-04-30;2025-05-01,2025-05-01,2,1200.0,11420.379348926617,-0.44746228891382567,0.5364189268439077,1.0,11
2025-05-02,2025-05-03,2025-05-01,2025-04-05;2025-04-12;2025-04-19;2025-04-26,2025-04-25;2025-04-26;2025-04-27;2025-04-28;2025-04-29;2025-04-30;2025-05-01,2025-05-01,2,1981.0388196523377,11070.89393095443,-0.4211205160046231,0.5364189268439077,1.0,11
2025-05-02,2025-05-03,2025-05-01,2025-04-05;2025-04-12;2025-04-19;2025-04-26,2025-04-25;2025-04-26;2025-04-27;2025-04-28;2025-04-29;2025-04-30;2025-05-01,2025-05-01,2,2104.114245181046,11019.06434424829,-0.4211205160046231,0.5364189268439077,1.0,11
2025-05-02,2025-05-03,2025-05-01,2025-04-05;2025-04-12;2025-04-19;2025-04-26,2025-04-25;2025-04-26;2025-04-27;2025-04-28;2025-04-29;2025-04-30;2025-05-01,2025-05-01,2,2847.0260529014313,10706.846704821759,-0.41950775439793714,0.5364189268439077,1.0,11
2025-05-02,2025-05-03,2025-05-01,2025-04-05;2025-04-12;2025-04-19;2025-04-26,2025-04-25;2025-04-26;2025-04-27;2025-04-28;2025-04-29;2025-04-30;2025-05-01,2025-05-01,2,4305.830163709918,10098.242738779056,-0.4167565728335907,0.5364189268439077,1.0,11
2025-05-02,2025-05-03,2025-05-01,2025-04-05;2025-04-12;2025-04-19;2025-04-26,2025-04-25;2025-04-26;2025-04-27;2025-04-28;2025-04-29;2025-04-30;2025-05-01,2025-05-01,2,5093.061894073194,9770.811045059025,-0.41533354788651494,0.5364189268439077,1.0,11
2025-05-02,2025-05-03,2025-05-01,2025-04-05;2025-04-12;2025-04-19;2025-04-26,2025-04-25;2025-04-26;2025-04-27;2025-04-28;2025-04-29;2025-04-30;2025-05-01,2025-05-01,2,6263.597959725349,9285.217358547343,-0.4142899962586593,0.5364189268439077,1.0,11
2025-05-02,2025-05-03,2025-05-01,2025-04-05;2025-04-12;2025-04-19;2025-04-26,2025-04-25;2025-04-26;2025-04-27;2025-04-28;2025-04-29;2025-04-30;2025-05-01,2025-05-01,2,7865.384154828379,8622.322831809368,-0.41334131296060883,0.5364189268439077,1.0,11
2025-05-02,2025-05-03,2025-05-01,2025-04-05;2025-04-12;2025-04-19;2025-04-26,2025-04-25;2025-04-26;2025-04-27;2025-04-28;2025-04-29;2025-04-30;2025-05-01,2025-05-01,2,9220.46500713875,8062.659451424073,-0.4124874979923634,0.5364189268439077,1.0,11
2025-05-02,2025-05-03,2025-05-01,2025-04-05;2025-04-12;2025-04-19;2025-04-26,2025-04-25;2025-04-26;2025-04-27;2025-04-28;2025-04-29;2025-04-30;2025-05-01,2025-05-01,2,10551.055178474777,7515.3318069574925,-0.41106447304528765,0.5364189268439077,1.0,11
2025-05-02,2025-05-03,2025-05-01,2025-04-05;2025-04-12;2025-04-19;2025-04-26,2025-04-25;2025-04-26;2025-04-27;2025-04-28;2025-04-29;2025-04-30;2025-05-01,2025-05-01,2,10800.0,7413.482712170522,-0.4030006650118583,0.5364189268439077,1.0,11
2025-05-03,2025-05-04,2025-05-02,2025-04-06;2025-04-13;2025-04-20;2025-04-27,2025-04-26;2025-04-27;2025-04-28;2025-04-29;2025-04-30;2025-05-01;2025-05-02,2025-05-02,2,1200.0,34190.922916192285,-0.4535383795608635,0.876065906311851,1.0,11
2025-05-03,2025-05-04,2025-05-02,2025-04-06;2025-04-13;2025-04-20;2025-04-27,2025-04-26;2025-04-27;2025-04-28;2025-04-29;2025-04-30;2025-05-01;2025-05-02,2025-05-02,2,2660.5024351875372,33529.20789465376,-0.45258216703028875,0.876065906311851,1.0,11
2025-05-03,2025-05-04,2025-05-02,2025-04-06;2025-04-13;2025-04-20;2025-04-27,2025-04-26;2025-04-27;2025-04-28;2025-04-29;2025-04-30;2025-05-01;2025-05-02,2025-05-02,2,4229.117470182938,32820.308429148674,-0.4514941929305404,0.876065906311851,1.0,11
2025-05-03,2025-05-04,2025-05-02,2025-04-06;2025-04-13;2025-04-20;2025-04-27,2025-04-26;2025-04-27;2025-04-28;2025-04-29;2025-04-30;2025-05-01;2025-05-02,2025-05-02,2,5479.863379144025,32256.417376100737,-0.45055680348127614,0.876065906311851,1.0,11
2025-05-03,2025-05-04,2025-05-02,2025-04-06;2025-04-13;2025-04-20;2025-04-27,2025-04-26;2025-04-27;2025-04-28;2025-04-29;2025-04-30;2025-05-01;2025-05-02,2025-05-02,2,6911.061056237749,31613.09564102131,-0.4489304892560467,0.876065906311851,1.0,11
2025-05-03,2025-05-04,2025-05-02,2025-04-06;2025-04-13;2025-04-20;2025-04-27,2025-04-26;2025-04-27;2025-04-28;2025-04-29;2025-04-30;2025-05-01;2025-05-02,2025-05-02,2,7531.862166157476,31334.72147124936,-0.44105302972759153,0.876065906311851,1.0,11
2025-05-03,2025-05-04,2025-05-02,2025-04-06;2025-04-13;2025-04-20;2025-04-27,2025-04-26;2025-04-27;2025-04-28;2025-04-29;2025-04-30;2025-05-01;2025-05-02,2025-05-02,2,7723.952359343284,31250.534928953923,-0.43658744191748233,0.876065906311851,1.0,11
2025-05-03,2025-05-04,2025-05-02,2025-04-06;2025-04-13;2025-04-20;2025-04-27,2025-04-26;2025-04-27;2025-04-28;2025-04-29;2025-04-30;2025-05-01;2025-05-02,2025-05-02,2,9038.97657278831,30677.801339743663,-0.4337278394047872,0.876065906311851,1.0,11
2025-05-03,2025-05-04,2025-05-02,2025-04-06;2025-04-13;2025-04-20;2025-04-27,2025-04-26;2025-04-27;2025-04-28;2025-04-29;2025-04-30;2025-05-01;2025-05-02,2025-05-02,2,9990.475554458382,30265.374298263298,-0.432910164752658,0.876065906311851,1.0,11
2025-05-03,2025-05-04,2025-05-02,2025-04-06;2025-04-13;2025-04-20;2025-04-27,2025-04-26;2025-04-27;2025-04-28;2025-04-29;2025-04-30;2025-05-01;2025-05-02,2025-05-02,2,10410.894317332491,30088.91459324919,-0.41909439953235805,0.876065906311851,1.0,11
2025-05-03,2025-05-04,2025-05-02,2025-04-06;2025-04-13;2025-04-20;2025-04-27,2025-04-26;2025-04-27;2025-04-28;2025-04-29;2025-04-30;2025-05-01;2025-05-02,2025-05-02,2,10800.0,29925.952571686532,-0.4030006650118583,0.876065906311851,1.0,11
2025-05-04,2025-05-05,2025-05-03,2025-04-07;2025-04-14;2025-04-21;2025-04-28,2025-04-27;2025-04-28;2025-04-29;2025-04-30;2025-05-01;2025-05-02;2025-05-03,2025-05-03,2,1200.0,34722.813667695606,-0.4539298996521224,0.7073333981425094,1.0,12
2025-05-04,2025-05-05,2025-05-03,2025-04-07;2025-04-14;2025-04-21;2025-04-28,2025-04-27;2025-04-28;2025-04-29;2025-04-30;2025-05-01;2025-05-02;2025-05-03,2025-05-03,2,2462.588853311395,34150.636588897345,-0.4526386362742204,0.7073333981425094,1.0,12
2025-05-04,2025-05-05,2025-05-03,2025-04-07;2025-04-14;2025-04-21;2025-04-28,2025-04-27;2025-04-28;2025-04-29;2025-04-30;2025-05-01;2025-05-02;2025-05-03,2025-05-03,2,4028.552138605881,33442.66350655718,-0.4514941929305404,0.7073333981425094,1.0,12
2025-05-04,2025-05-05,2025-05-03,2025-04-07;2025-04-14;2025-04-21;2025-04-28,2025-04-27;2025-04-28;2025-04-29;2025-04-30;2025-05-01;2025-05-02;2025-05-03,2025-05-03,2,5516.332234913516,32771.77669171681,-0.45055680348127614,0.7073333981425094,1.0,12
2025-05-04,2025-05-05,2025-05-03,2025-04-07;2025-04-14;2025-04-21;2025-04-28,2025-04-27;2025-04-28;2025-04-29;2025-04-30;2025-05-01;2025-05-02;2025-05-03,2025-05-03,2,6810.068027348174,32190.1419904509,-0.4489304892560467,0.7073333981425094,1.0,12
2025-05-04,2025-05-05,2025-05-03,2025-04-07;2025-04-14;2025-04-21;2025-04-28,2025-04-27;2025-04-28;2025-04-29;2025-04-30;2025-05-01;2025-05-02;2025-05-03,2025-05-03,2,7601.089594947313,31835.3048350553,-0.44235746926241104,0.7073333981425094,1.0,12
2025-05-04,2025-05-05,2025-05-03,2025-04-07;2025-04-14;2025-04-21;2025-04-28,2025-04-27;2025-04-28;2025-04-29;2025-04-30;2025-05-01;2025-05-02;2025-05-03,2025-05-03,2,7784.0312979935625,31754.445430947373,-0.4404838197487613,0.7073333981425094,1.0,12
2025-05-04,2025-05-05,2025-05-03,2025-04-07;2025-04-14;2025-04-21;2025-04-28,2025-04-27;2025-04-28;2025-04-29;2025-04-30;2025-05-01;2025-05-02;2025-05-03,2025-05-03,2,8049.036333260438,31638.487817664645,-0.43658744191748233,0.7073333981425094,1.0,12
2025-05-04,2025-05-05,2025-05-03,2025-04-07;2025-04-14;2025-04-21;2025-04-28,2025-04-27;2025-04-28;2025-04-29;2025-04-30;2025-05-01;2025-05-02;2025-05-03,2025-05-03,2,9028.770308668576,31211.8708795876,-0.43465280562038644,0.7073333981425094,1.0,12
2025-05-04,2025-05-05,2025-05-03,2025-04-07;2025-04-14;2025-04-21;2025-04-28,2025-04-27;2025-04-28;2025-04-29;2025-04-30;2025-05-01;2025-05-02;2025-05-03,2025-05-03,2,9948.550843913643,30812.902632723475,-0.43329415561139273,0.7073333981425094,1.0,12
2025-05-04,2025-05-05,2025-05-03,2025-04-07;2025-04-14;2025-04-21;2025-04-28,2025-04-27;2025-04-28;2025-04-29;2025-04-30;2025-05-01;2025-05-02;2025-05-03,2025-05-03,2,10380.025916762163,30631.218893308705,-0.4191824915528913,0.7073333981425094,1.0,12
2025-05-04,2025-05-05,2025-05-03,2025-04-07;2025-04-14;2025-04-21;2025-04-28,2025-04-27;2025-04-28;2025-04-29;2025-04-30;2025-05-01;2025-05-02;2025-05-03,2025-05-03,2,10800.0,30455.29400358685,-0.4030006650118583,0.7073333981425094,1.0,12
2025-05-05,2025-05-06,2025-05-04,2025-04-08;2025-04-15;2025-04-22;2025-04-29,2025-04-28;2025-04-29;2025-04-30;2025-05-01;2025-05-02;2025-05-03;2025-05-04,2025-05-04,2,1200.0,31246.71052602462,-0.4534706164681456,0.942827236292942,1.0,10
2025-05-05,2025-05-06,2025-05-04,2025-04-08;2025-04-15;2025-04-22;2025-04-29,2025-04-28;2025-04-29;2025-04-30;2025-05-01;2025-05-02;2025-05-03;2025-05-04,2025-05-04,2,3822.295224958883,30058.8822493566,-0.45167865912738353,0.942827236292942,1.0,10
2025-05-05,2025-05-06,2025-05-04,2025-04-08;2025-04-15;2025-04-22;2025-04-29,2025-04-28;2025-04-29;2025-04-30;2025-05-01;2025-05-02;2025-05-03;2025-05-04,2025-05-04,2,5403.434055042265,29345.576693801406,-0.45030833880797727,0.942827236292942,1.0,10
2025-05-05,2025-05-06,2025-05-04,2025-04-08;2025-04-15;2025-04-22;2025-04-29,2025-04-28;2025-04-29;2025-04-30;2025-05-01;2025-05-02;2025-05-03;2025-05-04,2025-05-04,2,7379.857592646449,28455.86836046855,-0.4499921110419604,0.942827236292942,1.0,10
2025-05-05,2025-05-06,2025-05-04,2025-04-08;2025-04-15;2025-04-22;2025-04-29,2025-04-28;2025-04-29;2025-04-30;2025-05-01;2025-05-02;2025-05-03;2025-05-04,2025-05-04,2,8026.116717642133,28166.1957414205,-0.44777851667984253,0.942827236292942,1.0,10
2025-05-05,2025-05-06,2025-05-04,2025-04-08;2025-04-15;2025-04-22;2025-04-29,2025-04-28;2025-04-29;2025-04-30;2025-05-01;2025-05-02;2025-05-03;2025-05-04,2025-05-04,2,9075.18978268208,27696.68780491258,-0.44746228891382567,0.942827236292942,1.0,10
2025-05-05,2025-05-06,2025-05-04,2025-04-08;2025-04-15;2025-04-22;2025-04-29,2025-04-28;2025-04-29;2025-04-30;2025-05-01;2025-05-02;2025-05-03;2025-05-04,2025-05-04,2,9366.818236408784,27570.008349686057,-0.4335482672090848,0.942827236292942,1.0,10
2025-05-05,2025-05-06,2025-05-04,2025-04-08;2025-04-15;2025-04-22;2025-04-29,2025-04-28;2025-04-29;2025-04-30;2025-05-01;2025-05-02;2025-05-03;2025-05-04,2025-05-04,2,9589.58369728408,27474.30401970884,-0.4211205160046231,0.942827236292942,1.0,10
2025-05-05,2025-05-06,2025-05-04,2025-04-08;2025-04-15;2025-04-22;2025-04-29,2025-04-28;2025-04-29;2025-04-30;2025-05-01;2025-05-02;2025-05-03;2025-05-04,2025-05-04,2,10241.18879212617,27200.07538003808,-0.41950775439793714,0.942827236292942,1.0,10
2025-05-05,2025-05-06,2025-05-04,2025-04-08;2025-04-15;2025-04-22;2025-04-29,2025-04-28;2025-04-29;2025-04-30;2025-05-01;2025-05-02;2025-05-03;2025-05-04,2025-05-04,2,10800.0,26965.725221966906,-0.4030006650118583,0.942827236292942,1.0,10
2025-05-06,2025-05-07,2025-05-05,2025-04-09;2025-04-16;2025-04-23;2025-04-30,2025-04-29;2025-04-30;2025-05-01;2025-05-02;2025-05-03;2025-05-04;2025-05-05,2025-05-05,2,1200.0,34409.94607463379,-0.4539788396635298,0.8010731396534538,1.0,11
2025-05-06,2025-05-07,2025-05-05,2025-04-09;2025-04-16;2025-04-23;2025-04-30,2025-04-29;2025-04-30;2025-05-01;2025-05-02;2025-05-03;2025-05-04;2025-05-05,2025-05-05,2,2873.191729080456,33651.3459866576,-0.45258216703028875,0.8010731396534538,1.0,11
2025-05-06,2025-05-07,2025-05-05,2025-04-09;2025-04-16;2025-04-23;2025-04-30,2025-04-29;2025-04-30;2025-05-01;2025-05-02;2025-05-03;2025-05-04;2025-05-05,2025-05-05,2,4326.092750369608,32994.53467974588,-0.4513850190589393,0.8010731396534538,1.0,11
2025-05-06,2025-05-07,2025-05-05,2025-04-09;2025-04-16;2025-04-23;2025-04-30,2025-04-29;2025-04-30;2025-05-01;2025-05-02;2025-05-03;2025-05-04;2025-05-05,2025-05-05,2,5882.933813617287,32292.75220729678,-0.4501615187737551,0.8010731396534538,1.0,11
2025-05-06,2025-05-07,2025-05-05,2025-04-09;2025-04-16;2025-04-23;2025-04-30,2025-04-29;2025-04-30;2025-05-01;2025-05-02;2025-05-03;2025-05-04;2025-05-05,2025-05-05,2,7348.903220687582,31633.63191427919,-0.4489643708024057,0.8010731396534538,1.0,11
2025-05-06,2025-05-07,2025-05-05,2025-04-09;2025-04-16;2025-04-23;2025-04-30,2025-04-29;2025-04-30;2025-05-01;2025-05-02;2025-05-03;2025-05-04;2025-05-05,2025-05-05,2,8173.259200522276,31263.9063395194,-0.4476316966456204,0.8010731396534538,1.0,11
2025-05-06,2025-05-07,2025-05-05,2025-04-09;2025-04-16;2025-04-23;2025-04-30,2025-04-29;2025-04-30;2025-05-01;2025-05-02;2025-05-03;2025-05-04;2025-05-05,2025-05-05,2,8452.717554778517,31140.23635696396,-0.4411716151398479,0.8010731396534538,1.0,11
2025-05-06,2025-05-07,2025-05-05,2025-04-09;2025-04-16;2025-04-23;2025-04-30,2025-04-29;2025-04-30;2025-05-01;2025-05-02;2025-05-03;2025-05-04;2025-05-05,2025-05-05,2,9032.732185576451,30885.617574060685,-0.4352321800631245,0.8010731396534538,1.0,11
2025-05-06,2025-05-07,2025-05-05,2025-04-09;2025-04-16;2025-04-23;2025-04-30,2025-04-29;2025-04-30;2025-05-01;2025-05-02;2025-05-03;2025-05-04;2025-05-05,2025-05-05,2,9923.088383794902,30498.813450577964,-0.4286670657636392,0.8010731396534538,1.0,11
2025-05-06,2025-05-07,2025-05-05,2025-04-09;2025-04-16;2025-04-23;2025-04-30,2025-04-29;2025-04-30;2025-05-01;2025-05-02;2025-05-03;2025-05-04;2025-05-05,2025-05-05,2,10270.986526715484,30351.859359341564,-0.4203717338300903,0.8010731396534538,1.0,11
2025-05-06,2025-05-07,2025-05-05,2025-04-09;2025-04-16;2025-04-23;2025-04-30,2025-04-29;2025-04-30;2025-05-01;2025-05-02;2025-05-03;2025-05-04;2025-05-05,2025-05-05,2,10800.0,30129.93161343028,-0.40973970458265274,0.8010731396534538,1.0,11
2025-05-07,2025-05-08,2025-05-06,2025-04-10;2025-04-17;2025-04-24;2025-05-01,2025-04-30;2025-05-01;2025-05-02;2025-05-03;2025-05-04;2025-05-05;2025-05-06,2025-05-06,2,1200.0,35127.29958822456,-0.4539788396635298,0.7910947288473835,1.0,12
2025-05-07,2025-05-08,2025-05-06,2025-04-10;2025-04-17;2025-04-24;2025-05-01,2025-04-30;2025-05-01;2025-05-02;2025-05-03;2025-05-04;2025-05-05;2025-05-06,2025-05-06,2,2658.0760235558314,34465.918557504025,-0.45297368712154773,0.7910947288473835,1.0,12
2025-05-07,2025-05-08,2025-05-06,2025-04-10;2025-04-17;2025-04-24;2025-05-01,2025-04-30;2025-05-01;2025-05-02;2025-05-03;2025-05-04;2025-05-05;2025-05-06,2025-05-06,2,3822.3610562923122,33938.955254116816,-0.45213041307883617,0.7910947288473835,1.0,12
2025-05-07,2025-05-08,2025-05-06,2025-04-10;2025-04-17;2025-04-24;2025-05-01,2025-04-30;2025-05-01;2025-05-02;2025-05-03;2025-05-04;2025-05-05;2025-05-06,2025-05-06,2,4884.933456057374,33459.125777309804,-0.4510424389790877,0.7910947288473835,1.0,12
2025-05-07,2025-05-08,2025-05-06,2025-04-10;2025-04-17;2025-04-24;2025-05-01,2025-04-30;2025-05-01;2025-05-02;2025-05-03;2025-05-04;2025-05-05;2025-05-06,2025-05-06,2,7037.962358186949,32489.4447754527,-0.45010504952982355,0.7910947288473835,1.0,12
2025-05-07,2025-05-08,2025-05-06,2025-04-10;2025-04-17;2025-04-24;2025-05-01,2025-04-30;2025-05-01;2025-05-02;2025-05-03;2025-05-04;2025-05-05;2025-05-06,2025-05-06,2,8393.77212653342,31881.262723733846,-0.4476316966456204,0.7910947288473835,1.0,12
2025-05-07,2025-05-08,2025-05-06,2025-04-10;2025-04-17;2025-04-24;2025-05-01,2025-04-30;2025-05-01;2025-05-02;2025-05-03;2025-05-04;2025-05-05;2025-05-06,2025-05-06,2,8702.784867719842,31743.024756664418,-0.4434958892200716,0.7910947288473835,1.0,12
2025-05-07,2025-05-08,2025-05-06,2025-04-10;2025-04-17;2025-04-24;2025-05-01,2025-04-30;2025-05-01;2025-05-02;2025-05-03;2025-05-04;2025-05-05;2025-05-06,2025-05-06,2,9170.542140770294,31536.69645701436,-0.44091750354215575,0.7910947288473835,1.0,12
2025-05-07,2025-05-08,2025-05-06,2025-04-10;2025-04-17;2025-04-24;2025-05-01,2025-04-30;2025-05-01;2025-05-02;2025-05-03;2025-05-04;2025-05-05;2025-05-06,2025-05-06,2,9742.3729592865,31287.206809843537,-0.4352321800631245,0.7910947288473835,1.0,12
2025-05-07,2025-05-08,2025-05-06,2025-04-10;2025-04-17;2025-04-24;2025-05-01,2025-04-30;2025-05-01;2025-05-02;2025-05-03;2025-05-04;2025-05-05;2025-05-06,2025-05-06,2,9929.492619084393,31206.35422601577,-0.42858386774424667,0.7910947288473835,1.0,12
2025-05-07,2025-05-08,2025-05-06,2025-04-10;2025-04-17;2025-04-24;2025-05-01,2025-04-30;2025-05-01;2025-05-02;2025-05-03;2025-05-04;2025-05-05;2025-05-06,2025-05-06,2,10091.260593212763,31137.642499639067,-0.4211205160046231,0.7910947288473835,1.0,12
2025-05-07,2025-05-08,2025-05-06,2025-04-10;2025-04-17;2025-04-24;2025-05-01,2025-04-30;2025-05-01;2025-05-02;2025-05-03;2025-05-04;2025-05-05;2025-05-06,2025-05-06,2,10800.0,30839.6813403282,-0.410664670798252,0.7910947288473835,1.0,12
2025-05-08,2025-05-09,2025-05-07,2025-04-11;2025-04-18;2025-04-25;2025-05-02,2025-05-01;2025-05-02;2025-05-03;2025-05-04;2025-05-05;2025-05-06;2025-05-07,2025-05-07,2,1200.0,12377.539798922204,-0.44777851667984253,0.9762211706347443,1.0,10
2025-05-08,2025-05-09,2025-05-07,2025-04-11;2025-04-18;2025-04-25;2025-05-02,2025-05-01;2025-05-02;2025-05-03;2025-05-04;2025-05-05;2025-05-06;2025-05-07,2025-05-07,2,2415.2545337381043,11833.62196081745,-0.44746228891382567,0.9762211706347443,1.0,10
2025-05-08,2025-05-09,2025-05-07,2025-04-11;2025-04-18;2025-04-25;2025-05-02,2025-05-01;2025-05-02;2025-05-03;2025-05-04;2025-05-05;2025-05-06;2025-05-07,2025-05-07,2,2544.1832217815163,11779.080410779861,-0.4211205160046231,0.9762211706347443,1.0,10
2025-05-08,2025-05-09,2025-05-07,2025-04-11;2025-04-18;2025-04-25;2025-05-02,2025-05-01;2025-05-02;2025-05-03;2025-05-04;2025-05-05;2025-05-06;2025-05-07,2025-05-07,2,3331.76933787279,11448.107768664788,-0.41950775439793714,0.9762211706347443,1.0,10
2025-05-08,2025-05-09,2025-05-07,2025-04-11;2025-04-18;2025-04-25;2025-05-02,2025-05-01;2025-05-02;2025-05-03;2025-05-04;2025-05-05;2025-05-06;2025-05-07,2025-05-07,2,4692.360949643494,10880.376242025737,-0.4167565728335907,0.9762211706347443,1.0,10
2025-05-08,2025-05-09,2025-05-07,2025-04-11;2025-04-18;2025-04-25;2025-05-02,2025-05-01;2025-05-02;2025-05-03;2025-05-04;2025-05-05;2025-05-06;2025-05-07,2025-05-07,2,6581.187559603624,10095.358134621272,-0.41466946957787953,0.9762211706347443,1.0,10
2025-05-08,2025-05-09,2025-05-07,2025-04-11;2025-04-18;2025-04-25;2025-05-02,2025-05-01;2025-05-02;2025-05-03;2025-05-04;2025-05-05;2025-05-06;2025-05-07,2025-05-07,2,7847.736706577141,9570.742451913924,-0.413625917950024,0.9762211706347443,1.0,10
2025-05-08,2025-05-09,2025-05-07,2025-04-11;2025-04-18;2025-04-25;2025-05-02,2025-05-01;2025-05-02;2025-05-03;2025-05-04;2025-05-05;2025-05-06;2025-05-07,2025-05-07,2,9536.872101442592,8872.61041158443,-0.41296183964138866,0.9762211706347443,1.0,10
2025-05-08,2025-05-09,2025-05-07,2025-04-11;2025-04-18;2025-04-25;2025-05-02,2025-05-01;2025-05-02;2025-05-03;2025-05-04;2025-05-05;2025-05-06;2025-05-07,2025-05-07,2,10662.847165000285,8408.731652079994,-0.41106447304528765,0.9762211706347443,1.0,10
2025-05-08,2025-05-09,2025-05-07,2025-04-11;2025-04-18;2025-04-25;2025-05-02,2025-05-01;2025-05-02;2025-05-03;2025-05-04;2025-05-05;2025-05-06;2025-05-07,2025-05-07,2,10800.0,8352.352994234167,-0.4030006650118583,0.9762211706347443,1.0,10
2025-05-09,2025-05-10,2025-05-08,2025-04-12;2025-04-19;2025-04-26;2025-05-03,2025-05-02;2025-05-03;2025-05-04;2025-05-05;2025-05-06;2025-05-07;2025-05-08,2025-05-08,2,1200.0,12254.593958511976,-0.44777851667984253,0.5529356201186602,1.0,11
2025-05-09,2025-05-10,2025-05-08,2025-04-12;2025-04-19;2025-04-26;2025-05-03,2025-05-02;2025-05-03;2025-05-04;2025-05-05;2025-05-06;2025-05-07;2025-05-08,2025-05-08,2,2306.018761806682,11759.589552331052,-0.44746228891382567,0.5529356201186602,1.0,11
2025-05-09,2025-05-10,2025-05-08,2025-04-12;2025-04-19;2025-04-26;2025-05-03,2025-05-02;2025-05-03;2025-05-04;2025-05-05;2025-05-06;2025-05-07;2025-05-08,2025-05-08,2,2430.5875412501914,11706.884049252787,-0.4211205160046231,0.5529356201186602,1.0,11
2025-05-09,2025-05-10,2025-05-08,2025-04-12;2025-04-19;2025-04-26;2025-05-03,2025-05-02;2025-05-03;2025-05-04;2025-05-05;2025-05-06;2025-05-07;2025-05-08,2025-05-08,2,3191.540302633362,11387.102151087278,-0.41950775439793714,0.5529356201186602,1.0,11
2025-05-09,2025-05-10,2025-05-08,2025-04-12;2025-04-19;2025-04-26;2025-05-03,2025-05-02;2025-05-03;2025-05-04;2025-05-05;2025-05-06;2025-05-07;2025-05-08,2025-05-08,2,4578.278430409544,10808.499000174292,-0.4167565728335907,0.5529356201186602,1.0,11
2025-05-09,2025-05-10,2025-05-08,2025-04-12;2025-04-19;2025-04-26;2025-05-03,2025-05-02;2025-05-03;2025-05-04;2025-05-05;2025-05-06;2025-05-07;2025-05-08,2025-05-08,2,5502.091301863601,10424.128472562368,-0.41533354788651494,0.5529356201186602,1.0,11
2025-05-09,2025-05-10,2025-05-08,2025-04-12;2025-04-19;2025-04-26;2025-05-03,2025-05-02;2025-05-03;2025-05-04;2025-05-05;2025-05-06;2025-05-07;2025-05-08,2025-05-08,2,6660.976283427665,9943.379459251148,-0.4142899962586593,0.5529356201186602,1.0,11
2025-05-09,2025-05-10,2025-05-08,2025-04-12;2025-04-19;2025-04-26;2025-05-03,2025-05-02;2025-05-03;2025-05-04;2025-05-05;2025-05-06;2025-05-07;2025-05-08,2025-05-08,2,8246.818889778571,9287.104476753793,-0.41334131296060883,0.5529356201186602,1.0,11
2025-05-09,2025-05-10,2025-05-08,2025-04-12;2025-04-19;2025-04-26;2025-05-03,2025-05-02;2025-05-03;2025-05-04;2025-05-05;2025-05-06;2025-05-07;2025-05-08,2025-05-08,2,9421.691676996516,8801.760395340365,-0.4124874979923634,0.5529356201186602,1.0,11
2025-05-09,2025-05-10,2025-05-08,2025-04-12;2025-04-19;2025-04-26;2025-05-03,2025-05-02;2025-05-03;2025-05-04;2025-05-05;2025-05-06;2025-05-07;2025-05-08,2025-05-08,2,10664.013604102494,8290.414700119043,-0.41106447304528765,0.5529356201186602,1.0,11
2025-05-09,2025-05-10,2025-05-08,2025-04-12;2025-04-19;2025-04-26;2025-05-03,2025-05-02;2025-05-03;2025-05-04;2025-05-05;2025-05-06;2025-05-07;2025-05-08,2025-05-08,2,10800.0,8234.515523948106,-0.4030006650118583,0.5529356201186602,1.0,11
2025-05-10,2025-05-11,2025-05-09,2025-04-13;2025-04-20;2025-04-27;2025-05-04,2025-05-03;2025-05-04;2025-05-05;2025-05-06;2025-05-07;2025-05-08;2025-05-09,2025-05-09,2,1200.0,35405.168000467114,-0.4544192997661961,0.7992968171674875,1.0,10
2025-05-10,2025-05-11,2025-05-09,2025-04-13;2025-04-20;2025-04-27;2025-05-04,2025-05-03;2025-05-04;2025-05-05;2025-05-06;2025-05-07;2025-05-08;2025-05-09,2025-05-09,2,2850.385326518956,34655.909389379296,-0.4534706164681456,0.7992968171674875,1.0,10
2025-05-10,2025-05-11,2025-05-09,2025-04-13;2025-04-20;2025-04-27;2025-05-04,2025-05-03;2025-05-04;2025-05-05;2025-05-06;2025-05-07;2025-05-08;2025-05-09,2025-05-09,2,3709.580558841014,34266.39636854506,-0.4525219331700951,0.7992968171674875,1.0,10
2025-05-10,2025-05-11,2025-05-09,2025-04-13;2025-04-20;2025-04-27;2025-05-04,2025-05-03;2025-05-04;2025-05-05;2025-05-06;2025-05-07;2025-05-08;2025-05-09,2025-05-09,2,5876.908642691462,33287.20105604539,-0.45104620359534986,0.7992968171674875,1.0,10
2025-05-10,2025-05-11,2025-05-09,2025-04-13;2025-04-20;2025-04-27;2025-05-04,2025-05-03;2025-05-04;2025-05-05;2025-05-06;2025-05-07;2025-05-08;2025-05-09,2025-05-09,2,7916.746839256558,32368.68389918298,-0.4499921110419604,0.7992968171674875,1.0,10
2025-05-10,2025-05-11,2025-05-09,2025-04-13;2025-04-20;2025-04-27;2025-05-04,2025-05-03;2025-05-04;2025-05-05;2025-05-06;2025-05-07;2025-05-08;2025-05-09,2025-05-09,2,8527.11293175291,32094.242722712115,-0.44777851667984253,0.7992968171674875,1.0,10
2025-05-10,2025-05-11,2025-05-09,2025-04-13;2025-04-20;2025-04-27;2025-05-04,2025-05-03;2025-05-04;2025-05-05;2025-05-06;2025-05-07;2025-05-08;2025-05-09,2025-05-09,2,9725.551745310908,31557.76779807428,-0.44746228891382567,0.7992968171674875,1.0,10
2025-05-10,2025-05-11,2025-05-09,2025-04-13;2025-04-20;2025-04-27;2025-05-04,2025-05-03;2025-05-04;2025-05-05;2025-05-06;2025-05-07;2025-05-08;2025-05-09,2025-05-09,2,10009.430584957972,31430.742722711606,-0.4211205160046231,0.7992968171674875,1.0,10
2025-05-10,2025-05-11,2025-05-09,2025-04-13;2025-04-20;2025-04-27;2025-05-04,2025-05-03;2025-05-04;2025-05-05;2025-05-06;2025-05-07;2025-05-08;2025-05-09,2025-05-09,2,10327.757636190196,31296.68867063846,-0.4211205160046231,0.7992968171674875,1.0,10
2025-05-10,2025-05-11,2025-05-09,2025-04-13;2025-04-20;2025-04-27;2025-05-04,2025-05-03;2025-05-04;2025-05-05;2025-05-06;2025-05-07;2025-05-08;2025-05-09,2025-05-09,2,10800.0,31097.989385081928,-0.4030006650118583,0.7992968171674875,1.0,10
2025-05-11,2025-05-12,2025-05-10,2025-04-14;2025-04-21;2025-04-28;2025-05-05,2025-05-04;2025-05-05;2025-05-06;2025-05-07;2025-05-08;2025-05-09;2025-05-10,2025-05-10,2,1200.0,35945.94957185127,-0.4544192997661961,0.7992968171747634,1.0,10
2025-05-11,2025-05-12,2025-05-10,2025-04-14;2025-04-21;2025-04-28;2025-05-05,2025-05-04;2025-05-05;2025-05-06;2025-05-07;2025-05-08;2025-05-09;2025-05-10,2025-05-10,2,2850.3853265227904,35196.69096076171,-0.4534706164681456,0.7992968171747634,1.0,10
2025-05-11,2025-05-12,2025-05-10,2025-04-14;2025-04-21;2025-04-28;2025-05-05,2025-05-04;2025-05-05;2025-05-06;2025-05-07;2025-05-08;2025-05-09;2025-05-10,2025-05-10,2,3709.580558841014,34807.177939929206,-0.4525219331700951,0.7992968171747634,1.0,10
2025-05-11,2025-05-12,2025-05-10,2025-04-14;2025-04-21;2025-04-28;2025-05-05,2025-05-04;2025-05-05;2025-05-06;2025-05-07;2025-05-08;2025-05-09;2025-05-10,2025-05-10,2,5876.908642691462,33827.98262742955,-0.45104620359534986,0.7992968171747634,1.0,10
2025-05-11,2025-05-12,2025-05-10,2025-04-14;2025-04-21;2025-04-28;2025-05-05,2025-05-04;2025-05-05;2025-05-06;2025-05-07;2025-05-08;2025-05-09;2025-05-10,2025-05-10,2,7916.746839256558,32909.465470567135,-0.4499921110419604,0.7992968171747634,1.0,10
2025-05-11,2025-05-12,2025-05-10,2025-04-14;2025-04-21;2025-04-28;2025-05-05,2025-05-04;2025-05-05;2025-05-06;2025-05-07;2025-05-08;2025-05-09;2025-05-10,2025-05-10,2,8527.11293175291,32635.024294096263,-0.44777851667984253,0.7992968171747634,1.0,10
2025-05-11,2025-05-12,2025-05-10,2025-04-14;2025-04-21;2025-04-28;2025-05-05,2025-05-04;2025-05-05;2025-05-06;2025-05-07;2025-05-08;2025-05-09;2025-05-10,2025-05-10,2,9725.497944653083,32098.573443223933,-0.44746228891382567,0.7992968171747634,1.0,10
2025-05-11,2025-05-12,2025-05-10,2025-04-14;2025-04-21;2025-04-28;2025-05-05,2025-05-04;2025-05-05;2025-05-06;2025-05-07;2025-05-08;2025-05-09;2025-05-10,2025-05-10,2,10009.430584957972,31971.52429409576,-0.4211205160046231,0.7992968171747634,1.0,10
2025-05-11,2025-05-12,2025-05-10,2025-04-14;2025-04-21;2025-04-28;2025-05-05,2025-05-04;2025-05-05;2025-05-06;2025-05-07;2025-05-08;2025-05-09;2025-05-10,2025-05-10,2,10327.69541722176,31837.49644370671,-0.4211205160046231,0.7992968171747634,1.0,10
2025-05-11,2025-05-12,2025-05-10,2025-04-14;2025-04-21;2025-04-28;2025-05-05,2025-05-04;2025-05-05;2025-05-06;2025-05-07;2025-05-08;2025-05-09;2025-05-10,2025-05-10,2,10800.0,31638.773722822458,-0.4030006650118583,0.7992968171747634,1.0,10
2025-05-12,2025-05-13,2025-05-11,2025-04-15;2025-04-22;2025-04-29;2025-05-06,2025-05-05;2025-05-06;2025-05-07;2025-05-08;2025-05-09;2025-05-10;2025-05-11,2025-05-11,2,1200.0,36058.290723632614,-0.4544192997661961,0.7992968171747634,1.0,10
2025-05-12,2025-05-13,2025-05-11,2025-04-15;2025-04-22;2025-04-29;2025-05-06,2025-05-05;2025-05-06;2025-05-07;2025-05-08;2025-05-09;2025-05-10;2025-05-11,2025-05-11,2,2850.3853265227904,35309.03211254306,-0.4534706164681456,0.7992968171747634,1.0,10
2025-05-12,2025-05-13,2025-05-11,2025-04-15;2025-04-22;2025-04-29;2025-05-06,2025-05-05;2025-05-06;2025-05-07;2025-05-08;2025-05-09;2025-05-10;2025-05-11,2025-05-11,2,3709.580558841014,34919.51909171055,-0.4525219331700951,0.7992968171747634,1.0,10
2025-05-12,2025-05-13,2025-05-11,2025-04-15;2025-04-22;2025-04-29;2025-05-06,2025-05-05;2025-05-06;2025-05-07;2025-05-08;2025-05-09;2025-05-10;2025-05-11,2025-05-11,2,5876.908642692508,33940.32377921042,-0.45104620359534986,0.7992968171747634,1.0,10
2025-05-12,2025-05-13,2025-05-11,2025-04-15;2025-04-22;2025-04-29;2025-05-06,2025-05-05;2025-05-06;2025-05-07;2025-05-08;2025-05-09;2025-05-10;2025-05-11,2025-05-11,2,7916.746839258588,33021.80662234756,-0.4499921110419604,0.7992968171747634,1.0,10
2025-05-12,2025-05-13,2025-05-11,2025-04-15;2025-04-22;2025-04-29;2025-05-06,2025-05-05;2025-05-06;2025-05-07;2025-05-08;2025-05-09;2025-05-10;2025-05-11,2025-05-11,2,8527.11293175291,32747.365445877604,-0.44777851667984253,0.7992968171747634,1.0,10
2025-05-12,2025-05-13,2025-05-11,2025-04-15;2025-04-22;2025-04-29;2025-05-06,2025-05-05;2025-05-06;2025-05-07;2025-05-08;2025-05-09;2025-05-10;2025-05-11,2025-05-11,2,9725.311600552992,32210.997976962823,-0.44746228891382567,0.7992968171747634,1.0,10
2025-05-12,2025-05-13,2025-05-11,2025-04-15;2025-04-22;2025-04-29;2025-05-06,2025-05-05;2025-05-06;2025-05-07;2025-05-08;2025-05-09;2025-05-10;2025-05-11,2025-05-11,2,10009.430584957972,32083.8654458771,-0.4211205160046231,0.7992968171747634,1.0,10
2025-05-12,2025-05-13,2025-05-11,2025-04-15;2025-04-22;2025-04-29;2025-05-06,2025-05-05;2025-05-06;2025-05-07;2025-05-08;2025-05-09;2025-05-10;2025-05-11,2025-05-11,2,10327.4799154387,31949.92834771013,-0.4211205160046231,0.7992968171747634,1.0,10
2025-05-12,2025-05-13,2025-05-11,2025-04-15;2025-04-22;2025-04-29;2025-05-06,2025-05-05;2025-05-06;2025-05-07;2025-05-08;2025-05-09;2025-05-10;2025-05-11,2025-05-11,2,10800.0,31751.124456163023,-0.4030006650118583,0.7992968171747634,1.0,10
2025-05-13,2025-05-14,2025-05-12,2025-04-16;2025-04-23;2025-04-30;2025-05-07,2025-05-06;2025-05-07;2025-05-08;2025-05-09;2025-05-10;2025-05-11;2025-05-12,2025-05-12,2,1200.0,33246.822926026325,-0.4544192997661961,0.7992968171711254,1.0,10
2025-05-13,2025-05-14,2025-05-12,2025-04-16;2025-04-23;2025-04-30;2025-05-07,2025-05-06;2025-05-07;2025-05-08;2025-05-09;2025-05-10;2025-05-11;2025-05-12,2025-05-12,2,2850.3853265227904,32497.564314936768,-0.4534706164681456,0.7992968171711254,1.0,10
2025-05-13,2025-05-14,2025-05-12,2025-04-16;2025-04-23;2025-04-30;2025-05-07,2025-05-06;2025-05-07;2025-05-08;2025-05-09;2025-05-10;2025-05-11;2025-05-12,2025-05-12,2,3709.580558843171,32108.051294103287,-0.4525219331700951,0.7992968171711254,1.0,10
2025-05-13,2025-05-14,2025-05-12,2025-04-16;2025-04-23;2025-04-30;2025-05-07,2025-05-06;2025-05-07;2025-05-08;2025-05-09;2025-05-10;2025-05-11;2025-05-12,2025-05-12,2,5876.908642692508,31128.855981604127,-0.45104620359534986,0.7992968171711254,1.0,10
2025-05-13,2025-05-14,2025-05-12,2025-04-16;2025-04-23;2025-04-30;2025-05-07,2025-05-06;2025-05-07;2025-05-08;2025-05-09;2025-05-10;2025-05-11;2025-05-12,2025-05-12,2,7916.746839256558,30210.33882474219,-0.4499921110419604,0.7992968171711254,1.0,10
2025-05-13,2025-05-14,2025-05-12,2025-04-16;2025-04-23;2025-04-30;2025-05-07,2025-05-06;2025-05-07;2025-05-08;2025-05-09;2025-05-10;2025-05-11;2025-05-12,2025-05-12,2,8527.112931755786,29935.89764827003,-0.44777851667984253,0.7992968171711254,1.0,10
2025-05-13,2025-05-14,2025-05-12,2025-04-16;2025-04-23;2025-04-30;2025-05-07,2025-05-06;2025-05-07;2025-05-08;2025-05-09;2025-05-10;2025-05-11;2025-05-12,2025-05-12,2,9724.29774454118,29399.983841688212,-0.44746228891382567,0.7992968171711254,1.0,10
2025-05-13,2025-05-14,2025-05-12,2025-04-16;2025-04-23;2025-04-30;2025-05-07,2025-05-06;2025-05-07;2025-05-08;2025-05-09;2025-05-10;2025-05-11;2025-05-12,2025-05-12,2,10009.430584957972,29272.397648270813,-0.4211205160046231,0.7992968171711254,1.0,10
2025-05-13,2025-05-14,2025-05-12,2025-04-16;2025-04-23;2025-04-30;2025-05-07,2025-05-06;2025-05-07;2025-05-08;2025-05-09;2025-05-10;2025-05-11;2025-05-12,2025-05-12,2,10326.307419083647,29138.9543123739,-0.4211205160046231,0.7992968171711254,1.0,10
2025-05-13,2025-05-14,2025-05-12,2025-04-16;2025-04-23;2025-04-30;2025-05-07,2025-05-06;2025-05-07;2025-05-08;2025-05-09;2025-05-10;2025-05-11;2025-05-12,2025-05-12,2,10800.0,28939.7087896487,-0.4030006650118583,0.7992968171711254,1.0,10
2025-05-14,2025-05-15,2025-05-13,2025-04-17;2025-04-24;2025-05-01;2025-05-08,2025-05-07;2025-05-08;2025-05-09;2025-05-10;2025-05-11;2025-05-12;2025-05-13,2025-05-13,2,1200.0,37237.357752776785,-0.4544192997661961,0.964604724336823,1.0,10
2025-05-14,2025-05-15,2025-05-13,2025-04-17;2025-04-24;2025-05-01;2025-05-08,2025-05-07;2025-05-08;2025-05-09;2025-05-10;2025-05-11;2025-05-12;2025-05-13,2025-05-13,2,2753.170633243422,36532.27115829186,-0.4534706164681457,0.964604724336823,1.0,10
2025-05-14,2025-05-15,2025-05-13,2025-04-17;2025-04-24;2025-05-01;2025-05-08,2025-05-07;2025-05-08;2025-05-09;2025-05-10;2025-05-11;2025-05-12;2025-05-13,2025-05-13,2,3597.24288795455,36149.605832763766,-0.4525219331700951,0.964604724336823,1.0,10
2025-05-14,2025-05-15,2025-05-13,2025-04-17;2025-04-24;2025-05-01;2025-05-08,2025-05-07;2025-05-08;2025-05-09;2025-05-10;2025-05-11;2025-05-12;2025-05-13,2025-05-13,2,5710.872302424029,35194.659795059066,-0.45104620359534986,0.964604724336823,1.0,10
2025-05-14,2025-05-15,2025-05-13,2025-04-17;2025-04-24;2025-05-01;2025-05-08,2025-05-07;2025-05-08;2025-05-09;2025-05-10;2025-05-11;2025-05-12;2025-05-13,2025-05-13,2,7700.170574865861,34298.91848080568,-0.44999211104196035,0.964604724336823,1.0,10
2025-05-14,2025-05-15,2025-05-13,2025-04-17;2025-04-24;2025-05-01;2025-05-08,2025-05-07;2025-05-08;2025-05-09;2025-05-10;2025-05-11;2025-05-12;2025-05-13,2025-05-13,2,8302.631646473417,34028.025375892394,-0.44777851667984253,0.964604724336823,1.0,10
2025-05-14,2025-05-15,2025-05-13,2025-04-17;2025-04-24;2025-05-01;2025-05-08,2025-05-07;2025-05-08;2025-05-09;2025-05-10;2025-05-11;2025-05-12;2025-05-13,2025-05-13,2,9702.251402535514,33401.53869171584,-0.44746228891382567,0.964604724336823,1.0,10
2025-05-14,2025-05-15,2025-05-13,2025-04-17;2025-04-24;2025-05-01;2025-05-08,2025-05-07;2025-05-08;2025-05-09;2025-05-10;2025-05-11;2025-05-12;2025-05-13,2025-05-13,2,10001.2831620522,33270.37956959571,-0.43391343498650903,0.964604724336823,1.0,10
2025-05-14,2025-05-15,2025-05-13,2025-04-17;2025-04-24;2025-05-01;2025-05-08,2025-05-07;2025-05-08;2025-05-09;2025-05-10;2025-05-11;2025-05-12;2025-05-13,2025-05-13,2,10326.791517773443,33130.655009419424,-0.4211205160046231,0.964604724336823,1.0,10
2025-05-14,2025-05-15,2025-05-13,2025-04-17;2025-04-24;2025-05-01;2025-05-08,2025-05-07;2025-05-08;2025-05-09;2025-05-10;2025-05-11;2025-05-12;2025-05-13,2025-05-13,2,10800.0,32931.37720920642,-0.4030006650118583,0.964604724336823,1.0,10
2025-05-15,2025-05-16,2025-05-14,2025-04-18;2025-04-25;2025-05-02;2025-05-09,2025-05-08;2025-05-09;2025-05-10;2025-05-11;2025-05-12;2025-05-13;2025-05-14,2025-05-14,2,1200.0,14154.646078901762,-0.4477785166798426,0.8457979313498072,1.0,12
2025-05-15,2025-05-16,2025-05-14,2025-04-18;2025-04-25;2025-05-02;2025-05-09,2025-05-08;2025-05-09;2025-05-10;2025-05-11;2025-05-12;2025-05-13;2025-05-14,2025-05-14,2,1973.2450717800994,13809.157757870913,-0.4386406636268345,0.8457979313498072,1.0,12
2025-05-15,2025-05-16,2025-05-14,2025-04-18;2025-04-25;2025-05-02;2025-05-09,2025-05-08;2025-05-09;2025-05-10;2025-05-11;2025-05-12;2025-05-13;2025-05-14,2025-05-14,2,2256.6417675429198,13685.779262902133,-0.43269482870246556,0.8457979313498072,1.0,12
2025-05-15,2025-05-16,2025-05-14,2025-04-18;2025-04-25;2025-05-02;2025-05-09,2025-05-08;2025-05-09;2025-05-10;2025-05-11;2025-05-12;2025-05-13;2025-05-14,2025-05-14,2,2528.074736948149,13570.671205921713,-0.4211205160046231,0.8457979313498072,1.0,12
2025-05-15,2025-05-16,2025-05-14,2025-04-18;2025-04-25;2025-05-02;2025-05-09,2025-05-08;2025-05-09;2025-05-10;2025-05-11;2025-05-12;2025-05-13;2025-05-14,2025-05-14,2,3088.560954909709,13335.20284382445,-0.4185827881823379,0.8457979313498072,1.0,12
2025-05-15,2025-05-16,2025-05-14,2025-04-18;2025-04-25;2025-05-02;2025-05-09,2025-05-08;2025-05-09;2025-05-10;2025-05-11;2025-05-12;2025-05-13;2025-05-14,2025-05-14,2,3872.4404733905585,13007.803288282363,-0.4169463094932008,0.8457979313498072,1.0,12
2025-05-15,2025-05-16,2025-05-14,2025-04-18;2025-04-25;2025-05-02;2025-05-09,2025-05-08;2025-05-09;2025-05-10;2025-05-11;2025-05-12;2025-05-13;2025-05-14,2025-05-14,2,5062.054570909088,12512.181241333621,-0.4158925934014376,0.8457979313498072,1.0,12
2025-05-15,2025-05-16,2025-05-14,2025-04-18;2025-04-25;2025-05-02;2025-05-09,2025-05-08;2025-05-09;2025-05-10;2025-05-11;2025-05-12;2025-05-13;2025-05-14,2025-05-14,2,6012.223070754481,12117.647343459086,-0.4148219365364948,0.8457979313498072,1.0,12
2025-05-15,2025-05-16,2025-05-14,2025-04-18;2025-04-25;2025-05-02;2025-05-09,2025-05-08;2025-05-09;2025-05-10;2025-05-11;2025-05-12;2025-05-13;2025-05-14,2025-05-14,2,7194.277930681228,11627.850509664922,-0.4140053912692442,0.8457979313498072,1.0,12
2025-05-15,2025-05-16,2025-05-14,2025-04-18;2025-04-25;2025-05-02;2025-05-09,2025-05-08;2025-05-09;2025-05-10;2025-05-11;2025-05-12;2025-05-13;2025-05-14,2025-05-14,2,8755.790929456167,10982.221697636096,-0.4131143066000039,0.8457979313498072,1.0,12
2025-05-15,2025-05-16,2025-05-14,2025-04-18;2025-04-25;2025-05-02;2025-05-09,2025-05-08;2025-05-09;2025-05-10;2025-05-11;2025-05-12;2025-05-13;2025-05-14,2025-05-14,2,10406.309678494219,10302.06949079903,-0.4110644730452876,0.8457979313498072,1.0,12
2025-05-15,2025-05-16,2025-05-14,2025-04-18;2025-04-25;2025-05-02;2025-05-09,2025-05-08;2025-05-09;2025-05-10;2025-05-11;2025-05-12;2025-05-13;2025-05-14,2025-05-14,2,10800.0,10140.237386246226,-0.40674457588452184,0.8457979313498072,1.0,12
2025-05-16,2025-05-17,2025-05-15,2025-04-19;2025-04-26;2025-05-03;2025-05-10,2025-05-09;2025-05-10;2025-05-11;2025-05-12;2025-05-13;2025-05-14;2025-05-15,2025-05-15,2,1200.0,14326.088571674352,-0.4477785166798426,0.7954034187387151,1.0,12
2025-05-16,2025-05-17,2025-05-15,2025-04-19;2025-04-26;2025-05-03;2025-05-10,2025-05-09;2025-05-10;2025-05-11;2025-05-12;2025-05-13;2025-05-14;2025-05-15,2025-05-15,2,2047.398877615975,13947.422672081331,-0.4386406636268345,0.7954034187387151,1.0,12
2025-05-16,2025-05-17,2025-05-15,2025-04-19;2025-04-26;2025-05-03;2025-05-10,2025-05-09;2025-05-10;2025-05-11;2025-05-12;2025-05-13;2025-05-14;2025-05-15,2025-05-15,2,2334.0312929423417,13822.617195369092,-0.43269482870246556,0.7954034187387151,1.0,12
2025-05-16,2025-05-17,2025-05-15,2025-04-19;2025-04-26;2025-05-03;2025-05-10,2025-05-09;2025-05-10;2025-05-11;2025-05-12;2025-05-13;2025-05-14;2025-05-15,2025-05-15,2,2608.5633844701206,13706.086543500212,-0.4211205160046231,0.7954034187387151,1.0,12
2025-05-16,2025-05-17,2025-05-15,2025-04-19;2025-04-26;2025-05-03;2025-05-10,2025-05-09;2025-05-10;2025-05-11;2025-05-12;2025-05-13;2025-05-14;2025-05-15,2025-05-15,2,3149.496000497644,13478.848711471539,-0.4185827881823379,0.7954034187387151,1.0,12
2025-05-16,2025-05-17,2025-05-15,2025-04-19;2025-04-26;2025-05-03;2025-05-10,2025-05-09;2025-05-10;2025-05-11;2025-05-12;2025-05-13;2025-05-14;2025-05-15,2025-05-15,2,3990.5193264991544,13127.627149140944,-0.4169463094932008,0.7954034187387151,1.0,12
2025-05-16,2025-05-17,2025-05-15,2025-04-19;2025-04-26;2025-05-03;2025-05-10,2025-05-09;2025-05-10;2025-05-11;2025-05-12;2025-05-13;2025-05-14;2025-05-15,2025-05-15,2,5066.062538513529,12679.558678541924,-0.4158925934014376,0.7954034187387151,1.0,12
2025-05-16,2025-05-17,2025-05-15,2025-04-19;2025-04-26;2025-05-03;2025-05-10,2025-05-09;2025-05-10;2025-05-11;2025-05-12;2025-05-13;2025-05-14;2025-05-15,2025-05-15,2,6004.5601020489485,12289.873999450543,-0.4148219365364948,0.7954034187387151,1.0,12
2025-05-16,2025-05-17,2025-05-15,2025-04-19;2025-04-26;2025-05-03;2025-05-10,2025-05-09;2025-05-10;2025-05-11;2025-05-12;2025-05-13;2025-05-14;2025-05-15,2025-05-15,2,7172.095761447217,11806.080831213752,-0.4140053912692442,0.7954034187387151,1.0,12
2025-05-16,2025-05-17,2025-05-15,2025-04-19;2025-04-26;2025-05-03;2025-05-10,2025-05-09;2025-05-10;2025-05-11;2025-05-12;2025-05-13;2025-05-14;2025-05-15,2025-05-15,2,8809.586176041055,11129.083879054453,-0.4131143066000039,0.7954034187387151,1.0,12
2025-05-16,2025-05-17,2025-05-15,2025-04-19;2025-04-26;2025-05-03;2025-05-10,2025-05-09;2025-05-10;2025-05-11;2025-05-12;2025-05-13;2025-05-14;2025-05-15,2025-05-15,2,10398.211358657489,10474.675071842692,-0.4110644730452876,0.7954034187387151,1.0,12
2025-05-16,2025-05-17,2025-05-15,2025-04-19;2025-04-26;2025-05-03;2025-05-10,2025-05-09;2025-05-10;2025-05-11;2025-05-12;2025-05-13;2025-05-14;2025-05-15,2025-05-15,2,10800.0,10309.534012452077,-0.4063481617921222,0.7954034187387151,1.0,12
2025-05-17,2025-05-18,2025-05-16,2025-04-20;2025-04-27;2025-05-04;2025-05-11,2025-05-10;2025-05-11;2025-05-12;2025-05-13;2025-05-14;2025-05-15;2025-05-16,2025-05-16,2,1200.0,36230.92806137121,-0.4544192997661961,0.8816868121830339,1.0,11
2025-05-17,2025-05-18,2025-05-16,2025-04-20;2025-04-27;2025-05-04;2025-05-11,2025-05-10;2025-05-11;2025-05-12;2025-05-13;2025-05-14;2025-05-15;2025-05-16,2025-05-16,2,2482.72696112311,35648.74906795024,-0.45342167645673825,0.8816868121830339,1.0,11
2025-05-17,2025-05-18,2025-05-16,2025-04-20;2025-04-27;2025-05-04;2025-05-11,2025-05-10;2025-05-11;2025-05-12;2025-05-13;2025-05-14;2025-05-15;2025-05-16,2025-05-16,2,3881.247433484892,35015.17098617532,-0.45252193317009515,0.8816868121830339,1.0,11
2025-05-17,2025-05-18,2025-05-16,2025-04-20;2025-04-27;2025-05-04;2025-05-11,2025-05-10;2025-05-11;2025-05-12;2025-05-13;2025-05-14;2025-05-15;2025-05-16,2025-05-16,2,4979.151355712772,34519.18613310892,-0.4513850190589393,0.8816868121830339,1.0,11
2025-05-17,2025-05-18,2025-05-16,2025-04-20;2025-04-27;2025-05-04;2025-05-11,2025-05-10;2025-05-11;2025-05-12;2025-05-13;2025-05-14;2025-05-15;2025-05-16,2025-05-16,2,7328.4630154035995,33460.9083399076,-0.45010504952982355,0.8816868121830339,1.0,11
2025-05-17,2025-05-18,2025-05-16,2025-04-20;2025-04-27;2025-05-04;2025-05-11,2025-05-10;2025-05-11;2025-05-12;2025-05-13;2025-05-14;2025-05-15;2025-05-16,2025-05-16,2,8042.8389275560585,33139.73552741873,-0.4489643708024057,0.8816868121830339,1.0,11
2025-05-17,2025-05-18,2025-05-16,2025-04-20;2025-04-27;2025-05-04;2025-05-11,2025-05-10;2025-05-11;2025-05-12;2025-05-13;2025-05-14;2025-05-15;2025-05-16,2025-05-16,2,8962.255015767045,32727.96010729022,-0.44746228891382567,0.8816868121830339,1.0,11
2025-05-17,2025-05-18,2025-05-16,2025-04-20;2025-04-27;2025-05-04;2025-05-11,2025-05-10;2025-05-11;2025-05-12;2025-05-13;2025-05-14;2025-05-15;2025-05-16,2025-05-16,2,9552.592130393334,32465.190339997487,-0.4410022074080531,0.8816868121830339,1.0,11
2025-05-17,2025-05-18,2025-05-16,2025-04-20;2025-04-27;2025-05-04;2025-05-11,2025-05-10;2025-05-11;2025-05-12;2025-05-13;2025-05-14;2025-05-15;2025-05-16,2025-05-16,2,9928.074415878142,32300.39119505701,-0.42931307391421647,0.8816868121830339,1.0,11
2025-05-17,2025-05-18,2025-05-16,2025-04-20;2025-04-27;2025-05-04;2025-05-11,2025-05-10;2025-05-11;2025-05-12;2025-05-13;2025-05-14;2025-05-15;2025-05-16,2025-05-16,2,10337.85882933764,32127.033199609345,-0.4211205160046231,0.8816868121830339,1.0,11
2025-05-17,2025-05-18,2025-05-16,2025-04-20;2025-04-27;2025-05-04;2025-05-11,2025-05-10;2025-05-11;2025-05-12;2025-05-13;2025-05-14;2025-05-15;2025-05-16,2025-05-16,2,10800.0,31932.64279325272,-0.4030006650118583,0.8816868121830339,1.0,11
2025-05-18,2025-05-19,2025-05-17,2025-04-21;2025-04-28;2025-05-05;2025-05-12,2025-05-11;2025-05-12;2025-05-13;2025-05-14;2025-05-15;2025-05-16;2025-05-17,2025-05-17,2,1200.0,36181.18547737661,-0.4544192997661961,0.9703795917594107,1.0,10
2025-05-18,2025-05-19,2025-05-17,2025-04-21;2025-04-28;2025-05-05;2025-05-12,2025-05-11;2025-05-12;2025-05-13;2025-05-14;2025-05-15;2025-05-16;2025-05-17,2025-05-17,2,2713.46218336238,35494.39476157673,-0.45342167645673825,0.9703795917594107,1.0,10
2025-05-18,2025-05-19,2025-05-17,2025-04-21;2025-04-28;2025-05-05;2025-05-12,2025-05-11;2025-05-12;2025-05-13;2025-05-14;2025-05-15;2025-05-16;2025-05-17,2025-05-17,2,3872.847038260105,34969.245898428206,-0.45213041307883617,0.9703795917594107,1.0,10
2025-05-18,2025-05-19,2025-05-17,2025-04-21;2025-04-28;2025-05-05;2025-05-12,2025-05-11;2025-05-12;2025-05-13;2025-05-14;2025-05-15;2025-05-16;2025-05-17,2025-05-17,2,5183.081223720705,34377.47321350715,-0.45104620359534986,0.9703795917594107,1.0,10
2025-05-18,2025-05-19,2025-05-17,2025-04-21;2025-04-28;2025-05-05;2025-05-12,2025-05-11;2025-05-12;2025-05-13;2025-05-14;2025-05-15;2025-05-16;2025-05-17,2025-05-17,2,7315.729082956267,33416.933604615,-0.45010504952982355,0.9703795917594107,1.0,10
2025-05-18,2025-05-19,2025-05-17,2025-04-21;2025-04-28;2025-05-05;2025-05-12,2025-05-11;2025-05-12;2025-05-13;2025-05-14;2025-05-15;2025-05-16;2025-05-17,2025-05-17,2,8947.467223246496,32684.892586357295,-0.4476316966456204,0.9703795917594107,1.0,10
2025-05-18,2025-05-19,2025-05-17,2025-04-21;2025-04-28;2025-05-05;2025-05-12,2025-05-11;2025-05-12;2025-05-13;2025-05-14;2025-05-15;2025-05-16;2025-05-17,2025-05-17,2,9545.476061816775,32418.75681030094,-0.4410022074080531,0.9703795917594107,1.0,10
2025-05-18,2025-05-19,2025-05-17,2025-04-21;2025-04-28;2025-05-05;2025-05-12,2025-05-11;2025-05-12;2025-05-13;2025-05-14;2025-05-15;2025-05-16;2025-05-17,2025-05-17,2,9919.828866839867,32254.42815675679,-0.43269482870246556,0.9703795917594107,1.0,10
2025-05-18,2025-05-19,2025-05-17,2025-04-21;2025-04-28;2025-05-05;2025-05-12,2025-05-11;2025-05-12;2025-05-13;2025-05-14;2025-05-15;2025-05-16;2025-05-17,2025-05-17,2,10332.72624336881,32079.786840675537,-0.4211205160046231,0.9703795917594107,1.0,10
2025-05-18,2025-05-19,2025-05-17,2025-04-21;2025-04-28;2025-05-05;2025-05-12,2025-05-11;2025-05-12;2025-05-13;2025-05-14;2025-05-15;2025-05-16;2025-05-17,2025-05-17,2,10800.0,31883.266107789143,-0.4030006650118583,0.9703795917594107,1.0,10
2025-05-19,2025-05-20,2025-05-18,2025-04-22;2025-04-29;2025-05-06;2025-05-13,2025-05-12;2025-05-13;2025-05-14;2025-05-15;2025-05-16;2025-05-17;2025-05-18,2025-05-18,2,1200.0,35943.55565914452,-0.4544192997661961,0.9803395588678541,1.0,12
2025-05-19,2025-05-20,2025-05-18,2025-04-22;2025-04-29;2025-05-06;2025-05-13,2025-05-12;2025-05-13;2025-05-14;2025-05-15;2025-05-16;2025-05-17;2025-05-18,2025-05-18,2,2560.037286171555,35326.46618364175,-0.45342167645673825,0.9803395588678541,1.0,12
2025-05-19,2025-05-20,2025-05-18,2025-04-22;2025-04-29;2025-05-06;2025-05-13,2025-05-12;2025-05-13;2025-05-14;2025-05-15;2025-05-16;2025-05-17;2025-05-18,2025-05-18,2,3741.3576743387603,34791.41759282604,-0.45213041307883617,0.9803395588678541,1.0,12
2025-05-19,2025-05-20,2025-05-18,2025-04-22;2025-04-29;2025-05-06;2025-05-13,2025-05-12;2025-05-13;2025-05-14;2025-05-15;2025-05-16;2025-05-17;2025-05-18,2025-05-18,2,5076.381458735873,34188.402130998315,-0.45104620359534986,0.9803395588678541,1.0,12
2025-05-19,2025-05-20,2025-05-18,2025-04-22;2025-04-29;2025-05-06;2025-05-13,2025-05-12;2025-05-13;2025-05-14;2025-05-15;2025-05-16;2025-05-17;2025-05-18,2025-05-18,2,7116.407762402139,33269.58659726265,-0.45010504952982355,0.9803395588678541,1.0,12
2025-05-19,2025-05-20,2025-05-18,2025-04-22;2025-04-29;2025-05-06;2025-05-13,2025-05-12;2025-05-13;2025-05-14;2025-05-15;2025-05-16;2025-05-17;2025-05-18,2025-05-18,2,8715.997258233654,32551.767498171936,-0.4476316966456204,0.9803395588678541,1.0,12
2025-05-19,2025-05-20,2025-05-18,2025-04-22;2025-04-29;2025-05-06;2025-05-13,2025-05-12;2025-05-13;2025-05-14;2025-05-15;2025-05-16;2025-05-17;2025-05-18,2025-05-18,2,9042.449278948805,32405.652184127324,-0.44746228891382567,0.9803395588678541,1.0,12
2025-05-19,2025-05-20,2025-05-18,2025-04-22;2025-04-29;2025-05-06;2025-05-13,2025-05-12;2025-05-13;2025-05-14;2025-05-15;2025-05-16;2025-05-17;2025-05-18,2025-05-18,2,9439.292375478306,32230.62854470166,-0.4410022074080531,0.9803395588678541,1.0,12
2025-05-19,2025-05-20,2025-05-18,2025-04-22;2025-04-29;2025-05-06;2025-05-13,2025-05-12;2025-05-13;2025-05-14;2025-05-15;2025-05-16;2025-05-17;2025-05-18,2025-05-18,2,9852.463576180731,32050.01961546648,-0.4352321800631245,0.9803395588678541,1.0,12
2025-05-19,2025-05-20,2025-05-18,2025-04-22;2025-04-29;2025-05-06;2025-05-13,2025-05-12;2025-05-13;2025-05-14;2025-05-15;2025-05-16;2025-05-17;2025-05-18,2025-05-18,2,9965.879138327804,32001.00456241569,-0.42995418806365293,0.9803395588678541,1.0,12
2025-05-19,2025-05-20,2025-05-18,2025-04-22;2025-04-29;2025-05-06;2025-05-13,2025-05-12;2025-05-13;2025-05-14;2025-05-15;2025-05-16;2025-05-17;2025-05-18,2025-05-18,2,10279.886642843892,31868.42251076899,-0.4211205160046231,0.9803395588678541,1.0,12
2025-05-19,2025-05-20,2025-05-18,2025-04-22;2025-04-29;2025-05-06;2025-05-13,2025-05-12;2025-05-13;2025-05-14;2025-05-15;2025-05-16;2025-05-17;2025-05-18,2025-05-18,2,10800.0,31649.837501159767,-0.4039256312274575,0.9803395588678541,1.0,12
2025-05-20,2025-05-21,2025-05-19,2025-04-23;2025-04-30;2025-05-07;2025-05-14,2025-05-13;2025-05-14;2025-05-15;2025-05-16;2025-05-17;2025-05-18;2025-05-19,2025-05-19,2,1200.0,35794.1449519025,-0.4539788396635298,0.5758455059112748,1.0,11
2025-05-20,2025-05-21,2025-05-19,2025-04-23;2025-04-30;2025-05-07;2025-05-14,2025-05-13;2025-05-14;2025-05-15;2025-05-16;2025-05-17;2025-05-18;2025-05-19,2025-05-19,2,3193.265700508413,34890.222953149634,-0.45297368712154773,0.5758455059112748,1.0,11
2025-05-20,2025-05-21,2025-05-19,2025-04-23;2025-04-30;2025-05-07;2025-05-14,2025-05-13;2025-05-14;2025-05-15;2025-05-16;2025-05-17;2025-05-18;2025-05-19,2025-05-19,2,4690.070892004041,34213.6090621538,-0.4513850190589393,0.5758455059112748,1.0,11
2025-05-20,2025-05-21,2025-05-19,2025-04-23;2025-04-30;2025-05-07;2025-05-14,2025-05-13;2025-05-14;2025-05-15;2025-05-16;2025-05-17;2025-05-18;2025-05-19,2025-05-19,2,6293.957014773123,33490.76605977458,-0.45025939879656984,0.5758455059112748,1.0,11
2025-05-20,2025-05-21,2025-05-19,2025-04-23;2025-04-30;2025-05-07;2025-05-14,2025-05-13;2025-05-14;2025-05-15;2025-05-16;2025-05-17;2025-05-18;2025-05-19,2025-05-19,2,7815.811377923494,32806.38050745461,-0.4489643708024057,0.5758455059112748,1.0,11
2025-05-20,2025-05-21,2025-05-19,2025-04-23;2025-04-30;2025-05-07;2025-05-14,2025-05-13;2025-05-14;2025-05-15;2025-05-16;2025-05-17;2025-05-18;2025-05-19,2025-05-19,2,8707.457280374383,32406.807591209115,-0.4476316966456204,0.5758455059112748,1.0,11
2025-05-20,2025-05-21,2025-05-19,2025-04-23;2025-04-30;2025-05-07;2025-05-14,2025-05-13;2025-05-14;2025-05-15;2025-05-16;2025-05-17;2025-05-18;2025-05-19,2025-05-19,2,8957.211802093429,32295.878660146933,-0.4411716151398479,0.5758455059112748,1.0,11
2025-05-20,2025-05-21,2025-05-19,2025-04-23;2025-04-30;2025-05-07;2025-05-14,2025-05-13;2025-05-14;2025-05-15;2025-05-16;2025-05-17;2025-05-18;2025-05-19,2025-05-19,2,9380.845516023765,32109.553359321417,-0.4352321800631245,0.5758455059112748,1.0,11
2025-05-20,2025-05-21,2025-05-19,2025-04-23;2025-04-30;2025-05-07;2025-05-14,2025-05-13;2025-05-14;2025-05-15;2025-05-16;2025-05-17;2025-05-18;2025-05-19,2025-05-19,2,9972.23967672747,31852.54020966809,-0.42995418806365293,0.5758455059112748,1.0,11
2025-05-20,2025-05-21,2025-05-19,2025-04-23;2025-04-30;2025-05-07;2025-05-14,2025-05-13;2025-05-14;2025-05-15;2025-05-16;2025-05-17;2025-05-18;2025-05-19,2025-05-19,2,10375.828152598371,31682.502402126047,-0.4203717338300903,0.5758455059112748,1.0,11
2025-05-20,2025-05-21,2025-05-19,2025-04-23;2025-04-30;2025-05-07;2025-05-14,2025-05-13;2025-05-14;2025-05-15;2025-05-16;2025-05-17;2025-05-18;2025-05-19,2025-05-19,2,10800.0,31504.399261250866,-0.40574507026693296,0.5758455059112748,1.0,11
2025-05-21,2025-05-22,2025-05-20,2025-04-24;2025-05-01;2025-05-08;2025-05-15,2025-05-14;2025-05-15;2025-05-16;2025-05-17;2025-05-18;2025-05-19;2025-05-20,2025-05-20,2,1200.0,36290.67501666957,-0.4539788396635298,0.5739042668428738,1.0,11
2025-05-21,2025-05-22,2025-05-20,2025-04-24;2025-05-01;2025-05-08;2025-05-15,2025-05-14;2025-05-15;2025-05-16;2025-05-17;2025-05-18;2025-05-19;2025-05-20,2025-05-20,2,3158.7684322722407,35402.41438651076,-0.45297368712154773,0.5739042668428738,1.0,11
2025-05-21,2025-05-22,2025-05-20,2025-04-24;2025-05-01;2025-05-08;2025-05-15,2025-05-14;2025-05-15;2025-05-16;2025-05-17;2025-05-18;2025-05-19;2025-05-20,2025-05-20,2,4648.175560953681,34729.13953145067,-0.4513850190589393,0.5739042668428738,1.0,11
2025-05-21,2025-05-22,2025-05-20,2025-04-24;2025-05-01;2025-05-08;2025-05-15,2025-05-14;2025-05-15;2025-05-16;2025-05-17;2025-05-18;2025-05-19;2025-05-20,2025-05-20,2,6244.134366026067,34009.849843520766,-0.45025939879656984,0.5739042668428738,1.0,11
2025-05-21,2025-05-22,2025-05-20,2025-04-24;2025-05-01;2025-05-08;2025-05-15,2025-05-14;2025-05-15;2025-05-16;2025-05-17;2025-05-18;2025-05-19;2025-05-20,2025-05-20,2,7760.93401940157,33327.75863379475,-0.4489643708024057,0.5739042668428738,1.0,11
2025-05-21,2025-05-22,2025-05-20,2025-04-24;2025-05-01;2025-05-08;2025-05-15,2025-05-14;2025-05-15;2025-05-16;2025-05-17;2025-05-18;2025-05-19;2025-05-20,2025-05-20,2,8640.060443469618,32933.72837052988,-0.4476316966456204,0.5739042668428738,1.0,11
2025-05-21,2025-05-22,2025-05-20,2025-04-24;2025-05-01;2025-05-08;2025-05-15,2025-05-14;2025-05-15;2025-05-16;2025-05-17;2025-05-18;2025-05-19;2025-05-20,2025-05-20,2,8897.593905535996,32819.44573854489,-0.4411716151398479,0.5739042668428738,1.0,11
2025-05-21,2025-05-22,2025-05-20,2025-04-24;2025-05-01;2025-05-08;2025-05-15,2025-05-14;2025-05-15;2025-05-16;2025-05-17;2025-05-18;2025-05-19;2025-05-20,2025-05-20,2,9358.072040033414,32617.023940851363,-0.4352321800631245,0.5739042668428738,1.0,11
2025-05-21,2025-05-22,2025-05-20,2025-04-24;2025-05-01;2025-05-08;2025-05-15,2025-05-14;2025-05-15;2025-05-16;2025-05-17;2025-05-18;2025-05-19;2025-05-20,2025-05-20,2,9970.100684257608,32351.01871036579,-0.42995418806365293,0.5739042668428738,1.0,11
2025-05-21,2025-05-22,2025-05-20,2025-04-24;2025-05-01;2025-05-08;2025-05-15,2025-05-14;2025-05-15;2025-05-16;2025-05-17;2025-05-18;2025-05-19;2025-05-20,2025-05-20,2,10373.464969845663,32181.086435666803,-0.4203717338300903,0.5739042668428738,1.0,11
2025-05-21,2025-05-22,2025-05-20,2025-04-24;2025-05-01;2025-05-08;2025-05-15,2025-05-14;2025-05-15;2025-05-16;2025-05-17;2025-05-18;2025-05-19;2025-05-20,2025-05-20,2,10800.0,32002.027776607218,-0.40574507026693296,0.5739042668428738,1.0,11
2025-05-22,2025-05-23,2025-05-21,2025-04-25;2025-05-02;2025-05-09;2025-05-16,2025-05-15;2025-05-16;2025-05-17;2025-05-18;2025-05-19;2025-05-20;2025-05-21,2025-05-21,2,1200.0,14469.652982811307,-0.44760910894804784,0.880809170223074,1.0,12
2025-05-22,2025-05-23,2025-05-21,2025-04-25;2025-05-02;2025-05-09;2025-05-16,2025-05-15;2025-05-16;2025-05-17;2025-05-18;2025-05-19;2025-05-20;2025-05-21,2025-05-21,2,1748.8944401155993,14225.029562242664,-0.4364586920413184,0.880809170223074,1.0,12
2025-05-22,2025-05-23,2025-05-21,2025-04-25;2025-05-02;2025-05-09;2025-05-16,2025-05-15;2025-05-16;2025-05-17;2025-05-18;2025-05-19;2025-05-20;2025-05-21,2025-05-21,2,1978.6385341617179,14125.183396146607,-0.42995418806365293,0.880809170223074,1.0,12
2025-05-22,2025-05-23,2025-05-21,2025-04-25;2025-05-02;2025-05-09;2025-05-16,2025-05-15;2025-05-16;2025-05-17;2025-05-18;2025-05-19;2025-05-20;2025-05-21,2025-05-21,2,2290.4583118505107,13993.231874451874,-0.4211205160046231,0.880809170223074,1.0,12
2025-05-22,2025-05-23,2025-05-21,2025-04-25;2025-05-02;2025-05-09;2025-05-16,2025-05-15;2025-05-16;2025-05-17;2025-05-18;2025-05-19;2025-05-20;2025-05-21,2025-05-21,2,2797.548135472616,13780.246049050756,-0.4195077543979372,0.880809170223074,1.0,12
2025-05-22,2025-05-23,2025-05-21,2025-04-25;2025-05-02;2025-05-09;2025-05-16,2025-05-15;2025-05-16;2025-05-17;2025-05-18;2025-05-19;2025-05-20;2025-05-21,2025-05-21,2,3687.7098270593765,13408.536314108114,-0.4169463094932008,0.880809170223074,1.0,12
2025-05-22,2025-05-23,2025-05-21,2025-04-25;2025-05-02;2025-05-09;2025-05-16,2025-05-15;2025-05-16;2025-05-17;2025-05-18;2025-05-19;2025-05-20;2025-05-21,2025-05-21,2,4755.537890918806,12963.68271253188,-0.4158925934014376,0.880809170223074,1.0,12
2025-05-22,2025-05-23,2025-05-21,2025-04-25;2025-05-02;2025-05-09;2025-05-16,2025-05-15;2025-05-16;2025-05-17;2025-05-18;2025-05-19;2025-05-20;2025-05-21,2025-05-21,2,5806.100445600143,12527.512950323016,-0.4148219365364948,0.880809170223074,1.0,12
2025-05-22,2025-05-23,2025-05-21,2025-04-25;2025-05-02;2025-05-09;2025-05-16,2025-05-15;2025-05-16;2025-05-17;2025-05-18;2025-05-19;2025-05-20;2025-05-21,2025-05-21,2,7005.923253952089,12030.470038490465,-0.4138292072281777,0.880809170223074,1.0,12
2025-05-22,2025-05-23,2025-05-21,2025-04-25;2025-05-02;2025-05-09;2025-05-16,2025-05-15;2025-05-16;2025-05-17;2025-05-18;2025-05-19;2025-05-20;2025-05-21,2025-05-21,2,8632.43335670256,11358.113525234668,-0.41296183964138866,0.880809170223074,1.0,12
2025-05-22,2025-05-23,2025-05-21,2025-04-25;2025-05-02;2025-05-09;2025-05-16,2025-05-15;2025-05-16;2025-05-17;2025-05-18;2025-05-19;2025-05-20;2025-05-21,2025-05-21,2,10335.18310232571,10657.012983130106,-0.4110644730452876,0.880809170223074,1.0,12
2025-05-22,2025-05-23,2025-05-21,2025-04-25;2025-05-02;2025-05-09;2025-05-16,2025-05-15;2025-05-16;2025-05-17;2025-05-18;2025-05-19;2025-05-20;2025-05-21,2025-05-21,2,10800.0,10466.06536589336,-0.4063481617921222,0.880809170223074,1.0,12
2025-05-23,2025-05-24,2025-05-22,2025-04-26;2025-05-03;2025-05-10;2025-05-17,2025-05-16;2025-05-17;2025-05-18;2025-05-19;2025-05-20;2025-05-21;2025-05-22,2025-05-22,2,1200.0,14623.224952763547,-0.44760910894804784,0.8345962970179244,1.0,12
2025-05-23,2025-05-24,2025-05-22,2025-04-26;2025-05-03;2025-05-10;2025-05-17,2025-05-16;2025-05-17;2025-05-18;2025-05-19;2025-05-20;2025-05-21;2025-05-22,2025-05-22,2,1743.6299580540704,14380.890584789393,-0.4364586920413184,0.8345962970179244,1.0,12
2025-05-23,2025-05-24,2025-05-22,2025-04-26;2025-05-03;2025-05-10;2025-05-17,2025-05-16;2025-05-17;2025-05-18;2025-05-19;2025-05-20;2025-05-21;2025-05-22,2025-05-22,2,1989.1140260852956,14274.344328488573,-0.42995418806365293,0.8345962970179244,1.0,12
2025-05-23,2025-05-24,2025-05-22,2025-04-26;2025-05-03;2025-05-10;2025-05-17,2025-05-16;2025-05-17;2025-05-18;2025-05-19;2025-05-20;2025-05-21;2025-05-22,2025-05-22,2,2313.1806365979046,14137.499649959747,-0.4211205160046231,0.8345962970179244,1.0,12
2025-05-23,2025-05-24,2025-05-22,2025-04-26;2025-05-03;2025-05-10;2025-05-17,2025-05-16;2025-05-17;2025-05-18;2025-05-19;2025-05-20;2025-05-21;2025-05-22,2025-05-22,2,2861.4291231229013,13907.395419813864,-0.4185827881823379,0.8345962970179244,1.0,12
2025-05-23,2025-05-24,2025-05-22,2025-04-26;2025-05-03;2025-05-10;2025-05-17,2025-05-16;2025-05-17;2025-05-18;2025-05-19;2025-05-20;2025-05-21;2025-05-22,2025-05-22,2,4202.934639684817,13347.776074758909,-0.4165803887925242,0.8345962970179244,1.0,12
2025-05-23,2025-05-24,2025-05-22,2025-04-26;2025-05-03;2025-05-10;2025-05-17,2025-05-16;2025-05-17;2025-05-18;2025-05-19;2025-05-20;2025-05-21;2025-05-22,2025-05-22,2,5250.887822894236,12911.978672609079,-0.41515736384544843,0.8345962970179244,1.0,12
2025-05-23,2025-05-24,2025-05-22,2025-04-26;2025-05-03;2025-05-10;2025-05-17,2025-05-16;2025-05-17;2025-05-18;2025-05-19;2025-05-20;2025-05-21;2025-05-22,2025-05-22,2,6595.427167377737,12354.57279287138,-0.4140053912692442,0.8345962970179244,1.0,12
2025-05-23,2025-05-24,2025-05-22,2025-04-26;2025-05-03;2025-05-10;2025-05-17,2025-05-16;2025-05-17;2025-05-18;2025-05-19;2025-05-20;2025-05-21;2025-05-22,2025-05-22,2,8251.58584129586,11669.677425839905,-0.4131143066000039,0.8345962970179244,1.0,12
2025-05-23,2025-05-24,2025-05-22,2025-04-26;2025-05-03;2025-05-10;2025-05-17,2025-05-16;2025-05-17;2025-05-18;2025-05-19;2025-05-20;2025-05-21;2025-05-22,2025-05-22,2,9261.360083633042,11252.973117159541,-0.4119148998588972,0.8345962970179244,1.0,12
2025-05-23,2025-05-24,2025-05-22,2025-04-26;2025-05-03;2025-05-10;2025-05-17,2025-05-16;2025-05-17;2025-05-18;2025-05-19;2025-05-20;2025-05-21;2025-05-22,2025-05-22,2,10656.643103657208,10679.334425489891,-0.41066805895288794,0.8345962970179244,1.0,12
2025-05-23,2025-05-24,2025-05-22,2025-04-26;2025-05-03;2025-05-10;2025-05-17,2025-05-16;2025-05-17;2025-05-18;2025-05-19;2025-05-20;2025-05-21;2025-05-22,2025-05-22,2,10800.0,10620.462327131285,-0.4030006650118583,0.8345962970179244,1.0,12
2025-05-24,2025-05-25,2025-05-23,2025-04-27;2025-05-04;2025-05-11;2025-05-18,2025-05-17;2025-05-18;2025-05-19;2025-05-20;2025-05-21;2025-05-22;2025-05-23,2025-05-23,2,1200.0,36455.99892199311,-0.4539788396635298,0.6076302424698952,1.0,11
2025-05-24,2025-05-25,2025-05-23,2025-04-27;2025-05-04;2025-05-11;2025-05-18,2025-05-17;2025-05-18;2025-05-19;2025-05-20;2025-05-21;2025-05-22;2025-05-23,2025-05-23,2,3035.3015075078597,35623.8008144137,-0.45258216703028875,0.6076302424698952,1.0,11
2025-05-24,2025-05-25,2025-05-23,2025-04-27;2025-05-04;2025-05-11;2025-05-18,2025-05-17;2025-05-18;2025-05-19;2025-05-20;2025-05-21;2025-05-22;2025-05-23,2025-05-23,2,4498.230711668635,34962.46654647997,-0.4513850190589393,0.6076302424698952,1.0,11
2025-05-24,2025-05-25,2025-05-23,2025-04-27;2025-05-04;2025-05-11;2025-05-18,2025-05-17;2025-05-18;2025-05-19;2025-05-20;2025-05-21;2025-05-22;2025-05-23,2025-05-23,2,6065.817370559469,34255.89429474251,-0.45025939879656984,0.6076302424698952,1.0,11
2025-05-24,2025-05-25,2025-05-23,2025-04-27;2025-05-04;2025-05-11;2025-05-18,2025-05-17;2025-05-18;2025-05-19;2025-05-20;2025-05-21;2025-05-22;2025-05-23,2025-05-23,2,7515.039866962938,33604.23214632952,-0.4489643708024057,0.6076302424698952,1.0,11
2025-05-24,2025-05-25,2025-05-23,2025-04-27;2025-05-04;2025-05-11;2025-05-18,2025-05-17;2025-05-18;2025-05-19;2025-05-20;2025-05-21;2025-05-22;2025-05-23,2025-05-23,2,8398.844816352826,33207.82170193132,-0.4476316966456204,0.6076302424698952,1.0,11
2025-05-24,2025-05-25,2025-05-23,2025-04-27;2025-05-04;2025-05-11;2025-05-18,2025-05-17;2025-05-18;2025-05-19;2025-05-20;2025-05-21;2025-05-22;2025-05-23,2025-05-23,2,8630.422717284078,33105.2696167301,-0.4411716151398479,0.6076302424698952,1.0,11
2025-05-24,2025-05-25,2025-05-23,2025-04-27;2025-05-04;2025-05-11;2025-05-18,2025-05-17;2025-05-18;2025-05-19;2025-05-20;2025-05-21;2025-05-22;2025-05-23,2025-05-23,2,9070.275289697243,32911.95247830692,-0.4354015877949192,0.6076302424698952,1.0,11
2025-05-24,2025-05-25,2025-05-23,2025-04-27;2025-05-04;2025-05-11;2025-05-18,2025-05-17;2025-05-18;2025-05-19;2025-05-20;2025-05-21;2025-05-22;2025-05-23,2025-05-23,2,9944.8826863717,32531.73325675741,-0.4300373860830454,0.6076302424698952,1.0,11
2025-05-24,2025-05-25,2025-05-23,2025-04-27;2025-05-04;2025-05-11;2025-05-18,2025-05-17;2025-05-18;2025-05-19;2025-05-20;2025-05-21;2025-05-22;2025-05-23,2025-05-23,2,10252.331821836442,32401.904102957807,-0.4203717338300903,0.6076302424698952,1.0,11
2025-05-24,2025-05-25,2025-05-23,2025-04-27;2025-05-04;2025-05-11;2025-05-18,2025-05-17;2025-05-18;2025-05-19;2025-05-20;2025-05-21;2025-05-22;2025-05-23,2025-05-23,2,10800.0,32172.213779408463,-0.4109594402515748,0.6076302424698952,1.0,11
2025-05-25,2025-05-26,2025-05-24,2025-04-28;2025-05-05;2025-05-12;2025-05-19,2025-05-18;2025-05-19;2025-05-20;2025-05-21;2025-05-22;2025-05-23;2025-05-24,2025-05-24,2,1200.0,35834.57815051757,-0.4539298996521224,0.6135642819645,1.0,12
2025-05-25,2025-05-26,2025-05-24,2025-04-28;2025-05-05;2025-05-12;2025-05-19,2025-05-18;2025-05-19;2025-05-20;2025-05-21;2025-05-22;2025-05-23;2025-05-24,2025-05-24,2,3021.242531322266,35009.1023443805,-0.45258216703028875,0.6135642819645,1.0,12
2025-05-25,2025-05-26,2025-05-24,2025-04-28;2025-05-05;2025-05-12;2025-05-19,2025-05-18;2025-05-19;2025-05-20;2025-05-21;2025-05-22;2025-05-23;2025-05-24,2025-05-24,2,4312.570247067875,34425.41810860108,-0.4510424389790877,0.6135642819645,1.0,12
2025-05-25,2025-05-26,2025-05-24,2025-04-28;2025-05-05;2025-05-12;2025-05-19,2025-05-18;2025-05-19;2025-05-20;2025-05-21;2025-05-22;2025-05-23;2025-05-24,2025-05-24,2,6078.075341500868,33629.66125444764,-0.4501615187737551,0.6135642819645,1.0,12
2025-05-25,2025-05-26,2025-05-24,2025-04-28;2025-05-05;2025-05-12;2025-05-19,2025-05-18;2025-05-19;2025-05-20;2025-05-21;2025-05-22;2025-05-23;2025-05-24,2025-05-24,2,7260.187619495158,33098.41414146246,-0.4489304892560467,0.6135642819645,1.0,12
2025-05-25,2025-05-26,2025-05-24,2025-04-28;2025-05-05;2025-05-12;2025-05-19,2025-05-18;2025-05-19;2025-05-20;2025-05-21;2025-05-22;2025-05-23;2025-05-24,2025-05-24,2,8027.460860787,32754.132791184533,-0.44235746926241104,0.6135642819645,1.0,12
2025-05-25,2025-05-26,2025-05-24,2025-04-28;2025-05-05;2025-05-12;2025-05-19,2025-05-18;2025-05-19;2025-05-20;2025-05-21;2025-05-22;2025-05-23;2025-05-24,2025-05-24,2,8280.209474452256,32642.456275741184,-0.4411716151398479,0.6135642819645,1.0,12
2025-05-25,2025-05-26,2025-05-24,2025-04-28;2025-05-05;2025-05-12;2025-05-19,2025-05-18;2025-05-19;2025-05-20;2025-05-21;2025-05-22;2025-05-23;2025-05-24,2025-05-24,2,8573.418352513772,32513.60074712731,-0.4354015877949192,0.6135642819645,1.0,12
2025-05-25,2025-05-26,2025-05-24,2025-04-28;2025-05-05;2025-05-12;2025-05-19,2025-05-18;2025-05-19;2025-05-20;2025-05-21;2025-05-22;2025-05-23;2025-05-24,2025-05-24,2,9198.798940703095,32241.38335850338,-0.4344833978885917,0.6135642819645,1.0,12
2025-05-25,2025-05-26,2025-05-24,2025-04-28;2025-05-05;2025-05-12;2025-05-19,2025-05-18;2025-05-19;2025-05-20;2025-05-21;2025-05-22;2025-05-23;2025-05-24,2025-05-24,2,9968.8890153711,31907.18786321553,-0.43014016010700096,0.6135642819645,1.0,12
2025-05-25,2025-05-26,2025-05-24,2025-04-28;2025-05-05;2025-05-12;2025-05-19,2025-05-18;2025-05-19;2025-05-20;2025-05-21;2025-05-22;2025-05-23;2025-05-24,2025-05-24,2,10396.25561081738,31727.534469134993,-0.41944676761449107,0.6135642819645,1.0,12
2025-05-25,2025-05-26,2025-05-24,2025-04-28;2025-05-05;2025-05-12;2025-05-19,2025-05-18;2025-05-19;2025-05-20;2025-05-21;2025-05-22;2025-05-23;2025-05-24,2025-05-24,2,10800.0,31558.399058312363,-0.4030006650118583,0.6135642819645,1.0,12
2025-05-26,2025-05-27,2025-05-25,2025-04-29;2025-05-06;2025-05-13;2025-05-20,2025-05-19;2025-05-20;2025-05-21;2025-05-22;2025-05-23;2025-05-24;2025-05-25,2025-05-25,2,1200.0,35634.03889141555,-0.4535383795608635,0.8494920485391049,1.0,12
2025-05-26,2025-05-27,2025-05-25,2025-04-29;2025-05-06;2025-05-13;2025-05-20,2025-05-19;2025-05-20;2025-05-21;2025-05-22;2025-05-23;2025-05-24;2025-05-25,2025-05-25,2,2636.082199644741,34983.38185798759,-0.4523449962057762,0.8494920485391049,1.0,12
2025-05-26,2025-05-27,2025-05-25,2025-04-29;2025-05-06;2025-05-13;2025-05-20,2025-05-19;2025-05-20;2025-05-21;2025-05-22;2025-05-23;2025-05-24;2025-05-25,2025-05-25,2,4181.532267910563,34284.95876638634,-0.4514941929305404,0.8494920485391049,1.0,12
2025-05-26,2025-05-27,2025-05-25,2025-04-29;2025-05-06;2025-05-13;2025-05-20,2025-05-19;2025-05-20;2025-05-21;2025-05-22;2025-05-23;2025-05-24;2025-05-25,2025-05-25,2,5413.807432474939,33729.33308429313,-0.45055680348127614,0.8494920485391049,1.0,12
2025-05-26,2025-05-27,2025-05-25,2025-04-29;2025-05-06;2025-05-13;2025-05-20,2025-05-19;2025-05-20;2025-05-21;2025-05-22;2025-05-23;2025-05-24;2025-05-25,2025-05-25,2,6804.534824866903,33104.25375680469,-0.4489304892560467,0.8494920485391049,1.0,12
2025-05-26,2025-05-27,2025-05-25,2025-04-29;2025-05-06;2025-05-13;2025-05-20,2025-05-19;2025-05-20;2025-05-21;2025-05-22;2025-05-23;2025-05-24;2025-05-25,2025-05-25,2,7333.09675900754,32866.97069752569,-0.44247040775027413,0.8494920485391049,1.0,12
2025-05-26,2025-05-27,2025-05-25,2025-04-29;2025-05-06;2025-05-13;2025-05-20,2025-05-19;2025-05-20;2025-05-21;2025-05-22;2025-05-23;2025-05-24;2025-05-25,2025-05-25,2,7651.066262327894,32726.310004317398,-0.44235746926241104,0.8494920485391049,1.0,12
2025-05-26,2025-05-27,2025-05-25,2025-04-29;2025-05-06;2025-05-13;2025-05-20,2025-05-19;2025-05-20;2025-05-21;2025-05-22;2025-05-23;2025-05-24;2025-05-25,2025-05-25,2,7922.333120921333,32607.13944642604,-0.43658744191748233,0.8494920485391049,1.0,12
2025-05-26,2025-05-27,2025-05-25,2025-04-29;2025-05-06;2025-05-13;2025-05-20,2025-05-19;2025-05-20;2025-05-21;2025-05-22;2025-05-23;2025-05-24;2025-05-25,2025-05-25,2,9032.660122503361,32123.70633686154,-0.43465280562038644,0.8494920485391049,1.0,12
2025-05-26,2025-05-27,2025-05-25,2025-04-29;2025-05-06;2025-05-13;2025-05-20,2025-05-19;2025-05-20;2025-05-21;2025-05-22;2025-05-23;2025-05-24;2025-05-25,2025-05-25,2,9915.173677179944,31741.137953866804,-0.432910164752658,0.8494920485391049,1.0,12
2025-05-26,2025-05-27,2025-05-25,2025-04-29;2025-05-06;2025-05-13;2025-05-20,2025-05-19;2025-05-20;2025-05-21;2025-05-22;2025-05-23;2025-05-24;2025-05-25,2025-05-25,2,10362.093906385364,31552.778209119628,-0.4191824915528913,0.8494920485391049,1.0,12
2025-05-26,2025-05-27,2025-05-25,2025-04-29;2025-05-06;2025-05-13;2025-05-20,2025-05-19;2025-05-20;2025-05-21;2025-05-22;2025-05-23;2025-05-24;2025-05-25,2025-05-25,2,10800.0,31369.387765871255,-0.4030006650118583,0.8494920485391049,1.0,12
2025-05-27,2025-05-28,2025-05-26,2025-04-30;2025-05-07;2025-05-14;2025-05-21,2025-05-20;2025-05-21;2025-05-22;2025-05-23;2025-05-24;2025-05-25;2025-05-26,2025-05-26,2,1200.0,34706.86594672253,-0.4544192997661961,0.7992968171674875,1.0,10
2025-05-27,2025-05-28,2025-05-26,2025-04-30;2025-05-07;2025-05-14;2025-05-21,2025-05-20;2025-05-21;2025-05-22;2025-05-23;2025-05-24;2025-05-25;2025-05-26,2025-05-26,2,2850.385326518956,33957.60733563471,-0.4534706164681456,0.7992968171674875,1.0,10
2025-05-27,2025-05-28,2025-05-26,2025-04-30;2025-05-07;2025-05-14;2025-05-21,2025-05-20;2025-05-21;2025-05-22;2025-05-23;2025-05-24;2025-05-25;2025-05-26,2025-05-26,2,3709.580558841014,33568.09431480047,-0.4525219331700951,0.7992968171674875,1.0,10
2025-05-27,2025-05-28,2025-05-26,2025-04-30;2025-05-07;2025-05-14;2025-05-21,2025-05-20;2025-05-21;2025-05-22;2025-05-23;2025-05-24;2025-05-25;2025-05-26,2025-05-26,2,5876.908642692508,32588.899002300335,-0.45104620359534986,0.7992968171674875,1.0,10
2025-05-27,2025-05-28,2025-05-26,2025-04-30;2025-05-07;2025-05-14;2025-05-21,2025-05-20;2025-05-21;2025-05-22;2025-05-23;2025-05-24;2025-05-25;2025-05-26,2025-05-26,2,7916.746839258588,31670.381845437478,-0.4499921110419604,0.7992968171674875,1.0,10
2025-05-27,2025-05-28,2025-05-26,2025-04-30;2025-05-07;2025-05-14;2025-05-21,2025-05-20;2025-05-21;2025-05-22;2025-05-23;2025-05-24;2025-05-25;2025-05-26,2025-05-26,2,8527.11293175291,31395.940668967523,-0.44777851667984253,0.7992968171674875,1.0,10
2025-05-27,2025-05-28,2025-05-26,2025-04-30;2025-05-07;2025-05-14;2025-05-21,2025-05-20;2025-05-21;2025-05-22;2025-05-23;2025-05-24;2025-05-25;2025-05-26,2025-05-26,2,9680.5084915969,30879.620901736685,-0.44746228891382567,0.7992968171674875,1.0,10
2025-05-27,2025-05-28,2025-05-26,2025-04-30;2025-05-07;2025-05-14;2025-05-21,2025-05-20;2025-05-21;2025-05-22;2025-05-23;2025-05-24;2025-05-25;2025-05-26,2025-05-26,2,10009.430584957972,30732.440668967018,-0.4211205160046231,0.7992968171674875,1.0,10
2025-05-27,2025-05-28,2025-05-26,2025-04-30;2025-05-07;2025-05-14;2025-05-21,2025-05-20;2025-05-21;2025-05-22;2025-05-23;2025-05-24;2025-05-25;2025-05-26,2025-05-26,2,10303.5851608143,30608.566142197276,-0.4211205160046231,0.7992968171674875,1.0,10
2025-05-27,2025-05-28,2025-05-26,2025-04-30;2025-05-07;2025-05-14;2025-05-21,2025-05-20;2025-05-21;2025-05-22;2025-05-23;2025-05-24;2025-05-25;2025-05-26,2025-05-26,2,10800.0,30399.773103865915,-0.40499289993776433,0.7992968171674875,1.0,10
2025-05-28,2025-05-29,2025-05-27,2025-05-01;2025-05-08;2025-05-15;2025-05-22,2025-05-21;2025-05-22;2025-05-23;2025-05-24;2025-05-25;2025-05-26;2025-05-27,2025-05-27,2,1200.0,34701.98041460077,-0.4544192997661961,0.9275561609319993,1.0,10
2025-05-28,2025-05-29,2025-05-27,2025-05-01;2025-05-08;2025-05-15;2025-05-22,2025-05-21;2025-05-22;2025-05-23;2025-05-24;2025-05-25;2025-05-26;2025-05-27,2025-05-27,2,3193.400551088654,33797.770940354836,-0.4525219331700951,0.9275561609319993,1.0,10
2025-05-28,2025-05-29,2025-05-27,2025-05-01;2025-05-08;2025-05-15;2025-05-22,2025-05-21;2025-05-22;2025-05-23;2025-05-24;2025-05-25;2025-05-26;2025-05-27,2025-05-27,2,5360.7286349400865,32818.575627854734,-0.45104620359534986,0.9275561609319993,1.0,10
2025-05-28,2025-05-29,2025-05-27,2025-05-01;2025-05-08;2025-05-15;2025-05-22,2025-05-21;2025-05-22;2025-05-23;2025-05-24;2025-05-25;2025-05-26;2025-05-27,2025-05-27,2,7400.566831506109,31900.05847099191,-0.4499921110419604,0.9275561609319993,1.0,10
2025-05-28,2025-05-29,2025-05-27,2025-05-01;2025-05-08;2025-05-15;2025-05-22,2025-05-21;2025-05-22;2025-05-23;2025-05-24;2025-05-25;2025-05-26;2025-05-27,2025-05-27,2,8010.932924004156,31625.61729452029,-0.44777851667984253,0.9275561609319993,1.0,10
2025-05-28,2025-05-29,2025-05-27,2025-05-01;2025-05-08;2025-05-15;2025-05-22,2025-05-21;2025-05-22;2025-05-23;2025-05-24;2025-05-25;2025-05-26;2025-05-27,2025-05-27,2,9455.157291347587,30979.162603403674,-0.44746228891382567,0.9275561609319993,1.0,10
2025-05-28,2025-05-29,2025-05-27,2025-05-01;2025-05-08;2025-05-15;2025-05-22,2025-05-21;2025-05-22;2025-05-23;2025-05-24;2025-05-25;2025-05-26;2025-05-27,2025-05-27,2,9736.778480022169,30856.536194238222,-0.4335482672090848,0.9275561609319993,1.0,10
2025-05-28,2025-05-29,2025-05-27,2025-05-01;2025-05-08;2025-05-15;2025-05-22,2025-05-21;2025-05-22;2025-05-23;2025-05-24;2025-05-25;2025-05-26;2025-05-27,2025-05-27,2,10009.430584957941,30738.32834659241,-0.4211205160046231,0.9275561609319993,1.0,10
2025-05-28,2025-05-29,2025-05-27,2025-05-01;2025-05-08;2025-05-15;2025-05-22,2025-05-21;2025-05-22;2025-05-23;2025-05-24;2025-05-25;2025-05-26;2025-05-27,2025-05-27,2,10130.400398101448,30687.385476460433,-0.4211205160046231,0.9275561609319993,1.0,10
2025-05-28,2025-05-29,2025-05-27,2025-05-01;2025-05-08;2025-05-15;2025-05-22,2025-05-21;2025-05-22;2025-05-23;2025-05-24;2025-05-25;2025-05-26;2025-05-27,2025-05-27,2,10800.0,30405.643121324625,-0.4052775049271795,0.9275561609319993,1.0,10
2025-05-29,2025-05-30,2025-05-28,2025-05-02;2025-05-09;2025-05-16;2025-05-23,2025-05-22;2025-05-23;2025-05-24;2025-05-25;2025-05-26;2025-05-27;2025-05-28,2025-05-28,2,1200.0,13997.06824657059,-0.44746228891382567,0.6603949719756201,1.0,11
2025-05-29,2025-05-30,2025-05-28,2025-05-02;2025-05-09;2025-05-16;2025-05-23,2025-05-22;2025-05-23;2025-05-24;2025-05-25;2025-05-26;2025-05-27;2025-05-28,2025-05-28,2,1500.1217140825693,13862.946837869422,-0.44432109310472506,0.6603949719756201,1.0,11
2025-05-29,2025-05-30,2025-05-28,2025-05-02;2025-05-09;2025-05-16;2025-05-23,2025-05-22;2025-05-23;2025-05-24;2025-05-25;2025-05-26;2025-05-27;2025-05-28,2025-05-28,2,1654.402499341042,13797.804293536816,-0.4211205160046231,0.6603949719756201,1.0,11
2025-05-29,2025-05-30,2025-05-28,2025-05-02;2025-05-09;2025-05-16;2025-05-23,2025-05-22;2025-05-23;2025-05-24;2025-05-25;2025-05-26;2025-05-27;2025-05-28,2025-05-28,2,2511.175126809751,13437.95653804056,-0.4175155194720311,0.6603949719756201,1.0,11
2025-05-29,2025-05-30,2025-05-28,2025-05-02;2025-05-09;2025-05-16;2025-05-23,2025-05-22;2025-05-23;2025-05-24;2025-05-25;2025-05-26;2025-05-27;2025-05-28,2025-05-28,2,3887.552148854267,12863.907890281434,-0.41637709951437046,0.6603949719756201,1.0,11
2025-05-29,2025-05-30,2025-05-28,2025-05-02;2025-05-09;2025-05-16;2025-05-23,2025-05-22;2025-05-23;2025-05-24;2025-05-25;2025-05-26;2025-05-27;2025-05-28,2025-05-28,2,5155.831378862305,12336.843322446284,-0.4149540745672948,0.6603949719756201,1.0,11
2025-05-29,2025-05-30,2025-05-28,2025-05-02;2025-05-09;2025-05-16;2025-05-23,2025-05-22;2025-05-23;2025-05-24;2025-05-25;2025-05-26;2025-05-27;2025-05-28,2025-05-28,2,6627.025599077483,11727.301403297097,-0.413625917950024,0.6603949719756201,1.0,11
2025-05-29,2025-05-30,2025-05-28,2025-05-02;2025-05-09;2025-05-16;2025-05-23,2025-05-22;2025-05-23;2025-05-24;2025-05-25;2025-05-26;2025-05-27;2025-05-28,2025-05-28,2,8333.610894527026,11022.005328616899,-0.4124874979923634,0.6603949719756201,1.0,11
2025-05-29,2025-05-30,2025-05-28,2025-05-02;2025-05-09;2025-05-16;2025-05-23,2025-05-22;2025-05-23;2025-05-24;2025-05-25;2025-05-26;2025-05-27;2025-05-28,2025-05-28,2,9077.117410016233,10715.64330946881,-0.4112542097048977,0.6603949719756201,1.0,11
2025-05-29,2025-05-30,2025-05-28,2025-05-02;2025-05-09;2025-05-16;2025-05-23,2025-05-22;2025-05-23;2025-05-24;2025-05-25;2025-05-26;2025-05-27;2025-05-28,2025-05-28,2,10597.864051288576,10090.783079038574,-0.41021065807704216,0.6603949719756201,1.0,11
2025-05-29,2025-05-30,2025-05-28,2025-05-02;2025-05-09;2025-05-16;2025-05-23,2025-05-22;2025-05-23;2025-05-24;2025-05-25;2025-05-26;2025-05-27;2025-05-28,2025-05-28,2,10800.0,10008.768929597467,-0.4030006650118583,0.6603949719756201,1.0,11
2025-05-30,2025-05-31,2025-05-29,2025-05-03;2025-05-10;2025-05-17;2025-05-24,2025-05-23;2025-05-24;2025-05-25;2025-05-26;2025-05-27;2025-05-28;2025-05-29,2025-05-29,2,1200.0,14221.418014093102,-0.44746228891382567,0.5667412505572429,1.0,11
2025-05-30,2025-05-31,2025-05-29,2025-05-03;2025-05-10;2025-05-17;2025-05-24,2025-05-23;2025-05-24;2025-05-25;2025-05-26;2025-05-27;2025-05-28;2025-05-29,2025-05-29,2,1526.3259978727085,14075.571176587851,-0.44432109310472506,0.5667412505572429,1.0,11
2025-05-30,2025-05-31,2025-05-29,2025-05-03;2025-05-10;2025-05-17;2025-05-24,2025-05-23;2025-05-24;2025-05-25;2025-05-26;2025-05-27;2025-05-28;2025-05-29,2025-05-29,2,1651.5118828580412,14022.681091671373,-0.4211205160046231,0.5667412505572429,1.0,11
2025-05-30,2025-05-31,2025-05-29,2025-05-03;2025-05-10;2025-05-17;2025-05-24,2025-05-23;2025-05-24;2025-05-25;2025-05-26;2025-05-27;2025-05-28;2025-05-29,2025-05-29,2,2407.162913240514,13705.13938238189,-0.41950775439793714,0.5667412505572429,1.0,11
2025-05-30,2025-05-31,2025-05-29,2025-05-03;2025-05-10;2025-05-17;2025-05-24,2025-05-23;2025-05-24;2025-05-25;2025-05-26;2025-05-27;2025-05-28;2025-05-29,2025-05-29,2,3904.945205309631,13080.250324943716,-0.4167565728335907,0.5667412505572429,1.0,11
2025-05-30,2025-05-31,2025-05-29,2025-05-03;2025-05-10;2025-05-17;2025-05-24,2025-05-23;2025-05-24;2025-05-25;2025-05-26;2025-05-27;2025-05-28;2025-05-29,2025-05-29,2,4811.198515966335,12703.39338340092,-0.4149540745672948,0.5667412505572429,1.0,11
2025-05-30,2025-05-31,2025-05-29,2025-05-03;2025-05-10;2025-05-17;2025-05-24,2025-05-23;2025-05-24;2025-05-25;2025-05-26;2025-05-27;2025-05-28;2025-05-29,2025-05-29,2,6446.40105777431,12025.580632949659,-0.4140053912692442,0.5667412505572429,1.0,11
2025-05-30,2025-05-31,2025-05-29,2025-05-03;2025-05-10;2025-05-17;2025-05-24,2025-05-23;2025-05-24;2025-05-25;2025-05-26;2025-05-27;2025-05-28;2025-05-29,2025-05-29,2,8081.603599582285,11349.593349555205,-0.41296183964138866,0.5667412505572429,1.0,11
2025-05-30,2025-05-31,2025-05-29,2025-05-03;2025-05-10;2025-05-17;2025-05-24,2025-05-23;2025-05-24;2025-05-25;2025-05-26;2025-05-27;2025-05-28;2025-05-29,2025-05-29,2,8935.022805540666,10997.62572373059,-0.4112542097048977,0.5667412505572429,1.0,11
2025-05-30,2025-05-31,2025-05-29,2025-05-03;2025-05-10;2025-05-17;2025-05-24,2025-05-23;2025-05-24;2025-05-25;2025-05-26;2025-05-27;2025-05-28;2025-05-29,2025-05-29,2,10594.103970718259,10315.896615686279,-0.41021065807704216,0.5667412505572429,1.0,11
2025-05-30,2025-05-31,2025-05-29,2025-05-03;2025-05-10;2025-05-17;2025-05-24,2025-05-23;2025-05-24;2025-05-25;2025-05-26;2025-05-27;2025-05-28;2025-05-29,2025-05-29,2,10800.0,10232.345373585356,-0.4030006650118583,0.5667412505572429,1.0,11
2025-05-31,2025-06-01,2025-05-30,2025-05-04;2025-05-11;2025-05-18;2025-05-25,2025-05-24;2025-05-25;2025-05-26;2025-05-27;2025-05-28;2025-05-29;2025-05-30,2025-05-30,2,1200.0,36289.12680365032,-0.4544192997661961,0.7907908081760979,1.0,10
2025-05-31,2025-06-01,2025-05-30,2025-05-04;2025-05-11;2025-05-18;2025-05-25,2025-05-24;2025-05-25;2025-05-26;2025-05-27;2025-05-28;2025-05-29;2025-05-30,2025-05-30,2,2868.6180425290736,35532.50476952035,-0.4525219331700951,0.7907908081760979,1.0,10
2025-05-31,2025-06-01,2025-05-30,2025-05-04;2025-05-11;2025-05-18;2025-05-25,2025-05-24;2025-05-25;2025-05-26;2025-05-27;2025-05-28;2025-05-29;2025-05-30,2025-05-30,2,4876.80552984616,34625.08921892496,-0.45104620359534986,0.7907908081760979,1.0,10
2025-05-31,2025-06-01,2025-05-30,2025-05-04;2025-05-11;2025-05-18;2025-05-25,2025-05-24;2025-05-25;2025-05-26;2025-05-27;2025-05-28;2025-05-29;2025-05-30,2025-05-30,2,6949.773258689587,33691.49628497703,-0.4499921110419604,0.7907908081760979,1.0,10
2025-05-31,2025-06-01,2025-05-30,2025-05-04;2025-05-11;2025-05-18;2025-05-25,2025-05-24;2025-05-25;2025-05-26;2025-05-27;2025-05-28;2025-05-29;2025-05-30,2025-05-30,2,7790.960754557286,33313.41930550519,-0.44777851667984253,0.7907908081760979,1.0,10
2025-05-31,2025-06-01,2025-05-30,2025-05-04;2025-05-11;2025-05-18;2025-05-25,2025-05-24;2025-05-25;2025-05-26;2025-05-27;2025-05-28;2025-05-29;2025-05-30,2025-05-30,2,9150.89985942247,32704.712234798186,-0.44746228891382567,0.7907908081760979,1.0,10
2025-05-31,2025-06-01,2025-05-30,2025-05-04;2025-05-11;2025-05-18;2025-05-25,2025-05-24;2025-05-25;2025-05-26;2025-05-27;2025-05-28;2025-05-29;2025-05-30,2025-05-30,2,9228.583350687642,32670.788247324974,-0.4335482672090848,0.7907908081760979,1.0,10
2025-05-31,2025-06-01,2025-05-30,2025-05-04;2025-05-11;2025-05-18;2025-05-25,2025-05-24;2025-05-25;2025-05-26;2025-05-27;2025-05-28;2025-05-29;2025-05-30,2025-05-30,2,9526.325719960621,32542.63695050794,-0.4211205160046231,0.7907908081760979,1.0,10
2025-05-31,2025-06-01,2025-05-30,2025-05-04;2025-05-11;2025-05-18;2025-05-25,2025-05-24;2025-05-25;2025-05-26;2025-05-27;2025-05-28;2025-05-29;2025-05-30,2025-05-30,2,10210.809969161799,32254.5561087488,-0.41950775439793714,0.7907908081760979,1.0,10
2025-05-31,2025-06-01,2025-05-30,2025-05-04;2025-05-11;2025-05-18;2025-05-25,2025-05-24;2025-05-25;2025-05-26;2025-05-27;2025-05-28;2025-05-29;2025-05-30,2025-05-30,2,10800.0,32007.50162463271,-0.4030006650118583,0.7907908081760979,1.0,10
2025-06-01,2025-06-02,2025-05-31,2025-05-05;2025-05-12;2025-05-19;2025-05-26,2025-05-25;2025-05-26;2025-05-27;2025-05-28;2025-05-29;2025-05-30;2025-05-31,2025-05-31,2,1200.0,36296.26368486009,-0.4544192997661961,0.9694961929126293,1.0,10
2025-06-01,2025-06-02,2025-05-31,2025-05-05;2025-05-12;2025-05-19;2025-05-26,2025-05-25;2025-05-26;2025-05-27;2025-05-28;2025-05-29;2025-05-30;2025-05-31,2025-05-31,2,3319.9356603371148,35334.55421487364,-0.4525219331700951,0.9694961929126293,1.0,10
2025-06-01,2025-06-02,2025-05-31,2025-05-05;2025-05-12;2025-05-19;2025-05-26,2025-05-25;2025-05-26;2025-05-27;2025-05-28;2025-05-29;2025-05-30;2025-05-31,2025-05-31,2,5487.26374418822,34355.358902373686,-0.45104620359534986,0.9694961929126293,1.0,10
2025-06-01,2025-06-02,2025-05-31,2025-05-05;2025-05-12;2025-05-19;2025-05-26,2025-05-25;2025-05-26;2025-05-27;2025-05-28;2025-05-29;2025-05-30;2025-05-31,2025-05-31,2,7527.101940753933,33436.841745510996,-0.4499921110419604,0.9694961929126293,1.0,10
2025-06-01,2025-06-02,2025-05-31,2025-05-05;2025-05-12;2025-05-19;2025-05-26,2025-05-25;2025-05-26;2025-05-27;2025-05-28;2025-05-29;2025-05-30;2025-05-31,2025-05-31,2,8137.468033250457,33162.40056904005,-0.44777851667984253,0.9694961929126293,1.0,10
2025-06-01,2025-06-02,2025-05-31,2025-05-05;2025-05-12;2025-05-19;2025-05-26,2025-05-25;2025-05-26;2025-05-27;2025-05-28;2025-05-29;2025-05-30;2025-05-31,2025-05-31,2,9535.525093762619,32536.604006711143,-0.44746228891382567,0.9694961929126293,1.0,10
2025-06-01,2025-06-02,2025-05-31,2025-05-05;2025-05-12;2025-05-19;2025-05-26,2025-05-25;2025-05-26;2025-05-27;2025-05-28;2025-05-29;2025-05-30;2025-05-31,2025-05-31,2,9750.698503225985,32442.143544173265,-0.4335482672090848,0.9694961929126293,1.0,10
2025-06-01,2025-06-02,2025-05-31,2025-05-05;2025-05-12;2025-05-19;2025-05-26,2025-05-25;2025-05-26;2025-05-27;2025-05-28;2025-05-29;2025-05-30;2025-05-31,2025-05-31,2,9897.267560171456,32378.59878350809,-0.4211205160046231,0.9694961929126293,1.0,10
2025-06-01,2025-06-02,2025-05-31,2025-05-05;2025-05-12;2025-05-19;2025-05-26,2025-05-25;2025-05-26;2025-05-27;2025-05-28;2025-05-29;2025-05-30;2025-05-31,2025-05-31,2,10168.965703226608,32264.181121307203,-0.4211205160046231,0.9694961929126293,1.0,10
2025-06-01,2025-06-02,2025-05-31,2025-05-05;2025-05-12;2025-05-19;2025-05-26,2025-05-25;2025-05-26;2025-05-27;2025-05-28;2025-05-29;2025-05-30;2025-05-31,2025-05-31,2,10800.0,31998.855980464454,-0.4030006650118583,0.9694961929126293,1.0,10
2025-06-02,2025-06-03,2025-06-01,2025-05-06;2025-05-13;2025-05-20;2025-05-27,2025-05-26;2025-05-27;2025-05-28;2025-05-29;2025-05-30;2025-05-31;2025-06-01,2025-06-01,2,1200.0,36537.825968710196,-0.4544192997661961,0.7992968171747634,1.0,10
2025-06-02,2025-06-03,2025-06-01,2025-05-06;2025-05-13;2025-05-20;2025-05-27,2025-05-26;2025-05-27;2025-05-28;2025-05-29;2025-05-30;2025-05-31;2025-06-01,2025-06-01,2,2850.3853265227904,35788.56735762063,-0.4534706164681456,0.7992968171747634,1.0,10
2025-06-02,2025-06-03,2025-06-01,2025-05-06;2025-05-13;2025-05-20;2025-05-27,2025-05-26;2025-05-27;2025-05-28;2025-05-29;2025-05-30;2025-05-31;2025-06-01,2025-06-01,2,3709.580558841014,35399.05433678813,-0.4525219331700951,0.7992968171747634,1.0,10
2025-06-02,2025-06-03,2025-06-01,2025-05-06;2025-05-13;2025-05-20;2025-05-27,2025-05-26;2025-05-27;2025-05-28;2025-05-29;2025-05-30;2025-05-31;2025-06-01,2025-06-01,2,5876.908642692508,34419.859024288,-0.45104620359534986,0.7992968171747634,1.0,10
2025-06-02,2025-06-03,2025-06-01,2025-05-06;2025-05-13;2025-05-20;2025-05-27,2025-05-26;2025-05-27;2025-05-28;2025-05-29;2025-05-30;2025-05-31;2025-06-01,2025-06-01,2,7916.746839258588,33501.341867425144,-0.4499921110419604,0.7992968171747634,1.0,10
2025-06-02,2025-06-03,2025-06-01,2025-05-06;2025-05-13;2025-05-20;2025-05-27,2025-05-26;2025-05-27;2025-05-28;2025-05-29;2025-05-30;2025-05-31;2025-06-01,2025-06-01,2,8527.11293175291,33226.90069095519,-0.44777851667984253,0.7992968171747634,1.0,10
2025-06-02,2025-06-03,2025-06-01,2025-05-06;2025-05-13;2025-05-20;2025-05-27,2025-05-26;2025-05-27;2025-05-28;2025-05-29;2025-05-30;2025-05-31;2025-06-01,2025-06-01,2,9723.602835091613,32691.29783014497,-0.44746228891382567,0.7992968171747634,1.0,10
2025-06-02,2025-06-03,2025-06-01,2025-05-06;2025-05-13;2025-05-20;2025-05-27,2025-05-26;2025-05-27;2025-05-28;2025-05-29;2025-05-30;2025-05-31;2025-06-01,2025-06-01,2,10009.430584957972,32563.40069095468,-0.4211205160046231,0.7992968171747634,1.0,10
2025-06-02,2025-06-03,2025-06-01,2025-05-06;2025-05-13;2025-05-20;2025-05-27,2025-05-26;2025-05-27;2025-05-28;2025-05-29;2025-05-30;2025-05-31;2025-06-01,2025-06-01,2,10325.503775580804,32430.295785824368,-0.4211205160046231,0.7992968171747634,1.0,10
2025-06-02,2025-06-03,2025-06-01,2025-05-06;2025-05-13;2025-05-20;2025-05-27,2025-05-26;2025-05-27;2025-05-28;2025-05-29;2025-05-30;2025-05-31;2025-06-01,2025-06-01,2,10800.0,32230.747563627745,-0.4030006650118583,0.7992968171747634,1.0,10
2025-06-03,2025-06-04,2025-06-02,2025-05-07;2025-05-14;2025-05-21;2025-05-28,2025-05-27;2025-05-28;2025-05-29;2025-05-30;2025-05-31;2025-06-01;2025-06-02,2025-06-02,2,1200.0,37991.34584160519,-0.4544192997661961,0.7940744820880354,1.0,10
2025-06-03,2025-06-04,2025-06-02,2025-05-07;2025-05-14;2025-05-21;2025-05-28,2025-05-27;2025-05-28;2025-05-29;2025-05-30;2025-05-31;2025-06-01;2025-06-02,2025-06-02,2,2750.312458653105,37287.55689142965,-0.4534706164681457,0.7940744820880354,1.0,10
2025-06-03,2025-06-04,2025-06-02,2025-05-07;2025-05-14;2025-05-21;2025-05-28,2025-05-27;2025-05-28;2025-05-29;2025-05-30;2025-05-31;2025-06-01;2025-06-02,2025-06-02,2,3603.4539195478505,36900.78871657358,-0.45252193317009515,0.7940744820880354,1.0,10
2025-06-03,2025-06-04,2025-06-02,2025-05-07;2025-05-14;2025-05-21;2025-05-28,2025-05-27;2025-05-28;2025-05-29;2025-05-30;2025-05-31;2025-06-01;2025-06-02,2025-06-02,2,5756.579707253446,35928.01078205608,-0.45104620359534986,0.7940744820880354,1.0,10
2025-06-03,2025-06-04,2025-06-02,2025-05-07;2025-05-14;2025-05-21;2025-05-28,2025-05-27;2025-05-28;2025-05-29;2025-05-30;2025-05-31;2025-06-01;2025-06-02,2025-06-02,2,7783.051036858682,35015.53219973675,-0.4499921110419604,0.7940744820880354,1.0,10
2025-06-03,2025-06-04,2025-06-02,2025-05-07;2025-05-14;2025-05-21;2025-05-28,2025-05-27;2025-05-28;2025-05-29;2025-05-30;2025-05-31;2025-06-01;2025-06-02,2025-06-02,2,8397.172313076448,34739.406184652296,-0.44777851667984253,0.7940744820880354,1.0,10
2025-06-03,2025-06-04,2025-06-02,2025-05-07;2025-05-14;2025-05-21;2025-05-28,2025-05-27;2025-05-28;2025-05-29;2025-05-30;2025-05-31;2025-06-01;2025-06-02,2025-06-02,2,9709.726197416094,34151.86410480638,-0.44746228891382567,0.7940744820880354,1.0,10
2025-06-03,2025-06-04,2025-06-02,2025-05-07;2025-05-14;2025-05-21;2025-05-28,2025-05-27;2025-05-28;2025-05-29;2025-05-30;2025-05-31;2025-06-01;2025-06-02,2025-06-02,2,10009.244981667482,34018.087211451115,-0.4418617947879005,0.7940744820880354,1.0,10
2025-06-03,2025-06-04,2025-06-02,2025-05-07;2025-05-14;2025-05-21;2025-05-28,2025-05-27;2025-05-28;2025-05-29;2025-05-30;2025-05-31;2025-06-01;2025-06-02,2025-06-02,2,10328.28396970328,33883.48688076534,-0.4211205160046231,0.7940744820880354,1.0,10
2025-06-03,2025-06-04,2025-06-02,2025-05-07;2025-05-14;2025-05-21;2025-05-28,2025-05-27;2025-05-28;2025-05-29;2025-05-30;2025-05-31;2025-06-01;2025-06-02,2025-06-02,2,10800.0,33684.98095428699,-0.4030006650118583,0.7940744820880354,1.0,10
2025-06-04,2025-06-05,2025-06-03,2025-05-08;2025-05-15;2025-05-22;2025-05-29,2025-05-28;2025-05-29;2025-05-30;2025-05-31;2025-06-01;2025-06-02;2025-06-03,2025-06-03,2,1200.0,39013.52544095766,-0.4544192997661961,0.7992968171747634,1.0,10
2025-06-04,2025-06-05,2025-06-03,2025-05-08;2025-05-15;2025-05-22;2025-05-29,2025-05-28;2025-05-29;2025-05-30;2025-05-31;2025-06-01;2025-06-02;2025-06-03,2025-06-03,2,2850.3853265227904,38264.266829868095,-0.4534706164681456,0.7992968171747634,1.0,10
2025-06-04,2025-06-05,2025-06-03,2025-05-08;2025-05-15;2025-05-22;2025-05-29,2025-05-28;2025-05-29;2025-05-30;2025-05-31;2025-06-01;2025-06-02;2025-06-03,2025-06-03,2,3709.580558843171,37874.75380903462,-0.4525219331700951,0.7992968171747634,1.0,10
2025-06-04,2025-06-05,2025-06-03,2025-05-08;2025-05-15;2025-05-22;2025-05-29,2025-05-28;2025-05-29;2025-05-30;2025-05-31;2025-06-01;2025-06-02;2025-06-03,2025-06-03,2,5876.908642692508,36895.55849653546,-0.45104620359534986,0.7992968171747634,1.0,10
2025-06-04,2025-06-05,2025-06-03,2025-05-08;2025-05-15;2025-05-22;2025-05-29,2025-05-28;2025-05-29;2025-05-30;2025-05-31;2025-06-01;2025-06-02;2025-06-03,2025-06-03,2,7916.746839256558,35977.04133967352,-0.4499921110419604,0.7992968171747634,1.0,10
2025-06-04,2025-06-05,2025-06-03,2025-05-08;2025-05-15;2025-05-22;2025-05-29,2025-05-28;2025-05-29;2025-05-30;2025-05-31;2025-06-01;2025-06-02;2025-06-03,2025-06-03,2,8527.11293175291,35702.600163202645,-0.44777851667984253,0.7992968171747634,1.0,10
2025-06-04,2025-06-05,2025-06-03,2025-05-08;2025-05-15;2025-05-22;2025-05-29,2025-05-28;2025-05-29;2025-05-30;2025-05-31;2025-06-01;2025-06-02;2025-06-03,2025-06-03,2,9722.976709086828,35167.27747016768,-0.44746228891382567,0.7992968171747634,1.0,10
2025-06-04,2025-06-05,2025-06-03,2025-05-08;2025-05-15;2025-05-22;2025-05-29,2025-05-28;2025-05-29;2025-05-30;2025-05-31;2025-06-01;2025-06-02;2025-06-03,2025-06-03,2,10009.430584957972,35039.10016320214,-0.4211205160046231,0.7992968171747634,1.0,10
2025-06-04,2025-06-05,2025-06-03,2025-05-08;2025-05-15;2025-05-22;2025-05-29,2025-05-28;2025-05-29;2025-05-30;2025-05-31;2025-06-01;2025-06-02;2025-06-03,2025-06-03,2,10324.77967822392,34906.3001903244,-0.4211205160046231,0.7992968171747634,1.0,10
2025-06-04,2025-06-05,2025-06-03,2025-05-08;2025-05-15;2025-05-22;2025-05-29,2025-05-28;2025-05-29;2025-05-30;2025-05-31;2025-06-01;2025-06-02;2025-06-03,2025-06-03,2,10800.0,34706.47923041956,-0.4030006650118583,0.7992968171747634,1.0,10
2025-06-05,2025-06-06,2025-06-04,2025-05-09;2025-05-16;2025-05-23;2025-05-30,2025-05-29;2025-05-30;2025-05-31;2025-06-01;2025-06-02;2025-06-03;2025-06-04,2025-06-04,2,1200.0,14931.168550837623,-0.44746228891382567,0.5681653179017303,1.0,11
2025-06-05,2025-06-06,2025-06-04,2025-05-09;2025-05-16;2025-05-23;2025-05-30,2025-05-29;2025-05-30;2025-05-31;2025-06-01;2025-06-02;2025-06-03;2025-06-04,2025-06-04,2,1886.5280298264067,14624.250099016486,-0.44185451652979374,0.5681653179017303,1.0,11
2025-06-05,2025-06-06,2025-06-04,2025-05-09;2025-05-16;2025-05-23;2025-05-30,2025-05-29;2025-05-30;2025-05-31;2025-06-01;2025-06-02;2025-06-03;2025-06-04,2025-06-04,2,2013.4109699298137,14570.54013799947,-0.4211205160046231,0.5681653179017303,1.0,11
2025-06-05,2025-06-06,2025-06-04,2025-05-09;2025-05-16;2025-05-23;2025-05-30,2025-05-29;2025-05-30;2025-05-31;2025-06-01;2025-06-02;2025-06-03;2025-06-04,2025-06-04,2,2779.305818525012,14248.689997298236,-0.41950775439793714,0.5681653179017303,1.0,11
2025-06-05,2025-06-06,2025-06-04,2025-05-09;2025-05-16;2025-05-23;2025-05-30,2025-05-29;2025-05-30;2025-05-31;2025-06-01;2025-06-02;2025-06-03;2025-06-04,2025-06-04,2,4248.2978874259725,13635.794003998886,-0.4167565728335907,0.5681653179017303,1.0,11
2025-06-05,2025-06-06,2025-06-04,2025-05-09;2025-05-16;2025-05-23;2025-05-30,2025-05-29;2025-05-30;2025-05-31;2025-06-01;2025-06-02;2025-06-03;2025-06-04,2025-06-04,2,5145.426426278959,13262.52099866448,-0.41533354788651494,0.5681653179017303,1.0,11
2025-06-05,2025-06-06,2025-06-04,2025-05-09;2025-05-16;2025-05-23;2025-05-30,2025-05-29;2025-05-30;2025-05-31;2025-06-01;2025-06-02;2025-06-03;2025-06-04,2025-06-04,2,6268.383174404112,12796.680041775904,-0.4142899962586593,0.5681653179017303,1.0,11
2025-06-05,2025-06-06,2025-06-04,2025-05-09;2025-05-16;2025-05-23;2025-05-30,2025-05-29;2025-05-30;2025-05-31;2025-06-01;2025-06-02;2025-06-03;2025-06-04,2025-06-04,2,7805.060829733347,12160.739040906934,-0.41334131296060883,0.5681653179017303,1.0,11
2025-06-05,2025-06-06,2025-06-04,2025-05-09;2025-05-16;2025-05-23;2025-05-30,2025-05-29;2025-05-30;2025-05-31;2025-06-01;2025-06-02;2025-06-03;2025-06-04,2025-06-04,2,9236.97650096339,11569.402549137054,-0.4124874979923634,0.5681653179017303,1.0,11
2025-06-05,2025-06-06,2025-06-04,2025-05-09;2025-05-16;2025-05-23;2025-05-30,2025-05-29;2025-05-30;2025-05-31;2025-06-01;2025-06-02;2025-06-03;2025-06-04,2025-06-04,2,10572.84349791506,11020.06662499512,-0.41106447304528765,0.5681653179017303,1.0,11
2025-06-05,2025-06-06,2025-06-04,2025-05-09;2025-05-16;2025-05-23;2025-05-30,2025-05-29;2025-05-30;2025-05-31;2025-06-01;2025-06-02;2025-06-03;2025-06-04,2025-06-04,2,10800.0,10926.829892511889,-0.4030006650118583,0.5681653179017303,1.0,11
2025-06-06,2025-06-07,2025-06-05,2025-05-10;2025-05-17;2025-05-24;2025-05-31,2025-05-30;2025-05-31;2025-06-01;2025-06-02;2025-06-03;2025-06-04;2025-06-05,2025-06-05,2,1200.0,15310.662133173562,-0.44746228891382567,0.5760074524550873,1.0,11
2025-06-06,2025-06-07,2025-06-05,2025-05-10;2025-05-17;2025-05-24;2025-05-31,2025-05-30;2025-05-31;2025-06-01;2025-06-02;2025-06-03;2025-06-04;2025-06-05,2025-06-05,2,1988.5905218578243,14958.074565055798,-0.44185451652979374,0.5760074524550873,1.0,11
2025-06-06,2025-06-07,2025-06-05,2025-05-10;2025-05-17;2025-05-24;2025-05-31,2025-05-30;2025-05-31;2025-06-01;2025-06-02;2025-06-03;2025-06-04;2025-06-05,2025-06-05,2,2117.7078973022753,14903.423637474982,-0.4211205160046231,0.5760074524550873,1.0,11
2025-06-06,2025-06-07,2025-06-05,2025-05-10;2025-05-17;2025-05-24;2025-05-31,2025-05-30;2025-05-31;2025-06-01;2025-06-02;2025-06-03;2025-06-04;2025-06-05,2025-06-05,2,2897.0903157459475,14575.908294891098,-0.41950775439793714,0.5760074524550873,1.0,11
2025-06-06,2025-06-07,2025-06-05,2025-05-10;2025-05-17;2025-05-24;2025-05-31,2025-05-30;2025-05-31;2025-06-01;2025-06-02;2025-06-03;2025-06-04;2025-06-05,2025-06-05,2,4344.233383377514,13972.10332598903,-0.4167565728335907,0.5760074524550873,1.0,11
2025-06-06,2025-06-07,2025-06-05,2025-05-10;2025-05-17;2025-05-24;2025-05-31,2025-05-30;2025-05-31;2025-06-01;2025-06-02;2025-06-03;2025-06-04;2025-06-05,2025-06-05,2,5279.307978125371,13583.028552945094,-0.41533354788651494,0.5760074524550873,1.0,11
2025-06-06,2025-06-07,2025-06-05,2025-05-10;2025-05-17;2025-05-24;2025-05-31,2025-05-30;2025-05-31;2025-06-01;2025-06-02;2025-06-03;2025-06-04;2025-06-05,2025-06-05,2,6422.994520709127,13108.586949090051,-0.4142899962586593,0.5760074524550873,1.0,11
2025-06-06,2025-06-07,2025-06-05,2025-05-10;2025-05-17;2025-05-24;2025-05-31,2025-05-30;2025-05-31;2025-06-01;2025-06-02;2025-06-03;2025-06-04;2025-06-05,2025-06-05,2,7988.039263192242,12460.8957147064,-0.41334131296060883,0.5760074524550873,1.0,11
2025-06-06,2025-06-07,2025-06-05,2025-05-10;2025-05-17;2025-05-24;2025-05-31,2025-05-30;2025-05-31;2025-06-01;2025-06-02;2025-06-03;2025-06-04;2025-06-05,2025-06-05,2,9314.247744248922,11913.160150414766,-0.4124874979923634,0.5760074524550873,1.0,11
2025-06-06,2025-06-07,2025-06-05,2025-05-10;2025-05-17;2025-05-24;2025-05-31,2025-05-30;2025-05-31;2025-06-01;2025-06-02;2025-06-03;2025-06-04;2025-06-05,2025-06-05,2,10615.311694841826,11377.976827745451,-0.41106447304528765,0.5760074524550873,1.0,11
2025-06-06,2025-06-07,2025-06-05,2025-05-10;2025-05-17;2025-05-24;2025-05-31,2025-05-30;2025-05-31;2025-06-01;2025-06-02;2025-06-03;2025-06-04;2025-06-05,2025-06-05,2,10800.0,11302.05802690798,-0.4030006650118583,0.5760074524550873,1.0,11
2025-06-07,2025-06-08,2025-06-06,2025-05-11;2025-05-18;2025-05-25;2025-06-01,2025-05-31;2025-06-01;2025-06-02;2025-06-03;2025-06-04;2025-06-05;2025-06-06,2025-06-06,2,1200.0,43970.552878376664,-0.4544192997661961,0.9770964195704437,1.0,9
2025-06-07,2025-06-08,2025-06-06,2025-05-11;2025-05-18;2025-05-25;2025-06-01,2025-05-31;2025-06-01;2025-06-02;2025-06-03;2025-06-04;2025-06-05;2025-06-06,2025-06-06,2,2850.3853265227904,43221.2942672871,-0.4534706164681456,0.9770964195704437,1.0,9
2025-06-07,2025-06-08,2025-06-06,2025-05-11;2025-05-18;2025-05-25;2025-06-01,2025-05-31;2025-06-01;2025-06-02;2025-06-03;2025-06-04;2025-06-05;2025-06-06,2025-06-06,2,3709.580558843171,42831.781246453625,-0.4525219331700951,0.9770964195704437,1.0,9
2025-06-07,2025-06-08,2025-06-06,2025-05-11;2025-05-18;2025-05-25;2025-06-01,2025-05-31;2025-06-01;2025-06-02;2025-06-03;2025-06-04;2025-06-05;2025-06-06,2025-06-06,2,5876.908642692508,41852.58593395446,-0.45104620359534986,0.9770964195704437,1.0,9
2025-06-07,2025-06-08,2025-06-06,2025-05-11;2025-05-18;2025-05-25;2025-06-01,2025-05-31;2025-06-01;2025-06-02;2025-06-03;2025-06-04;2025-06-05;2025-06-06,2025-06-06,2,7916.746839256558,40934.06877709252,-0.4499921110419604,0.9770964195704437,1.0,9
2025-06-07,2025-06-08,2025-06-06,2025-05-11;2025-05-18;2025-05-25;2025-06-01,2025-05-31;2025-06-01;2025-06-02;2025-06-03;2025-06-04;2025-06-05;2025-06-06,2025-06-06,2,9578.901638604892,40188.773068399954,-0.44746228891382567,0.9770964195704437,1.0,9
2025-06-07,2025-06-08,2025-06-06,2025-05-11;2025-05-18;2025-05-25;2025-06-01,2025-05-31;2025-06-01;2025-06-02;2025-06-03;2025-06-04;2025-06-05;2025-06-06,2025-06-06,2,10009.430584957972,39996.12760062115,-0.4211205160046231,0.9770964195704437,1.0,9
2025-06-07,2025-06-08,2025-06-06,2025-05-11;2025-05-18;2025-05-25;2025-06-01,2025-05-31;2025-06-01;2025-06-02;2025-06-03;2025-06-04;2025-06-05;2025-06-06,2025-06-06,2,10249.773515953098,39894.91426150242,-0.4211205160046231,0.9770964195704437,1.0,9
2025-06-07,2025-06-08,2025-06-06,2025-05-11;2025-05-18;2025-05-25;2025-06-01,2025-05-31;2025-06-01;2025-06-02;2025-06-03;2025-06-04;2025-06-05;2025-06-06,2025-06-06,2,10800.0,39663.50082329219,-0.40907223811938154,0.9770964195704437,1.0,9
2025-06-08,2025-06-09,2025-06-07,2025-05-12;2025-05-19;2025-05-26;2025-06-02,2025-06-01;2025-06-02;2025-06-03;2025-06-04;2025-06-05;2025-06-06;2025-06-07,2025-06-07,2,1200.0,51440.047316405246,-0.4544192997661961,0.7992968171674875,1.0,10
2025-06-08,2025-06-09,2025-06-07,2025-05-12;2025-05-19;2025-05-26;2025-06-02,2025-06-01;2025-06-02;2025-06-03;2025-06-04;2025-06-05;2025-06-06;2025-06-07,2025-06-07,2,2850.385326518956,50690.788705317435,-0.4534706164681456,0.7992968171674875,1.0,10
2025-06-08,2025-06-09,2025-06-07,2025-05-12;2025-05-19;2025-05-26;2025-06-02,2025-06-01;2025-06-02;2025-06-03;2025-06-04;2025-06-05;2025-06-06;2025-06-07,2025-06-07,2,3709.580558841014,50301.27568448319,-0.4525219331700951,0.7992968171674875,1.0,10
2025-06-08,2025-06-09,2025-06-07,2025-05-12;2025-05-19;2025-05-26;2025-06-02,2025-06-01;2025-06-02;2025-06-03;2025-06-04;2025-06-05;2025-06-06;2025-06-07,2025-06-07,2,5876.908642691462,49322.080371983524,-0.45104620359534986,0.7992968171674875,1.0,10
2025-06-08,2025-06-09,2025-06-07,2025-05-12;2025-05-19;2025-05-26;2025-06-02,2025-06-01;2025-06-02;2025-06-03;2025-06-04;2025-06-05;2025-06-06;2025-06-07,2025-06-07,2,7916.746839256558,48403.56321512112,-0.4499921110419604,0.7992968171674875,1.0,10
2025-06-08,2025-06-09,2025-06-07,2025-05-12;2025-05-19;2025-05-26;2025-06-02,2025-06-01;2025-06-02;2025-06-03;2025-06-04;2025-06-05;2025-06-06;2025-06-07,2025-06-07,2,8527.112931755786,48129.12203864896,-0.44777851667984253,0.7992968171674875,1.0,10
2025-06-08,2025-06-09,2025-06-07,2025-05-12;2025-05-19;2025-05-26;2025-06-02,2025-06-01;2025-06-02;2025-06-03;2025-06-04;2025-06-05;2025-06-06;2025-06-07,2025-06-07,2,9723.637180783082,47593.50380943831,-0.44746228891382567,0.7992968171674875,1.0,10
2025-06-08,2025-06-09,2025-06-07,2025-05-12;2025-05-19;2025-05-26;2025-06-02,2025-06-01;2025-06-02;2025-06-03;2025-06-04;2025-06-05;2025-06-06;2025-06-07,2025-06-07,2,10009.430584957972,47465.622038649744,-0.4211205160046231,0.7992968171674875,1.0,10
2025-06-08,2025-06-09,2025-06-07,2025-05-12;2025-05-19;2025-05-26;2025-06-02,2025-06-01;2025-06-02;2025-06-03;2025-06-04;2025-06-05;2025-06-06;2025-06-07,2025-06-07,2,10325.543495420463,47332.500406680054,-0.4211205160046231,0.7992968171674875,1.0,10
2025-06-08,2025-06-09,2025-06-07,2025-05-12;2025-05-19;2025-05-26;2025-06-02,2025-06-01;2025-06-02;2025-06-03;2025-06-04;2025-06-05;2025-06-06;2025-06-07,2025-06-07,2,10800.0,47132.96714531423,-0.4030006650118583,0.7992968171674875,1.0,10
2025-06-09,2025-06-10,2025-06-08,2025-05-13;2025-05-20;2025-05-27;2025-06-03,2025-06-02;2025-06-03;2025-06-04;2025-06-05;2025-06-06;2025-06-07;2025-06-08,2025-06-08,2,1200.0,51051.92251754966,-0.4544192997661961,0.7992968171747634,1.0,10
2025-06-09,2025-06-10,2025-06-08,2025-05-13;2025-05-20;2025-05-27;2025-06-03,2025-06-02;2025-06-03;2025-06-04;2025-06-05;2025-06-06;2025-06-07;2025-06-08,2025-06-08,2,2850.3853265227904,50302.663906460104,-0.4534706164681456,0.7992968171747634,1.0,10
2025-06-09,2025-06-10,2025-06-08,2025-05-13;2025-05-20;2025-05-27;2025-06-03,2025-06-02;2025-06-03;2025-06-04;2025-06-05;2025-06-06;2025-06-07;2025-06-08,2025-06-08,2,3709.580558841014,49913.1508856276,-0.4525219331700951,0.7992968171747634,1.0,10
2025-06-09,2025-06-10,2025-06-08,2025-05-13;2025-05-20;2025-05-27;2025-06-03,2025-06-02;2025-06-03;2025-06-04;2025-06-05;2025-06-06;2025-06-07;2025-06-08,2025-06-08,2,5876.908642691462,48933.95557312794,-0.45104620359534986,0.7992968171747634,1.0,10
2025-06-09,2025-06-10,2025-06-08,2025-05-13;2025-05-20;2025-05-27;2025-06-03,2025-06-02;2025-06-03;2025-06-04;2025-06-05;2025-06-06;2025-06-07;2025-06-08,2025-06-08,2,7916.746839256558,48015.43841626553,-0.4499921110419604,0.7992968171747634,1.0,10
2025-06-09,2025-06-10,2025-06-08,2025-05-13;2025-05-20;2025-05-27;2025-06-03,2025-06-02;2025-06-03;2025-06-04;2025-06-05;2025-06-06;2025-06-07;2025-06-08,2025-06-08,2,8527.112931755786,47740.997239793374,-0.44777851667984253,0.7992968171747634,1.0,10
2025-06-09,2025-06-10,2025-06-08,2025-05-13;2025-05-20;2025-05-27;2025-06-03,2025-06-02;2025-06-03;2025-06-04;2025-06-05;2025-06-06;2025-06-07;2025-06-08,2025-06-08,2,9723.425425725758,47205.47376298536,-0.44746228891382567,0.7992968171747634,1.0,10
2025-06-09,2025-06-10,2025-06-08,2025-05-13;2025-05-20;2025-05-27;2025-06-03,2025-06-02;2025-06-03;2025-06-04;2025-06-05;2025-06-06;2025-06-07;2025-06-08,2025-06-08,2,10009.430584958249,47077.49723979404,-0.4211205160046231,0.7992968171747634,1.0,10
2025-06-09,2025-06-10,2025-06-08,2025-05-13;2025-05-20;2025-05-27;2025-06-03,2025-06-02;2025-06-03;2025-06-04;2025-06-05;2025-06-06;2025-06-07;2025-06-08,2025-06-08,2,10325.298606570384,46944.47873554337,-0.4211205160046231,0.7992968171747634,1.0,10
2025-06-09,2025-06-10,2025-06-08,2025-05-13;2025-05-20;2025-05-27;2025-06-03,2025-06-02;2025-06-03;2025-06-04;2025-06-05;2025-06-06;2025-06-07;2025-06-08,2025-06-08,2,10800.0,46744.853234614595,-0.4030006650118583,0.7992968171747634,1.0,10
2025-06-10,2025-06-11,2025-06-09,2025-05-14;2025-05-21;2025-05-28;2025-06-04,2025-06-03;2025-06-04;2025-06-05;2025-06-06;2025-06-07;2025-06-08;2025-06-09,2025-06-09,2,1200.0,51125.17543454183,-0.4544192997661961,0.7992968171747634,1.0,10
2025-06-10,2025-06-11,2025-06-09,2025-05-14;2025-05-21;2025-05-28;2025-06-04,2025-06-03;2025-06-04;2025-06-05;2025-06-06;2025-06-07;2025-06-08;2025-06-09,2025-06-09,2,2850.385326518956,50375.91682345401,-0.4534706164681456,0.7992968171747634,1.0,10
2025-06-10,2025-06-11,2025-06-09,2025-05-14;2025-05-21;2025-05-28;2025-06-04,2025-06-03;2025-06-04;2025-06-05;2025-06-06;2025-06-07;2025-06-08;2025-06-09,2025-06-09,2,3709.580558841014,49986.403802619774,-0.4525219331700951,0.7992968171747634,1.0,10
2025-06-10,2025-06-11,2025-06-09,2025-05-14;2025-05-21;2025-05-28;2025-06-04,2025-06-03;2025-06-04;2025-06-05;2025-06-06;2025-06-07;2025-06-08;2025-06-09,2025-06-09,2,5876.908642691462,49007.20849012011,-0.45104620359534986,0.7992968171747634,1.0,10
2025-06-10,2025-06-11,2025-06-09,2025-05-14;2025-05-21;2025-05-28;2025-06-04,2025-06-03;2025-06-04;2025-06-05;2025-06-06;2025-06-07;2025-06-08;2025-06-09,2025-06-09,2,7916.746839256558,48088.691333257695,-0.4499921110419604,0.7992968171747634,1.0,10
2025-06-10,2025-06-11,2025-06-09,2025-05-14;2025-05-21;2025-05-28;2025-06-04,2025-06-03;2025-06-04;2025-06-05;2025-06-06;2025-06-07;2025-06-08;2025-06-09,2025-06-09,2,8527.11293175291,47814.25015678683,-0.44777851667984253,0.7992968171747634,1.0,10
2025-06-10,2025-06-11,2025-06-09,2025-05-14;2025-05-21;2025-05-28;2025-06-04,2025-06-03;2025-06-04;2025-06-05;2025-06-06;2025-06-07;2025-06-08;2025-06-09,2025-06-09,2,9723.510124895027,47278.688780293385,-0.44746228891382567,0.7992968171747634,1.0,10
2025-06-10,2025-06-11,2025-06-09,2025-05-14;2025-05-21;2025-05-28;2025-06-04,2025-06-03;2025-06-04;2025-06-05;2025-06-06;2025-06-07;2025-06-08;2025-06-09,2025-06-09,2,10009.430584957972,47150.75015678632,-0.4211205160046231,0.7992968171747634,1.0,10
2025-06-10,2025-06-11,2025-06-09,2025-05-14;2025-05-21;2025-05-28;2025-06-04,2025-06-03;2025-06-04;2025-06-05;2025-06-06;2025-06-07;2025-06-08;2025-06-09,2025-06-09,2,10325.396558810236,47017.690402837754,-0.4211205160046231,0.7992968171747634,1.0,10
2025-06-10,2025-06-11,2025-06-09,2025-05-14;2025-05-21;2025-05-28;2025-06-04,2025-06-03;2025-06-04;2025-06-05;2025-06-06;2025-06-07;2025-06-08;2025-06-09,2025-06-09,2,10800.0,46818.101796491115,-0.4030006650118583,0.7992968171747634,1.0,10
2025-06-11,2025-06-12,2025-06-10,2025-05-15;2025-05-22;2025-05-29;2025-06-05,2025-06-04;2025-06-05;2025-06-06;2025-06-07;2025-06-08;2025-06-09;2025-06-10,2025-06-10,2,1200.0,51468.86884061969,-0.4544192997661961,0.7992968171674875,1.0,10
2025-06-11,2025-06-12,2025-06-10,2025-05-15;2025-05-22;2025-05-29;2025-06-05,2025-06-04;2025-06-05;2025-06-06;2025-06-07;2025-06-08;2025-06-09;2025-06-10,2025-06-10,2,2850.385326515121,50719.61022953362,-0.4534706164681456,0.7992968171674875,1.0,10
2025-06-11,2025-06-12,2025-06-10,2025-05-15;2025-05-22;2025-05-29;2025-06-05,2025-06-04;2025-06-05;2025-06-06;2025-06-07;2025-06-08;2025-06-09;2025-06-10,2025-06-10,2,3709.580558838857,50330.097208698615,-0.4525219331700951,0.7992968171674875,1.0,10
2025-06-11,2025-06-12,2025-06-10,2025-05-15;2025-05-22;2025-05-29;2025-06-05,2025-06-04;2025-06-05;2025-06-06;2025-06-07;2025-06-08;2025-06-09;2025-06-10,2025-06-10,2,5876.908642692508,49350.9018961975,-0.45104620359534986,0.7992968171674875,1.0,10
2025-06-11,2025-06-12,2025-06-10,2025-05-15;2025-05-22;2025-05-29;2025-06-05,2025-06-04;2025-06-05;2025-06-06;2025-06-07;2025-06-08;2025-06-09;2025-06-10,2025-06-10,2,7916.746839260618,48432.384739333735,-0.4499921110419604,0.7992968171674875,1.0,10
2025-06-11,2025-06-12,2025-06-10,2025-05-15;2025-05-22;2025-05-29;2025-06-05,2025-06-04;2025-06-05;2025-06-06;2025-06-07;2025-06-08;2025-06-09;2025-06-10,2025-06-10,2,8527.112931758662,48157.943562862114,-0.44777851667984253,0.7992968171674875,1.0,10
2025-06-11,2025-06-12,2025-06-10,2025-05-15;2025-05-22;2025-05-29;2025-06-05,2025-06-04;2025-06-05;2025-06-06;2025-06-07;2025-06-08;2025-06-09;2025-06-10,2025-06-10,2,9723.623789908677,47622.33132556406,-0.44746228891382567,0.7992968171674875,1.0,10
2025-06-11,2025-06-12,2025-06-10,2025-05-15;2025-05-22;2025-05-29;2025-06-05,2025-06-04;2025-06-05;2025-06-06;2025-06-07;2025-06-08;2025-06-09;2025-06-10,2025-06-10,2,10009.430584957698,47494.4435628643,-0.4211205160046231,0.7992968171674875,1.0,10
2025-06-11,2025-06-12,2025-06-10,2025-05-15;2025-05-22;2025-05-29;2025-06-05,2025-06-04;2025-06-05;2025-06-06;2025-06-07;2025-06-08;2025-06-09;2025-06-10,2025-06-10,2,10325.52800924549,47361.32845244049,-0.4211205160046231,0.7992968171674875,1.0,10
2025-06-11,2025-06-12,2025-06-10,2025-05-15;2025-05-22;2025-05-29;2025-06-05,2025-06-04;2025-06-05;2025-06-06;2025-06-07;2025-06-08;2025-06-09;2025-06-10,2025-06-10,2,10800.0,47161.78935806915,-0.4030006650118583,0.7992968171674875,1.0,10
2025-06-12,2025-06-13,2025-06-11,2025-05-16;2025-05-23;2025-05-30;2025-06-06,2025-06-05;2025-06-06;2025-06-07;2025-06-08;2025-06-09;2025-06-10;2025-06-11,2025-06-11,2,1200.0,21215.0190415088,-0.45020292955263824,0.9241873634855438,1.0,12
2025-06-12,2025-06-13,2025-06-11,2025-05-16;2025-05-23;2025-05-30;2025-06-06,2025-06-05;2025-06-06;2025-06-07;2025-06-08;2025-06-09;2025-06-10;2025-06-11,2025-06-11,2,2295.230167211491,20722.183596311144,-0.44777851667984253,0.9241873634855438,1.0,12
2025-06-12,2025-06-13,2025-06-11,2025-05-16;2025-05-23;2025-05-30;2025-06-06,2025-06-05;2025-06-06;2025-06-07;2025-06-08;2025-06-09;2025-06-10;2025-06-11,2025-06-11,2,3590.778682806599,20142.234107508666,-0.44746228891382567,0.9241873634855438,1.0,12
2025-06-12,2025-06-13,2025-06-11,2025-05-16;2025-05-23;2025-05-30;2025-06-06,2025-06-05;2025-06-06;2025-06-07;2025-06-08;2025-06-09;2025-06-10;2025-06-11,2025-06-11,2,3845.9624813329065,20028.04898092636,-0.4335482672090848,0.9241873634855438,1.0,12
2025-06-12,2025-06-13,2025-06-11,2025-05-16;2025-05-23;2025-05-30;2025-06-06,2025-06-05;2025-06-06;2025-06-07;2025-06-08;2025-06-09;2025-06-10;2025-06-11,2025-06-11,2,4084.1300385485147,19924.791849190115,-0.4335482672090848,0.9241873634855438,1.0,12
2025-06-12,2025-06-13,2025-06-11,2025-05-16;2025-05-23;2025-05-30;2025-06-06,2025-06-05;2025-06-06;2025-06-07;2025-06-08;2025-06-09;2025-06-10;2025-06-11,2025-06-11,2,4376.789221253636,19797.90996764548,-0.4211205160046231,0.9241873634855438,1.0,12
2025-06-12,2025-06-13,2025-06-11,2025-05-16;2025-05-23;2025-05-30;2025-06-06,2025-06-05;2025-06-06;2025-06-07;2025-06-08;2025-06-09;2025-06-10;2025-06-11,2025-06-11,2,4579.047589070562,19712.734819424164,-0.4211205160046231,0.9241873634855438,1.0,12
2025-06-12,2025-06-13,2025-06-11,2025-05-16;2025-05-23;2025-05-30;2025-06-06,2025-06-05;2025-06-06;2025-06-07;2025-06-08;2025-06-09;2025-06-10;2025-06-11,2025-06-11,2,5181.2259114345825,19459.734003027545,-0.41950775439793714,0.9241873634855438,1.0,12
2025-06-12,2025-06-13,2025-06-11,2025-05-16;2025-05-23;2025-05-30;2025-06-06,2025-06-05;2025-06-06;2025-06-07;2025-06-08;2025-06-09;2025-06-10;2025-06-11,2025-06-11,2,5857.46614759425,19177.189302785846,-0.4169463094932008,0.9241873634855438,1.0,12
2025-06-12,2025-06-13,2025-06-11,2025-05-16;2025-05-23;2025-05-30;2025-06-06,2025-06-05;2025-06-06;2025-06-07;2025-06-08;2025-06-09;2025-06-10;2025-06-11,2025-06-11,2,7861.57743609787,18343.035349708683,-0.4149540745672947,0.9241873634855438,1.0,12
2025-06-12,2025-06-13,2025-06-11,2025-05-16;2025-05-23;2025-05-30;2025-06-06,2025-06-05;2025-06-06;2025-06-07;2025-06-08;2025-06-09;2025-06-10;2025-06-11,2025-06-11,2,10086.396929181035,17421.339492130966,-0.413625917950024,0.9241873634855438,1.0,12
2025-06-12,2025-06-13,2025-06-11,2025-05-16;2025-05-23;2025-05-30;2025-06-06,2025-06-05;2025-06-06;2025-06-07;2025-06-08;2025-06-09;2025-06-10;2025-06-11,2025-06-11,2,10800.0,17126.36970820649,-0.4030006650118583,0.9241873634855438,1.0,12
2025-06-13,2025-06-14,2025-06-12,2025-05-17;2025-05-24;2025-05-31;2025-06-07,2025-06-06;2025-06-07;2025-06-08;2025-06-09;2025-06-10;2025-06-11;2025-06-12,2025-06-12,2,1200.0,21564.064928222815,-0.45020292955263824,0.9490619828429772,1.0,12
2025-06-13,2025-06-14,2025-06-12,2025-05-17;2025-05-24;2025-05-31;2025-06-07,2025-06-06;2025-06-07;2025-06-08;2025-06-09;2025-06-10;2025-06-11;2025-06-12,2025-06-12,2,2340.3487886187504,21050.916947490237,-0.44777851667984253,0.9490619828429772,1.0,12
2025-06-13,2025-06-14,2025-06-12,2025-05-17;2025-05-24;2025-05-31;2025-06-07,2025-06-06;2025-06-07;2025-06-08;2025-06-09;2025-06-10;2025-06-11;2025-06-12,2025-06-12,2,3635.897304213254,20470.96745868803,-0.44746228891382567,0.9490619828429772,1.0,12
2025-06-13,2025-06-14,2025-06-12,2025-05-17;2025-05-24;2025-05-31;2025-06-07,2025-06-06;2025-06-07;2025-06-08;2025-06-09;2025-06-10;2025-06-11;2025-06-12,2025-06-12,2,3891.0811027394416,20356.782332105773,-0.4335482672090848,0.9490619828429772,1.0,12
2025-06-13,2025-06-14,2025-06-12,2025-05-17;2025-05-24;2025-05-31;2025-06-07,2025-06-06;2025-06-07;2025-06-08;2025-06-09;2025-06-10;2025-06-11;2025-06-12,2025-06-12,2,4127.666750428075,20254.211034503827,-0.4335482672090848,0.9490619828429772,1.0,12
2025-06-13,2025-06-14,2025-06-12,2025-05-17;2025-05-24;2025-05-31;2025-06-07,2025-06-06;2025-06-07;2025-06-08;2025-06-09;2025-06-10;2025-06-11;2025-06-12,2025-06-12,2,4415.084096964334,20129.601741947197,-0.4211205160046231,0.9490619828429772,1.0,12
2025-06-13,2025-06-14,2025-06-12,2025-05-17;2025-05-24;2025-05-31;2025-06-07,2025-06-06;2025-06-07;2025-06-08;2025-06-09;2025-06-10;2025-06-11;2025-06-12,2025-06-12,2,4620.997369488022,20042.88743836982,-0.4211205160046231,0.9490619828429772,1.0,12
2025-06-13,2025-06-14,2025-06-12,2025-05-17;2025-05-24;2025-05-31;2025-06-07,2025-06-06;2025-06-07;2025-06-08;2025-06-09;2025-06-10;2025-06-11;2025-06-12,2025-06-12,2,5234.057339955395,19785.312818185517,-0.41950775439793714,0.9490619828429772,1.0,12
2025-06-13,2025-06-14,2025-06-12,2025-05-17;2025-05-24;2025-05-31;2025-06-07,2025-06-06;2025-06-07;2025-06-08;2025-06-09;2025-06-10;2025-06-11;2025-06-12,2025-06-12,2,5897.384273211816,19508.143590456115,-0.4169463094932008,0.9490619828429772,1.0,12
2025-06-13,2025-06-14,2025-06-12,2025-05-17;2025-05-24;2025-05-31;2025-06-07,2025-06-06;2025-06-07;2025-06-08;2025-06-09;2025-06-10;2025-06-11;2025-06-12,2025-06-12,2,7976.939031328263,18642.553135464186,-0.4149540745672947,0.9490619828429772,1.0,12
2025-06-13,2025-06-14,2025-06-12,2025-05-17;2025-05-24;2025-05-31;2025-06-07,2025-06-06;2025-06-07;2025-06-08;2025-06-09;2025-06-10;2025-06-11;2025-06-12,2025-06-12,2,10117.685697537385,17755.612603761234,-0.413625917950024,0.9490619828429772,1.0,12
2025-06-13,2025-06-14,2025-06-12,2025-05-17;2025-05-24;2025-05-31;2025-06-07,2025-06-06;2025-06-07;2025-06-08;2025-06-09;2025-06-10;2025-06-11;2025-06-12,2025-06-12,2,10800.0,17473.531368995133,-0.4030006650118583,0.9490619828429772,1.0,12
2025-06-14,2025-06-15,2025-06-13,2025-05-18;2025-05-25;2025-06-01;2025-06-08,2025-06-07;2025-06-08;2025-06-09;2025-06-10;2025-06-11;2025-06-12;2025-06-13,2025-06-13,2,1200.0,54080.049259594176,-0.4544192997661961,0.7992968171674875,1.0,10
2025-06-14,2025-06-15,2025-06-13,2025-05-18;2025-05-25;2025-06-01;2025-06-08,2025-06-07;2025-06-08;2025-06-09;2025-06-10;2025-06-11;2025-06-12;2025-06-13,2025-06-13,2,2850.385326518956,53330.79064850636,-0.4534706164681456,0.7992968171674875,1.0,10
2025-06-14,2025-06-15,2025-06-13,2025-05-18;2025-05-25;2025-06-01;2025-06-08,2025-06-07;2025-06-08;2025-06-09;2025-06-10;2025-06-11;2025-06-12;2025-06-13,2025-06-13,2,3709.580558841014,52941.27762767212,-0.4525219331700951,0.7992968171674875,1.0,10
2025-06-14,2025-06-15,2025-06-13,2025-05-18;2025-05-25;2025-06-01;2025-06-08,2025-06-07;2025-06-08;2025-06-09;2025-06-10;2025-06-11;2025-06-12;2025-06-13,2025-06-13,2,5876.908642692508,51962.08231517198,-0.45104620359534986,0.7992968171674875,1.0,10
2025-06-14,2025-06-15,2025-06-13,2025-05-18;2025-05-25;2025-06-01;2025-06-08,2025-06-07;2025-06-08;2025-06-09;2025-06-10;2025-06-11;2025-06-12;2025-06-13,2025-06-13,2,7916.746839258588,51043.565158309124,-0.4499921110419604,0.7992968171674875,1.0,10
2025-06-14,2025-06-15,2025-06-13,2025-05-18;2025-05-25;2025-06-01;2025-06-08,2025-06-07;2025-06-08;2025-06-09;2025-06-10;2025-06-11;2025-06-12;2025-06-13,2025-06-13,2,8527.11293175291,50769.12398183917,-0.44777851667984253,0.7992968171674875,1.0,10
2025-06-14,2025-06-15,2025-06-13,2025-05-18;2025-05-25;2025-06-01;2025-06-08,2025-06-07;2025-06-08;2025-06-09;2025-06-10;2025-06-11;2025-06-12;2025-06-13,2025-06-13,2,9723.225472109298,50233.68997673277,-0.44746228891382567,0.7992968171674875,1.0,10
2025-06-14,2025-06-15,2025-06-13,2025-05-18;2025-05-25;2025-06-01;2025-06-08,2025-06-07;2025-06-08;2025-06-09;2025-06-10;2025-06-11;2025-06-12;2025-06-13,2025-06-13,2,10009.430584957972,50105.62398183867,-0.4211205160046231,0.7992968171674875,1.0,10
2025-06-14,2025-06-15,2025-06-13,2025-05-18;2025-05-25;2025-06-01;2025-06-08,2025-06-07;2025-06-08;2025-06-09;2025-06-10;2025-06-11;2025-06-12;2025-06-13,2025-06-13,2,10325.06736575915,49972.702857837634,-0.4211205160046231,0.7992968171674875,1.0,10
2025-06-14,2025-06-15,2025-06-13,2025-05-18;2025-05-25;2025-06-01;2025-06-08,2025-06-07;2025-06-08;2025-06-09;2025-06-10;2025-06-11;2025-06-12;2025-06-13,2025-06-13,2,10800.0,49772.99025800108,-0.4030006650118583,0.7992968171674875,1.0,10
2025-06-15,2025-06-16,2025-06-14,2025-05-19;2025-05-26;2025-06-02;2025-06-09,2025-06-08;2025-06-09;2025-06-10;2025-06-11;2025-06-12;2025-06-13;2025-06-14,2025-06-14,2,1200.0,53310.68863391575,-0.4544192997661961,0.7992968171747634,1.0,10
2025-06-15,2025-06-16,2025-06-14,2025-05-19;2025-05-26;2025-06-02;2025-06-09,2025-06-08;2025-06-09;2025-06-10;2025-06-11;2025-06-12;2025-06-13;2025-06-14,2025-06-14,2,2850.385326518956,52561.43002282793,-0.4534706164681456,0.7992968171747634,1.0,10
2025-06-15,2025-06-16,2025-06-14,2025-05-19;2025-05-26;2025-06-02;2025-06-09,2025-06-08;2025-06-09;2025-06-10;2025-06-11;2025-06-12;2025-06-13;2025-06-14,2025-06-14,2,3709.580558838857,52171.91700199467,-0.4525219331700951,0.7992968171747634,1.0,10
2025-06-15,2025-06-16,2025-06-14,2025-05-19;2025-05-26;2025-06-02;2025-06-09,2025-06-08;2025-06-09;2025-06-10;2025-06-11;2025-06-12;2025-06-13;2025-06-14,2025-06-14,2,5876.908642691462,51192.721689494036,-0.45104620359534986,0.7992968171747634,1.0,10
2025-06-15,2025-06-16,2025-06-14,2025-05-19;2025-05-26;2025-06-02;2025-06-09,2025-06-08;2025-06-09;2025-06-10;2025-06-11;2025-06-12;2025-06-13;2025-06-14,2025-06-14,2,7916.746839258588,50274.204532630705,-0.4499921110419604,0.7992968171747634,1.0,10
2025-06-15,2025-06-16,2025-06-14,2025-05-19;2025-05-26;2025-06-02;2025-06-09,2025-06-08;2025-06-09;2025-06-10;2025-06-11;2025-06-12;2025-06-13;2025-06-14,2025-06-14,2,8527.11293175291,49999.76335616075,-0.44777851667984253,0.7992968171747634,1.0,10
2025-06-15,2025-06-16,2025-06-14,2025-05-19;2025-05-26;2025-06-02;2025-06-09,2025-06-08;2025-06-09;2025-06-10;2025-06-11;2025-06-12;2025-06-13;2025-06-14,2025-06-14,2,9723.624258502694,49464.150909181975,-0.44746228891382567,0.7992968171747634,1.0,10
2025-06-15,2025-06-16,2025-06-14,2025-05-19;2025-05-26;2025-06-02;2025-06-09,2025-06-08;2025-06-09;2025-06-10;2025-06-11;2025-06-12;2025-06-13;2025-06-14,2025-06-14,2,10009.430584957698,49336.26335616036,-0.4211205160046231,0.7992968171747634,1.0,10
2025-06-15,2025-06-16,2025-06-14,2025-05-19;2025-05-26;2025-06-02;2025-06-09,2025-06-08;2025-06-09;2025-06-10;2025-06-11;2025-06-12;2025-06-13;2025-06-14,2025-06-14,2,10325.528551161637,49203.14801752455,-0.4211205160046231,0.7992968171747634,1.0,10
2025-06-15,2025-06-16,2025-06-14,2025-05-19;2025-05-26;2025-06-02;2025-06-09,2025-06-08;2025-06-09;2025-06-10;2025-06-11;2025-06-12;2025-06-13;2025-06-14,2025-06-14,2,10800.0,49003.60912727075,-0.4030006650118583,0.7992968171747634,1.0,10
2025-06-16,2025-06-17,2025-06-15,2025-05-20;2025-05-27;2025-06-03;2025-06-10,2025-06-09;2025-06-10;2025-06-11;2025-06-12;2025-06-13;2025-06-14;2025-06-15,2025-06-15,2,1200.0,54051.764815583476,-0.4544192997661961,0.7992968171674875,1.0,10
2025-06-16,2025-06-17,2025-06-15,2025-05-20;2025-05-27;2025-06-03;2025-06-10,2025-06-09;2025-06-10;2025-06-11;2025-06-12;2025-06-13;2025-06-14;2025-06-15,2025-06-15,2,2850.385326515121,53302.506204497404,-0.4534706164681456,0.7992968171674875,1.0,10
2025-06-16,2025-06-17,2025-06-15,2025-05-20;2025-05-27;2025-06-03;2025-06-10,2025-06-09;2025-06-10;2025-06-11;2025-06-12;2025-06-13;2025-06-14;2025-06-15,2025-06-15,2,3709.580558838857,52912.9931836624,-0.4525219331700951,0.7992968171674875,1.0,10
2025-06-16,2025-06-17,2025-06-15,2025-05-20;2025-05-27;2025-06-03;2025-06-10,2025-06-09;2025-06-10;2025-06-11;2025-06-12;2025-06-13;2025-06-14;2025-06-15,2025-06-15,2,5876.908642690416,51933.797871162235,-0.45104620359534986,0.7992968171674875,1.0,10
2025-06-16,2025-06-17,2025-06-15,2025-05-20;2025-05-27;2025-06-03;2025-06-10,2025-06-09;2025-06-10;2025-06-11;2025-06-12;2025-06-13;2025-06-14;2025-06-15,2025-06-15,2,7916.746839256558,51015.28071429935,-0.4499921110419604,0.7992968171674875,1.0,10
2025-06-16,2025-06-17,2025-06-15,2025-05-20;2025-05-27;2025-06-03;2025-06-10,2025-06-09;2025-06-10;2025-06-11;2025-06-12;2025-06-13;2025-06-14;2025-06-15,2025-06-15,2,8527.11293175291,50740.83953782848,-0.44777851667984253,0.7992968171674875,1.0,10
2025-06-16,2025-06-17,2025-06-15,2025-05-20;2025-05-27;2025-06-03;2025-06-10,2025-06-09;2025-06-10;2025-06-11;2025-06-12;2025-06-13;2025-06-14;2025-06-15,2025-06-15,2,9723.233902649017,50205.40176037348,-0.44746228891382567,0.7992968171674875,1.0,10
2025-06-16,2025-06-17,2025-06-15,2025-05-20;2025-05-27;2025-06-03;2025-06-10,2025-06-09;2025-06-10;2025-06-11;2025-06-12;2025-06-13;2025-06-14;2025-06-15,2025-06-15,2,10009.430584958249,50077.33953782786,-0.4211205160046231,0.7992968171674875,1.0,10
2025-06-16,2025-06-17,2025-06-15,2025-05-20;2025-05-27;2025-06-03;2025-06-10,2025-06-09;2025-06-10;2025-06-11;2025-06-12;2025-06-13;2025-06-14;2025-06-15,2025-06-15,2,10325.077115444816,49944.414308034284,-0.4211205160046231,0.7992968171674875,1.0,10
2025-06-16,2025-06-17,2025-06-15,2025-05-20;2025-05-27;2025-06-03;2025-06-10,2025-06-09;2025-06-10;2025-06-11;2025-06-12;2025-06-13;2025-06-14;2025-06-15,2025-06-15,2,10800.0,49744.70538050354,-0.4030006650118583,0.7992968171674875,1.0,10
2025-06-17,2025-06-18,2025-06-16,2025-05-21;2025-05-28;2025-06-04;2025-06-11,2025-06-10;2025-06-11;2025-06-12;2025-06-13;2025-06-14;2025-06-15;2025-06-16,2025-06-16,2,1200.0,52848.321180864514,-0.4544192997661961,0.7992968171674875,1.0,10
2025-06-17,2025-06-18,2025-06-16,2025-05-21;2025-05-28;2025-06-04;2025-06-11,2025-06-10;2025-06-11;2025-06-12;2025-06-13;2025-06-14;2025-06-15;2025-06-16,2025-06-16,2,2850.385326515121,52099.06256977844,-0.4534706164681456,0.7992968171674875,1.0,10
2025-06-17,2025-06-18,2025-06-16,2025-05-21;2025-05-28;2025-06-04;2025-06-11,2025-06-10;2025-06-11;2025-06-12;2025-06-13;2025-06-14;2025-06-15;2025-06-16,2025-06-16,2,3709.580558838857,51709.54954894344,-0.4525219331700951,0.7992968171674875,1.0,10
2025-06-17,2025-06-18,2025-06-16,2025-05-21;2025-05-28;2025-06-04;2025-06-11,2025-06-10;2025-06-11;2025-06-12;2025-06-13;2025-06-14;2025-06-15;2025-06-16,2025-06-16,2,5876.908642692508,50730.35423644233,-0.45104620359534986,0.7992968171674875,1.0,10
2025-06-17,2025-06-18,2025-06-16,2025-05-21;2025-05-28;2025-06-04;2025-06-11,2025-06-10;2025-06-11;2025-06-12;2025-06-13;2025-06-14;2025-06-15;2025-06-16,2025-06-16,2,7916.746839260618,49811.83707957855,-0.4499921110419604,0.7992968171674875,1.0,10
2025-06-17,2025-06-18,2025-06-16,2025-05-21;2025-05-28;2025-06-04;2025-06-11,2025-06-10;2025-06-11;2025-06-12;2025-06-13;2025-06-14;2025-06-15;2025-06-16,2025-06-16,2,8527.112931755786,49537.39590310823,-0.44777851667984253,0.7992968171674875,1.0,10
2025-06-17,2025-06-18,2025-06-16,2025-05-21;2025-05-28;2025-06-04;2025-06-11,2025-06-10;2025-06-11;2025-06-12;2025-06-13;2025-06-14;2025-06-15;2025-06-16,2025-06-16,2,9724.747918267089,49001.280660760596,-0.44746228891382567,0.7992968171674875,1.0,10
2025-06-17,2025-06-18,2025-06-16,2025-05-21;2025-05-28;2025-06-04;2025-06-11,2025-06-10;2025-06-11;2025-06-12;2025-06-13;2025-06-14;2025-06-15;2025-06-16,2025-06-16,2,10009.430584957972,48873.895903109005,-0.4211205160046231,0.7992968171674875,1.0,10
2025-06-17,2025-06-18,2025-06-16,2025-05-21;2025-05-28;2025-06-04;2025-06-11,2025-06-10;2025-06-11;2025-06-12;2025-06-13;2025-06-14;2025-06-15;2025-06-16,2025-06-16,2,10326.828032510623,48740.23332621708,-0.4211205160046231,0.7992968171674875,1.0,10
2025-06-17,2025-06-18,2025-06-16,2025-05-21;2025-05-28;2025-06-04;2025-06-11,2025-06-10;2025-06-11;2025-06-12;2025-06-13;2025-06-14;2025-06-15;2025-06-16,2025-06-16,2,10800.0,48541.1838971685,-0.4030006650118583,0.7992968171674875,1.0,10
2025-06-18,2025-06-19,2025-06-17,2025-05-22;2025-05-29;2025-06-05;2025-06-12,2025-06-11;2025-06-12;2025-06-13;2025-06-14;2025-06-15;2025-06-16;2025-06-17,2025-06-17,2,1200.0,53278.70583568805,-0.4544192997661961,0.7992968171747634,1.0,10
2025-06-18,2025-06-19,2025-06-17,2025-05-22;2025-05-29;2025-06-05;2025-06-12,2025-06-11;2025-06-12;2025-06-13;2025-06-14;2025-06-15;2025-06-16;2025-06-17,2025-06-17,2,2850.385326518956,52529.44722460024,-0.4534706164681456,0.7992968171747634,1.0,10
2025-06-18,2025-06-19,2025-06-17,2025-05-22;2025-05-29;2025-06-05;2025-06-12,2025-06-11;2025-06-12;2025-06-13;2025-06-14;2025-06-15;2025-06-16;2025-06-17,2025-06-17,2,3709.580558838857,52139.93420376697,-0.4525219331700951,0.7992968171747634,1.0,10
2025-06-18,2025-06-19,2025-06-17,2025-05-22;2025-05-29;2025-06-05;2025-06-12,2025-06-11;2025-06-12;2025-06-13;2025-06-14;2025-06-15;2025-06-16;2025-06-17,2025-06-17,2,5876.908642692508,51160.738891265864,-0.45104620359534986,0.7992968171747634,1.0,10
2025-06-18,2025-06-19,2025-06-17,2025-05-22;2025-05-29;2025-06-05;2025-06-12,2025-06-11;2025-06-12;2025-06-13;2025-06-14;2025-06-15;2025-06-16;2025-06-17,2025-06-17,2,7916.746839260618,50242.22173440209,-0.4499921110419604,0.7992968171747634,1.0,10
2025-06-18,2025-06-19,2025-06-17,2025-05-22;2025-05-29;2025-06-05;2025-06-12,2025-06-11;2025-06-12;2025-06-13;2025-06-14;2025-06-15;2025-06-16;2025-06-17,2025-06-17,2,8527.112931755786,49967.780557931765,-0.44777851667984253,0.7992968171747634,1.0,10
2025-06-18,2025-06-19,2025-06-17,2025-05-22;2025-05-29;2025-06-05;2025-06-12,2025-06-11;2025-06-12;2025-06-13;2025-06-14;2025-06-15;2025-06-16;2025-06-17,2025-06-17,2,9724.6452139372,49431.71127189867,-0.44746228891382567,0.7992968171747634,1.0,10
2025-06-18,2025-06-19,2025-06-17,2025-05-22;2025-05-29;2025-06-05;2025-06-12,2025-06-11;2025-06-12;2025-06-13;2025-06-14;2025-06-15;2025-06-16;2025-06-17,2025-06-17,2,10009.430584957972,49304.280557932536,-0.4211205160046231,0.7992968171747634,1.0,10
2025-06-18,2025-06-19,2025-06-17,2025-05-22;2025-05-29;2025-06-05;2025-06-12,2025-06-11;2025-06-12;2025-06-13;2025-06-14;2025-06-15;2025-06-16;2025-06-17,2025-06-17,2,10326.709257801946,49170.66799950722,-0.4211205160046231,0.7992968171747634,1.0,10
2025-06-18,2025-06-19,2025-06-17,2025-05-22;2025-05-29;2025-06-05;2025-06-12,2025-06-11;2025-06-12;2025-06-13;2025-06-14;2025-06-15;2025-06-16;2025-06-17,2025-06-17,2,10800.0,48971.57383290846,-0.4030006650118583,0.7992968171747634,1.0,10
2025-06-19,2025-06-20,2025-06-18,2025-05-23;2025-05-30;2025-06-06;2025-06-13,2025-06-12;2025-06-13;2025-06-14;2025-06-15;2025-06-16;2025-06-17;2025-06-18,2025-06-18,2,1200.0,21850.272771128803,-0.4499921110419604,0.9933400869194884,1.0,12
2025-06-19,2025-06-20,2025-06-18,2025-05-23;2025-05-30;2025-06-06;2025-06-13,2025-06-12;2025-06-13;2025-06-14;2025-06-15;2025-06-16;2025-06-17;2025-06-18,2025-06-18,2,2713.5781811981487,21172.347607067477,-0.44746228891382567,0.9933400869194884,1.0,12
2025-06-19,2025-06-20,2025-06-18,2025-05-23;2025-05-30;2025-06-06;2025-06-13,2025-06-12;2025-06-13;2025-06-14;2025-06-15;2025-06-16;2025-06-17;2025-06-18,2025-06-18,2,2941.627050922177,21070.30433783655,-0.4335482672090848,0.9933400869194884,1.0,12
2025-06-19,2025-06-20,2025-06-18,2025-05-23;2025-05-30;2025-06-06;2025-06-13,2025-06-12;2025-06-13;2025-06-14;2025-06-15;2025-06-16;2025-06-17;2025-06-18,2025-06-18,2,3105.145018957522,20999.41140613728,-0.4335482672090848,0.9933400869194884,1.0,12
2025-06-19,2025-06-20,2025-06-18,2025-05-23;2025-05-30;2025-06-06;2025-06-13,2025-06-12;2025-06-13;2025-06-14;2025-06-15;2025-06-16;2025-06-17;2025-06-18,2025-06-18,2,3280.271385069579,20923.48567356677,-0.4211205160046231,0.9933400869194884,1.0,12
2025-06-19,2025-06-20,2025-06-18,2025-05-23;2025-05-30;2025-06-06;2025-06-13,2025-06-12;2025-06-13;2025-06-14;2025-06-15;2025-06-16;2025-06-17;2025-06-18,2025-06-18,2,3492.982648738235,20833.908596450634,-0.4211205160046231,0.9933400869194884,1.0,12
2025-06-19,2025-06-20,2025-06-18,2025-05-23;2025-05-30;2025-06-06;2025-06-13,2025-06-12;2025-06-13;2025-06-14;2025-06-15;2025-06-16;2025-06-17;2025-06-18,2025-06-18,2,4126.282092842635,20567.828573923598,-0.41950775439793714,0.9933400869194884,1.0,12
2025-06-19,2025-06-20,2025-06-18,2025-05-23;2025-05-30;2025-06-06;2025-06-13,2025-06-12;2025-06-13;2025-06-14;2025-06-15;2025-06-16;2025-06-17;2025-06-18,2025-06-18,2,5092.732119422804,20164.25543587174,-0.4169463094932008,0.9933400869194884,1.0,12
2025-06-19,2025-06-20,2025-06-18,2025-05-23;2025-05-30;2025-06-06;2025-06-13,2025-06-12;2025-06-13;2025-06-14;2025-06-15;2025-06-16;2025-06-17;2025-06-18,2025-06-18,2,7087.248267136688,19334.649594980958,-0.4149540745672947,0.9933400869194884,1.0,12
2025-06-19,2025-06-20,2025-06-18,2025-05-23;2025-05-30;2025-06-06;2025-06-13,2025-06-12;2025-06-13;2025-06-14;2025-06-15;2025-06-16;2025-06-17;2025-06-18,2025-06-18,2,8258.641483180429,18849.110180313677,-0.4140053912692442,0.9933400869194884,1.0,12
2025-06-19,2025-06-20,2025-06-18,2025-05-23;2025-05-30;2025-06-06;2025-06-13,2025-06-12;2025-06-13;2025-06-14;2025-06-15;2025-06-16;2025-06-17;2025-06-18,2025-06-18,2,9802.547357486823,18210.56159366139,-0.4132464446308038,0.9933400869194884,1.0,12
2025-06-19,2025-06-20,2025-06-18,2025-05-23;2025-05-30;2025-06-06;2025-06-13,2025-06-12;2025-06-13;2025-06-14;2025-06-15;2025-06-16;2025-06-17;2025-06-18,2025-06-18,2,10800.0,17798.54127571546,-0.4030006650118583,0.9933400869194884,1.0,12
2025-06-20,2025-06-21,2025-06-19,2025-05-24;2025-05-31;2025-06-07;2025-06-14,2025-06-13;2025-06-14;2025-06-15;2025-06-16;2025-06-17;2025-06-18;2025-06-19,2025-06-19,2,1200.0,21821.45779386783,-0.4499921110419604,0.5425782804377377,1.0,10
2025-06-20,2025-06-21,2025-06-19,2025-05-24;2025-05-31;2025-06-07;2025-06-14,2025-06-13;2025-06-14;2025-06-15;2025-06-16;2025-06-17;2025-06-18;2025-06-19,2025-06-19,2,2807.327132380293,21101.594677357425,-0.44746228891382567,0.5425782804377377,1.0,10
2025-06-20,2025-06-21,2025-06-19,2025-05-24;2025-05-31;2025-06-07;2025-06-14,2025-06-13;2025-06-14;2025-06-15;2025-06-16;2025-06-17;2025-06-18;2025-06-19,2025-06-19,2,2943.3537171219245,21040.889678876258,-0.4211205160046231,0.5425782804377377,1.0,10
2025-06-20,2025-06-21,2025-06-19,2025-05-24;2025-05-31;2025-06-07;2025-06-14,2025-06-13;2025-06-14;2025-06-15;2025-06-16;2025-06-17;2025-06-18;2025-06-19,2025-06-19,2,3843.29771617344,20662.60086487877,-0.41950775439793714,0.5425782804377377,1.0,10
2025-06-20,2025-06-21,2025-06-19,2025-05-24;2025-05-31;2025-06-07;2025-06-14,2025-06-13;2025-06-14;2025-06-15;2025-06-16;2025-06-17;2025-06-18;2025-06-19,2025-06-19,2,4943.300172981284,20203.471543612653,-0.4167565728335907,0.5425782804377377,1.0,10
2025-06-20,2025-06-21,2025-06-19,2025-05-24;2025-05-31;2025-06-07;2025-06-14,2025-06-13;2025-06-14;2025-06-15;2025-06-16;2025-06-17;2025-06-18;2025-06-19,2025-06-19,2,6015.278874302956,19757.10556252479,-0.41533354788651494,0.5425782804377377,1.0,10
2025-06-20,2025-06-21,2025-06-19,2025-05-24;2025-05-31;2025-06-07;2025-06-14,2025-06-13;2025-06-14;2025-06-15;2025-06-16;2025-06-17;2025-06-18;2025-06-19,2025-06-19,2,6901.075973165292,19389.40436076036,-0.41466946957787953,0.5425782804377377,1.0,10
2025-06-20,2025-06-21,2025-06-19,2025-05-24;2025-05-31;2025-06-07;2025-06-14,2025-06-13;2025-06-14;2025-06-15;2025-06-16;2025-06-17;2025-06-18;2025-06-19,2025-06-19,2,8200.245051496757,18851.053282413,-0.4140053912692442,0.5425782804377377,1.0,10
2025-06-20,2025-06-21,2025-06-19,2025-05-24;2025-05-31;2025-06-07;2025-06-14,2025-06-13;2025-06-14;2025-06-15;2025-06-16;2025-06-17;2025-06-18;2025-06-19,2025-06-19,2,9775.354713459894,18199.770140446773,-0.4132464446308038,0.5425782804377377,1.0,10
2025-06-20,2025-06-21,2025-06-19,2025-05-24;2025-05-31;2025-06-07;2025-06-14,2025-06-13;2025-06-14;2025-06-15;2025-06-16;2025-06-17;2025-06-18;2025-06-19,2025-06-19,2,10800.0,17776.748321700867,-0.4030006650118583,0.5425782804377377,1.0,10
2025-06-21,2025-06-22,2025-06-20,2025-05-25;2025-06-01;2025-06-08;2025-06-15,2025-06-14;2025-06-15;2025-06-16;2025-06-17;2025-06-18;2025-06-19;2025-06-20,2025-06-20,2,1200.0,53301.23697021483,-0.4544192997661961,0.7992968171747634,1.0,10
2025-06-21,2025-06-22,2025-06-20,2025-05-25;2025-06-01;2025-06-08;2025-06-15,2025-06-14;2025-06-15;2025-06-16;2025-06-17;2025-06-18;2025-06-19;2025-06-20,2025-06-20,2,2850.3853265227904,52551.97835912526,-0.4534706164681456,0.7992968171747634,1.0,10
2025-06-21,2025-06-22,2025-06-20,2025-05-25;2025-06-01;2025-06-08;2025-06-15,2025-06-14;2025-06-15;2025-06-16;2025-06-17;2025-06-18;2025-06-19;2025-06-20,2025-06-20,2,3709.580558841014,52162.465338292764,-0.4525219331700951,0.7992968171747634,1.0,10
2025-06-21,2025-06-22,2025-06-20,2025-05-25;2025-06-01;2025-06-08;2025-06-15,2025-06-14;2025-06-15;2025-06-16;2025-06-17;2025-06-18;2025-06-19;2025-06-20,2025-06-20,2,5876.908642692508,51183.27002579263,-0.45104620359534986,0.7992968171747634,1.0,10
2025-06-21,2025-06-22,2025-06-20,2025-05-25;2025-06-01;2025-06-08;2025-06-15,2025-06-14;2025-06-15;2025-06-16;2025-06-17;2025-06-18;2025-06-19;2025-06-20,2025-06-20,2,7916.746839258588,50264.752868929776,-0.4499921110419604,0.7992968171747634,1.0,10
2025-06-21,2025-06-22,2025-06-20,2025-05-25;2025-06-01;2025-06-08;2025-06-15,2025-06-14;2025-06-15;2025-06-16;2025-06-17;2025-06-18;2025-06-19;2025-06-20,2025-06-20,2,8527.11293175291,49990.31169245982,-0.44777851667984253,0.7992968171747634,1.0,10
2025-06-21,2025-06-22,2025-06-20,2025-05-25;2025-06-01;2025-06-08;2025-06-15,2025-06-14;2025-06-15;2025-06-16;2025-06-17;2025-06-18;2025-06-19;2025-06-20,2025-06-20,2,9680.856355684115,49473.83626916829,-0.44746228891382567,0.7992968171747634,1.0,10
2025-06-21,2025-06-22,2025-06-20,2025-05-25;2025-06-01;2025-06-08;2025-06-15,2025-06-14;2025-06-15;2025-06-16;2025-06-17;2025-06-18;2025-06-19;2025-06-20,2025-06-20,2,10009.430584957972,49326.81169245932,-0.4211205160046231,0.7992968171747634,1.0,10
2025-06-21,2025-06-22,2025-06-20,2025-05-25;2025-06-01;2025-06-08;2025-06-15,2025-06-14;2025-06-15;2025-06-16;2025-06-17;2025-06-18;2025-06-19;2025-06-20,2025-06-20,2,10303.990009338733,49202.766675670064,-0.4211205160046231,0.7992968171747634,1.0,10
2025-06-21,2025-06-22,2025-06-20,2025-05-25;2025-06-01;2025-06-08;2025-06-15,2025-06-14;2025-06-15;2025-06-16;2025-06-17;2025-06-18;2025-06-19;2025-06-20,2025-06-20,2,10800.0,48994.12693368875,-0.40499289993776433,0.7992968171747634,1.0,10
2025-06-22,2025-06-23,2025-06-21,2025-05-26;2025-06-02;2025-06-09;2025-06-16,2025-06-15;2025-06-16;2025-06-17;2025-06-18;2025-06-19;2025-06-20;2025-06-21,2025-06-21,2,1200.0,52580.88477266507,-0.4544192997661961,0.7992968171674875,1.0,10
2025-06-22,2025-06-23,2025-06-21,2025-05-26;2025-06-02;2025-06-09;2025-06-16,2025-06-15;2025-06-16;2025-06-17;2025-06-18;2025-06-19;2025-06-20;2025-06-21,2025-06-21,2,2850.385326518956,51831.62616157725,-0.4534706164681456,0.7992968171674875,1.0,10
2025-06-22,2025-06-23,2025-06-21,2025-05-26;2025-06-02;2025-06-09;2025-06-16,2025-06-15;2025-06-16;2025-06-17;2025-06-18;2025-06-19;2025-06-20;2025-06-21,2025-06-21,2,3709.580558841014,51442.113140743015,-0.4525219331700951,0.7992968171674875,1.0,10
2025-06-22,2025-06-23,2025-06-21,2025-05-26;2025-06-02;2025-06-09;2025-06-16,2025-06-15;2025-06-16;2025-06-17;2025-06-18;2025-06-19;2025-06-20;2025-06-21,2025-06-21,2,5876.908642692508,50462.91782824288,-0.45104620359534986,0.7992968171674875,1.0,10
2025-06-22,2025-06-23,2025-06-21,2025-05-26;2025-06-02;2025-06-09;2025-06-16,2025-06-15;2025-06-16;2025-06-17;2025-06-18;2025-06-19;2025-06-20;2025-06-21,2025-06-21,2,7916.746839258588,49544.40067138002,-0.4499921110419604,0.7992968171674875,1.0,10
2025-06-22,2025-06-23,2025-06-21,2025-05-26;2025-06-02;2025-06-09;2025-06-16,2025-06-15;2025-06-16;2025-06-17;2025-06-18;2025-06-19;2025-06-20;2025-06-21,2025-06-21,2,8527.11293175291,49269.95949491007,-0.44777851667984253,0.7992968171674875,1.0,10
2025-06-22,2025-06-23,2025-06-21,2025-05-26;2025-06-02;2025-06-09;2025-06-16,2025-06-15;2025-06-16;2025-06-17;2025-06-18;2025-06-19;2025-06-20;2025-06-21,2025-06-21,2,9681.587080031233,48753.15710002961,-0.44746228891382567,0.7992968171674875,1.0,10
2025-06-22,2025-06-23,2025-06-21,2025-05-26;2025-06-02;2025-06-09;2025-06-16,2025-06-15;2025-06-16;2025-06-17;2025-06-18;2025-06-19;2025-06-20;2025-06-21,2025-06-21,2,10009.430584957972,48606.45949490956,-0.4211205160046231,0.7992968171674875,1.0,10
2025-06-22,2025-06-23,2025-06-21,2025-05-26;2025-06-02;2025-06-09;2025-06-16,2025-06-15;2025-06-16;2025-06-17;2025-06-18;2025-06-19;2025-06-20;2025-06-21,2025-06-21,2,10304.840435365946,48482.056346272904,-0.4211205160046231,0.7992968171674875,1.0,10
2025-06-22,2025-06-23,2025-06-21,2025-05-26;2025-06-02;2025-06-09;2025-06-16,2025-06-15;2025-06-16;2025-06-17;2025-06-18;2025-06-19;2025-06-20;2025-06-21,2025-06-21,2,10800.0,48273.73861906525,-0.40499289993776433,0.7992968171674875,1.0,10
2025-06-23,2025-06-24,2025-06-22,2025-05-27;2025-06-03;2025-06-10;2025-06-17,2025-06-16;2025-06-17;2025-06-18;2025-06-19;2025-06-20;2025-06-21;2025-06-22,2025-06-22,2,1200.0,52250.5683748812,-0.4544192997661961,0.7992968171747634,1.0,10
2025-06-23,2025-06-24,2025-06-22,2025-05-27;2025-06-03;2025-06-10;2025-06-17,2025-06-16;2025-06-17;2025-06-18;2025-06-19;2025-06-20;2025-06-21;2025-06-22,2025-06-22,2,2850.3853265227904,51501.309763791636,-0.4534706164681456,0.7992968171747634,1.0,10
2025-06-23,2025-06-24,2025-06-22,2025-05-27;2025-06-03;2025-06-10;2025-06-17,2025-06-16;2025-06-17;2025-06-18;2025-06-19;2025-06-20;2025-06-21;2025-06-22,2025-06-22,2,3709.580558841014,51111.79674295914,-0.4525219331700951,0.7992968171747634,1.0,10
2025-06-23,2025-06-24,2025-06-22,2025-05-27;2025-06-03;2025-06-10;2025-06-17,2025-06-16;2025-06-17;2025-06-18;2025-06-19;2025-06-20;2025-06-21;2025-06-22,2025-06-22,2,5876.908642692508,50132.601430459006,-0.45104620359534986,0.7992968171747634,1.0,10
2025-06-23,2025-06-24,2025-06-22,2025-05-27;2025-06-03;2025-06-10;2025-06-17,2025-06-16;2025-06-17;2025-06-18;2025-06-19;2025-06-20;2025-06-21;2025-06-22,2025-06-22,2,7916.746839258588,49214.08427359615,-0.4499921110419604,0.7992968171747634,1.0,10
2025-06-23,2025-06-24,2025-06-22,2025-05-27;2025-06-03;2025-06-10;2025-06-17,2025-06-16;2025-06-17;2025-06-18;2025-06-19;2025-06-20;2025-06-21;2025-06-22,2025-06-22,2,8527.11293175291,48939.643097126194,-0.44777851667984253,0.7992968171747634,1.0,10
2025-06-23,2025-06-24,2025-06-22,2025-05-27;2025-06-03;2025-06-10;2025-06-17,2025-06-16;2025-06-17;2025-06-18;2025-06-19;2025-06-20;2025-06-21;2025-06-22,2025-06-22,2,9681.416810446904,48422.916891463676,-0.44746228891382567,0.7992968171747634,1.0,10
2025-06-23,2025-06-24,2025-06-22,2025-05-27;2025-06-03;2025-06-10;2025-06-17,2025-06-16;2025-06-17;2025-06-18;2025-06-19;2025-06-20;2025-06-21;2025-06-22,2025-06-22,2,10009.430584957698,48276.14309712581,-0.4211205160046231,0.7992968171747634,1.0,10
2025-06-23,2025-06-24,2025-06-22,2025-05-27;2025-06-03;2025-06-10;2025-06-17,2025-06-16;2025-06-17;2025-06-18;2025-06-19;2025-06-20;2025-06-21;2025-06-22,2025-06-22,2,10304.642273519106,48151.82339850823,-0.4211205160046231,0.7992968171747634,1.0,10
2025-06-23,2025-06-24,2025-06-22,2025-05-27;2025-06-03;2025-06-10;2025-06-17,2025-06-16;2025-06-17;2025-06-18;2025-06-19;2025-06-20;2025-06-21;2025-06-22,2025-06-22,2,10800.0,47943.43063709393,-0.40499289993776433,0.7992968171747634,1.0,10
2025-06-24,2025-06-25,2025-06-23,2025-05-28;2025-06-04;2025-06-11;2025-06-18,2025-06-17;2025-06-18;2025-06-19;2025-06-20;2025-06-21;2025-06-22;2025-06-23,2025-06-23,2,1200.0,51808.780780577385,-0.4544192997661961,0.7992968171674875,1.0,10
2025-06-24,2025-06-25,2025-06-23,2025-05-28;2025-06-04;2025-06-11;2025-06-18,2025-06-17;2025-06-18;2025-06-19;2025-06-20;2025-06-21;2025-06-22;2025-06-23,2025-06-23,2,2850.385326515121,51059.52216949131,-0.4534706164681456,0.7992968171674875,1.0,10
2025-06-24,2025-06-25,2025-06-23,2025-05-28;2025-06-04;2025-06-11;2025-06-18,2025-06-17;2025-06-18;2025-06-19;2025-06-20;2025-06-21;2025-06-22;2025-06-23,2025-06-23,2,3709.580558838857,50670.00914865631,-0.4525219331700951,0.7992968171674875,1.0,10
2025-06-24,2025-06-25,2025-06-23,2025-05-28;2025-06-04;2025-06-11;2025-06-18,2025-06-17;2025-06-18;2025-06-19;2025-06-20;2025-06-21;2025-06-22;2025-06-23,2025-06-23,2,5876.908642691462,49690.81383615567,-0.45104620359534986,0.7992968171674875,1.0,10
2025-06-24,2025-06-25,2025-06-23,2025-05-28;2025-06-04;2025-06-11;2025-06-18,2025-06-17;2025-06-18;2025-06-19;2025-06-20;2025-06-21;2025-06-22;2025-06-23,2025-06-23,2,7916.746839258588,48772.29667929234,-0.4499921110419604,0.7992968171674875,1.0,10
2025-06-24,2025-06-25,2025-06-23,2025-05-28;2025-06-04;2025-06-11;2025-06-18,2025-06-17;2025-06-18;2025-06-19;2025-06-20;2025-06-21;2025-06-22;2025-06-23,2025-06-23,2,8527.11293175291,48497.855502822385,-0.44777851667984253,0.7992968171674875,1.0,10
2025-06-24,2025-06-25,2025-06-23,2025-05-28;2025-06-04;2025-06-11;2025-06-18,2025-06-17;2025-06-18;2025-06-19;2025-06-20;2025-06-21;2025-06-22;2025-06-23,2025-06-23,2,9724.794712272293,47961.7193219208,-0.44746228891382567,0.7992968171674875,1.0,10
2025-06-24,2025-06-25,2025-06-23,2025-05-28;2025-06-04;2025-06-11;2025-06-18,2025-06-17;2025-06-18;2025-06-19;2025-06-20;2025-06-21;2025-06-22;2025-06-23,2025-06-23,2,10009.430584957698,47834.355502822,-0.4211205160046231,0.7992968171674875,1.0,10
2025-06-24,2025-06-25,2025-06-23,2025-05-28;2025-06-04;2025-06-11;2025-06-18,2025-06-17;2025-06-18;2025-06-19;2025-06-20;2025-06-21;2025-06-22;2025-06-23,2025-06-23,2,10326.88214847982,47700.67013658509,-0.4211205160046231,0.7992968171674875,1.0,10
2025-06-24,2025-06-25,2025-06-23,2025-05-28;2025-06-04;2025-06-11;2025-06-18,2025-06-17;2025-06-18;2025-06-19;2025-06-20;2025-06-21;2025-06-22;2025-06-23,2025-06-23,2,10800.0,47501.64109079751,-0.4030006650118583,0.7992968171674875,1.0,10
2025-06-25,2025-06-26,2025-06-24,2025-05-29;2025-06-05;2025-06-12;2025-06-19,2025-06-18;2025-06-19;2025-06-20;2025-06-21;2025-06-22;2025-06-23;2025-06-24,2025-06-24,2,1200.0,53786.17016292912,-0.4544192997661961,0.7992968171747634,1.0,10
2025-06-25,2025-06-26,2025-06-24,2025-05-29;2025-06-05;2025-06-12;2025-06-19,2025-06-18;2025-06-19;2025-06-20;2025-06-21;2025-06-22;2025-06-23;2025-06-24,2025-06-24,2,2850.385326518956,53036.91155184131,-0.4534706164681456,0.7992968171747634,1.0,10
2025-06-25,2025-06-26,2025-06-24,2025-05-29;2025-06-05;2025-06-12;2025-06-19,2025-06-18;2025-06-19;2025-06-20;2025-06-21;2025-06-22;2025-06-23;2025-06-24,2025-06-24,2,3709.580558838857,52647.39853100804,-0.4525219331700951,0.7992968171747634,1.0,10
2025-06-25,2025-06-26,2025-06-24,2025-05-29;2025-06-05;2025-06-12;2025-06-19,2025-06-18;2025-06-19;2025-06-20;2025-06-21;2025-06-22;2025-06-23;2025-06-24,2025-06-24,2,5876.908642691462,51668.203218507406,-0.45104620359534986,0.7992968171747634,1.0,10
2025-06-25,2025-06-26,2025-06-24,2025-05-29;2025-06-05;2025-06-12;2025-06-19,2025-06-18;2025-06-19;2025-06-20;2025-06-21;2025-06-22;2025-06-23;2025-06-24,2025-06-24,2,7916.746839258588,50749.686061644075,-0.4499921110419604,0.7992968171747634,1.0,10
2025-06-25,2025-06-26,2025-06-24,2025-05-29;2025-06-05;2025-06-12;2025-06-19,2025-06-18;2025-06-19;2025-06-20;2025-06-21;2025-06-22;2025-06-23;2025-06-24,2025-06-24,2,8527.11293175291,50475.24488517412,-0.44777851667984253,0.7992968171747634,1.0,10
2025-06-25,2025-06-26,2025-06-24,2025-05-29;2025-06-05;2025-06-12;2025-06-19,2025-06-18;2025-06-19;2025-06-20;2025-06-21;2025-06-22;2025-06-23;2025-06-24,2025-06-24,2,9723.353294050517,49939.75368456933,-0.44746228891382567,0.7992968171747634,1.0,10
2025-06-25,2025-06-26,2025-06-24,2025-05-29;2025-06-05;2025-06-12;2025-06-19,2025-06-18;2025-06-19;2025-06-20;2025-06-21;2025-06-22;2025-06-23;2025-06-24,2025-06-24,2,10009.430584957972,49811.74488517361,-0.4211205160046231,0.7992968171747634,1.0,10
2025-06-25,2025-06-26,2025-06-24,2025-05-29;2025-06-05;2025-06-12;2025-06-19,2025-06-18;2025-06-19;2025-06-20;2025-06-21;2025-06-22;2025-06-23;2025-06-24,2025-06-24,2,10325.215188288777,49678.76151007263,-0.4211205160046231,0.7992968171747634,1.0,10
2025-06-25,2025-06-26,2025-06-24,2025-05-29;2025-06-05;2025-06-12;2025-06-19,2025-06-18;2025-06-19;2025-06-20;2025-06-21;2025-06-22;2025-06-23;2025-06-24,2025-06-24,2,10800.0,49479.10458890632,-0.4030006650118583,0.7992968171747634,1.0,10
2025-06-26,2025-06-27,2025-06-25,2025-05-30;2025-06-06;2025-06-13;2025-06-20,2025-06-19;2025-06-20;2025-06-21;2025-06-22;2025-06-23;2025-06-24;2025-06-25,2025-06-25,2,1200.0,22489.58950375352,-0.4499921110419604,0.9888010012546147,1.0,12
2025-06-26,2025-06-27,2025-06-25,2025-05-30;2025-06-06;2025-06-13;2025-06-20,2025-06-19;2025-06-20;2025-06-21;2025-06-22;2025-06-23;2025-06-24;2025-06-25,2025-06-25,2,2613.8447833733767,21856.54358192075,-0.44746228891382567,0.9888010012546147,1.0,12
2025-06-26,2025-06-27,2025-06-25,2025-05-30;2025-06-06;2025-06-13;2025-06-20,2025-06-19;2025-06-20;2025-06-21;2025-06-22;2025-06-23;2025-06-24;2025-06-25,2025-06-25,2,2841.8936530971437,21754.500312689943,-0.4335482672090848,0.9888010012546147,1.0,12
2025-06-26,2025-06-27,2025-06-25,2025-05-30;2025-06-06;2025-06-13;2025-06-20,2025-06-19;2025-06-20;2025-06-21;2025-06-22;2025-06-23;2025-06-24;2025-06-25,2025-06-25,2,3056.932079584187,21661.270775503115,-0.4335482672090848,0.9888010012546147,1.0,12
2025-06-26,2025-06-27,2025-06-25,2025-05-30;2025-06-06;2025-06-13;2025-06-20,2025-06-19;2025-06-20;2025-06-21;2025-06-22;2025-06-23;2025-06-24;2025-06-25,2025-06-25,2,3298.8029511865307,21556.40807823157,-0.4211205160046231,0.9888010012546147,1.0,12
2025-06-26,2025-06-27,2025-06-25,2025-05-30;2025-06-06;2025-06-13;2025-06-20,2025-06-19;2025-06-20;2025-06-21;2025-06-22;2025-06-23;2025-06-24;2025-06-25,2025-06-25,2,3495.799496783466,21473.44879129866,-0.4211205160046231,0.9888010012546147,1.0,12
2025-06-26,2025-06-27,2025-06-25,2025-05-30;2025-06-06;2025-06-13;2025-06-20,2025-06-19;2025-06-20;2025-06-21;2025-06-22;2025-06-23;2025-06-24;2025-06-25,2025-06-25,2,4082.311939357025,21227.044516384638,-0.41950775439793714,0.9888010012546147,1.0,12
2025-06-26,2025-06-27,2025-06-25,2025-05-30;2025-06-06;2025-06-13;2025-06-20,2025-06-19;2025-06-20;2025-06-21;2025-06-22;2025-06-23;2025-06-24;2025-06-25,2025-06-25,2,5053.708935654215,20821.43597618006,-0.4169463094932008,0.9888010012546147,1.0,12
2025-06-26,2025-06-27,2025-06-25,2025-05-30;2025-06-06;2025-06-13;2025-06-20,2025-06-19;2025-06-20;2025-06-21;2025-06-22;2025-06-23;2025-06-24;2025-06-25,2025-06-25,2,7039.046264366761,19995.641864694295,-0.4149540745672947,0.9888010012546147,1.0,12
2025-06-26,2025-06-27,2025-06-25,2025-05-30;2025-06-06;2025-06-13;2025-06-20,2025-06-19;2025-06-20;2025-06-21;2025-06-22;2025-06-23;2025-06-24;2025-06-25,2025-06-25,2,8201.453163897699,19513.846987427314,-0.4140053912692442,0.9888010012546147,1.0,12
2025-06-26,2025-06-27,2025-06-25,2025-05-30;2025-06-06;2025-06-13;2025-06-20,2025-06-19;2025-06-20;2025-06-21;2025-06-22;2025-06-23;2025-06-24;2025-06-25,2025-06-25,2,9785.300351965305,18858.777166121363,-0.4132464446308038,0.9888010012546147,1.0,12
2025-06-26,2025-06-27,2025-06-25,2025-05-30;2025-06-06;2025-06-13;2025-06-20,2025-06-19;2025-06-20;2025-06-21;2025-06-22;2025-06-23;2025-06-24;2025-06-25,2025-06-25,2,10800.0,18439.69176417416,-0.4030006650118583,0.9888010012546147,1.0,12
2025-06-27,2025-06-28,2025-06-26,2025-05-31;2025-06-07;2025-06-14;2025-06-21,2025-06-20;2025-06-21;2025-06-22;2025-06-23;2025-06-24;2025-06-25;2025-06-26,2025-06-26,2,1200.0,22534.088970902092,-0.4499921110419604,0.45573165531095583,1.0,13
2025-06-27,2025-06-28,2025-06-26,2025-05-31;2025-06-07;2025-06-14;2025-06-21,2025-06-20;2025-06-21;2025-06-22;2025-06-23;2025-06-24;2025-06-25;2025-06-26,2025-06-26,2,2664.6248231339687,21878.192431778654,-0.44746228891382567,0.45573165531095583,1.0,13
2025-06-27,2025-06-28,2025-06-26,2025-05-31;2025-06-07;2025-06-14;2025-06-21,2025-06-20;2025-06-21;2025-06-22;2025-06-23;2025-06-24;2025-06-25;2025-06-26,2025-06-26,2,2892.673692857555,21776.149162547925,-0.4335482672090848,0.45573165531095583,1.0,13
2025-06-27,2025-06-28,2025-06-26,2025-05-31;2025-06-07;2025-06-14;2025-06-21,2025-06-20;2025-06-21;2025-06-22;2025-06-23;2025-06-24;2025-06-25;2025-06-26,2025-06-26,2,3107.7473734018567,21682.904341025664,-0.4335482672090848,0.45573165531095583,1.0,13
2025-06-27,2025-06-28,2025-06-26,2025-05-31;2025-06-07;2025-06-14;2025-06-21,2025-06-20;2025-06-21;2025-06-22;2025-06-23;2025-06-24;2025-06-25;2025-06-26,2025-06-26,2,3346.399230127625,21579.437242075976,-0.4211205160046231,0.45573165531095583,1.0,13
2025-06-27,2025-06-28,2025-06-26,2025-05-31;2025-06-07;2025-06-14;2025-06-21,2025-06-20;2025-06-21;2025-06-22;2025-06-23;2025-06-24;2025-06-25;2025-06-26,2025-06-26,2,3546.6497089052887,21495.107657122953,-0.4211205160046231,0.45573165531095583,1.0,13
2025-06-27,2025-06-28,2025-06-26,2025-05-31;2025-06-07;2025-06-14;2025-06-21,2025-06-20;2025-06-21;2025-06-22;2025-06-23;2025-06-24;2025-06-25;2025-06-26,2025-06-26,2,4142.849997993326,21244.62554440548,-0.41950775439793714,0.45573165531095583,1.0,13
2025-06-27,2025-06-28,2025-06-26,2025-05-31;2025-06-07;2025-06-14;2025-06-21,2025-06-20;2025-06-21;2025-06-22;2025-06-23;2025-06-24;2025-06-25;2025-06-26,2025-06-26,2,5101.04418641608,20844.519953099396,-0.4169463094932008,0.45573165531095583,1.0,13
2025-06-27,2025-06-28,2025-06-26,2025-05-31;2025-06-07;2025-06-14;2025-06-21,2025-06-20;2025-06-21;2025-06-22;2025-06-23;2025-06-24;2025-06-25;2025-06-26,2025-06-26,2,6138.079345733603,20412.460113531408,-0.4163770995143705,0.45573165531095583,1.0,13
2025-06-27,2025-06-28,2025-06-26,2025-05-31;2025-06-07;2025-06-14;2025-06-21,2025-06-20;2025-06-21;2025-06-22;2025-06-23;2025-06-24;2025-06-25;2025-06-26,2025-06-26,2,7160.8548600073855,19987.727103591693,-0.4149540745672947,0.45573165531095583,1.0,13
2025-06-27,2025-06-28,2025-06-26,2025-05-31;2025-06-07;2025-06-14;2025-06-21,2025-06-20;2025-06-21;2025-06-22;2025-06-23;2025-06-24;2025-06-25;2025-06-26,2025-06-26,2,8354.092959993448,19493.147226381872,-0.4140053912692442,0.45573165531095583,1.0,13
2025-06-27,2025-06-28,2025-06-26,2025-05-31;2025-06-07;2025-06-14;2025-06-21,2025-06-20;2025-06-21;2025-06-22;2025-06-23;2025-06-24;2025-06-25;2025-06-26,2025-06-26,2,9824.38924219811,18884.993380898573,-0.4132464446308038,0.45573165531095583,1.0,13
2025-06-27,2025-06-28,2025-06-26,2025-05-31;2025-06-07;2025-06-14;2025-06-21,2025-06-20;2025-06-21;2025-06-22;2025-06-23;2025-06-24;2025-06-25;2025-06-26,2025-06-26,2,10800.0,18481.966879441236,-0.4030006650118583,0.45573165531095583,1.0,13
2025-06-28,2025-06-29,2025-06-27,2025-06-01;2025-06-08;2025-06-15;2025-06-22,2025-06-21;2025-06-22;2025-06-23;2025-06-24;2025-06-25;2025-06-26;2025-06-27,2025-06-27,2,1200.0,54863.32465642541,-0.4544192997661961,0.7992968171747634,1.0,10
2025-06-28,2025-06-29,2025-06-27,2025-06-01;2025-06-08;2025-06-15;2025-06-22,2025-06-21;2025-06-22;2025-06-23;2025-06-24;2025-06-25;2025-06-26;2025-06-27,2025-06-27,2,2850.385326518956,54114.0660453376,-0.4534706164681456,0.7992968171747634,1.0,10
2025-06-28,2025-06-29,2025-06-27,2025-06-01;2025-06-08;2025-06-15;2025-06-22,2025-06-21;2025-06-22;2025-06-23;2025-06-24;2025-06-25;2025-06-26;2025-06-27,2025-06-27,2,3709.580558838857,53724.55302450433,-0.4525219331700951,0.7992968171747634,1.0,10
2025-06-28,2025-06-29,2025-06-27,2025-06-01;2025-06-08;2025-06-15;2025-06-22,2025-06-21;2025-06-22;2025-06-23;2025-06-24;2025-06-25;2025-06-26;2025-06-27,2025-06-27,2,5876.908642691462,52745.35771200369,-0.45104620359534986,0.7992968171747634,1.0,10
2025-06-28,2025-06-29,2025-06-27,2025-06-01;2025-06-08;2025-06-15;2025-06-22,2025-06-21;2025-06-22;2025-06-23;2025-06-24;2025-06-25;2025-06-26;2025-06-27,2025-06-27,2,7916.746839258588,51826.84055514036,-0.4499921110419604,0.7992968171747634,1.0,10
2025-06-28,2025-06-29,2025-06-27,2025-06-01;2025-06-08;2025-06-15;2025-06-22,2025-06-21;2025-06-22;2025-06-23;2025-06-24;2025-06-25;2025-06-26;2025-06-27,2025-06-27,2,8527.11293175291,51552.39937867041,-0.44777851667984253,0.7992968171747634,1.0,10
2025-06-28,2025-06-29,2025-06-27,2025-06-01;2025-06-08;2025-06-15;2025-06-22,2025-06-21;2025-06-22;2025-06-23;2025-06-24;2025-06-25;2025-06-26;2025-06-27,2025-06-27,2,9679.47908785439,51036.54023079442,-0.44746228891382567,0.7992968171747634,1.0,10
2025-06-28,2025-06-29,2025-06-27,2025-06-01;2025-06-08;2025-06-15;2025-06-22,2025-06-21;2025-06-22;2025-06-23;2025-06-24;2025-06-25;2025-06-26;2025-06-27,2025-06-27,2,10009.430584957698,50888.899378670016,-0.4211205160046231,0.7992968171747634,1.0,10
2025-06-28,2025-06-29,2025-06-27,2025-06-01;2025-06-08;2025-06-15;2025-06-22,2025-06-21;2025-06-22;2025-06-23;2025-06-24;2025-06-25;2025-06-26;2025-06-27,2025-06-27,2,10302.387128015107,50765.529368090756,-0.4211205160046231,0.7992968171747634,1.0,10
2025-06-28,2025-06-29,2025-06-27,2025-06-01;2025-06-08;2025-06-15;2025-06-22,2025-06-21;2025-06-22;2025-06-23;2025-06-24;2025-06-25;2025-06-26;2025-06-27,2025-06-27,2,10800.0,50556.28269328975,-0.40499289993776433,0.7992968171747634,1.0,10
2025-06-29,2025-06-30,2025-06-28,2025-06-02;2025-06-09;2025-06-16;2025-06-23,2025-06-22;2025-06-23;2025-06-24;2025-06-25;2025-06-26;2025-06-27;2025-06-28,2025-06-28,2,1200.0,55294.58629230611,-0.4544192997661961,0.7992968171747634,1.0,10
2025-06-29,2025-06-30,2025-06-28,2025-06-02;2025-06-09;2025-06-16;2025-06-23,2025-06-22;2025-06-23;2025-06-24;2025-06-25;2025-06-26;2025-06-27;2025-06-28,2025-06-28,2,2850.3853265227904,54545.32768121656,-0.4534706164681456,0.7992968171747634,1.0,10
2025-06-29,2025-06-30,2025-06-28,2025-06-02;2025-06-09;2025-06-16;2025-06-23,2025-06-22;2025-06-23;2025-06-24;2025-06-25;2025-06-26;2025-06-27;2025-06-28,2025-06-28,2,3709.580558841014,54155.81466038404,-0.4525219331700951,0.7992968171747634,1.0,10
2025-06-29,2025-06-30,2025-06-28,2025-06-02;2025-06-09;2025-06-16;2025-06-23,2025-06-22;2025-06-23;2025-06-24;2025-06-25;2025-06-26;2025-06-27;2025-06-28,2025-06-28,2,5876.908642692508,53176.61934788391,-0.45104620359534986,0.7992968171747634,1.0,10
2025-06-29,2025-06-30,2025-06-28,2025-06-02;2025-06-09;2025-06-16;2025-06-23,2025-06-22;2025-06-23;2025-06-24;2025-06-25;2025-06-26;2025-06-27;2025-06-28,2025-06-28,2,7916.746839258588,52258.102191021055,-0.4499921110419604,0.7992968171747634,1.0,10
2025-06-29,2025-06-30,2025-06-28,2025-06-02;2025-06-09;2025-06-16;2025-06-23,2025-06-22;2025-06-23;2025-06-24;2025-06-25;2025-06-26;2025-06-27;2025-06-28,2025-06-28,2,8527.11293175291,51983.6610145511,-0.44777851667984253,0.7992968171747634,1.0,10
2025-06-29,2025-06-30,2025-06-28,2025-06-02;2025-06-09;2025-06-16;2025-06-23,2025-06-22;2025-06-23;2025-06-24;2025-06-25;2025-06-26;2025-06-27;2025-06-28,2025-06-28,2,9723.239426689972,51448.22076529609,-0.44746228891382567,0.7992968171747634,1.0,10
2025-06-29,2025-06-30,2025-06-28,2025-06-02;2025-06-09;2025-06-16;2025-06-23,2025-06-22;2025-06-23;2025-06-24;2025-06-25;2025-06-26;2025-06-27;2025-06-28,2025-06-28,2,10009.430584957698,51320.16101455071,-0.4211205160046231,0.7992968171747634,1.0,10
2025-06-29,2025-06-30,2025-06-28,2025-06-02;2025-06-09;2025-06-16;2025-06-23,2025-06-22;2025-06-23;2025-06-24;2025-06-25;2025-06-26;2025-06-27;2025-06-28,2025-06-28,2,10325.083503844624,51187.233094470685,-0.4211205160046231,0.7992968171747634,1.0,10
2025-06-29,2025-06-30,2025-06-28,2025-06-02;2025-06-09;2025-06-16;2025-06-23,2025-06-22;2025-06-23;2025-06-24;2025-06-25;2025-06-26;2025-06-27;2025-06-28,2025-06-28,2,10800.0,50987.526573187526,-0.4030006650118583,0.7992968171747634,1.0,10
2025-06-30,2025-07-01,2025-06-29,2025-06-03;2025-06-10;2025-06-17;2025-06-24,2025-06-23;2025-06-24;2025-06-25;2025-06-26;2025-06-27;2025-06-28;2025-06-29,2025-06-29,2,1200.0,54664.43780001049,-0.4544192997661961,0.9984123167087091,1.0,9
2025-06-30,2025-07-01,2025-06-29,2025-06-03;2025-06-10;2025-06-17;2025-06-24,2025-06-23;2025-06-24;2025-06-25;2025-06-26;2025-06-27;2025-06-28;2025-06-29,2025-06-29,2,3710.7206580467046,53525.1965049837,-0.45297368712154773,0.9984123167087091,1.0,9
2025-06-30,2025-07-01,2025-06-29,2025-06-03;2025-06-10;2025-06-17;2025-06-24,2025-06-23;2025-06-24;2025-06-25;2025-06-26;2025-06-27;2025-06-28;2025-06-29,2025-06-29,2,5859.894630638518,52554.14111546891,-0.45104620359534986,0.9984123167087091,1.0,9
2025-06-30,2025-07-01,2025-06-29,2025-06-03;2025-06-10;2025-06-17;2025-06-24,2025-06-23;2025-06-24;2025-06-25;2025-06-26;2025-06-27;2025-06-28;2025-06-29,2025-06-29,2,7882.6466048425455,51643.30711241622,-0.4499921110419604,0.9984123167087091,1.0,9
2025-06-30,2025-07-01,2025-06-29,2025-06-03;2025-06-10;2025-06-17;2025-06-24,2025-06-23;2025-06-24;2025-06-25;2025-06-26;2025-06-27;2025-06-28;2025-06-29,2025-06-29,2,8483.714842062007,51373.06238269802,-0.44777851667984253,0.9984123167087091,1.0,9
2025-06-30,2025-07-01,2025-06-29,2025-06-03;2025-06-10;2025-06-17;2025-06-24,2025-06-23;2025-06-24;2025-06-25;2025-06-26;2025-06-27;2025-06-28;2025-06-29,2025-06-29,2,9683.026872417851,50836.18424124466,-0.44746228891382567,0.9984123167087091,1.0,9
2025-06-30,2025-07-01,2025-06-29,2025-06-03;2025-06-10;2025-06-17;2025-06-24,2025-06-23;2025-06-24;2025-06-25;2025-06-26;2025-06-27;2025-06-28;2025-06-29,2025-06-29,2,10009.73487304986,50690.133984716194,-0.4244849535580665,0.9984123167087091,1.0,9
2025-06-30,2025-07-01,2025-06-29,2025-06-03;2025-06-10;2025-06-17;2025-06-24,2025-06-23;2025-06-24;2025-06-25;2025-06-26;2025-06-27;2025-06-28;2025-06-29,2025-06-29,2,10306.171227440227,50565.15930095199,-0.421120516004623,0.9984123167087091,1.0,9
2025-06-30,2025-07-01,2025-06-29,2025-06-03;2025-06-10;2025-06-17;2025-06-24,2025-06-23;2025-06-24;2025-06-25;2025-06-26;2025-06-27;2025-06-28;2025-06-29,2025-06-29,2,10800.0,50357.45890475036,-0.4047794461957029,0.9984123167087091,1.0,9
2025-07-01,2025-07-02,2025-06-30,2025-06-04;2025-06-11;2025-06-18;2025-06-25,2025-06-24;2025-06-25;2025-06-26;2025-06-27;2025-06-28;2025-06-29;2025-06-30,2025-06-30,2,1200.0,54944.90874081244,-0.4544192997661961,0.9984123167087091,1.0,9
2025-07-01,2025-07-02,2025-06-30,2025-06-04;2025-06-11;2025-06-18;2025-06-25,2025-06-24;2025-06-25;2025-06-26;2025-06-27;2025-06-28;2025-06-29;2025-06-30,2025-06-30,2,3710.7206580445477,53805.66744578664,-0.45297368712154773,0.9984123167087091,1.0,9
2025-07-01,2025-07-02,2025-06-30,2025-06-04;2025-06-11;2025-06-18;2025-06-25,2025-06-24;2025-06-25;2025-06-26;2025-06-27;2025-06-28;2025-06-29;2025-06-30,2025-06-30,2,5859.894630637472,52834.61205627134,-0.45104620359534986,0.9984123167087091,1.0,9
2025-07-01,2025-07-02,2025-06-30,2025-06-04;2025-06-11;2025-06-18;2025-06-25,2025-06-24;2025-06-25;2025-06-26;2025-06-27;2025-06-28;2025-06-29;2025-06-30,2025-06-30,2,7882.6466048425455,51923.778053218186,-0.4499921110419604,0.9984123167087091,1.0,9
2025-07-01,2025-07-02,2025-06-30,2025-06-04;2025-06-11;2025-06-18;2025-06-25,2025-06-24;2025-06-25;2025-06-26;2025-06-27;2025-06-28;2025-06-29;2025-06-30,2025-06-30,2,8483.714842064883,51653.53332349869,-0.44777851667984253,0.9984123167087091,1.0,9
2025-07-01,2025-07-02,2025-06-30,2025-06-04;2025-06-11;2025-06-18;2025-06-25,2025-06-24;2025-06-25;2025-06-26;2025-06-27;2025-06-28;2025-06-29;2025-06-30,2025-06-30,2,9682.915398650228,51116.70506235382,-0.44746228891382567,0.9984123167087091,1.0,9
2025-07-01,2025-07-02,2025-06-30,2025-06-04;2025-06-11;2025-06-18;2025-06-25,2025-06-24;2025-06-25;2025-06-26;2025-06-27;2025-06-28;2025-06-29;2025-06-30,2025-06-30,2,10009.73487304986,50970.60492551814,-0.4244849535580665,0.9984123167087091,1.0,9
2025-07-01,2025-07-02,2025-06-30,2025-06-04;2025-06-11;2025-06-18;2025-06-25,2025-06-24;2025-06-25;2025-06-26;2025-06-27;2025-06-28;2025-06-29;2025-06-30,2025-06-30,2,10306.041584212595,50845.684837176865,-0.421120516004623,0.9984123167087091,1.0,9
2025-07-01,2025-07-02,2025-06-30,2025-06-04;2025-06-11;2025-06-18;2025-06-25,2025-06-24;2025-06-25;2025-06-26;2025-06-27;2025-06-28;2025-06-29;2025-06-30,2025-06-30,2,10800.0,50637.93537909381,-0.4047794461957029,0.9984123167087091,1.0,9
2025-07-02,2025-07-03,2025-07-01,2025-06-05;2025-06-12;2025-06-19;2025-06-26,2025-06-25;2025-06-26;2025-06-27;2025-06-28;2025-06-29;2025-06-30;2025-07-01,2025-07-01,2,1200.0,52832.66311975779,-0.4544192997661961,0.8078183144898503,1.0,10
2025-07-02,2025-07-03,2025-07-01,2025-06-05;2025-06-12;2025-06-19;2025-06-26,2025-06-25;2025-06-26;2025-06-27;2025-06-28;2025-06-29;2025-06-30;2025-07-01,2025-07-01,2,2719.9575909862306,52142.68146844706,-0.4534706164681456,0.8078183144898503,1.0,10
2025-07-02,2025-07-03,2025-07-01,2025-06-05;2025-06-12;2025-06-19;2025-06-26,2025-06-25;2025-06-26;2025-06-27;2025-06-28;2025-06-29;2025-06-30;2025-07-01,2025-07-01,2,3578.5773939636324,51753.42076248605,-0.45252193317009515,0.8078183144898503,1.0,10
2025-07-02,2025-07-03,2025-07-01,2025-06-05;2025-06-12;2025-06-19;2025-06-26,2025-06-25;2025-06-26;2025-06-27;2025-06-28;2025-06-29;2025-06-30;2025-07-01,2025-07-01,2,5704.880017979954,50792.730919695736,-0.45104620359534986,0.8078183144898503,1.0,10
2025-07-02,2025-07-03,2025-07-01,2025-06-05;2025-06-12;2025-06-19;2025-06-26,2025-06-25;2025-06-26;2025-06-27;2025-06-28;2025-06-29;2025-06-30;2025-07-01,2025-07-01,2,7706.106017054107,49891.6118853468,-0.44999211104196046,0.8078183144898503,1.0,10
2025-07-02,2025-07-03,2025-07-01,2025-06-05;2025-06-12;2025-06-19;2025-06-26,2025-06-25;2025-06-26;2025-06-27;2025-06-28;2025-06-29;2025-06-30;2025-07-01,2025-07-01,2,8309.450834380865,49620.33255022336,-0.44777851667984253,0.8078183144898503,1.0,10
2025-07-02,2025-07-03,2025-07-01,2025-06-05;2025-06-12;2025-06-19;2025-06-26,2025-06-25;2025-06-26;2025-06-27;2025-06-28;2025-06-29;2025-06-30;2025-07-01,2025-07-01,2,9673.943860868512,49009.55230447259,-0.44746228891382567,0.8078183144898503,1.0,10
2025-07-02,2025-07-03,2025-07-01,2025-06-05;2025-06-12;2025-06-19;2025-06-26,2025-06-25;2025-06-26;2025-06-27;2025-06-28;2025-06-29;2025-06-30;2025-07-01,2025-07-01,2,10008.60222569891,48860.85886632542,-0.4358371538964448,0.8078183144898503,1.0,10
2025-07-02,2025-07-03,2025-07-01,2025-06-05;2025-06-12;2025-06-19;2025-06-26,2025-06-25;2025-06-26;2025-06-27;2025-06-28;2025-06-29;2025-06-30;2025-07-01,2025-07-01,2,10315.526554061373,48730.55317500705,-0.4211205160046231,0.8078183144898503,1.0,10
2025-07-02,2025-07-03,2025-07-01,2025-06-05;2025-06-12;2025-06-19;2025-06-26,2025-06-25;2025-06-26;2025-06-27;2025-06-28;2025-06-29;2025-06-30;2025-07-01,2025-07-01,2,10800.0,48526.535705355396,-0.40442368995893396,0.8078183144898503,1.0,10
2025-07-03,2025-07-04,2025-07-02,2025-06-06;2025-06-13;2025-06-20;2025-06-27,2025-06-26;2025-06-27;2025-06-28;2025-06-29;2025-06-30;2025-07-01;2025-07-02,2025-07-02,2,1200.0,22615.378008787342,-0.44777851667984253,0.6506349522060191,1.0,10
2025-07-03,2025-07-04,2025-07-02,2025-06-06;2025-06-13;2025-06-20;2025-06-27,2025-06-26;2025-06-27;2025-06-28;2025-06-29;2025-06-30;2025-07-01;2025-07-02,2025-07-02,2,2433.927559954034,22063.098790701697,-0.44746228891382567,0.6506349522060191,1.0,10
2025-07-03,2025-07-04,2025-07-02,2025-06-06;2025-06-13;2025-06-20;2025-06-27,2025-06-26;2025-06-27;2025-06-28;2025-06-29;2025-06-30;2025-07-01;2025-07-02,2025-07-02,2,2571.333561696034,22004.987269945024,-0.4211205160046231,0.6506349522060191,1.0,10
2025-07-03,2025-07-04,2025-07-02,2025-06-06;2025-06-13;2025-06-20;2025-06-27,2025-06-26;2025-06-27;2025-06-28;2025-06-29;2025-06-30;2025-07-01;2025-07-02,2025-07-02,2,3410.705007119983,21652.339997897438,-0.41950775439793714,0.6506349522060191,1.0,10
2025-07-03,2025-07-04,2025-07-02,2025-06-06;2025-06-13;2025-06-20;2025-06-27,2025-06-26;2025-06-27;2025-06-28;2025-06-29;2025-06-30;2025-07-01;2025-07-02,2025-07-02,2,4810.015384488074,21068.33893652614,-0.4167565728335907,0.6506349522060191,1.0,10
2025-07-03,2025-07-04,2025-07-02,2025-06-06;2025-06-13;2025-06-20;2025-06-27,2025-06-26;2025-06-27;2025-06-28;2025-06-29;2025-06-30;2025-07-01;2025-07-02,2025-07-02,2,5901.796659980925,20613.564953453464,-0.41533354788651494,0.6506349522060191,1.0,10
2025-07-03,2025-07-04,2025-07-02,2025-06-06;2025-06-13;2025-06-20;2025-06-27,2025-06-26;2025-06-27;2025-06-28;2025-06-29;2025-06-30;2025-07-01;2025-07-02,2025-07-02,2,7045.080675999632,20138.92155303323,-0.4149540745672947,0.6506349522060191,1.0,10
2025-07-03,2025-07-04,2025-07-02,2025-06-06;2025-06-13;2025-06-20;2025-06-27,2025-06-26;2025-06-27;2025-06-28;2025-06-29;2025-06-30;2025-07-01;2025-07-02,2025-07-02,2,8322.86869390288,19609.247059726546,-0.4140053912692442,0.6506349522060191,1.0,10
2025-07-03,2025-07-04,2025-07-02,2025-06-06;2025-06-13;2025-06-20;2025-06-27,2025-06-26;2025-06-27;2025-06-28;2025-06-29;2025-06-30;2025-07-01;2025-07-02,2025-07-02,2,9858.628874508764,18973.90507912675,-0.41334131296060883,0.6506349522060191,1.0,10
2025-07-03,2025-07-04,2025-07-02,2025-06-06;2025-06-13;2025-06-20;2025-06-27,2025-06-26;2025-06-27;2025-06-28;2025-06-29;2025-06-30;2025-07-01;2025-07-02,2025-07-02,2,10800.0,18584.922891267754,-0.4030006650118583,0.6506349522060191,1.0,10
2025-07-04,2025-07-05,2025-07-03,2025-06-07;2025-06-14;2025-06-21;2025-06-28,2025-06-27;2025-06-28;2025-06-29;2025-06-30;2025-07-01;2025-07-02;2025-07-03,2025-07-03,2,1200.0,22631.003550954523,-0.44777851667984253,0.6551339821526199,1.0,10
2025-07-04,2025-07-05,2025-07-03,2025-06-07;2025-06-14;2025-06-21;2025-06-28,2025-06-27;2025-06-28;2025-06-29;2025-06-30;2025-07-01;2025-07-02;2025-07-03,2025-07-03,2,2478.7772599508603,22058.641600730763,-0.44746228891382567,0.6551339821526199,1.0,10
2025-07-04,2025-07-05,2025-07-03,2025-06-07;2025-06-14;2025-06-21;2025-06-28,2025-06-27;2025-06-28;2025-06-29;2025-06-30;2025-07-01;2025-07-02;2025-07-03,2025-07-03,2,2617.1092346804303,22000.14013375176,-0.4211205160046231,0.6551339821526199,1.0,10
2025-07-04,2025-07-05,2025-07-03,2025-06-07;2025-06-14;2025-06-21;2025-06-28,2025-06-27;2025-06-28;2025-06-29;2025-06-30;2025-07-01;2025-07-02;2025-07-03,2025-07-03,2,3462.1371672675796,21645.121349520658,-0.41950775439793714,0.6551339821526199,1.0,10
2025-07-04,2025-07-05,2025-07-03,2025-06-07;2025-06-14;2025-06-21;2025-06-28,2025-06-27;2025-06-28;2025-06-29;2025-06-30;2025-07-01;2025-07-02;2025-07-03,2025-07-03,2,4850.254044728978,21065.77470219906,-0.4167565728335907,0.6551339821526199,1.0,10
2025-07-04,2025-07-05,2025-07-03,2025-06-07;2025-06-14;2025-06-21;2025-06-28,2025-06-27;2025-06-28;2025-06-29;2025-06-30;2025-07-01;2025-07-02;2025-07-03,2025-07-03,2,5983.2749497622735,20593.819085883308,-0.41533354788651494,0.6551339821526199,1.0,10
2025-07-04,2025-07-05,2025-07-03,2025-06-07;2025-06-14;2025-06-21;2025-06-28,2025-06-27;2025-06-28;2025-06-29;2025-06-30;2025-07-01;2025-07-02;2025-07-03,2025-07-03,2,7142.228743533377,20112.668193908026,-0.4149540745672947,0.6551339821526199,1.0,10
2025-07-04,2025-07-05,2025-07-03,2025-06-07;2025-06-14;2025-06-21;2025-06-28,2025-06-27;2025-06-28;2025-06-29;2025-06-30;2025-07-01;2025-07-02;2025-07-03,2025-07-03,2,8437.53004245401,19575.732005795144,-0.4140053912692442,0.6551339821526199,1.0,10
2025-07-04,2025-07-05,2025-07-03,2025-06-07;2025-06-14;2025-06-21;2025-06-28,2025-06-27;2025-06-28;2025-06-29;2025-06-30;2025-07-01;2025-07-02;2025-07-03,2025-07-03,2,9886.380616355722,18976.307843628336,-0.41334131296060883,0.6551339821526199,1.0,10
2025-07-04,2025-07-05,2025-07-03,2025-06-07;2025-06-14;2025-06-21;2025-06-28,2025-06-27;2025-06-28;2025-06-29;2025-06-30;2025-07-01;2025-07-02;2025-07-03,2025-07-03,2,10800.0,18598.74663267535,-0.4030006650118583,0.6551339821526199,1.0,10
2025-07-05,2025-07-06,2025-07-04,2025-06-08;2025-06-15;2025-06-22;2025-06-29,2025-06-28;2025-06-29;2025-06-30;2025-07-01;2025-07-02;2025-07-03;2025-07-04,2025-07-04,2,1200.0,47232.76042530678,-0.4544192997661961,0.8015662098841858,1.0,10
2025-07-05,2025-07-06,2025-07-04,2025-06-08;2025-06-15;2025-06-22;2025-06-29,2025-06-28;2025-06-29;2025-06-30;2025-07-01;2025-07-02;2025-07-03;2025-07-04,2025-07-04,2,2890.3162270585913,46466.2783173567,-0.4525219331700951,0.8015662098841858,1.0,10
2025-07-05,2025-07-06,2025-07-04,2025-06-08;2025-06-15;2025-06-22;2025-06-29,2025-06-28;2025-06-29;2025-06-30;2025-07-01;2025-07-02;2025-07-03;2025-07-04,2025-07-04,2,5057.644310910941,45487.083004856184,-0.45104620359534986,0.8015662098841858,1.0,10
2025-07-05,2025-07-06,2025-07-04,2025-06-08;2025-06-15;2025-06-22;2025-06-29,2025-06-28;2025-06-29;2025-06-30;2025-07-01;2025-07-02;2025-07-03;2025-07-04,2025-07-04,2,7097.482507477827,44568.56584799296,-0.4499921110419604,0.8015662098841858,1.0,10
2025-07-05,2025-07-06,2025-07-04,2025-06-08;2025-06-15;2025-06-22;2025-06-29,2025-06-28;2025-06-29;2025-06-30;2025-07-01;2025-07-02;2025-07-03;2025-07-04,2025-07-04,2,7707.848599972662,44294.124671522775,-0.44777851667984253,0.8015662098841858,1.0,10
2025-07-05,2025-07-06,2025-07-04,2025-06-08;2025-06-15;2025-06-22;2025-06-29,2025-06-28;2025-06-29;2025-06-30;2025-07-01;2025-07-02;2025-07-03;2025-07-04,2025-07-04,2,9164.106854614269,43642.28526965119,-0.44746228891382567,0.8015662098841858,1.0,10
2025-07-05,2025-07-06,2025-07-04,2025-06-08;2025-06-15;2025-06-22;2025-06-29,2025-06-28;2025-06-29;2025-06-30;2025-07-01;2025-07-02;2025-07-03;2025-07-04,2025-07-04,2,9207.213740708215,43623.19387026532,-0.43588835267760917,0.8015662098841858,1.0,10
2025-07-05,2025-07-06,2025-07-04,2025-06-08;2025-06-15;2025-06-22;2025-06-29,2025-06-28;2025-06-29;2025-06-30;2025-07-01;2025-07-02;2025-07-03;2025-07-04,2025-07-04,2,9806.654336559313,43370.55983069271,-0.4211205160046231,0.8015662098841858,1.0,10
2025-07-05,2025-07-06,2025-07-04,2025-06-08;2025-06-15;2025-06-22;2025-06-29,2025-06-28;2025-06-29;2025-06-30;2025-07-01;2025-07-02;2025-07-03;2025-07-04,2025-07-04,2,10678.09241045803,43005.34885026621,-0.4175155194720311,0.8015662098841858,1.0,10
2025-07-05,2025-07-06,2025-07-04,2025-06-08;2025-06-15;2025-06-22;2025-06-29,2025-06-28;2025-06-29;2025-06-30;2025-07-01;2025-07-02;2025-07-03;2025-07-04,2025-07-04,2,10800.0,42954.45053969101,-0.4030006650118583,0.8015662098841858,1.0,10
2025-07-06,2025-07-07,2025-07-05,2025-06-09;2025-06-16;2025-06-23;2025-06-30,2025-06-29;2025-06-30;2025-07-01;2025-07-02;2025-07-03;2025-07-04;2025-07-05,2025-07-05,2,1200.0,46543.910647111654,-0.4544192997661961,0.8322516662810813,1.0,9
2025-07-06,2025-07-07,2025-07-05,2025-06-09;2025-06-16;2025-06-23;2025-06-30,2025-06-29;2025-06-30;2025-07-01;2025-07-02;2025-07-03;2025-07-04;2025-07-05,2025-07-05,2,2885.961873244545,45779.40724157269,-0.4525219331700951,0.8322516662810813,1.0,9
2025-07-06,2025-07-07,2025-07-05,2025-06-09;2025-06-16;2025-06-23;2025-06-30,2025-06-29;2025-06-30;2025-07-01;2025-07-02;2025-07-03;2025-07-04;2025-07-05,2025-07-05,2,5053.289957095522,44800.21192907279,-0.45104620359534986,0.8322516662810813,1.0,9
2025-07-06,2025-07-07,2025-07-05,2025-06-09;2025-06-16;2025-06-23;2025-06-30,2025-06-29;2025-06-30;2025-07-01;2025-07-02;2025-07-03;2025-07-04;2025-07-05,2025-07-05,2,7093.128153661117,43881.694772210154,-0.4499921110419604,0.8322516662810813,1.0,9
2025-07-06,2025-07-07,2025-07-05,2025-06-09;2025-06-16;2025-06-23;2025-06-30,2025-06-29;2025-06-30;2025-07-01;2025-07-02;2025-07-03;2025-07-04;2025-07-05,2025-07-05,2,7703.494246156459,43607.25359573974,-0.44777851667984253,0.8322516662810813,1.0,9
2025-07-06,2025-07-07,2025-07-05,2025-06-09;2025-06-16;2025-06-23;2025-06-30,2025-06-29;2025-06-30;2025-07-01;2025-07-02;2025-07-03;2025-07-04;2025-07-05,2025-07-05,2,9154.110497741225,42957.93877747003,-0.44746228891382567,0.8322516662810813,1.0,9
2025-07-06,2025-07-07,2025-07-05,2025-06-09;2025-06-16;2025-06-23;2025-06-30,2025-06-29;2025-06-30;2025-07-01;2025-07-02;2025-07-03;2025-07-04;2025-07-05,2025-07-05,2,9795.775162707125,42686.84277985939,-0.4211205160046231,0.8322516662810813,1.0,9
2025-07-06,2025-07-07,2025-07-05,2025-06-09;2025-06-16;2025-06-23;2025-06-30,2025-06-29;2025-06-30;2025-07-01;2025-07-02;2025-07-03;2025-07-04;2025-07-05,2025-07-05,2,10680.150100256044,42316.15395366908,-0.4175155194720311,0.8322516662810813,1.0,9
2025-07-06,2025-07-07,2025-07-05,2025-06-09;2025-06-16;2025-06-23;2025-06-30,2025-06-29;2025-06-30;2025-07-01;2025-07-02;2025-07-03;2025-07-04;2025-07-05,2025-07-05,2,10800.0,42266.114760518816,-0.4030006650118583,0.8322516662810813,1.0,9
2025-07-07,2025-07-08,2025-07-06,2025-06-10;2025-06-17;2025-06-24;2025-07-01,2025-06-30;2025-07-01;2025-07-02;2025-07-03;2025-07-04;2025-07-05;2025-07-06,2025-07-06,2,1200.0,48765.19210638391,-0.4544192997661961,0.8137340447501629,1.0,10
2025-07-07,2025-07-08,2025-07-06,2025-06-10;2025-06-17;2025-06-24;2025-07-01,2025-06-30;2025-07-01;2025-07-02;2025-07-03;2025-07-04;2025-07-05;2025-07-06,2025-07-06,2,2915.506841151972,47987.26289721684,-0.4525219331700951,0.8137340447501629,1.0,10
2025-07-07,2025-07-08,2025-07-06,2025-06-10;2025-06-17;2025-06-24;2025-07-01,2025-06-30;2025-07-01;2025-07-02;2025-07-03;2025-07-04;2025-07-05;2025-07-06,2025-07-06,2,5082.834925003798,47008.06758471656,-0.45104620359534986,0.8137340447501629,1.0,10
2025-07-07,2025-07-08,2025-07-06,2025-06-10;2025-06-17;2025-06-24;2025-07-01,2025-06-30;2025-07-01;2025-07-02;2025-07-03;2025-07-04;2025-07-05;2025-07-06,2025-07-06,2,7122.673121570192,46089.550427853566,-0.4499921110419604,0.8137340447501629,1.0,10
2025-07-07,2025-07-08,2025-07-06,2025-06-10;2025-06-17;2025-06-24;2025-07-01,2025-06-30;2025-07-01;2025-07-02;2025-07-03;2025-07-04;2025-07-05;2025-07-06,2025-07-06,2,7733.0392140660415,45815.10925138293,-0.44777851667984253,0.8137340447501629,1.0,10
2025-07-07,2025-07-08,2025-07-06,2025-06-10;2025-06-17;2025-06-24;2025-07-01,2025-06-30;2025-07-01;2025-07-02;2025-07-03;2025-07-04;2025-07-05;2025-07-06,2025-07-06,2,9111.106442588922,45198.25738503094,-0.44746228891382567,0.8137340447501629,1.0,10
2025-07-07,2025-07-08,2025-07-06,2025-06-10;2025-06-17;2025-06-24;2025-07-01,2025-06-30;2025-07-01;2025-07-02;2025-07-03;2025-07-04;2025-07-05;2025-07-06,2025-07-06,2,9220.27034924162,45149.491346438306,-0.43103952693201775,0.8137340447501629,1.0,10
2025-07-07,2025-07-08,2025-07-06,2025-06-10;2025-06-17;2025-06-24;2025-07-01,2025-06-30;2025-07-01;2025-07-02;2025-07-03;2025-07-04;2025-07-05;2025-07-06,2025-07-06,2,9770.987108165042,44917.49252780313,-0.4211205160046231,0.8137340447501629,1.0,10
2025-07-07,2025-07-08,2025-07-06,2025-06-10;2025-06-17;2025-06-24;2025-07-01,2025-06-30;2025-07-01;2025-07-02;2025-07-03;2025-07-04;2025-07-05;2025-07-06,2025-07-06,2,10670.49114773996,44540.31471259227,-0.4175155194720311,0.8137340447501629,1.0,10
2025-07-07,2025-07-08,2025-07-06,2025-06-10;2025-06-17;2025-06-24;2025-07-01,2025-06-30;2025-07-01;2025-07-02;2025-07-03;2025-07-04;2025-07-05;2025-07-06,2025-07-06,2,10800.0,44486.24275686469,-0.40499289993776433,0.8137340447501629,1.0,10
2025-07-08,2025-07-09,2025-07-07,2025-06-11;2025-06-18;2025-06-25;2025-07-02,2025-07-01;2025-07-02;2025-07-03;2025-07-04;2025-07-05;2025-07-06;2025-07-07,2025-07-07,2,1200.0,47662.830026759446,-0.4544192997661961,0.8380565615152591,1.0,10
2025-07-08,2025-07-09,2025-07-07,2025-06-11;2025-06-18;2025-06-25;2025-07-02,2025-07-01;2025-07-02;2025-07-03;2025-07-04;2025-07-05;2025-07-06;2025-07-07,2025-07-07,2,2861.8852188729807,46909.26751764073,-0.4525219331700951,0.8380565615152591,1.0,10
2025-07-08,2025-07-09,2025-07-07,2025-06-11;2025-06-18;2025-06-25;2025-07-02,2025-07-01;2025-07-02;2025-07-03;2025-07-04;2025-07-05;2025-07-06;2025-07-07,2025-07-07,2,5029.2133027229775,45930.07220514127,-0.45104620359534986,0.8380565615152591,1.0,10
2025-07-08,2025-07-09,2025-07-07,2025-06-11;2025-06-18;2025-06-25;2025-07-02,2025-07-01;2025-07-02;2025-07-03;2025-07-04;2025-07-05;2025-07-06;2025-07-07,2025-07-07,2,7069.051499287649,45011.55504827904,-0.4499921110419604,0.8380565615152591,1.0,10
2025-07-08,2025-07-09,2025-07-07,2025-06-11;2025-06-18;2025-06-25;2025-07-02,2025-07-01;2025-07-02;2025-07-03;2025-07-04;2025-07-05;2025-07-06;2025-07-07,2025-07-07,2,7679.417591781299,44737.113871809386,-0.44777851667984253,0.8380565615152591,1.0,10
2025-07-08,2025-07-09,2025-07-07,2025-06-11;2025-06-18;2025-06-25;2025-07-02,2025-07-01;2025-07-02;2025-07-03;2025-07-04;2025-07-05;2025-07-06;2025-07-07,2025-07-07,2,9068.625539027873,44115.27695395716,-0.44746228891382567,0.8380565615152591,1.0,10
2025-07-08,2025-07-09,2025-07-07,2025-06-11;2025-06-18;2025-06-25;2025-07-02,2025-07-01;2025-07-02;2025-07-03;2025-07-04;2025-07-05;2025-07-06;2025-07-07,2025-07-07,2,9175.42622919842,44067.564304283376,-0.4418650574553276,0.8380565615152591,1.0,10
2025-07-08,2025-07-09,2025-07-07,2025-06-11;2025-06-18;2025-06-25;2025-07-02,2025-07-01;2025-07-02;2025-07-03;2025-07-04;2025-07-05;2025-07-06;2025-07-07,2025-07-07,2,9734.79547305117,43831.92580806749,-0.4211205160046231,0.8380565615152591,1.0,10
2025-07-08,2025-07-09,2025-07-07,2025-06-11;2025-06-18;2025-06-25;2025-07-02,2025-07-01;2025-07-02;2025-07-03;2025-07-04;2025-07-05;2025-07-06;2025-07-07,2025-07-07,2,10664.844535185583,43441.917101656036,-0.4175155194720311,0.8380565615152591,1.0,10
2025-07-08,2025-07-09,2025-07-07,2025-06-11;2025-06-18;2025-06-25;2025-07-02,2025-07-01;2025-07-02;2025-07-03;2025-07-04;2025-07-05;2025-07-06;2025-07-07,2025-07-07,2,10800.0,43385.487597554566,-0.4052775049271795,0.8380565615152591,1.0,10
2025-07-09,2025-07-10,2025-07-08,2025-06-12;2025-06-19;2025-06-26;2025-07-03,2025-07-02;2025-07-03;2025-07-04;2025-07-05;2025-07-06;2025-07-07;2025-07-08,2025-07-08,2,1200.0,47807.03392509826,-0.4544192997661961,0.7999398822066723,1.0,9
2025-07-09,2025-07-10,2025-07-08,2025-06-12;2025-06-19;2025-06-26;2025-07-03,2025-07-02;2025-07-03;2025-07-04;2025-07-05;2025-07-06;2025-07-07;2025-07-08,2025-07-08,2,2854.282938925917,47056.92603870972,-0.4525219331700951,0.7999398822066723,1.0,9
2025-07-09,2025-07-10,2025-07-08,2025-06-12;2025-06-19;2025-06-26;2025-07-03,2025-07-02;2025-07-03;2025-07-04;2025-07-05;2025-07-06;2025-07-07;2025-07-08,2025-07-08,2,5021.611022777352,46077.7307262096,-0.45104620359534986,0.7999398822066723,1.0,9
2025-07-09,2025-07-10,2025-07-08,2025-06-12;2025-06-19;2025-06-26;2025-07-03,2025-07-02;2025-07-03;2025-07-04;2025-07-05;2025-07-06;2025-07-07;2025-07-08,2025-07-08,2,7061.449219343377,45159.21356934677,-0.4499921110419604,0.7999398822066723,1.0,9
2025-07-09,2025-07-10,2025-07-08,2025-06-12;2025-06-19;2025-06-26;2025-07-03,2025-07-02;2025-07-03;2025-07-04;2025-07-05;2025-07-06;2025-07-07;2025-07-08,2025-07-08,2,7671.81531183855,44884.77239287643,-0.44777851667984253,0.7999398822066723,1.0,9
2025-07-09,2025-07-10,2025-07-08,2025-06-12;2025-06-19;2025-06-26;2025-07-03,2025-07-02;2025-07-03;2025-07-04;2025-07-05;2025-07-06;2025-07-07;2025-07-08,2025-07-08,2,9139.25054056948,44227.93171659571,-0.44746228891382567,0.7999398822066723,1.0,9
2025-07-09,2025-07-10,2025-07-08,2025-06-12;2025-06-19;2025-06-26;2025-07-03,2025-07-02;2025-07-03;2025-07-04;2025-07-05;2025-07-06;2025-07-07;2025-07-08,2025-07-08,2,9783.546908929557,43955.85262148139,-0.4211205160046231,0.7999398822066723,1.0,9
2025-07-09,2025-07-10,2025-07-08,2025-06-12;2025-06-19;2025-06-26;2025-07-03,2025-07-02;2025-07-03;2025-07-04;2025-07-05;2025-07-06;2025-07-07;2025-07-08,2025-07-08,2,10678.655407196158,43580.66536791531,-0.4175155194720311,0.7999398822066723,1.0,9
2025-07-09,2025-07-10,2025-07-08,2025-06-12;2025-06-19;2025-06-26;2025-07-03,2025-07-02;2025-07-03;2025-07-04;2025-07-05;2025-07-06;2025-07-07;2025-07-08,2025-07-08,2,10800.0,43530.0021172157,-0.4030006650118583,0.7999398822066723,1.0,9
2025-07-10,2025-07-11,2025-07-09,2025-06-13;2025-06-20;2025-06-27;2025-07-04,2025-07-03;2025-07-04;2025-07-05;2025-07-06;2025-07-07;2025-07-08;2025-07-09,2025-07-09,2,1200.0,23822.72956976047,-0.44777851667984253,0.6678113392736122,1.0,10
2025-07-10,2025-07-11,2025-07-09,2025-06-13;2025-06-20;2025-06-27;2025-07-04,2025-07-03;2025-07-04;2025-07-05;2025-07-06;2025-07-07;2025-07-08;2025-07-09,2025-07-09,2,2253.9678923778856,23351.03242468427,-0.44746228891382567,0.6678113392736122,1.0,10
2025-07-10,2025-07-11,2025-07-09,2025-06-13;2025-06-20;2025-06-27;2025-07-04,2025-07-03;2025-07-04;2025-07-05;2025-07-06;2025-07-07;2025-07-08;2025-07-09,2025-07-09,2,2395.8916855431394,23291.01836927224,-0.4211205160046231,0.6678113392736122,1.0,10
2025-07-10,2025-07-11,2025-07-09,2025-06-13;2025-06-20;2025-06-27;2025-07-04,2025-07-03;2025-07-04;2025-07-05;2025-07-06;2025-07-07;2025-07-08;2025-07-09,2025-07-09,2,3262.86094379175,22926.773442080066,-0.41950775439793714,0.6678113392736122,1.0,10
2025-07-10,2025-07-11,2025-07-09,2025-06-13;2025-06-20;2025-06-27;2025-07-04,2025-07-03;2025-07-04;2025-07-05;2025-07-06;2025-07-07;2025-07-08;2025-07-09,2025-07-09,2,4688.309705123688,22331.85468735585,-0.4167565728335907,0.6678113392736122,1.0,10
2025-07-10,2025-07-11,2025-07-09,2025-06-13;2025-06-20;2025-06-27;2025-07-04,2025-07-03;2025-07-04;2025-07-05;2025-07-06;2025-07-07;2025-07-08;2025-07-09,2025-07-09,2,5831.105843528211,21855.829943008677,-0.41533354788651494,0.6678113392736122,1.0,10
2025-07-10,2025-07-11,2025-07-09,2025-06-13;2025-06-20;2025-06-27;2025-07-04,2025-07-03;2025-07-04;2025-07-05;2025-07-06;2025-07-07;2025-07-08;2025-07-09,2025-07-09,2,7027.330063363325,21359.208771150257,-0.4149540745672947,0.6678113392736122,1.0,10
2025-07-10,2025-07-11,2025-07-09,2025-06-13;2025-06-20;2025-06-27;2025-07-04,2025-07-03;2025-07-04;2025-07-05;2025-07-06;2025-07-07;2025-07-08;2025-07-09,2025-07-09,2,8364.286544355497,20805.0130117337,-0.4140053912692442,0.6678113392736122,1.0,10
2025-07-10,2025-07-11,2025-07-09,2025-06-13;2025-06-20;2025-06-27;2025-07-04,2025-07-03;2025-07-04;2025-07-05;2025-07-06;2025-07-07;2025-07-08;2025-07-09,2025-07-09,2,9858.10758376398,20186.975282086118,-0.41334131296060883,0.6678113392736122,1.0,10
2025-07-10,2025-07-11,2025-07-09,2025-06-13;2025-06-20;2025-06-27;2025-07-04,2025-07-03;2025-07-04;2025-07-05;2025-07-06;2025-07-07;2025-07-08;2025-07-09,2025-07-09,2,10800.0,19797.724171098613,-0.4030006650118583,0.6678113392736122,1.0,10
2025-07-11,2025-07-12,2025-07-10,2025-06-14;2025-06-21;2025-06-28;2025-07-05,2025-07-04;2025-07-05;2025-07-06;2025-07-07;2025-07-08;2025-07-09;2025-07-10,2025-07-10,2,1200.0,23302.630503561828,-0.44777851667984253,0.9824568753356289,1.0,9
2025-07-11,2025-07-12,2025-07-10,2025-06-14;2025-06-21;2025-06-28;2025-07-05,2025-07-04;2025-07-05;2025-07-06;2025-07-07;2025-07-08;2025-07-09;2025-07-10,2025-07-10,2,2383.4104152683744,22772.97177759043,-0.44746228891382567,0.9824568753356289,1.0,9
2025-07-11,2025-07-12,2025-07-10,2025-06-14;2025-06-21;2025-06-28;2025-07-05,2025-07-04;2025-07-05;2025-07-06;2025-07-07;2025-07-08;2025-07-09;2025-07-10,2025-07-10,2,2528.6968554055175,22711.54164255045,-0.4211205160046231,0.9824568753356289,1.0,9
2025-07-11,2025-07-12,2025-07-10,2025-06-14;2025-06-21;2025-06-28;2025-07-05,2025-07-04;2025-07-05;2025-07-06;2025-07-07;2025-07-08;2025-07-09;2025-07-10,2025-07-10,2,3416.2075005911015,22338.597674741075,-0.41950775439793714,0.9824568753356289,1.0,9
2025-07-11,2025-07-12,2025-07-10,2025-06-14;2025-06-21;2025-06-28;2025-07-05,2025-07-04;2025-07-05;2025-07-06;2025-07-07;2025-07-08;2025-07-09;2025-07-10,2025-07-10,2,4772.707405327127,21772.462450343424,-0.4167565728335907,0.9824568753356289,1.0,9
2025-07-11,2025-07-12,2025-07-10,2025-06-14;2025-06-21;2025-06-28;2025-07-05,2025-07-04;2025-07-05;2025-07-06;2025-07-07;2025-07-08;2025-07-09;2025-07-10,2025-07-10,2,6952.94035780142,20865.794810722477,-0.4149540745672947,0.9824568753356289,1.0,9
2025-07-11,2025-07-12,2025-07-10,2025-06-14;2025-06-21;2025-06-28;2025-07-05,2025-07-04;2025-07-05;2025-07-06;2025-07-07;2025-07-08;2025-07-09;2025-07-10,2025-07-10,2,8167.486650929489,20362.371003002376,-0.4140053912692442,0.9824568753356289,1.0,9
2025-07-11,2025-07-12,2025-07-10,2025-06-14;2025-06-21;2025-06-28;2025-07-05,2025-07-04;2025-07-05;2025-07-06;2025-07-07;2025-07-08;2025-07-09;2025-07-10,2025-07-10,2,9833.338093771054,19673.248655056923,-0.41334131296060883,0.9824568753356289,1.0,9
2025-07-11,2025-07-12,2025-07-10,2025-06-14;2025-06-21;2025-06-28;2025-07-05,2025-07-04;2025-07-05;2025-07-06;2025-07-07;2025-07-08;2025-07-09;2025-07-10,2025-07-10,2,10800.0,19273.84595719914,-0.4030006650118583,0.9824568753356289,1.0,9
2025-07-12,2025-07-13,2025-07-11,2025-06-15;2025-06-22;2025-06-29;2025-07-06,2025-07-05;2025-07-06;2025-07-07;2025-07-08;2025-07-09;2025-07-10;2025-07-11,2025-07-11,2,1200.0,46703.602990194784,-0.4544192997661961,0.7992968171674875,1.0,10
2025-07-12,2025-07-13,2025-07-11,2025-06-15;2025-06-22;2025-06-29;2025-07-06,2025-07-05;2025-07-06;2025-07-07;2025-07-08;2025-07-09;2025-07-10;2025-07-11,2025-07-11,2,2850.385326518956,45954.344379106966,-0.4534706164681456,0.7992968171674875,1.0,10
2025-07-12,2025-07-13,2025-07-11,2025-06-15;2025-06-22;2025-06-29;2025-07-06,2025-07-05;2025-07-06;2025-07-07;2025-07-08;2025-07-09;2025-07-10;2025-07-11,2025-07-11,2,3709.580558841014,45564.83135827273,-0.4525219331700951,0.7992968171674875,1.0,10
2025-07-12,2025-07-13,2025-07-11,2025-06-15;2025-06-22;2025-06-29;2025-07-06,2025-07-05;2025-07-06;2025-07-07;2025-07-08;2025-07-09;2025-07-10;2025-07-11,2025-07-11,2,5876.908642692508,44585.63604577259,-0.45104620359534986,0.7992968171674875,1.0,10
2025-07-12,2025-07-13,2025-07-11,2025-06-15;2025-06-22;2025-06-29;2025-07-06,2025-07-05;2025-07-06;2025-07-07;2025-07-08;2025-07-09;2025-07-10;2025-07-11,2025-07-11,2,7916.746839258588,43667.11888890974,-0.4499921110419604,0.7992968171674875,1.0,10
2025-07-12,2025-07-13,2025-07-11,2025-06-15;2025-06-22;2025-06-29;2025-07-06,2025-07-05;2025-07-06;2025-07-07;2025-07-08;2025-07-09;2025-07-10;2025-07-11,2025-07-11,2,8527.112931755786,43392.6777124385,-0.44777851667984253,0.7992968171674875,1.0,10
2025-07-12,2025-07-13,2025-07-11,2025-06-15;2025-06-22;2025-06-29;2025-07-06,2025-07-05;2025-07-06;2025-07-07;2025-07-08;2025-07-09;2025-07-10;2025-07-11,2025-07-11,2,9726.148058790413,42855.9359600075,-0.44746228891382567,0.7992968171674875,1.0,10
2025-07-12,2025-07-13,2025-07-11,2025-06-15;2025-06-22;2025-06-29;2025-07-06,2025-07-05;2025-07-06;2025-07-07;2025-07-08;2025-07-09;2025-07-10;2025-07-11,2025-07-11,2,10009.430584957972,42729.177712439276,-0.4211205160046231,0.7992968171674875,1.0,10
2025-07-12,2025-07-13,2025-07-11,2025-06-15;2025-06-22;2025-06-29;2025-07-06,2025-07-05;2025-07-06;2025-07-07;2025-07-08;2025-07-09;2025-07-10;2025-07-11,2025-07-11,2,10328.44725618838,42594.833247236646,-0.4211205160046231,0.7992968171674875,1.0,10
2025-07-12,2025-07-13,2025-07-11,2025-06-15;2025-06-22;2025-06-29;2025-07-06,2025-07-05;2025-07-06;2025-07-07;2025-07-08;2025-07-09;2025-07-10;2025-07-11,2025-07-11,2,10800.0,42396.393713184596,-0.4030006650118583,0.7992968171674875,1.0,10
2025-07-13,2025-07-14,2025-07-12,2025-06-16;2025-06-23;2025-06-30;2025-07-07,2025-07-06;2025-07-07;2025-07-08;2025-07-09;2025-07-10;2025-07-11;2025-07-12,2025-07-12,2,1200.0,46925.91222960396,-0.4544192997661961,0.7992968171747634,1.0,10
2025-07-13,2025-07-14,2025-07-12,2025-06-16;2025-06-23;2025-06-30;2025-07-07,2025-07-06;2025-07-07;2025-07-08;2025-07-09;2025-07-10;2025-07-11;2025-07-12,2025-07-12,2,2850.385326518956,46176.65361851614,-0.4534706164681456,0.7992968171747634,1.0,10
2025-07-13,2025-07-14,2025-07-12,2025-06-16;2025-06-23;2025-06-30;2025-07-07,2025-07-06;2025-07-07;2025-07-08;2025-07-09;2025-07-10;2025-07-11;2025-07-12,2025-07-12,2,3709.580558841014,45787.1405976819,-0.4525219331700951,0.7992968171747634,1.0,10
2025-07-13,2025-07-14,2025-07-12,2025-06-16;2025-06-23;2025-06-30;2025-07-07,2025-07-06;2025-07-07;2025-07-08;2025-07-09;2025-07-10;2025-07-11;2025-07-12,2025-07-12,2,5876.908642691462,44807.945285182235,-0.45104620359534986,0.7992968171747634,1.0,10
2025-07-13,2025-07-14,2025-07-12,2025-06-16;2025-06-23;2025-06-30;2025-07-07,2025-07-06;2025-07-07;2025-07-08;2025-07-09;2025-07-10;2025-07-11;2025-07-12,2025-07-12,2,7916.746839256558,43889.42812831982,-0.4499921110419604,0.7992968171747634,1.0,10
2025-07-13,2025-07-14,2025-07-12,2025-06-16;2025-06-23;2025-06-30;2025-07-07,2025-07-06;2025-07-07;2025-07-08;2025-07-09;2025-07-10;2025-07-11;2025-07-12,2025-07-12,2,8527.11293175291,43614.98695184896,-0.44777851667984253,0.7992968171747634,1.0,10
2025-07-13,2025-07-14,2025-07-12,2025-06-16;2025-06-23;2025-06-30;2025-07-07,2025-07-06;2025-07-07;2025-07-08;2025-07-09;2025-07-10;2025-07-11;2025-07-12,2025-07-12,2,9682.798681171285,43097.64241114912,-0.44746228891382567,0.7992968171747634,1.0,10
2025-07-13,2025-07-14,2025-07-12,2025-06-16;2025-06-23;2025-06-30;2025-07-07,2025-07-06;2025-07-07;2025-07-08;2025-07-09;2025-07-10;2025-07-11;2025-07-12,2025-07-12,2,10009.430584957972,42951.48695184845,-0.4211205160046231,0.7992968171747634,1.0,10
2025-07-13,2025-07-14,2025-07-12,2025-06-16;2025-06-23;2025-06-30;2025-07-07,2025-07-06;2025-07-07;2025-07-08;2025-07-09;2025-07-10;2025-07-11;2025-07-12,2025-07-12,2,10306.25051174877,42826.48999111786,-0.4211205160046231,0.7992968171747634,1.0,10
2025-07-13,2025-07-14,2025-07-12,2025-06-16;2025-06-23;2025-06-30;2025-07-07,2025-07-06;2025-07-07;2025-07-08;2025-07-09;2025-07-10;2025-07-11;2025-07-12,2025-07-12,2,10800.0,42618.70619092175,-0.40499289993776433,0.7992968171747634,1.0,10
2025-07-14,2025-07-15,2025-07-13,2025-06-17;2025-06-24;2025-07-01;2025-07-08,2025-07-07;2025-07-08;2025-07-09;2025-07-10;2025-07-11;2025-07-12;2025-07-13,2025-07-13,2,1200.0,48837.8340107773,-0.4544192997661961,0.7992968171747634,1.0,10
2025-07-14,2025-07-15,2025-07-13,2025-06-17;2025-06-24;2025-07-01;2025-07-08,2025-07-07;2025-07-08;2025-07-09;2025-07-10;2025-07-11;2025-07-12;2025-07-13,2025-07-13,2,2850.3853265227904,48088.57539968775,-0.4534706164681456,0.7992968171747634,1.0,10
2025-07-14,2025-07-15,2025-07-13,2025-06-17;2025-06-24;2025-07-01;2025-07-08,2025-07-07;2025-07-08;2025-07-09;2025-07-10;2025-07-11;2025-07-12;2025-07-13,2025-07-13,2,3709.580558841014,47699.06237885523,-0.4525219331700951,0.7992968171747634,1.0,10
2025-07-14,2025-07-15,2025-07-13,2025-06-17;2025-06-24;2025-07-01;2025-07-08,2025-07-07;2025-07-08;2025-07-09;2025-07-10;2025-07-11;2025-07-12;2025-07-13,2025-07-13,2,5876.908642691462,46719.867066355575,-0.45104620359534986,0.7992968171747634,1.0,10
2025-07-14,2025-07-15,2025-07-13,2025-06-17;2025-06-24;2025-07-01;2025-07-08,2025-07-07;2025-07-08;2025-07-09;2025-07-10;2025-07-11;2025-07-12;2025-07-13,2025-07-13,2,7916.746839256558,45801.34990949316,-0.4499921110419604,0.7992968171747634,1.0,10
2025-07-14,2025-07-15,2025-07-13,2025-06-17;2025-06-24;2025-07-01;2025-07-08,2025-07-07;2025-07-08;2025-07-09;2025-07-10;2025-07-11;2025-07-12;2025-07-13,2025-07-13,2,8527.11293175291,45526.90873302229,-0.44777851667984253,0.7992968171747634,1.0,10
2025-07-14,2025-07-15,2025-07-13,2025-06-17;2025-06-24;2025-07-01;2025-07-08,2025-07-07;2025-07-08;2025-07-09;2025-07-10;2025-07-11;2025-07-12;2025-07-13,2025-07-13,2,9727.016042377974,44989.778590667185,-0.44746228891382567,0.7992968171747634,1.0,10
2025-07-14,2025-07-15,2025-07-13,2025-06-17;2025-06-24;2025-07-01;2025-07-08,2025-07-07;2025-07-08;2025-07-09;2025-07-10;2025-07-11;2025-07-12;2025-07-13,2025-07-13,2,10009.430584957972,44863.40873302179,-0.4211205160046231,0.7992968171747634,1.0,10
2025-07-14,2025-07-15,2025-07-13,2025-06-17;2025-06-24;2025-07-01;2025-07-08,2025-07-07;2025-07-08;2025-07-09;2025-07-10;2025-07-11;2025-07-12;2025-07-13,2025-07-13,2,10329.4510551312,44728.6415474904,-0.4211205160046231,0.7992968171747634,1.0,10
2025-07-14,2025-07-15,2025-07-13,2025-06-17;2025-06-24;2025-07-01;2025-07-08,2025-07-07;2025-07-08;2025-07-09;2025-07-10;2025-07-11;2025-07-12;2025-07-13,2025-07-13,2,10800.0,44530.58010323605,-0.4030006650118583,0.7992968171747634,1.0,10
2025-07-15,2025-07-16,2025-07-14,2025-06-18;2025-06-25;2025-07-02;2025-07-09,2025-07-08;2025-07-09;2025-07-10;2025-07-11;2025-07-12;2025-07-13;2025-07-14,2025-07-14,2,1200.0,48349.450347699,-0.4544192997661961,0.7992968171674875,1.0,10
2025-07-15,2025-07-16,2025-07-14,2025-06-18;2025-06-25;2025-07-02;2025-07-09,2025-07-08;2025-07-09;2025-07-10;2025-07-11;2025-07-12;2025-07-13;2025-07-14,2025-07-14,2,2850.385326518956,47600.19173661119,-0.4534706164681456,0.7992968171674875,1.0,10
2025-07-15,2025-07-16,2025-07-14,2025-06-18;2025-06-25;2025-07-02;2025-07-09,2025-07-08;2025-07-09;2025-07-10;2025-07-11;2025-07-12;2025-07-13;2025-07-14,2025-07-14,2,3709.580558841014,47210.67871577694,-0.4525219331700951,0.7992968171674875,1.0,10
2025-07-15,2025-07-16,2025-07-14,2025-06-18;2025-06-25;2025-07-02;2025-07-09,2025-07-08;2025-07-09;2025-07-10;2025-07-11;2025-07-12;2025-07-13;2025-07-14,2025-07-14,2,5876.908642691462,46231.48340327728,-0.45104620359534986,0.7992968171674875,1.0,10
2025-07-15,2025-07-16,2025-07-14,2025-06-18;2025-06-25;2025-07-02;2025-07-09,2025-07-08;2025-07-09;2025-07-10;2025-07-11;2025-07-12;2025-07-13;2025-07-14,2025-07-14,2,7916.746839256558,45312.96624641487,-0.4499921110419604,0.7992968171674875,1.0,10
2025-07-15,2025-07-16,2025-07-14,2025-06-18;2025-06-25;2025-07-02;2025-07-09,2025-07-08;2025-07-09;2025-07-10;2025-07-11;2025-07-12;2025-07-13;2025-07-14,2025-07-14,2,8527.112931755786,45038.52506994271,-0.44777851667984253,0.7992968171674875,1.0,10
2025-07-15,2025-07-16,2025-07-14,2025-06-18;2025-06-25;2025-07-02;2025-07-09,2025-07-08;2025-07-09;2025-07-10;2025-07-11;2025-07-12;2025-07-13;2025-07-14,2025-07-14,2,9727.235317669689,44501.29681016495,-0.44746228891382567,0.7992968171674875,1.0,10
2025-07-15,2025-07-16,2025-07-14,2025-06-18;2025-06-25;2025-07-02;2025-07-09,2025-07-08;2025-07-09;2025-07-10;2025-07-11;2025-07-12;2025-07-13;2025-07-14,2025-07-14,2,10009.430584957972,44375.02506994349,-0.4211205160046231,0.7992968171674875,1.0,10
2025-07-15,2025-07-16,2025-07-14,2025-06-18;2025-06-25;2025-07-02;2025-07-09,2025-07-08;2025-07-09;2025-07-10;2025-07-11;2025-07-12;2025-07-13;2025-07-14,2025-07-14,2,10329.70464092375,44240.15109423229,-0.4211205160046231,0.7992968171674875,1.0,10
2025-07-15,2025-07-16,2025-07-14,2025-06-18;2025-06-25;2025-07-02;2025-07-09,2025-07-08;2025-07-09;2025-07-10;2025-07-11;2025-07-12;2025-07-13;2025-07-14,2025-07-14,2,10800.0,44042.185165321614,-0.4030006650118583,0.7992968171674875,1.0,10
2025-07-16,2025-07-17,2025-07-15,2025-06-19;2025-06-26;2025-07-03;2025-07-10,2025-07-09;2025-07-10;2025-07-11;2025-07-12;2025-07-13;2025-07-14;2025-07-15,2025-07-15,2,1200.0,50479.3754562285,-0.4544192997661961,0.9487089503672905,1.0,10
2025-07-16,2025-07-17,2025-07-15,2025-06-19;2025-06-26;2025-07-03;2025-07-10,2025-07-09;2025-07-10;2025-07-11;2025-07-12;2025-07-13;2025-07-14;2025-07-15,2025-07-15,2,2807.1080597449586,49749.76640757263,-0.45336520721280665,0.9487089503672905,1.0,10
2025-07-16,2025-07-17,2025-07-15,2025-06-19;2025-06-26;2025-07-03;2025-07-10,2025-07-09;2025-07-10;2025-07-11;2025-07-12;2025-07-13;2025-07-14;2025-07-15,2025-07-15,2,3667.2182021286594,49359.85583269991,-0.45252193317009515,0.9487089503672905,1.0,10
2025-07-16,2025-07-17,2025-07-15,2025-06-19;2025-06-26;2025-07-03;2025-07-10,2025-07-09;2025-07-10;2025-07-11;2025-07-12;2025-07-13;2025-07-14;2025-07-15,2025-07-15,2,5766.843070328161,48411.19606267101,-0.45104620359534986,0.9487089503672905,1.0,10
2025-07-16,2025-07-17,2025-07-15,2025-06-19;2025-06-26;2025-07-03;2025-07-10,2025-07-09;2025-07-10;2025-07-11;2025-07-12;2025-07-13;2025-07-14;2025-07-15,2025-07-15,2,7742.960593339426,47521.33814115912,-0.44999211104196035,0.9487089503672905,1.0,10
2025-07-16,2025-07-17,2025-07-15,2025-06-19;2025-06-26;2025-07-03;2025-07-10,2025-07-09;2025-07-10;2025-07-11;2025-07-12;2025-07-13;2025-07-14;2025-07-15,2025-07-15,2,9388.6357696491,46783.498174858345,-0.44746228891382567,0.9487089503672905,1.0,10
2025-07-16,2025-07-17,2025-07-15,2025-06-19;2025-06-26;2025-07-03;2025-07-10,2025-07-09;2025-07-10;2025-07-11;2025-07-12;2025-07-13;2025-07-14;2025-07-15,2025-07-15,2,9864.543482709862,46571.263778315835,-0.43661266484643846,0.9487089503672905,1.0,10
2025-07-16,2025-07-17,2025-07-15,2025-06-19;2025-06-26;2025-07-03;2025-07-10,2025-07-09;2025-07-10;2025-07-11;2025-07-12;2025-07-13;2025-07-14;2025-07-15,2025-07-15,2,10166.565370674833,46440.325504367174,-0.4311671474233032,0.9487089503672905,1.0,10
2025-07-16,2025-07-17,2025-07-15,2025-06-19;2025-06-26;2025-07-03;2025-07-10,2025-07-09;2025-07-10;2025-07-11;2025-07-12;2025-07-13;2025-07-14;2025-07-15,2025-07-15,2,10472.352641926793,46310.461642951734,-0.4211205160046231,0.9487089503672905,1.0,10
2025-07-16,2025-07-17,2025-07-15,2025-06-19;2025-06-26;2025-07-03;2025-07-10,2025-07-09;2025-07-10;2025-07-11;2025-07-12;2025-07-13;2025-07-14;2025-07-15,2025-07-15,2,10800.0,46172.48261845239,-0.415072659979551,0.9487089503672905,1.0,10
2025-07-17,2025-07-18,2025-07-16,2025-06-20;2025-06-27;2025-07-04;2025-07-11,2025-07-10;2025-07-11;2025-07-12;2025-07-13;2025-07-14;2025-07-15;2025-07-16,2025-07-16,2,1200.0,25015.501510030826,-0.4489643708024057,0.9390337848999479,1.0,11
2025-07-17,2025-07-18,2025-07-16,2025-06-20;2025-06-27;2025-07-04;2025-07-11,2025-07-10;2025-07-11;2025-07-12;2025-07-13;2025-07-14;2025-07-15;2025-07-16,2025-07-16,2,2614.788807433524,24381.70142448796,-0.44746228891382567,0.9390337848999479,1.0,11
2025-07-17,2025-07-18,2025-07-16,2025-06-20;2025-06-27;2025-07-04;2025-07-11,2025-07-10;2025-07-11;2025-07-12;2025-07-13;2025-07-14;2025-07-15;2025-07-16,2025-07-16,2,2728.41667630838,24331.19676262222,-0.44072776688254567,0.9390337848999479,1.0,11
2025-07-17,2025-07-18,2025-07-16,2025-06-20;2025-06-27;2025-07-04;2025-07-11,2025-07-10;2025-07-11;2025-07-12;2025-07-13;2025-07-14;2025-07-15;2025-07-16,2025-07-16,2,3155.6882785951625,24144.894887254475,-0.4352321800631245,0.9390337848999479,1.0,11
2025-07-17,2025-07-18,2025-07-16,2025-06-20;2025-06-27;2025-07-04;2025-07-11,2025-07-10;2025-07-11;2025-07-12;2025-07-13;2025-07-14;2025-07-15;2025-07-16,2025-07-16,2,3371.3480022668855,24051.30024950407,-0.4282676399782298,0.9390337848999479,1.0,11
2025-07-17,2025-07-18,2025-07-16,2025-06-20;2025-06-27;2025-07-04;2025-07-11,2025-07-10;2025-07-11;2025-07-12;2025-07-13;2025-07-14;2025-07-15;2025-07-16,2025-07-16,2,3559.941562131603,23971.7534338195,-0.4203717338300903,0.9390337848999479,1.0,11
2025-07-17,2025-07-18,2025-07-16,2025-06-20;2025-06-27;2025-07-04;2025-07-11,2025-07-10;2025-07-11;2025-07-12;2025-07-13;2025-07-14;2025-07-15;2025-07-16,2025-07-16,2,4357.5995694282765,23637.04256937589,-0.4185827881823379,0.9390337848999479,1.0,11
2025-07-17,2025-07-18,2025-07-16,2025-06-20;2025-06-27;2025-07-04;2025-07-11,2025-07-10;2025-07-11;2025-07-12;2025-07-13;2025-07-14;2025-07-15;2025-07-16,2025-07-16,2,5229.262680815873,23273.080623439033,-0.4168582174726675,0.9390337848999479,1.0,11
2025-07-17,2025-07-18,2025-07-16,2025-06-20;2025-06-27;2025-07-04;2025-07-11,2025-07-10;2025-07-11;2025-07-12;2025-07-13;2025-07-14;2025-07-15;2025-07-16,2025-07-16,2,7494.230234457581,22330.532023164975,-0.41515736384544843,0.9390337848999479,1.0,11
2025-07-17,2025-07-18,2025-07-16,2025-06-20;2025-06-27;2025-07-04;2025-07-11,2025-07-10;2025-07-11;2025-07-12;2025-07-13;2025-07-14;2025-07-15;2025-07-16,2025-07-16,2,10033.465867965902,21278.43594681058,-0.41369706919737775,0.9390337848999479,1.0,11
2025-07-17,2025-07-18,2025-07-16,2025-06-20;2025-06-27;2025-07-04;2025-07-11,2025-07-10;2025-07-11;2025-07-12;2025-07-13;2025-07-14;2025-07-15;2025-07-16,2025-07-16,2,10800.0,20961.495281503132,-0.4030006650118583,0.9390337848999479,1.0,11
2025-07-18,2025-07-19,2025-07-17,2025-06-21;2025-06-28;2025-07-05;2025-07-12,2025-07-11;2025-07-12;2025-07-13;2025-07-14;2025-07-15;2025-07-16;2025-07-17,2025-07-17,2,1200.0,25104.5751278759,-0.4489643708024057,0.889747943940165,1.0,12
2025-07-18,2025-07-19,2025-07-17,2025-06-21;2025-06-28;2025-07-05;2025-07-12,2025-07-11;2025-07-12;2025-07-13;2025-07-14;2025-07-15;2025-07-16;2025-07-17,2025-07-17,2,2584.872439797939,24484.16529195673,-0.44746228891382567,0.889747943940165,1.0,12
2025-07-18,2025-07-19,2025-07-17,2025-06-21;2025-06-28;2025-07-05;2025-07-12,2025-07-11;2025-07-12;2025-07-13;2025-07-14;2025-07-15;2025-07-16;2025-07-17,2025-07-17,2,2695.13700675867,24435.165580863795,-0.44072776688254567,0.889747943940165,1.0,12
2025-07-18,2025-07-19,2025-07-17,2025-06-21;2025-06-28;2025-07-05;2025-07-12,2025-07-11;2025-07-12;2025-07-13;2025-07-14;2025-07-15;2025-07-16;2025-07-17,2025-07-17,2,3124.152659858342,24248.104638458615,-0.4352321800631245,0.889747943940165,1.0,12
2025-07-18,2025-07-19,2025-07-17,2025-06-21;2025-06-28;2025-07-05;2025-07-12,2025-07-11;2025-07-12;2025-07-13;2025-07-14;2025-07-15;2025-07-16;2025-07-17,2025-07-17,2,3370.7263354758893,24141.045359807515,-0.4282676399782298,0.889747943940165,1.0,12
2025-07-18,2025-07-19,2025-07-17,2025-06-21;2025-06-28;2025-07-05;2025-07-12,2025-07-11;2025-07-12;2025-07-13;2025-07-14;2025-07-15;2025-07-16;2025-07-17,2025-07-17,2,3533.997537395341,24072.153241838012,-0.4203717338300903,0.889747943940165,1.0,12
2025-07-18,2025-07-19,2025-07-17,2025-06-21;2025-06-28;2025-07-05;2025-07-12,2025-07-11;2025-07-12;2025-07-13;2025-07-14;2025-07-15;2025-07-16;2025-07-17,2025-07-17,2,4290.182850614695,23754.757974097698,-0.4185827881823379,0.889747943940165,1.0,12
2025-07-18,2025-07-19,2025-07-17,2025-06-21;2025-06-28;2025-07-05;2025-07-12,2025-07-11;2025-07-12;2025-07-13;2025-07-14;2025-07-15;2025-07-16;2025-07-17,2025-07-17,2,5228.3889199836,23362.889310072078,-0.41716315138989807,0.889747943940165,1.0,12
2025-07-18,2025-07-19,2025-07-17,2025-06-21;2025-06-28;2025-07-05;2025-07-12,2025-07-11;2025-07-12;2025-07-13;2025-07-14;2025-07-15;2025-07-16;2025-07-17,2025-07-17,2,6402.305819304794,22873.692596276887,-0.4165803887925242,0.889747943940165,1.0,12
2025-07-18,2025-07-19,2025-07-17,2025-06-21;2025-06-28;2025-07-05;2025-07-12,2025-07-11;2025-07-12;2025-07-13;2025-07-14;2025-07-15;2025-07-16;2025-07-17,2025-07-17,2,7272.71258542462,22511.818658385844,-0.41515736384544843,0.889747943940165,1.0,12
2025-07-18,2025-07-19,2025-07-17,2025-06-21;2025-06-28;2025-07-05;2025-07-12,2025-07-11;2025-07-12;2025-07-13;2025-07-14;2025-07-15;2025-07-16;2025-07-17,2025-07-17,2,9953.355794992147,21400.744353058828,-0.4138292072281777,0.889747943940165,1.0,12
2025-07-18,2025-07-19,2025-07-17,2025-06-21;2025-06-28;2025-07-05;2025-07-12,2025-07-11;2025-07-12;2025-07-13;2025-07-14;2025-07-15;2025-07-16;2025-07-17,2025-07-17,2,10800.0,21050.609060634033,-0.4030006650118583,0.889747943940165,1.0,12
2025-07-19,2025-07-20,2025-07-18,2025-06-22;2025-06-29;2025-07-06;2025-07-13,2025-07-12;2025-07-13;2025-07-14;2025-07-15;2025-07-16;2025-07-17;2025-07-18,2025-07-18,2,1200.0,49744.48645774417,-0.4544192997661961,0.9301997505681356,1.0,9
2025-07-19,2025-07-20,2025-07-18,2025-06-22;2025-06-29;2025-07-06;2025-07-13,2025-07-12;2025-07-13;2025-07-14;2025-07-15;2025-07-16;2025-07-17;2025-07-18,2025-07-18,2,3425.7622045932007,48734.6950953998,-0.4527161873692197,0.9301997505681356,1.0,9
2025-07-19,2025-07-20,2025-07-18,2025-06-22;2025-06-29;2025-07-06;2025-07-13,2025-07-12;2025-07-13;2025-07-14;2025-07-15;2025-07-16;2025-07-17;2025-07-18,2025-07-18,2,5609.717714808429,47747.992313583134,-0.45104620359534986,0.9301997505681356,1.0,9
2025-07-19,2025-07-20,2025-07-18,2025-06-22;2025-06-29;2025-07-06;2025-07-13,2025-07-12;2025-07-13;2025-07-14;2025-07-15;2025-07-16;2025-07-17;2025-07-18,2025-07-18,2,7665.205253834495,46822.435620453434,-0.44999211104196035,0.9301997505681356,1.0,9
2025-07-19,2025-07-20,2025-07-18,2025-06-22;2025-06-29;2025-07-06;2025-07-13,2025-07-12;2025-07-13;2025-07-14;2025-07-15;2025-07-16;2025-07-17;2025-07-18,2025-07-18,2,8283.09766143458,46544.621505097704,-0.4477785166798426,0.9301997505681356,1.0,9
2025-07-19,2025-07-20,2025-07-18,2025-06-22;2025-06-29;2025-07-06;2025-07-13,2025-07-12;2025-07-13;2025-07-14;2025-07-15;2025-07-16;2025-07-17;2025-07-18,2025-07-18,2,9676.84233269492,45920.74073079707,-0.44746228891382567,0.9301997505681356,1.0,9
2025-07-19,2025-07-20,2025-07-18,2025-06-22;2025-06-29;2025-07-06;2025-07-13,2025-07-12;2025-07-13;2025-07-14;2025-07-15;2025-07-16;2025-07-17;2025-07-18,2025-07-18,2,9982.950047062184,45784.29701179059,-0.4413319877926136,0.9301997505681356,1.0,9
2025-07-19,2025-07-20,2025-07-18,2025-06-22;2025-06-29;2025-07-06;2025-07-13,2025-07-12;2025-07-13;2025-07-14;2025-07-15;2025-07-16;2025-07-17;2025-07-18,2025-07-18,2,10313.234520415423,45644.67950442529,-0.4211205160046231,0.9301997505681356,1.0,9
2025-07-19,2025-07-20,2025-07-18,2025-06-22;2025-06-29;2025-07-06;2025-07-13,2025-07-12;2025-07-13;2025-07-14;2025-07-15;2025-07-16;2025-07-17;2025-07-18,2025-07-18,2,10800.0,45439.81241385538,-0.4030006650118583,0.9301997505681356,1.0,9
2025-07-20,2025-07-21,2025-07-19,2025-06-23;2025-06-30;2025-07-07;2025-07-14,2025-07-13;2025-07-14;2025-07-15;2025-07-16;2025-07-17;2025-07-18;2025-07-19,2025-07-19,2,1200.0,49643.13581048548,-0.4544192997661961,0.9319552027300233,1.0,9
2025-07-20,2025-07-21,2025-07-19,2025-06-23;2025-06-30;2025-07-07;2025-07-14,2025-07-13;2025-07-14;2025-07-15;2025-07-16;2025-07-17;2025-07-18;2025-07-19,2025-07-19,2,3448.9231152226753,48622.8096949394,-0.4527892209247046,0.9319552027300233,1.0,9
2025-07-20,2025-07-21,2025-07-19,2025-06-23;2025-06-30;2025-07-07;2025-07-14,2025-07-13;2025-07-14;2025-07-15;2025-07-16;2025-07-17;2025-07-18;2025-07-19,2025-07-19,2,5633.534900151043,47635.820891316376,-0.45104620359534986,0.9319552027300233,1.0,9
2025-07-20,2025-07-21,2025-07-19,2025-06-23;2025-06-30;2025-07-07;2025-07-14,2025-07-13;2025-07-14;2025-07-15;2025-07-16;2025-07-17;2025-07-18;2025-07-19,2025-07-19,2,7689.640109495358,46709.948028203085,-0.4499921110419604,0.9319552027300233,1.0,9
2025-07-20,2025-07-21,2025-07-19,2025-06-23;2025-06-30;2025-07-07;2025-07-14,2025-07-13;2025-07-14;2025-07-15;2025-07-16;2025-07-17;2025-07-18;2025-07-19,2025-07-19,2,8292.680828095716,46438.814025269494,-0.4477785166798426,0.9319552027300233,1.0,9
2025-07-20,2025-07-21,2025-07-19,2025-06-23;2025-06-30;2025-07-07;2025-07-14,2025-07-13;2025-07-14;2025-07-15;2025-07-16;2025-07-17;2025-07-18;2025-07-19,2025-07-19,2,9680.400779648846,45817.632116302506,-0.44746228891382567,0.9319552027300233,1.0,9
2025-07-20,2025-07-21,2025-07-19,2025-06-23;2025-06-30;2025-07-07;2025-07-14,2025-07-13;2025-07-14;2025-07-15;2025-07-16;2025-07-17;2025-07-18;2025-07-19,2025-07-19,2,9982.950047061908,45682.780668115134,-0.4413319877926136,0.9319552027300233,1.0,9
2025-07-20,2025-07-21,2025-07-19,2025-06-23;2025-06-30;2025-07-07;2025-07-14,2025-07-13;2025-07-14;2025-07-15;2025-07-16;2025-07-17;2025-07-18;2025-07-19,2025-07-19,2,10313.623036753765,45542.999548548825,-0.4211205160046231,0.9319552027300233,1.0,9
2025-07-20,2025-07-21,2025-07-19,2025-06-23;2025-06-30;2025-07-07;2025-07-14,2025-07-13;2025-07-14;2025-07-15;2025-07-16;2025-07-17;2025-07-18;2025-07-19,2025-07-19,2,10800.0,45338.27879611248,-0.4030006650118583,0.9319552027300233,1.0,9
2025-07-21,2025-07-22,2025-07-20,2025-06-24;2025-07-01;2025-07-08;2025-07-15,2025-07-14;2025-07-15;2025-07-16;2025-07-17;2025-07-18;2025-07-19;2025-07-20,2025-07-20,2,1200.0,50657.650254915294,-0.4544192997661961,0.9923189643668593,1.0,9
2025-07-21,2025-07-22,2025-07-20,2025-06-24;2025-07-01;2025-07-08;2025-07-15,2025-07-14;2025-07-15;2025-07-16;2025-07-17;2025-07-18;2025-07-19;2025-07-20,2025-07-20,2,3395.7839334419255,49661.47386577609,-0.4525219331700951,0.9923189643668593,1.0,9
2025-07-21,2025-07-22,2025-07-20,2025-06-24;2025-07-01;2025-07-08;2025-07-15,2025-07-14;2025-07-15;2025-07-16;2025-07-17;2025-07-18;2025-07-19;2025-07-20,2025-07-20,2,5563.112017293095,48682.2785532761,-0.45104620359534986,0.9923189643668593,1.0,9
2025-07-21,2025-07-22,2025-07-20,2025-06-24;2025-07-01;2025-07-08;2025-07-15,2025-07-14;2025-07-15;2025-07-16;2025-07-17;2025-07-18;2025-07-19;2025-07-20,2025-07-20,2,7602.95021385887,47763.76139641338,-0.4499921110419604,0.9923189643668593,1.0,9
2025-07-21,2025-07-22,2025-07-20,2025-06-24;2025-07-01;2025-07-08;2025-07-15,2025-07-14;2025-07-15;2025-07-16;2025-07-17;2025-07-18;2025-07-19;2025-07-20,2025-07-20,2,8213.316306354547,47489.32021994281,-0.44777851667984253,0.9923189643668593,1.0,9
2025-07-21,2025-07-22,2025-07-20,2025-06-24;2025-07-01;2025-07-08;2025-07-15,2025-07-14;2025-07-15;2025-07-16;2025-07-17;2025-07-18;2025-07-19;2025-07-20,2025-07-20,2,9544.753378698768,46893.33359000694,-0.44746228891382567,0.9923189643668593,1.0,9
2025-07-21,2025-07-22,2025-07-20,2025-06-24;2025-07-01;2025-07-08;2025-07-15,2025-07-14;2025-07-15;2025-07-16;2025-07-17;2025-07-18;2025-07-19;2025-07-20,2025-07-20,2,9748.409004508165,46802.90555224028,-0.4335482672090848,0.9923189643668593,1.0,9
2025-07-21,2025-07-22,2025-07-20,2025-06-24;2025-07-01;2025-07-08;2025-07-15,2025-07-14;2025-07-15;2025-07-16;2025-07-17;2025-07-18;2025-07-19;2025-07-20,2025-07-20,2,10167.76980793721,46625.60393959995,-0.4211205160046231,0.9923189643668593,1.0,9
2025-07-21,2025-07-22,2025-07-20,2025-06-24;2025-07-01;2025-07-08;2025-07-15,2025-07-14;2025-07-15;2025-07-16;2025-07-17;2025-07-18;2025-07-19;2025-07-20,2025-07-20,2,10800.0,46359.76804470712,-0.4030006650118583,0.9923189643668593,1.0,9
2025-07-22,2025-07-23,2025-07-21,2025-06-25;2025-07-02;2025-07-09;2025-07-16,2025-07-15;2025-07-16;2025-07-17;2025-07-18;2025-07-19;2025-07-20;2025-07-21,2025-07-21,2,1200.0,50916.972791472894,-0.4544192997661961,0.9926895095341024,1.0,9
2025-07-22,2025-07-23,2025-07-21,2025-06-25;2025-07-02;2025-07-09;2025-07-16,2025-07-15;2025-07-16;2025-07-17;2025-07-18;2025-07-19;2025-07-20;2025-07-21,2025-07-21,2,3397.0601893063063,49920.21644703747,-0.4525219331700951,0.9926895095341024,1.0,9
2025-07-22,2025-07-23,2025-07-21,2025-06-25;2025-07-02;2025-07-09;2025-07-16,2025-07-15;2025-07-16;2025-07-17;2025-07-18;2025-07-19;2025-07-20;2025-07-21,2025-07-21,2,5564.388273154861,48941.02113453866,-0.45104620359534986,0.9926895095341024,1.0,9
2025-07-22,2025-07-23,2025-07-21,2025-06-25;2025-07-02;2025-07-09;2025-07-16,2025-07-15;2025-07-16;2025-07-17;2025-07-18;2025-07-19;2025-07-20;2025-07-21,2025-07-21,2,7604.226469718175,48022.50397767705,-0.4499921110419604,0.9926895095341024,1.0,9
2025-07-22,2025-07-23,2025-07-21,2025-06-25;2025-07-02;2025-07-09;2025-07-16,2025-07-15;2025-07-16;2025-07-17;2025-07-18;2025-07-19;2025-07-20;2025-07-21,2025-07-21,2,8214.592562213174,47748.06280120679,-0.44777851667984253,0.9926895095341024,1.0,9
2025-07-22,2025-07-23,2025-07-21,2025-06-25;2025-07-02;2025-07-09;2025-07-16,2025-07-15;2025-07-16;2025-07-17;2025-07-18;2025-07-19;2025-07-20;2025-07-21,2025-07-21,2,9546.155536845505,47152.019834744904,-0.44746228891382567,0.9926895095341024,1.0,9
2025-07-22,2025-07-23,2025-07-21,2025-06-25;2025-07-02;2025-07-09;2025-07-16,2025-07-15;2025-07-16;2025-07-17;2025-07-18;2025-07-19;2025-07-20;2025-07-21,2025-07-21,2,9749.685260368533,47061.64813350348,-0.4335482672090848,0.9926895095341024,1.0,9
2025-07-22,2025-07-23,2025-07-21,2025-06-25;2025-07-02;2025-07-09;2025-07-16,2025-07-15;2025-07-16;2025-07-17;2025-07-18;2025-07-19;2025-07-20;2025-07-21,2025-07-21,2,10169.191666299233,46884.28520466251,-0.4211205160046231,0.9926895095341024,1.0,9
2025-07-22,2025-07-23,2025-07-21,2025-06-25;2025-07-02;2025-07-09;2025-07-16,2025-07-15;2025-07-16;2025-07-17;2025-07-18;2025-07-19;2025-07-20;2025-07-21,2025-07-21,2,10800.0,46619.0184842071,-0.4030006650118583,0.9926895095341024,1.0,9
2025-07-23,2025-07-24,2025-07-22,2025-06-26;2025-07-03;2025-07-10;2025-07-17,2025-07-16;2025-07-17;2025-07-18;2025-07-19;2025-07-20;2025-07-21;2025-07-22,2025-07-22,2,1200.0,51147.20428609885,-0.4544192997661961,0.9936663667249377,1.0,9
2025-07-23,2025-07-24,2025-07-22,2025-06-26;2025-07-03;2025-07-10;2025-07-17,2025-07-16;2025-07-17;2025-07-18;2025-07-19;2025-07-20;2025-07-21;2025-07-22,2025-07-22,2,3396.7834812869874,50150.578563854,-0.4525219331700951,0.9936663667249377,1.0,9
2025-07-23,2025-07-24,2025-07-22,2025-06-26;2025-07-03;2025-07-10;2025-07-17,2025-07-16;2025-07-17;2025-07-18;2025-07-19;2025-07-20;2025-07-21;2025-07-22,2025-07-22,2,5566.262233938755,49170.408319630114,-0.45104620359534986,0.9936663667249377,1.0,9
2025-07-23,2025-07-24,2025-07-22,2025-06-26;2025-07-03;2025-07-10;2025-07-17,2025-07-16;2025-07-17;2025-07-18;2025-07-19;2025-07-20;2025-07-21;2025-07-22,2025-07-22,2,7608.124589375681,48250.97817359309,-0.4499921110419604,0.9936663667249377,1.0,9
2025-07-23,2025-07-24,2025-07-22,2025-06-26;2025-07-03;2025-07-10;2025-07-17,2025-07-16;2025-07-17;2025-07-18;2025-07-19;2025-07-20;2025-07-21;2025-07-22,2025-07-22,2,8218.490681871528,47976.53699712245,-0.44777851667984253,0.9936663667249377,1.0,9
2025-07-23,2025-07-24,2025-07-22,2025-06-26;2025-07-03;2025-07-10;2025-07-17,2025-07-16;2025-07-17;2025-07-18;2025-07-19;2025-07-20;2025-07-21;2025-07-22,2025-07-22,2,9498.437539830991,47403.590296371854,-0.44746228891382567,0.9936663667249377,1.0,9
2025-07-23,2025-07-24,2025-07-22,2025-06-26;2025-07-03;2025-07-10;2025-07-17,2025-07-16;2025-07-17;2025-07-18;2025-07-19;2025-07-20;2025-07-21;2025-07-22,2025-07-22,2,9770.878816145689,47282.084478132376,-0.4335482672090848,0.9936663667249377,1.0,9
2025-07-23,2025-07-24,2025-07-22,2025-06-26;2025-07-03;2025-07-10;2025-07-17,2025-07-16;2025-07-17;2025-07-18;2025-07-19;2025-07-20;2025-07-21;2025-07-22,2025-07-22,2,10146.922222961644,47123.323505759,-0.4211205160046231,0.9936663667249377,1.0,9
2025-07-23,2025-07-24,2025-07-22,2025-06-26;2025-07-03;2025-07-10;2025-07-17,2025-07-16;2025-07-17;2025-07-18;2025-07-19;2025-07-20;2025-07-21;2025-07-22,2025-07-22,2,10800.0,46848.74012373116,-0.4052775049271795,0.9936663667249377,1.0,9
2025-07-24,2025-07-25,2025-07-23,2025-06-27;2025-07-04;2025-07-11;2025-07-18,2025-07-17;2025-07-18;2025-07-19;2025-07-20;2025-07-21;2025-07-22;2025-07-23,2025-07-23,2,1200.0,26550.439795433966,-0.4499921110419604,0.8749734218254162,1.0,9
2025-07-24,2025-07-25,2025-07-23,2025-06-27;2025-07-04;2025-07-11;2025-07-18,2025-07-17;2025-07-18;2025-07-19;2025-07-20;2025-07-21;2025-07-22;2025-07-23,2025-07-23,2,2722.1607193766804,25868.90089290093,-0.44746228891382567,0.8749734218254162,1.0,9
2025-07-24,2025-07-25,2025-07-23,2025-06-27;2025-07-04;2025-07-11;2025-07-18,2025-07-17;2025-07-18;2025-07-19;2025-07-20;2025-07-21;2025-07-22;2025-07-23,2025-07-23,2,2869.7870839886796,25803.31098913521,-0.4211205160046231,0.8749734218254162,1.0,9
2025-07-24,2025-07-25,2025-07-23,2025-06-27;2025-07-04;2025-07-11;2025-07-18,2025-07-17;2025-07-18;2025-07-19;2025-07-20;2025-07-21;2025-07-22;2025-07-23,2025-07-23,2,3890.8694392216644,25374.052576104197,-0.41950775439793714,0.8749734218254162,1.0,9
2025-07-24,2025-07-25,2025-07-23,2025-06-27;2025-07-04;2025-07-11;2025-07-18,2025-07-17;2025-07-18;2025-07-19;2025-07-20;2025-07-21;2025-07-22;2025-07-23,2025-07-23,2,4973.626231042687,24921.860812387808,-0.4169463094932008,0.8749734218254162,1.0,9
2025-07-24,2025-07-25,2025-07-23,2025-06-27;2025-07-04;2025-07-11;2025-07-18,2025-07-17;2025-07-18;2025-07-19;2025-07-20;2025-07-21;2025-07-22;2025-07-23,2025-07-23,2,6393.681935290596,24330.188825307145,-0.4163770995143705,0.8749734218254162,1.0,9
2025-07-24,2025-07-25,2025-07-23,2025-06-27;2025-07-04;2025-07-11;2025-07-18,2025-07-17;2025-07-18;2025-07-19;2025-07-20;2025-07-21;2025-07-22;2025-07-23,2025-07-23,2,7317.400134940568,23946.47319653015,-0.4149540745672947,0.8749734218254162,1.0,9
2025-07-24,2025-07-25,2025-07-23,2025-06-27;2025-07-04;2025-07-11;2025-07-18,2025-07-17;2025-07-18;2025-07-19;2025-07-20;2025-07-21;2025-07-22;2025-07-23,2025-07-23,2,9958.914005807883,22852.0343332559,-0.413625917950024,0.8749734218254162,1.0,9
2025-07-24,2025-07-25,2025-07-23,2025-06-27;2025-07-04;2025-07-11;2025-07-18,2025-07-17;2025-07-18;2025-07-19;2025-07-20;2025-07-21;2025-07-22;2025-07-23,2025-07-23,2,10800.0,22504.305257946304,-0.4030006650118583,0.8749734218254162,1.0,9
2025-07-25,2025-07-26,2025-07-24,2025-06-28;2025-07-05;2025-07-12;2025-07-19,2025-07-18;2025-07-19;2025-07-20;2025-07-21;2025-07-22;2025-07-23;2025-07-24,2025-07-24,2,1200.0,26753.38571155423,-0.44777851667984253,0.8618811747437576,1.0,9
2025-07-25,2025-07-26,2025-07-24,2025-06-28;2025-07-05;2025-07-12;2025-07-19,2025-07-18;2025-07-19;2025-07-20;2025-07-21;2025-07-22;2025-07-23;2025-07-24,2025-07-24,2,2743.8050426356376,26062.350013920935,-0.44746228891382567,0.8618811747437576,1.0,9
2025-07-25,2025-07-26,2025-07-24,2025-06-28;2025-07-05;2025-07-12;2025-07-19,2025-07-18;2025-07-19;2025-07-20;2025-07-21;2025-07-22;2025-07-23;2025-07-24,2025-07-24,2,2891.641720125486,25999.84592161105,-0.4211205160046231,0.8618811747437576,1.0,9
2025-07-25,2025-07-26,2025-07-24,2025-06-28;2025-07-05;2025-07-12;2025-07-19,2025-07-18;2025-07-19;2025-07-20;2025-07-21;2025-07-22;2025-07-23;2025-07-24,2025-07-24,2,3835.780501367461,25603.022544787615,-0.41950775439793714,0.8618811747437576,1.0,9
2025-07-25,2025-07-26,2025-07-24,2025-06-28;2025-07-05;2025-07-12;2025-07-19,2025-07-18;2025-07-19;2025-07-20;2025-07-21;2025-07-22;2025-07-23;2025-07-24,2025-07-24,2,5096.115597931536,25076.757643637306,-0.4169463094932008,0.8618811747437576,1.0,9
2025-07-25,2025-07-26,2025-07-24,2025-06-28;2025-07-05;2025-07-12;2025-07-19,2025-07-18;2025-07-19;2025-07-20;2025-07-21;2025-07-22;2025-07-23;2025-07-24,2025-07-24,2,6420.803076238624,24524.862535502863,-0.4163770995143705,0.8618811747437576,1.0,9
2025-07-25,2025-07-26,2025-07-24,2025-06-28;2025-07-05;2025-07-12;2025-07-19,2025-07-18;2025-07-19;2025-07-20;2025-07-21;2025-07-22;2025-07-23;2025-07-24,2025-07-24,2,7358.599592001124,24135.29160299465,-0.4149540745672947,0.8618811747437576,1.0,9
2025-07-25,2025-07-26,2025-07-24,2025-06-28;2025-07-05;2025-07-12;2025-07-19,2025-07-18;2025-07-19;2025-07-20;2025-07-21;2025-07-22;2025-07-23;2025-07-24,2025-07-24,2,9969.952402604806,23053.300088645232,-0.413625917950024,0.8618811747437576,1.0,9
2025-07-25,2025-07-26,2025-07-24,2025-06-28;2025-07-05;2025-07-12;2025-07-19,2025-07-18;2025-07-19;2025-07-20;2025-07-21;2025-07-22;2025-07-23;2025-07-24,2025-07-24,2,10800.0,22710.119641114892,-0.4030006650118583,0.8618811747437576,1.0,9
2025-07-26,2025-07-27,2025-07-25,2025-06-29;2025-07-06;2025-07-13;2025-07-20,2025-07-19;2025-07-20;2025-07-21;2025-07-22;2025-07-23;2025-07-24;2025-07-25,2025-07-25,2,1200.0,51315.67294638906,-0.4544192997661961,0.7992968171674875,1.0,10
2025-07-26,2025-07-27,2025-07-25,2025-06-29;2025-07-06;2025-07-13;2025-07-20,2025-07-19;2025-07-20;2025-07-21;2025-07-22;2025-07-23;2025-07-24;2025-07-25,2025-07-25,2,2850.385326518956,50566.41433530124,-0.4534706164681456,0.7992968171674875,1.0,10
2025-07-26,2025-07-27,2025-07-25,2025-06-29;2025-07-06;2025-07-13;2025-07-20,2025-07-19;2025-07-20;2025-07-21;2025-07-22;2025-07-23;2025-07-24;2025-07-25,2025-07-25,2,3709.580558841014,50176.901314467,-0.4525219331700951,0.7992968171674875,1.0,10
2025-07-26,2025-07-27,2025-07-25,2025-06-29;2025-07-06;2025-07-13;2025-07-20,2025-07-19;2025-07-20;2025-07-21;2025-07-22;2025-07-23;2025-07-24;2025-07-25,2025-07-25,2,5876.908642691462,49197.70600196734,-0.45104620359534986,0.7992968171674875,1.0,10
2025-07-26,2025-07-27,2025-07-25,2025-06-29;2025-07-06;2025-07-13;2025-07-20,2025-07-19;2025-07-20;2025-07-21;2025-07-22;2025-07-23;2025-07-24;2025-07-25,2025-07-25,2,7916.746839256558,48279.18884510492,-0.4499921110419604,0.7992968171674875,1.0,10
2025-07-26,2025-07-27,2025-07-25,2025-06-29;2025-07-06;2025-07-13;2025-07-20,2025-07-19;2025-07-20;2025-07-21;2025-07-22;2025-07-23;2025-07-24;2025-07-25,2025-07-25,2,8527.11293175291,48004.74766863405,-0.44777851667984253,0.7992968171674875,1.0,10
2025-07-26,2025-07-27,2025-07-25,2025-06-29;2025-07-06;2025-07-13;2025-07-20,2025-07-19;2025-07-20;2025-07-21;2025-07-22;2025-07-23;2025-07-24;2025-07-25,2025-07-25,2,9683.246533337655,47487.202730978766,-0.44746228891382567,0.7992968171674875,1.0,10
2025-07-26,2025-07-27,2025-07-25,2025-06-29;2025-07-06;2025-07-13;2025-07-20,2025-07-19;2025-07-20;2025-07-21;2025-07-22;2025-07-23;2025-07-24;2025-07-25,2025-07-25,2,10009.430584957698,47341.24766863367,-0.4211205160046231,0.7992968171674875,1.0,10
2025-07-26,2025-07-27,2025-07-25,2025-06-29;2025-07-06;2025-07-13;2025-07-20,2025-07-19;2025-07-20;2025-07-21;2025-07-22;2025-07-23;2025-07-24;2025-07-25,2025-07-25,2,10306.771727635618,47216.03121319974,-0.4211205160046231,0.7992968171674875,1.0,10
2025-07-26,2025-07-27,2025-07-25,2025-06-29;2025-07-06;2025-07-13;2025-07-20,2025-07-19;2025-07-20;2025-07-21;2025-07-22;2025-07-23;2025-07-24;2025-07-25,2025-07-25,2,10800.0,47008.444771986615,-0.40499289993776433,0.7992968171674875,1.0,10
2025-07-27,2025-07-28,2025-07-26,2025-06-30;2025-07-07;2025-07-14;2025-07-21,2025-07-20;2025-07-21;2025-07-22;2025-07-23;2025-07-24;2025-07-25;2025-07-26,2025-07-26,2,1200.0,51572.39883817708,-0.4544192997661961,0.7992968171747634,1.0,11
2025-07-27,2025-07-28,2025-07-26,2025-06-30;2025-07-07;2025-07-14;2025-07-21,2025-07-20;2025-07-21;2025-07-22;2025-07-23;2025-07-24;2025-07-25;2025-07-26,2025-07-26,2,2819.4515877579524,50838.11898999619,-0.4525219331700951,0.7992968171747634,1.0,11
2025-07-27,2025-07-28,2025-07-26,2025-06-30;2025-07-07;2025-07-14;2025-07-21,2025-07-20;2025-07-21;2025-07-22;2025-07-23;2025-07-24;2025-07-25;2025-07-26,2025-07-26,2,4986.779671610041,49858.92367749579,-0.45104620359534986,0.7992968171747634,1.0,11
2025-07-27,2025-07-28,2025-07-26,2025-06-30;2025-07-07;2025-07-14;2025-07-21,2025-07-20;2025-07-21;2025-07-22;2025-07-23;2025-07-24;2025-07-25;2025-07-26,2025-07-26,2,7026.617868176681,48940.40652063268,-0.4499921110419604,0.7992968171747634,1.0,11
2025-07-27,2025-07-28,2025-07-26,2025-06-30;2025-07-07;2025-07-14;2025-07-21,2025-07-20;2025-07-21;2025-07-22;2025-07-23;2025-07-24;2025-07-25;2025-07-26,2025-07-26,2,7636.983960672024,48665.965344162265,-0.44777851667984253,0.7992968171747634,1.0,11
2025-07-27,2025-07-28,2025-07-26,2025-06-30;2025-07-07;2025-07-14;2025-07-21,2025-07-20;2025-07-21;2025-07-22;2025-07-23;2025-07-24;2025-07-25;2025-07-26,2025-07-26,2,9012.072774459346,48050.446206085195,-0.44746228891382567,0.7992968171747634,1.0,11
2025-07-27,2025-07-28,2025-07-26,2025-06-30;2025-07-07;2025-07-14;2025-07-21,2025-07-20;2025-07-21;2025-07-22;2025-07-23;2025-07-24;2025-07-25;2025-07-26,2025-07-26,2,9120.017398657958,48002.15746150138,-0.43013300733610277,0.7992968171747634,1.0,11
2025-07-27,2025-07-28,2025-07-26,2025-06-30;2025-07-07;2025-07-14;2025-07-21,2025-07-20;2025-07-21;2025-07-22;2025-07-23;2025-07-24;2025-07-25;2025-07-26,2025-07-26,2,9671.465538887378,47769.91893210214,-0.4211205160046231,0.7992968171747634,1.0,11
2025-07-27,2025-07-28,2025-07-26,2025-06-30;2025-07-07;2025-07-14;2025-07-21,2025-07-20;2025-07-21;2025-07-22;2025-07-23;2025-07-24;2025-07-25;2025-07-26,2025-07-26,2,10204.121669968164,47546.28126916803,-0.4175155194720311,0.7992968171747634,1.0,11
2025-07-27,2025-07-28,2025-07-26,2025-06-30;2025-07-07;2025-07-14;2025-07-21,2025-07-20;2025-07-21;2025-07-22;2025-07-23;2025-07-24;2025-07-25;2025-07-26,2025-07-26,2,10572.164167928762,47392.8857731857,-0.4149540745672947,0.7992968171747634,1.0,11
2025-07-27,2025-07-28,2025-07-26,2025-06-30;2025-07-07;2025-07-14;2025-07-21,2025-07-20;2025-07-21;2025-07-22;2025-07-23;2025-07-24;2025-07-25;2025-07-26,2025-07-26,2,10800.0,47298.34436633531,-0.40499289993776433,0.7992968171747634,1.0,11
2025-07-28,2025-07-29,2025-07-27,2025-07-01;2025-07-08;2025-07-15;2025-07-22,2025-07-21;2025-07-22;2025-07-23;2025-07-24;2025-07-25;2025-07-26;2025-07-27,2025-07-27,2,1200.0,54271.215885937694,-0.4544192997661961,0.7992968171747634,1.0,10
2025-07-28,2025-07-29,2025-07-27,2025-07-01;2025-07-08;2025-07-15;2025-07-22,2025-07-21;2025-07-22;2025-07-23;2025-07-24;2025-07-25;2025-07-26;2025-07-27,2025-07-27,2,2850.385326518956,53521.957274849876,-0.4534706164681456,0.7992968171747634,1.0,10
2025-07-28,2025-07-29,2025-07-27,2025-07-01;2025-07-08;2025-07-15;2025-07-22,2025-07-21;2025-07-22;2025-07-23;2025-07-24;2025-07-25;2025-07-26;2025-07-27,2025-07-27,2,3709.580558841014,53132.44425401564,-0.4525219331700951,0.7992968171747634,1.0,10
2025-07-28,2025-07-29,2025-07-27,2025-07-01;2025-07-08;2025-07-15;2025-07-22,2025-07-21;2025-07-22;2025-07-23;2025-07-24;2025-07-25;2025-07-26;2025-07-27,2025-07-27,2,5876.908642691462,52153.24894151597,-0.45104620359534986,0.7992968171747634,1.0,10
2025-07-28,2025-07-29,2025-07-27,2025-07-01;2025-07-08;2025-07-15;2025-07-22,2025-07-21;2025-07-22;2025-07-23;2025-07-24;2025-07-25;2025-07-26;2025-07-27,2025-07-27,2,7916.746839256558,51234.73178465356,-0.4499921110419604,0.7992968171747634,1.0,10
2025-07-28,2025-07-29,2025-07-27,2025-07-01;2025-07-08;2025-07-15;2025-07-22,2025-07-21;2025-07-22;2025-07-23;2025-07-24;2025-07-25;2025-07-26;2025-07-27,2025-07-27,2,8527.11293175291,50960.290608182695,-0.44777851667984253,0.7992968171747634,1.0,10
2025-07-28,2025-07-29,2025-07-27,2025-07-01;2025-07-08;2025-07-15;2025-07-22,2025-07-21;2025-07-22;2025-07-23;2025-07-24;2025-07-25;2025-07-26;2025-07-27,2025-07-27,2,9648.958237374894,50458.08838992185,-0.44746228891382567,0.7992968171747634,1.0,10
2025-07-28,2025-07-29,2025-07-27,2025-07-01;2025-07-08;2025-07-15;2025-07-22,2025-07-21;2025-07-22;2025-07-23;2025-07-24;2025-07-25;2025-07-26;2025-07-27,2025-07-27,2,10009.430584957972,50296.79060818219,-0.4211205160046231,0.7992968171747634,1.0,10
2025-07-28,2025-07-29,2025-07-27,2025-07-01;2025-07-08;2025-07-15;2025-07-22,2025-07-21;2025-07-22;2025-07-23;2025-07-24;2025-07-25;2025-07-26;2025-07-27,2025-07-27,2,10289.769751529608,50178.734033699235,-0.4211205160046231,0.7992968171747634,1.0,10
2025-07-28,2025-07-29,2025-07-27,2025-07-01;2025-07-08;2025-07-15;2025-07-22,2025-07-21;2025-07-22;2025-07-23;2025-07-24;2025-07-25;2025-07-26;2025-07-27,2025-07-27,2,10800.0,49963.935300008045,-0.4065107932146451,0.7992968171747634,1.0,10
2025-07-29,2025-07-30,2025-07-28,2025-07-02;2025-07-09;2025-07-16;2025-07-23,2025-07-22;2025-07-23;2025-07-24;2025-07-25;2025-07-26;2025-07-27;2025-07-28,2025-07-28,2,1200.0,54553.18581699261,-0.4544192997661961,0.7992968171674875,1.0,10
2025-07-29,2025-07-30,2025-07-28,2025-07-02;2025-07-09;2025-07-16;2025-07-23,2025-07-22;2025-07-23;2025-07-24;2025-07-25;2025-07-26;2025-07-27;2025-07-28,2025-07-28,2,2850.385326518956,53803.927205904794,-0.4534706164681456,0.7992968171674875,1.0,10
2025-07-29,2025-07-30,2025-07-28,2025-07-02;2025-07-09;2025-07-16;2025-07-23,2025-07-22;2025-07-23;2025-07-24;2025-07-25;2025-07-26;2025-07-27;2025-07-28,2025-07-28,2,3709.580558841014,53414.41418507056,-0.4525219331700951,0.7992968171674875,1.0,10
2025-07-29,2025-07-30,2025-07-28,2025-07-02;2025-07-09;2025-07-16;2025-07-23,2025-07-22;2025-07-23;2025-07-24;2025-07-25;2025-07-26;2025-07-27;2025-07-28,2025-07-28,2,5876.908642692508,52435.21887257042,-0.45104620359534986,0.7992968171674875,1.0,10
2025-07-29,2025-07-30,2025-07-28,2025-07-02;2025-07-09;2025-07-16;2025-07-23,2025-07-22;2025-07-23;2025-07-24;2025-07-25;2025-07-26;2025-07-27;2025-07-28,2025-07-28,2,7916.746839258588,51516.70171570757,-0.4499921110419604,0.7992968171674875,1.0,10
2025-07-29,2025-07-30,2025-07-28,2025-07-02;2025-07-09;2025-07-16;2025-07-23,2025-07-22;2025-07-23;2025-07-24;2025-07-25;2025-07-26;2025-07-27;2025-07-28,2025-07-28,2,8527.112931755786,51242.260539236326,-0.44777851667984253,0.7992968171674875,1.0,10
2025-07-29,2025-07-30,2025-07-28,2025-07-02;2025-07-09;2025-07-16;2025-07-23,2025-07-22;2025-07-23;2025-07-24;2025-07-25;2025-07-26;2025-07-27;2025-07-28,2025-07-28,2,9728.171578401932,50704.6133380883,-0.44746228891382567,0.7992968171674875,1.0,10
2025-07-29,2025-07-30,2025-07-28,2025-07-02;2025-07-09;2025-07-16;2025-07-23,2025-07-22;2025-07-23;2025-07-24;2025-07-25;2025-07-26;2025-07-27;2025-07-28,2025-07-28,2,10009.430584957698,50578.76053923722,-0.4211205160046231,0.7992968171674875,1.0,10
2025-07-29,2025-07-30,2025-07-28,2025-07-02;2025-07-09;2025-07-16;2025-07-23,2025-07-22;2025-07-23;2025-07-24;2025-07-25;2025-07-26;2025-07-27;2025-07-28,2025-07-28,2,10330.787400490179,50443.43059125858,-0.4211205160046231,0.7992968171674875,1.0,10
2025-07-29,2025-07-30,2025-07-28,2025-07-02;2025-07-09;2025-07-16;2025-07-23,2025-07-22;2025-07-23;2025-07-24;2025-07-25;2025-07-26;2025-07-27;2025-07-28,2025-07-28,2,10800.0,50245.8724933666,-0.4030006650118583,0.7992968171674875,1.0,10
2025-07-30,2025-07-31,2025-07-29,2025-07-03;2025-07-10;2025-07-17;2025-07-24,2025-07-23;2025-07-24;2025-07-25;2025-07-26;2025-07-27;2025-07-28;2025-07-29,2025-07-29,2,1200.0,55510.910261185985,-0.4544192997661961,0.7992968171674875,1.0,10
2025-07-30,2025-07-31,2025-07-29,2025-07-03;2025-07-10;2025-07-17;2025-07-24,2025-07-23;2025-07-24;2025-07-25;2025-07-26;2025-07-27;2025-07-28;2025-07-29,2025-07-29,2,2850.385326518956,54761.65165009817,-0.4534706164681456,0.7992968171674875,1.0,10
2025-07-30,2025-07-31,2025-07-29,2025-07-03;2025-07-10;2025-07-17;2025-07-24,2025-07-23;2025-07-24;2025-07-25;2025-07-26;2025-07-27;2025-07-28;2025-07-29,2025-07-29,2,3709.580558841014,54372.13862926393,-0.4525219331700951,0.7992968171674875,1.0,10
2025-07-30,2025-07-31,2025-07-29,2025-07-03;2025-07-10;2025-07-17;2025-07-24,2025-07-23;2025-07-24;2025-07-25;2025-07-26;2025-07-27;2025-07-28;2025-07-29,2025-07-29,2,5876.908642692508,53392.94331676379,-0.45104620359534986,0.7992968171674875,1.0,10
2025-07-30,2025-07-31,2025-07-29,2025-07-03;2025-07-10;2025-07-17;2025-07-24,2025-07-23;2025-07-24;2025-07-25;2025-07-26;2025-07-27;2025-07-28;2025-07-29,2025-07-29,2,7916.746839258588,52474.42615990093,-0.4499921110419604,0.7992968171674875,1.0,10
2025-07-30,2025-07-31,2025-07-29,2025-07-03;2025-07-10;2025-07-17;2025-07-24,2025-07-23;2025-07-24;2025-07-25;2025-07-26;2025-07-27;2025-07-28;2025-07-29,2025-07-29,2,8527.11293175291,52199.984983430986,-0.44777851667984253,0.7992968171674875,1.0,10
2025-07-30,2025-07-31,2025-07-29,2025-07-03;2025-07-10;2025-07-17;2025-07-24,2025-07-23;2025-07-24;2025-07-25;2025-07-26;2025-07-27;2025-07-28;2025-07-29,2025-07-29,2,9728.890269780026,51662.016194992604,-0.44746228891382567,0.7992968171674875,1.0,10
2025-07-30,2025-07-31,2025-07-29,2025-07-03;2025-07-10;2025-07-17;2025-07-24,2025-07-23;2025-07-24;2025-07-25;2025-07-26;2025-07-27;2025-07-28;2025-07-29,2025-07-29,2,10009.430584957698,51536.48498343059,-0.4211205160046231,0.7992968171674875,1.0,10
2025-07-30,2025-07-31,2025-07-29,2025-07-03;2025-07-10;2025-07-17;2025-07-24,2025-07-23;2025-07-24;2025-07-25;2025-07-26;2025-07-27;2025-07-28;2025-07-29,2025-07-29,2,10331.618547133692,51400.805022548564,-0.4211205160046231,0.7992968171674875,1.0,10
2025-07-30,2025-07-31,2025-07-29,2025-07-03;2025-07-10;2025-07-17;2025-07-24,2025-07-23;2025-07-24;2025-07-25;2025-07-26;2025-07-27;2025-07-28;2025-07-29,2025-07-29,2,10800.0,51203.5599834305,-0.4030006650118583,0.7992968171674875,1.0,10
2025-07-31,2025-08-01,2025-07-30,2025-07-04;2025-07-11;2025-07-18;2025-07-25,2025-07-24;2025-07-25;2025-07-26;2025-07-27;2025-07-28;2025-07-29;2025-07-30,2025-07-30,2,1200.0,28843.162134227456,-0.4499921110419604,0.8530520676358719,1.0,9
2025-07-31,2025-08-01,2025-07-30,2025-07-04;2025-07-11;2025-07-18;2025-07-25,2025-07-24;2025-07-25;2025-07-26;2025-07-27;2025-07-28;2025-07-29;2025-07-30,2025-07-30,2,2071.717358062206,28451.114950041123,-0.44777851667984253,0.8530520676358719,1.0,9
2025-07-31,2025-08-01,2025-07-30,2025-07-04;2025-07-11;2025-07-18;2025-07-25,2025-07-24;2025-07-25;2025-07-26;2025-07-27;2025-07-28;2025-07-29;2025-07-30,2025-07-30,2,3424.1495652022018,27845.733789033482,-0.44746228891382567,0.8530520676358719,1.0,9
2025-07-31,2025-08-01,2025-07-30,2025-07-04;2025-07-11;2025-07-18;2025-07-25,2025-07-24;2025-07-25;2025-07-26;2025-07-27;2025-07-28;2025-07-29;2025-07-30,2025-07-30,2,3574.7863957228,27778.876116310923,-0.4211205160046231,0.8530520676358719,1.0,9
2025-07-31,2025-08-01,2025-07-30,2025-07-04;2025-07-11;2025-07-18;2025-07-25,2025-07-24;2025-07-25;2025-07-26;2025-07-27;2025-07-28;2025-07-29;2025-07-30,2025-07-30,2,4616.691140156926,27340.85810085961,-0.41950775439793714,0.8530520676358719,1.0,9
2025-07-31,2025-08-01,2025-07-30,2025-07-04;2025-07-11;2025-07-18;2025-07-25,2025-07-24;2025-07-25;2025-07-26;2025-07-27;2025-07-28;2025-07-29;2025-07-30,2025-07-30,2,5529.205648124226,26959.639096251187,-0.4169463094932008,0.8530520676358719,1.0,9
2025-07-31,2025-08-01,2025-07-30,2025-07-04;2025-07-11;2025-07-18;2025-07-25,2025-07-24;2025-07-25;2025-07-26;2025-07-27;2025-07-28;2025-07-29;2025-07-30,2025-07-30,2,7799.940870177092,26014.217135325114,-0.41533354788651494,0.8530520676358719,1.0,9
2025-07-31,2025-08-01,2025-07-30,2025-07-04;2025-07-11;2025-07-18;2025-07-25,2025-07-24;2025-07-25;2025-07-26;2025-07-27;2025-07-28;2025-07-29;2025-07-30,2025-07-30,2,10160.425872068676,25035.610908786715,-0.4140053912692442,0.8530520676358719,1.0,9
2025-07-31,2025-08-01,2025-07-30,2025-07-04;2025-07-11;2025-07-18;2025-07-25,2025-07-24;2025-07-25;2025-07-26;2025-07-27;2025-07-28;2025-07-29;2025-07-30,2025-07-30,2,10800.0,24770.92011654657,-0.4030006650118583,0.8530520676358719,1.0,9
2025-08-01,2025-08-02,2025-07-31,2025-07-05;2025-07-12;2025-07-19;2025-07-26,2025-07-25;2025-07-26;2025-07-27;2025-07-28;2025-07-29;2025-07-30;2025-07-31,2025-07-31,2,1200.0,29044.69633852732,-0.4499921110419604,0.8750922372855712,1.0,9
2025-08-01,2025-08-02,2025-07-31,2025-07-05;2025-07-12;2025-07-19;2025-07-26,2025-07-25;2025-07-26;2025-07-27;2025-07-28;2025-07-29;2025-07-30;2025-07-31,2025-07-31,2,1998.3333952316648,28685.671358691725,-0.44777851667984253,0.8750922372855712,1.0,9
2025-08-01,2025-08-02,2025-07-31,2025-07-05;2025-07-12;2025-07-19;2025-07-26,2025-07-25;2025-07-26;2025-07-27;2025-07-28;2025-07-29;2025-07-30;2025-07-31,2025-07-31,2,3350.7656023727604,28080.290197683593,-0.44746228891382567,0.8750922372855712,1.0,9
2025-08-01,2025-08-02,2025-07-31,2025-07-05;2025-07-12;2025-07-19;2025-07-26,2025-07-25;2025-07-26;2025-07-27;2025-07-28;2025-07-29;2025-07-30;2025-07-31,2025-07-31,2,3505.441153507975,28011.731736851805,-0.4211205160046231,0.8750922372855712,1.0,9
2025-08-01,2025-08-02,2025-07-31,2025-07-05;2025-07-12;2025-07-19;2025-07-26,2025-07-25;2025-07-26;2025-07-27;2025-07-28;2025-07-29;2025-07-30;2025-07-31,2025-07-31,2,4575.280382193197,27561.964525889944,-0.41950775439793714,0.8750922372855712,1.0,9
2025-08-01,2025-08-02,2025-07-31,2025-07-05;2025-07-12;2025-07-19;2025-07-26,2025-07-25;2025-07-26;2025-07-27;2025-07-28;2025-07-29;2025-07-30;2025-07-31,2025-07-31,2,5482.124750374057,27183.095076228194,-0.4169463094932008,0.8750922372855712,1.0,9
2025-08-01,2025-08-02,2025-07-31,2025-07-05;2025-07-12;2025-07-19;2025-07-26,2025-07-25;2025-07-26;2025-07-27;2025-07-28;2025-07-29;2025-07-30;2025-07-31,2025-07-31,2,7820.280022691872,26209.59030961872,-0.41533354788651494,0.8750922372855712,1.0,9
2025-08-01,2025-08-02,2025-07-31,2025-07-05;2025-07-12;2025-07-19;2025-07-26,2025-07-25;2025-07-26;2025-07-27;2025-07-28;2025-07-29;2025-07-30;2025-07-31,2025-07-31,2,10166.102888072623,25237.026551182913,-0.4140053912692442,0.8750922372855712,1.0,9
2025-08-01,2025-08-02,2025-07-31,2025-07-05;2025-07-12;2025-07-19;2025-07-26,2025-07-25;2025-07-26;2025-07-27;2025-07-28;2025-07-29;2025-07-30;2025-07-31,2025-07-31,2,10800.0,24974.66672031211,-0.4030006650118583,0.8750922372855712,1.0,9
2025-08-02,2025-08-03,2025-08-01,2025-07-06;2025-07-13;2025-07-20;2025-07-27,2025-07-26;2025-07-27;2025-07-28;2025-07-29;2025-07-30;2025-07-31;2025-08-01,2025-08-01,2,1200.0,56390.20007105489,-0.4544192997661961,0.7992968171747634,1.0,10
2025-08-02,2025-08-03,2025-08-01,2025-07-06;2025-07-13;2025-07-20;2025-07-27,2025-07-26;2025-07-27;2025-07-28;2025-07-29;2025-07-30;2025-07-31;2025-08-01,2025-08-01,2,2850.3853265227904,55640.941459965325,-0.4534706164681456,0.7992968171747634,1.0,10
2025-08-02,2025-08-03,2025-08-01,2025-07-06;2025-07-13;2025-07-20;2025-07-27,2025-07-26;2025-07-27;2025-07-28;2025-07-29;2025-07-30;2025-07-31;2025-08-01,2025-08-01,2,3709.580558841014,55251.428439132826,-0.4525219331700951,0.7992968171747634,1.0,10
2025-08-02,2025-08-03,2025-08-01,2025-07-06;2025-07-13;2025-07-20;2025-07-27,2025-07-26;2025-07-27;2025-07-28;2025-07-29;2025-07-30;2025-07-31;2025-08-01,2025-08-01,2,5876.908642692508,54272.233126632695,-0.45104620359534986,0.7992968171747634,1.0,10
2025-08-02,2025-08-03,2025-08-01,2025-07-06;2025-07-13;2025-07-20;2025-07-27,2025-07-26;2025-07-27;2025-07-28;2025-07-29;2025-07-30;2025-07-31;2025-08-01,2025-08-01,2,7916.746839258588,53353.71596976984,-0.4499921110419604,0.7992968171747634,1.0,10
2025-08-02,2025-08-03,2025-08-01,2025-07-06;2025-07-13;2025-07-20;2025-07-27,2025-07-26;2025-07-27;2025-07-28;2025-07-29;2025-07-30;2025-07-31;2025-08-01,2025-08-01,2,8527.11293175291,53079.27479329988,-0.44777851667984253,0.7992968171747634,1.0,10
2025-08-02,2025-08-03,2025-08-01,2025-07-06;2025-07-13;2025-07-20;2025-07-27,2025-07-26;2025-07-27;2025-07-28;2025-07-29;2025-07-30;2025-07-31;2025-08-01,2025-08-01,2,9728.225611870968,52541.60341421084,-0.44746228891382567,0.7992968171747634,1.0,10
2025-08-02,2025-08-03,2025-08-01,2025-07-06;2025-07-13;2025-07-20;2025-07-27,2025-07-26;2025-07-27;2025-07-28;2025-07-29;2025-07-30;2025-07-31;2025-08-01,2025-08-01,2,10009.430584957972,52415.77479329938,-0.4211205160046231,0.7992968171747634,1.0,10
2025-08-02,2025-08-03,2025-08-01,2025-07-06;2025-07-13;2025-07-20;2025-07-27,2025-07-26;2025-07-27;2025-07-28;2025-07-29;2025-07-30;2025-07-31;2025-08-01,2025-08-01,2,10330.849888698325,52280.41853025439,-0.4211205160046231,0.7992968171747634,1.0,10
2025-08-02,2025-08-03,2025-08-01,2025-07-06;2025-07-13;2025-07-20;2025-07-27,2025-07-26;2025-07-27;2025-07-28;2025-07-29;2025-07-30;2025-07-31;2025-08-01,2025-08-01,2,10800.0,52082.88396910167,-0.4030006650118583,0.7992968171747634,1.0,10
2025-08-03,2025-08-04,2025-08-02,2025-07-07;2025-07-14;2025-07-21;2025-07-28,2025-07-27;2025-07-28;2025-07-29;2025-07-30;2025-07-31;2025-08-01;2025-08-02,2025-08-02,2,1200.0,56049.83899227157,-0.4544192997661961,0.7992968171674875,1.0,10
2025-08-03,2025-08-04,2025-08-02,2025-07-07;2025-07-14;2025-07-21;2025-07-28,2025-07-27;2025-07-28;2025-07-29;2025-07-30;2025-07-31;2025-08-01;2025-08-02,2025-08-02,2,2850.385326518956,55300.580381183754,-0.4534706164681456,0.7992968171674875,1.0,10
2025-08-03,2025-08-04,2025-08-02,2025-07-07;2025-07-14;2025-07-21;2025-07-28,2025-07-27;2025-07-28;2025-07-29;2025-07-30;2025-07-31;2025-08-01;2025-08-02,2025-08-02,2,3709.580558841014,54911.067360349516,-0.4525219331700951,0.7992968171674875,1.0,10
2025-08-03,2025-08-04,2025-08-02,2025-07-07;2025-07-14;2025-07-21;2025-07-28,2025-07-27;2025-07-28;2025-07-29;2025-07-30;2025-07-31;2025-08-01;2025-08-02,2025-08-02,2,5876.908642692508,53931.87204784938,-0.45104620359534986,0.7992968171674875,1.0,10
2025-08-03,2025-08-04,2025-08-02,2025-07-07;2025-07-14;2025-07-21;2025-07-28,2025-07-27;2025-07-28;2025-07-29;2025-07-30;2025-07-31;2025-08-01;2025-08-02,2025-08-02,2,7916.746839258588,53013.35489098653,-0.4499921110419604,0.7992968171674875,1.0,10
2025-08-03,2025-08-04,2025-08-02,2025-07-07;2025-07-14;2025-07-21;2025-07-28,2025-07-27;2025-07-28;2025-07-29;2025-07-30;2025-07-31;2025-08-01;2025-08-02,2025-08-02,2,8527.112931755786,52738.91371451528,-0.44777851667984253,0.7992968171674875,1.0,10
2025-08-03,2025-08-04,2025-08-02,2025-07-07;2025-07-14;2025-07-21;2025-07-28,2025-07-27;2025-07-28;2025-07-29;2025-07-30;2025-07-31;2025-08-01;2025-08-02,2025-08-02,2,9728.890269780026,52200.94492607819,-0.44746228891382567,0.7992968171674875,1.0,10
2025-08-03,2025-08-04,2025-08-02,2025-07-07;2025-07-14;2025-07-21;2025-07-28,2025-07-27;2025-07-28;2025-07-29;2025-07-30;2025-07-31;2025-08-01;2025-08-02,2025-08-02,2,10009.430584957698,52075.41371451618,-0.4211205160046231,0.7992968171674875,1.0,10
2025-08-03,2025-08-04,2025-08-02,2025-07-07;2025-07-14;2025-07-21;2025-07-28,2025-07-27;2025-07-28;2025-07-29;2025-07-30;2025-07-31;2025-08-01;2025-08-02,2025-08-02,2,10331.618547133692,51939.73375363415,-0.4211205160046231,0.7992968171674875,1.0,10
2025-08-03,2025-08-04,2025-08-02,2025-07-07;2025-07-14;2025-07-21;2025-07-28,2025-07-27;2025-07-28;2025-07-29;2025-07-30;2025-07-31;2025-08-01;2025-08-02,2025-08-02,2,10800.0,51742.48871451609,-0.4030006650118583,0.7992968171674875,1.0,10
2025-08-04,2025-08-05,2025-08-03,2025-07-08;2025-07-15;2025-07-22;2025-07-29,2025-07-28;2025-07-29;2025-07-30;2025-07-31;2025-08-01;2025-08-02;2025-08-03,2025-08-03,2,1200.0,47556.25014861607,-0.4544192997661961,0.7992968171674875,1.0,10
2025-08-04,2025-08-05,2025-08-03,2025-07-08;2025-07-15;2025-07-22;2025-07-29,2025-07-28;2025-07-29;2025-07-30;2025-07-31;2025-08-01;2025-08-02;2025-08-03,2025-08-03,2,2850.385326518956,46806.99153752825,-0.4534706164681456,0.7992968171674875,1.0,10
2025-08-04,2025-08-05,2025-08-03,2025-07-08;2025-07-15;2025-07-22;2025-07-29,2025-07-28;2025-07-29;2025-07-30;2025-07-31;2025-08-01;2025-08-02;2025-08-03,2025-08-03,2,3709.580558841014,46417.47851669401,-0.4525219331700951,0.7992968171674875,1.0,10
2025-08-04,2025-08-05,2025-08-03,2025-07-08;2025-07-15;2025-07-22;2025-07-29,2025-07-28;2025-07-29;2025-07-30;2025-07-31;2025-08-01;2025-08-02;2025-08-03,2025-08-03,2,5876.908642691462,45438.28320419435,-0.45104620359534986,0.7992968171674875,1.0,10
2025-08-04,2025-08-05,2025-08-03,2025-07-08;2025-07-15;2025-07-22;2025-07-29,2025-07-28;2025-07-29;2025-07-30;2025-07-31;2025-08-01;2025-08-02;2025-08-03,2025-08-03,2,7916.746839256558,44519.766047331934,-0.4499921110419604,0.7992968171674875,1.0,10
2025-08-04,2025-08-05,2025-08-03,2025-07-08;2025-07-15;2025-07-22;2025-07-29,2025-07-28;2025-07-29;2025-07-30;2025-07-31;2025-08-01;2025-08-02;2025-08-03,2025-08-03,2,8527.11293175291,44245.32487086106,-0.44777851667984253,0.7992968171674875,1.0,10
2025-08-04,2025-08-05,2025-08-03,2025-07-08;2025-07-15;2025-07-22;2025-07-29,2025-07-28;2025-07-29;2025-07-30;2025-07-31;2025-08-01;2025-08-02;2025-08-03,2025-08-03,2,9684.154027311746,43727.37386387495,-0.44746228891382567,0.7992968171674875,1.0,10
2025-08-04,2025-08-05,2025-08-03,2025-07-08;2025-07-15;2025-07-22;2025-07-29,2025-07-28;2025-07-29;2025-07-30;2025-07-31;2025-08-01;2025-08-02;2025-08-03,2025-08-03,2,10009.430584957972,43581.82487086056,-0.4211205160046231,0.7992968171674875,1.0,10
2025-08-04,2025-08-05,2025-08-03,2025-07-08;2025-07-15;2025-07-22;2025-07-29,2025-07-28;2025-07-29;2025-07-30;2025-07-31;2025-08-01;2025-08-02;2025-08-03,2025-08-03,2,10307.827880339642,43456.16364785505,-0.4211205160046231,0.7992968171674875,1.0,10
2025-08-04,2025-08-05,2025-08-03,2025-07-08;2025-07-15;2025-07-22;2025-07-29,2025-07-28;2025-07-29;2025-07-30;2025-07-31;2025-08-01;2025-08-02;2025-08-03,2025-08-03,2,10800.0,43248.97712005362,-0.40499289993776433,0.7992968171674875,1.0,10
2025-08-05,2025-08-06,2025-08-04,2025-07-09;2025-07-16;2025-07-23;2025-07-30,2025-07-29;2025-07-30;2025-07-31;2025-08-01;2025-08-02;2025-08-03;2025-08-04,2025-08-04,2,1200.0,46565.69266808631,-0.4544192997661961,0.7992968171747634,1.0,10
2025-08-05,2025-08-06,2025-08-04,2025-07-09;2025-07-16;2025-07-23;2025-07-30,2025-07-29;2025-07-30;2025-07-31;2025-08-01;2025-08-02;2025-08-03;2025-08-04,2025-08-04,2,2850.385326518956,45816.43405699849,-0.4534706164681456,0.7992968171747634,1.0,10
2025-08-05,2025-08-06,2025-08-04,2025-07-09;2025-07-16;2025-07-23;2025-07-30,2025-07-29;2025-07-30;2025-07-31;2025-08-01;2025-08-02;2025-08-03;2025-08-04,2025-08-04,2,3709.580558838857,45426.92103616523,-0.4525219331700951,0.7992968171747634,1.0,10
2025-08-05,2025-08-06,2025-08-04,2025-07-09;2025-07-16;2025-07-23;2025-07-30,2025-07-29;2025-07-30;2025-07-31;2025-08-01;2025-08-02;2025-08-03;2025-08-04,2025-08-04,2,5876.908642691462,44447.7257236646,-0.45104620359534986,0.7992968171747634,1.0,10
2025-08-05,2025-08-06,2025-08-04,2025-07-09;2025-07-16;2025-07-23;2025-07-30,2025-07-29;2025-07-30;2025-07-31;2025-08-01;2025-08-02;2025-08-03;2025-08-04,2025-08-04,2,7916.746839258588,43529.208566801266,-0.4499921110419604,0.7992968171747634,1.0,10
2025-08-05,2025-08-06,2025-08-04,2025-07-09;2025-07-16;2025-07-23;2025-07-30,2025-07-29;2025-07-30;2025-07-31;2025-08-01;2025-08-02;2025-08-03;2025-08-04,2025-08-04,2,8527.11293175291,43254.76739033131,-0.44777851667984253,0.7992968171747634,1.0,10
2025-08-05,2025-08-06,2025-08-04,2025-07-09;2025-07-16;2025-07-23;2025-07-30,2025-07-29;2025-07-30;2025-07-31;2025-08-01;2025-08-02;2025-08-03;2025-08-04,2025-08-04,2,9684.71659932648,42736.5646535838,-0.44746228891382567,0.7992968171747634,1.0,10
2025-08-05,2025-08-06,2025-08-04,2025-07-09;2025-07-16;2025-07-23;2025-07-30,2025-07-29;2025-07-30;2025-07-31;2025-08-01;2025-08-02;2025-08-03;2025-08-04,2025-08-04,2,10009.430584958249,42591.267390330686,-0.4211205160046231,0.7992968171747634,1.0,10
2025-08-05,2025-08-06,2025-08-04,2025-07-09;2025-07-16;2025-07-23;2025-07-30,2025-07-29;2025-07-30;2025-07-31;2025-08-01;2025-08-02;2025-08-03;2025-08-04,2025-08-04,2,10308.482608603998,42465.33044782076,-0.4211205160046231,0.7992968171747634,1.0,10
2025-08-05,2025-08-06,2025-08-04,2025-07-09;2025-07-16;2025-07-23;2025-07-30,2025-07-29;2025-07-30;2025-07-31;2025-08-01;2025-08-02;2025-08-03;2025-08-04,2025-08-04,2,10800.0,42258.39183361453,-0.40499289993776433,0.7992968171747634,1.0,10
2025-08-06,2025-08-07,2025-08-05,2025-07-10;2025-07-17;2025-07-24;2025-07-31,2025-07-30;2025-07-31;2025-08-01;2025-08-02;2025-08-03;2025-08-04;2025-08-05,2025-08-05,2,1200.0,45575.143847682266,-0.4544192997661961,0.7992968171747634,1.0,10
2025-08-06,2025-08-07,2025-08-05,2025-07-10;2025-07-17;2025-07-24;2025-07-31,2025-07-30;2025-07-31;2025-08-01;2025-08-02;2025-08-03;2025-08-04;2025-08-05,2025-08-05,2,2850.3853265227904,44825.8852365927,-0.4534706164681456,0.7992968171747634,1.0,10
2025-08-06,2025-08-07,2025-08-05,2025-07-10;2025-07-17;2025-07-24;2025-07-31,2025-07-30;2025-07-31;2025-08-01;2025-08-02;2025-08-03;2025-08-04;2025-08-05,2025-08-05,2,3709.580558841014,44436.3722157602,-0.4525219331700951,0.7992968171747634,1.0,10
2025-08-06,2025-08-07,2025-08-05,2025-07-10;2025-07-17;2025-07-24;2025-07-31,2025-07-30;2025-07-31;2025-08-01;2025-08-02;2025-08-03;2025-08-04;2025-08-05,2025-08-05,2,5876.908642692508,43457.17690326007,-0.45104620359534986,0.7992968171747634,1.0,10
2025-08-06,2025-08-07,2025-08-05,2025-07-10;2025-07-17;2025-07-24;2025-07-31,2025-07-30;2025-07-31;2025-08-01;2025-08-02;2025-08-03;2025-08-04;2025-08-05,2025-08-05,2,7916.746839258588,42538.659746397214,-0.4499921110419604,0.7992968171747634,1.0,10
2025-08-06,2025-08-07,2025-08-05,2025-07-10;2025-07-17;2025-07-24;2025-07-31,2025-07-30;2025-07-31;2025-08-01;2025-08-02;2025-08-03;2025-08-04;2025-08-05,2025-08-05,2,8527.11293175291,42264.21856992726,-0.44777851667984253,0.7992968171747634,1.0,10
2025-08-06,2025-08-07,2025-08-05,2025-07-10;2025-07-17;2025-07-24;2025-07-31,2025-07-30;2025-07-31;2025-08-01;2025-08-02;2025-08-03;2025-08-04;2025-08-05,2025-08-05,2,9684.158760230452,41746.2654451385,-0.44746228891382567,0.7992968171747634,1.0,10
2025-08-06,2025-08-07,2025-08-05,2025-07-10;2025-07-17;2025-07-24;2025-07-31,2025-07-30;2025-07-31;2025-08-01;2025-08-02;2025-08-03;2025-08-04;2025-08-05,2025-08-05,2,10009.430584957972,41600.71856992675,-0.4211205160046231,0.7992968171747634,1.0,10
2025-08-06,2025-08-07,2025-08-05,2025-07-10;2025-07-17;2025-07-24;2025-07-31,2025-07-30;2025-07-31;2025-08-01;2025-08-02;2025-08-03;2025-08-04;2025-08-05,2025-08-05,2,10307.833388568759,41475.055027292954,-0.4211205160046231,0.7992968171747634,1.0,10
2025-08-06,2025-08-07,2025-08-05,2025-07-10;2025-07-17;2025-07-24;2025-07-31,2025-07-30;2025-07-31;2025-08-01;2025-08-02;2025-08-03;2025-08-04;2025-08-05,2025-08-05,2,10800.0,41267.870585188684,-0.40499289993776433,0.7992968171747634,1.0,10
2025-08-07,2025-08-08,2025-08-06,2025-07-11;2025-07-18;2025-07-25;2025-08-01,2025-07-31;2025-08-01;2025-08-02;2025-08-03;2025-08-04;2025-08-05;2025-08-06,2025-08-06,2,1200.0,23270.534615316305,-0.44777851667984253,0.6395095009174838,1.0,10
2025-08-07,2025-08-08,2025-08-06,2025-07-11;2025-07-18;2025-07-25;2025-08-01,2025-07-31;2025-08-01;2025-08-02;2025-08-03;2025-08-04;2025-08-05;2025-08-06,2025-08-06,2,2421.71856244399,22723.722324025854,-0.44746228891382567,0.6395095009174838,1.0,10
2025-08-07,2025-08-08,2025-08-06,2025-07-11;2025-07-18;2025-07-25;2025-08-01,2025-07-31;2025-08-01;2025-08-02;2025-08-03;2025-08-04;2025-08-05;2025-08-06,2025-08-06,2,2578.7308966204146,22657.354174437438,-0.4211205160046231,0.6395095009174838,1.0,10
2025-08-07,2025-08-08,2025-08-06,2025-07-11;2025-07-18;2025-07-25;2025-08-01,2025-07-31;2025-08-01;2025-08-02;2025-08-03;2025-08-04;2025-08-05;2025-08-06,2025-08-06,2,3537.8714597416133,22254.27823197455,-0.41950775439793714,0.6395095009174838,1.0,10
2025-08-07,2025-08-08,2025-08-06,2025-07-11;2025-07-18;2025-07-25;2025-08-01,2025-07-31;2025-08-01;2025-08-02;2025-08-03;2025-08-04;2025-08-05;2025-08-06,2025-08-06,2,4824.428680099191,21717.25922766434,-0.4167565728335907,0.6395095009174838,1.0,10
2025-08-07,2025-08-08,2025-08-06,2025-07-11;2025-07-18;2025-07-25;2025-08-01,2025-07-31;2025-08-01;2025-08-02;2025-08-03;2025-08-04;2025-08-05;2025-08-06,2025-08-06,2,6023.182793873128,21217.90111738198,-0.4163770995143705,0.6395095009174838,1.0,10
2025-08-07,2025-08-08,2025-08-06,2025-07-11;2025-07-18;2025-07-25;2025-08-01,2025-07-31;2025-08-01;2025-08-02;2025-08-03;2025-08-04;2025-08-05;2025-08-06,2025-08-06,2,7148.024153978231,20750.913065920315,-0.4149540745672947,0.6395095009174838,1.0,10
2025-08-07,2025-08-08,2025-08-06,2025-07-11;2025-07-18;2025-07-25;2025-08-01,2025-07-31;2025-08-01;2025-08-02;2025-08-03;2025-08-04;2025-08-05;2025-08-06,2025-08-06,2,8405.199791742745,20229.813179970046,-0.4142899962586593,0.6395095009174838,1.0,10
2025-08-07,2025-08-08,2025-08-06,2025-07-11;2025-07-18;2025-07-25;2025-08-01,2025-07-31;2025-08-01;2025-08-02;2025-08-03;2025-08-04;2025-08-05;2025-08-06,2025-08-06,2,9888.864371116864,19615.983047351547,-0.41334131296060883,0.6395095009174838,1.0,10
2025-08-07,2025-08-08,2025-08-06,2025-07-11;2025-07-18;2025-07-25;2025-08-01,2025-07-31;2025-08-01;2025-08-02;2025-08-03;2025-08-04;2025-08-05;2025-08-06,2025-08-06,2,10800.0,19239.434101383795,-0.4030006650118583,0.6395095009174838,1.0,10
2025-08-08,2025-08-09,2025-08-07,2025-07-12;2025-07-19;2025-07-26;2025-08-02,2025-08-01;2025-08-02;2025-08-03;2025-08-04;2025-08-05;2025-08-06;2025-08-07,2025-08-07,2,1200.0,23318.895758697287,-0.44777851667984253,0.6448512837741873,1.0,10
2025-08-08,2025-08-09,2025-08-07,2025-07-12;2025-07-19;2025-07-26;2025-08-02,2025-08-01;2025-08-02;2025-08-03;2025-08-04;2025-08-05;2025-08-06;2025-08-07,2025-08-07,2,2316.830001846747,22819.05031148775,-0.44746228891382567,0.6448512837741873,1.0,10
2025-08-08,2025-08-09,2025-08-07,2025-07-12;2025-07-19;2025-07-26;2025-08-02,2025-08-01;2025-08-02;2025-08-03;2025-08-04;2025-08-05;2025-08-06;2025-08-07,2025-08-07,2,2473.3868409602496,22752.873980215274,-0.4211205160046231,0.6448512837741873,1.0,10
2025-08-08,2025-08-09,2025-08-07,2025-07-12;2025-07-19;2025-07-26;2025-08-02,2025-08-01;2025-08-02;2025-08-03;2025-08-04;2025-08-05;2025-08-06;2025-08-07,2025-08-07,2,3429.7449233709876,22350.972961916043,-0.41950775439793714,0.6448512837741873,1.0,10
2025-08-08,2025-08-09,2025-08-07,2025-07-12;2025-07-19;2025-07-26;2025-08-02,2025-08-01;2025-08-02;2025-08-03;2025-08-04;2025-08-05;2025-08-06;2025-08-07,2025-08-07,2,4740.429163255326,21803.895699184075,-0.4167565728335907,0.6448512837741873,1.0,10
2025-08-08,2025-08-09,2025-08-07,2025-07-12;2025-07-19;2025-07-26;2025-08-02,2025-08-01;2025-08-02;2025-08-03;2025-08-04;2025-08-05;2025-08-06;2025-08-07,2025-08-07,2,5890.979214566405,21324.623271208864,-0.4163770995143705,0.6448512837741873,1.0,10
2025-08-08,2025-08-09,2025-08-07,2025-07-12;2025-07-19;2025-07-26;2025-08-02,2025-08-01;2025-08-02;2025-08-03;2025-08-04;2025-08-05;2025-08-06;2025-08-07,2025-08-07,2,7018.810472628691,20856.398226968853,-0.4149540745672947,0.6448512837741873,1.0,10
2025-08-08,2025-08-09,2025-08-07,2025-07-12;2025-07-19;2025-07-26;2025-08-02,2025-08-01;2025-08-02;2025-08-03;2025-08-04;2025-08-05;2025-08-06;2025-08-07,2025-08-07,2,8279.327761051232,20333.907895756114,-0.4142899962586593,0.6448512837741873,1.0,10
2025-08-08,2025-08-09,2025-08-07,2025-07-12;2025-07-19;2025-07-26;2025-08-02,2025-08-01;2025-08-02;2025-08-03;2025-08-04;2025-08-05;2025-08-06;2025-08-07,2025-08-07,2,9853.000469396655,19682.87749863763,-0.41334131296060883,0.6448512837741873,1.0,10
2025-08-08,2025-08-09,2025-08-07,2025-07-12;2025-07-19;2025-07-26;2025-08-02,2025-08-01;2025-08-02;2025-08-03;2025-08-04;2025-08-05;2025-08-06;2025-08-07,2025-08-07,2,10800.0,19291.556562670194,-0.4030006650118583,0.6448512837741873,1.0,10
2025-08-09,2025-08-10,2025-08-08,2025-07-13;2025-07-20;2025-07-27;2025-08-03,2025-08-02;2025-08-03;2025-08-04;2025-08-05;2025-08-06;2025-08-07;2025-08-08,2025-08-08,2,1200.0,42718.966189421124,-0.4534706164681456,0.8963972016135813,1.0,11
2025-08-09,2025-08-10,2025-08-08,2025-07-13;2025-07-20;2025-07-27;2025-08-03,2025-08-02;2025-08-03;2025-08-04;2025-08-05;2025-08-06;2025-08-07;2025-08-08,2025-08-08,2,3524.725208221687,41666.077171685356,-0.45167865912738353,0.8963972016135813,1.0,11
2025-08-09,2025-08-10,2025-08-08,2025-07-13;2025-07-20;2025-07-27;2025-08-03,2025-08-02;2025-08-03;2025-08-04;2025-08-05;2025-08-06;2025-08-07;2025-08-08,2025-08-08,2,5258.430065767376,40884.06986174508,-0.45030833880797727,0.8963972016135813,1.0,11
2025-08-09,2025-08-10,2025-08-08,2025-07-13;2025-07-20;2025-07-27;2025-08-03,2025-08-02;2025-08-03;2025-08-04;2025-08-05;2025-08-06;2025-08-07;2025-08-08,2025-08-08,2,7184.768796373641,40016.947542058384,-0.4499921110419604,0.8963972016135813,1.0,11
2025-08-09,2025-08-10,2025-08-08,2025-07-13;2025-07-20;2025-07-27;2025-08-03,2025-08-02;2025-08-03;2025-08-04;2025-08-05;2025-08-06;2025-08-07;2025-08-08,2025-08-08,2,8269.468490760652,39531.261259949766,-0.44746228891382567,0.8963972016135813,1.0,11
2025-08-09,2025-08-10,2025-08-08,2025-07-13;2025-07-20;2025-07-27;2025-08-03,2025-08-02;2025-08-03;2025-08-04;2025-08-05;2025-08-06;2025-08-07;2025-08-08,2025-08-08,2,8795.18797516683,39296.02161613078,-0.4335482672090848,0.8963972016135813,1.0,11
2025-08-09,2025-08-10,2025-08-08,2025-07-13;2025-07-20;2025-07-27;2025-08-03,2025-08-02;2025-08-03;2025-08-04;2025-08-05;2025-08-06;2025-08-07;2025-08-08,2025-08-08,2,8956.259968250119,39226.18913263361,-0.4335482672090848,0.8963972016135813,1.0,11
2025-08-09,2025-08-10,2025-08-08,2025-07-13;2025-07-20;2025-07-27;2025-08-03,2025-08-02;2025-08-03;2025-08-04;2025-08-05;2025-08-06;2025-08-07;2025-08-08,2025-08-08,2,9139.213121397468,39146.902647167735,-0.4211205160046231,0.8963972016135813,1.0,11
2025-08-09,2025-08-10,2025-08-08,2025-07-13;2025-07-20;2025-07-27;2025-08-03,2025-08-02;2025-08-03;2025-08-04;2025-08-05;2025-08-06;2025-08-07;2025-08-08,2025-08-08,2,10257.174348263132,38676.7685032501,-0.41950775439793714,0.8963972016135813,1.0,11
2025-08-09,2025-08-10,2025-08-08,2025-07-13;2025-07-20;2025-07-27;2025-08-03,2025-08-02;2025-08-03;2025-08-04;2025-08-05;2025-08-06;2025-08-07;2025-08-08,2025-08-08,2,10692.00327347681,38494.558413844854,-0.4175155194720311,0.8963972016135813,1.0,11
2025-08-09,2025-08-10,2025-08-08,2025-07-13;2025-07-20;2025-07-27;2025-08-03,2025-08-02;2025-08-03;2025-08-04;2025-08-05;2025-08-06;2025-08-07;2025-08-08,2025-08-08,2,10800.0,38449.46810446924,-0.4030006650118583,0.8963972016135813,1.0,11
2025-08-10,2025-08-11,2025-08-09,2025-07-14;2025-07-21;2025-07-28;2025-08-04,2025-08-03;2025-08-04;2025-08-05;2025-08-06;2025-08-07;2025-08-08;2025-08-09,2025-08-09,2,1200.0,42739.048750070266,-0.4544192997661961,0.782424679659016,1.0,10
2025-08-10,2025-08-11,2025-08-09,2025-07-14;2025-07-21;2025-07-28;2025-08-04,2025-08-03;2025-08-04;2025-08-05;2025-08-06;2025-08-07;2025-08-08;2025-08-09,2025-08-09,2,2810.1463077256453,42008.997400725784,-0.4525219331700951,0.782424679659016,1.0,10
2025-08-10,2025-08-11,2025-08-09,2025-07-14;2025-07-21;2025-07-28;2025-08-04,2025-08-03;2025-08-04;2025-08-05;2025-08-06;2025-08-07;2025-08-08;2025-08-09,2025-08-09,2,4818.333795042356,41101.58185013056,-0.45104620359534986,0.782424679659016,1.0,10
2025-08-10,2025-08-11,2025-08-09,2025-07-14;2025-07-21;2025-07-28;2025-08-04,2025-08-03;2025-08-04;2025-08-05;2025-08-06;2025-08-07;2025-08-08;2025-08-09,2025-08-09,2,6891.301523885394,40167.98891618282,-0.4499921110419604,0.782424679659016,1.0,10
2025-08-10,2025-08-11,2025-08-09,2025-07-14;2025-07-21;2025-07-28;2025-08-04,2025-08-03;2025-08-04;2025-08-05;2025-08-06;2025-08-07;2025-08-08;2025-08-09,2025-08-09,2,7732.489019755623,39789.91193670983,-0.44777851667984253,0.782424679659016,1.0,10
2025-08-10,2025-08-11,2025-08-09,2025-07-14;2025-07-21;2025-07-28;2025-08-04,2025-08-03;2025-08-04;2025-08-05;2025-08-06;2025-08-07;2025-08-08;2025-08-09,2025-08-09,2,9092.428124621807,39181.20486600238,-0.44746228891382567,0.782424679659016,1.0,10
2025-08-10,2025-08-11,2025-08-09,2025-07-14;2025-07-21;2025-07-28;2025-08-04,2025-08-03;2025-08-04;2025-08-05;2025-08-06;2025-08-07;2025-08-08;2025-08-09,2025-08-09,2,9210.788429092772,39129.64551664822,-0.4335482672090848,0.782424679659016,1.0,10
2025-08-10,2025-08-11,2025-08-09,2025-07-14;2025-07-21;2025-07-28;2025-08-04,2025-08-03;2025-08-04;2025-08-05;2025-08-06;2025-08-07;2025-08-08;2025-08-09,2025-08-09,2,9539.863136635207,38988.02988147811,-0.4211205160046231,0.782424679659016,1.0,10
2025-08-10,2025-08-11,2025-08-09,2025-07-14;2025-07-21;2025-07-28;2025-08-04,2025-08-03;2025-08-04;2025-08-05;2025-08-06;2025-08-07;2025-08-08;2025-08-09,2025-08-09,2,10220.806659074677,38701.31465944045,-0.41950775439793714,0.782424679659016,1.0,10
2025-08-10,2025-08-11,2025-08-09,2025-07-14;2025-07-21;2025-07-28;2025-08-04,2025-08-03;2025-08-04;2025-08-05;2025-08-06;2025-08-07;2025-08-08;2025-08-09,2025-08-09,2,10800.0,38458.33856162663,-0.4030006650118583,0.782424679659016,1.0,10
2025-08-11,2025-08-12,2025-08-10,2025-07-15;2025-07-22;2025-07-29;2025-08-05,2025-08-04;2025-08-05;2025-08-06;2025-08-07;2025-08-08;2025-08-09;2025-08-10,2025-08-10,2,1200.0,42664.255614892056,-0.4544192997661961,0.8026774072350236,1.0,10
2025-08-11,2025-08-12,2025-08-10,2025-07-15;2025-07-22;2025-07-29;2025-08-05,2025-08-04;2025-08-05;2025-08-06;2025-08-07;2025-08-08;2025-08-09;2025-08-10,2025-08-10,2,2892.5859608596716,41896.74209609744,-0.4525219331700951,0.8026774072350236,1.0,10
2025-08-11,2025-08-12,2025-08-10,2025-07-15;2025-07-22;2025-07-29;2025-08-05,2025-08-04;2025-08-05;2025-08-06;2025-08-07;2025-08-08;2025-08-09;2025-08-10,2025-08-10,2,4900.773448175423,40989.326545502656,-0.45104620359534986,0.8026774072350236,1.0,10
2025-08-11,2025-08-12,2025-08-10,2025-07-15;2025-07-22;2025-07-29;2025-08-05,2025-08-04;2025-08-05;2025-08-06;2025-08-07;2025-08-08;2025-08-09;2025-08-10,2025-08-10,2,6973.741177017471,40055.733611555355,-0.4499921110419604,0.8026774072350236,1.0,10
2025-08-11,2025-08-12,2025-08-10,2025-07-15;2025-07-22;2025-07-29;2025-08-05,2025-08-04;2025-08-05;2025-08-06;2025-08-07;2025-08-08;2025-08-09;2025-08-10,2025-08-10,2,7814.928672887993,39677.65663208224,-0.44777851667984253,0.8026774072350236,1.0,10
2025-08-11,2025-08-12,2025-08-10,2025-07-15;2025-07-22;2025-07-29;2025-08-05,2025-08-04;2025-08-05;2025-08-06;2025-08-07;2025-08-08;2025-08-09;2025-08-10,2025-08-10,2,9174.867777753852,39068.94956137493,-0.44746228891382567,0.8026774072350236,1.0,10
2025-08-11,2025-08-12,2025-08-10,2025-07-15;2025-07-22;2025-07-29;2025-08-05,2025-08-04;2025-08-05;2025-08-06;2025-08-07;2025-08-08;2025-08-09;2025-08-10,2025-08-10,2,9279.572199382688,39023.310696364184,-0.4335482672090848,0.8026774072350236,1.0,10
2025-08-11,2025-08-12,2025-08-10,2025-07-15;2025-07-22;2025-07-29;2025-08-05,2025-08-04;2025-08-05;2025-08-06;2025-08-07;2025-08-08;2025-08-09;2025-08-10,2025-08-10,2,9586.195678754819,38890.37461819677,-0.4211205160046231,0.8026774072350236,1.0,10
2025-08-11,2025-08-12,2025-08-10,2025-07-15;2025-07-22;2025-07-29;2025-08-05,2025-08-04;2025-08-05;2025-08-06;2025-08-07;2025-08-08;2025-08-09;2025-08-10,2025-08-10,2,10280.260323074717,38598.089757040216,-0.4211205160046231,0.8026774072350236,1.0,10
2025-08-11,2025-08-12,2025-08-10,2025-07-15;2025-07-22;2025-07-29;2025-08-05,2025-08-04;2025-08-05;2025-08-06;2025-08-07;2025-08-08;2025-08-09;2025-08-10,2025-08-10,2,10800.0,38380.00865888686,-0.4030006650118583,0.8026774072350236,1.0,10
2025-08-12,2025-08-13,2025-08-11,2025-07-16;2025-07-23;2025-07-30;2025-08-06,2025-08-05;2025-08-06;2025-08-07;2025-08-08;2025-08-09;2025-08-10;2025-08-11,2025-08-11,2,1200.0,42927.35283709016,-0.4544192997661961,0.8790353744116146,1.0,9
2025-08-12,2025-08-13,2025-08-11,2025-07-16;2025-07-23;2025-07-30;2025-08-06,2025-08-05;2025-08-06;2025-08-07;2025-08-08;2025-08-09;2025-08-10;2025-08-11,2025-08-11,2,3064.640108586011,42081.65459296388,-0.4525219331700951,0.8790353744116146,1.0,9
2025-08-12,2025-08-13,2025-08-11,2025-07-16;2025-07-23;2025-07-30;2025-08-06,2025-08-05;2025-08-06;2025-08-07;2025-08-08;2025-08-09;2025-08-10;2025-08-11,2025-08-11,2,5072.827595903611,41174.23904236825,-0.45104620359534986,0.8790353744116146,1.0,9
2025-08-12,2025-08-13,2025-08-11,2025-07-16;2025-07-23;2025-07-30;2025-08-06,2025-08-05;2025-08-06;2025-08-07;2025-08-08;2025-08-09;2025-08-10;2025-08-11,2025-08-11,2,7145.795324747567,40240.64610842009,-0.4499921110419604,0.8790353744116146,1.0,9
2025-08-12,2025-08-13,2025-08-11,2025-07-16;2025-07-23;2025-07-30;2025-08-06,2025-08-05;2025-08-06;2025-08-07;2025-08-08;2025-08-09;2025-08-10;2025-08-11,2025-08-11,2,7986.982820615334,39862.56912894821,-0.44777851667984253,0.8790353744116146,1.0,9
2025-08-12,2025-08-13,2025-08-11,2025-07-16;2025-07-23;2025-07-30;2025-08-06,2025-08-05;2025-08-06;2025-08-07;2025-08-08;2025-08-09;2025-08-10;2025-08-11,2025-08-11,2,9403.585044097383,39229.05141690576,-0.4335482672090848,0.8790353744116146,1.0,9
2025-08-12,2025-08-13,2025-08-11,2025-07-16;2025-07-23;2025-07-30;2025-08-06,2025-08-05;2025-08-06;2025-08-07;2025-08-08;2025-08-09;2025-08-10;2025-08-11,2025-08-11,2,9782.686629777056,39064.692581338124,-0.4211205160046231,0.8790353744116146,1.0,9
2025-08-12,2025-08-13,2025-08-11,2025-07-16;2025-07-23;2025-07-30;2025-08-06,2025-08-05;2025-08-06;2025-08-07;2025-08-08;2025-08-09;2025-08-10;2025-08-11,2025-08-11,2,10371.449917283877,38816.75228189867,-0.4211205160046231,0.8790353744116146,1.0,9
2025-08-12,2025-08-13,2025-08-11,2025-07-16;2025-07-23;2025-07-30;2025-08-06,2025-08-05;2025-08-06;2025-08-07;2025-08-08;2025-08-09;2025-08-10;2025-08-11,2025-08-11,2,10800.0,38636.72930991773,-0.4030006650118583,0.8790353744116146,1.0,9
2025-08-13,2025-08-14,2025-08-12,2025-07-17;2025-07-24;2025-07-31;2025-08-07,2025-08-06;2025-08-07;2025-08-08;2025-08-09;2025-08-10;2025-08-11;2025-08-12,2025-08-12,2,1200.0,42822.11595995423,-0.4544192997661961,0.889192400733009,1.0,10
2025-08-13,2025-08-14,2025-08-12,2025-07-17;2025-07-24;2025-07-31;2025-08-07,2025-08-06;2025-08-07;2025-08-08;2025-08-09;2025-08-10;2025-08-11;2025-08-12,2025-08-12,2,3090.1985316111886,41964.80347513372,-0.4525219331700951,0.889192400733009,1.0,10
2025-08-13,2025-08-14,2025-08-12,2025-07-17;2025-07-24;2025-07-31;2025-08-07,2025-08-06;2025-08-07;2025-08-08;2025-08-09;2025-08-10;2025-08-11;2025-08-12,2025-08-12,2,5257.5266154628835,40985.60816263349,-0.45104620359534986,0.889192400733009,1.0,10
2025-08-13,2025-08-14,2025-08-12,2025-07-17;2025-07-24;2025-07-31;2025-08-07,2025-08-06;2025-08-07;2025-08-08;2025-08-09;2025-08-10;2025-08-11;2025-08-12,2025-08-12,2,7297.364812029153,40067.09100577055,-0.4499921110419604,0.889192400733009,1.0,10
2025-08-13,2025-08-14,2025-08-12,2025-07-17;2025-07-24;2025-07-31;2025-08-07,2025-08-06;2025-08-07;2025-08-08;2025-08-09;2025-08-10;2025-08-11;2025-08-12,2025-08-12,2,7907.730904523817,39792.64982930044,-0.44777851667984253,0.889192400733009,1.0,10
2025-08-13,2025-08-14,2025-08-12,2025-07-17;2025-07-24;2025-07-31;2025-08-07,2025-08-06;2025-08-07;2025-08-08;2025-08-09;2025-08-10;2025-08-11;2025-08-12,2025-08-12,2,9357.568922891618,39143.6832410473,-0.44746228891382567,0.889192400733009,1.0,10
2025-08-13,2025-08-14,2025-08-12,2025-07-17;2025-07-24;2025-07-31;2025-08-07,2025-08-06;2025-08-07;2025-08-08;2025-08-09;2025-08-10;2025-08-11;2025-08-12,2025-08-12,2,9574.868755987358,39049.02135259974,-0.4335482672090848,0.889192400733009,1.0,10
2025-08-13,2025-08-14,2025-08-12,2025-07-17;2025-07-24;2025-07-31;2025-08-07,2025-08-06;2025-08-07;2025-08-08;2025-08-09;2025-08-10;2025-08-11;2025-08-12,2025-08-12,2,9781.79213317357,38959.310080975614,-0.4211205160046231,0.889192400733009,1.0,10
2025-08-13,2025-08-14,2025-08-12,2025-07-17;2025-07-24;2025-07-31;2025-08-07,2025-08-06;2025-08-07;2025-08-08;2025-08-09;2025-08-10;2025-08-11;2025-08-12,2025-08-12,2,10029.20653095887,38855.11880211329,-0.4211205160046231,0.889192400733009,1.0,10
2025-08-13,2025-08-14,2025-08-12,2025-07-17;2025-07-24;2025-07-31;2025-08-07,2025-08-06;2025-08-07;2025-08-08;2025-08-09;2025-08-10;2025-08-11;2025-08-12,2025-08-12,2,10800.0,38530.98485734086,-0.40499289993776433,0.889192400733009,1.0,10
2025-08-14,2025-08-15,2025-08-13,2025-07-18;2025-07-25;2025-08-01;2025-08-08,2025-08-07;2025-08-08;2025-08-09;2025-08-10;2025-08-11;2025-08-12;2025-08-13,2025-08-13,2,1200.0,21533.439308252815,-0.44777851667984253,0.5454709290752362,1.0,10
2025-08-14,2025-08-15,2025-08-13,2025-07-18;2025-07-25;2025-08-01;2025-08-08,2025-08-07;2025-08-08;2025-08-09;2025-08-10;2025-08-11;2025-08-12;2025-08-13,2025-08-13,2,2509.2064526061813,20947.45181927809,-0.44746228891382567,0.5454709290752362,1.0,10
2025-08-14,2025-08-15,2025-08-13,2025-07-18;2025-07-25;2025-08-01;2025-08-08,2025-08-07;2025-08-08;2025-08-09;2025-08-10;2025-08-11;2025-08-12;2025-08-13,2025-08-13,2,2647.9774218208554,20888.765482714996,-0.4211205160046231,0.5454709290752362,1.0,10
2025-08-14,2025-08-15,2025-08-13,2025-07-18;2025-07-25;2025-08-01;2025-08-08,2025-08-07;2025-08-08;2025-08-09;2025-08-10;2025-08-11;2025-08-12;2025-08-13,2025-08-13,2,3495.687038110491,20532.443469532103,-0.41950775439793714,0.5454709290752362,1.0,10
2025-08-14,2025-08-15,2025-08-13,2025-07-18;2025-07-25;2025-08-01;2025-08-08,2025-08-07;2025-08-08;2025-08-09;2025-08-10;2025-08-11;2025-08-12;2025-08-13,2025-08-13,2,4834.045310947981,19974.00796466979,-0.4167565728335907,0.5454709290752362,1.0,10
2025-08-14,2025-08-15,2025-08-13,2025-07-18;2025-07-25;2025-08-01;2025-08-08,2025-08-07;2025-08-08;2025-08-09;2025-08-10;2025-08-11;2025-08-12;2025-08-13,2025-08-13,2,5839.430965087061,19555.42088424111,-0.41533354788651494,0.5454709290752362,1.0,10
2025-08-14,2025-08-15,2025-08-13,2025-07-18;2025-07-25;2025-08-01;2025-08-08,2025-08-07;2025-08-08;2025-08-09;2025-08-10;2025-08-11;2025-08-12;2025-08-13,2025-08-13,2,6824.2899964548715,19146.615912928453,-0.41466946957787953,0.5454709290752362,1.0,10
2025-08-14,2025-08-15,2025-08-13,2025-07-18;2025-07-25;2025-08-01;2025-08-08,2025-08-07;2025-08-08;2025-08-09;2025-08-10;2025-08-11;2025-08-12;2025-08-13,2025-08-13,2,8268.7499091277,18548.06532056801,-0.4140053912692442,0.5454709290752362,1.0,10
2025-08-14,2025-08-15,2025-08-13,2025-07-18;2025-07-25;2025-08-01;2025-08-08,2025-08-07;2025-08-08;2025-08-09;2025-08-10;2025-08-11;2025-08-12;2025-08-13,2025-08-13,2,9764.005309186414,17929.73350922463,-0.4132464446308038,0.5454709290752362,1.0,10
2025-08-14,2025-08-15,2025-08-13,2025-07-18;2025-07-25;2025-08-01;2025-08-08,2025-08-07;2025-08-08;2025-08-09;2025-08-10;2025-08-11;2025-08-12;2025-08-13,2025-08-13,2,10800.0,17501.908182250612,-0.4030006650118583,0.5454709290752362,1.0,10
2025-08-15,2025-08-16,2025-08-14,2025-07-19;2025-07-26;2025-08-02;2025-08-09,2025-08-08;2025-08-09;2025-08-10;2025-08-11;2025-08-12;2025-08-13;2025-08-14,2025-08-14,2,1200.0,21739.898770302723,-0.44777851667984253,0.5458486916904803,1.0,10
2025-08-15,2025-08-16,2025-08-14,2025-07-19;2025-07-26;2025-08-02;2025-08-09,2025-08-08;2025-08-09;2025-08-10;2025-08-11;2025-08-12;2025-08-13;2025-08-14,2025-08-14,2,2489.428477447293,21162.767433707577,-0.44746228891382567,0.5458486916904803,1.0,10
2025-08-15,2025-08-16,2025-08-14,2025-07-19;2025-07-26;2025-08-02;2025-08-09,2025-08-08;2025-08-09;2025-08-10;2025-08-11;2025-08-12;2025-08-13;2025-08-14,2025-08-14,2,2630.1749705157017,21103.249163519817,-0.4211205160046231,0.5458486916904803,1.0,10
2025-08-15,2025-08-16,2025-08-14,2025-07-19;2025-07-26;2025-08-02;2025-08-09,2025-08-08;2025-08-09;2025-08-10;2025-08-11;2025-08-12;2025-08-13;2025-08-14,2025-08-14,2,3489.952460781411,20741.847287586155,-0.41950775439793714,0.5458486916904803,1.0,10
2025-08-15,2025-08-16,2025-08-14,2025-07-19;2025-07-26;2025-08-02;2025-08-09,2025-08-08;2025-08-09;2025-08-10;2025-08-11;2025-08-12;2025-08-13;2025-08-14,2025-08-14,2,4817.317396476344,20187.991161670263,-0.4167565728335907,0.5458486916904803,1.0,10
2025-08-15,2025-08-16,2025-08-14,2025-07-19;2025-07-26;2025-08-02;2025-08-09,2025-08-08;2025-08-09;2025-08-10;2025-08-11;2025-08-12;2025-08-13;2025-08-14,2025-08-14,2,5812.348469573835,19773.728985189795,-0.41533354788651494,0.5458486916904803,1.0,10
2025-08-15,2025-08-16,2025-08-14,2025-07-19;2025-07-26;2025-08-02;2025-08-09,2025-08-08;2025-08-09;2025-08-10;2025-08-11;2025-08-12;2025-08-13;2025-08-14,2025-08-14,2,6791.175397118338,19367.415778929797,-0.41466946957787953,0.5458486916904803,1.0,10
2025-08-15,2025-08-16,2025-08-14,2025-07-19;2025-07-26;2025-08-02;2025-08-09,2025-08-08;2025-08-09;2025-08-10;2025-08-11;2025-08-12;2025-08-13;2025-08-14,2025-08-14,2,8226.788224183649,18772.526975621317,-0.4140053912692442,0.5458486916904803,1.0,10
2025-08-15,2025-08-16,2025-08-14,2025-07-19;2025-07-26;2025-08-02;2025-08-09,2025-08-08;2025-08-09;2025-08-10;2025-08-11;2025-08-12;2025-08-13;2025-08-14,2025-08-14,2,9749.700660539327,18142.772819603404,-0.4132464446308038,0.5458486916904803,1.0,10
2025-08-15,2025-08-16,2025-08-14,2025-07-19;2025-07-26;2025-08-02;2025-08-09,2025-08-08;2025-08-09;2025-08-10;2025-08-11;2025-08-12;2025-08-13;2025-08-14,2025-08-14,2,10800.0,17709.116684373446,-0.4030006650118583,0.5458486916904803,1.0,10
2025-08-16,2025-08-17,2025-08-15,2025-07-20;2025-07-27;2025-08-03;2025-08-10,2025-08-09;2025-08-10;2025-08-11;2025-08-12;2025-08-13;2025-08-14;2025-08-15,2025-08-15,2,1200.0,44269.10370857449,-0.4544192997661961,0.7992968171674875,1.0,10
2025-08-16,2025-08-17,2025-08-15,2025-07-20;2025-07-27;2025-08-03;2025-08-10,2025-08-09;2025-08-10;2025-08-11;2025-08-12;2025-08-13;2025-08-14;2025-08-15,2025-08-15,2,2850.3853265227904,43519.845097484926,-0.4534706164681456,0.7992968171674875,1.0,10
2025-08-16,2025-08-17,2025-08-15,2025-07-20;2025-07-27;2025-08-03;2025-08-10,2025-08-09;2025-08-10;2025-08-11;2025-08-12;2025-08-13;2025-08-14;2025-08-15,2025-08-15,2,3709.580558843171,43130.33207665145,-0.4525219331700951,0.7992968171674875,1.0,10
2025-08-16,2025-08-17,2025-08-15,2025-07-20;2025-07-27;2025-08-03;2025-08-10,2025-08-09;2025-08-10;2025-08-11;2025-08-12;2025-08-13;2025-08-14;2025-08-15,2025-08-15,2,5876.908642693554,42151.136764151815,-0.45104620359534986,0.7992968171674875,1.0,10
2025-08-16,2025-08-17,2025-08-15,2025-07-20;2025-07-27;2025-08-03;2025-08-10,2025-08-09;2025-08-10;2025-08-11;2025-08-12;2025-08-13;2025-08-14;2025-08-15,2025-08-15,2,7916.746839258588,41232.61960728944,-0.4499921110419604,0.7992968171674875,1.0,10
2025-08-16,2025-08-17,2025-08-15,2025-07-20;2025-07-27;2025-08-03;2025-08-10,2025-08-09;2025-08-10;2025-08-11;2025-08-12;2025-08-13;2025-08-14;2025-08-15,2025-08-15,2,8527.112931755786,40958.178430818196,-0.44777851667984253,0.7992968171674875,1.0,10
2025-08-16,2025-08-17,2025-08-15,2025-07-20;2025-07-27;2025-08-03;2025-08-10,2025-08-09;2025-08-10;2025-08-11;2025-08-12;2025-08-13;2025-08-14;2025-08-15,2025-08-15,2,9727.003761479951,40421.05378370311,-0.44746228891382567,0.7992968171674875,1.0,10
2025-08-16,2025-08-17,2025-08-15,2025-07-20;2025-07-27;2025-08-03;2025-08-10,2025-08-09;2025-08-10;2025-08-11;2025-08-12;2025-08-13;2025-08-14;2025-08-15,2025-08-15,2,10009.430584957698,40294.67843081909,-0.4211205160046231,0.7992968171674875,1.0,10
2025-08-16,2025-08-17,2025-08-15,2025-07-20;2025-07-27;2025-08-03;2025-08-10,2025-08-09;2025-08-10;2025-08-11;2025-08-12;2025-08-13;2025-08-14;2025-08-15,2025-08-15,2,10329.436852612958,40159.91722625939,-0.4211205160046231,0.7992968171674875,1.0,10
2025-08-16,2025-08-17,2025-08-15,2025-07-20;2025-07-27;2025-08-03;2025-08-10,2025-08-09;2025-08-10;2025-08-11;2025-08-12;2025-08-13;2025-08-14;2025-08-15,2025-08-15,2,10800.0,39961.85043250025,-0.4030006650118583,0.7992968171674875,1.0,10
2025-08-17,2025-08-18,2025-08-16,2025-07-21;2025-07-28;2025-08-04;2025-08-11,2025-08-10;2025-08-11;2025-08-12;2025-08-13;2025-08-14;2025-08-15;2025-08-16,2025-08-16,2,1200.0,42660.0820728216,-0.4544192997661961,0.9954299444507342,1.0,10
2025-08-17,2025-08-18,2025-08-16,2025-07-21;2025-07-28;2025-08-04;2025-08-11,2025-08-10;2025-08-11;2025-08-12;2025-08-13;2025-08-14;2025-08-15;2025-08-16,2025-08-16,2,3406.5452325210713,41659.01554169026,-0.4525219331700951,0.9954299444507342,1.0,10
2025-08-17,2025-08-18,2025-08-16,2025-07-21;2025-07-28;2025-08-04;2025-08-11,2025-08-10;2025-08-11;2025-08-12;2025-08-13;2025-08-14;2025-08-15;2025-08-16,2025-08-16,2,5573.873316373744,40679.8202291896,-0.45104620359534986,0.9954299444507342,1.0,10
2025-08-17,2025-08-18,2025-08-16,2025-07-21;2025-07-28;2025-08-04;2025-08-11,2025-08-10;2025-08-11;2025-08-12;2025-08-13;2025-08-14;2025-08-15;2025-08-16,2025-08-16,2,7613.711512940934,39761.303072326235,-0.4499921110419604,0.9954299444507342,1.0,10
2025-08-17,2025-08-18,2025-08-16,2025-07-21;2025-07-28;2025-08-04;2025-08-11,2025-08-10;2025-08-11;2025-08-12;2025-08-13;2025-08-14;2025-08-15;2025-08-16,2025-08-16,2,8224.077605431536,39486.861895857954,-0.44777851667984253,0.9954299444507342,1.0,10
2025-08-17,2025-08-18,2025-08-16,2025-07-21;2025-07-28;2025-08-04;2025-08-11,2025-08-10;2025-08-11;2025-08-12;2025-08-13;2025-08-14;2025-08-15;2025-08-16,2025-08-16,2,9603.604328995665,38869.35696051416,-0.44746228891382567,0.9954299444507342,1.0,10
2025-08-17,2025-08-18,2025-08-16,2025-07-21;2025-07-28;2025-08-04;2025-08-11,2025-08-10;2025-08-11;2025-08-12;2025-08-13;2025-08-14;2025-08-15;2025-08-16,2025-08-16,2,9849.363905990354,38761.37808653196,-0.4335482672090848,0.9954299444507342,1.0,10
2025-08-17,2025-08-18,2025-08-16,2025-07-21;2025-07-28;2025-08-04;2025-08-11,2025-08-10;2025-08-11;2025-08-12;2025-08-13;2025-08-14;2025-08-15;2025-08-16,2025-08-16,2,10009.430584957941,38691.98145522765,-0.4211205160046231,0.9954299444507342,1.0,10
2025-08-17,2025-08-18,2025-08-16,2025-07-21;2025-07-28;2025-08-04;2025-08-11,2025-08-10;2025-08-11;2025-08-12;2025-08-13;2025-08-14;2025-08-15;2025-08-16,2025-08-16,2,10234.14545472598,38597.34941331702,-0.4211205160046231,0.9954299444507342,1.0,10
2025-08-17,2025-08-18,2025-08-16,2025-07-21;2025-07-28;2025-08-04;2025-08-11,2025-08-10;2025-08-11;2025-08-12;2025-08-13;2025-08-14;2025-08-15;2025-08-16,2025-08-16,2,10800.0,38359.17382709516,-0.4030006650118583,0.9954299444507342,1.0,10
2025-08-18,2025-08-19,2025-08-17,2025-07-22;2025-07-29;2025-08-05;2025-08-12,2025-08-11;2025-08-12;2025-08-13;2025-08-14;2025-08-15;2025-08-16;2025-08-17,2025-08-17,2,1200.0,42572.96408092136,-0.4544192997661961,0.9010883685841691,1.0,9
2025-08-18,2025-08-19,2025-08-17,2025-07-22;2025-07-29;2025-08-05;2025-08-12,2025-08-11;2025-08-12;2025-08-13;2025-08-14;2025-08-15;2025-08-16;2025-08-17,2025-08-17,2,3121.0380944214385,41701.637503563514,-0.4525219331700951,0.9010883685841691,1.0,9
2025-08-18,2025-08-19,2025-08-17,2025-07-22;2025-07-29;2025-08-05;2025-08-12,2025-08-11;2025-08-12;2025-08-13;2025-08-14;2025-08-15;2025-08-16;2025-08-17,2025-08-17,2,5129.225581737566,40794.22195296856,-0.45104620359534986,0.9010883685841691,1.0,9
2025-08-18,2025-08-19,2025-08-17,2025-07-22;2025-07-29;2025-08-05;2025-08-12,2025-08-11;2025-08-12;2025-08-13;2025-08-14;2025-08-15;2025-08-16;2025-08-17,2025-08-17,2,7202.193310580002,39860.629019021086,-0.4499921110419604,0.9010883685841691,1.0,9
2025-08-18,2025-08-19,2025-08-17,2025-07-22;2025-07-29;2025-08-05;2025-08-12,2025-08-11;2025-08-12;2025-08-13;2025-08-14;2025-08-15;2025-08-16;2025-08-17,2025-08-17,2,8043.380806447994,39482.552039549104,-0.44777851667984253,0.9010883685841691,1.0,9
2025-08-18,2025-08-19,2025-08-17,2025-07-22;2025-07-29;2025-08-05;2025-08-12,2025-08-11;2025-08-12;2025-08-13;2025-08-14;2025-08-15;2025-08-16;2025-08-17,2025-08-17,2,9445.605851529943,38855.267528289376,-0.4335482672090848,0.9010883685841691,1.0,9
2025-08-18,2025-08-19,2025-08-17,2025-07-22;2025-07-29;2025-08-05;2025-08-12,2025-08-11;2025-08-12;2025-08-13;2025-08-14;2025-08-15;2025-08-16;2025-08-17,2025-08-17,2,9855.108374006239,38677.728419252024,-0.4211205160046231,0.9010883685841691,1.0,9
2025-08-18,2025-08-19,2025-08-17,2025-07-22;2025-07-29;2025-08-05;2025-08-12,2025-08-11;2025-08-12;2025-08-13;2025-08-14;2025-08-15;2025-08-16;2025-08-17,2025-08-17,2,10403.647807797113,38446.72720984513,-0.4211205160046231,0.9010883685841691,1.0,9
2025-08-18,2025-08-19,2025-08-17,2025-07-22;2025-07-29;2025-08-05;2025-08-12,2025-08-11;2025-08-12;2025-08-13;2025-08-14;2025-08-15;2025-08-16;2025-08-17,2025-08-17,2,10800.0,38280.17990119947,-0.4030006650118583,0.9010883685841691,1.0,9
2025-08-19,2025-08-20,2025-08-18,2025-07-23;2025-07-30;2025-08-06;2025-08-13,2025-08-12;2025-08-13;2025-08-14;2025-08-15;2025-08-16;2025-08-17;2025-08-18,2025-08-18,2,1200.0,44026.33144101037,-0.4544192997661961,0.7992968171674875,1.0,10
2025-08-19,2025-08-20,2025-08-18,2025-07-23;2025-07-30;2025-08-06;2025-08-13,2025-08-12;2025-08-13;2025-08-14;2025-08-15;2025-08-16;2025-08-17;2025-08-18,2025-08-18,2,2850.385326518956,43277.07282992255,-0.4534706164681456,0.7992968171674875,1.0,10
2025-08-19,2025-08-20,2025-08-18,2025-07-23;2025-07-30;2025-08-06;2025-08-13,2025-08-12;2025-08-13;2025-08-14;2025-08-15;2025-08-16;2025-08-17;2025-08-18,2025-08-18,2,3709.580558841014,42887.559809088314,-0.4525219331700951,0.7992968171674875,1.0,10
2025-08-19,2025-08-20,2025-08-18,2025-07-23;2025-07-30;2025-08-06;2025-08-13,2025-08-12;2025-08-13;2025-08-14;2025-08-15;2025-08-16;2025-08-17;2025-08-18,2025-08-18,2,5876.908642691462,41908.36449658865,-0.45104620359534986,0.7992968171674875,1.0,10
2025-08-19,2025-08-20,2025-08-18,2025-07-23;2025-07-30;2025-08-06;2025-08-13,2025-08-12;2025-08-13;2025-08-14;2025-08-15;2025-08-16;2025-08-17;2025-08-18,2025-08-18,2,7916.746839256558,40989.847339726235,-0.4499921110419604,0.7992968171674875,1.0,10
2025-08-19,2025-08-20,2025-08-18,2025-07-23;2025-07-30;2025-08-06;2025-08-13,2025-08-12;2025-08-13;2025-08-14;2025-08-15;2025-08-16;2025-08-17;2025-08-18,2025-08-18,2,8527.11293175291,40715.406163255364,-0.44777851667984253,0.7992968171674875,1.0,10
2025-08-19,2025-08-20,2025-08-18,2025-07-23;2025-07-30;2025-08-06;2025-08-13,2025-08-12;2025-08-13;2025-08-14;2025-08-15;2025-08-16;2025-08-17;2025-08-18,2025-08-18,2,9684.132242566038,40197.46490412143,-0.44746228891382567,0.7992968171674875,1.0,10
2025-08-19,2025-08-20,2025-08-18,2025-07-23;2025-07-30;2025-08-06;2025-08-13,2025-08-12;2025-08-13;2025-08-14;2025-08-15;2025-08-16;2025-08-17;2025-08-18,2025-08-18,2,10009.430584957972,40051.90616325486,-0.4211205160046231,0.7992968171674875,1.0,10
2025-08-19,2025-08-20,2025-08-18,2025-07-23;2025-07-30;2025-08-06;2025-08-13,2025-08-12;2025-08-13;2025-08-14;2025-08-15;2025-08-16;2025-08-17;2025-08-18,2025-08-18,2,10307.80252698332,39926.25561706785,-0.4211205160046231,0.7992968171674875,1.0,10
2025-08-19,2025-08-20,2025-08-18,2025-07-23;2025-07-30;2025-08-06;2025-08-13,2025-08-12;2025-08-13;2025-08-14;2025-08-15;2025-08-16;2025-08-17;2025-08-18,2025-08-18,2,10800.0,39719.05948918947,-0.40499289993776433,0.7992968171674875,1.0,10
2025-08-20,2025-08-21,2025-08-19,2025-07-24;2025-07-31;2025-08-07;2025-08-14,2025-08-13;2025-08-14;2025-08-15;2025-08-16;2025-08-17;2025-08-18;2025-08-19,2025-08-19,2,1200.0,42228.997105928196,-0.4544192997661961,0.8358823021189892,1.0,10
2025-08-20,2025-08-21,2025-08-19,2025-07-24;2025-07-31;2025-08-07;2025-08-14,2025-08-13;2025-08-14;2025-08-15;2025-08-16;2025-08-17;2025-08-18;2025-08-19,2025-08-19,2,2963.3404580035094,41429.33137808618,-0.4525219331700951,0.8358823021189892,1.0,10
2025-08-20,2025-08-21,2025-08-19,2025-07-24;2025-07-31;2025-08-07;2025-08-14,2025-08-13;2025-08-14;2025-08-15;2025-08-16;2025-08-17;2025-08-18;2025-08-19,2025-08-19,2,4971.527945320082,40521.915827491015,-0.45104620359534986,0.8358823021189892,1.0,10
2025-08-20,2025-08-21,2025-08-19,2025-07-24;2025-07-31;2025-08-07;2025-08-14,2025-08-13;2025-08-14;2025-08-15;2025-08-16;2025-08-17;2025-08-18;2025-08-19,2025-08-19,2,7044.4956741629785,39588.322893543336,-0.4499921110419604,0.8358823021189892,1.0,10
2025-08-20,2025-08-21,2025-08-19,2025-07-24;2025-07-31;2025-08-07;2025-08-14,2025-08-13;2025-08-14;2025-08-15;2025-08-16;2025-08-17;2025-08-18;2025-08-19,2025-08-19,2,7885.683170032004,39210.24591407089,-0.44777851667984253,0.8358823021189892,1.0,10
2025-08-20,2025-08-21,2025-08-19,2025-07-24;2025-07-31;2025-08-07;2025-08-14,2025-08-13;2025-08-14;2025-08-15;2025-08-16;2025-08-17;2025-08-18;2025-08-19,2025-08-19,2,9245.622274897562,38601.53884336372,-0.44746228891382567,0.8358823021189892,1.0,10
2025-08-20,2025-08-21,2025-08-19,2025-07-24;2025-07-31;2025-08-07;2025-08-14,2025-08-13;2025-08-14;2025-08-15;2025-08-16;2025-08-17;2025-08-18;2025-08-19,2025-08-19,2,9327.85696556252,38565.64169127701,-0.4335482672090848,0.8358823021189892,1.0,10
2025-08-20,2025-08-21,2025-08-19,2025-07-24;2025-07-31;2025-08-07;2025-08-14,2025-08-13;2025-08-14;2025-08-15;2025-08-16;2025-08-17;2025-08-18;2025-08-19,2025-08-19,2,9656.059371317,38423.3501069683,-0.4211205160046231,0.8358823021189892,1.0,10
2025-08-20,2025-08-21,2025-08-19,2025-07-24;2025-07-31;2025-08-07;2025-08-14,2025-08-13;2025-08-14;2025-08-15;2025-08-16;2025-08-17;2025-08-18;2025-08-19,2025-08-19,2,10313.1930991548,38146.617612417205,-0.4211205160046231,0.8358823021189892,1.0,10
2025-08-20,2025-08-21,2025-08-19,2025-07-24;2025-07-31;2025-08-07;2025-08-14,2025-08-13;2025-08-14;2025-08-15;2025-08-16;2025-08-17;2025-08-18;2025-08-19,2025-08-19,2,10800.0,37942.2674131666,-0.4030006650118583,0.8358823021189892,1.0,10
2025-08-21,2025-08-22,2025-08-20,2025-07-25;2025-08-01;2025-08-08;2025-08-15,2025-08-14;2025-08-15;2025-08-16;2025-08-17;2025-08-18;2025-08-19;2025-08-20,2025-08-20,2,1200.0,21696.260266008845,-0.4499921110419604,0.5117106297511782,1.0,10
2025-08-21,2025-08-22,2025-08-20,2025-07-25;2025-08-01;2025-08-08;2025-08-15,2025-08-14;2025-08-15;2025-08-16;2025-08-17;2025-08-18;2025-08-19;2025-08-20,2025-08-20,2,2790.2757616767813,20984.070131797474,-0.44746228891382567,0.5117106297511782,1.0,10
2025-08-21,2025-08-22,2025-08-20,2025-07-25;2025-08-01;2025-08-08;2025-08-15,2025-08-14;2025-08-15;2025-08-16;2025-08-17;2025-08-18;2025-08-19;2025-08-20,2025-08-20,2,2924.9015541792346,20923.955035666884,-0.4211205160046231,0.5117106297511782,1.0,10
2025-08-21,2025-08-22,2025-08-20,2025-07-25;2025-08-01;2025-08-08;2025-08-15,2025-08-14;2025-08-15;2025-08-16;2025-08-17;2025-08-18;2025-08-19;2025-08-20,2025-08-20,2,3856.0632856545267,20532.416497881874,-0.41950775439793714,0.5117106297511782,1.0,10
2025-08-21,2025-08-22,2025-08-20,2025-07-25;2025-08-01;2025-08-08;2025-08-15,2025-08-14;2025-08-15;2025-08-16;2025-08-17;2025-08-18;2025-08-19;2025-08-20,2025-08-20,2,4674.186312462638,20190.710350085203,-0.4169463094932008,0.5117106297511782,1.0,10
2025-08-21,2025-08-22,2025-08-20,2025-07-25;2025-08-01;2025-08-08;2025-08-15,2025-08-14;2025-08-15;2025-08-16;2025-08-17;2025-08-18;2025-08-19;2025-08-20,2025-08-20,2,6014.82703663674,19632.09724632321,-0.4163770995143705,0.5117106297511782,1.0,10
2025-08-21,2025-08-22,2025-08-20,2025-07-25;2025-08-01;2025-08-08;2025-08-15,2025-08-14;2025-08-15;2025-08-16;2025-08-17;2025-08-18;2025-08-19;2025-08-20,2025-08-20,2,7057.670412681812,19199.0030397591,-0.4149540745672947,0.5117106297511782,1.0,10
2025-08-21,2025-08-22,2025-08-20,2025-07-25;2025-08-01;2025-08-08;2025-08-15,2025-08-14;2025-08-15;2025-08-16;2025-08-17;2025-08-18;2025-08-19;2025-08-20,2025-08-20,2,8345.888700737465,18664.980557452884,-0.4142899962586593,0.5117106297511782,1.0,10
2025-08-21,2025-08-22,2025-08-20,2025-07-25;2025-08-01;2025-08-08;2025-08-15,2025-08-14;2025-08-15;2025-08-16;2025-08-17;2025-08-18;2025-08-19;2025-08-20,2025-08-20,2,9628.122823048463,18134.45127655938,-0.41334131296060883,0.5117106297511782,1.0,10
2025-08-21,2025-08-22,2025-08-20,2025-07-25;2025-08-01;2025-08-08;2025-08-15,2025-08-14;2025-08-15;2025-08-16;2025-08-17;2025-08-18;2025-08-19;2025-08-20,2025-08-20,2,10800.0,17650.24934617679,-0.4052775049271795,0.5117106297511782,1.0,10
2025-08-22,2025-08-23,2025-08-21,2025-07-26;2025-08-02;2025-08-09;2025-08-16,2025-08-15;2025-08-16;2025-08-17;2025-08-18;2025-08-19;2025-08-20;2025-08-21,2025-08-21,2,1200.0,21601.47009400387,-0.4499921110419604,0.46681260334298713,1.0,10
2025-08-22,2025-08-23,2025-08-21,2025-07-26;2025-08-02;2025-08-09;2025-08-16,2025-08-15;2025-08-16;2025-08-17;2025-08-18;2025-08-19;2025-08-20;2025-08-21,2025-08-21,2,2706.722293491295,20926.878361326162,-0.44746228891382567,0.46681260334298713,1.0,10
2025-08-22,2025-08-23,2025-08-21,2025-07-26;2025-08-02;2025-08-09;2025-08-16,2025-08-15;2025-08-16;2025-08-17;2025-08-18;2025-08-19;2025-08-20;2025-08-21,2025-08-21,2,2838.922778341749,20867.784612005453,-0.4211205160046231,0.46681260334298713,1.0,10
2025-08-22,2025-08-23,2025-08-21,2025-07-26;2025-08-02;2025-08-09;2025-08-16,2025-08-15;2025-08-16;2025-08-17;2025-08-18;2025-08-19;2025-08-20;2025-08-21,2025-08-21,2,3753.3094652240475,20483.300782312017,-0.41950775439793714,0.46681260334298713,1.0,10
2025-08-22,2025-08-23,2025-08-21,2025-07-26;2025-08-02;2025-08-09;2025-08-16,2025-08-15;2025-08-16;2025-08-17;2025-08-18;2025-08-19;2025-08-20;2025-08-21,2025-08-21,2,4894.414006582651,20006.938291332423,-0.4169463094932008,0.46681260334298713,1.0,10
2025-08-22,2025-08-23,2025-08-21,2025-07-26;2025-08-02;2025-08-09;2025-08-16,2025-08-15;2025-08-16;2025-08-17;2025-08-18;2025-08-19;2025-08-20;2025-08-21,2025-08-21,2,5845.758119079221,19610.6196021876,-0.4163770995143705,0.46681260334298713,1.0,10
2025-08-22,2025-08-23,2025-08-21,2025-07-26;2025-08-02;2025-08-09;2025-08-16,2025-08-15;2025-08-16;2025-08-17;2025-08-18;2025-08-19;2025-08-20;2025-08-21,2025-08-21,2,6953.693337975066,19150.536641131454,-0.4149540745672947,0.46681260334298713,1.0,10
2025-08-22,2025-08-23,2025-08-21,2025-07-26;2025-08-02;2025-08-09;2025-08-16,2025-08-15;2025-08-16;2025-08-17;2025-08-18;2025-08-19;2025-08-20;2025-08-21,2025-08-21,2,8246.284426686867,18614.758268603895,-0.4140053912692442,0.46681260334298713,1.0,10
2025-08-22,2025-08-23,2025-08-21,2025-07-26;2025-08-02;2025-08-09;2025-08-16,2025-08-15;2025-08-16;2025-08-17;2025-08-18;2025-08-19;2025-08-20;2025-08-21,2025-08-21,2,9765.135851280509,17986.510750985362,-0.4132464446308038,0.46681260334298713,1.0,10
2025-08-22,2025-08-23,2025-08-21,2025-07-26;2025-08-02;2025-08-09;2025-08-16,2025-08-15;2025-08-16;2025-08-17;2025-08-18;2025-08-19;2025-08-20;2025-08-21,2025-08-21,2,10800.0,17559.057853486847,-0.4030006650118583,0.46681260334298713,1.0,10
2025-08-23,2025-08-24,2025-08-22,2025-07-27;2025-08-03;2025-08-10;2025-08-17,2025-08-16;2025-08-17;2025-08-18;2025-08-19;2025-08-20;2025-08-21;2025-08-22,2025-08-22,2,1200.0,42942.56222466888,-0.4544192997661961,0.9294765009690309,1.0,10
2025-08-23,2025-08-24,2025-08-22,2025-07-27;2025-08-03;2025-08-10;2025-08-17,2025-08-16;2025-08-17;2025-08-18;2025-08-19;2025-08-20;2025-08-21;2025-08-22,2025-08-22,2,2650.5555999557687,42284.11009799838,-0.4534706164681456,0.9294765009690309,1.0,10
2025-08-23,2025-08-24,2025-08-22,2025-07-27;2025-08-03;2025-08-10;2025-08-17,2025-08-16;2025-08-17;2025-08-18;2025-08-19;2025-08-20;2025-08-21;2025-08-22,2025-08-22,2,3509.7508322737526,41894.597077165985,-0.4525219331700951,0.9294765009690309,1.0,10
2025-08-23,2025-08-24,2025-08-22,2025-07-27;2025-08-03;2025-08-10;2025-08-17,2025-08-16;2025-08-17;2025-08-18;2025-08-19;2025-08-20;2025-08-21;2025-08-22,2025-08-22,2,5677.078916125836,40915.401764665585,-0.45104620359534986,0.9294765009690309,1.0,10
2025-08-23,2025-08-24,2025-08-22,2025-07-27;2025-08-03;2025-08-10;2025-08-17,2025-08-16;2025-08-17;2025-08-18;2025-08-19;2025-08-20;2025-08-21;2025-08-22,2025-08-22,2,7716.917112692471,39996.88460780248,-0.4499921110419604,0.9294765009690309,1.0,10
2025-08-23,2025-08-24,2025-08-22,2025-07-27;2025-08-03;2025-08-10;2025-08-17,2025-08-16;2025-08-17;2025-08-18;2025-08-19;2025-08-20;2025-08-21;2025-08-22,2025-08-22,2,8327.28320518781,39722.44343133207,-0.44777851667984253,0.9294765009690309,1.0,10
2025-08-23,2025-08-24,2025-08-22,2025-07-27;2025-08-03;2025-08-10;2025-08-17,2025-08-16;2025-08-17;2025-08-18;2025-08-19;2025-08-20;2025-08-21;2025-08-22,2025-08-22,2,9645.161497337785,39132.5238442168,-0.44746228891382567,0.9294765009690309,1.0,10
2025-08-23,2025-08-24,2025-08-22,2025-07-27;2025-08-03;2025-08-10;2025-08-17,2025-08-16;2025-08-17;2025-08-18;2025-08-19;2025-08-20;2025-08-21;2025-08-22,2025-08-22,2,9903.878268404149,39018.06962358423,-0.4335482672090848,0.9294765009690309,1.0,10
2025-08-23,2025-08-24,2025-08-22,2025-07-27;2025-08-03;2025-08-10;2025-08-17,2025-08-16;2025-08-17;2025-08-18;2025-08-19;2025-08-20;2025-08-21;2025-08-22,2025-08-22,2,10266.056353572943,38864.2372235432,-0.4211205160046231,0.9294765009690309,1.0,10
2025-08-23,2025-08-24,2025-08-22,2025-07-27;2025-08-03;2025-08-10;2025-08-17,2025-08-16;2025-08-17;2025-08-18;2025-08-19;2025-08-20;2025-08-21;2025-08-22,2025-08-22,2,10800.0,38639.517166082034,-0.4030006650118583,0.9294765009690309,1.0,10
2025-08-24,2025-08-25,2025-08-23,2025-07-28;2025-08-04;2025-08-11;2025-08-18,2025-08-17;2025-08-18;2025-08-19;2025-08-20;2025-08-21;2025-08-22;2025-08-23,2025-08-23,2,1200.0,43327.1795009731,-0.4544192997661961,0.7992968171747634,1.0,10
2025-08-24,2025-08-25,2025-08-23,2025-07-28;2025-08-04;2025-08-11;2025-08-18,2025-08-17;2025-08-18;2025-08-19;2025-08-20;2025-08-21;2025-08-22;2025-08-23,2025-08-23,2,2850.3853265227904,42577.92088988355,-0.4534706164681456,0.7992968171747634,1.0,10
2025-08-24,2025-08-25,2025-08-23,2025-07-28;2025-08-04;2025-08-11;2025-08-18,2025-08-17;2025-08-18;2025-08-19;2025-08-20;2025-08-21;2025-08-22;2025-08-23,2025-08-23,2,3709.580558841014,42188.407869051036,-0.4525219331700951,0.7992968171747634,1.0,10
2025-08-24,2025-08-25,2025-08-23,2025-07-28;2025-08-04;2025-08-11;2025-08-18,2025-08-17;2025-08-18;2025-08-19;2025-08-20;2025-08-21;2025-08-22;2025-08-23,2025-08-23,2,5876.908642692508,41209.212556550905,-0.45104620359534986,0.7992968171747634,1.0,10
2025-08-24,2025-08-25,2025-08-23,2025-07-28;2025-08-04;2025-08-11;2025-08-18,2025-08-17;2025-08-18;2025-08-19;2025-08-20;2025-08-21;2025-08-22;2025-08-23,2025-08-23,2,7916.746839258588,40290.69539968805,-0.4499921110419604,0.7992968171747634,1.0,10
2025-08-24,2025-08-25,2025-08-23,2025-07-28;2025-08-04;2025-08-11;2025-08-18,2025-08-17;2025-08-18;2025-08-19;2025-08-20;2025-08-21;2025-08-22;2025-08-23,2025-08-23,2,8527.11293175291,40016.2542232181,-0.44777851667984253,0.7992968171747634,1.0,10
2025-08-24,2025-08-25,2025-08-23,2025-07-28;2025-08-04;2025-08-11;2025-08-18,2025-08-17;2025-08-18;2025-08-19;2025-08-20;2025-08-21;2025-08-22;2025-08-23,2025-08-23,2,9726.224071583454,39479.47845792745,-0.44746228891382567,0.7992968171747634,1.0,10
2025-08-24,2025-08-25,2025-08-23,2025-07-28;2025-08-04;2025-08-11;2025-08-18,2025-08-17;2025-08-18;2025-08-19;2025-08-20;2025-08-21;2025-08-22;2025-08-23,2025-08-23,2,10009.430584957972,39352.75422321759,-0.4211205160046231,0.7992968171747634,1.0,10
2025-08-24,2025-08-25,2025-08-23,2025-07-28;2025-08-04;2025-08-11;2025-08-18,2025-08-17;2025-08-18;2025-08-19;2025-08-20;2025-08-21;2025-08-22;2025-08-23,2025-08-23,2,10328.535162875067,39218.3727387057,-0.4211205160046231,0.7992968171747634,1.0,10
2025-08-24,2025-08-25,2025-08-23,2025-07-28;2025-08-04;2025-08-11;2025-08-18,2025-08-17;2025-08-18;2025-08-19;2025-08-20;2025-08-21;2025-08-22;2025-08-23,2025-08-23,2,10800.0,39019.96631548887,-0.4030006650118583,0.7992968171747634,1.0,10
2025-08-25,2025-08-26,2025-08-24,2025-07-29;2025-08-05;2025-08-12;2025-08-19,2025-08-18;2025-08-19;2025-08-20;2025-08-21;2025-08-22;2025-08-23;2025-08-24,2025-08-24,2,1200.0,43231.095724442246,-0.4544192997661961,0.7992968171747634,1.0,10
2025-08-25,2025-08-26,2025-08-24,2025-07-29;2025-08-05;2025-08-12;2025-08-19,2025-08-18;2025-08-19;2025-08-20;2025-08-21;2025-08-22;2025-08-23;2025-08-24,2025-08-24,2,2850.385326518956,42481.83711335443,-0.4534706164681456,0.7992968171747634,1.0,10
2025-08-25,2025-08-26,2025-08-24,2025-07-29;2025-08-05;2025-08-12;2025-08-19,2025-08-18;2025-08-19;2025-08-20;2025-08-21;2025-08-22;2025-08-23;2025-08-24,2025-08-24,2,3709.580558838857,42092.324092521165,-0.4525219331700951,0.7992968171747634,1.0,10
2025-08-25,2025-08-26,2025-08-24,2025-07-29;2025-08-05;2025-08-12;2025-08-19,2025-08-18;2025-08-19;2025-08-20;2025-08-21;2025-08-22;2025-08-23;2025-08-24,2025-08-24,2,5876.908642692508,41113.12878002006,-0.45104620359534986,0.7992968171747634,1.0,10
2025-08-25,2025-08-26,2025-08-24,2025-07-29;2025-08-05;2025-08-12;2025-08-19,2025-08-18;2025-08-19;2025-08-20;2025-08-21;2025-08-22;2025-08-23;2025-08-24,2025-08-24,2,7916.746839260618,40194.61162315629,-0.4499921110419604,0.7992968171747634,1.0,10
2025-08-25,2025-08-26,2025-08-24,2025-07-29;2025-08-05;2025-08-12;2025-08-19,2025-08-18;2025-08-19;2025-08-20;2025-08-21;2025-08-22;2025-08-23;2025-08-24,2025-08-24,2,8527.112931758662,39920.17044668467,-0.44777851667984253,0.7992968171747634,1.0,10
2025-08-25,2025-08-26,2025-08-24,2025-07-29;2025-08-05;2025-08-12;2025-08-19,2025-08-18;2025-08-19;2025-08-20;2025-08-21;2025-08-22;2025-08-23;2025-08-24,2025-08-24,2,9726.365606182108,39383.33135000113,-0.44746228891382567,0.7992968171747634,1.0,10
2025-08-25,2025-08-26,2025-08-24,2025-07-29;2025-08-05;2025-08-12;2025-08-19,2025-08-18;2025-08-19;2025-08-20;2025-08-21;2025-08-22;2025-08-23;2025-08-24,2025-08-24,2,10009.430584957698,39256.670446686854,-0.4211205160046231,0.7992968171747634,1.0,10
2025-08-25,2025-08-26,2025-08-24,2025-07-29;2025-08-05;2025-08-12;2025-08-19,2025-08-18;2025-08-19;2025-08-20;2025-08-21;2025-08-22;2025-08-23;2025-08-24,2025-08-24,2,10328.698843712486,39122.22003281614,-0.4211205160046231,0.7992968171747634,1.0,10
2025-08-25,2025-08-26,2025-08-24,2025-07-29;2025-08-05;2025-08-12;2025-08-19,2025-08-18;2025-08-19;2025-08-20;2025-08-21;2025-08-22;2025-08-23;2025-08-24,2025-08-24,2,10800.0,38923.87526144218,-0.4030006650118583,0.7992968171747634,1.0,10
2025-08-26,2025-08-27,2025-08-25,2025-07-30;2025-08-06;2025-08-13;2025-08-20,2025-08-19;2025-08-20;2025-08-21;2025-08-22;2025-08-23;2025-08-24;2025-08-25,2025-08-25,2,1200.0,43855.85759477437,-0.4544192997661961,0.7992968171747634,1.0,10
2025-08-26,2025-08-27,2025-08-25,2025-07-30;2025-08-06;2025-08-13;2025-08-20,2025-08-19;2025-08-20;2025-08-21;2025-08-22;2025-08-23;2025-08-24;2025-08-25,2025-08-25,2,2850.3853265227904,43106.59898368482,-0.4534706164681456,0.7992968171747634,1.0,10
2025-08-26,2025-08-27,2025-08-25,2025-07-30;2025-08-06;2025-08-13;2025-08-20,2025-08-19;2025-08-20;2025-08-21;2025-08-22;2025-08-23;2025-08-24;2025-08-25,2025-08-25,2,3709.580558838857,42717.08596285328,-0.4525219331700951,0.7992968171747634,1.0,10
2025-08-26,2025-08-27,2025-08-25,2025-07-30;2025-08-06;2025-08-13;2025-08-20,2025-08-19;2025-08-20;2025-08-21;2025-08-22;2025-08-23;2025-08-24;2025-08-25,2025-08-25,2,5876.908642691462,41737.89065035265,-0.45104620359534986,0.7992968171747634,1.0,10
2025-08-26,2025-08-27,2025-08-25,2025-07-30;2025-08-06;2025-08-13;2025-08-20,2025-08-19;2025-08-20;2025-08-21;2025-08-22;2025-08-23;2025-08-24;2025-08-25,2025-08-25,2,7916.746839258588,40819.37349348932,-0.4499921110419604,0.7992968171747634,1.0,10
2025-08-26,2025-08-27,2025-08-25,2025-07-30;2025-08-06;2025-08-13;2025-08-20,2025-08-19;2025-08-20;2025-08-21;2025-08-22;2025-08-23;2025-08-24;2025-08-25,2025-08-25,2,8527.11293175291,40544.93231701937,-0.44777851667984253,0.7992968171747634,1.0,10
2025-08-26,2025-08-27,2025-08-25,2025-07-30;2025-08-06;2025-08-13;2025-08-20,2025-08-19;2025-08-20;2025-08-21;2025-08-22;2025-08-23;2025-08-24;2025-08-25,2025-08-25,2,9726.57329731648,40008.00028638288,-0.44746228891382567,0.7992968171747634,1.0,10
2025-08-26,2025-08-27,2025-08-25,2025-07-30;2025-08-06;2025-08-13;2025-08-20,2025-08-19;2025-08-20;2025-08-21;2025-08-22;2025-08-23;2025-08-24;2025-08-25,2025-08-25,2,10009.430584957972,39881.43231701886,-0.4211205160046231,0.7992968171747634,1.0,10
2025-08-26,2025-08-27,2025-08-25,2025-07-30;2025-08-06;2025-08-13;2025-08-20,2025-08-19;2025-08-20;2025-08-21;2025-08-22;2025-08-23;2025-08-24;2025-08-25,2025-08-25,2,10328.93903274856,39746.88075461745,-0.4211205160046231,0.7992968171747634,1.0,10
2025-08-26,2025-08-27,2025-08-25,2025-07-30;2025-08-06;2025-08-13;2025-08-20,2025-08-19;2025-08-20;2025-08-21;2025-08-22;2025-08-23;2025-08-24;2025-08-25,2025-08-25,2,10800.0,39548.62645257972,-0.4030006650118583,0.7992968171747634,1.0,10
2025-08-27,2025-08-28,2025-08-26,2025-07-31;2025-08-07;2025-08-14;2025-08-21,2025-08-20;2025-08-21;2025-08-22;2025-08-23;2025-08-24;2025-08-25;2025-08-26,2025-08-26,2,1200.0,43912.471197420324,-0.4544192997661961,0.7992968171747634,1.0,10
2025-08-27,2025-08-28,2025-08-26,2025-07-31;2025-08-07;2025-08-14;2025-08-21,2025-08-20;2025-08-21;2025-08-22;2025-08-23;2025-08-24;2025-08-25;2025-08-26,2025-08-26,2,2850.3853265227904,43163.21258633077,-0.4534706164681456,0.7992968171747634,1.0,10
2025-08-27,2025-08-28,2025-08-26,2025-07-31;2025-08-07;2025-08-14;2025-08-21,2025-08-20;2025-08-21;2025-08-22;2025-08-23;2025-08-24;2025-08-25;2025-08-26,2025-08-26,2,3709.580558841014,42773.69956549826,-0.4525219331700951,0.7992968171747634,1.0,10
2025-08-27,2025-08-28,2025-08-26,2025-07-31;2025-08-07;2025-08-14;2025-08-21,2025-08-20;2025-08-21;2025-08-22;2025-08-23;2025-08-24;2025-08-25;2025-08-26,2025-08-26,2,5876.908642692508,41794.50425299813,-0.45104620359534986,0.7992968171747634,1.0,10
2025-08-27,2025-08-28,2025-08-26,2025-07-31;2025-08-07;2025-08-14;2025-08-21,2025-08-20;2025-08-21;2025-08-22;2025-08-23;2025-08-24;2025-08-25;2025-08-26,2025-08-26,2,7916.746839258588,40875.98709613527,-0.4499921110419604,0.7992968171747634,1.0,10
2025-08-27,2025-08-28,2025-08-26,2025-07-31;2025-08-07;2025-08-14;2025-08-21,2025-08-20;2025-08-21;2025-08-22;2025-08-23;2025-08-24;2025-08-25;2025-08-26,2025-08-26,2,8527.11293175291,40601.54591966532,-0.44777851667984253,0.7992968171747634,1.0,10
2025-08-27,2025-08-28,2025-08-26,2025-07-31;2025-08-07;2025-08-14;2025-08-21,2025-08-20;2025-08-21;2025-08-22;2025-08-23;2025-08-24;2025-08-25;2025-08-26,2025-08-26,2,9726.856418173184,40064.48720312225,-0.44746228891382567,0.7992968171747634,1.0,10
2025-08-27,2025-08-28,2025-08-26,2025-07-31;2025-08-07;2025-08-14;2025-08-21,2025-08-20;2025-08-21;2025-08-22;2025-08-23;2025-08-24;2025-08-25;2025-08-26,2025-08-26,2,10009.430584957698,39938.04591966493,-0.4211205160046231,0.7992968171747634,1.0,10
2025-08-27,2025-08-28,2025-08-26,2025-07-31;2025-08-07;2025-08-14;2025-08-21,2025-08-20;2025-08-21;2025-08-22;2025-08-23;2025-08-24;2025-08-25;2025-08-26,2025-08-26,2,10329.266454165892,39803.35647338719,-0.4211205160046231,0.7992968171747634,1.0,10
2025-08-27,2025-08-28,2025-08-26,2025-07-31;2025-08-07;2025-08-14;2025-08-21,2025-08-20;2025-08-21;2025-08-22;2025-08-23;2025-08-24;2025-08-25;2025-08-26,2025-08-26,2,10800.0,39605.22549753776,-0.4030006650118583,0.7992968171747634,1.0,10
2025-08-28,2025-08-29,2025-08-27,2025-08-01;2025-08-08;2025-08-15;2025-08-22,2025-08-21;2025-08-22;2025-08-23;2025-08-24;2025-08-25;2025-08-26;2025-08-27,2025-08-27,2,1200.0,22138.947017052,-0.4499921110419604,0.6622448732196062,1.0,10
2025-08-28,2025-08-29,2025-08-27,2025-08-01;2025-08-08;2025-08-15;2025-08-22,2025-08-21;2025-08-22;2025-08-23;2025-08-24;2025-08-25;2025-08-26;2025-08-27,2025-08-27,2,2877.037769009581,21387.714664002702,-0.44746228891382567,0.6622448732196062,1.0,10
2025-08-28,2025-08-29,2025-08-27,2025-08-01;2025-08-08;2025-08-15;2025-08-22,2025-08-21;2025-08-22;2025-08-23;2025-08-24;2025-08-25;2025-08-26;2025-08-27,2025-08-27,2,3009.1062740404973,21328.6764940917,-0.4211205160046231,0.6622448732196062,1.0,10
2025-08-28,2025-08-29,2025-08-27,2025-08-01;2025-08-08;2025-08-15;2025-08-22,2025-08-21;2025-08-22;2025-08-23;2025-08-24;2025-08-25;2025-08-26;2025-08-27,2025-08-27,2,3922.580100504322,20944.577449244254,-0.41950775439793714,0.6622448732196062,1.0,10
2025-08-28,2025-08-29,2025-08-27,2025-08-01;2025-08-08;2025-08-15;2025-08-22,2025-08-21;2025-08-22;2025-08-23;2025-08-24;2025-08-25;2025-08-26;2025-08-27,2025-08-27,2,5035.948953688133,20479.77889049487,-0.4169463094932008,0.6622448732196062,1.0,10
2025-08-28,2025-08-29,2025-08-27,2025-08-01;2025-08-08;2025-08-15;2025-08-22,2025-08-21;2025-08-22;2025-08-23;2025-08-24;2025-08-25;2025-08-26;2025-08-27,2025-08-27,2,6069.048948131493,20049.39343477248,-0.4163770995143705,0.6622448732196062,1.0,10
2025-08-28,2025-08-29,2025-08-27,2025-08-01;2025-08-08;2025-08-15;2025-08-22,2025-08-21;2025-08-22;2025-08-23;2025-08-24;2025-08-25;2025-08-26;2025-08-27,2025-08-27,2,7123.363061314345,19611.539723335234,-0.4149540745672947,0.6622448732196062,1.0,10
2025-08-28,2025-08-29,2025-08-27,2025-08-01;2025-08-08;2025-08-15;2025-08-22,2025-08-21;2025-08-22;2025-08-23;2025-08-24;2025-08-25;2025-08-26;2025-08-27,2025-08-27,2,8425.751083481373,19071.63717815669,-0.4142899962586593,0.6622448732196062,1.0,10
2025-08-28,2025-08-29,2025-08-27,2025-08-01;2025-08-08;2025-08-15;2025-08-22,2025-08-21;2025-08-22;2025-08-23;2025-08-24;2025-08-25;2025-08-26;2025-08-27,2025-08-27,2,9838.784781878137,18487.043302716484,-0.41334131296060883,0.6622448732196062,1.0,10
2025-08-28,2025-08-29,2025-08-27,2025-08-01;2025-08-08;2025-08-15;2025-08-22,2025-08-21;2025-08-22;2025-08-23;2025-08-24;2025-08-25;2025-08-26;2025-08-27,2025-08-27,2,10800.0,18089.883844706696,-0.4030006650118583,0.6622448732196062,1.0,10
2025-08-29,2025-08-30,2025-08-28,2025-08-02;2025-08-09;2025-08-16;2025-08-23,2025-08-22;2025-08-23;2025-08-24;2025-08-25;2025-08-26;2025-08-27;2025-08-28,2025-08-28,2,1200.0,21979.364618264364,-0.4499921110419604,0.9943711144478584,1.0,9
2025-08-29,2025-08-30,2025-08-28,2025-08-02;2025-08-09;2025-08-16;2025-08-23,2025-08-22;2025-08-23;2025-08-24;2025-08-25;2025-08-26;2025-08-27;2025-08-28,2025-08-28,2,2886.687595443341,21223.78991944695,-0.44746228891382567,0.9943711144478584,1.0,9
2025-08-29,2025-08-30,2025-08-28,2025-08-02;2025-08-09;2025-08-16;2025-08-23,2025-08-22;2025-08-23;2025-08-24;2025-08-25;2025-08-26;2025-08-27;2025-08-28,2025-08-28,2,3017.182503696134,21165.414423423135,-0.4211205160046231,0.9943711144478584,1.0,9
2025-08-29,2025-08-30,2025-08-28,2025-08-02;2025-08-09;2025-08-16;2025-08-23,2025-08-22;2025-08-23;2025-08-24;2025-08-25;2025-08-26;2025-08-27;2025-08-28,2025-08-28,2,3919.7722857779436,20785.890387352105,-0.41950775439793714,0.9943711144478584,1.0,9
2025-08-29,2025-08-30,2025-08-28,2025-08-02;2025-08-09;2025-08-16;2025-08-23,2025-08-22;2025-08-23;2025-08-24;2025-08-25;2025-08-26;2025-08-27;2025-08-28,2025-08-28,2,5033.382051582488,20320.99986658455,-0.4169463094932008,0.9943711144478584,1.0,9
2025-08-29,2025-08-30,2025-08-28,2025-08-02;2025-08-09;2025-08-16;2025-08-23,2025-08-22;2025-08-23;2025-08-24;2025-08-25;2025-08-26;2025-08-27;2025-08-28,2025-08-28,2,7032.4830994056665,19489.54531831072,-0.4149540745672947,0.9943711144478584,1.0,9
2025-08-29,2025-08-30,2025-08-28,2025-08-02;2025-08-09;2025-08-16;2025-08-23,2025-08-22;2025-08-23;2025-08-24;2025-08-25;2025-08-26;2025-08-27;2025-08-28,2025-08-28,2,8311.814100022044,18959.20359452232,-0.4142899962586593,0.9943711144478584,1.0,9
2025-08-29,2025-08-30,2025-08-28,2025-08-02;2025-08-09;2025-08-16;2025-08-23,2025-08-22;2025-08-23;2025-08-24;2025-08-25;2025-08-26;2025-08-27;2025-08-28,2025-08-28,2,9810.997760292812,18339.00716437929,-0.41334131296060883,0.9943711144478584,1.0,9
2025-08-29,2025-08-30,2025-08-28,2025-08-02;2025-08-09;2025-08-16;2025-08-23,2025-08-22;2025-08-23;2025-08-24;2025-08-25;2025-08-26;2025-08-27;2025-08-28,2025-08-28,2,10800.0,17930.422068360822,-0.4030006650118583,0.9943711144478584,1.0,9
2025-08-30,2025-08-31,2025-08-29,2025-08-03;2025-08-10;2025-08-17;2025-08-24,2025-08-23;2025-08-24;2025-08-25;2025-08-26;2025-08-27;2025-08-28;2025-08-29,2025-08-29,2,1200.0,44911.738160624875,-0.4544192997661961,0.7992968171674875,1.0,10
2025-08-30,2025-08-31,2025-08-29,2025-08-03;2025-08-10;2025-08-17;2025-08-24,2025-08-23;2025-08-24;2025-08-25;2025-08-26;2025-08-27;2025-08-28;2025-08-29,2025-08-29,2,2850.385326518956,44162.47954953706,-0.4534706164681456,0.7992968171674875,1.0,10
2025-08-30,2025-08-31,2025-08-29,2025-08-03;2025-08-10;2025-08-17;2025-08-24,2025-08-23;2025-08-24;2025-08-25;2025-08-26;2025-08-27;2025-08-28;2025-08-29,2025-08-29,2,3709.580558841014,43772.96652870282,-0.4525219331700951,0.7992968171674875,1.0,10
2025-08-30,2025-08-31,2025-08-29,2025-08-03;2025-08-10;2025-08-17;2025-08-24,2025-08-23;2025-08-24;2025-08-25;2025-08-26;2025-08-27;2025-08-28;2025-08-29,2025-08-29,2,5876.908642691462,42793.77121620315,-0.45104620359534986,0.7992968171674875,1.0,10
2025-08-30,2025-08-31,2025-08-29,2025-08-03;2025-08-10;2025-08-17;2025-08-24,2025-08-23;2025-08-24;2025-08-25;2025-08-26;2025-08-27;2025-08-28;2025-08-29,2025-08-29,2,7916.746839256558,41875.25405934074,-0.4499921110419604,0.7992968171674875,1.0,10
2025-08-30,2025-08-31,2025-08-29,2025-08-03;2025-08-10;2025-08-17;2025-08-24,2025-08-23;2025-08-24;2025-08-25;2025-08-26;2025-08-27;2025-08-28;2025-08-29,2025-08-29,2,8527.11293175291,41600.81288286987,-0.44777851667984253,0.7992968171674875,1.0,10
2025-08-30,2025-08-31,2025-08-29,2025-08-03;2025-08-10;2025-08-17;2025-08-24,2025-08-23;2025-08-24;2025-08-25;2025-08-26;2025-08-27;2025-08-28;2025-08-29,2025-08-29,2,9724.584384743259,41064.77081560585,-0.44746228891382567,0.7992968171674875,1.0,10
2025-08-30,2025-08-31,2025-08-29,2025-08-03;2025-08-10;2025-08-17;2025-08-24,2025-08-23;2025-08-24;2025-08-25;2025-08-26;2025-08-27;2025-08-28;2025-08-29,2025-08-29,2,10009.430584957972,40937.312882869366,-0.4211205160046231,0.7992968171674875,1.0,10
2025-08-30,2025-08-31,2025-08-29,2025-08-03;2025-08-10;2025-08-17;2025-08-24,2025-08-23;2025-08-24;2025-08-25;2025-08-26;2025-08-27;2025-08-28;2025-08-29,2025-08-29,2,10326.638910526612,40803.72994912494,-0.4211205160046231,0.7992968171674875,1.0,10
2025-08-30,2025-08-31,2025-08-29,2025-08-03;2025-08-10;2025-08-17;2025-08-24,2025-08-23;2025-08-24;2025-08-25;2025-08-26;2025-08-27;2025-08-28;2025-08-29,2025-08-29,2,10800.0,40604.60928559939,-0.4030006650118583,0.7992968171674875,1.0,10
2025-08-31,2025-09-01,2025-08-30,2025-08-04;2025-08-11;2025-08-18;2025-08-25,2025-08-24;2025-08-25;2025-08-26;2025-08-27;2025-08-28;2025-08-29;2025-08-30,2025-08-30,2,1200.0,44585.63185949008,-0.4544192997661961,0.7992968171747634,1.0,10
2025-08-31,2025-09-01,2025-08-30,2025-08-04;2025-08-11;2025-08-18;2025-08-25,2025-08-24;2025-08-25;2025-08-26;2025-08-27;2025-08-28;2025-08-29;2025-08-30,2025-08-30,2,2850.3853265266252,43836.373248398784,-0.4534706164681456,0.7992968171747634,1.0,10
2025-08-31,2025-09-01,2025-08-30,2025-08-04;2025-08-11;2025-08-18;2025-08-25,2025-08-24;2025-08-25;2025-08-26;2025-08-27;2025-08-28;2025-08-29;2025-08-30,2025-08-30,2,3709.580558843171,43446.860227567035,-0.4525219331700951,0.7992968171747634,1.0,10
2025-08-31,2025-09-01,2025-08-30,2025-08-04;2025-08-11;2025-08-18;2025-08-25,2025-08-24;2025-08-25;2025-08-26;2025-08-27;2025-08-28;2025-08-29;2025-08-30,2025-08-30,2,5876.908642693554,42467.664915067406,-0.45104620359534986,0.7992968171747634,1.0,10
2025-08-31,2025-09-01,2025-08-30,2025-08-04;2025-08-11;2025-08-18;2025-08-25,2025-08-24;2025-08-25;2025-08-26;2025-08-27;2025-08-28;2025-08-29;2025-08-30,2025-08-30,2,7916.746839258588,41549.14775820503,-0.4499921110419604,0.7992968171747634,1.0,10
2025-08-31,2025-09-01,2025-08-30,2025-08-04;2025-08-11;2025-08-18;2025-08-25,2025-08-24;2025-08-25;2025-08-26;2025-08-27;2025-08-28;2025-08-29;2025-08-30,2025-08-30,2,8527.112931755786,41274.706581733786,-0.44777851667984253,0.7992968171747634,1.0,10
2025-08-31,2025-09-01,2025-08-30,2025-08-04;2025-08-11;2025-08-18;2025-08-25,2025-08-24;2025-08-25;2025-08-26;2025-08-27;2025-08-28;2025-08-29;2025-08-30,2025-08-30,2,9724.606214442601,40738.65474650381,-0.44746228891382567,0.7992968171747634,1.0,10
2025-08-31,2025-09-01,2025-08-30,2025-08-04;2025-08-11;2025-08-18;2025-08-25,2025-08-24;2025-08-25;2025-08-26;2025-08-27;2025-08-28;2025-08-29;2025-08-30,2025-08-30,2,10009.430584957698,40611.206581734674,-0.4211205160046231,0.7992968171747634,1.0,10
2025-08-31,2025-09-01,2025-08-30,2025-08-04;2025-08-11;2025-08-18;2025-08-25,2025-08-24;2025-08-25;2025-08-26;2025-08-27;2025-08-28;2025-08-29;2025-08-30,2025-08-30,2,10326.664155968057,40477.61301661681,-0.4211205160046231,0.7992968171747634,1.0,10
2025-08-31,2025-09-01,2025-08-30,2025-08-04;2025-08-11;2025-08-18;2025-08-25,2025-08-24;2025-08-25;2025-08-26;2025-08-27;2025-08-28;2025-08-29;2025-08-30,2025-08-30,2,10800.0,40278.50186201126,-0.4030006650118583,0.7992968171747634,1.0,10
2025-09-01,2025-09-02,2025-08-31,2025-08-05;2025-08-12;2025-08-19;2025-08-26,2025-08-25;2025-08-26;2025-08-27;2025-08-28;2025-08-29;2025-08-30;2025-08-31,2025-08-31,2,1200.0,44584.40515513756,-0.4544192997661961,0.7992968171747634,1.0,10
2025-09-01,2025-09-02,2025-08-31,2025-08-05;2025-08-12;2025-08-19;2025-08-26,2025-08-25;2025-08-26;2025-08-27;2025-08-28;2025-08-29;2025-08-30;2025-08-31,2025-08-31,2,2850.385326518956,43835.14654404975,-0.4534706164681456,0.7992968171747634,1.0,10
2025-09-01,2025-09-02,2025-08-31,2025-08-05;2025-08-12;2025-08-19;2025-08-26,2025-08-25;2025-08-26;2025-08-27;2025-08-28;2025-08-29;2025-08-30;2025-08-31,2025-08-31,2,3709.580558841014,43445.6335232155,-0.4525219331700951,0.7992968171747634,1.0,10
2025-09-01,2025-09-02,2025-08-31,2025-08-05;2025-08-12;2025-08-19;2025-08-26,2025-08-25;2025-08-26;2025-08-27;2025-08-28;2025-08-29;2025-08-30;2025-08-31,2025-08-31,2,5876.908642691462,42466.43821071584,-0.45104620359534986,0.7992968171747634,1.0,10
2025-09-01,2025-09-02,2025-08-31,2025-08-05;2025-08-12;2025-08-19;2025-08-26,2025-08-25;2025-08-26;2025-08-27;2025-08-28;2025-08-29;2025-08-30;2025-08-31,2025-08-31,2,7916.746839256558,41547.921053853424,-0.4499921110419604,0.7992968171747634,1.0,10
2025-09-01,2025-09-02,2025-08-31,2025-08-05;2025-08-12;2025-08-19;2025-08-26,2025-08-25;2025-08-26;2025-08-27;2025-08-28;2025-08-29;2025-08-30;2025-08-31,2025-08-31,2,8527.11293175291,41273.47987738256,-0.44777851667984253,0.7992968171747634,1.0,10
2025-09-01,2025-09-02,2025-08-31,2025-08-05;2025-08-12;2025-08-19;2025-08-26,2025-08-25;2025-08-26;2025-08-27;2025-08-28;2025-08-29;2025-08-30;2025-08-31,2025-08-31,2,9724.934747531492,40737.28103598336,-0.44746228891382567,0.7992968171747634,1.0,10
2025-09-01,2025-09-02,2025-08-31,2025-08-05;2025-08-12;2025-08-19;2025-08-26,2025-08-25;2025-08-26;2025-08-27;2025-08-28;2025-08-29;2025-08-30;2025-08-31,2025-08-31,2,10009.430584957972,40609.97987738205,-0.4211205160046231,0.7992968171747634,1.0,10
2025-09-01,2025-09-02,2025-08-31,2025-08-05;2025-08-12;2025-08-19;2025-08-26,2025-08-25;2025-08-26;2025-08-27;2025-08-28;2025-08-29;2025-08-30;2025-08-31,2025-08-31,2,10327.04409537275,40476.226311986145,-0.4211205160046231,0.7992968171747634,1.0,10
2025-09-01,2025-09-02,2025-08-31,2025-08-05;2025-08-12;2025-08-19;2025-08-26,2025-08-25;2025-08-26;2025-08-27;2025-08-28;2025-08-29;2025-08-30;2025-08-31,2025-08-31,2,10800.0,40277.25826493584,-0.4030006650118583,0.7992968171747634,1.0,10
2025-09-02,2025-09-03,2025-09-01,2025-08-06;2025-08-13;2025-08-20;2025-08-27,2025-08-26;2025-08-27;2025-08-28;2025-08-29;2025-08-30;2025-08-31;2025-09-01,2025-09-01,2,1200.0,45424.99024686492,-0.4544192997661961,0.7992968171747634,1.0,10
2025-09-02,2025-09-03,2025-09-01,2025-08-06;2025-08-13;2025-08-20;2025-08-27,2025-08-26;2025-08-27;2025-08-28;2025-08-29;2025-08-30;2025-08-31;2025-09-01,2025-09-01,2,2850.3853265227904,44675.731635775366,-0.4534706164681456,0.7992968171747634,1.0,10
2025-09-02,2025-09-03,2025-09-01,2025-08-06;2025-08-13;2025-08-20;2025-08-27,2025-08-26;2025-08-27;2025-08-28;2025-08-29;2025-08-30;2025-08-31;2025-09-01,2025-09-01,2,3709.580558841014,44286.21861494286,-0.4525219331700951,0.7992968171747634,1.0,10
2025-09-02,2025-09-03,2025-09-01,2025-08-06;2025-08-13;2025-08-20;2025-08-27,2025-08-26;2025-08-27;2025-08-28;2025-08-29;2025-08-30;2025-08-31;2025-09-01,2025-09-01,2,5876.908642692508,43307.02330244273,-0.45104620359534986,0.7992968171747634,1.0,10
2025-09-02,2025-09-03,2025-09-01,2025-08-06;2025-08-13;2025-08-20;2025-08-27,2025-08-26;2025-08-27;2025-08-28;2025-08-29;2025-08-30;2025-08-31;2025-09-01,2025-09-01,2,7916.746839258588,42388.50614557987,-0.4499921110419604,0.7992968171747634,1.0,10
2025-09-02,2025-09-03,2025-09-01,2025-08-06;2025-08-13;2025-08-20;2025-08-27,2025-08-26;2025-08-27;2025-08-28;2025-08-29;2025-08-30;2025-08-31;2025-09-01,2025-09-01,2,8527.11293175291,42114.06496910992,-0.44777851667984253,0.7992968171747634,1.0,10
2025-09-02,2025-09-03,2025-09-01,2025-08-06;2025-08-13;2025-08-20;2025-08-27,2025-08-26;2025-08-27;2025-08-28;2025-08-29;2025-08-30;2025-08-31;2025-09-01,2025-09-01,2,9722.370004457402,41579.01375351712,-0.44746228891382567,0.7992968171747634,1.0,10
2025-09-02,2025-09-03,2025-09-01,2025-08-06;2025-08-13;2025-08-20;2025-08-27,2025-08-26;2025-08-27;2025-08-28;2025-08-29;2025-08-30;2025-08-31;2025-09-01,2025-09-01,2,10009.430584958249,41450.5649691093,-0.4211205160046231,0.7992968171747634,1.0,10
2025-09-02,2025-09-03,2025-09-01,2025-08-06;2025-08-13;2025-08-20;2025-08-27,2025-08-26;2025-08-27;2025-08-28;2025-08-29;2025-08-30;2025-08-31;2025-09-01,2025-09-01,2,10324.078041148923,41318.06046999873,-0.4211205160046231,0.7992968171747634,1.0,10
2025-09-02,2025-09-03,2025-09-01,2025-08-06;2025-08-13;2025-08-20;2025-08-27,2025-08-26;2025-08-27;2025-08-28;2025-08-29;2025-08-30;2025-08-31;2025-09-01,2025-09-01,2,10800.0,41117.97523225057,-0.4030006650118583,0.7992968171747634,1.0,10
2025-09-03,2025-09-04,2025-09-02,2025-08-07;2025-08-14;2025-08-21;2025-08-28,2025-08-27;2025-08-28;2025-08-29;2025-08-30;2025-08-31;2025-09-01;2025-09-02,2025-09-02,2,1200.0,45592.478141818094,-0.4544192997661961,0.7992968171747634,1.0,10
2025-09-03,2025-09-04,2025-09-02,2025-08-07;2025-08-14;2025-08-21;2025-08-28,2025-08-27;2025-08-28;2025-08-29;2025-08-30;2025-08-31;2025-09-01;2025-09-02,2025-09-02,2,2850.3853265227904,44843.21953072853,-0.4534706164681456,0.7992968171747634,1.0,10
2025-09-03,2025-09-04,2025-09-02,2025-08-07;2025-08-14;2025-08-21;2025-08-28,2025-08-27;2025-08-28;2025-08-29;2025-08-30;2025-08-31;2025-09-01;2025-09-02,2025-09-02,2,3709.580558841014,44453.70650989603,-0.4525219331700951,0.7992968171747634,1.0,10
2025-09-03,2025-09-04,2025-09-02,2025-08-07;2025-08-14;2025-08-21;2025-08-28,2025-08-27;2025-08-28;2025-08-29;2025-08-30;2025-08-31;2025-09-01;2025-09-02,2025-09-02,2,5876.908642693554,43474.511197395426,-0.45104620359534986,0.7992968171747634,1.0,10
2025-09-03,2025-09-04,2025-09-02,2025-08-07;2025-08-14;2025-08-21;2025-08-28,2025-08-27;2025-08-28;2025-08-29;2025-08-30;2025-08-31;2025-09-01;2025-09-02,2025-09-02,2,7916.746839260618,42555.994040532125,-0.4499921110419604,0.7992968171747634,1.0,10
2025-09-03,2025-09-04,2025-09-02,2025-08-07;2025-08-14;2025-08-21;2025-08-28,2025-08-27;2025-08-28;2025-08-29;2025-08-30;2025-08-31;2025-09-01;2025-09-02,2025-09-02,2,8527.112931755786,42281.5528640618,-0.44777851667984253,0.7992968171747634,1.0,10
2025-09-03,2025-09-04,2025-09-02,2025-08-07;2025-08-14;2025-08-21;2025-08-28,2025-08-27;2025-08-28;2025-08-29;2025-08-30;2025-08-31;2025-09-01;2025-09-02,2025-09-02,2,9722.617676196207,41746.390824707145,-0.44746228891382567,0.7992968171747634,1.0,10
2025-09-03,2025-09-04,2025-09-02,2025-08-07;2025-08-14;2025-08-21;2025-08-28,2025-08-27;2025-08-28;2025-08-29;2025-08-30;2025-08-31;2025-09-01;2025-09-02,2025-09-02,2,10009.430584957972,41618.05286406258,-0.4211205160046231,0.7992968171747634,1.0,10
2025-09-03,2025-09-04,2025-09-02,2025-08-07;2025-08-14;2025-08-21;2025-08-28,2025-08-27;2025-08-28;2025-08-29;2025-08-30;2025-08-31;2025-09-01;2025-09-02,2025-09-02,2,10324.364466644703,41485.42774529932,-0.4211205160046231,0.7992968171747634,1.0,10
2025-09-03,2025-09-04,2025-09-02,2025-08-07;2025-08-14;2025-08-21;2025-08-28,2025-08-27;2025-08-28;2025-08-29;2025-08-30;2025-08-31;2025-09-01;2025-09-02,2025-09-02,2,10800.0,41285.45039226106,-0.4030006650118583,0.7992968171747634,1.0,10
2025-09-04,2025-09-05,2025-09-03,2025-08-08;2025-08-15;2025-08-22;2025-08-29,2025-08-28;2025-08-29;2025-08-30;2025-08-31;2025-09-01;2025-09-02;2025-09-03,2025-09-03,2,1200.0,23242.0228004853,-0.45020292955263824,0.9707121130304586,1.0,9
2025-09-04,2025-09-05,2025-09-03,2025-08-08;2025-08-15;2025-08-22;2025-08-29,2025-08-28;2025-08-29;2025-08-30;2025-08-31;2025-09-01;2025-09-02;2025-09-03,2025-09-03,2,2355.8539535847044,22721.89434906185,-0.44777851667984253,0.9707121130304586,1.0,9
2025-09-04,2025-09-05,2025-09-03,2025-08-08;2025-08-15;2025-08-22;2025-08-29,2025-08-28;2025-08-29;2025-08-30;2025-08-31;2025-09-01;2025-09-02;2025-09-03,2025-09-03,2,3892.8762236825023,22033.894461356984,-0.44746228891382567,0.9707121130304586,1.0,9
2025-09-04,2025-09-05,2025-09-03,2025-08-08;2025-08-15;2025-08-22;2025-08-29,2025-08-28;2025-08-29;2025-08-30;2025-08-31;2025-09-01;2025-09-02;2025-09-03,2025-09-03,2,4030.916220306138,21975.401839883343,-0.4211205160046231,0.9707121130304586,1.0,9
2025-09-04,2025-09-05,2025-09-03,2025-08-08;2025-08-15;2025-08-22;2025-08-29,2025-08-28;2025-08-29;2025-08-30;2025-08-31;2025-09-01;2025-09-02;2025-09-03,2025-09-03,2,4815.513572704785,21645.660483497446,-0.41950775439793714,0.9707121130304586,1.0,9
2025-09-04,2025-09-05,2025-09-03,2025-08-08;2025-08-15;2025-08-22;2025-08-29,2025-08-28;2025-08-29;2025-08-30;2025-08-31;2025-09-01;2025-09-02;2025-09-03,2025-09-03,2,5718.566553611137,21268.467190319625,-0.4169463094932008,0.9707121130304586,1.0,9
2025-09-04,2025-09-05,2025-09-03,2025-08-08;2025-08-15;2025-08-22;2025-08-29,2025-08-28;2025-08-29;2025-08-30;2025-08-31;2025-09-01;2025-09-02;2025-09-03,2025-09-03,2,7792.909282859308,20405.1359901082,-0.4149540745672947,0.9707121130304586,1.0,9
2025-09-04,2025-09-05,2025-09-03,2025-08-08;2025-08-15;2025-08-22;2025-08-29,2025-08-28;2025-08-29;2025-08-30;2025-08-31;2025-09-01;2025-09-02;2025-09-03,2025-09-03,2,10072.348103818897,19460.742670005216,-0.413625917950024,0.9707121130304586,1.0,9
2025-09-04,2025-09-05,2025-09-03,2025-08-08;2025-08-15;2025-08-22;2025-08-29,2025-08-28;2025-08-29;2025-08-30;2025-08-31;2025-09-01;2025-09-02;2025-09-03,2025-09-03,2,10800.0,19159.92984256279,-0.4030006650118583,0.9707121130304586,1.0,9
2025-09-05,2025-09-06,2025-09-04,2025-08-09;2025-08-16;2025-08-23;2025-08-30,2025-08-29;2025-08-30;2025-08-31;2025-09-01;2025-09-02;2025-09-03;2025-09-04,2025-09-04,2,1200.0,23456.2811293232,-0.4499921110419604,0.9926846365706297,1.0,12
2025-09-05,2025-09-06,2025-09-04,2025-08-09;2025-08-16;2025-08-23;2025-08-30,2025-08-29;2025-08-30;2025-08-31;2025-09-01;2025-09-02;2025-09-03;2025-09-04,2025-09-04,2,2676.0788295549232,22795.347713649484,-0.44746228891382567,0.9926846365706297,1.0,12
2025-09-05,2025-09-06,2025-09-04,2025-08-09;2025-08-16;2025-08-23;2025-08-30,2025-08-29;2025-08-30;2025-08-31;2025-09-01;2025-09-02;2025-09-03;2025-09-04,2025-09-04,2,2911.7150453413365,22690.527181008925,-0.4377424460004661,0.9926846365706297,1.0,12
2025-09-05,2025-09-06,2025-09-04,2025-08-09;2025-08-16;2025-08-23;2025-08-30,2025-08-29;2025-08-30;2025-08-31;2025-09-01;2025-09-02;2025-09-03;2025-09-04,2025-09-04,2,3262.3660620190362,22537.902760757665,-0.4334983365091874,0.9926846365706297,1.0,12
2025-09-05,2025-09-06,2025-09-04,2025-08-09;2025-08-16;2025-08-23;2025-08-30,2025-08-29;2025-08-30;2025-08-31;2025-09-01;2025-09-02;2025-09-03;2025-09-04,2025-09-04,2,3616.3252984401984,22385.291921465592,-0.4297036033169853,0.9926846365706297,1.0,12
2025-09-05,2025-09-06,2025-09-04,2025-08-09;2025-08-16;2025-08-23;2025-08-30,2025-08-29;2025-08-30;2025-08-31;2025-09-01;2025-09-02;2025-09-03;2025-09-04,2025-09-04,2,3846.589940723851,22287.492855600918,-0.4211205160046231,0.9926846365706297,1.0,12
2025-09-05,2025-09-06,2025-09-04,2025-08-09;2025-08-16;2025-08-23;2025-08-30,2025-08-29;2025-08-30;2025-08-31;2025-09-01;2025-09-02;2025-09-03;2025-09-04,2025-09-04,2,4529.3962185003775,22000.4795199588,-0.41950775439793714,0.9926846365706297,1.0,12
2025-09-05,2025-09-06,2025-09-04,2025-08-09;2025-08-16;2025-08-23;2025-08-30,2025-08-29;2025-08-30;2025-08-31;2025-09-01;2025-09-02;2025-09-03;2025-09-04,2025-09-04,2,5243.21606928007,21702.32457114689,-0.41694630949320083,0.9926846365706297,1.0,12
2025-09-05,2025-09-06,2025-09-04,2025-08-09;2025-08-16;2025-08-23;2025-08-30,2025-08-29;2025-08-30;2025-08-31;2025-09-01;2025-09-02;2025-09-03;2025-09-04,2025-09-04,2,6474.107440715002,21189.439272213283,-0.4163770995143705,0.9926846365706297,1.0,12
2025-09-05,2025-09-06,2025-09-04,2025-08-09;2025-08-16;2025-08-23;2025-08-30,2025-08-29;2025-08-30;2025-08-31;2025-09-01;2025-09-02;2025-09-03;2025-09-04,2025-09-04,2,7474.947751615989,20773.806191440508,-0.4149540745672947,0.9926846365706297,1.0,12
2025-09-05,2025-09-06,2025-09-04,2025-08-09;2025-08-16;2025-08-23;2025-08-30,2025-08-29;2025-08-30;2025-08-31;2025-09-01;2025-09-02;2025-09-03;2025-09-04,2025-09-04,2,9937.0669935154,19754.116682305594,-0.41334131296060883,0.9926846365706297,1.0,12
2025-09-05,2025-09-06,2025-09-04,2025-08-09;2025-08-16;2025-08-23;2025-08-30,2025-08-29;2025-08-30;2025-08-31;2025-09-01;2025-09-02;2025-09-03;2025-09-04,2025-09-04,2,10800.0,19397.478175501743,-0.4030006650118583,0.9926846365706297,1.0,12
2025-09-06,2025-09-07,2025-09-05,2025-08-10;2025-08-17;2025-08-24;2025-08-31,2025-08-30;2025-08-31;2025-09-01;2025-09-02;2025-09-03;2025-09-04;2025-09-05,2025-09-05,2,1200.0,45033.31044405227,-0.4544192997661961,0.9804794061637949,1.0,10
2025-09-06,2025-09-07,2025-09-05,2025-08-10;2025-08-17;2025-08-24;2025-08-31,2025-08-30;2025-08-31;2025-09-01;2025-09-02;2025-09-03;2025-09-04;2025-09-05,2025-09-05,2,3355.7716904925974,44055.31639033617,-0.4525219331700951,0.9804794061637949,1.0,10
2025-09-06,2025-09-07,2025-09-05,2025-08-10;2025-08-17;2025-08-24;2025-08-31,2025-08-30;2025-08-31;2025-09-01;2025-09-02;2025-09-03;2025-09-04;2025-09-05,2025-09-05,2,5523.099774341348,43076.12107783728,-0.45104620359534986,0.9804794061637949,1.0,10
2025-09-06,2025-09-07,2025-09-05,2025-08-10;2025-08-17;2025-08-24;2025-08-31,2025-08-30;2025-08-31;2025-09-01;2025-09-02;2025-09-03;2025-09-04;2025-09-05,2025-09-05,2,7562.937970904847,42157.60392097558,-0.4499921110419604,0.9804794061637949,1.0,10
2025-09-06,2025-09-07,2025-09-05,2025-08-10;2025-08-17;2025-08-24;2025-08-31,2025-08-30;2025-08-31;2025-09-01;2025-09-02;2025-09-03;2025-09-04;2025-09-05,2025-09-05,2,8173.304063400186,41883.16274450517,-0.44777851667984253,0.9804794061637949,1.0,10
2025-09-06,2025-09-07,2025-09-05,2025-08-10;2025-08-17;2025-08-24;2025-08-31,2025-08-30;2025-08-31;2025-09-01;2025-09-02;2025-09-03;2025-09-04;2025-09-05,2025-09-05,2,9580.205725517324,41253.40855649757,-0.44746228891382567,0.9804794061637949,1.0,10
2025-09-06,2025-09-07,2025-09-05,2025-08-10;2025-08-17;2025-08-24;2025-08-31,2025-08-30;2025-08-31;2025-09-01;2025-09-02;2025-09-03;2025-09-04;2025-09-05,2025-09-05,2,9822.544748133554,41147.293553428266,-0.4335482672090848,0.9804794061637949,1.0,10
2025-09-06,2025-09-07,2025-09-05,2025-08-10;2025-08-17;2025-08-24;2025-08-31,2025-08-30;2025-08-31;2025-09-01;2025-09-02;2025-09-03;2025-09-04;2025-09-05,2025-09-05,2,10009.430584957941,41066.26952270713,-0.4211205160046231,0.9804794061637949,1.0,10
2025-09-06,2025-09-07,2025-09-05,2025-08-10;2025-08-17;2025-08-24;2025-08-31,2025-08-30;2025-08-31;2025-09-01;2025-09-02;2025-09-03;2025-09-04;2025-09-05,2025-09-05,2,10215.03026979806,40979.687277336874,-0.4211205160046231,0.9804794061637949,1.0,10
2025-09-06,2025-09-07,2025-09-05,2025-08-10;2025-08-17;2025-08-24;2025-08-31,2025-08-30;2025-08-31;2025-09-01;2025-09-02;2025-09-03;2025-09-04;2025-09-05,2025-09-05,2,10800.0,40733.60532257185,-0.4030006650118583,0.9804794061637949,1.0,10
2025-09-07,2025-09-08,2025-09-06,2025-08-11;2025-08-18;2025-08-25;2025-09-01,2025-08-31;2025-09-01;2025-09-02;2025-09-03;2025-09-04;2025-09-05;2025-09-06,2025-09-06,2,1200.0,42805.148233209344,-0.4544192997661961,0.9917122190527152,1.0,10
2025-09-07,2025-09-08,2025-09-06,2025-08-11;2025-08-18;2025-08-25;2025-09-01,2025-08-31;2025-09-01;2025-09-02;2025-09-03;2025-09-04;2025-09-05;2025-09-06,2025-09-06,2,3409.6352747287574,41802.65725291564,-0.4525219331700951,0.9917122190527152,1.0,10
2025-09-07,2025-09-08,2025-09-06,2025-08-11;2025-08-18;2025-08-25;2025-09-01,2025-08-31;2025-09-01;2025-09-02;2025-09-03;2025-09-04;2025-09-05;2025-09-06,2025-09-06,2,5553.855801058335,40833.904790856235,-0.45104620359534986,0.9917122190527152,1.0,10
2025-09-07,2025-09-08,2025-09-06,2025-08-11;2025-08-18;2025-08-25;2025-09-01,2025-08-31;2025-09-01;2025-09-02;2025-09-03;2025-09-04;2025-09-05;2025-09-06,2025-09-06,2,7571.945708192024,39925.19711737655,-0.4499921110419604,0.9917122190527152,1.0,10
2025-09-07,2025-09-08,2025-09-06,2025-08-11;2025-08-18;2025-08-25;2025-09-01,2025-08-31;2025-09-01;2025-09-02;2025-09-03;2025-09-04;2025-09-05;2025-09-06,2025-09-06,2,8182.311800686009,39650.75594090675,-0.44777851667984253,0.9917122190527152,1.0,10
2025-09-07,2025-09-08,2025-09-06,2025-08-11;2025-08-18;2025-08-25;2025-09-01,2025-08-31;2025-09-01;2025-09-02;2025-09-03;2025-09-04;2025-09-05;2025-09-06,2025-09-06,2,9586.786023668239,39022.08794037065,-0.44746228891382567,0.9917122190527152,1.0,10
2025-09-07,2025-09-08,2025-09-06,2025-08-11;2025-08-18;2025-08-25;2025-09-01,2025-08-31;2025-09-01;2025-09-02;2025-09-03;2025-09-04;2025-09-05;2025-09-06,2025-09-06,2,9827.302736615586,38916.72922105981,-0.4335482672090848,0.9917122190527152,1.0,10
2025-09-07,2025-09-08,2025-09-06,2025-08-11;2025-08-18;2025-08-25;2025-09-01,2025-08-31;2025-09-01;2025-09-02;2025-09-03;2025-09-04;2025-09-05;2025-09-06,2025-09-06,2,10009.430584958527,38837.76800800021,-0.4211205160046231,0.9917122190527152,1.0,10
2025-09-07,2025-09-08,2025-09-06,2025-08-11;2025-08-18;2025-08-25;2025-09-01,2025-08-31;2025-09-01;2025-09-02;2025-09-03;2025-09-04;2025-09-05;2025-09-06,2025-09-06,2,10217.827737021142,38750.00769178971,-0.4211205160046231,0.9917122190527152,1.0,10
2025-09-07,2025-09-08,2025-09-06,2025-08-11;2025-08-18;2025-08-25;2025-09-01,2025-08-31;2025-09-01;2025-09-02;2025-09-03;2025-09-04;2025-09-05;2025-09-06,2025-09-06,2,10800.0,38505.104761781724,-0.4030006650118583,0.9917122190527152,1.0,10
2025-09-08,2025-09-09,2025-09-07,2025-08-12;2025-08-19;2025-08-26;2025-09-02,2025-09-01;2025-09-02;2025-09-03;2025-09-04;2025-09-05;2025-09-06;2025-09-07,2025-09-07,2,1200.0,42939.93425429857,-0.4544192997661961,0.881148175605631,1.0,11
2025-09-08,2025-09-09,2025-09-07,2025-08-12;2025-08-19;2025-08-26;2025-09-02,2025-09-01;2025-09-02;2025-09-03;2025-09-04;2025-09-05;2025-09-06;2025-09-07,2025-09-07,2,2595.5567334193197,42306.474674047495,-0.4534706164681456,0.881148175605631,1.0,11
2025-09-08,2025-09-09,2025-09-07,2025-08-12;2025-08-19;2025-08-26;2025-09-02,2025-09-01;2025-09-02;2025-09-03;2025-09-04;2025-09-05;2025-09-06;2025-09-07,2025-09-07,2,3454.7519657387415,41916.96165321445,-0.4525219331700951,0.881148175605631,1.0,11
2025-09-08,2025-09-09,2025-09-07,2025-08-12;2025-08-19;2025-08-26;2025-09-02,2025-09-01;2025-09-02;2025-09-03;2025-09-04;2025-09-05;2025-09-06;2025-09-07,2025-09-07,2,5622.080049589387,40937.7663407147,-0.45104620359534986,0.881148175605631,1.0,11
2025-09-08,2025-09-09,2025-09-07,2025-08-12;2025-08-19;2025-08-26;2025-09-02,2025-09-01;2025-09-02;2025-09-03;2025-09-04;2025-09-05;2025-09-06;2025-09-07,2025-09-07,2,7661.91824615467,40019.249183852204,-0.4499921110419604,0.881148175605631,1.0,11
2025-09-08,2025-09-09,2025-09-07,2025-08-12;2025-08-19;2025-08-26;2025-09-02,2025-09-01;2025-09-02;2025-09-03;2025-09-04;2025-09-05;2025-09-06;2025-09-07,2025-09-07,2,8272.284338651361,39744.80800738119,-0.44777851667984253,0.881148175605631,1.0,11
2025-09-08,2025-09-09,2025-09-07,2025-08-12;2025-08-19;2025-08-26;2025-09-02,2025-09-01;2025-09-02;2025-09-03;2025-09-04;2025-09-05;2025-09-06;2025-09-07,2025-09-07,2,9620.788095210131,39141.184679862505,-0.44746228891382567,0.881148175605631,1.0,11
2025-09-08,2025-09-09,2025-09-07,2025-08-12;2025-08-19;2025-08-26;2025-09-02,2025-09-01;2025-09-02;2025-09-03;2025-09-04;2025-09-05;2025-09-06;2025-09-07,2025-09-07,2,9874.827246463576,39029.18455657102,-0.4335482672090848,0.881148175605631,1.0,11
2025-09-08,2025-09-09,2025-09-07,2025-08-12;2025-08-19;2025-08-26;2025-09-02,2025-09-01;2025-09-02;2025-09-03;2025-09-04;2025-09-05;2025-09-06;2025-09-07,2025-09-07,2,10009.430584958527,38970.82751240598,-0.4211205160046231,0.881148175605631,1.0,11
2025-09-08,2025-09-09,2025-09-07,2025-08-12;2025-08-19;2025-08-26;2025-09-02,2025-09-01;2025-09-02;2025-09-03;2025-09-04;2025-09-05;2025-09-06;2025-09-07,2025-09-07,2,10246.47498712803,38871.00325144835,-0.4211205160046231,0.881148175605631,1.0,11
2025-09-08,2025-09-09,2025-09-07,2025-08-12;2025-08-19;2025-08-26;2025-09-02,2025-09-01;2025-09-02;2025-09-03;2025-09-04;2025-09-05;2025-09-06;2025-09-07,2025-09-07,2,10800.0,38638.142442773446,-0.4030006650118583,0.881148175605631,1.0,11
2025-09-09,2025-09-10,2025-09-08,2025-08-13;2025-08-20;2025-08-27;2025-09-03,2025-09-02;2025-09-03;2025-09-04;2025-09-05;2025-09-06;2025-09-07;2025-09-08,2025-09-08,2,1200.0,43295.5063341068,-0.4544192997661961,0.7992968171747634,1.0,10
2025-09-09,2025-09-10,2025-09-08,2025-08-13;2025-08-20;2025-08-27;2025-09-03,2025-09-02;2025-09-03;2025-09-04;2025-09-05;2025-09-06;2025-09-07;2025-09-08,2025-09-08,2,2771.2691290497655,42582.1996500731,-0.4534706164681456,0.7992968171747634,1.0,10
2025-09-09,2025-09-10,2025-09-08,2025-08-13;2025-08-20;2025-08-27;2025-09-03,2025-09-02;2025-09-03;2025-09-04;2025-09-05;2025-09-06;2025-09-07;2025-09-08,2025-09-08,2,3630.46436137446,42192.686629237665,-0.4525219331700951,0.7992968171747634,1.0,10
2025-09-09,2025-09-10,2025-09-08,2025-08-13;2025-08-20;2025-08-27;2025-09-03,2025-09-02;2025-09-03;2025-09-04;2025-09-05;2025-09-06;2025-09-07;2025-09-08,2025-09-08,2,5797.7924452247125,41213.49131673809,-0.45104620359534986,0.7992968171747634,1.0,10
2025-09-09,2025-09-10,2025-09-08,2025-08-13;2025-08-20;2025-08-27;2025-09-03,2025-09-02;2025-09-03;2025-09-04;2025-09-05;2025-09-06;2025-09-07;2025-09-08,2025-09-08,2,7837.630641789625,40294.974159875754,-0.4499921110419604,0.7992968171747634,1.0,10
2025-09-09,2025-09-10,2025-09-08,2025-08-13;2025-08-20;2025-08-27;2025-09-03,2025-09-02;2025-09-03;2025-09-04;2025-09-05;2025-09-06;2025-09-07;2025-09-08,2025-09-08,2,8447.996734285638,40020.53298340504,-0.44777851667984253,0.7992968171747634,1.0,10
2025-09-09,2025-09-10,2025-09-08,2025-08-13;2025-08-20;2025-08-27;2025-09-03,2025-09-02;2025-09-03;2025-09-04;2025-09-05;2025-09-06;2025-09-07;2025-09-08,2025-09-08,2,9647.473720684296,39483.59351557164,-0.44746228891382567,0.7992968171747634,1.0,10
2025-09-09,2025-09-10,2025-09-08,2025-08-13;2025-08-20;2025-08-27;2025-09-03,2025-09-02;2025-09-03;2025-09-04;2025-09-05;2025-09-06;2025-09-07;2025-09-08,2025-09-08,2,9967.640516667108,39340.850304778505,-0.4335482672090848,0.7992968171747634,1.0,10
2025-09-09,2025-09-10,2025-09-08,2025-08-13;2025-08-20;2025-08-27;2025-09-03,2025-09-02;2025-09-03;2025-09-04;2025-09-05;2025-09-06;2025-09-07;2025-09-08,2025-09-08,2,10278.099097155711,39209.59047059354,-0.4211205160046231,0.7992968171747634,1.0,10
2025-09-09,2025-09-10,2025-09-08,2025-08-13;2025-08-20;2025-08-27;2025-09-03,2025-09-02;2025-09-03;2025-09-04;2025-09-05;2025-09-06;2025-09-07;2025-09-08,2025-09-08,2,10800.0,38990.04628104555,-0.40499289993776433,0.7992968171747634,1.0,10
2025-09-10,2025-09-11,2025-09-09,2025-08-14;2025-08-21;2025-08-28;2025-09-04,2025-09-03;2025-09-04;2025-09-05;2025-09-06;2025-09-07;2025-09-08;2025-09-09,2025-09-09,2,1200.0,43381.06001685891,-0.4544192997661961,0.8804598825227004,1.0,11
2025-09-10,2025-09-11,2025-09-09,2025-08-14;2025-08-21;2025-08-28;2025-09-04,2025-09-03;2025-09-04;2025-09-05;2025-09-06;2025-09-07;2025-09-08;2025-09-09,2025-09-09,2,2594.1699922162666,42748.230598574286,-0.4534706164681456,0.8804598825227004,1.0,11
2025-09-10,2025-09-11,2025-09-09,2025-08-14;2025-08-21;2025-08-28;2025-09-04,2025-09-03;2025-09-04;2025-09-05;2025-09-06;2025-09-07;2025-09-08;2025-09-09,2025-09-09,2,3453.3652245364074,42358.71757774091,-0.4525219331700951,0.8804598825227004,1.0,11
2025-09-10,2025-09-11,2025-09-09,2025-08-14;2025-08-21;2025-08-28;2025-09-04,2025-09-03;2025-09-04;2025-09-05;2025-09-06;2025-09-07;2025-09-08;2025-09-09,2025-09-09,2,5620.693308388426,41379.522265240535,-0.45104620359534986,0.8804598825227004,1.0,11
2025-09-10,2025-09-11,2025-09-09,2025-08-14;2025-08-21;2025-08-28;2025-09-04,2025-09-03;2025-09-04;2025-09-05;2025-09-06;2025-09-07;2025-09-08;2025-09-09,2025-09-09,2,7660.531504955001,40461.00510837746,-0.4499921110419604,0.8804598825227004,1.0,11
2025-09-10,2025-09-11,2025-09-09,2025-08-14;2025-08-21;2025-08-28;2025-09-04,2025-09-03;2025-09-04;2025-09-05;2025-09-06;2025-09-07;2025-09-08;2025-09-09,2025-09-09,2,8270.897597451185,40186.56393190667,-0.44777851667984253,0.8804598825227004,1.0,11
2025-09-10,2025-09-11,2025-09-09,2025-08-14;2025-08-21;2025-08-28;2025-09-04,2025-09-03;2025-09-04;2025-09-05;2025-09-06;2025-09-07;2025-09-08;2025-09-09,2025-09-09,2,9620.42068424463,39582.48449254802,-0.44746228891382567,0.8804598825227004,1.0,11
2025-09-10,2025-09-11,2025-09-09,2025-08-14;2025-08-21;2025-08-28;2025-09-04,2025-09-03;2025-09-04;2025-09-05;2025-09-06;2025-09-07;2025-09-08;2025-09-09,2025-09-09,2,9874.094754113632,39470.656832641136,-0.4335482672090848,0.8804598825227004,1.0,11
2025-09-10,2025-09-11,2025-09-09,2025-08-14;2025-08-21;2025-08-28;2025-09-04,2025-09-03;2025-09-04;2025-09-05;2025-09-06;2025-09-07;2025-09-08;2025-09-09,2025-09-09,2,10009.430584957941,39411.982217687284,-0.4211205160046231,0.8804598825227004,1.0,11
2025-09-10,2025-09-11,2025-09-09,2025-08-14;2025-08-21;2025-08-28;2025-09-04,2025-09-03;2025-09-04;2025-09-05;2025-09-06;2025-09-07;2025-09-08;2025-09-09,2025-09-09,2,10246.267073069925,39312.245513604845,-0.4211205160046231,0.8804598825227004,1.0,11
2025-09-10,2025-09-11,2025-09-09,2025-08-14;2025-08-21;2025-08-28;2025-09-04,2025-09-03;2025-09-04;2025-09-05;2025-09-06;2025-09-07;2025-09-08;2025-09-09,2025-09-09,2,10800.0,39079.287097104025,-0.4030006650118583,0.8804598825227004,1.0,11
2025-09-11,2025-09-12,2025-09-10,2025-08-15;2025-08-22;2025-08-29;2025-09-05,2025-09-04;2025-09-05;2025-09-06;2025-09-07;2025-09-08;2025-09-09;2025-09-10,2025-09-10,2,1200.0,21798.29144710876,-0.4499921110419604,0.9666444764188782,1.0,13
2025-09-11,2025-09-12,2025-09-10,2025-08-15;2025-08-22;2025-08-29;2025-09-05,2025-09-04;2025-09-05;2025-09-06;2025-09-07;2025-09-08;2025-09-09;2025-09-10,2025-09-10,2,1776.5050335315643,21539.08254501623,-0.44777851667984253,0.9666444764188782,1.0,13
2025-09-11,2025-09-12,2025-09-10,2025-08-15;2025-08-22;2025-08-29;2025-09-05,2025-09-04;2025-09-05;2025-09-06;2025-09-07;2025-09-08;2025-09-09;2025-09-10,2025-09-10,2,3046.2496661009286,20970.70589041804,-0.44746228891382567,0.9666444764188782,1.0,13
2025-09-11,2025-09-12,2025-09-10,2025-08-15;2025-08-22;2025-08-29;2025-09-05,2025-09-04;2025-09-05;2025-09-06;2025-09-07;2025-09-08;2025-09-09;2025-09-10,2025-09-10,2,3283.0609349973047,20865.164760158747,-0.4400392581957462,0.9666444764188782,1.0,13
2025-09-11,2025-09-12,2025-09-10,2025-08-15;2025-08-22;2025-08-29;2025-09-05,2025-09-04;2025-09-05;2025-09-06;2025-09-07;2025-09-08;2025-09-09;2025-09-10,2025-09-10,2,3583.163366197272,20734.527998694088,-0.4338977821083666,0.9666444764188782,1.0,13
2025-09-11,2025-09-12,2025-09-10,2025-08-15;2025-08-22;2025-08-29;2025-09-05,2025-09-04;2025-09-05;2025-09-06;2025-09-07;2025-09-08;2025-09-09;2025-09-10,2025-09-10,2,3795.4281035135605,20643.067504787985,-0.42925422701790883,0.9666444764188782,1.0,13
2025-09-11,2025-09-12,2025-09-10,2025-08-15;2025-08-22;2025-08-29;2025-09-05,2025-09-04;2025-09-05;2025-09-06;2025-09-07;2025-09-08;2025-09-09;2025-09-10,2025-09-10,2,4110.640302083855,20508.26956120426,-0.42560928592539893,0.9666444764188782,1.0,13
2025-09-11,2025-09-12,2025-09-10,2025-08-15;2025-08-22;2025-08-29;2025-09-05,2025-09-04;2025-09-05;2025-09-06;2025-09-07;2025-09-08;2025-09-09;2025-09-10,2025-09-10,2,4433.436261137952,20372.240127014782,-0.4211205160046231,0.9666444764188782,1.0,13
2025-09-11,2025-09-12,2025-09-10,2025-08-15;2025-08-22;2025-08-29;2025-09-05,2025-09-04;2025-09-05;2025-09-06;2025-09-07;2025-09-08;2025-09-09;2025-09-10,2025-09-10,2,5516.535352833778,19918.673923662573,-0.41751551947203114,0.9666444764188782,1.0,13
2025-09-11,2025-09-12,2025-09-10,2025-08-15;2025-08-22;2025-08-29;2025-09-05,2025-09-04;2025-09-05;2025-09-06;2025-09-07;2025-09-08;2025-09-09;2025-09-10,2025-09-10,2,7290.111512868654,19180.169929166324,-0.4153335478865149,0.9666444764188782,1.0,13
2025-09-11,2025-09-12,2025-09-10,2025-08-15;2025-08-22;2025-08-29;2025-09-05,2025-09-04;2025-09-05;2025-09-06;2025-09-07;2025-09-08;2025-09-09;2025-09-10,2025-09-10,2,8456.393059805721,18696.302799505807,-0.41428999625865937,0.9666444764188782,1.0,13
2025-09-11,2025-09-12,2025-09-10,2025-08-15;2025-08-22;2025-08-29;2025-09-05,2025-09-04;2025-09-05;2025-09-06;2025-09-07;2025-09-08;2025-09-09;2025-09-10,2025-09-10,2,9842.402521190406,18122.484640689723,-0.41362591795002396,0.9666444764188782,1.0,13
2025-09-11,2025-09-12,2025-09-10,2025-08-15;2025-08-22;2025-08-29;2025-09-05,2025-09-04;2025-09-05;2025-09-06;2025-09-07;2025-09-08;2025-09-09;2025-09-10,2025-09-10,2,10800.0,17726.644824925203,-0.4030006650118583,0.9666444764188782,1.0,13
2025-09-12,2025-09-13,2025-09-11,2025-08-16;2025-08-23;2025-08-30;2025-09-06,2025-09-05;2025-09-06;2025-09-07;2025-09-08;2025-09-09;2025-09-10;2025-09-11,2025-09-11,2,1200.0,21349.880501601998,-0.4499921110419604,0.9564301123973564,1.0,10
2025-09-12,2025-09-13,2025-09-11,2025-08-16;2025-08-23;2025-08-30;2025-09-06,2025-09-05;2025-09-06;2025-09-07;2025-09-08;2025-09-09;2025-09-10;2025-09-11,2025-09-11,2,2079.255834601258,20954.441062443817,-0.44777851667984253,0.9564301123973564,1.0,10
2025-09-12,2025-09-13,2025-09-11,2025-08-16;2025-08-23;2025-08-30;2025-09-06,2025-09-05;2025-09-06;2025-09-07;2025-09-08;2025-09-09;2025-09-10;2025-09-11,2025-09-11,2,3431.6880417417324,20349.05990143596,-0.44746228891382567,0.9564301123973564,1.0,10
2025-09-12,2025-09-13,2025-09-11,2025-08-16;2025-08-23;2025-08-30;2025-09-06,2025-09-05;2025-09-06;2025-09-07;2025-09-08;2025-09-09;2025-09-10;2025-09-11,2025-09-11,2,3563.764164241208,20290.018523652667,-0.4211205160046231,0.9564301123973564,1.0,10
2025-09-12,2025-09-13,2025-09-11,2025-08-16;2025-08-23;2025-08-30;2025-09-06,2025-09-05;2025-09-06;2025-09-07;2025-09-08;2025-09-09;2025-09-10;2025-09-11,2025-09-11,2,4477.2906781959055,19905.95909037441,-0.41950775439793714,0.9564301123973564,1.0,10
2025-09-12,2025-09-13,2025-09-11,2025-08-16;2025-08-23;2025-08-30;2025-09-06,2025-09-05;2025-09-06;2025-09-07;2025-09-08;2025-09-09;2025-09-10;2025-09-11,2025-09-11,2,5464.189931107454,19493.829765369093,-0.4169463094932008,0.9564301123973564,1.0,10
2025-09-12,2025-09-13,2025-09-11,2025-08-16;2025-08-23;2025-08-30;2025-09-06,2025-09-05;2025-09-06;2025-09-07;2025-09-08;2025-09-09;2025-09-10;2025-09-11,2025-09-11,2,6609.306237070078,19016.717140504516,-0.4163770995143705,0.9564301123973564,1.0,10
2025-09-12,2025-09-13,2025-09-11,2025-08-16;2025-08-23;2025-08-30;2025-09-06,2025-09-05;2025-09-06;2025-09-07;2025-09-08;2025-09-09;2025-09-10;2025-09-11,2025-09-11,2,7593.85471986216,18607.835343113868,-0.4149540745672947,0.9564301123973564,1.0,10
2025-09-12,2025-09-13,2025-09-11,2025-08-16;2025-08-23;2025-08-30;2025-09-06,2025-09-05;2025-09-06;2025-09-07;2025-09-08;2025-09-09;2025-09-10;2025-09-11,2025-09-11,2,9967.466408148812,17624.76211954515,-0.41334131296060883,0.9564301123973564,1.0,10
2025-09-12,2025-09-13,2025-09-11,2025-08-16;2025-08-23;2025-08-30;2025-09-06,2025-09-05;2025-09-06;2025-09-07;2025-09-08;2025-09-09;2025-09-10;2025-09-11,2025-09-11,2,10800.0,17280.693666478415,-0.4030006650118583,0.9564301123973564,1.0,10
2025-09-13,2025-09-14,2025-09-12,2025-08-17;2025-08-24;2025-08-31;2025-09-07,2025-09-06;2025-09-07;2025-09-08;2025-09-09;2025-09-10;2025-09-11;2025-09-12,2025-09-12,2,1200.0,43742.92482564561,-0.4544192997661961,0.7992968171674875,1.0,10
2025-09-13,2025-09-14,2025-09-12,2025-08-17;2025-08-24;2025-08-31;2025-09-07,2025-09-06;2025-09-07;2025-09-08;2025-09-09;2025-09-10;2025-09-11;2025-09-12,2025-09-12,2,2850.385326518956,42993.666214557794,-0.4534706164681456,0.7992968171674875,1.0,10
2025-09-13,2025-09-14,2025-09-12,2025-08-17;2025-08-24;2025-08-31;2025-09-07,2025-09-06;2025-09-07;2025-09-08;2025-09-09;2025-09-10;2025-09-11;2025-09-12,2025-09-12,2,3709.580558841014,42604.153193723556,-0.4525219331700951,0.7992968171674875,1.0,10
2025-09-13,2025-09-14,2025-09-12,2025-08-17;2025-08-24;2025-08-31;2025-09-07,2025-09-06;2025-09-07;2025-09-08;2025-09-09;2025-09-10;2025-09-11;2025-09-12,2025-09-12,2,5876.908642693554,41624.957881222945,-0.45104620359534986,0.7992968171674875,1.0,10
2025-09-13,2025-09-14,2025-09-12,2025-08-17;2025-08-24;2025-08-31;2025-09-07,2025-09-06;2025-09-07;2025-09-08;2025-09-09;2025-09-10;2025-09-11;2025-09-12,2025-09-12,2,7916.746839260618,40706.44072435965,-0.4499921110419604,0.7992968171674875,1.0,10
2025-09-13,2025-09-14,2025-09-12,2025-08-17;2025-08-24;2025-08-31;2025-09-07,2025-09-06;2025-09-07;2025-09-08;2025-09-09;2025-09-10;2025-09-11;2025-09-12,2025-09-12,2,8527.112931758662,40431.99954788803,-0.44777851667984253,0.7992968171674875,1.0,10
2025-09-13,2025-09-14,2025-09-12,2025-08-17;2025-08-24;2025-08-31;2025-09-07,2025-09-06;2025-09-07;2025-09-08;2025-09-09;2025-09-10;2025-09-11;2025-09-12,2025-09-12,2,9723.62656116882,39896.38607055557,-0.44746228891382567,0.7992968171674875,1.0,10
2025-09-13,2025-09-14,2025-09-12,2025-08-17;2025-08-24;2025-08-31;2025-09-07,2025-09-06;2025-09-07;2025-09-08;2025-09-09;2025-09-10;2025-09-11;2025-09-12,2025-09-12,2,10009.430584957698,39768.49954789021,-0.4211205160046231,0.7992968171674875,1.0,10
2025-09-13,2025-09-14,2025-09-12,2025-08-17;2025-08-24;2025-08-31;2025-09-07,2025-09-06;2025-09-07;2025-09-08;2025-09-09;2025-09-10;2025-09-11;2025-09-12,2025-09-12,2,10325.53121413081,39635.383087823444,-0.4211205160046231,0.7992968171674875,1.0,10
2025-09-13,2025-09-14,2025-09-12,2025-08-17;2025-08-24;2025-08-31;2025-09-07,2025-09-06;2025-09-07;2025-09-08;2025-09-09;2025-09-10;2025-09-11;2025-09-12,2025-09-12,2,10800.0,39435.84520060066,-0.4030006650118583,0.7992968171674875,1.0,10
2025-09-14,2025-09-15,2025-09-13,2025-08-18;2025-08-25;2025-09-01;2025-09-08,2025-09-07;2025-09-08;2025-09-09;2025-09-10;2025-09-11;2025-09-12;2025-09-13,2025-09-13,2,1200.0,41706.7697786034,-0.4544192997661961,0.7992968171674875,1.0,10
2025-09-14,2025-09-15,2025-09-13,2025-08-18;2025-08-25;2025-09-01;2025-09-08,2025-09-07;2025-09-08;2025-09-09;2025-09-10;2025-09-11;2025-09-12;2025-09-13,2025-09-13,2,2850.385326515121,40957.511167517325,-0.4534706164681456,0.7992968171674875,1.0,10
2025-09-14,2025-09-15,2025-09-13,2025-08-18;2025-08-25;2025-09-01;2025-09-08,2025-09-07;2025-09-08;2025-09-09;2025-09-10;2025-09-11;2025-09-12;2025-09-13,2025-09-13,2,3709.580558841014,40567.99814668135,-0.4525219331700951,0.7992968171674875,1.0,10
2025-09-14,2025-09-15,2025-09-13,2025-08-18;2025-08-25;2025-09-01;2025-09-08,2025-09-07;2025-09-08;2025-09-09;2025-09-10;2025-09-11;2025-09-12;2025-09-13,2025-09-13,2,5876.908642690416,39588.80283418215,-0.45104620359534986,0.7992968171674875,1.0,10
2025-09-14,2025-09-15,2025-09-13,2025-08-18;2025-08-25;2025-09-01;2025-09-08,2025-09-07;2025-09-08;2025-09-09;2025-09-10;2025-09-11;2025-09-12;2025-09-13,2025-09-13,2,7916.746839254528,38670.28567732018,-0.4499921110419604,0.7992968171674875,1.0,10
2025-09-14,2025-09-15,2025-09-13,2025-08-18;2025-08-25;2025-09-01;2025-09-08,2025-09-07;2025-09-08;2025-09-09;2025-09-10;2025-09-11;2025-09-12;2025-09-13,2025-09-13,2,8527.112931750033,38395.84450084969,-0.44777851667984253,0.7992968171674875,1.0,10
2025-09-14,2025-09-15,2025-09-13,2025-08-18;2025-08-25;2025-09-01;2025-09-08,2025-09-07;2025-09-08;2025-09-09;2025-09-10;2025-09-11;2025-09-12;2025-09-13,2025-09-13,2,9723.804864112217,37860.1512396702,-0.44746228891382567,0.7992968171674875,1.0,10
2025-09-14,2025-09-15,2025-09-13,2025-08-18;2025-08-25;2025-09-01;2025-09-08,2025-09-07;2025-09-08;2025-09-09;2025-09-10;2025-09-11;2025-09-12;2025-09-13,2025-09-13,2,10009.430584957972,37732.344500847896,-0.4211205160046231,0.7992968171674875,1.0,10
2025-09-14,2025-09-15,2025-09-13,2025-08-18;2025-08-25;2025-09-01;2025-09-08,2025-09-07;2025-09-08;2025-09-09;2025-09-10;2025-09-11;2025-09-12;2025-09-13,2025-09-13,2,10325.737416539527,37599.141204716485,-0.4211205160046231,0.7992968171674875,1.0,10
2025-09-14,2025-09-15,2025-09-13,2025-08-18;2025-08-25;2025-09-01;2025-09-08,2025-09-07;2025-09-08;2025-09-09;2025-09-10;2025-09-11;2025-09-12;2025-09-13,2025-09-13,2,10800.0,37399.680985464525,-0.4030006650118583,0.7992968171674875,1.0,10
2025-09-15,2025-09-16,2025-09-14,2025-08-19;2025-08-26;2025-09-02;2025-09-09,2025-09-08;2025-09-09;2025-09-10;2025-09-11;2025-09-12;2025-09-13;2025-09-14,2025-09-14,2,1200.0,42097.7520163861,-0.4544192997661961,0.9986943007315858,1.0,9
2025-09-15,2025-09-16,2025-09-14,2025-08-19;2025-08-26;2025-09-02;2025-09-09,2025-09-08;2025-09-09;2025-09-10;2025-09-11;2025-09-12;2025-09-13;2025-09-14,2025-09-14,2,2850.3853265227904,41348.49340529653,-0.4534706164681456,0.9986943007315858,1.0,9
2025-09-15,2025-09-16,2025-09-14,2025-08-19;2025-08-26;2025-09-02;2025-09-09,2025-09-08;2025-09-09;2025-09-10;2025-09-11;2025-09-12;2025-09-13;2025-09-14,2025-09-14,2,3709.580558843171,40958.98038446306,-0.4525219331700951,0.9986943007315858,1.0,9
2025-09-15,2025-09-16,2025-09-14,2025-08-19;2025-08-26;2025-09-02;2025-09-09,2025-09-08;2025-09-09;2025-09-10;2025-09-11;2025-09-12;2025-09-13;2025-09-14,2025-09-14,2,5876.908642692508,39979.785071963895,-0.45104620359534986,0.9986943007315858,1.0,9
2025-09-15,2025-09-16,2025-09-14,2025-08-19;2025-08-26;2025-09-02;2025-09-09,2025-09-08;2025-09-09;2025-09-10;2025-09-11;2025-09-12;2025-09-13;2025-09-14,2025-09-14,2,7916.746839256558,39061.267915101955,-0.4499921110419604,0.9986943007315858,1.0,9
2025-09-15,2025-09-16,2025-09-14,2025-08-19;2025-08-26;2025-09-02;2025-09-09,2025-09-08;2025-09-09;2025-09-10;2025-09-11;2025-09-12;2025-09-13;2025-09-14,2025-09-14,2,9644.720276660988,38286.52084797162,-0.44746228891382567,0.9986943007315858,1.0,9
2025-09-15,2025-09-16,2025-09-14,2025-08-19;2025-08-26;2025-09-02;2025-09-09,2025-09-08;2025-09-09;2025-09-10;2025-09-11;2025-09-12;2025-09-13;2025-09-14,2025-09-14,2,10009.430584957972,38123.32673863058,-0.4211205160046231,0.9986943007315858,1.0,9
2025-09-15,2025-09-16,2025-09-14,2025-08-19;2025-08-26;2025-09-02;2025-09-09,2025-09-08;2025-09-09;2025-09-10;2025-09-11;2025-09-12;2025-09-13;2025-09-14,2025-09-14,2,10284.81182837764,38007.3580473037,-0.4211205160046231,0.9986943007315858,1.0,9
2025-09-15,2025-09-16,2025-09-14,2025-08-19;2025-08-26;2025-09-02;2025-09-09,2025-09-08;2025-09-09;2025-09-10;2025-09-11;2025-09-12;2025-09-13;2025-09-14,2025-09-14,2,10800.0,37790.674464825075,-0.4065107932146451,0.9986943007315858,1.0,9
2025-09-16,2025-09-17,2025-09-15,2025-08-20;2025-08-27;2025-09-03;2025-09-10,2025-09-09;2025-09-10;2025-09-11;2025-09-12;2025-09-13;2025-09-14;2025-09-15,2025-09-15,2,1200.0,36839.515951111214,-0.4544192997661961,0.9900778781302506,1.0,10
2025-09-16,2025-09-17,2025-09-15,2025-08-20;2025-08-27;2025-09-03;2025-09-10,2025-09-09;2025-09-10;2025-09-11;2025-09-12;2025-09-13;2025-09-14;2025-09-15,2025-09-15,2,3247.4727126026396,35910.638720753675,-0.4533652072128066,0.9900778781302506,1.0,10
2025-09-16,2025-09-17,2025-09-15,2025-08-20;2025-08-27;2025-09-03;2025-09-10,2025-09-09;2025-09-10;2025-09-11;2025-09-12;2025-09-13;2025-09-14;2025-09-15,2025-09-15,2,5113.160862054619,35067.59327785678,-0.45104620359534986,0.9900778781302506,1.0,10
2025-09-16,2025-09-17,2025-09-15,2025-08-20;2025-08-27;2025-09-03;2025-09-10,2025-09-09;2025-09-10;2025-09-11;2025-09-12;2025-09-13;2025-09-14;2025-09-15,2025-09-15,2,7039.032500198583,34200.24941787365,-0.4499921110419604,0.9900778781302506,1.0,10
2025-09-16,2025-09-17,2025-09-15,2025-08-20;2025-08-27;2025-09-03;2025-09-10,2025-09-09;2025-09-10;2025-09-11;2025-09-12;2025-09-13;2025-09-14;2025-09-15,2025-09-15,2,7709.729508454986,33898.612475361326,-0.44777851667984253,0.9900778781302506,1.0,10
2025-09-16,2025-09-17,2025-09-15,2025-08-20;2025-08-27;2025-09-03;2025-09-10,2025-09-09;2025-09-10;2025-09-11;2025-09-12;2025-09-13;2025-09-14;2025-09-15,2025-09-15,2,9234.417967055248,33216.39854398224,-0.44007415420711893,0.9900778781302506,1.0,10
2025-09-16,2025-09-17,2025-09-15,2025-08-20;2025-08-27;2025-09-03;2025-09-10,2025-09-09;2025-09-10;2025-09-11;2025-09-12;2025-09-13;2025-09-14;2025-09-15,2025-09-15,2,9506.523035835142,33097.1242688011,-0.436469157674527,0.9900778781302506,1.0,10
2025-09-16,2025-09-17,2025-09-15,2025-08-20;2025-08-27;2025-09-03;2025-09-10,2025-09-09;2025-09-10;2025-09-11;2025-09-12;2025-09-13;2025-09-14;2025-09-15,2025-09-15,2,10080.846774847332,32848.29697825279,-0.4299866055925766,0.9900778781302506,1.0,10
2025-09-16,2025-09-17,2025-09-15,2025-08-20;2025-08-27;2025-09-03;2025-09-10,2025-09-09;2025-09-10;2025-09-11;2025-09-12;2025-09-13;2025-09-14;2025-09-15,2025-09-15,2,10470.196525733309,32682.486502202584,-0.4211205160046231,0.9900778781302506,1.0,10
2025-09-16,2025-09-17,2025-09-15,2025-08-20;2025-08-27;2025-09-03;2025-09-10,2025-09-09;2025-09-10;2025-09-11;2025-09-12;2025-09-13;2025-09-14;2025-09-15,2025-09-15,2,10800.0,32543.599492939276,-0.4030006650118583,0.9900778781302506,1.0,10
2025-09-17,2025-09-18,2025-09-16,2025-08-21;2025-08-28;2025-09-04;2025-09-11,2025-09-10;2025-09-11;2025-09-12;2025-09-13;2025-09-14;2025-09-15;2025-09-16,2025-09-16,2,1200.0,38245.20901264096,-0.4544192997661961,0.7992968171747634,1.0,10
2025-09-17,2025-09-18,2025-09-16,2025-08-21;2025-08-28;2025-09-04;2025-09-11,2025-09-10;2025-09-11;2025-09-12;2025-09-13;2025-09-14;2025-09-15;2025-09-16,2025-09-16,2,2850.3853265227904,37495.950401551396,-0.4534706164681456,0.7992968171747634,1.0,10
2025-09-17,2025-09-18,2025-09-16,2025-08-21;2025-08-28;2025-09-04;2025-09-11,2025-09-10;2025-09-11;2025-09-12;2025-09-13;2025-09-14;2025-09-15;2025-09-16,2025-09-16,2,3709.580558841014,37106.4373807189,-0.4525219331700951,0.7992968171747634,1.0,10
2025-09-17,2025-09-18,2025-09-16,2025-08-21;2025-08-28;2025-09-04;2025-09-11,2025-09-10;2025-09-11;2025-09-12;2025-09-13;2025-09-14;2025-09-15;2025-09-16,2025-09-16,2,5876.908642692508,36127.242068218766,-0.45104620359534986,0.7992968171747634,1.0,10
2025-09-17,2025-09-18,2025-09-16,2025-08-21;2025-08-28;2025-09-04;2025-09-11,2025-09-10;2025-09-11;2025-09-12;2025-09-13;2025-09-14;2025-09-15;2025-09-16,2025-09-16,2,7916.746839258588,35208.72491135591,-0.4499921110419604,0.7992968171747634,1.0,10
2025-09-17,2025-09-18,2025-09-16,2025-08-21;2025-08-28;2025-09-04;2025-09-11,2025-09-10;2025-09-11;2025-09-12;2025-09-13;2025-09-14;2025-09-15;2025-09-16,2025-09-16,2,8527.11293175291,34934.28373488595,-0.44777851667984253,0.7992968171747634,1.0,10
2025-09-17,2025-09-18,2025-09-16,2025-08-21;2025-08-28;2025-09-04;2025-09-11,2025-09-10;2025-09-11;2025-09-12;2025-09-13;2025-09-14;2025-09-15;2025-09-16,2025-09-16,2,9724.588033128663,34398.24003510705,-0.44746228891382567,0.7992968171747634,1.0,10
2025-09-17,2025-09-18,2025-09-16,2025-08-21;2025-08-28;2025-09-04;2025-09-11,2025-09-10;2025-09-11;2025-09-12;2025-09-13;2025-09-14;2025-09-15;2025-09-16,2025-09-16,2,10009.430584957698,34270.78373488557,-0.44746228891382567,0.7992968171747634,1.0,10
2025-09-17,2025-09-18,2025-09-16,2025-08-21;2025-08-28;2025-09-04;2025-09-11,2025-09-10;2025-09-11;2025-09-12;2025-09-13;2025-09-14;2025-09-15;2025-09-16,2025-09-16,2,10326.64312978297,34137.19902432561,-0.4211205160046231,0.7992968171747634,1.0,10
2025-09-17,2025-09-18,2025-09-16,2025-08-21;2025-08-28;2025-09-04;2025-09-11,2025-09-10;2025-09-11;2025-09-12;2025-09-13;2025-09-14;2025-09-15;2025-09-16,2025-09-16,2,10800.0,33938.07995002048,-0.4030006650118583,0.7992968171747634,1.0,10
2025-09-18,2025-09-19,2025-09-17,2025-08-22;2025-08-29;2025-09-05;2025-09-12,2025-09-11;2025-09-12;2025-09-13;2025-09-14;2025-09-15;2025-09-16;2025-09-17,2025-09-17,2,1200.0,16920.176197762186,-0.4502029295526383,0.993513758863628,1.0,13
2025-09-18,2025-09-19,2025-09-17,2025-08-22;2025-08-29;2025-09-05;2025-09-12,2025-09-11;2025-09-12;2025-09-13;2025-09-14;2025-09-15;2025-09-16;2025-09-17,2025-09-17,2,2109.256313271552,16511.061162146034,-0.44777851667984253,0.993513758863628,1.0,13
2025-09-18,2025-09-19,2025-09-17,2025-08-22;2025-08-29;2025-09-05;2025-09-12,2025-09-11;2025-09-12;2025-09-13;2025-09-14;2025-09-15;2025-09-16;2025-09-17,2025-09-17,2,3360.115447327952,15951.11405057946,-0.4474622889138257,0.993513758863628,1.0,13
2025-09-18,2025-09-19,2025-09-17,2025-08-22;2025-08-29;2025-09-05;2025-09-12,2025-09-11;2025-09-12;2025-09-13;2025-09-14;2025-09-15;2025-09-16;2025-09-17,2025-09-17,2,3597.9616414094976,15844.901773104546,-0.4369435548021077,0.993513758863628,1.0,13
2025-09-18,2025-09-19,2025-09-17,2025-08-22;2025-08-29;2025-09-05;2025-09-12,2025-09-11;2025-09-12;2025-09-13;2025-09-14;2025-09-15;2025-09-16;2025-09-17,2025-09-17,2,3713.988273294094,15794.441635871986,-0.43304896021011086,0.993513758863628,1.0,13
2025-09-18,2025-09-19,2025-09-17,2025-08-22;2025-08-29;2025-09-05;2025-09-12,2025-09-11;2025-09-12;2025-09-13;2025-09-14;2025-09-15;2025-09-16;2025-09-17,2025-09-17,2,3889.94062217851,15718.30291294121,-0.4323998611114447,0.993513758863628,1.0,13
2025-09-18,2025-09-19,2025-09-17,2025-08-22;2025-08-29;2025-09-05;2025-09-12,2025-09-11;2025-09-12;2025-09-13;2025-09-14;2025-09-15;2025-09-16;2025-09-17,2025-09-17,2,4090.9649409555286,15633.590189288207,-0.4211205160046231,0.993513758863628,1.0,13
2025-09-18,2025-09-19,2025-09-17,2025-08-22;2025-08-29;2025-09-05;2025-09-12,2025-09-11;2025-09-12;2025-09-13;2025-09-14;2025-09-15;2025-09-16;2025-09-17,2025-09-17,2,4665.423191623351,15392.254196205846,-0.4195077543979372,0.993513758863628,1.0,13
2025-09-18,2025-09-19,2025-09-17,2025-08-22;2025-08-29;2025-09-05;2025-09-12,2025-09-11;2025-09-12;2025-09-13;2025-09-14;2025-09-15;2025-09-16;2025-09-17,2025-09-17,2,5530.981505532097,15030.782689708449,-0.41694630949320083,0.993513758863628,1.0,13
2025-09-18,2025-09-19,2025-09-17,2025-08-22;2025-08-29;2025-09-05;2025-09-12,2025-09-11;2025-09-12;2025-09-13;2025-09-14;2025-09-15;2025-09-16;2025-09-17,2025-09-17,2,7535.3756126118,14196.916241451123,-0.4149540745672947,0.993513758863628,1.0,13
2025-09-18,2025-09-19,2025-09-17,2025-08-22;2025-08-29;2025-09-05;2025-09-12,2025-09-11;2025-09-12;2025-09-13;2025-09-14;2025-09-15;2025-09-16;2025-09-17,2025-09-17,2,9864.022811436027,13232.531873407599,-0.41334131296060883,0.993513758863628,1.0,13
2025-09-18,2025-09-19,2025-09-17,2025-08-22;2025-08-29;2025-09-05;2025-09-12,2025-09-11;2025-09-12;2025-09-13;2025-09-14;2025-09-15;2025-09-16;2025-09-17,2025-09-17,2,10675.844770659165,12897.138321043929,-0.40499289993776433,0.993513758863628,1.0,13
2025-09-18,2025-09-19,2025-09-17,2025-08-22;2025-08-29;2025-09-05;2025-09-12,2025-09-11;2025-09-12;2025-09-13;2025-09-14;2025-09-15;2025-09-16;2025-09-17,2025-09-17,2,10800.0,12846.937678902998,-0.4030006650118583,0.993513758863628,1.0,13
2025-09-19,2025-09-20,2025-09-18,2025-08-23;2025-08-30;2025-09-06;2025-09-13,2025-09-12;2025-09-13;2025-09-14;2025-09-15;2025-09-16;2025-09-17;2025-09-18,2025-09-18,2,1200.0,16859.76097522138,-0.45020292955263824,0.930436557644498,1.0,9
2025-09-19,2025-09-20,2025-09-18,2025-08-23;2025-08-30;2025-09-06;2025-09-13,2025-09-12;2025-09-13;2025-09-14;2025-09-15;2025-09-16;2025-09-17;2025-09-18,2025-09-18,2,2552.176789895016,16251.247407752948,-0.44777851667984253,0.930436557644498,1.0,9
2025-09-19,2025-09-20,2025-09-18,2025-08-23;2025-08-30;2025-09-06;2025-09-13,2025-09-12;2025-09-13;2025-09-14;2025-09-15;2025-09-16;2025-09-17;2025-09-18,2025-09-18,2,4073.5009988367374,15570.271810424485,-0.44746228891382567,0.930436557644498,1.0,9
2025-09-19,2025-09-20,2025-09-18,2025-08-23;2025-08-30;2025-09-06;2025-09-13,2025-09-12;2025-09-13;2025-09-14;2025-09-15;2025-09-16;2025-09-17;2025-09-18,2025-09-18,2,4210.1311523168215,15511.959388060857,-0.4211205160046231,0.930436557644498,1.0,9
2025-09-19,2025-09-20,2025-09-18,2025-08-23;2025-08-30;2025-09-06;2025-09-13,2025-09-12;2025-09-13;2025-09-14;2025-09-15;2025-09-16;2025-09-17;2025-09-18,2025-09-18,2,4886.767260158526,15227.580322142681,-0.41950775439793714,0.930436557644498,1.0,9
2025-09-19,2025-09-20,2025-09-18,2025-08-23;2025-08-30;2025-09-06;2025-09-13,2025-09-12;2025-09-13;2025-09-14;2025-09-15;2025-09-16;2025-09-17;2025-09-18,2025-09-18,2,5815.577631492042,14839.74998463268,-0.4169463094932008,0.930436557644498,1.0,9
2025-09-19,2025-09-20,2025-09-18,2025-08-23;2025-08-30;2025-09-06;2025-09-13,2025-09-12;2025-09-13;2025-09-14;2025-09-15;2025-09-16;2025-09-17;2025-09-18,2025-09-18,2,7634.7894666176235,14082.91506073732,-0.4149540745672947,0.930436557644498,1.0,9
2025-09-19,2025-09-20,2025-09-18,2025-08-23;2025-08-30;2025-09-06;2025-09-13,2025-09-12;2025-09-13;2025-09-14;2025-09-15;2025-09-16;2025-09-17;2025-09-18,2025-09-18,2,9969.962949729012,13116.012650290653,-0.41334131296060883,0.930436557644498,1.0,9
2025-09-19,2025-09-20,2025-09-18,2025-08-23;2025-08-30;2025-09-06;2025-09-13,2025-09-12;2025-09-13;2025-09-14;2025-09-15;2025-09-16;2025-09-17;2025-09-18,2025-09-18,2,10800.0,12773.088874737346,-0.4030006650118583,0.930436557644498,1.0,9
2025-09-20,2025-09-21,2025-09-19,2025-08-24;2025-08-31;2025-09-07;2025-09-14,2025-09-13;2025-09-14;2025-09-15;2025-09-16;2025-09-17;2025-09-18;2025-09-19,2025-09-19,2,1200.0,38522.6870745222,-0.4544192997661961,0.7919957302947296,1.0,10
2025-09-20,2025-09-21,2025-09-19,2025-08-24;2025-08-31;2025-09-07;2025-09-14,2025-09-13;2025-09-14;2025-09-15;2025-09-16;2025-09-17;2025-09-18;2025-09-19,2025-09-19,2,2873.501366421391,37762.89696607675,-0.4534706164681456,0.7919957302947296,1.0,10
2025-09-20,2025-09-21,2025-09-19,2025-08-24;2025-08-31;2025-09-07;2025-09-14,2025-09-13;2025-09-14;2025-09-15;2025-09-16;2025-09-17;2025-09-18;2025-09-19,2025-09-19,2,3716.4939773390092,37380.743109494666,-0.45252193317009515,0.7919957302947296,1.0,10
2025-09-20,2025-09-21,2025-09-19,2025-08-24;2025-08-31;2025-09-07;2025-09-14,2025-09-13;2025-09-14;2025-09-15;2025-09-16;2025-09-17;2025-09-18;2025-09-19,2025-09-19,2,5863.418138587166,36410.78165113584,-0.45104620359534986,0.7919957302947296,1.0,10
2025-09-20,2025-09-21,2025-09-19,2025-08-24;2025-08-31;2025-09-07;2025-09-14,2025-09-13;2025-09-14;2025-09-15;2025-09-16;2025-09-17;2025-09-18;2025-09-19,2025-09-19,2,7884.052643291283,35500.915076781464,-0.44999211104196035,0.7919957302947296,1.0,10
2025-09-20,2025-09-21,2025-09-19,2025-08-24;2025-08-31;2025-09-07;2025-09-14,2025-09-13;2025-09-14;2025-09-15;2025-09-16;2025-09-17;2025-09-18;2025-09-19,2025-09-19,2,8490.0034843155,35228.460810769684,-0.44777851667984253,0.7919957302947296,1.0,10
2025-09-20,2025-09-21,2025-09-19,2025-08-24;2025-08-31;2025-09-07;2025-09-14,2025-09-13;2025-09-14;2025-09-15;2025-09-16;2025-09-17;2025-09-18;2025-09-19,2025-09-19,2,9714.060159067136,34680.52277719671,-0.44746228891382567,0.7919957302947296,1.0,10
2025-09-20,2025-09-21,2025-09-19,2025-08-24;2025-08-31;2025-09-07;2025-09-14,2025-09-13;2025-09-14;2025-09-15;2025-09-16;2025-09-17;2025-09-18;2025-09-19,2025-09-19,2,9992.72359460103,34556.061335720224,-0.4348834511100449,0.7919957302947296,1.0,10
2025-09-20,2025-09-21,2025-09-19,2025-08-24;2025-08-31;2025-09-07;2025-09-14,2025-09-13;2025-09-14;2025-09-15;2025-09-16;2025-09-17;2025-09-18;2025-09-19,2025-09-19,2,10316.578825145083,34419.44931669862,-0.4211205160046231,0.7919957302947296,1.0,10
2025-09-20,2025-09-21,2025-09-19,2025-08-24;2025-08-31;2025-09-07;2025-09-14,2025-09-13;2025-09-14;2025-09-15;2025-09-16;2025-09-17;2025-09-18;2025-09-19,2025-09-19,2,10800.0,34216.09934081283,-0.4030006650118583,0.7919957302947296,1.0,10
2025-09-21,2025-09-22,2025-09-20,2025-08-25;2025-09-01;2025-09-08;2025-09-15,2025-09-14;2025-09-15;2025-09-16;2025-09-17;2025-09-18;2025-09-19;2025-09-20,2025-09-20,2,1200.0,36808.52777526355,-0.4544192997661961,0.7965421296394197,1.0,10
2025-09-21,2025-09-22,2025-09-20,2025-08-25;2025-09-01;2025-09-08;2025-09-15,2025-09-14;2025-09-15;2025-09-16;2025-09-17;2025-09-18;2025-09-19;2025-09-20,2025-09-20,2,2878.4111954694727,36046.510017626664,-0.4534706164681456,0.7965421296394197,1.0,10
2025-09-21,2025-09-22,2025-09-20,2025-08-25;2025-09-01;2025-09-08;2025-09-15,2025-09-14;2025-09-15;2025-09-16;2025-09-17;2025-09-18;2025-09-19;2025-09-20,2025-09-20,2,3725.3451101256796,35662.569162771026,-0.4525219331700951,0.7965421296394197,1.0,10
2025-09-21,2025-09-22,2025-09-20,2025-08-25;2025-09-01;2025-09-08;2025-09-15,2025-09-14;2025-09-15;2025-09-16;2025-09-17;2025-09-18;2025-09-19;2025-09-20,2025-09-20,2,5884.55206149824,34687.06012045897,-0.45104620359534986,0.7965421296394197,1.0,10
2025-09-21,2025-09-22,2025-09-20,2025-08-25;2025-09-01;2025-09-08;2025-09-15,2025-09-14;2025-09-15;2025-09-16;2025-09-17;2025-09-18;2025-09-19;2025-09-20,2025-09-20,2,7916.746839260618,33771.99049863001,-0.4499921110419604,0.7965421296394197,1.0,10
2025-09-21,2025-09-22,2025-09-20,2025-08-25;2025-09-01;2025-09-08;2025-09-15,2025-09-14;2025-09-15;2025-09-16;2025-09-17;2025-09-18;2025-09-19;2025-09-20,2025-09-20,2,8527.112931755786,33497.549322159684,-0.44777851667984253,0.7965421296394197,1.0,10
2025-09-21,2025-09-22,2025-09-20,2025-08-25;2025-09-01;2025-09-08;2025-09-15,2025-09-14;2025-09-15;2025-09-16;2025-09-17;2025-09-18;2025-09-19;2025-09-20,2025-09-20,2,9725.212993940817,32961.22597598657,-0.44746228891382567,0.7965421296394197,1.0,10
2025-09-21,2025-09-22,2025-09-20,2025-08-25;2025-09-01;2025-09-08;2025-09-15,2025-09-14;2025-09-15;2025-09-16;2025-09-17;2025-09-18;2025-09-19;2025-09-20,2025-09-20,2,10009.430584957421,32834.0493221607,-0.4211205160046231,0.7965421296394197,1.0,10
2025-09-21,2025-09-22,2025-09-20,2025-08-25;2025-09-01;2025-09-08;2025-09-15,2025-09-14;2025-09-15;2025-09-16;2025-09-17;2025-09-18;2025-09-19;2025-09-20,2025-09-20,2,10326.169896598974,32700.66389980326,-0.4211205160046231,0.7965421296394197,1.0,10
2025-09-21,2025-09-22,2025-09-20,2025-08-25;2025-09-01;2025-09-08;2025-09-15,2025-09-14;2025-09-15;2025-09-16;2025-09-17;2025-09-18;2025-09-19;2025-09-20,2025-09-20,2,10800.0,32501.366578011333,-0.4030006650118583,0.7965421296394197,1.0,10
2025-09-22,2025-09-23,2025-09-21,2025-08-26;2025-09-02;2025-09-09;2025-09-16,2025-09-15;2025-09-16;2025-09-17;2025-09-18;2025-09-19;2025-09-20;2025-09-21,2025-09-21,2,1200.0,36904.82178925986,-0.4544192997661961,0.9884218499137205,1.0,9
2025-09-22,2025-09-23,2025-09-21,2025-08-26;2025-09-02;2025-09-09;2025-09-16,2025-09-15;2025-09-16;2025-09-17;2025-09-18;2025-09-19;2025-09-20;2025-09-21,2025-09-21,2,2824.3061165679133,36167.37450442098,-0.4534706164681456,0.9884218499137205,1.0,9
2025-09-22,2025-09-23,2025-09-21,2025-08-26;2025-09-02;2025-09-09;2025-09-16,2025-09-15;2025-09-16;2025-09-17;2025-09-18;2025-09-19;2025-09-20;2025-09-21,2025-09-21,2,3680.8122582043034,35779.117926177765,-0.45252193317009515,0.9884218499137205,1.0,9
2025-09-22,2025-09-23,2025-09-21,2025-08-26;2025-09-02;2025-09-09;2025-09-16,2025-09-15;2025-09-16;2025-09-17;2025-09-18;2025-09-19;2025-09-20;2025-09-21,2025-09-21,2,5830.461682513898,34807.901608139495,-0.45104620359534986,0.9884218499137205,1.0,9
2025-09-22,2025-09-23,2025-09-21,2025-08-26;2025-09-02;2025-09-09;2025-09-16,2025-09-15;2025-09-16;2025-09-17;2025-09-18;2025-09-19;2025-09-20;2025-09-21,2025-09-21,2,7853.661140687603,33896.87107245267,-0.4499921110419604,0.9884218499137205,1.0,9
2025-09-22,2025-09-23,2025-09-21,2025-08-26;2025-09-02;2025-09-09;2025-09-16,2025-09-15;2025-09-16;2025-09-17;2025-09-18;2025-09-19;2025-09-20;2025-09-21,2025-09-21,2,9566.046771652174,33129.11717947952,-0.44746228891382567,0.9884218499137205,1.0,9
2025-09-22,2025-09-23,2025-09-21,2025-08-26;2025-09-02;2025-09-09;2025-09-16,2025-09-15;2025-09-16;2025-09-17;2025-09-18;2025-09-19;2025-09-20;2025-09-21,2025-09-21,2,9992.72359460103,32938.42532888045,-0.4348834511100449,0.9884218499137205,1.0,9
2025-09-22,2025-09-23,2025-09-21,2025-08-26;2025-09-02;2025-09-09;2025-09-16,2025-09-15;2025-09-16;2025-09-17;2025-09-18;2025-09-19;2025-09-20;2025-09-21,2025-09-21,2,10241.337420469283,32833.49900902083,-0.4211205160046231,0.9884218499137205,1.0,9
2025-09-22,2025-09-23,2025-09-21,2025-08-26;2025-09-02;2025-09-09;2025-09-16,2025-09-15;2025-09-16;2025-09-17;2025-09-18;2025-09-19;2025-09-20;2025-09-21,2025-09-21,2,10800.0,32598.469727701384,-0.4089773697895765,0.9884218499137205,1.0,9
2025-09-23,2025-09-24,2025-09-22,2025-08-27;2025-09-03;2025-09-10;2025-09-17,2025-09-16;2025-09-17;2025-09-18;2025-09-19;2025-09-20;2025-09-21;2025-09-22,2025-09-22,2,1200.0,39082.69228327785,-0.4544192997661961,0.7992968171674875,1.0,10
2025-09-23,2025-09-24,2025-09-22,2025-08-27;2025-09-03;2025-09-10;2025-09-17,2025-09-16;2025-09-17;2025-09-18;2025-09-19;2025-09-20;2025-09-21;2025-09-22,2025-09-22,2,2809.410133500485,38352.05359070927,-0.4534706164681456,0.7992968171674875,1.0,10
2025-09-23,2025-09-24,2025-09-22,2025-08-27;2025-09-03;2025-09-10;2025-09-17,2025-09-16;2025-09-17;2025-09-18;2025-09-19;2025-09-20;2025-09-21;2025-09-22,2025-09-22,2,3668.605365822783,37962.540569874924,-0.4525219331700951,0.7992968171674875,1.0,10
2025-09-23,2025-09-24,2025-09-22,2025-08-27;2025-09-03;2025-09-10;2025-09-17,2025-09-16;2025-09-17;2025-09-18;2025-09-19;2025-09-20;2025-09-21;2025-09-22,2025-09-22,2,5835.933449674734,36983.34525737458,-0.45104620359534986,0.7992968171674875,1.0,10
2025-09-23,2025-09-24,2025-09-22,2025-08-27;2025-09-03;2025-09-10;2025-09-17,2025-09-16;2025-09-17;2025-09-18;2025-09-19;2025-09-20;2025-09-21;2025-09-22,2025-09-22,2,7875.771646241245,36064.82810051153,-0.4499921110419604,0.7992968171674875,1.0,10
2025-09-23,2025-09-24,2025-09-22,2025-08-27;2025-09-03;2025-09-10;2025-09-17,2025-09-16;2025-09-17;2025-09-18;2025-09-19;2025-09-20;2025-09-21;2025-09-22,2025-09-22,2,8486.137738735399,35790.38692404165,-0.44777851667984253,0.7992968171674875,1.0,10
2025-09-23,2025-09-24,2025-09-22,2025-08-27;2025-09-03;2025-09-10;2025-09-17,2025-09-16;2025-09-17;2025-09-18;2025-09-19;2025-09-20;2025-09-21;2025-09-22,2025-09-22,2,9697.863367428303,35247.966650691174,-0.44746228891382567,0.7992968171674875,1.0,10
2025-09-23,2025-09-24,2025-09-22,2025-08-27;2025-09-03;2025-09-10;2025-09-17,2025-09-16;2025-09-17;2025-09-18;2025-09-19;2025-09-20;2025-09-21;2025-09-22,2025-09-22,2,9968.455391940479,35126.88692404113,-0.4211205160046231,0.7992968171674875,1.0,10
2025-09-23,2025-09-24,2025-09-22,2025-08-27;2025-09-03;2025-09-10;2025-09-17,2025-09-16;2025-09-17;2025-09-18;2025-09-19;2025-09-20;2025-09-21;2025-09-22,2025-09-22,2,10302.148276322887,34986.36200438294,-0.4211205160046231,0.7992968171674875,1.0,10
2025-09-23,2025-09-24,2025-09-22,2025-08-27;2025-09-03;2025-09-10;2025-09-17,2025-09-16;2025-09-17;2025-09-18;2025-09-19;2025-09-20;2025-09-21;2025-09-22,2025-09-22,2,10800.0,34776.93736648195,-0.4030006650118583,0.7992968171674875,1.0,10
2025-09-24,2025-09-25,2025-09-23,2025-08-28;2025-09-04;2025-09-11;2025-09-18,2025-09-17;2025-09-18;2025-09-19;2025-09-20;2025-09-21;2025-09-22;2025-09-23,2025-09-23,2,1200.0,39496.040803565236,-0.4544192997661961,0.7992968171674875,1.0,10
2025-09-24,2025-09-25,2025-09-23,2025-08-28;2025-09-04;2025-09-11;2025-09-18,2025-09-17;2025-09-18;2025-09-19;2025-09-20;2025-09-21;2025-09-22;2025-09-23,2025-09-23,2,2809.410133500485,38765.402110996656,-0.4534706164681456,0.7992968171674875,1.0,10
2025-09-24,2025-09-25,2025-09-23,2025-08-28;2025-09-04;2025-09-11;2025-09-18,2025-09-17;2025-09-18;2025-09-19;2025-09-20;2025-09-21;2025-09-22;2025-09-23,2025-09-23,2,3668.605365822783,38375.88909016231,-0.4525219331700951,0.7992968171674875,1.0,10
2025-09-24,2025-09-25,2025-09-23,2025-08-28;2025-09-04;2025-09-11;2025-09-18,2025-09-17;2025-09-18;2025-09-19;2025-09-20;2025-09-21;2025-09-22;2025-09-23,2025-09-23,2,5835.933449673688,37396.69377766244,-0.45104620359534986,0.7992968171674875,1.0,10
2025-09-24,2025-09-25,2025-09-23,2025-08-28;2025-09-04;2025-09-11;2025-09-18,2025-09-17;2025-09-18;2025-09-19;2025-09-20;2025-09-21;2025-09-22;2025-09-23,2025-09-23,2,7875.771646239215,36478.17662079983,-0.4499921110419604,0.7992968171674875,1.0,10
2025-09-24,2025-09-25,2025-09-23,2025-08-28;2025-09-04;2025-09-11;2025-09-18,2025-09-17;2025-09-18;2025-09-19;2025-09-20;2025-09-21;2025-09-22;2025-09-23,2025-09-23,2,8486.137738735399,36203.73544432904,-0.44777851667984253,0.7992968171674875,1.0,10
2025-09-24,2025-09-25,2025-09-23,2025-08-28;2025-09-04;2025-09-11;2025-09-18,2025-09-17;2025-09-18;2025-09-19;2025-09-20;2025-09-21;2025-09-22;2025-09-23,2025-09-23,2,9697.592643341828,35661.436309797966,-0.44746228891382567,0.7992968171674875,1.0,10
2025-09-24,2025-09-25,2025-09-23,2025-08-28;2025-09-04;2025-09-11;2025-09-18,2025-09-17;2025-09-18;2025-09-19;2025-09-20;2025-09-21;2025-09-22;2025-09-23,2025-09-23,2,9968.455391940479,35540.23544432852,-0.4211205160046231,0.7992968171674875,1.0,10
2025-09-24,2025-09-25,2025-09-23,2025-08-28;2025-09-04;2025-09-11;2025-09-18,2025-09-17;2025-09-18;2025-09-19;2025-09-20;2025-09-21;2025-09-22;2025-09-23,2025-09-23,2,10301.83519142646,35399.84237114347,-0.4211205160046231,0.7992968171674875,1.0,10
2025-09-24,2025-09-25,2025-09-23,2025-08-28;2025-09-04;2025-09-11;2025-09-18,2025-09-17;2025-09-18;2025-09-19;2025-09-20;2025-09-21;2025-09-22;2025-09-23,2025-09-23,2,10800.0,35190.29980703226,-0.4030006650118583,0.7992968171674875,1.0,10
2025-09-25,2025-09-26,2025-09-24,2025-08-29;2025-09-05;2025-09-12;2025-09-19,2025-09-18;2025-09-19;2025-09-20;2025-09-21;2025-09-22;2025-09-23;2025-09-24,2025-09-24,2,1200.0,17312.025934607856,-0.45020292955263824,0.9348976870787737,1.0,10
2025-09-25,2025-09-26,2025-09-24,2025-08-29;2025-09-05;2025-09-12;2025-09-19,2025-09-18;2025-09-19;2025-09-20;2025-09-21;2025-09-22;2025-09-23;2025-09-24,2025-09-24,2,2290.987448225607,16821.100573926917,-0.44777851667984253,0.9348976870787737,1.0,10
2025-09-25,2025-09-26,2025-09-24,2025-08-29;2025-09-05;2025-09-12;2025-09-19,2025-09-18;2025-09-19;2025-09-20;2025-09-21;2025-09-22;2025-09-23;2025-09-24,2025-09-24,2,3817.372055878629,16137.86063900828,-0.44746228891382567,0.9348976870787737,1.0,10
2025-09-25,2025-09-26,2025-09-24,2025-08-29;2025-09-05;2025-09-12;2025-09-19,2025-09-18;2025-09-19;2025-09-20;2025-09-21;2025-09-22;2025-09-23;2025-09-24,2025-09-24,2,3954.456683854374,16079.490127984236,-0.4211205160046231,0.9348976870787737,1.0,10
2025-09-25,2025-09-26,2025-09-24,2025-08-29;2025-09-05;2025-09-12;2025-09-19,2025-09-18;2025-09-19;2025-09-20;2025-09-21;2025-09-22;2025-09-23;2025-09-24,2025-09-24,2,4665.894983986087,15780.44768467738,-0.41950775439793714,0.9348976870787737,1.0,10
2025-09-25,2025-09-26,2025-09-24,2025-08-29;2025-09-05;2025-09-12;2025-09-19,2025-09-18;2025-09-19;2025-09-20;2025-09-21;2025-09-22;2025-09-23;2025-09-24,2025-09-24,2,5618.89542877325,15382.538845527932,-0.4169463094932008,0.9348976870787737,1.0,10
2025-09-25,2025-09-26,2025-09-24,2025-08-29;2025-09-05;2025-09-12;2025-09-19,2025-09-18;2025-09-19;2025-09-20;2025-09-21;2025-09-22;2025-09-23;2025-09-24,2025-09-24,2,7496.50026713939,14601.517578678717,-0.4149540745672947,0.9348976870787737,1.0,10
2025-09-25,2025-09-26,2025-09-24,2025-08-29;2025-09-05;2025-09-12;2025-09-19,2025-09-18;2025-09-19;2025-09-20;2025-09-21;2025-09-22;2025-09-23;2025-09-24,2025-09-24,2,8573.514176783463,14155.108211436625,-0.4140053912692442,0.9348976870787737,1.0,10
2025-09-25,2025-09-26,2025-09-24,2025-08-29;2025-09-05;2025-09-12;2025-09-19,2025-09-18;2025-09-19;2025-09-20;2025-09-21;2025-09-22;2025-09-23;2025-09-24,2025-09-24,2,9915.045271163694,13600.223313391954,-0.4132464446308038,0.9348976870787737,1.0,10
2025-09-25,2025-09-26,2025-09-24,2025-08-29;2025-09-05;2025-09-12;2025-09-19,2025-09-18;2025-09-19;2025-09-20;2025-09-21;2025-09-22;2025-09-23;2025-09-24,2025-09-24,2,10800.0,13234.63767948702,-0.4030006650118583,0.9348976870787737,1.0,10
2025-09-26,2025-09-27,2025-09-25,2025-08-30;2025-09-06;2025-09-13;2025-09-20,2025-09-19;2025-09-20;2025-09-21;2025-09-22;2025-09-23;2025-09-24;2025-09-25,2025-09-25,2,1200.0,17568.173798949505,-0.45020292955263824,0.9152727782111469,1.0,10
2025-09-26,2025-09-27,2025-09-25,2025-08-30;2025-09-06;2025-09-13;2025-09-20,2025-09-19;2025-09-20;2025-09-21;2025-09-22;2025-09-23;2025-09-24;2025-09-25,2025-09-25,2,2249.6761417971575,17095.8469094463,-0.44777851667984253,0.9152727782111469,1.0,10
2025-09-26,2025-09-27,2025-09-25,2025-08-30;2025-09-06;2025-09-13;2025-09-20,2025-09-19;2025-09-20;2025-09-21;2025-09-22;2025-09-23;2025-09-24;2025-09-25,2025-09-25,2,3776.098682598386,16412.59000087434,-0.44746228891382567,0.9152727782111469,1.0,10
2025-09-26,2025-09-27,2025-09-25,2025-08-30;2025-09-06;2025-09-13;2025-09-20,2025-09-19;2025-09-20;2025-09-21;2025-09-22;2025-09-23;2025-09-24;2025-09-25,2025-09-25,2,3913.1867173508267,16354.219054413094,-0.4211205160046231,0.9152727782111469,1.0,10
2025-09-26,2025-09-27,2025-09-25,2025-08-30;2025-09-06;2025-09-13;2025-09-20,2025-09-19;2025-09-20;2025-09-21;2025-09-22;2025-09-23;2025-09-24;2025-09-25,2025-09-25,2,4624.885897457916,16055.043850604623,-0.41950775439793714,0.9152727782111469,1.0,10
2025-09-26,2025-09-27,2025-09-25,2025-08-30;2025-09-06;2025-09-13;2025-09-20,2025-09-19;2025-09-20;2025-09-21;2025-09-22;2025-09-23;2025-09-24;2025-09-25,2025-09-25,2,5582.978572722945,15655.034723342105,-0.4169463094932008,0.9152727782111469,1.0,10
2025-09-26,2025-09-27,2025-09-25,2025-08-30;2025-09-06;2025-09-13;2025-09-20,2025-09-19;2025-09-20;2025-09-21;2025-09-22;2025-09-23;2025-09-24;2025-09-25,2025-09-25,2,7420.671051537028,14890.650873339202,-0.4149540745672947,0.9152727782111469,1.0,10
2025-09-26,2025-09-27,2025-09-25,2025-08-30;2025-09-06;2025-09-13;2025-09-20,2025-09-19;2025-09-20;2025-09-21;2025-09-22;2025-09-23;2025-09-24;2025-09-25,2025-09-25,2,8495.404506848949,14445.194237652438,-0.4140053912692442,0.9152727782111469,1.0,10
2025-09-26,2025-09-27,2025-09-25,2025-08-30;2025-09-06;2025-09-13;2025-09-20,2025-09-19;2025-09-20;2025-09-21;2025-09-22;2025-09-23;2025-09-24;2025-09-25,2025-09-25,2,9891.902271394907,13867.58811085025,-0.4132464446308038,0.9152727782111469,1.0,10
2025-09-26,2025-09-27,2025-09-25,2025-08-30;2025-09-06;2025-09-13;2025-09-20,2025-09-19;2025-09-20;2025-09-21;2025-09-22;2025-09-23;2025-09-24;2025-09-25,2025-09-25,2,10800.0,13492.48090076943,-0.4030006650118583,0.9152727782111469,1.0,10
2025-09-27,2025-09-28,2025-09-26,2025-08-31;2025-09-07;2025-09-14;2025-09-21,2025-09-20;2025-09-21;2025-09-22;2025-09-23;2025-09-24;2025-09-25;2025-09-26,2025-09-26,2,1200.0,39834.56722540328,-0.4544192997661961,0.7992968171674875,1.0,10
2025-09-27,2025-09-28,2025-09-26,2025-08-31;2025-09-07;2025-09-14;2025-09-21,2025-09-20;2025-09-21;2025-09-22;2025-09-23;2025-09-24;2025-09-25;2025-09-26,2025-09-26,2,2809.410133500485,39103.9285328347,-0.4534706164681456,0.7992968171674875,1.0,10
2025-09-27,2025-09-28,2025-09-26,2025-08-31;2025-09-07;2025-09-14;2025-09-21,2025-09-20;2025-09-21;2025-09-22;2025-09-23;2025-09-24;2025-09-25;2025-09-26,2025-09-26,2,3668.605365822783,38714.415512000356,-0.4525219331700951,0.7992968171674875,1.0,10
2025-09-27,2025-09-28,2025-09-26,2025-08-31;2025-09-07;2025-09-14;2025-09-21,2025-09-20;2025-09-21;2025-09-22;2025-09-23;2025-09-24;2025-09-25;2025-09-26,2025-09-26,2,5835.933449673688,37735.22019950049,-0.45104620359534986,0.7992968171674875,1.0,10
2025-09-27,2025-09-28,2025-09-26,2025-08-31;2025-09-07;2025-09-14;2025-09-21,2025-09-20;2025-09-21;2025-09-22;2025-09-23;2025-09-24;2025-09-25;2025-09-26,2025-09-26,2,7875.771646239215,36816.70304263788,-0.4499921110419604,0.7992968171674875,1.0,10
2025-09-27,2025-09-28,2025-09-26,2025-08-31;2025-09-07;2025-09-14;2025-09-21,2025-09-20;2025-09-21;2025-09-22;2025-09-23;2025-09-24;2025-09-25;2025-09-26,2025-09-26,2,8486.137738735399,36542.261866167086,-0.44777851667984253,0.7992968171674875,1.0,10
2025-09-27,2025-09-28,2025-09-26,2025-08-31;2025-09-07;2025-09-14;2025-09-21,2025-09-20;2025-09-21;2025-09-22;2025-09-23;2025-09-24;2025-09-25;2025-09-26,2025-09-26,2,9696.856750739951,36000.292015824045,-0.44746228891382567,0.7992968171674875,1.0,10
2025-09-27,2025-09-28,2025-09-26,2025-08-31;2025-09-07;2025-09-14;2025-09-21,2025-09-20;2025-09-21;2025-09-22;2025-09-23;2025-09-24;2025-09-25;2025-09-26,2025-09-26,2,9968.455391940755,35878.76186616645,-0.4211205160046231,0.7992968171674875,1.0,10
2025-09-27,2025-09-28,2025-09-26,2025-08-31;2025-09-07;2025-09-14;2025-09-21,2025-09-20;2025-09-21;2025-09-22;2025-09-23;2025-09-24;2025-09-25;2025-09-26,2025-09-26,2,10300.984152044772,35738.72718312507,-0.4211205160046231,0.7992968171674875,1.0,10
2025-09-27,2025-09-28,2025-09-26,2025-08-31;2025-09-07;2025-09-14;2025-09-21,2025-09-20;2025-09-21;2025-09-22;2025-09-23;2025-09-24;2025-09-25;2025-09-26,2025-09-26,2,10800.0,35528.86406746322,-0.4030006650118583,0.7992968171674875,1.0,10
2025-09-28,2025-09-29,2025-09-27,2025-09-01;2025-09-08;2025-09-15;2025-09-22,2025-09-21;2025-09-22;2025-09-23;2025-09-24;2025-09-25;2025-09-26;2025-09-27,2025-09-27,2,1200.0,37767.9787000668,-0.4544192997661961,0.7992968171674875,1.0,10
2025-09-28,2025-09-29,2025-09-27,2025-09-01;2025-09-08;2025-09-15;2025-09-22,2025-09-21;2025-09-22;2025-09-23;2025-09-24;2025-09-25;2025-09-26;2025-09-27,2025-09-27,2,2850.3853265227904,37018.720088977236,-0.4534706164681456,0.7992968171674875,1.0,10
2025-09-28,2025-09-29,2025-09-27,2025-09-01;2025-09-08;2025-09-15;2025-09-22,2025-09-21;2025-09-22;2025-09-23;2025-09-24;2025-09-25;2025-09-26;2025-09-27,2025-09-27,2,3709.580558843171,36629.20706814376,-0.4525219331700951,0.7992968171674875,1.0,10
2025-09-28,2025-09-29,2025-09-27,2025-09-01;2025-09-08;2025-09-15;2025-09-22,2025-09-21;2025-09-22;2025-09-23;2025-09-24;2025-09-25;2025-09-26;2025-09-27,2025-09-27,2,5876.908642693554,35650.011755644126,-0.45104620359534986,0.7992968171674875,1.0,10
2025-09-28,2025-09-29,2025-09-27,2025-09-01;2025-09-08;2025-09-15;2025-09-22,2025-09-21;2025-09-22;2025-09-23;2025-09-24;2025-09-25;2025-09-26;2025-09-27,2025-09-27,2,7916.746839258588,34731.49459878175,-0.4499921110419604,0.7992968171674875,1.0,10
2025-09-28,2025-09-29,2025-09-27,2025-09-01;2025-09-08;2025-09-15;2025-09-22,2025-09-21;2025-09-22;2025-09-23;2025-09-24;2025-09-25;2025-09-26;2025-09-27,2025-09-27,2,8527.112931755786,34457.0534223105,-0.44777851667984253,0.7992968171674875,1.0,10
2025-09-28,2025-09-29,2025-09-27,2025-09-01;2025-09-08;2025-09-15;2025-09-22,2025-09-21;2025-09-22;2025-09-23;2025-09-24;2025-09-25;2025-09-26;2025-09-27,2025-09-27,2,9723.971103936803,33921.28577508117,-0.44746228891382567,0.7992968171674875,1.0,10
2025-09-28,2025-09-29,2025-09-27,2025-09-01;2025-09-08;2025-09-15;2025-09-22,2025-09-21;2025-09-22;2025-09-23;2025-09-24;2025-09-25;2025-09-26;2025-09-27,2025-09-27,2,10009.430584957698,33793.5534223114,-0.4211205160046231,0.7992968171674875,1.0,10
2025-09-28,2025-09-29,2025-09-27,2025-09-01;2025-09-08;2025-09-15;2025-09-22,2025-09-21;2025-09-22;2025-09-23;2025-09-24;2025-09-25;2025-09-26;2025-09-27,2025-09-27,2,10325.929668284965,33660.26916502563,-0.4211205160046231,0.7992968171674875,1.0,10
2025-09-28,2025-09-29,2025-09-27,2025-09-01;2025-09-08;2025-09-15;2025-09-22,2025-09-21;2025-09-22;2025-09-23;2025-09-24;2025-09-25;2025-09-26;2025-09-27,2025-09-27,2,10800.0,33460.88135910311,-0.4030006650118583,0.7992968171674875,1.0,10
2025-09-29,2025-09-30,2025-09-28,2025-09-02;2025-09-09;2025-09-16;2025-09-23,2025-09-22;2025-09-23;2025-09-24;2025-09-25;2025-09-26;2025-09-27;2025-09-28,2025-09-28,2,1200.0,39166.98235293034,-0.4544192997661961,0.7992968171747634,1.0,10
2025-09-29,2025-09-30,2025-09-28,2025-09-02;2025-09-09;2025-09-16;2025-09-23,2025-09-22;2025-09-23;2025-09-24;2025-09-25;2025-09-26;2025-09-27;2025-09-28,2025-09-28,2,2850.385326518956,38417.72374184252,-0.4534706164681456,0.7992968171747634,1.0,10
2025-09-29,2025-09-30,2025-09-28,2025-09-02;2025-09-09;2025-09-16;2025-09-23,2025-09-22;2025-09-23;2025-09-24;2025-09-25;2025-09-26;2025-09-27;2025-09-28,2025-09-28,2,3709.580558841014,38028.21072100828,-0.4525219331700951,0.7992968171747634,1.0,10
2025-09-29,2025-09-30,2025-09-28,2025-09-02;2025-09-09;2025-09-16;2025-09-23,2025-09-22;2025-09-23;2025-09-24;2025-09-25;2025-09-26;2025-09-27;2025-09-28,2025-09-28,2,5876.908642691462,37049.01540850862,-0.45104620359534986,0.7992968171747634,1.0,10
2025-09-29,2025-09-30,2025-09-28,2025-09-02;2025-09-09;2025-09-16;2025-09-23,2025-09-22;2025-09-23;2025-09-24;2025-09-25;2025-09-26;2025-09-27;2025-09-28,2025-09-28,2,7916.746839256558,36130.498251646204,-0.4499921110419604,0.7992968171747634,1.0,10
2025-09-29,2025-09-30,2025-09-28,2025-09-02;2025-09-09;2025-09-16;2025-09-23,2025-09-22;2025-09-23;2025-09-24;2025-09-25;2025-09-26;2025-09-27;2025-09-28,2025-09-28,2,8527.11293175291,35856.05707517534,-0.44777851667984253,0.7992968171747634,1.0,10
2025-09-29,2025-09-30,2025-09-28,2025-09-02;2025-09-09;2025-09-16;2025-09-23,2025-09-22;2025-09-23;2025-09-24;2025-09-25;2025-09-26;2025-09-27;2025-09-28,2025-09-28,2,9723.78490961561,35320.37274288186,-0.44746228891382567,0.7992968171747634,1.0,10
2025-09-29,2025-09-30,2025-09-28,2025-09-02;2025-09-09;2025-09-16;2025-09-23,2025-09-22;2025-09-23;2025-09-24;2025-09-25;2025-09-26;2025-09-27;2025-09-28,2025-09-28,2,10009.430584957972,35192.55707517483,-0.4211205160046231,0.7992968171747634,1.0,10
2025-09-29,2025-09-30,2025-09-28,2025-09-02;2025-09-09;2025-09-16;2025-09-23,2025-09-22;2025-09-23;2025-09-24;2025-09-25;2025-09-26;2025-09-27;2025-09-28,2025-09-28,2,10325.714339717539,35059.3634971666,-0.4211205160046231,0.7992968171747634,1.0,10
2025-09-29,2025-09-30,2025-09-28,2025-09-02;2025-09-09;2025-09-16;2025-09-23,2025-09-22;2025-09-23;2025-09-24;2025-09-25;2025-09-26;2025-09-27;2025-09-28,2025-09-28,2,10800.0,34859.89458582444,-0.4030006650118583,0.7992968171747634,1.0,10
2025-09-30,2025-10-01,2025-09-29,2025-09-03;2025-09-10;2025-09-17;2025-09-24,2025-09-23;2025-09-24;2025-09-25;2025-09-26;2025-09-27;2025-09-28;2025-09-29,2025-09-29,2,1200.0,39053.161344344124,-0.4544192997661961,0.7992968171674875,1.0,10
2025-09-30,2025-10-01,2025-09-29,2025-09-03;2025-09-10;2025-09-17;2025-09-24,2025-09-23;2025-09-24;2025-09-25;2025-09-26;2025-09-27;2025-09-28;2025-09-29,2025-09-29,2,2850.385326518956,38303.902733256306,-0.4534706164681456,0.7992968171674875,1.0,10
2025-09-30,2025-10-01,2025-09-29,2025-09-03;2025-09-10;2025-09-17;2025-09-24,2025-09-23;2025-09-24;2025-09-25;2025-09-26;2025-09-27;2025-09-28;2025-09-29,2025-09-29,2,3709.580558841014,37914.38971242207,-0.4525219331700951,0.7992968171674875,1.0,10
2025-09-30,2025-10-01,2025-09-29,2025-09-03;2025-09-10;2025-09-17;2025-09-24,2025-09-23;2025-09-24;2025-09-25;2025-09-26;2025-09-27;2025-09-28;2025-09-29,2025-09-29,2,5876.908642692508,36935.19439992193,-0.45104620359534986,0.7992968171674875,1.0,10
2025-09-30,2025-10-01,2025-09-29,2025-09-03;2025-09-10;2025-09-17;2025-09-24,2025-09-23;2025-09-24;2025-09-25;2025-09-26;2025-09-27;2025-09-28;2025-09-29,2025-09-29,2,7916.746839258588,36016.67724305908,-0.4499921110419604,0.7992968171674875,1.0,10
2025-09-30,2025-10-01,2025-09-29,2025-09-03;2025-09-10;2025-09-17;2025-09-24,2025-09-23;2025-09-24;2025-09-25;2025-09-26;2025-09-27;2025-09-28;2025-09-29,2025-09-29,2,8527.112931755786,35742.23606658784,-0.44777851667984253,0.7992968171674875,1.0,10
2025-09-30,2025-10-01,2025-09-29,2025-09-03;2025-09-10;2025-09-17;2025-09-24,2025-09-23;2025-09-24;2025-09-25;2025-09-26;2025-09-27;2025-09-28;2025-09-29,2025-09-29,2,9723.788062485239,35206.55032350538,-0.44746228891382567,0.7992968171674875,1.0,10
2025-09-30,2025-10-01,2025-09-29,2025-09-03;2025-09-10;2025-09-17;2025-09-24,2025-09-23;2025-09-24;2025-09-25;2025-09-26;2025-09-27;2025-09-28;2025-09-29,2025-09-29,2,10009.430584957698,35078.736066588724,-0.4211205160046231,0.7992968171674875,1.0,10
2025-09-30,2025-10-01,2025-09-29,2025-09-03;2025-09-10;2025-09-17;2025-09-24,2025-09-23;2025-09-24;2025-09-25;2025-09-26;2025-09-27;2025-09-28;2025-09-29,2025-09-29,2,10325.717985923648,34945.54095308819,-0.4211205160046231,0.7992968171674875,1.0,10
2025-09-30,2025-10-01,2025-09-29,2025-09-03;2025-09-10;2025-09-17;2025-09-24,2025-09-23;2025-09-24;2025-09-25;2025-09-26;2025-09-27;2025-09-28;2025-09-29,2025-09-29,2,10800.0,34746.07341512197,-0.4030006650118583,0.7992968171674875,1.0,10
2025-10-01,2025-10-02,2025-09-30,2025-09-04;2025-09-11;2025-09-18;2025-09-25,2025-09-24;2025-09-25;2025-09-26;2025-09-27;2025-09-28;2025-09-29;2025-09-30,2025-09-30,2,1200.0,39304.16291275266,-0.4544192997661961,0.7992968171674875,1.0,10
2025-10-01,2025-10-02,2025-09-30,2025-09-04;2025-09-11;2025-09-18;2025-09-25,2025-09-24;2025-09-25;2025-09-26;2025-09-27;2025-09-28;2025-09-29;2025-09-30,2025-09-30,2,2850.385326518956,38554.90430166484,-0.4534706164681456,0.7992968171674875,1.0,10
2025-10-01,2025-10-02,2025-09-30,2025-09-04;2025-09-11;2025-09-18;2025-09-25,2025-09-24;2025-09-25;2025-09-26;2025-09-27;2025-09-28;2025-09-29;2025-09-30,2025-09-30,2,3709.580558841014,38165.391280830605,-0.4525219331700951,0.7992968171674875,1.0,10
2025-10-01,2025-10-02,2025-09-30,2025-09-04;2025-09-11;2025-09-18;2025-09-25,2025-09-24;2025-09-25;2025-09-26;2025-09-27;2025-09-28;2025-09-29;2025-09-30,2025-09-30,2,5876.908642691462,37186.19596833094,-0.45104620359534986,0.7992968171674875,1.0,10
2025-10-01,2025-10-02,2025-09-30,2025-09-04;2025-09-11;2025-09-18;2025-09-25,2025-09-24;2025-09-25;2025-09-26;2025-09-27;2025-09-28;2025-09-29;2025-09-30,2025-09-30,2,7916.746839256558,36267.678811468526,-0.4499921110419604,0.7992968171674875,1.0,10
2025-10-01,2025-10-02,2025-09-30,2025-09-04;2025-09-11;2025-09-18;2025-09-25,2025-09-24;2025-09-25;2025-09-26;2025-09-27;2025-09-28;2025-09-29;2025-09-30,2025-09-30,2,8527.11293175291,35993.237634997655,-0.44777851667984253,0.7992968171674875,1.0,10
2025-10-01,2025-10-02,2025-09-30,2025-09-04;2025-09-11;2025-09-18;2025-09-25,2025-09-24;2025-09-25;2025-09-26;2025-09-27;2025-09-28;2025-09-29;2025-09-30,2025-09-30,2,9724.236246334747,35457.35134654277,-0.44746228891382567,0.7992968171674875,1.0,10
2025-10-01,2025-10-02,2025-09-30,2025-09-04;2025-09-11;2025-09-18;2025-09-25,2025-09-24;2025-09-25;2025-09-26;2025-09-27;2025-09-28;2025-09-29;2025-09-30,2025-09-30,2,10009.430584958249,35329.73763499704,-0.4211205160046231,0.7992968171674875,1.0,10
2025-10-01,2025-10-02,2025-09-30,2025-09-04;2025-09-11;2025-09-18;2025-09-25,2025-09-24;2025-09-25;2025-09-26;2025-09-27;2025-09-28;2025-09-29;2025-09-30,2025-09-30,2,10326.236298113925,35196.324249599704,-0.4211205160046231,0.7992968171674875,1.0,10
2025-10-01,2025-10-02,2025-09-30,2025-09-04;2025-09-11;2025-09-18;2025-09-25,2025-09-24;2025-09-25;2025-09-26;2025-09-27;2025-09-28;2025-09-29;2025-09-30,2025-09-30,2,10800.0,34997.05193852885,-0.4030006650118583,0.7992968171674875,1.0,10
2025-10-02,2025-10-03,2025-10-01,2025-09-05;2025-09-12;2025-09-19;2025-09-26,2025-09-25;2025-09-26;2025-09-27;2025-09-28;2025-09-29;2025-09-30;2025-10-01,2025-10-01,2,1200.0,15645.926229156383,-0.4502029295526383,0.8019464077042358,1.0,12
2025-10-02,2025-10-03,2025-10-01,2025-09-05;2025-09-12;2025-09-19;2025-09-26,2025-09-25;2025-09-26;2025-09-27;2025-09-28;2025-09-29;2025-09-30;2025-10-01,2025-10-01,2,2587.9807963931817,15021.286562297993,-0.44777851667984253,0.8019464077042358,1.0,12
2025-10-02,2025-10-03,2025-10-01,2025-09-05;2025-09-12;2025-09-19;2025-09-26,2025-09-25;2025-09-26;2025-09-27;2025-09-28;2025-09-29;2025-09-30;2025-10-01,2025-10-01,2,3455.9445330572557,14632.672168155465,-0.44746228891382567,0.8019464077042358,1.0,12
2025-10-02,2025-10-03,2025-10-01,2025-09-05;2025-09-12;2025-09-19;2025-09-26,2025-09-25;2025-09-26;2025-09-27;2025-09-28;2025-09-29;2025-09-30;2025-10-01,2025-10-01,2,4326.829904128591,14243.505890303628,-0.444131356445115,0.8019464077042358,1.0,12
2025-10-02,2025-10-03,2025-10-01,2025-09-05;2025-09-12;2025-09-19;2025-09-26,2025-09-25;2025-09-26;2025-09-27;2025-09-28;2025-09-29;2025-09-30;2025-10-01,2025-10-01,2,4397.416707163498,14212.20406650968,-0.4244245105525249,0.8019464077042358,1.0,12
2025-10-02,2025-10-03,2025-10-01,2025-09-05;2025-09-12;2025-09-19;2025-09-26,2025-09-25;2025-09-26;2025-09-27;2025-09-28;2025-09-29;2025-09-30;2025-10-01,2025-10-01,2,4521.3355162794605,14159.971324887018,-0.4211205160046231,0.8019464077042358,1.0,12
2025-10-02,2025-10-03,2025-10-01,2025-09-05;2025-09-12;2025-09-19;2025-09-26,2025-09-25;2025-09-26;2025-09-27;2025-09-28;2025-09-29;2025-09-30;2025-10-01,2025-10-01,2,5204.453597845477,13872.878591733977,-0.41950775439793714,0.8019464077042358,1.0,12
2025-10-02,2025-10-03,2025-10-01,2025-09-05;2025-09-12;2025-09-19;2025-09-26,2025-09-25;2025-09-26;2025-09-27;2025-09-28;2025-09-29;2025-09-30;2025-10-01,2025-10-01,2,5941.5974965408195,13564.946857759396,-0.4169463094932008,0.8019464077042358,1.0,12
2025-10-02,2025-10-03,2025-10-01,2025-09-05;2025-09-12;2025-09-19;2025-09-26,2025-09-25;2025-09-26;2025-09-27;2025-09-28;2025-09-29;2025-09-30;2025-10-01,2025-10-01,2,7167.0015007260245,13054.328807964392,-0.41637709951437046,0.8019464077042358,1.0,12
2025-10-02,2025-10-03,2025-10-01,2025-09-05;2025-09-12;2025-09-19;2025-09-26,2025-09-25;2025-09-26;2025-09-27;2025-09-28;2025-09-29;2025-09-30;2025-10-01,2025-10-01,2,8018.967106862099,12700.492580918824,-0.4149540745672947,0.8019464077042358,1.0,12
2025-10-02,2025-10-03,2025-10-01,2025-09-05;2025-09-12;2025-09-19;2025-09-26,2025-09-25;2025-09-26;2025-09-27;2025-09-28;2025-09-29;2025-09-30;2025-10-01,2025-10-01,2,10014.012967412587,11874.160389866043,-0.41334131296060883,0.8019464077042358,1.0,12
2025-10-02,2025-10-03,2025-10-01,2025-09-05;2025-09-12;2025-09-19;2025-09-26,2025-09-25;2025-09-26;2025-09-27;2025-09-28;2025-09-29;2025-09-30;2025-10-01,2025-10-01,2,10800.0,11549.618437416731,-0.4037596116502986,0.8019464077042358,1.0,12
2025-10-03,2025-10-04,2025-10-02,2025-09-06;2025-09-13;2025-09-20;2025-09-27,2025-09-26;2025-09-27;2025-09-28;2025-09-29;2025-09-30;2025-10-01;2025-10-02,2025-10-02,2,1200.0,17412.649245130313,-0.45020292955263824,0.9014992754782725,1.0,9
2025-10-03,2025-10-04,2025-10-02,2025-09-06;2025-09-13;2025-09-20;2025-09-27,2025-09-26;2025-09-27;2025-09-28;2025-09-29;2025-09-30;2025-10-01;2025-10-02,2025-10-02,2,2808.35304682826,16688.804376308704,-0.44777851667984253,0.9014992754782725,1.0,9
2025-10-03,2025-10-04,2025-10-02,2025-09-06;2025-09-13;2025-09-20;2025-09-27,2025-09-26;2025-09-27;2025-09-28;2025-09-29;2025-09-30;2025-10-01;2025-10-02,2025-10-02,2,4335.511514143033,16005.218168374522,-0.44746228891382567,0.9014992754782725,1.0,9
2025-10-03,2025-10-04,2025-10-02,2025-09-06;2025-09-13;2025-09-20;2025-09-27,2025-09-26;2025-09-27;2025-09-28;2025-09-29;2025-09-30;2025-10-01;2025-10-02,2025-10-02,2,4472.665642468366,15946.83877416285,-0.4211205160046231,0.9014992754782725,1.0,9
2025-10-03,2025-10-04,2025-10-02,2025-09-06;2025-09-13;2025-09-20;2025-09-27,2025-09-26;2025-09-27;2025-09-28;2025-09-29;2025-09-30;2025-10-01;2025-10-02,2025-10-02,2,5189.426055393545,15645.572085689666,-0.41950775439793714,0.9014992754782725,1.0,9
2025-10-03,2025-10-04,2025-10-02,2025-09-06;2025-09-13;2025-09-20;2025-09-27,2025-09-26;2025-09-27;2025-09-28;2025-09-29;2025-09-30;2025-10-01;2025-10-02,2025-10-02,2,6038.675635395156,15290.90478099979,-0.4169463094932008,0.9014992754782725,1.0,9
2025-10-03,2025-10-04,2025-10-02,2025-09-06;2025-09-13;2025-09-20;2025-09-27,2025-09-26;2025-09-27;2025-09-28;2025-09-29;2025-09-30;2025-10-01;2025-10-02,2025-10-02,2,7914.52712995846,14510.29396046148,-0.4149540745672947,0.9014992754782725,1.0,9
2025-10-03,2025-10-04,2025-10-02,2025-09-06;2025-09-13;2025-09-20;2025-09-27,2025-09-26;2025-09-27;2025-09-28;2025-09-29;2025-09-30;2025-10-01;2025-10-02,2025-10-02,2,10100.265055312368,13604.697567411622,-0.413625917950024,0.9014992754782725,1.0,9
2025-10-03,2025-10-04,2025-10-02,2025-09-06;2025-09-13;2025-09-20;2025-09-27,2025-09-26;2025-09-27;2025-09-28;2025-09-29;2025-09-30;2025-10-01;2025-10-02,2025-10-02,2,10800.0,13315.446413647527,-0.4030006650118583,0.9014992754782725,1.0,9
2025-10-04,2025-10-05,2025-10-03,2025-09-07;2025-09-14;2025-09-21;2025-09-28,2025-09-27;2025-09-28;2025-09-29;2025-09-30;2025-10-01;2025-10-02;2025-10-03,2025-10-03,2,1200.0,38818.20852230079,-0.4544192997661961,0.7992968171747634,1.0,10
2025-10-04,2025-10-05,2025-10-03,2025-09-07;2025-09-14;2025-09-21;2025-09-28,2025-09-27;2025-09-28;2025-09-29;2025-09-30;2025-10-01;2025-10-02;2025-10-03,2025-10-03,2,2850.385326518956,38068.94991121298,-0.4534706164681456,0.7992968171747634,1.0,10
2025-10-04,2025-10-05,2025-10-03,2025-09-07;2025-09-14;2025-09-21;2025-09-28,2025-09-27;2025-09-28;2025-09-29;2025-09-30;2025-10-01;2025-10-02;2025-10-03,2025-10-03,2,3709.580558838857,37679.43689037971,-0.4525219331700951,0.7992968171747634,1.0,10
2025-10-04,2025-10-05,2025-10-03,2025-09-07;2025-09-14;2025-09-21;2025-09-28,2025-09-27;2025-09-28;2025-09-29;2025-09-30;2025-10-01;2025-10-02;2025-10-03,2025-10-03,2,5876.908642690416,36700.24157787955,-0.45104620359534986,0.7992968171747634,1.0,10
2025-10-04,2025-10-05,2025-10-03,2025-09-07;2025-09-14;2025-09-21;2025-09-28,2025-09-27;2025-09-28;2025-09-29;2025-09-30;2025-10-01;2025-10-02;2025-10-03,2025-10-03,2,7916.746839256558,35781.72442101666,-0.4499921110419604,0.7992968171747634,1.0,10
2025-10-04,2025-10-05,2025-10-03,2025-09-07;2025-09-14;2025-09-21;2025-09-28,2025-09-27;2025-09-28;2025-09-29;2025-09-30;2025-10-01;2025-10-02;2025-10-03,2025-10-03,2,8527.11293175291,35507.28324454579,-0.44777851667984253,0.7992968171747634,1.0,10
2025-10-04,2025-10-05,2025-10-03,2025-09-07;2025-09-14;2025-09-21;2025-09-28,2025-09-27;2025-09-28;2025-09-29;2025-09-30;2025-10-01;2025-10-02;2025-10-03,2025-10-03,2,9724.436687083278,34971.30726641477,-0.44746228891382567,0.7992968171747634,1.0,10
2025-10-04,2025-10-05,2025-10-03,2025-09-07;2025-09-14;2025-09-21;2025-09-28,2025-09-27;2025-09-28;2025-09-29;2025-09-30;2025-10-01;2025-10-02;2025-10-03,2025-10-03,2,10009.430584957972,34843.78324454529,-0.4211205160046231,0.7992968171747634,1.0,10
2025-10-04,2025-10-05,2025-10-03,2025-09-07;2025-09-14;2025-09-21;2025-09-28,2025-09-27;2025-09-28;2025-09-29;2025-09-30;2025-10-01;2025-10-02;2025-10-03,2025-10-03,2,10326.468102279885,34710.27224165786,-0.4211205160046231,0.7992968171747634,1.0,10
2025-10-04,2025-10-05,2025-10-03,2025-09-07;2025-09-14;2025-09-21;2025-09-28,2025-09-27;2025-09-28;2025-09-29;2025-09-30;2025-10-01;2025-10-02;2025-10-03,2025-10-03,2,10800.0,34511.08724168734,-0.4030006650118583,0.7992968171747634,1.0,10
2025-10-05,2025-10-06,2025-10-04,2025-09-08;2025-09-15;2025-09-22;2025-09-29,2025-09-28;2025-09-29;2025-09-30;2025-10-01;2025-10-02;2025-10-03;2025-10-04,2025-10-04,2,1200.0,36642.02111374111,-0.4544192997661961,0.7992968171674875,1.0,10
2025-10-05,2025-10-06,2025-10-04,2025-09-08;2025-09-15;2025-09-22;2025-09-29,2025-09-28;2025-09-29;2025-09-30;2025-10-01;2025-10-02;2025-10-03;2025-10-04,2025-10-04,2,2850.385326518956,35892.76250265329,-0.4534706164681456,0.7992968171674875,1.0,10
2025-10-05,2025-10-06,2025-10-04,2025-09-08;2025-09-15;2025-09-22;2025-09-29,2025-09-28;2025-09-29;2025-09-30;2025-10-01;2025-10-02;2025-10-03;2025-10-04,2025-10-04,2,3709.580558841014,35503.24948181905,-0.4525219331700951,0.7992968171674875,1.0,10
2025-10-05,2025-10-06,2025-10-04,2025-09-08;2025-09-15;2025-09-22;2025-09-29,2025-09-28;2025-09-29;2025-09-30;2025-10-01;2025-10-02;2025-10-03;2025-10-04,2025-10-04,2,5876.908642692508,34524.054169318915,-0.45104620359534986,0.7992968171674875,1.0,10
2025-10-05,2025-10-06,2025-10-04,2025-09-08;2025-09-15;2025-09-22;2025-09-29,2025-09-28;2025-09-29;2025-09-30;2025-10-01;2025-10-02;2025-10-03;2025-10-04,2025-10-04,2,7916.746839258588,33605.537012456065,-0.4499921110419604,0.7992968171674875,1.0,10
2025-10-05,2025-10-06,2025-10-04,2025-09-08;2025-09-15;2025-09-22;2025-09-29,2025-09-28;2025-09-29;2025-09-30;2025-10-01;2025-10-02;2025-10-03;2025-10-04,2025-10-04,2,8527.112931755786,33331.09583598482,-0.44777851667984253,0.7992968171674875,1.0,10
2025-10-05,2025-10-06,2025-10-04,2025-09-08;2025-09-15;2025-09-22;2025-09-29,2025-09-28;2025-09-29;2025-09-30;2025-10-01;2025-10-02;2025-10-03;2025-10-04,2025-10-04,2,9724.738528557067,32794.98479517833,-0.44746228891382567,0.7992968171674875,1.0,10
2025-10-05,2025-10-06,2025-10-04,2025-09-08;2025-09-15;2025-09-22;2025-09-29,2025-09-28;2025-09-29;2025-09-30;2025-10-01;2025-10-02;2025-10-03;2025-10-04,2025-10-04,2,10009.430584957698,32667.595835985718,-0.4211205160046231,0.7992968171674875,1.0,10
2025-10-05,2025-10-06,2025-10-04,2025-09-08;2025-09-15;2025-09-22;2025-09-29,2025-09-28;2025-09-29;2025-09-30;2025-10-01;2025-10-02;2025-10-03;2025-10-04,2025-10-04,2,10326.817173571437,32533.937832015752,-0.4211205160046231,0.7992968171674875,1.0,10
2025-10-05,2025-10-06,2025-10-04,2025-09-08;2025-09-15;2025-09-22;2025-09-29,2025-09-28;2025-09-29;2025-09-30;2025-10-01;2025-10-02;2025-10-03;2025-10-04,2025-10-04,2,10800.0,32334.884312851165,-0.4030006650118583,0.7992968171674875,1.0,10
2025-10-06,2025-10-07,2025-10-05,2025-09-09;2025-09-16;2025-09-23;2025-09-30,2025-09-29;2025-09-30;2025-10-01;2025-10-02;2025-10-03;2025-10-04;2025-10-05,2025-10-05,2,1200.0,36348.53194804938,-0.4544192997661961,0.7992968171674875,1.0,10
2025-10-06,2025-10-07,2025-10-05,2025-09-09;2025-09-16;2025-09-23;2025-09-30,2025-09-29;2025-09-30;2025-10-01;2025-10-02;2025-10-03;2025-10-04;2025-10-05,2025-10-05,2,2850.385326518956,35599.27333696156,-0.4534706164681456,0.7992968171674875,1.0,10
2025-10-06,2025-10-07,2025-10-05,2025-09-09;2025-09-16;2025-09-23;2025-09-30,2025-09-29;2025-09-30;2025-10-01;2025-10-02;2025-10-03;2025-10-04;2025-10-05,2025-10-05,2,3709.580558841014,35209.76031612732,-0.4525219331700951,0.7992968171674875,1.0,10
2025-10-06,2025-10-07,2025-10-05,2025-09-09;2025-09-16;2025-09-23;2025-09-30,2025-09-29;2025-09-30;2025-10-01;2025-10-02;2025-10-03;2025-10-04;2025-10-05,2025-10-05,2,5876.908642692508,34230.56500362718,-0.45104620359534986,0.7992968171674875,1.0,10
2025-10-06,2025-10-07,2025-10-05,2025-09-09;2025-09-16;2025-09-23;2025-09-30,2025-09-29;2025-09-30;2025-10-01;2025-10-02;2025-10-03;2025-10-04;2025-10-05,2025-10-05,2,7916.746839258588,33312.047846764326,-0.4499921110419604,0.7992968171674875,1.0,10
2025-10-06,2025-10-07,2025-10-05,2025-09-09;2025-09-16;2025-09-23;2025-09-30,2025-09-29;2025-09-30;2025-10-01;2025-10-02;2025-10-03;2025-10-04;2025-10-05,2025-10-05,2,8527.11293175291,33037.60667029437,-0.44777851667984253,0.7992968171674875,1.0,10
2025-10-06,2025-10-07,2025-10-05,2025-09-09;2025-09-16;2025-09-23;2025-09-30,2025-09-29;2025-09-30;2025-10-01;2025-10-02;2025-10-03;2025-10-04;2025-10-05,2025-10-05,2,9724.678227252112,32501.522612046538,-0.44746228891382567,0.7992968171674875,1.0,10
2025-10-06,2025-10-07,2025-10-05,2025-09-09;2025-09-16;2025-09-23;2025-09-30,2025-09-29;2025-09-30;2025-10-01;2025-10-02;2025-10-03;2025-10-04;2025-10-05,2025-10-05,2,10009.430584957698,32374.106670293986,-0.4211205160046231,0.7992968171674875,1.0,10
2025-10-06,2025-10-07,2025-10-05,2025-09-09;2025-09-16;2025-09-23;2025-09-30,2025-09-29;2025-09-30;2025-10-01;2025-10-02;2025-10-03;2025-10-04;2025-10-05,2025-10-05,2,10326.74743678491,32240.478033915548,-0.4211205160046231,0.7992968171674875,1.0,10
2025-10-06,2025-10-07,2025-10-05,2025-09-09;2025-09-16;2025-09-23;2025-09-30,2025-09-29;2025-09-30;2025-10-01;2025-10-02;2025-10-03;2025-10-04;2025-10-05,2025-10-05,2,10800.0,32041.39824777021,-0.4030006650118583,0.7992968171674875,1.0,10
2025-10-07,2025-10-08,2025-10-06,2025-09-10;2025-09-17;2025-09-24;2025-10-01,2025-09-30;2025-10-01;2025-10-02;2025-10-03;2025-10-04;2025-10-05;2025-10-06,2025-10-06,2,1200.0,35064.87243277447,-0.4544192997661961,0.7992968171674875,1.0,10
2025-10-07,2025-10-08,2025-10-06,2025-09-10;2025-09-17;2025-09-24;2025-10-01,2025-09-30;2025-10-01;2025-10-02;2025-10-03;2025-10-04;2025-10-05;2025-10-06,2025-10-06,2,2850.385326515121,34315.6138216884,-0.4534706164681456,0.7992968171674875,1.0,10
2025-10-07,2025-10-08,2025-10-06,2025-09-10;2025-09-17;2025-09-24;2025-10-01,2025-09-30;2025-10-01;2025-10-02;2025-10-03;2025-10-04;2025-10-05;2025-10-06,2025-10-06,2,3709.580558838857,33926.1008008534,-0.4525219331700951,0.7992968171674875,1.0,10
2025-10-07,2025-10-08,2025-10-06,2025-09-10;2025-09-17;2025-09-24;2025-10-01,2025-09-30;2025-10-01;2025-10-02;2025-10-03;2025-10-04;2025-10-05;2025-10-06,2025-10-06,2,5876.908642691462,32946.90548835276,-0.45104620359534986,0.7992968171674875,1.0,10
2025-10-07,2025-10-08,2025-10-06,2025-09-10;2025-09-17;2025-09-24;2025-10-01,2025-09-30;2025-10-01;2025-10-02;2025-10-03;2025-10-04;2025-10-05;2025-10-06,2025-10-06,2,7916.746839258588,32028.388331489426,-0.4499921110419604,0.7992968171674875,1.0,10
2025-10-07,2025-10-08,2025-10-06,2025-09-10;2025-09-17;2025-09-24;2025-10-01,2025-09-30;2025-10-01;2025-10-02;2025-10-03;2025-10-04;2025-10-05;2025-10-06,2025-10-06,2,8527.11293175291,31753.947155019472,-0.44777851667984253,0.7992968171674875,1.0,10
2025-10-07,2025-10-08,2025-10-06,2025-09-10;2025-09-17;2025-09-24;2025-10-01,2025-09-30;2025-10-01;2025-10-02;2025-10-03;2025-10-04;2025-10-05;2025-10-06,2025-10-06,2,9724.847550335553,31217.787331077154,-0.44746228891382567,0.7992968171674875,1.0,10
2025-10-07,2025-10-08,2025-10-06,2025-09-10;2025-09-17;2025-09-24;2025-10-01,2025-09-30;2025-10-01;2025-10-02;2025-10-03;2025-10-04;2025-10-05;2025-10-06,2025-10-06,2,10009.430584957972,31090.447155018966,-0.4211205160046231,0.7992968171674875,1.0,10
2025-10-07,2025-10-08,2025-10-06,2025-09-10;2025-09-17;2025-09-24;2025-10-01,2025-09-30;2025-10-01;2025-10-02;2025-10-03;2025-10-04;2025-10-05;2025-10-06,2025-10-06,2,10326.943254234346,30956.736055895297,-0.4211205160046231,0.7992968171674875,1.0,10
2025-10-07,2025-10-08,2025-10-06,2025-09-10;2025-09-17;2025-09-24;2025-10-01,2025-09-30;2025-10-01;2025-10-02;2025-10-03;2025-10-04;2025-10-05;2025-10-06,2025-10-06,2,10800.0,30757.73002613352,-0.4030006650118583,0.7992968171674875,1.0,10
2025-10-08,2025-10-09,2025-10-07,2025-09-11;2025-09-18;2025-09-25;2025-10-02,2025-10-01;2025-10-02;2025-10-03;2025-10-04;2025-10-05;2025-10-06;2025-10-07,2025-10-07,2,1200.0,34783.899199987165,-0.4544192997661961,0.7992968171747634,1.0,10
2025-10-08,2025-10-09,2025-10-07,2025-09-11;2025-09-18;2025-09-25;2025-10-02,2025-10-01;2025-10-02;2025-10-03;2025-10-04;2025-10-05;2025-10-06;2025-10-07,2025-10-07,2,2850.3853265227904,34034.6405888976,-0.4534706164681456,0.7992968171747634,1.0,10
2025-10-08,2025-10-09,2025-10-07,2025-09-11;2025-09-18;2025-09-25;2025-10-02,2025-10-01;2025-10-02;2025-10-03;2025-10-04;2025-10-05;2025-10-06;2025-10-07,2025-10-07,2,3709.580558843171,33645.12756806413,-0.4525219331700951,0.7992968171747634,1.0,10
2025-10-08,2025-10-09,2025-10-07,2025-09-11;2025-09-18;2025-09-25;2025-10-02,2025-10-01;2025-10-02;2025-10-03;2025-10-04;2025-10-05;2025-10-06;2025-10-07,2025-10-07,2,5876.908642692508,32665.932255564967,-0.45104620359534986,0.7992968171747634,1.0,10
2025-10-08,2025-10-09,2025-10-07,2025-09-11;2025-09-18;2025-09-25;2025-10-02,2025-10-01;2025-10-02;2025-10-03;2025-10-04;2025-10-05;2025-10-06;2025-10-07,2025-10-07,2,7916.746839256558,31747.415098703026,-0.4499921110419604,0.7992968171747634,1.0,10
2025-10-08,2025-10-09,2025-10-07,2025-09-11;2025-09-18;2025-09-25;2025-10-02,2025-10-01;2025-10-02;2025-10-03;2025-10-04;2025-10-05;2025-10-06;2025-10-07,2025-10-07,2,8527.11293175291,31472.97392223216,-0.44777851667984253,0.7992968171747634,1.0,10
2025-10-08,2025-10-09,2025-10-07,2025-09-11;2025-09-18;2025-09-25;2025-10-02,2025-10-01;2025-10-02;2025-10-03;2025-10-04;2025-10-05;2025-10-06;2025-10-07,2025-10-07,2,9725.08374495879,30936.7084101031,-0.44746228891382567,0.7992968171747634,1.0,10
2025-10-08,2025-10-09,2025-10-07,2025-09-11;2025-09-18;2025-09-25;2025-10-02,2025-10-01;2025-10-02;2025-10-03;2025-10-04;2025-10-05;2025-10-06;2025-10-07,2025-10-07,2,10009.430584957972,30809.47392223165,-0.4211205160046231,0.7992968171747634,1.0,10
2025-10-08,2025-10-09,2025-10-07,2025-09-11;2025-09-18;2025-09-25;2025-10-02,2025-10-01;2025-10-02;2025-10-03;2025-10-04;2025-10-05;2025-10-06;2025-10-07,2025-10-07,2,10327.216406764326,30675.647792973607,-0.4211205160046231,0.7992968171747634,1.0,10
2025-10-08,2025-10-09,2025-10-07,2025-09-11;2025-09-18;2025-09-25;2025-10-02,2025-10-01;2025-10-02;2025-10-03;2025-10-04;2025-10-05;2025-10-06;2025-10-07,2025-10-07,2,10800.0,30476.744648541146,-0.4030006650118583,0.7992968171747634,1.0,10
2025-10-09,2025-10-10,2025-10-08,2025-09-12;2025-09-19;2025-09-26;2025-10-03,2025-10-02;2025-10-03;2025-10-04;2025-10-05;2025-10-06;2025-10-07;2025-10-08,2025-10-08,2,1200.0,13768.51027235665,-0.45020292955263824,0.9749961894867738,1.0,9
2025-10-09,2025-10-10,2025-10-08,2025-09-12;2025-09-19;2025-09-26;2025-10-03,2025-10-02;2025-10-03;2025-10-04;2025-10-05;2025-10-06;2025-10-07;2025-10-08,2025-10-08,2,2689.0335676529794,13098.383382612446,-0.44777851667984253,0.9749961894867738,1.0,9
2025-10-09,2025-10-10,2025-10-08,2025-09-12;2025-09-19;2025-09-26;2025-10-03,2025-10-02;2025-10-03;2025-10-04;2025-10-05;2025-10-06;2025-10-07;2025-10-08,2025-10-08,2,4216.365041079133,12414.71976096767,-0.44746228891382567,0.9749961894867738,1.0,9
2025-10-09,2025-10-10,2025-10-08,2025-09-12;2025-09-19;2025-09-26;2025-10-03,2025-10-02;2025-10-03;2025-10-04;2025-10-05;2025-10-06;2025-10-07;2025-10-08,2025-10-08,2,4353.534707086317,12356.338380807043,-0.4211205160046231,0.9749961894867738,1.0,9
2025-10-09,2025-10-10,2025-10-08,2025-09-12;2025-09-19;2025-09-26;2025-10-03,2025-10-02;2025-10-03;2025-10-04;2025-10-05;2025-10-06;2025-10-07;2025-10-08,2025-10-08,2,5071.484945602962,12054.604414953523,-0.41950775439793714,0.9749961894867738,1.0,9
2025-10-09,2025-10-10,2025-10-08,2025-09-12;2025-09-19;2025-09-26;2025-10-03,2025-10-02;2025-10-03;2025-10-04;2025-10-05;2025-10-06;2025-10-07;2025-10-08,2025-10-08,2,5939.349506130664,11692.141880245308,-0.4169463094932008,0.9749961894867738,1.0,9
2025-10-09,2025-10-10,2025-10-08,2025-09-12;2025-09-19;2025-09-26;2025-10-03,2025-10-02;2025-10-03;2025-10-04;2025-10-05;2025-10-06;2025-10-07;2025-10-08,2025-10-08,2,7937.5959402867975,10860.68697958996,-0.4149540745672947,0.9749961894867738,1.0,9
2025-10-09,2025-10-10,2025-10-08,2025-09-12;2025-09-19;2025-09-26;2025-10-03,2025-10-02;2025-10-03;2025-10-04;2025-10-05;2025-10-06;2025-10-07;2025-10-08,2025-10-08,2,10048.20512762545,9986.578431424678,-0.41334131296060883,0.9749961894867738,1.0,9
2025-10-09,2025-10-10,2025-10-08,2025-09-12;2025-09-19;2025-09-26;2025-10-03,2025-10-02;2025-10-03;2025-10-04;2025-10-05;2025-10-06;2025-10-07;2025-10-08,2025-10-08,2,10800.0,9675.995859103215,-0.4030006650118583,0.9749961894867738,1.0,9
2025-10-10,2025-10-11,2025-10-09,2025-09-13;2025-09-20;2025-09-27;2025-10-04,2025-10-03;2025-10-04;2025-10-05;2025-10-06;2025-10-07;2025-10-08;2025-10-09,2025-10-09,2,1200.0,14341.587785121756,-0.45030833880797727,0.913281396158709,1.0,9
2025-10-10,2025-10-11,2025-10-09,2025-09-13;2025-09-20;2025-09-27;2025-10-04,2025-10-03;2025-10-04;2025-10-05;2025-10-06;2025-10-07;2025-10-08;2025-10-09,2025-10-09,2,3248.0254128708543,13419.668937689436,-0.4499921110419604,0.913281396158709,1.0,9
2025-10-10,2025-10-11,2025-10-09,2025-09-13;2025-09-20;2025-09-27;2025-10-04,2025-10-03;2025-10-04;2025-10-05;2025-10-06;2025-10-07;2025-10-08;2025-10-09,2025-10-09,2,4827.587812199842,12712.550256929395,-0.44746228891382567,0.913281396158709,1.0,9
2025-10-10,2025-10-11,2025-10-09,2025-09-13;2025-09-20;2025-09-27;2025-10-04,2025-10-03;2025-10-04;2025-10-05;2025-10-06;2025-10-07;2025-10-08;2025-10-09,2025-10-09,2,4974.904512655398,12649.699349740167,-0.4211205160046231,0.913281396158709,1.0,9
2025-10-10,2025-10-11,2025-10-09,2025-09-13;2025-09-20;2025-09-27;2025-10-04,2025-10-03;2025-10-04;2025-10-05;2025-10-06;2025-10-07;2025-10-08;2025-10-09,2025-10-09,2,5709.837195897756,12340.78724278036,-0.41950775439793714,0.913281396158709,1.0,9
2025-10-10,2025-10-11,2025-10-09,2025-09-13;2025-09-20;2025-09-27;2025-10-04,2025-10-03;2025-10-04;2025-10-05;2025-10-06;2025-10-07;2025-10-08;2025-10-09,2025-10-09,2,6419.927265047916,12044.134685204552,-0.4169463094932008,0.913281396158709,1.0,9
2025-10-10,2025-10-11,2025-10-09,2025-09-13;2025-09-20;2025-09-27;2025-10-04,2025-10-03;2025-10-04;2025-10-05;2025-10-06;2025-10-07;2025-10-08;2025-10-09,2025-10-09,2,8416.012182416132,11213.295632002872,-0.4149540745672947,0.913281396158709,1.0,9
2025-10-10,2025-10-11,2025-10-09,2025-09-13;2025-09-20;2025-09-27;2025-10-04,2025-10-03;2025-10-04;2025-10-05;2025-10-06;2025-10-07;2025-10-08;2025-10-09,2025-10-09,2,10229.265411884038,10461.865913958327,-0.413625917950024,0.913281396158709,1.0,9
2025-10-10,2025-10-11,2025-10-09,2025-09-13;2025-09-20;2025-09-27;2025-10-04,2025-10-03;2025-10-04;2025-10-05;2025-10-06;2025-10-07;2025-10-08;2025-10-09,2025-10-09,2,10800.0,10225.83878471356,-0.4030006650118583,0.913281396158709,1.0,9
2025-10-11,2025-10-12,2025-10-10,2025-09-14;2025-09-21;2025-09-28;2025-10-05,2025-10-04;2025-10-05;2025-10-06;2025-10-07;2025-10-08;2025-10-09;2025-10-10,2025-10-10,2,1200.0,35840.71958447246,-0.4544192997661961,0.7992968171747634,1.0,10
2025-10-11,2025-10-12,2025-10-10,2025-09-14;2025-09-21;2025-09-28;2025-10-05,2025-10-04;2025-10-05;2025-10-06;2025-10-07;2025-10-08;2025-10-09;2025-10-10,2025-10-10,2,2850.385326518956,35091.46097338465,-0.4534706164681456,0.7992968171747634,1.0,10
2025-10-11,2025-10-12,2025-10-10,2025-09-14;2025-09-21;2025-09-28;2025-10-05,2025-10-04;2025-10-05;2025-10-06;2025-10-07;2025-10-08;2025-10-09;2025-10-10,2025-10-10,2,3709.580558838857,34701.94795255138,-0.4525219331700951,0.7992968171747634,1.0,10
2025-10-11,2025-10-12,2025-10-10,2025-09-14;2025-09-21;2025-09-28;2025-10-05,2025-10-04;2025-10-05;2025-10-06;2025-10-07;2025-10-08;2025-10-09;2025-10-10,2025-10-10,2,5876.908642690416,33722.75264005122,-0.45104620359534986,0.7992968171747634,1.0,10
2025-10-11,2025-10-12,2025-10-10,2025-09-14;2025-09-21;2025-09-28;2025-10-05,2025-10-04;2025-10-05;2025-10-06;2025-10-07;2025-10-08;2025-10-09;2025-10-10,2025-10-10,2,7916.746839256558,32804.235483188335,-0.4499921110419604,0.7992968171747634,1.0,10
2025-10-11,2025-10-12,2025-10-10,2025-09-14;2025-09-21;2025-09-28;2025-10-05,2025-10-04;2025-10-05;2025-10-06;2025-10-07;2025-10-08;2025-10-09;2025-10-10,2025-10-10,2,8527.11293175291,32529.794306717467,-0.44777851667984253,0.7992968171747634,1.0,10
2025-10-11,2025-10-12,2025-10-10,2025-09-14;2025-09-21;2025-09-28;2025-10-05,2025-10-04;2025-10-05;2025-10-06;2025-10-07;2025-10-08;2025-10-09;2025-10-10,2025-10-10,2,9724.825233385844,31993.64446876855,-0.44746228891382567,0.7992968171747634,1.0,10
2025-10-11,2025-10-12,2025-10-10,2025-09-14;2025-09-21;2025-09-28;2025-10-05,2025-10-04;2025-10-05;2025-10-06;2025-10-07;2025-10-08;2025-10-09;2025-10-10,2025-10-10,2,10009.430584957972,31866.29430671696,-0.4211205160046231,0.7992968171747634,1.0,10
2025-10-11,2025-10-12,2025-10-10,2025-09-14;2025-09-21;2025-09-28;2025-10-05,2025-10-04;2025-10-05;2025-10-06;2025-10-07;2025-10-08;2025-10-09;2025-10-10,2025-10-10,2,10326.917445301202,31732.594076264533,-0.4211205160046231,0.7992968171747634,1.0,10
2025-10-11,2025-10-12,2025-10-10,2025-09-14;2025-09-21;2025-09-28;2025-10-05,2025-10-04;2025-10-05;2025-10-06;2025-10-07;2025-10-08;2025-10-09;2025-10-10,2025-10-10,2,10800.0,31533.578325338596,-0.4030006650118583,0.7992968171747634,1.0,10
2025-10-12,2025-10-13,2025-10-11,2025-09-15;2025-09-22;2025-09-29;2025-10-06,2025-10-05;2025-10-06;2025-10-07;2025-10-08;2025-10-09;2025-10-10;2025-10-11,2025-10-11,2,1200.0,36214.06215889403,-0.4544192997661961,0.7992968171674875,1.0,10
2025-10-12,2025-10-13,2025-10-11,2025-09-15;2025-09-22;2025-09-29;2025-10-06,2025-10-05;2025-10-06;2025-10-07;2025-10-08;2025-10-09;2025-10-10;2025-10-11,2025-10-11,2,2850.385326515121,35464.803547807955,-0.4534706164681456,0.7992968171674875,1.0,10
2025-10-12,2025-10-13,2025-10-11,2025-09-15;2025-09-22;2025-09-29;2025-10-06,2025-10-05;2025-10-06;2025-10-07;2025-10-08;2025-10-09;2025-10-10;2025-10-11,2025-10-11,2,3709.580558838857,35075.29052697295,-0.4525219331700951,0.7992968171674875,1.0,10
2025-10-12,2025-10-13,2025-10-11,2025-09-15;2025-09-22;2025-09-29;2025-10-06,2025-10-05;2025-10-06;2025-10-07;2025-10-08;2025-10-09;2025-10-10;2025-10-11,2025-10-11,2,5876.908642691462,34096.09521447231,-0.45104620359534986,0.7992968171674875,1.0,10
2025-10-12,2025-10-13,2025-10-11,2025-09-15;2025-09-22;2025-09-29;2025-10-06,2025-10-05;2025-10-06;2025-10-07;2025-10-08;2025-10-09;2025-10-10;2025-10-11,2025-10-11,2,7916.746839258588,33177.57805760899,-0.4499921110419604,0.7992968171674875,1.0,10
2025-10-12,2025-10-13,2025-10-11,2025-09-15;2025-09-22;2025-09-29;2025-10-06,2025-10-05;2025-10-06;2025-10-07;2025-10-08;2025-10-09;2025-10-10;2025-10-11,2025-10-11,2,8527.112931755786,32903.13688113774,-0.44777851667984253,0.7992968171674875,1.0,10
2025-10-12,2025-10-13,2025-10-11,2025-09-15;2025-09-22;2025-09-29;2025-10-06,2025-10-05;2025-10-06;2025-10-07;2025-10-08;2025-10-09;2025-10-10;2025-10-11,2025-10-11,2,9724.754984057041,32367.018477115573,-0.44746228891382567,0.7992968171674875,1.0,10
2025-10-12,2025-10-13,2025-10-11,2025-09-15;2025-09-22;2025-09-29;2025-10-06,2025-10-05;2025-10-06;2025-10-07;2025-10-08;2025-10-09;2025-10-10;2025-10-11,2025-10-11,2,10009.430584957972,32239.636881138522,-0.4211205160046231,0.7992968171674875,1.0,10
2025-10-12,2025-10-13,2025-10-11,2025-09-15;2025-09-22;2025-09-29;2025-10-06,2025-10-05;2025-10-06;2025-10-07;2025-10-08;2025-10-09;2025-10-10;2025-10-11,2025-10-11,2,10326.836203900873,32105.970863106522,-0.4211205160046231,0.7992968171674875,1.0,10
2025-10-12,2025-10-13,2025-10-11,2025-09-15;2025-09-22;2025-09-29;2025-10-06,2025-10-05;2025-10-06;2025-10-07;2025-10-08;2025-10-09;2025-10-10;2025-10-11,2025-10-11,2,10800.0,31906.92451188474,-0.4030006650118583,0.7992968171674875,1.0,10
2025-10-13,2025-10-14,2025-10-12,2025-09-16;2025-09-23;2025-09-30;2025-10-07,2025-10-06;2025-10-07;2025-10-08;2025-10-09;2025-10-10;2025-10-11;2025-10-12,2025-10-12,2,1200.0,36957.0003742505,-0.4544192997661961,0.6878123451242573,1.0,11
2025-10-13,2025-10-14,2025-10-12,2025-09-16;2025-09-23;2025-09-30;2025-10-07,2025-10-06;2025-10-07;2025-10-08;2025-10-09;2025-10-10;2025-10-11;2025-10-12,2025-10-12,2,2606.7175095100715,36318.4423602405,-0.4534706164681457,0.6878123451242573,1.0,11
2025-10-13,2025-10-14,2025-10-12,2025-09-16;2025-09-23;2025-09-30;2025-10-07,2025-10-06;2025-10-07;2025-10-08;2025-10-09;2025-10-10;2025-10-11;2025-10-12,2025-10-12,2,4069.464375468262,35655.83574908819,-0.45252193317009515,0.6878123451242573,1.0,11
2025-10-13,2025-10-14,2025-10-12,2025-09-16;2025-09-23;2025-09-30;2025-10-07,2025-10-06;2025-10-07;2025-10-08;2025-10-09;2025-10-10;2025-10-11;2025-10-12,2025-10-12,2,5166.524524936849,35160.34937230047,-0.45104620359534986,0.6878123451242573,1.0,11
2025-10-13,2025-10-14,2025-10-12,2025-09-16;2025-09-23;2025-09-30;2025-10-07,2025-10-06;2025-10-07;2025-10-08;2025-10-09;2025-10-10;2025-10-11;2025-10-12,2025-10-12,2,7770.961168535925,33987.416026118604,-0.4499921110419604,0.6878123451242573,1.0,11
2025-10-13,2025-10-14,2025-10-12,2025-09-16;2025-09-23;2025-09-30;2025-10-07,2025-10-06;2025-10-07;2025-10-08;2025-10-09;2025-10-10;2025-10-11;2025-10-12,2025-10-12,2,9237.038736518196,33330.518472164265,-0.44746228891382567,0.6878123451242573,1.0,11
2025-10-13,2025-10-14,2025-10-12,2025-09-16;2025-09-23;2025-09-30;2025-10-07,2025-10-06;2025-10-07;2025-10-08;2025-10-09;2025-10-10;2025-10-11;2025-10-12,2025-10-12,2,9586.996098862572,33174.12631661107,-0.4388145136058185,0.6878123451242573,1.0,11
2025-10-13,2025-10-14,2025-10-12,2025-09-16;2025-09-23;2025-09-30;2025-10-07,2025-10-06;2025-10-07;2025-10-08;2025-10-09;2025-10-10;2025-10-11;2025-10-12,2025-10-12,2,9946.405371351379,33018.119745114396,-0.4308591599839935,0.6878123451242573,1.0,11
2025-10-13,2025-10-14,2025-10-12,2025-09-16;2025-09-23;2025-09-30;2025-10-07,2025-10-06;2025-10-07;2025-10-08;2025-10-09;2025-10-10;2025-10-11;2025-10-12,2025-10-12,2,10121.730971048573,32942.98535982385,-0.4261157434937409,0.6878123451242573,1.0,11
2025-10-13,2025-10-14,2025-10-12,2025-09-16;2025-09-23;2025-09-30;2025-10-07,2025-10-06;2025-10-07;2025-10-08;2025-10-09;2025-10-10;2025-10-11;2025-10-12,2025-10-12,2,10378.277624308645,32834.54204550503,-0.4211205160046231,0.6878123451242573,1.0,11
2025-10-13,2025-10-14,2025-10-12,2025-09-16;2025-09-23;2025-09-30;2025-10-07,2025-10-06;2025-10-07;2025-10-08;2025-10-09;2025-10-10;2025-10-11;2025-10-12,2025-10-12,2,10800.0,32656.94610104319,-0.4030006650118583,0.6878123451242573,1.0,11
2025-10-14,2025-10-15,2025-10-13,2025-09-17;2025-09-24;2025-10-01;2025-10-08,2025-10-07;2025-10-08;2025-10-09;2025-10-10;2025-10-11;2025-10-12;2025-10-13,2025-10-13,2,1200.0,35812.23447090888,-0.4544192997661961,0.6878123451315332,1.0,11
2025-10-14,2025-10-15,2025-10-13,2025-09-17;2025-09-24;2025-10-01;2025-10-08,2025-10-07;2025-10-08;2025-10-09;2025-10-10;2025-10-11;2025-10-12;2025-10-13,2025-10-13,2,2606.717509506237,35173.67645690063,-0.4534706164681457,0.6878123451315332,1.0,11
2025-10-14,2025-10-15,2025-10-13,2025-09-17;2025-09-24;2025-10-01;2025-10-08,2025-10-07;2025-10-08;2025-10-09;2025-10-10;2025-10-11;2025-10-12;2025-10-13,2025-10-13,2,4069.464375468262,34511.06984574658,-0.45252193317009515,0.6878123451315332,1.0,11
2025-10-14,2025-10-15,2025-10-13,2025-09-17;2025-09-24;2025-10-01;2025-10-08,2025-10-07;2025-10-08;2025-10-09;2025-10-10;2025-10-11;2025-10-12;2025-10-13,2025-10-13,2,5166.524524939725,34015.58346895756,-0.45104620359534986,0.6878123451315332,1.0,11
2025-10-14,2025-10-15,2025-10-13,2025-09-17;2025-09-24;2025-10-01;2025-10-08,2025-10-07;2025-10-08;2025-10-09;2025-10-10;2025-10-11;2025-10-12;2025-10-13,2025-10-13,2,7770.9611685354585,32842.650122777195,-0.4499921110419604,0.6878123451315332,1.0,11
2025-10-14,2025-10-15,2025-10-13,2025-09-17;2025-09-24;2025-10-01;2025-10-08,2025-10-07;2025-10-08;2025-10-09;2025-10-10;2025-10-11;2025-10-12;2025-10-13,2025-10-13,2,9237.038736517545,32185.752568822936,-0.44746228891382567,0.6878123451315332,1.0,11
2025-10-14,2025-10-15,2025-10-13,2025-09-17;2025-09-24;2025-10-01;2025-10-08,2025-10-07;2025-10-08;2025-10-09;2025-10-10;2025-10-11;2025-10-12;2025-10-13,2025-10-13,2,9586.996098862572,32029.36041326946,-0.4388145136058185,0.6878123451315332,1.0,11
2025-10-14,2025-10-15,2025-10-13,2025-09-17;2025-09-24;2025-10-01;2025-10-08,2025-10-07;2025-10-08;2025-10-09;2025-10-10;2025-10-11;2025-10-12;2025-10-13,2025-10-13,2,9946.40537135179,31873.3538417726,-0.4308591599839935,0.6878123451315332,1.0,11
2025-10-14,2025-10-15,2025-10-13,2025-09-17;2025-09-24;2025-10-01;2025-10-08,2025-10-07;2025-10-08;2025-10-09;2025-10-10;2025-10-11;2025-10-12;2025-10-13,2025-10-13,2,10121.730971048573,31798.21945648224,-0.4261157434937409,0.6878123451315332,1.0,11
2025-10-14,2025-10-15,2025-10-13,2025-09-17;2025-09-24;2025-10-01;2025-10-08,2025-10-07;2025-10-08;2025-10-09;2025-10-10;2025-10-11;2025-10-12;2025-10-13,2025-10-13,2,10378.277624308846,31689.776142163326,-0.4211205160046231,0.6878123451315332,1.0,11
2025-10-14,2025-10-15,2025-10-13,2025-09-17;2025-09-24;2025-10-01;2025-10-08,2025-10-07;2025-10-08;2025-10-09;2025-10-10;2025-10-11;2025-10-12;2025-10-13,2025-10-13,2,10800.0,31512.18019770157,-0.4030006650118583,0.6878123451315332,1.0,11
2025-10-15,2025-10-16,2025-10-14,2025-09-18;2025-09-25;2025-10-02;2025-10-09,2025-10-08;2025-10-09;2025-10-10;2025-10-11;2025-10-12;2025-10-13;2025-10-14,2025-10-14,2,1200.0,35764.273242248964,-0.4544192997661961,0.7992968171674875,1.0,10
2025-10-15,2025-10-16,2025-10-14,2025-09-18;2025-09-25;2025-10-02;2025-10-09,2025-10-08;2025-10-09;2025-10-10;2025-10-11;2025-10-12;2025-10-13;2025-10-14,2025-10-14,2,2850.385326518956,35015.014631161146,-0.4534706164681456,0.7992968171674875,1.0,10
2025-10-15,2025-10-16,2025-10-14,2025-09-18;2025-09-25;2025-10-02;2025-10-09,2025-10-08;2025-10-09;2025-10-10;2025-10-11;2025-10-12;2025-10-13;2025-10-14,2025-10-14,2,3709.580558841014,34625.50161032691,-0.4525219331700951,0.7992968171674875,1.0,10
2025-10-15,2025-10-16,2025-10-14,2025-09-18;2025-09-25;2025-10-02;2025-10-09,2025-10-08;2025-10-09;2025-10-10;2025-10-11;2025-10-12;2025-10-13;2025-10-14,2025-10-14,2,5876.908642692508,33646.30629782677,-0.45104620359534986,0.7992968171674875,1.0,10
2025-10-15,2025-10-16,2025-10-14,2025-09-18;2025-09-25;2025-10-02;2025-10-09,2025-10-08;2025-10-09;2025-10-10;2025-10-11;2025-10-12;2025-10-13;2025-10-14,2025-10-14,2,7916.746839258588,32727.789140963912,-0.4499921110419604,0.7992968171674875,1.0,10
2025-10-15,2025-10-16,2025-10-14,2025-09-18;2025-09-25;2025-10-02;2025-10-09,2025-10-08;2025-10-09;2025-10-10;2025-10-11;2025-10-12;2025-10-13;2025-10-14,2025-10-14,2,8527.11293175291,32453.347964493958,-0.44777851667984253,0.7992968171674875,1.0,10
2025-10-15,2025-10-16,2025-10-14,2025-09-18;2025-09-25;2025-10-02;2025-10-09,2025-10-08;2025-10-09;2025-10-10;2025-10-11;2025-10-12;2025-10-13;2025-10-14,2025-10-14,2,9724.683683948908,31917.261464580086,-0.44746228891382567,0.7992968171674875,1.0,10
2025-10-15,2025-10-16,2025-10-14,2025-09-18;2025-09-25;2025-10-02;2025-10-09,2025-10-08;2025-10-09;2025-10-10;2025-10-11;2025-10-12;2025-10-13;2025-10-14,2025-10-14,2,10009.430584957698,31789.84796449357,-0.4211205160046231,0.7992968171674875,1.0,10
2025-10-15,2025-10-16,2025-10-14,2025-09-18;2025-09-25;2025-10-02;2025-10-09,2025-10-08;2025-10-09;2025-10-10;2025-10-11;2025-10-12;2025-10-13;2025-10-14,2025-10-14,2,10326.753747303395,31656.21667062633,-0.4211205160046231,0.7992968171674875,1.0,10
2025-10-15,2025-10-16,2025-10-14,2025-09-18;2025-09-25;2025-10-02;2025-10-09,2025-10-08;2025-10-09;2025-10-10;2025-10-11;2025-10-12;2025-10-13;2025-10-14,2025-10-14,2,10800.0,31457.139261393895,-0.4030006650118583,0.7992968171674875,1.0,10
2025-10-16,2025-10-17,2025-10-15,2025-09-19;2025-09-26;2025-10-03;2025-10-10,2025-10-09;2025-10-10;2025-10-11;2025-10-12;2025-10-13;2025-10-14;2025-10-15,2025-10-15,2,1200.0,15120.416397016914,-0.45030833880797727,0.6428596322257363,1.0,10
2025-10-16,2025-10-17,2025-10-15,2025-09-19;2025-09-26;2025-10-03;2025-10-10,2025-10-09;2025-10-10;2025-10-11;2025-10-12;2025-10-13;2025-10-14;2025-10-15,2025-10-15,2,2936.521558436409,14338.770771788164,-0.44999211104196035,0.6428596322257363,1.0,10
2025-10-16,2025-10-17,2025-10-15,2025-09-19;2025-09-26;2025-10-03;2025-10-10,2025-10-09;2025-10-10;2025-10-11;2025-10-12;2025-10-13;2025-10-14;2025-10-15,2025-10-15,2,4464.33250881842,13654.808473847632,-0.44746228891382567,0.6428596322257363,1.0,10
2025-10-16,2025-10-17,2025-10-15,2025-09-19;2025-09-26;2025-10-03;2025-10-10,2025-10-09;2025-10-10;2025-10-11;2025-10-12;2025-10-13;2025-10-14;2025-10-15,2025-10-15,2,4619.878872545099,13586.009254190805,-0.42146949593212024,0.6428596322257363,1.0,10
2025-10-16,2025-10-17,2025-10-15,2025-09-19;2025-09-26;2025-10-03;2025-10-10,2025-10-09;2025-10-10;2025-10-11;2025-10-12;2025-10-13;2025-10-14;2025-10-15,2025-10-15,2,5488.860665186996,13220.662741458375,-0.4195077543979372,0.6428596322257363,1.0,10
2025-10-16,2025-10-17,2025-10-15,2025-09-19;2025-09-26;2025-10-03;2025-10-10,2025-10-09;2025-10-10;2025-10-11;2025-10-12;2025-10-13;2025-10-14;2025-10-15,2025-10-15,2,6635.4022304425525,12741.860782695916,-0.41694630949320083,0.6428596322257363,1.0,10
2025-10-16,2025-10-17,2025-10-15,2025-09-19;2025-09-26;2025-10-03;2025-10-10,2025-10-09;2025-10-10;2025-10-11;2025-10-12;2025-10-13;2025-10-14;2025-10-15,2025-10-15,2,7593.360928864508,12342.837825209,-0.41533354788651494,0.6428596322257363,1.0,10
2025-10-16,2025-10-17,2025-10-15,2025-09-19;2025-09-26;2025-10-03;2025-10-10,2025-10-09;2025-10-10;2025-10-11;2025-10-12;2025-10-13;2025-10-14;2025-10-15,2025-10-15,2,8621.603335944204,11916.062705200751,-0.4146694695778796,0.6428596322257363,1.0,10
2025-10-16,2025-10-17,2025-10-15,2025-09-19;2025-09-26;2025-10-03;2025-10-10,2025-10-09;2025-10-10;2025-10-11;2025-10-12;2025-10-13;2025-10-14;2025-10-15,2025-10-15,2,10457.393095592282,11156.1343404879,-0.41334131296060883,0.6428596322257363,1.0,10
2025-10-16,2025-10-17,2025-10-15,2025-09-19;2025-09-26;2025-10-03;2025-10-10,2025-10-09;2025-10-10;2025-10-11;2025-10-12;2025-10-13;2025-10-14;2025-10-15,2025-10-15,2,10800.0,11014.541559976416,-0.40943477066542217,0.6428596322257363,1.0,10
2025-10-17,2025-10-18,2025-10-16,2025-09-20;2025-09-27;2025-10-04;2025-10-11,2025-10-10;2025-10-11;2025-10-12;2025-10-13;2025-10-14;2025-10-15;2025-10-16,2025-10-16,2,1200.0,15267.383785283597,-0.45104620359534986,0.8332664713125268,1.0,11
2025-10-17,2025-10-18,2025-10-16,2025-09-20;2025-09-27;2025-10-04;2025-10-11,2025-10-10;2025-10-11;2025-10-12;2025-10-13;2025-10-14;2025-10-15;2025-10-16,2025-10-16,2,3286.6838921120343,14327.737055289952,-0.4499921110419604,0.8332664713125268,1.0,11
2025-10-17,2025-10-18,2025-10-16,2025-09-20;2025-09-27;2025-10-04;2025-10-11,2025-10-10;2025-10-11;2025-10-12;2025-10-13;2025-10-14;2025-10-15;2025-10-16,2025-10-16,2,3897.049984607316,14053.295878819568,-0.44777851667984253,0.8332664713125268,1.0,11
2025-10-17,2025-10-18,2025-10-16,2025-09-20;2025-09-27;2025-10-04;2025-10-11,2025-10-10;2025-10-11;2025-10-12;2025-10-13;2025-10-14;2025-10-15;2025-10-16,2025-10-16,2,5236.401145304478,13453.767992794626,-0.44746228891382567,0.8332664713125268,1.0,11
2025-10-17,2025-10-18,2025-10-16,2025-09-20;2025-09-27;2025-10-04;2025-10-11,2025-10-10;2025-10-11;2025-10-12;2025-10-13;2025-10-14;2025-10-15;2025-10-16,2025-10-16,2,5379.367637811619,13389.795878819401,-0.4211205160046231,0.8332664713125268,1.0,11
2025-10-17,2025-10-18,2025-10-16,2025-09-20;2025-09-27;2025-10-04;2025-10-11,2025-10-10;2025-10-11;2025-10-12;2025-10-13;2025-10-14;2025-10-15;2025-10-16,2025-10-16,2,5469.735839456338,13351.739975112367,-0.4211205160046231,0.8332664713125268,1.0,11
2025-10-17,2025-10-18,2025-10-16,2025-09-20;2025-09-27;2025-10-04;2025-10-11,2025-10-10;2025-10-11;2025-10-12;2025-10-13;2025-10-14;2025-10-15;2025-10-16,2025-10-16,2,6130.05787428134,13074.093726061257,-0.41950775439793714,0.8332664713125268,1.0,11
2025-10-17,2025-10-18,2025-10-16,2025-09-20;2025-09-27;2025-10-04;2025-10-11,2025-10-10;2025-10-11;2025-10-12;2025-10-13;2025-10-14;2025-10-15;2025-10-16,2025-10-16,2,6734.2358759006365,12821.411126877985,-0.4175155194720311,0.8332664713125268,1.0,11
2025-10-17,2025-10-18,2025-10-16,2025-09-20;2025-09-27;2025-10-04;2025-10-11,2025-10-10;2025-10-11;2025-10-12;2025-10-13;2025-10-14;2025-10-15;2025-10-16,2025-10-16,2,8318.155803868343,12161.502009234691,-0.41533354788651494,0.8332664713125268,1.0,11
2025-10-17,2025-10-18,2025-10-16,2025-09-20;2025-09-27;2025-10-04;2025-10-11,2025-10-10;2025-10-11;2025-10-12;2025-10-13;2025-10-14;2025-10-15;2025-10-16,2025-10-16,2,10194.375511359174,11383.334901243637,-0.4140053912692442,0.8332664713125268,1.0,11
2025-10-17,2025-10-18,2025-10-16,2025-09-20;2025-09-27;2025-10-04;2025-10-11,2025-10-10;2025-10-11;2025-10-12;2025-10-13;2025-10-14;2025-10-15;2025-10-16,2025-10-16,2,10800.0,11132.682057864029,-0.4030006650118583,0.8332664713125268,1.0,11
2025-10-18,2025-10-19,2025-10-17,2025-09-21;2025-09-28;2025-10-05;2025-10-12,2025-10-11;2025-10-12;2025-10-13;2025-10-14;2025-10-15;2025-10-16;2025-10-17,2025-10-17,2,1200.0,37697.82136806674,-0.4544192997661961,0.9949839666369371,1.0,9
2025-10-18,2025-10-19,2025-10-17,2025-09-21;2025-09-28;2025-10-05;2025-10-12,2025-10-11;2025-10-12;2025-10-13;2025-10-14;2025-10-15;2025-10-16;2025-10-17,2025-10-17,2,3442.7979942960606,36680.23702526804,-0.45252193317009515,0.9949839666369371,1.0,9
2025-10-18,2025-10-19,2025-10-17,2025-09-21;2025-09-28;2025-10-05;2025-10-12,2025-10-11;2025-10-12;2025-10-13;2025-10-14;2025-10-15;2025-10-16;2025-10-17,2025-10-17,2,5542.404118470037,35731.63130262747,-0.45104620359534986,0.9949839666369371,1.0,9
2025-10-18,2025-10-19,2025-10-17,2025-09-21;2025-09-28;2025-10-05;2025-10-12,2025-10-11;2025-10-12;2025-10-13;2025-10-14;2025-10-15;2025-10-16;2025-10-17,2025-10-17,2,7518.504000045515,34841.84075437153,-0.44999211104196035,0.9949839666369371,1.0,9
2025-10-18,2025-10-19,2025-10-17,2025-09-21;2025-09-28;2025-10-05;2025-10-12,2025-10-11;2025-10-12;2025-10-13;2025-10-14;2025-10-15;2025-10-16;2025-10-17,2025-10-17,2,8941.213770213644,34203.709982898145,-0.44746228891382567,0.9949839666369371,1.0,9
2025-10-18,2025-10-19,2025-10-17,2025-09-21;2025-09-28;2025-10-05;2025-10-12,2025-10-11;2025-10-12;2025-10-13;2025-10-14;2025-10-15;2025-10-16;2025-10-17,2025-10-17,2,9598.785483570882,33909.84744329279,-0.43692136337993104,0.9949839666369371,1.0,9
2025-10-18,2025-10-19,2025-10-17,2025-09-21;2025-09-28;2025-10-05;2025-10-12,2025-10-11;2025-10-12;2025-10-13;2025-10-14;2025-10-15;2025-10-16;2025-10-17,2025-10-17,2,9838.858576196351,33805.326306673,-0.4338059342776911,0.9949839666369371,1.0,9
2025-10-18,2025-10-19,2025-10-17,2025-09-21;2025-09-28;2025-10-05;2025-10-12,2025-10-11;2025-10-12;2025-10-13;2025-10-14;2025-10-15;2025-10-16;2025-10-17,2025-10-17,2,10097.306758267534,33694.02108263552,-0.42727056044667655,0.9949839666369371,1.0,9
2025-10-18,2025-10-19,2025-10-17,2025-09-21;2025-09-28;2025-10-05;2025-10-12,2025-10-11;2025-10-12;2025-10-13;2025-10-14;2025-10-15;2025-10-16;2025-10-17,2025-10-17,2,10800.0,33397.2914110359,-0.4211205160046231,0.9949839666369371,1.0,9
2025-10-19,2025-10-20,2025-10-18,2025-09-22;2025-09-29;2025-10-06;2025-10-13,2025-10-12;2025-10-13;2025-10-14;2025-10-15;2025-10-16;2025-10-17;2025-10-18,2025-10-18,2,1200.0,38153.61431273265,-0.4544192997661961,0.9949839660403086,1.0,9
2025-10-19,2025-10-20,2025-10-18,2025-09-22;2025-09-29;2025-10-06;2025-10-13,2025-10-12;2025-10-13;2025-10-14;2025-10-15;2025-10-16;2025-10-17;2025-10-18,2025-10-18,2,3442.797992037623,37136.02997096024,-0.45252193317009515,0.9949839660403086,1.0,9
2025-10-19,2025-10-20,2025-10-18,2025-09-22;2025-09-29;2025-10-06;2025-10-13,2025-10-12;2025-10-13;2025-10-14;2025-10-15;2025-10-16;2025-10-17;2025-10-18,2025-10-18,2,5542.404116209966,36187.4242483204,-0.45104620359534986,0.9949839660403086,1.0,9
2025-10-19,2025-10-20,2025-10-18,2025-09-22;2025-09-29;2025-10-06;2025-10-13,2025-10-12;2025-10-13;2025-10-14;2025-10-15;2025-10-16;2025-10-17;2025-10-18,2025-10-18,2,7518.503997783905,35297.63370006515,-0.4499921110419604,0.9949839660403086,1.0,9
2025-10-19,2025-10-20,2025-10-18,2025-09-22;2025-09-29;2025-10-06;2025-10-13,2025-10-12;2025-10-13;2025-10-14;2025-10-15;2025-10-16;2025-10-17;2025-10-18,2025-10-18,2,8950.997082446544,34655.12526429488,-0.44746228891382567,0.9949839660403086,1.0,9
2025-10-19,2025-10-20,2025-10-18,2025-09-22;2025-09-29;2025-10-06;2025-10-13,2025-10-12;2025-10-13;2025-10-14;2025-10-15;2025-10-16;2025-10-17;2025-10-18,2025-10-18,2,9601.348907605574,34364.495569919716,-0.4383033958388195,0.9949839660403086,1.0,9
2025-10-19,2025-10-20,2025-10-18,2025-09-22;2025-09-29;2025-10-06;2025-10-13,2025-10-12;2025-10-13;2025-10-14;2025-10-15;2025-10-16;2025-10-17;2025-10-18,2025-10-18,2,9851.225716986817,34255.5700490677,-0.4344032533912785,0.9949839660403086,1.0,9
2025-10-19,2025-10-20,2025-10-18,2025-09-22;2025-09-29;2025-10-06;2025-10-13,2025-10-12;2025-10-13;2025-10-14;2025-10-15;2025-10-16;2025-10-17;2025-10-18,2025-10-18,2,10096.894213997739,34149.71891665455,-0.4275610215058327,0.9949839660403086,1.0,9
2025-10-19,2025-10-20,2025-10-18,2025-09-22;2025-09-29;2025-10-06;2025-10-13,2025-10-12;2025-10-13;2025-10-14;2025-10-15;2025-10-16;2025-10-17;2025-10-18,2025-10-18,2,10800.0,33852.7585833033,-0.4211205160046231,0.9949839660403086,1.0,9
2025-10-20,2025-10-21,2025-10-19,2025-09-23;2025-09-30;2025-10-07;2025-10-14,2025-10-13;2025-10-14;2025-10-15;2025-10-16;2025-10-17;2025-10-18;2025-10-19,2025-10-19,2,1200.0,38580.98493065362,-0.4544192997661961,0.99498389576911,1.0,9
2025-10-20,2025-10-21,2025-10-19,2025-09-23;2025-09-30;2025-10-07;2025-10-14,2025-10-13;2025-10-14;2025-10-15;2025-10-16;2025-10-17;2025-10-18;2025-10-19,2025-10-19,2,3442.797725505302,37563.40070999864,-0.45252193317009515,0.99498389576911,1.0,9
2025-10-20,2025-10-21,2025-10-19,2025-09-23;2025-09-30;2025-10-07;2025-10-14,2025-10-13;2025-10-14;2025-10-15;2025-10-16;2025-10-17;2025-10-18;2025-10-19,2025-10-19,2,5542.403849676272,36614.79498735942,-0.45104620359534986,0.99498389576911,1.0,9
2025-10-20,2025-10-21,2025-10-19,2025-09-23;2025-09-30;2025-10-07;2025-10-14,2025-10-13;2025-10-14;2025-10-15;2025-10-16;2025-10-17;2025-10-18;2025-10-19,2025-10-19,2,7518.503731248919,35725.004439104756,-0.4499921110419604,0.99498389576911,1.0,9
2025-10-20,2025-10-21,2025-10-19,2025-09-23;2025-09-30;2025-10-07;2025-10-14,2025-10-13;2025-10-14;2025-10-15;2025-10-16;2025-10-17;2025-10-18;2025-10-19,2025-10-19,2,8950.99408700849,35082.497224415696,-0.44746228891382567,0.99498389576911,1.0,9
2025-10-20,2025-10-21,2025-10-19,2025-09-23;2025-09-30;2025-10-07;2025-10-14,2025-10-13;2025-10-14;2025-10-15;2025-10-16;2025-10-17;2025-10-18;2025-10-19,2025-10-19,2,9601.345937525299,34791.86751417577,-0.4383033958388195,0.99498389576911,1.0,9
2025-10-20,2025-10-21,2025-10-19,2025-09-23;2025-09-30;2025-10-07;2025-10-14,2025-10-13;2025-10-14;2025-10-15;2025-10-16;2025-10-17;2025-10-18;2025-10-19,2025-10-19,2,9851.222000829724,34682.942321940056,-0.4344032533912785,0.99498389576911,1.0,9
2025-10-20,2025-10-21,2025-10-19,2025-09-23;2025-09-30;2025-10-07;2025-10-14,2025-10-13;2025-10-14;2025-10-15;2025-10-16;2025-10-17;2025-10-18;2025-10-19,2025-10-19,2,10096.889764328918,34577.09150798829,-0.4275610215058327,0.99498389576911,1.0,9
2025-10-20,2025-10-21,2025-10-19,2025-09-23;2025-09-30;2025-10-07;2025-10-14,2025-10-13;2025-10-14;2025-10-15;2025-10-16;2025-10-17;2025-10-18;2025-10-19,2025-10-19,2,10800.0,34280.129300968714,-0.4211205160046231,0.99498389576911,1.0,9
2025-10-21,2025-10-22,2025-10-20,2025-09-24;2025-10-01;2025-10-08;2025-10-15,2025-10-14;2025-10-15;2025-10-16;2025-10-17;2025-10-18;2025-10-19;2025-10-20,2025-10-20,2,1200.0,39642.63164311571,-0.4544192997661961,0.7992968171674875,1.0,10
2025-10-21,2025-10-22,2025-10-20,2025-09-24;2025-10-01;2025-10-08;2025-10-15,2025-10-14;2025-10-15;2025-10-16;2025-10-17;2025-10-18;2025-10-19;2025-10-20,2025-10-20,2,2850.385326518956,38893.3730320279,-0.4534706164681456,0.7992968171674875,1.0,10
2025-10-21,2025-10-22,2025-10-20,2025-09-24;2025-10-01;2025-10-08;2025-10-15,2025-10-14;2025-10-15;2025-10-16;2025-10-17;2025-10-18;2025-10-19;2025-10-20,2025-10-20,2,3709.580558841014,38503.860011193654,-0.4525219331700951,0.7992968171674875,1.0,10
2025-10-21,2025-10-22,2025-10-20,2025-09-24;2025-10-01;2025-10-08;2025-10-15,2025-10-14;2025-10-15;2025-10-16;2025-10-17;2025-10-18;2025-10-19;2025-10-20,2025-10-20,2,5876.908642691462,37524.66469869399,-0.45104620359534986,0.7992968171674875,1.0,10
2025-10-21,2025-10-22,2025-10-20,2025-09-24;2025-10-01;2025-10-08;2025-10-15,2025-10-14;2025-10-15;2025-10-16;2025-10-17;2025-10-18;2025-10-19;2025-10-20,2025-10-20,2,7916.746839256558,36606.14754183158,-0.4499921110419604,0.7992968171674875,1.0,10
2025-10-21,2025-10-22,2025-10-20,2025-09-24;2025-10-01;2025-10-08;2025-10-15,2025-10-14;2025-10-15;2025-10-16;2025-10-17;2025-10-18;2025-10-19;2025-10-20,2025-10-20,2,8527.112931755786,36331.70636535942,-0.44777851667984253,0.7992968171674875,1.0,10
2025-10-21,2025-10-22,2025-10-20,2025-09-24;2025-10-01;2025-10-08;2025-10-15,2025-10-14;2025-10-15;2025-10-16;2025-10-17;2025-10-18;2025-10-19;2025-10-20,2025-10-20,2,9724.530512096964,35795.68840407431,-0.44746228891382567,0.7992968171674875,1.0,10
2025-10-21,2025-10-22,2025-10-20,2025-09-24;2025-10-01;2025-10-08;2025-10-15,2025-10-14;2025-10-15;2025-10-16;2025-10-17;2025-10-18;2025-10-19;2025-10-20,2025-10-20,2,10009.430584957972,35668.20636536021,-0.4211205160046231,0.7992968171674875,1.0,10
2025-10-21,2025-10-22,2025-10-20,2025-09-24;2025-10-01;2025-10-08;2025-10-15,2025-10-14;2025-10-15;2025-10-16;2025-10-17;2025-10-18;2025-10-19;2025-10-20,2025-10-20,2,10326.576608305508,35534.64966835928,-0.4211205160046231,0.7992968171674875,1.0,10
2025-10-21,2025-10-22,2025-10-20,2025-09-24;2025-10-01;2025-10-08;2025-10-15,2025-10-14;2025-10-15;2025-10-16;2025-10-17;2025-10-18;2025-10-19;2025-10-20,2025-10-20,2,10800.0,35335.50553814815,-0.4030006650118583,0.7992968171674875,1.0,10
2025-10-22,2025-10-23,2025-10-21,2025-09-25;2025-10-02;2025-10-09;2025-10-16,2025-10-15;2025-10-16;2025-10-17;2025-10-18;2025-10-19;2025-10-20;2025-10-21,2025-10-21,4,1200.0,40701.48074738866,-0.4544192997661961,0.7992968171747634,1.0,10
2025-10-22,2025-10-23,2025-10-21,2025-09-25;2025-10-02;2025-10-09;2025-10-16,2025-10-15;2025-10-16;2025-10-17;2025-10-18;2025-10-19;2025-10-20;2025-10-21,2025-10-21,4,2833.34801521028,39959.96421937563,-0.4534706164681456,0.7992968171747634,1.0,10
2025-10-22,2025-10-23,2025-10-21,2025-09-25;2025-10-02;2025-10-09;2025-10-16,2025-10-15;2025-10-16;2025-10-17;2025-10-18;2025-10-19;2025-10-20;2025-10-21,2025-10-21,4,3692.543247533537,39570.451198540846,-0.4525219331700951,0.7992968171747634,1.0,10
2025-10-22,2025-10-23,2025-10-21,2025-09-25;2025-10-02;2025-10-09;2025-10-16,2025-10-15;2025-10-16;2025-10-17;2025-10-18;2025-10-19;2025-10-20;2025-10-21,2025-10-21,4,5859.871331386273,38591.25588604015,-0.45104620359534986,0.7992968171747634,1.0,10
2025-10-22,2025-10-23,2025-10-21,2025-09-25;2025-10-02;2025-10-09;2025-10-16,2025-10-15;2025-10-16;2025-10-17;2025-10-18;2025-10-19;2025-10-20;2025-10-21,2025-10-21,4,7899.7095279535215,37672.738729176766,-0.4499921110419604,0.7992968171747634,1.0,10
2025-10-22,2025-10-23,2025-10-21,2025-09-25;2025-10-02;2025-10-09;2025-10-16,2025-10-15;2025-10-16;2025-10-17;2025-10-18;2025-10-19;2025-10-20;2025-10-21,2025-10-21,4,8510.075620449028,37398.29755270628,-0.44777851667984253,0.7992968171747634,1.0,10
2025-10-22,2025-10-23,2025-10-21,2025-09-25;2025-10-02;2025-10-09;2025-10-16,2025-10-15;2025-10-16;2025-10-17;2025-10-18;2025-10-19;2025-10-20;2025-10-21,2025-10-21,4,9667.942652007581,36879.97697050723,-0.44746228891382567,0.7992968171747634,1.0,10
2025-10-22,2025-10-23,2025-10-21,2025-09-25;2025-10-02;2025-10-09;2025-10-16,2025-10-15;2025-10-16;2025-10-17;2025-10-18;2025-10-19;2025-10-20;2025-10-21,2025-10-21,4,9992.393273653017,36734.79755270625,-0.4211205160046231,0.7992968171747634,1.0,10
2025-10-22,2025-10-23,2025-10-21,2025-09-25;2025-10-02;2025-10-09;2025-10-16,2025-10-15;2025-10-16;2025-10-17;2025-10-18;2025-10-19;2025-10-20;2025-10-21,2025-10-21,4,10291.751803561334,36608.731534120874,-0.4211205160046231,0.7992968171747634,1.0,10
2025-10-22,2025-10-23,2025-10-21,2025-09-25;2025-10-02;2025-10-09;2025-10-16,2025-10-15;2025-10-16;2025-10-17;2025-10-18;2025-10-19;2025-10-20;2025-10-21,2025-10-21,4,10800.0,36395.008988743764,-0.40499289993776433,0.7992968171747634,1.0,10
2025-10-23,2025-10-24,2025-10-22,2025-09-26;2025-10-03;2025-10-10;2025-10-17,2025-10-16;2025-10-17;2025-10-18;2025-10-19;2025-10-20;2025-10-21;2025-10-22,2025-10-22,4,1200.0,15258.45451315865,-0.45030833880797727,0.671466013398458,1.0,9
2025-10-23,2025-10-24,2025-10-22,2025-09-26;2025-10-03;2025-10-10;2025-10-17,2025-10-16;2025-10-17;2025-10-18;2025-10-19;2025-10-20;2025-10-21;2025-10-22,2025-10-22,4,3516.2652401886608,14215.745034684707,-0.4499921110419604,0.671466013398458,1.0,9
2025-10-23,2025-10-24,2025-10-22,2025-09-26;2025-10-03;2025-10-10;2025-10-17,2025-10-16;2025-10-17;2025-10-18;2025-10-19;2025-10-20;2025-10-21;2025-10-22,2025-10-22,4,5093.879976475371,13509.497859687599,-0.44746228891382567,0.671466013398458,1.0,9
2025-10-23,2025-10-24,2025-10-22,2025-09-26;2025-10-03;2025-10-10;2025-10-17,2025-10-16;2025-10-17;2025-10-18;2025-10-19;2025-10-20;2025-10-21;2025-10-22,2025-10-22,4,5241.0150296005595,13446.672143018324,-0.4211205160046231,0.671466013398458,1.0,9
2025-10-23,2025-10-24,2025-10-22,2025-09-26;2025-10-03;2025-10-10;2025-10-17,2025-10-16;2025-10-17;2025-10-18;2025-10-19;2025-10-20;2025-10-21;2025-10-22,2025-10-22,4,5962.51047390546,13143.44445720302,-0.41950775439793714,0.671466013398458,1.0,9
2025-10-23,2025-10-24,2025-10-22,2025-09-26;2025-10-03;2025-10-10;2025-10-17,2025-10-16;2025-10-17;2025-10-18;2025-10-19;2025-10-20;2025-10-21;2025-10-22,2025-10-22,4,6616.3658749503975,12870.213012809776,-0.4169463094932008,0.671466013398458,1.0,9
2025-10-23,2025-10-24,2025-10-22,2025-09-26;2025-10-03;2025-10-10;2025-10-17,2025-10-16;2025-10-17;2025-10-18;2025-10-19;2025-10-20;2025-10-21;2025-10-22,2025-10-22,4,8415.67686466073,12120.960852893606,-0.41533354788651494,0.671466013398458,1.0,9
2025-10-23,2025-10-24,2025-10-22,2025-09-26;2025-10-03;2025-10-10;2025-10-17,2025-10-16;2025-10-17;2025-10-18;2025-10-19;2025-10-20;2025-10-21;2025-10-22,2025-10-22,4,10258.594044771628,11357.01928779087,-0.4140053912692442,0.671466013398458,1.0,9
2025-10-23,2025-10-24,2025-10-22,2025-09-26;2025-10-03;2025-10-10;2025-10-17,2025-10-16;2025-10-17;2025-10-18;2025-10-19;2025-10-20;2025-10-21;2025-10-22,2025-10-22,4,10800.0,11133.412459072224,-0.4030006650118583,0.671466013398458,1.0,9
2025-10-24,2025-10-25,2025-10-23,2025-09-27;2025-10-04;2025-10-11;2025-10-18,2025-10-17;2025-10-18;2025-10-19;2025-10-20;2025-10-21;2025-10-22;2025-10-23,2025-10-23,4,1200.0,15559.235247586766,-0.45104620359534986,0.8059705278610636,1.0,11
2025-10-24,2025-10-25,2025-10-23,2025-09-27;2025-10-04;2025-10-11;2025-10-18,2025-10-17;2025-10-18;2025-10-19;2025-10-20;2025-10-21;2025-10-22;2025-10-23,2025-10-23,4,3401.1788323334836,14567.946009475363,-0.4499921110419604,0.8059705278610636,1.0,11
2025-10-24,2025-10-25,2025-10-23,2025-09-27;2025-10-04;2025-10-11;2025-10-18,2025-10-17;2025-10-18;2025-10-19;2025-10-20;2025-10-21;2025-10-22;2025-10-23,2025-10-23,4,4011.544924829188,14293.504833004787,-0.44777851667984253,0.8059705278610636,1.0,11
2025-10-24,2025-10-25,2025-10-23,2025-09-27;2025-10-04;2025-10-11;2025-10-18,2025-10-17;2025-10-18;2025-10-19;2025-10-20;2025-10-21;2025-10-22;2025-10-23,2025-10-23,4,5350.948516876972,13693.953485927686,-0.44746228891382567,0.8059705278610636,1.0,11
2025-10-24,2025-10-25,2025-10-23,2025-09-27;2025-10-04;2025-10-11;2025-10-18,2025-10-17;2025-10-18;2025-10-19;2025-10-20;2025-10-21;2025-10-22;2025-10-23,2025-10-23,4,5493.862578033808,13630.004833004477,-0.4211205160046231,0.8059705278610636,1.0,11
2025-10-24,2025-10-25,2025-10-23,2025-09-27;2025-10-04;2025-10-11;2025-10-18,2025-10-17;2025-10-18;2025-10-19;2025-10-20;2025-10-21;2025-10-22;2025-10-23,2025-10-23,4,5584.289485812132,13591.924206940168,-0.4211205160046231,0.8059705278610636,1.0,11
2025-10-24,2025-10-25,2025-10-23,2025-09-27;2025-10-04;2025-10-11;2025-10-18,2025-10-17;2025-10-18;2025-10-19;2025-10-20;2025-10-21;2025-10-22;2025-10-23,2025-10-23,4,6245.040487385312,13314.06641040927,-0.41950775439793714,0.8059705278610636,1.0,11
2025-10-24,2025-10-25,2025-10-23,2025-09-27;2025-10-04;2025-10-11;2025-10-18,2025-10-17;2025-10-18;2025-10-19;2025-10-20;2025-10-21;2025-10-22;2025-10-23,2025-10-23,4,6816.193342827181,13075.203223069353,-0.4175155194720311,0.8059705278610636,1.0,11
2025-10-24,2025-10-25,2025-10-23,2025-09-27;2025-10-04;2025-10-11;2025-10-18,2025-10-17;2025-10-18;2025-10-19;2025-10-20;2025-10-21;2025-10-22;2025-10-23,2025-10-23,4,8350.491728177205,12435.96169436807,-0.41533354788651494,0.8059705278610636,1.0,11
2025-10-24,2025-10-25,2025-10-23,2025-09-27;2025-10-04;2025-10-11;2025-10-18,2025-10-17;2025-10-18;2025-10-19;2025-10-20;2025-10-21;2025-10-22;2025-10-23,2025-10-23,4,10201.047221801504,11668.469884481463,-0.4140053912692442,0.8059705278610636,1.0,11
2025-10-24,2025-10-25,2025-10-23,2025-09-27;2025-10-04;2025-10-11;2025-10-18,2025-10-17;2025-10-18;2025-10-19;2025-10-20;2025-10-21;2025-10-22;2025-10-23,2025-10-23,4,10800.0,11420.595829527774,-0.4030006650118583,0.8059705278610636,1.0,11
2025-10-25,2025-10-26,2025-10-24,2025-09-28;2025-10-05;2025-10-12;2025-10-19,2025-10-18;2025-10-19;2025-10-20;2025-10-21;2025-10-22;2025-10-23;2025-10-24,2025-10-24,4,1200.0,41417.78156691187,-0.4544192997661961,0.993511137967289,1.0,10
2025-10-25,2025-10-26,2025-10-24,2025-09-28;2025-10-05;2025-10-12;2025-10-19,2025-10-18;2025-10-19;2025-10-20;2025-10-21;2025-10-22;2025-10-23;2025-10-24,2025-10-24,4,2958.0079027514803,40619.5967519815,-0.4534706164681456,0.993511137967289,1.0,10
2025-10-25,2025-10-26,2025-10-24,2025-09-28;2025-10-05;2025-10-12;2025-10-19,2025-10-18;2025-10-19;2025-10-20;2025-10-21;2025-10-22;2025-10-23;2025-10-24,2025-10-24,4,3803.975530419434,40236.089940488484,-0.45252193317009515,0.993511137967289,1.0,10
2025-10-25,2025-10-26,2025-10-24,2025-09-28;2025-10-05;2025-10-12;2025-10-19,2025-10-18;2025-10-19;2025-10-20;2025-10-21;2025-10-22;2025-10-23;2025-10-24,2025-10-24,4,5937.522099190548,39272.15674973227,-0.45104620359534986,0.993511137967289,1.0,10
2025-10-25,2025-10-26,2025-10-24,2025-09-28;2025-10-05;2025-10-12;2025-10-19,2025-10-18;2025-10-19;2025-10-20;2025-10-21;2025-10-22;2025-10-23;2025-10-24,2025-10-24,4,7945.5659286221535,38367.94719334697,-0.4499921110419604,0.993511137967289,1.0,10
2025-10-25,2025-10-26,2025-10-24,2025-09-28;2025-10-05;2025-10-12;2025-10-19,2025-10-18;2025-10-19;2025-10-20;2025-10-21;2025-10-22;2025-10-23;2025-10-24,2025-10-24,4,9689.542724837158,37586.07235476711,-0.44746228891382567,0.993511137967289,1.0,10
2025-10-25,2025-10-26,2025-10-24,2025-09-28;2025-10-05;2025-10-12;2025-10-19,2025-10-18;2025-10-19;2025-10-20;2025-10-21;2025-10-22;2025-10-23;2025-10-24,2025-10-24,4,10008.923619323794,37443.217218168575,-0.444131356445115,0.993511137967289,1.0,10
2025-10-25,2025-10-26,2025-10-24,2025-09-28;2025-10-05;2025-10-12;2025-10-19,2025-10-18;2025-10-19;2025-10-20;2025-10-21;2025-10-22;2025-10-23;2025-10-24,2025-10-24,4,10276.629878210028,37330.424850804935,-0.4211205160046231,0.993511137967289,1.0,10
2025-10-25,2025-10-26,2025-10-24,2025-09-28;2025-10-05;2025-10-12;2025-10-19,2025-10-18;2025-10-19;2025-10-20;2025-10-21;2025-10-22;2025-10-23;2025-10-24,2025-10-24,4,10665.808436067326,37167.104155074456,-0.41106447304528765,0.993511137967289,1.0,10
2025-10-25,2025-10-26,2025-10-24,2025-09-28;2025-10-05;2025-10-12;2025-10-19,2025-10-18;2025-10-19;2025-10-20;2025-10-21;2025-10-22;2025-10-23;2025-10-24,2025-10-24,4,10800.0,37112.45448619829,-0.4030006650118583,0.993511137967289,1.0,10
2025-10-26,2025-10-27,2025-10-25,2025-09-29;2025-10-06;2025-10-13;2025-10-20,2025-10-19;2025-10-20;2025-10-21;2025-10-22;2025-10-23;2025-10-24;2025-10-25,2025-10-25,4,1200.0,42601.75104870214,-0.4544192997661961,0.998879930608382,1.0,9
2025-10-26,2025-10-27,2025-10-25,2025-09-29;2025-10-06;2025-10-13;2025-10-20,2025-10-19;2025-10-20;2025-10-21;2025-10-22;2025-10-23;2025-10-24;2025-10-25,2025-10-25,4,2850.3853265227904,41852.492437612585,-0.4534706164681456,0.998879930608382,1.0,9
2025-10-26,2025-10-27,2025-10-25,2025-09-29;2025-10-06;2025-10-13;2025-10-20,2025-10-19;2025-10-20;2025-10-21;2025-10-22;2025-10-23;2025-10-24;2025-10-25,2025-10-25,4,3709.580558841014,41462.97941678008,-0.4525219331700951,0.998879930608382,1.0,9
2025-10-26,2025-10-27,2025-10-25,2025-09-29;2025-10-06;2025-10-13;2025-10-20,2025-10-19;2025-10-20;2025-10-21;2025-10-22;2025-10-23;2025-10-24;2025-10-25,2025-10-25,4,5876.908642692508,40483.78410427995,-0.45104620359534986,0.998879930608382,1.0,9
2025-10-26,2025-10-27,2025-10-25,2025-09-29;2025-10-06;2025-10-13;2025-10-20,2025-10-19;2025-10-20;2025-10-21;2025-10-22;2025-10-23;2025-10-24;2025-10-25,2025-10-25,4,7916.746839258588,39565.2669474171,-0.4499921110419604,0.998879930608382,1.0,9
2025-10-26,2025-10-27,2025-10-25,2025-09-29;2025-10-06;2025-10-13;2025-10-20,2025-10-19;2025-10-20;2025-10-21;2025-10-22;2025-10-23;2025-10-24;2025-10-25,2025-10-25,4,9645.308576931748,38790.25663810194,-0.44746228891382567,0.998879930608382,1.0,9
2025-10-26,2025-10-27,2025-10-25,2025-09-29;2025-10-06;2025-10-13;2025-10-20,2025-10-19;2025-10-20;2025-10-21;2025-10-22;2025-10-23;2025-10-24;2025-10-25,2025-10-25,4,10009.430584957972,38627.325770946634,-0.4211205160046231,0.998879930608382,1.0,9
2025-10-26,2025-10-27,2025-10-25,2025-09-29;2025-10-06;2025-10-13;2025-10-20,2025-10-19;2025-10-20;2025-10-21;2025-10-22;2025-10-23;2025-10-24;2025-10-25,2025-10-25,4,10285.500071551542,38511.067246299215,-0.4211205160046231,0.998879930608382,1.0,9
2025-10-26,2025-10-27,2025-10-25,2025-09-29;2025-10-06;2025-10-13;2025-10-20,2025-10-19;2025-10-20;2025-10-21;2025-10-22;2025-10-23;2025-10-24;2025-10-25,2025-10-25,4,10800.0,38294.645312553745,-0.4065107932146451,0.998879930608382,1.0,9
2025-10-27,2025-10-28,2025-10-26,2025-09-30;2025-10-07;2025-10-14;2025-10-21,2025-10-20;2025-10-21;2025-10-22;2025-10-23;2025-10-24;2025-10-25;2025-10-26,2025-10-26,4,1200.0,41841.691798331274,-0.4544192997661961,0.9935110397927929,1.0,10
2025-10-27,2025-10-28,2025-10-26,2025-09-30;2025-10-07;2025-10-14;2025-10-21,2025-10-20;2025-10-21;2025-10-22;2025-10-23;2025-10-24;2025-10-25;2025-10-26,2025-10-26,4,2958.007902755315,41043.50698339916,-0.4534706164681456,0.9935110397927929,1.0,10
2025-10-27,2025-10-28,2025-10-26,2025-09-30;2025-10-07;2025-10-14;2025-10-21,2025-10-20;2025-10-21;2025-10-22;2025-10-23;2025-10-24;2025-10-25;2025-10-26,2025-10-26,4,3803.975530419434,40660.00017190788,-0.45252193317009515,0.9935110397927929,1.0,10
2025-10-27,2025-10-28,2025-10-26,2025-09-30;2025-10-07;2025-10-14;2025-10-21,2025-10-20;2025-10-21;2025-10-22;2025-10-23;2025-10-24;2025-10-25;2025-10-26,2025-10-26,4,5937.520930080793,39696.06750847419,-0.45104620359534986,0.9935110397927929,1.0,10
2025-10-27,2025-10-28,2025-10-26,2025-09-30;2025-10-07;2025-10-14;2025-10-21,2025-10-20;2025-10-21;2025-10-22;2025-10-23;2025-10-24;2025-10-25;2025-10-26,2025-10-26,4,7945.563659173805,38791.85844600022,-0.4499921110419604,0.9935110397927929,1.0,10
2025-10-27,2025-10-28,2025-10-26,2025-09-30;2025-10-07;2025-10-14;2025-10-21,2025-10-20;2025-10-21;2025-10-22;2025-10-23;2025-10-24;2025-10-25;2025-10-26,2025-10-26,4,9689.542664447086,38009.9826213423,-0.44746228891382567,0.9935110397927929,1.0,10
2025-10-27,2025-10-28,2025-10-26,2025-09-30;2025-10-07;2025-10-14;2025-10-21,2025-10-20;2025-10-21;2025-10-22;2025-10-23;2025-10-24;2025-10-25;2025-10-26,2025-10-26,4,10008.923333208146,37867.12761722204,-0.444131356445115,0.9935110397927929,1.0,10
2025-10-27,2025-10-28,2025-10-26,2025-09-30;2025-10-07;2025-10-14;2025-10-21,2025-10-20;2025-10-21;2025-10-22;2025-10-23;2025-10-24;2025-10-25;2025-10-26,2025-10-26,4,10276.629991303833,37754.33505026852,-0.4211205160046231,0.9935110397927929,1.0,10
2025-10-27,2025-10-28,2025-10-26,2025-09-30;2025-10-07;2025-10-14;2025-10-21,2025-10-20;2025-10-21;2025-10-22;2025-10-23;2025-10-24;2025-10-25;2025-10-26,2025-10-26,4,10665.809129512745,37591.014101443085,-0.41106447304528765,0.9935110397927929,1.0,10
2025-10-27,2025-10-28,2025-10-26,2025-09-30;2025-10-07;2025-10-14;2025-10-21,2025-10-20;2025-10-21;2025-10-22;2025-10-23;2025-10-24;2025-10-25;2025-10-26,2025-10-26,4,10800.0,37536.364720722864,-0.4030006650118583,0.9935110397927929,1.0,10
2025-10-28,2025-10-29,2025-10-27,2025-10-01;2025-10-08;2025-10-15;2025-10-22,2025-10-21;2025-10-22;2025-10-23;2025-10-24;2025-10-25;2025-10-26;2025-10-27,2025-10-27,4,1200.0,41507.964120468896,-0.4544192997661961,0.7992968171674875,1.0,10
2025-10-28,2025-10-29,2025-10-27,2025-10-01;2025-10-08;2025-10-15;2025-10-22,2025-10-21;2025-10-22;2025-10-23;2025-10-24;2025-10-25;2025-10-26;2025-10-27,2025-10-27,4,2833.3134244173416,40766.46331117977,-0.4534706164681456,0.7992968171674875,1.0,10
2025-10-28,2025-10-29,2025-10-27,2025-10-01;2025-10-08;2025-10-15;2025-10-22,2025-10-21;2025-10-22;2025-10-23;2025-10-24;2025-10-25;2025-10-26;2025-10-27,2025-10-27,4,3692.508656736284,40376.95029034694,-0.4525219331700951,0.7992968171674875,1.0,10
2025-10-28,2025-10-29,2025-10-27,2025-10-01;2025-10-08;2025-10-15;2025-10-22,2025-10-21;2025-10-22;2025-10-23;2025-10-24;2025-10-25;2025-10-26;2025-10-27,2025-10-27,4,5859.8367405881045,39397.754977846664,-0.45104620359534986,0.7992968171674875,1.0,10
2025-10-28,2025-10-29,2025-10-27,2025-10-01;2025-10-08;2025-10-15;2025-10-22,2025-10-21;2025-10-22;2025-10-23;2025-10-24;2025-10-25;2025-10-26;2025-10-27,2025-10-27,4,7899.674937154493,38479.23782098367,-0.4499921110419604,0.7992968171674875,1.0,10
2025-10-28,2025-10-29,2025-10-27,2025-10-01;2025-10-08;2025-10-15;2025-10-22,2025-10-21;2025-10-22;2025-10-23;2025-10-24;2025-10-25;2025-10-26;2025-10-27,2025-10-27,4,8510.041029650338,38204.79664451303,-0.44777851667984253,0.7992968171674875,1.0,10
2025-10-28,2025-10-29,2025-10-27,2025-10-01;2025-10-08;2025-10-15;2025-10-22,2025-10-21;2025-10-22;2025-10-23;2025-10-24;2025-10-25;2025-10-26;2025-10-27,2025-10-27,4,9711.725632901384,37666.86935138982,-0.44746228891382567,0.7992968171674875,1.0,10
2025-10-28,2025-10-29,2025-10-27,2025-10-01;2025-10-08;2025-10-15;2025-10-22,2025-10-21;2025-10-22;2025-10-23;2025-10-24;2025-10-25;2025-10-26;2025-10-27,2025-10-27,4,9992.358682852939,37541.296644513626,-0.4211205160046231,0.7992968171674875,1.0,10
2025-10-28,2025-10-29,2025-10-27,2025-10-01;2025-10-08;2025-10-15;2025-10-22,2025-10-21;2025-10-22;2025-10-23;2025-10-24;2025-10-25;2025-10-26;2025-10-27,2025-10-27,4,10314.439399835182,37405.661846782925,-0.4211205160046231,0.7992968171674875,1.0,10
2025-10-28,2025-10-29,2025-10-27,2025-10-01;2025-10-08;2025-10-15;2025-10-22,2025-10-21;2025-10-22;2025-10-23;2025-10-24;2025-10-25;2025-10-26;2025-10-27,2025-10-27,4,10800.0,37201.49642490777,-0.4030006650118583,0.7992968171674875,1.0,10
2025-10-29,2025-10-30,2025-10-28,2025-10-02;2025-10-09;2025-10-16;2025-10-23,2025-10-22;2025-10-23;2025-10-24;2025-10-25;2025-10-26;2025-10-27;2025-10-28,2025-10-28,4,1200.0,41604.2280906215,-0.4544192997661961,0.7992968171674875,1.0,10
2025-10-29,2025-10-30,2025-10-28,2025-10-02;2025-10-09;2025-10-16;2025-10-23,2025-10-22;2025-10-23;2025-10-24;2025-10-25;2025-10-26;2025-10-27;2025-10-28,2025-10-28,4,2833.3134244173416,40862.72728133238,-0.4534706164681456,0.7992968171674875,1.0,10
2025-10-29,2025-10-30,2025-10-28,2025-10-02;2025-10-09;2025-10-16;2025-10-23,2025-10-22;2025-10-23;2025-10-24;2025-10-25;2025-10-26;2025-10-27;2025-10-28,2025-10-28,4,3692.508656736284,40473.214260499546,-0.4525219331700951,0.7992968171674875,1.0,10
2025-10-29,2025-10-30,2025-10-28,2025-10-02;2025-10-09;2025-10-16;2025-10-23,2025-10-22;2025-10-23;2025-10-24;2025-10-25;2025-10-26;2025-10-27;2025-10-28,2025-10-28,4,5859.8367405881045,39494.01894799927,-0.45104620359534986,0.7992968171674875,1.0,10
2025-10-29,2025-10-30,2025-10-28,2025-10-02;2025-10-09;2025-10-16;2025-10-23,2025-10-22;2025-10-23;2025-10-24;2025-10-25;2025-10-26;2025-10-27;2025-10-28,2025-10-28,4,7899.674937154493,38575.50179113627,-0.4499921110419604,0.7992968171674875,1.0,10
2025-10-29,2025-10-30,2025-10-28,2025-10-02;2025-10-09;2025-10-16;2025-10-23,2025-10-22;2025-10-23;2025-10-24;2025-10-25;2025-10-26;2025-10-27;2025-10-28,2025-10-28,4,8510.04102964746,38301.06061466693,-0.44777851667984253,0.7992968171674875,1.0,10
2025-10-29,2025-10-30,2025-10-28,2025-10-02;2025-10-09;2025-10-16;2025-10-23,2025-10-22;2025-10-23;2025-10-24;2025-10-25;2025-10-26;2025-10-27;2025-10-28,2025-10-28,4,9711.74063668687,37763.12660791422,-0.44746228891382567,0.7992968171674875,1.0,10
2025-10-29,2025-10-30,2025-10-28,2025-10-02;2025-10-09;2025-10-16;2025-10-23,2025-10-22;2025-10-23;2025-10-24;2025-10-25;2025-10-26;2025-10-27;2025-10-28,2025-10-28,4,9992.358682853215,37637.56061466611,-0.4211205160046231,0.7992968171674875,1.0,10
2025-10-29,2025-10-30,2025-10-28,2025-10-02;2025-10-09;2025-10-16;2025-10-23,2025-10-22;2025-10-23;2025-10-24;2025-10-25;2025-10-26;2025-10-27;2025-10-28,2025-10-28,4,10314.45675129692,37501.918509879004,-0.4211205160046231,0.7992968171674875,1.0,10
2025-10-29,2025-10-30,2025-10-28,2025-10-02;2025-10-09;2025-10-16;2025-10-23,2025-10-22;2025-10-23;2025-10-24;2025-10-25;2025-10-26;2025-10-27;2025-10-28,2025-10-28,4,10800.0,37297.75962358621,-0.4030006650118583,0.7992968171674875,1.0,10
2025-10-30,2025-10-31,2025-10-29,2025-10-03;2025-10-10;2025-10-17;2025-10-24,2025-10-23;2025-10-24;2025-10-25;2025-10-26;2025-10-27;2025-10-28;2025-10-29,2025-10-29,4,1200.0,16413.66739884529,-0.45104620359534986,0.7416901248670911,1.0,11
2025-10-30,2025-10-31,2025-10-29,2025-10-03;2025-10-10;2025-10-17;2025-10-24,2025-10-23;2025-10-24;2025-10-25;2025-10-26;2025-10-27;2025-10-28;2025-10-29,2025-10-29,4,3818.295818861931,15234.239127505098,-0.4499921110419604,0.7416901248670911,1.0,11
2025-10-30,2025-10-31,2025-10-29,2025-10-03;2025-10-10;2025-10-17;2025-10-24,2025-10-23;2025-10-24;2025-10-25;2025-10-26;2025-10-27;2025-10-28;2025-10-29,2025-10-29,4,4428.661911358309,14959.79795103422,-0.44777851667984253,0.7416901248670911,1.0,11
2025-10-30,2025-10-31,2025-10-29,2025-10-03;2025-10-10;2025-10-17;2025-10-24,2025-10-23;2025-10-24;2025-10-25;2025-10-26;2025-10-27;2025-10-28;2025-10-29,2025-10-29,4,5766.266690537059,14361.051504880825,-0.44746228891382567,0.7416901248670911,1.0,11
2025-10-30,2025-10-31,2025-10-29,2025-10-03;2025-10-10;2025-10-17;2025-10-24,2025-10-23;2025-10-24;2025-10-25;2025-10-26;2025-10-27;2025-10-28;2025-10-29,2025-10-29,4,5910.979564561834,14296.2979510344,-0.4211205160046231,0.7416901248670911,1.0,11
2025-10-30,2025-10-31,2025-10-29,2025-10-03;2025-10-10;2025-10-17;2025-10-24,2025-10-23;2025-10-24;2025-10-25;2025-10-26;2025-10-27;2025-10-28;2025-10-29,2025-10-29,4,5999.392384436936,14259.065498707172,-0.4211205160046231,0.7416901248670911,1.0,11
2025-10-30,2025-10-31,2025-10-29,2025-10-03;2025-10-10;2025-10-17;2025-10-24,2025-10-23;2025-10-24;2025-10-25;2025-10-26;2025-10-27;2025-10-28;2025-10-29,2025-10-29,4,6645.426410366396,13987.449145830029,-0.41950775439793714,0.7416901248670911,1.0,11
2025-10-30,2025-10-31,2025-10-29,2025-10-03;2025-10-10;2025-10-17;2025-10-24,2025-10-23;2025-10-24;2025-10-25;2025-10-26;2025-10-27;2025-10-28;2025-10-29,2025-10-29,4,7143.970553927977,13778.857399272361,-0.4175155194720311,0.7416901248670911,1.0,11
2025-10-30,2025-10-31,2025-10-29,2025-10-03;2025-10-10;2025-10-17;2025-10-24,2025-10-23;2025-10-24;2025-10-25;2025-10-26;2025-10-27;2025-10-28;2025-10-29,2025-10-29,4,8685.788707553264,13136.210627218123,-0.4163770995143705,0.7416901248670911,1.0,11
2025-10-30,2025-10-31,2025-10-29,2025-10-03;2025-10-10;2025-10-17;2025-10-24,2025-10-23;2025-10-24;2025-10-25;2025-10-26;2025-10-27;2025-10-28;2025-10-29,2025-10-29,4,10326.596544811444,12455.354119171223,-0.4142899962586593,0.7416901248670911,1.0,11
2025-10-30,2025-10-31,2025-10-29,2025-10-03;2025-10-10;2025-10-17;2025-10-24,2025-10-23;2025-10-24;2025-10-25;2025-10-26;2025-10-27;2025-10-28;2025-10-29,2025-10-29,4,10800.0,12259.279748143563,-0.4030006650118583,0.7416901248670911,1.0,11
2025-10-31,2025-11-01,2025-10-30,2025-10-04;2025-10-11;2025-10-18;2025-10-25,2025-10-24;2025-10-25;2025-10-26;2025-10-27;2025-10-28;2025-10-29;2025-10-30,2025-10-30,4,1200.0,16585.821723227156,-0.45167865912738353,0.8284626301629032,1.0,10
2025-10-31,2025-11-01,2025-10-30,2025-10-04;2025-10-11;2025-10-18;2025-10-25,2025-10-24;2025-10-25;2025-10-26;2025-10-27;2025-10-28;2025-10-29;2025-10-30,2025-10-30,4,3438.9245193272586,15577.087521074252,-0.45020292955263824,0.8284626301629032,1.0,10
2025-10-31,2025-11-01,2025-10-30,2025-10-04;2025-10-11;2025-10-18;2025-10-25,2025-10-24;2025-10-25;2025-10-26;2025-10-27;2025-10-28;2025-10-29;2025-10-30,2025-10-30,4,4365.796356619502,15160.05233148641,-0.44811582629692714,0.8284626301629032,1.0,10
2025-10-31,2025-11-01,2025-10-30,2025-10-04;2025-10-11;2025-10-18;2025-10-25,2025-10-24;2025-10-25;2025-10-26;2025-10-27;2025-10-28;2025-10-29;2025-10-30,2025-10-30,4,5793.379300759607,14521.017572806177,-0.44746228891382567,0.8284626301629032,1.0,10
2025-10-31,2025-11-01,2025-10-30,2025-10-04;2025-10-11;2025-10-18;2025-10-25,2025-10-24;2025-10-25;2025-10-26;2025-10-27;2025-10-28;2025-10-29;2025-10-30,2025-10-30,4,6031.633087546041,14414.658971389093,-0.44185451652979374,0.8284626301629032,1.0,10
2025-10-31,2025-11-01,2025-10-30,2025-10-04;2025-10-11;2025-10-18;2025-10-25,2025-10-24;2025-10-25;2025-10-26;2025-10-27;2025-10-28;2025-10-29;2025-10-30,2025-10-30,4,6124.875926093272,14375.141515745589,-0.4211205160046231,0.8284626301629032,1.0,10
2025-10-31,2025-11-01,2025-10-30,2025-10-04;2025-10-11;2025-10-18;2025-10-25,2025-10-24;2025-10-25;2025-10-26;2025-10-27;2025-10-28;2025-10-29;2025-10-30,2025-10-30,4,7152.979047735786,13943.436325163779,-0.4175155194720311,0.8284626301629032,1.0,10
2025-10-31,2025-11-01,2025-10-30,2025-10-04;2025-10-11;2025-10-18;2025-10-25,2025-10-24;2025-10-25;2025-10-26;2025-10-27;2025-10-28;2025-10-29;2025-10-30,2025-10-30,4,8858.621077465179,13232.410031894813,-0.41637709951437046,0.8284626301629032,1.0,10
2025-10-31,2025-11-01,2025-10-30,2025-10-04;2025-10-11;2025-10-18;2025-10-25,2025-10-24;2025-10-25;2025-10-26;2025-10-27;2025-10-28;2025-10-29;2025-10-30,2025-10-30,4,10353.024639565709,12612.187860936425,-0.4142899962586593,0.8284626301629032,1.0,10
2025-10-31,2025-11-01,2025-10-30,2025-10-04;2025-10-11;2025-10-18;2025-10-25,2025-10-24;2025-10-25;2025-10-26;2025-10-27;2025-10-28;2025-10-29;2025-10-30,2025-10-30,4,10800.0,12427.236260057787,-0.4030006650118582,0.8284626301629032,1.0,10
2025-11-01,2025-11-02,2025-10-31,2025-10-05;2025-10-12;2025-10-19;2025-10-26,2025-10-25;2025-10-26;2025-10-27;2025-10-28;2025-10-29;2025-10-30;2025-10-31,2025-10-31,4,1200.0,43683.21214567198,-0.45441929976619616,0.7972879789158469,1.0,10
2025-11-01,2025-11-02,2025-10-31,2025-10-05;2025-10-12;2025-10-19;2025-10-26,2025-10-25;2025-10-26;2025-10-27;2025-10-28;2025-10-29;2025-10-30;2025-10-31,2025-10-31,4,2727.616956402885,42989.70211947455,-0.4534706164681457,0.7972879789158469,1.0,10
2025-11-01,2025-11-02,2025-10-31,2025-10-05;2025-10-12;2025-10-19;2025-10-26,2025-10-25;2025-10-26;2025-10-27;2025-10-28;2025-10-29;2025-10-30;2025-10-31,2025-10-31,4,3576.337085457544,42604.96904451223,-0.45252193317009515,0.7972879789158469,1.0,10
2025-11-01,2025-11-02,2025-10-31,2025-10-05;2025-10-12;2025-10-19;2025-10-26,2025-10-25;2025-10-26;2025-10-27;2025-10-28;2025-10-29;2025-10-30;2025-10-31,2025-10-31,4,5737.611992943589,41628.523869342454,-0.45104620359534986,0.7972879789158469,1.0,10
2025-11-01,2025-11-02,2025-10-31,2025-10-05;2025-10-12;2025-10-19;2025-10-26,2025-10-25;2025-10-26;2025-10-27;2025-10-28;2025-10-29;2025-10-30;2025-10-31,2025-10-31,4,7771.753082342253,40712.58272267693,-0.4499921110419604,0.7972879789158469,1.0,10
2025-11-01,2025-11-02,2025-10-31,2025-10-05;2025-10-12;2025-10-19;2025-10-26,2025-10-25;2025-10-26;2025-10-27;2025-10-28;2025-10-29;2025-10-30;2025-10-31,2025-10-31,4,8384.62988020568,40437.023630685624,-0.4477785166798426,0.7972879789158469,1.0,10
2025-11-01,2025-11-02,2025-10-31,2025-10-05;2025-10-12;2025-10-19;2025-10-26,2025-10-25;2025-10-26;2025-10-27;2025-10-28;2025-10-29;2025-10-30;2025-10-31,2025-10-31,4,9731.228746619438,39834.24078758347,-0.4474622889138257,0.7972879789158469,1.0,10
2025-11-01,2025-11-02,2025-10-31,2025-10-05;2025-10-12;2025-10-19;2025-10-26,2025-10-25;2025-10-26;2025-10-27;2025-10-28;2025-10-29;2025-10-30;2025-10-31,2025-10-31,4,10053.524596370995,39690.41192219721,-0.44072780871161527,0.7972879789158469,1.0,10
2025-11-01,2025-11-02,2025-10-31,2025-10-05;2025-10-12;2025-10-19;2025-10-26,2025-10-25;2025-10-26;2025-10-27;2025-10-28;2025-10-29;2025-10-30;2025-10-31,2025-10-31,4,10356.11899257156,39562.59684067812,-0.4211205160046231,0.7972879789158469,1.0,10
2025-11-01,2025-11-02,2025-10-31,2025-10-05;2025-10-12;2025-10-19;2025-10-26,2025-10-25;2025-10-26;2025-10-27;2025-10-28;2025-10-29;2025-10-30;2025-10-31,2025-10-31,4,10800.0,39375.74162663001,-0.4030006650118583,0.7972879789158469,1.0,10
2025-11-02,2025-11-03,2025-11-01,2025-10-06;2025-10-13;2025-10-20;2025-10-27,2025-10-26;2025-10-27;2025-10-28;2025-10-29;2025-10-30;2025-10-31;2025-11-01,2025-11-01,4,1200.0,44278.637617922475,-0.4544192997661961,0.9861923942371504,1.0,9
2025-11-02,2025-11-03,2025-11-01,2025-10-06;2025-10-13;2025-10-20;2025-10-27,2025-10-26;2025-10-27;2025-10-28;2025-10-29;2025-10-30;2025-10-31;2025-11-01,2025-11-01,4,3392.027400391632,43284.14554936805,-0.4525219331700951,0.9861923942371504,1.0,9
2025-11-02,2025-11-03,2025-11-01,2025-10-06;2025-10-13;2025-10-20;2025-10-27,2025-10-26;2025-10-27;2025-10-28;2025-10-29;2025-10-30;2025-10-31;2025-11-01,2025-11-01,4,5606.542886034681,42283.68925896579,-0.45104620359534986,0.9861923942371504,1.0,9
2025-11-02,2025-11-03,2025-11-01,2025-10-06;2025-10-13;2025-10-20;2025-10-27,2025-10-26;2025-10-27;2025-10-28;2025-10-29;2025-10-30;2025-10-31;2025-11-01,2025-11-01,4,7690.792754875165,41345.22214810759,-0.44999211104196035,0.9861923942371504,1.0,9
2025-11-02,2025-11-03,2025-11-01,2025-10-06;2025-10-13;2025-10-20;2025-10-27,2025-10-26;2025-10-27;2025-10-28;2025-10-29;2025-10-30;2025-10-31;2025-11-01,2025-11-01,4,8333.47818652172,41056.247352743594,-0.44777851667984253,0.9861923942371504,1.0,9
2025-11-02,2025-11-03,2025-11-01,2025-10-06;2025-10-13;2025-10-20;2025-10-27,2025-10-26;2025-10-27;2025-10-28;2025-10-29;2025-10-30;2025-10-31;2025-11-01,2025-11-01,4,9703.473670355994,40442.99745898695,-0.44746228891382567,0.9861923942371504,1.0,9
2025-11-02,2025-11-03,2025-11-01,2025-10-06;2025-10-13;2025-10-20;2025-10-27,2025-10-26;2025-10-27;2025-10-28;2025-10-29;2025-10-30;2025-10-31;2025-11-01,2025-11-01,4,10031.222992882638,40297.093639101724,-0.4374998594122079,0.9861923942371504,1.0,9
2025-11-02,2025-11-03,2025-11-01,2025-10-06;2025-10-13;2025-10-20;2025-10-27,2025-10-26;2025-10-27;2025-10-28;2025-10-29;2025-10-30;2025-10-31;2025-11-01,2025-11-01,4,10344.529696352216,40164.40211630641,-0.4211205160046231,0.9861923942371504,1.0,9
2025-11-02,2025-11-03,2025-11-01,2025-10-06;2025-10-13;2025-10-20;2025-10-27,2025-10-26;2025-10-27;2025-10-28;2025-10-29;2025-10-30;2025-10-31;2025-11-01,2025-11-01,4,10800.0,39972.594227009475,-0.4030006650118583,0.9861923942371504,1.0,9
2025-11-03,2025-11-04,2025-11-02,2025-10-07;2025-10-14;2025-10-21;2025-10-28,2025-10-27;2025-10-28;2025-10-29;2025-10-30;2025-10-31;2025-11-01;2025-11-02,2025-11-02,4,1200.0,44464.33499384156,-0.4544192997661961,0.9874248793494189,1.0,9
2025-11-03,2025-11-04,2025-11-02,2025-10-07;2025-10-14;2025-10-21;2025-10-28,2025-10-27;2025-10-28;2025-10-29;2025-10-30;2025-10-31;2025-11-01;2025-11-02,2025-11-02,4,3408.5765106057192,43462.30820141119,-0.4525219331700951,0.9874248793494189,1.0,9
2025-11-03,2025-11-04,2025-11-02,2025-10-07;2025-10-14;2025-10-21;2025-10-28,2025-10-27;2025-10-28;2025-10-29;2025-10-30;2025-10-31;2025-11-01;2025-11-02,2025-11-02,4,5602.367456469664,42471.21412479826,-0.45104620359534986,0.9874248793494189,1.0,9
2025-11-03,2025-11-04,2025-11-02,2025-10-07;2025-10-14;2025-10-21;2025-10-28,2025-10-27;2025-10-28;2025-10-29;2025-10-30;2025-10-31;2025-11-01;2025-11-02,2025-11-02,4,7667.111876106285,41541.54667000486,-0.4499921110419604,0.9874248793494189,1.0,9
2025-11-03,2025-11-04,2025-11-02,2025-10-07;2025-10-14;2025-10-21;2025-10-28,2025-10-27;2025-10-28;2025-10-29;2025-10-30;2025-10-31;2025-11-01;2025-11-02,2025-11-02,4,9222.526250094035,40843.92971693245,-0.44746228891382567,0.9874248793494189,1.0,9
2025-11-03,2025-11-04,2025-11-02,2025-10-07;2025-10-14;2025-10-21;2025-10-28,2025-10-27;2025-10-28;2025-10-29;2025-10-30;2025-10-31;2025-11-01;2025-11-02,2025-11-02,4,10003.33855811254,40495.074854345236,-0.44183669734615316,0.9874248793494189,1.0,9
2025-11-03,2025-11-04,2025-11-02,2025-10-07;2025-10-14;2025-10-21;2025-10-28,2025-10-27;2025-10-28;2025-10-29;2025-10-30;2025-10-31;2025-11-01;2025-11-02,2025-11-02,4,10097.832532965886,40454.238018925236,-0.4265630217347486,0.9874248793494189,1.0,9
2025-11-03,2025-11-04,2025-11-02,2025-10-07;2025-10-14;2025-10-21;2025-10-28,2025-10-27;2025-10-28;2025-10-29;2025-10-30;2025-10-31;2025-11-01;2025-11-02,2025-11-02,4,10348.637324225378,40348.3514872753,-0.4211205160046231,0.9874248793494189,1.0,9
2025-11-03,2025-11-04,2025-11-02,2025-10-07;2025-10-14;2025-10-21;2025-10-28,2025-10-27;2025-10-28;2025-10-29;2025-10-30;2025-10-31;2025-11-01;2025-11-02,2025-11-02,4,10800.0,40158.273404347856,-0.41868895036092935,0.9874248793494189,1.0,9
2025-11-04,2025-11-05,2025-11-03,2025-10-08;2025-10-15;2025-10-22;2025-10-29,2025-10-28;2025-10-29;2025-10-30;2025-10-31;2025-11-01;2025-11-02;2025-11-03,2025-11-03,4,1200.0,44670.20744671653,-0.4544192997661961,0.8660715956866625,1.0,10
2025-11-04,2025-11-05,2025-11-03,2025-10-08;2025-10-15;2025-10-22;2025-10-29,2025-10-28;2025-10-29;2025-10-30;2025-10-31;2025-11-01;2025-11-02;2025-11-03,2025-11-03,4,2610.1598825253805,44030.08259427263,-0.4534706164681456,0.8660715956866625,1.0,10
2025-11-04,2025-11-05,2025-11-03,2025-10-08;2025-10-15;2025-10-22;2025-10-29,2025-10-28;2025-10-29;2025-10-30;2025-10-31;2025-11-01;2025-11-02;2025-11-03,2025-11-03,4,4081.1294065693437,43363.7576076863,-0.45252193317009515,0.8660715956866625,1.0,10
2025-11-04,2025-11-05,2025-11-03,2025-10-08;2025-10-15;2025-10-22;2025-10-29,2025-10-28;2025-10-29;2025-10-30;2025-10-31;2025-11-01;2025-11-02;2025-11-03,2025-11-03,4,5184.356549602259,42865.526714731845,-0.45104620359534986,0.8660715956866625,1.0,10
2025-11-04,2025-11-05,2025-11-03,2025-10-08;2025-10-15;2025-10-22;2025-10-29,2025-10-28;2025-10-29;2025-10-30;2025-10-31;2025-11-01;2025-11-02;2025-11-03,2025-11-03,4,7785.540664396497,41694.010797170245,-0.4499921110419604,0.8660715956866625,1.0,10
2025-11-04,2025-11-05,2025-11-03,2025-10-08;2025-10-15;2025-10-22;2025-10-29,2025-10-28;2025-10-29;2025-10-30;2025-10-31;2025-11-01;2025-11-02;2025-11-03,2025-11-03,4,9314.312295223517,41008.88645844515,-0.44746228891382567,0.8660715956866625,1.0,10
2025-11-04,2025-11-05,2025-11-03,2025-10-08;2025-10-15;2025-10-22;2025-10-29,2025-10-28;2025-10-29;2025-10-30;2025-10-31;2025-11-01;2025-11-02;2025-11-03,2025-11-03,4,9659.374271055185,40854.502161046265,-0.43926446054146534,0.8660715956866625,1.0,10
2025-11-04,2025-11-05,2025-11-03,2025-10-08;2025-10-15;2025-10-22;2025-10-29,2025-10-28;2025-10-29;2025-10-30;2025-10-31;2025-11-01;2025-11-02;2025-11-03,2025-11-03,4,10085.394025476347,40668.62133653258,-0.4324674040511648,0.8660715956866625,1.0,10
2025-11-04,2025-11-05,2025-11-03,2025-10-08;2025-10-15;2025-10-22;2025-10-29,2025-10-28;2025-10-29;2025-10-30;2025-10-31;2025-11-01;2025-11-02;2025-11-03,2025-11-03,4,10442.459621832242,40516.99917525555,-0.4211205160046231,0.8660715956866625,1.0,10
2025-11-04,2025-11-05,2025-11-03,2025-10-08;2025-10-15;2025-10-22;2025-10-29,2025-10-28;2025-10-29;2025-10-30;2025-10-31;2025-11-01;2025-11-02;2025-11-03,2025-11-03,4,10800.0,40366.43158670906,-0.4030006650118583,0.8660715956866625,1.0,10
2025-11-05,2025-11-06,2025-11-04,2025-10-09;2025-10-16;2025-10-23;2025-10-30,2025-10-29;2025-10-30;2025-10-31;2025-11-01;2025-11-02;2025-11-03;2025-11-04,2025-11-04,2,1200.0,44240.90929146251,-0.4544192997661961,0.7992968171674875,1.0,10
2025-11-05,2025-11-06,2025-11-04,2025-10-09;2025-10-16;2025-10-23;2025-10-30,2025-10-29;2025-10-30;2025-10-31;2025-11-01;2025-11-02;2025-11-03;2025-11-04,2025-11-04,2,2850.385326515121,43491.650680376435,-0.4534706164681456,0.7992968171674875,1.0,10
2025-11-05,2025-11-06,2025-11-04,2025-10-09;2025-10-16;2025-10-23;2025-10-30,2025-10-29;2025-10-30;2025-10-31;2025-11-01;2025-11-02;2025-11-03;2025-11-04,2025-11-04,2,3709.580558838857,43102.13765954143,-0.4525219331700951,0.7992968171674875,1.0,10
2025-11-05,2025-11-06,2025-11-04,2025-10-09;2025-10-16;2025-10-23;2025-10-30,2025-10-29;2025-10-30;2025-10-31;2025-11-01;2025-11-02;2025-11-03;2025-11-04,2025-11-04,2,5876.908642691462,42122.94234704079,-0.45104620359534986,0.7992968171674875,1.0,10
2025-11-05,2025-11-06,2025-11-04,2025-10-09;2025-10-16;2025-10-23;2025-10-30,2025-10-29;2025-10-30;2025-10-31;2025-11-01;2025-11-02;2025-11-03;2025-11-04,2025-11-04,2,7916.746839258588,41204.42519017746,-0.4499921110419604,0.7992968171674875,1.0,10
2025-11-05,2025-11-06,2025-11-04,2025-10-09;2025-10-16;2025-10-23;2025-10-30,2025-10-29;2025-10-30;2025-10-31;2025-11-01;2025-11-02;2025-11-03;2025-11-04,2025-11-04,2,8527.11293175291,40929.98401370751,-0.44777851667984253,0.7992968171674875,1.0,10
2025-11-05,2025-11-06,2025-11-04,2025-10-09;2025-10-16;2025-10-23;2025-10-30,2025-10-29;2025-10-30;2025-10-31;2025-11-01;2025-11-02;2025-11-03;2025-11-04,2025-11-04,2,9674.326070020534,40416.430646986264,-0.44746228891382567,0.7992968171674875,1.0,10
2025-11-05,2025-11-06,2025-11-04,2025-10-09;2025-10-16;2025-10-23;2025-10-30,2025-10-29;2025-10-30;2025-10-31;2025-11-01;2025-11-02;2025-11-03;2025-11-04,2025-11-04,2,10009.430584957972,40266.484013707,-0.4211205160046231,0.7992968171674875,1.0,10
2025-11-05,2025-11-06,2025-11-04,2025-10-09;2025-10-16;2025-10-23;2025-10-30,2025-10-29;2025-10-30;2025-10-31;2025-11-01;2025-11-02;2025-11-03;2025-11-04,2025-11-04,2,10300.586815157263,40143.87215180752,-0.4211205160046231,0.7992968171674875,1.0,10
2025-11-05,2025-11-06,2025-11-04,2025-10-09;2025-10-16;2025-10-23;2025-10-30,2025-10-29;2025-10-30;2025-10-31;2025-11-01;2025-11-02;2025-11-03;2025-11-04,2025-11-04,2,10800.0,39933.8016510297,-0.4052775049271795,0.7992968171674875,1.0,10
2025-11-06,2025-11-07,2025-11-05,2025-10-10;2025-10-17;2025-10-24;2025-10-31,2025-10-30;2025-10-31;2025-11-01;2025-11-02;2025-11-03;2025-11-04;2025-11-05,2025-11-05,2,1200.0,17058.5093432109,-0.45167865912738353,0.8365054053319909,1.0,10
2025-11-06,2025-11-07,2025-11-05,2025-10-10;2025-10-17;2025-10-24;2025-10-31,2025-10-30;2025-10-31;2025-11-01;2025-11-02;2025-11-03;2025-11-04;2025-11-05,2025-11-05,2,3784.4869350220715,15893.726749867888,-0.45020292955263824,0.8365054053319909,1.0,10
2025-11-06,2025-11-07,2025-11-05,2025-10-10;2025-10-17;2025-10-24;2025-10-31,2025-10-30;2025-10-31;2025-11-01;2025-11-02;2025-11-03;2025-11-04;2025-11-05,2025-11-05,2,4724.048278283894,15470.973865252388,-0.44777851667984253,0.8365054053319909,1.0,10
2025-11-06,2025-11-07,2025-11-05,2025-10-10;2025-10-17;2025-10-24;2025-10-31,2025-10-30;2025-10-31;2025-11-01;2025-11-02;2025-11-03;2025-11-04;2025-11-05,2025-11-05,2,6046.708559909795,14878.892883565273,-0.44746228891382567,0.8365054053319909,1.0,10
2025-11-06,2025-11-07,2025-11-05,2025-10-10;2025-10-17;2025-10-24;2025-10-31,2025-10-30;2025-10-31;2025-11-01;2025-11-02;2025-11-03;2025-11-04;2025-11-05,2025-11-05,2,6274.780592405264,14776.839249867622,-0.4211205160046231,0.8365054053319909,1.0,10
2025-11-06,2025-11-07,2025-11-05,2025-10-10;2025-10-17;2025-10-24;2025-10-31,2025-10-30;2025-10-31;2025-11-01;2025-11-02;2025-11-03;2025-11-04;2025-11-05,2025-11-05,2,6365.21917235439,14738.753708412722,-0.4211205160046231,0.8365054053319909,1.0,10
2025-11-06,2025-11-07,2025-11-05,2025-10-10;2025-10-17;2025-10-24;2025-10-31,2025-10-30;2025-10-31;2025-11-01;2025-11-02;2025-11-03;2025-11-04;2025-11-05,2025-11-05,2,7349.308298948303,14325.498912980835,-0.4175155194720311,0.8365054053319909,1.0,10
2025-11-06,2025-11-07,2025-11-05,2025-10-10;2025-10-17;2025-10-24;2025-10-31,2025-10-30;2025-10-31;2025-11-01;2025-11-02;2025-11-03;2025-11-04;2025-11-05,2025-11-05,2,8872.771808382311,13690.290899076002,-0.4163770995143705,0.8365054053319909,1.0,10
2025-11-06,2025-11-07,2025-11-05,2025-10-10;2025-10-17;2025-10-24;2025-10-31,2025-10-30;2025-10-31;2025-11-01;2025-11-02;2025-11-03;2025-11-04;2025-11-05,2025-11-05,2,10415.194830701263,13049.833517913103,-0.41466946957787953,0.8365054053319909,1.0,10
2025-11-06,2025-11-07,2025-11-05,2025-10-10;2025-10-17;2025-10-24;2025-10-31,2025-10-30;2025-10-31;2025-11-01;2025-11-02;2025-11-03;2025-11-04;2025-11-05,2025-11-05,2,10800.0,12890.366965906302,-0.4030006650118583,0.8365054053319909,1.0,10
2025-11-07,2025-11-08,2025-11-06,2025-10-11;2025-10-18;2025-10-25;2025-11-01,2025-10-31;2025-11-01;2025-11-02;2025-11-03;2025-11-04;2025-11-05;2025-11-06,2025-11-06,2,1200.0,16846.19326436302,-0.45167865912738353,0.8100235013334895,1.0,10
2025-11-07,2025-11-08,2025-11-06,2025-10-11;2025-10-18;2025-10-25;2025-11-01,2025-10-31;2025-11-01;2025-11-02;2025-11-03;2025-11-04;2025-11-05;2025-11-06,2025-11-06,2,3745.709005148556,15698.925834389014,-0.45020292955263824,0.8100235013334895,1.0,10
2025-11-07,2025-11-08,2025-11-06,2025-10-11;2025-10-18;2025-10-25;2025-11-01,2025-10-31;2025-11-01;2025-11-02;2025-11-03;2025-11-04;2025-11-05;2025-11-06,2025-11-06,2,4685.270348410047,15276.172949773663,-0.44777851667984253,0.8100235013334895,1.0,10
2025-11-07,2025-11-08,2025-11-06,2025-10-11;2025-10-18;2025-10-25;2025-11-01,2025-10-31;2025-11-01;2025-11-02;2025-11-03;2025-11-04;2025-11-05;2025-11-06,2025-11-06,2,6008.923294584554,14683.647788135506,-0.44746228891382567,0.8100235013334895,1.0,10
2025-11-07,2025-11-08,2025-11-06,2025-10-11;2025-10-18;2025-10-25;2025-11-01,2025-10-31;2025-11-01;2025-11-02;2025-11-03;2025-11-04;2025-11-05;2025-11-06,2025-11-06,2,6236.00266253097,14582.0383343891,-0.4211205160046231,0.8100235013334895,1.0,10
2025-11-07,2025-11-08,2025-11-06,2025-10-11;2025-10-18;2025-10-25;2025-11-01,2025-10-31;2025-11-01;2025-11-02;2025-11-03;2025-11-04;2025-11-05;2025-11-06,2025-11-06,2,6327.57366972514,14543.475904588428,-0.4211205160046231,0.8100235013334895,1.0,10
2025-11-07,2025-11-08,2025-11-06,2025-10-11;2025-10-18;2025-10-25;2025-11-01,2025-10-31;2025-11-01;2025-11-02;2025-11-03;2025-11-04;2025-11-05;2025-11-06,2025-11-06,2,7317.149486881372,14127.900500554906,-0.4175155194720311,0.8100235013334895,1.0,10
2025-11-07,2025-11-08,2025-11-06,2025-10-11;2025-10-18;2025-10-25;2025-11-01,2025-10-31;2025-11-01;2025-11-02;2025-11-03;2025-11-04;2025-11-05;2025-11-06,2025-11-06,2,8983.254681927236,13433.343797314315,-0.4163770995143705,0.8100235013334895,1.0,10
2025-11-07,2025-11-08,2025-11-06,2025-10-11;2025-10-18;2025-10-25;2025-11-01,2025-10-31;2025-11-01;2025-11-02;2025-11-03;2025-11-04;2025-11-05;2025-11-06,2025-11-06,2,10396.278818205996,12846.87396041796,-0.4142899962586593,0.8100235013334895,1.0,10
2025-11-07,2025-11-08,2025-11-06,2025-10-11;2025-10-18;2025-10-25;2025-11-01,2025-10-31;2025-11-01;2025-11-02;2025-11-03;2025-11-04;2025-11-05;2025-11-06,2025-11-06,2,10800.0,12679.61631352298,-0.4030006650118583,0.8100235013334895,1.0,10
2025-11-08,2025-11-09,2025-11-07,2025-10-12;2025-10-19;2025-10-26;2025-11-02,2025-11-01;2025-11-02;2025-11-03;2025-11-04;2025-11-05;2025-11-06;2025-11-07,2025-11-07,2,1200.0,46310.43790722673,-0.4544192997661961,0.7992968171674875,1.0,10
2025-11-08,2025-11-09,2025-11-07,2025-10-12;2025-10-19;2025-10-26;2025-11-02,2025-11-01;2025-11-02;2025-11-03;2025-11-04;2025-11-05;2025-11-06;2025-11-07,2025-11-07,2,2850.385326518956,45561.179296138915,-0.4534706164681456,0.7992968171674875,1.0,10
2025-11-08,2025-11-09,2025-11-07,2025-10-12;2025-10-19;2025-10-26;2025-11-02,2025-11-01;2025-11-02;2025-11-03;2025-11-04;2025-11-05;2025-11-06;2025-11-07,2025-11-07,2,3709.580558841014,45171.66627530468,-0.4525219331700951,0.7992968171674875,1.0,10
2025-11-08,2025-11-09,2025-11-07,2025-10-12;2025-10-19;2025-10-26;2025-11-02,2025-11-01;2025-11-02;2025-11-03;2025-11-04;2025-11-05;2025-11-06;2025-11-07,2025-11-07,2,5876.908642692508,44192.47096280454,-0.45104620359534986,0.7992968171674875,1.0,10
2025-11-08,2025-11-09,2025-11-07,2025-10-12;2025-10-19;2025-10-26;2025-11-02,2025-11-01;2025-11-02;2025-11-03;2025-11-04;2025-11-05;2025-11-06;2025-11-07,2025-11-07,2,7916.746839258588,43273.95380594168,-0.4499921110419604,0.7992968171674875,1.0,10
2025-11-08,2025-11-09,2025-11-07,2025-10-12;2025-10-19;2025-10-26;2025-11-02,2025-11-01;2025-11-02;2025-11-03;2025-11-04;2025-11-05;2025-11-06;2025-11-07,2025-11-07,2,8527.11293175291,42999.51262947173,-0.44777851667984253,0.7992968171674875,1.0,10
2025-11-08,2025-11-09,2025-11-07,2025-10-12;2025-10-19;2025-10-26;2025-11-02,2025-11-01;2025-11-02;2025-11-03;2025-11-04;2025-11-05;2025-11-06;2025-11-07,2025-11-07,2,9724.840586093185,42463.35592176524,-0.44746228891382567,0.7992968171674875,1.0,10
2025-11-08,2025-11-09,2025-11-07,2025-10-12;2025-10-19;2025-10-26;2025-11-02,2025-11-01;2025-11-02;2025-11-03;2025-11-04;2025-11-05;2025-11-06;2025-11-07,2025-11-07,2,10009.430584957698,42336.01262947134,-0.4211205160046231,0.7992968171674875,1.0,10
2025-11-08,2025-11-09,2025-11-07,2025-10-12;2025-10-19;2025-10-26;2025-11-02,2025-11-01;2025-11-02;2025-11-03;2025-11-04;2025-11-05;2025-11-06;2025-11-07,2025-11-07,2,10326.93520028106,42202.30492203252,-0.4211205160046231,0.7992968171674875,1.0,10
2025-11-08,2025-11-09,2025-11-07,2025-10-12;2025-10-19;2025-10-26;2025-11-02,2025-11-01;2025-11-02;2025-11-03;2025-11-04;2025-11-05;2025-11-06;2025-11-07,2025-11-07,2,10800.0,42003.295858677615,-0.4030006650118583,0.7992968171674875,1.0,10
2025-11-09,2025-11-10,2025-11-08,2025-10-13;2025-10-20;2025-10-27;2025-11-03,2025-11-02;2025-11-03;2025-11-04;2025-11-05;2025-11-06;2025-11-07;2025-11-08,2025-11-08,2,1200.0,46456.5870715714,-0.4544192997661961,0.7992968171747634,1.0,10
2025-11-09,2025-11-10,2025-11-08,2025-10-13;2025-10-20;2025-10-27;2025-11-03,2025-11-02;2025-11-03;2025-11-04;2025-11-05;2025-11-06;2025-11-07;2025-11-08,2025-11-08,2,2850.385326518956,45707.32846048358,-0.4534706164681456,0.7992968171747634,1.0,10
2025-11-09,2025-11-10,2025-11-08,2025-10-13;2025-10-20;2025-10-27;2025-11-03,2025-11-02;2025-11-03;2025-11-04;2025-11-05;2025-11-06;2025-11-07;2025-11-08,2025-11-08,2,3709.580558841014,45317.81543964934,-0.4525219331700951,0.7992968171747634,1.0,10
2025-11-09,2025-11-10,2025-11-08,2025-10-13;2025-10-20;2025-10-27;2025-11-03,2025-11-02;2025-11-03;2025-11-04;2025-11-05;2025-11-06;2025-11-07;2025-11-08,2025-11-08,2,5876.908642691462,44338.620127149676,-0.45104620359534986,0.7992968171747634,1.0,10
2025-11-09,2025-11-10,2025-11-08,2025-10-13;2025-10-20;2025-10-27;2025-11-03,2025-11-02;2025-11-03;2025-11-04;2025-11-05;2025-11-06;2025-11-07;2025-11-08,2025-11-08,2,7916.746839256558,43420.10297028726,-0.4499921110419604,0.7992968171747634,1.0,10
2025-11-09,2025-11-10,2025-11-08,2025-10-13;2025-10-20;2025-10-27;2025-11-03,2025-11-02;2025-11-03;2025-11-04;2025-11-05;2025-11-06;2025-11-07;2025-11-08,2025-11-08,2,8527.11293175291,43145.6617938164,-0.44777851667984253,0.7992968171747634,1.0,10
2025-11-09,2025-11-10,2025-11-08,2025-10-13;2025-10-20;2025-10-27;2025-11-03,2025-11-02;2025-11-03;2025-11-04;2025-11-05;2025-11-06;2025-11-07;2025-11-08,2025-11-08,2,9724.225409141358,42609.78035459686,-0.44746228891382567,0.7992968171747634,1.0,10
2025-11-09,2025-11-10,2025-11-08,2025-10-13;2025-10-20;2025-10-27;2025-11-03,2025-11-02;2025-11-03;2025-11-04;2025-11-05;2025-11-06;2025-11-07;2025-11-08,2025-11-08,2,10009.430584957972,42482.16179381589,-0.4211205160046231,0.7992968171747634,1.0,10
2025-11-09,2025-11-10,2025-11-08,2025-10-13;2025-10-20;2025-10-27;2025-11-03,2025-11-02;2025-11-03;2025-11-04;2025-11-05;2025-11-06;2025-11-07;2025-11-08,2025-11-08,2,10326.223765200375,42348.75368628546,-0.4211205160046231,0.7992968171747634,1.0,10
2025-11-09,2025-11-10,2025-11-08,2025-10-13;2025-10-20;2025-10-27;2025-11-03,2025-11-02;2025-11-03;2025-11-04;2025-11-05;2025-11-06;2025-11-07;2025-11-08,2025-11-08,2,10800.0,42149.476654581274,-0.4030006650118583,0.7992968171747634,1.0,10
2025-11-10,2025-11-11,2025-11-09,2025-10-14;2025-10-21;2025-10-28;2025-11-04,2025-11-03;2025-11-04;2025-11-05;2025-11-06;2025-11-07;2025-11-08;2025-11-09,2025-11-09,2,1200.0,46598.989161358215,-0.4544192997661961,0.7992968171674875,1.0,10
2025-11-10,2025-11-11,2025-11-09,2025-10-14;2025-10-21;2025-10-28;2025-11-04,2025-11-03;2025-11-04;2025-11-05;2025-11-06;2025-11-07;2025-11-08;2025-11-09,2025-11-09,2,2850.385326518956,45849.7305502704,-0.4534706164681456,0.7992968171674875,1.0,10
2025-11-10,2025-11-11,2025-11-09,2025-10-14;2025-10-21;2025-10-28;2025-11-04,2025-11-03;2025-11-04;2025-11-05;2025-11-06;2025-11-07;2025-11-08;2025-11-09,2025-11-09,2,3709.580558841014,45460.21752943616,-0.4525219331700951,0.7992968171674875,1.0,10
2025-11-10,2025-11-11,2025-11-09,2025-10-14;2025-10-21;2025-10-28;2025-11-04,2025-11-03;2025-11-04;2025-11-05;2025-11-06;2025-11-07;2025-11-08;2025-11-09,2025-11-09,2,5876.908642692508,44481.02221693602,-0.45104620359534986,0.7992968171674875,1.0,10
2025-11-10,2025-11-11,2025-11-09,2025-10-14;2025-10-21;2025-10-28;2025-11-04,2025-11-03;2025-11-04;2025-11-05;2025-11-06;2025-11-07;2025-11-08;2025-11-09,2025-11-09,2,7916.746839258588,43562.50506007316,-0.4499921110419604,0.7992968171674875,1.0,10
2025-11-10,2025-11-11,2025-11-09,2025-10-14;2025-10-21;2025-10-28;2025-11-04,2025-11-03;2025-11-04;2025-11-05;2025-11-06;2025-11-07;2025-11-08;2025-11-09,2025-11-09,2,8527.11293175291,43288.063883603216,-0.44777851667984253,0.7992968171674875,1.0,10
2025-11-10,2025-11-11,2025-11-09,2025-10-14;2025-10-21;2025-10-28;2025-11-04,2025-11-03;2025-11-04;2025-11-05;2025-11-06;2025-11-07;2025-11-08;2025-11-09,2025-11-09,2,9681.968183199277,42771.09095942687,-0.44746228891382567,0.7992968171674875,1.0,10
2025-11-10,2025-11-11,2025-11-09,2025-10-14;2025-10-21;2025-10-28;2025-11-04,2025-11-03;2025-11-04;2025-11-05;2025-11-06;2025-11-07;2025-11-08;2025-11-09,2025-11-09,2,10009.430584957972,42624.56388360271,-0.4211205160046231,0.7992968171674875,1.0,10
2025-11-10,2025-11-11,2025-11-09,2025-10-14;2025-10-21;2025-10-28;2025-11-04,2025-11-03;2025-11-04;2025-11-05;2025-11-06;2025-11-07;2025-11-08;2025-11-09,2025-11-09,2,10305.283967943498,42499.973954298126,-0.4211205160046231,0.7992968171674875,1.0,10
2025-11-10,2025-11-11,2025-11-09,2025-10-14;2025-10-21;2025-10-28;2025-11-04,2025-11-03;2025-11-04;2025-11-05;2025-11-06;2025-11-07;2025-11-08;2025-11-09,2025-11-09,2,10800.0,42291.82417120083,-0.40499289993776433,0.7992968171674875,1.0,10
2025-11-11,2025-11-12,2025-11-10,2025-10-15;2025-10-22;2025-10-29;2025-11-05,2025-11-04;2025-11-05;2025-11-06;2025-11-07;2025-11-08;2025-11-09;2025-11-10,2025-11-10,2,1200.0,46994.112100384154,-0.4544192997661961,0.9580382170242956,1.0,9
2025-11-11,2025-11-12,2025-11-10,2025-10-15;2025-10-22;2025-10-29;2025-11-05,2025-11-04;2025-11-05;2025-11-06;2025-11-07;2025-11-08;2025-11-09;2025-11-10,2025-11-10,2,2850.3853265227904,46244.85348929459,-0.4534706164681456,0.9580382170242956,1.0,9
2025-11-11,2025-11-12,2025-11-10,2025-10-15;2025-10-22;2025-10-29;2025-11-05,2025-11-04;2025-11-05;2025-11-06;2025-11-07;2025-11-08;2025-11-09;2025-11-10,2025-11-10,2,3709.580558841014,45855.34046846209,-0.4525219331700951,0.9580382170242956,1.0,9
2025-11-11,2025-11-12,2025-11-10,2025-10-15;2025-10-22;2025-10-29;2025-11-05,2025-11-04;2025-11-05;2025-11-06;2025-11-07;2025-11-08;2025-11-09;2025-11-10,2025-11-10,2,5876.908642692508,44876.14515596196,-0.45104620359534986,0.9580382170242956,1.0,9
2025-11-11,2025-11-12,2025-11-10,2025-10-15;2025-10-22;2025-10-29;2025-11-05,2025-11-04;2025-11-05;2025-11-06;2025-11-07;2025-11-08;2025-11-09;2025-11-10,2025-11-10,2,7916.746839258588,43957.6279990991,-0.4499921110419604,0.9580382170242956,1.0,9
2025-11-11,2025-11-12,2025-11-10,2025-10-15;2025-10-22;2025-10-29;2025-11-05,2025-11-04;2025-11-05;2025-11-06;2025-11-07;2025-11-08;2025-11-09;2025-11-10,2025-11-10,2,9524.851485626086,43236.51769557549,-0.44746228891382567,0.9580382170242956,1.0,9
2025-11-11,2025-11-12,2025-11-10,2025-10-15;2025-10-22;2025-10-29;2025-11-05,2025-11-04;2025-11-05;2025-11-06;2025-11-07;2025-11-08;2025-11-09;2025-11-10,2025-11-10,2,10009.430584957972,43019.68682262864,-0.4211205160046231,0.9580382170242956,1.0,9
2025-11-11,2025-11-12,2025-11-10,2025-10-15;2025-10-22;2025-10-29;2025-11-05,2025-11-04;2025-11-05;2025-11-06;2025-11-07;2025-11-08;2025-11-09;2025-11-10,2025-11-10,2,10222.11249817638,42930.12210558925,-0.4211205160046231,0.9580382170242956,1.0,9
2025-11-11,2025-11-12,2025-11-10,2025-10-15;2025-10-22;2025-10-29;2025-11-05,2025-11-04;2025-11-05;2025-11-06;2025-11-07;2025-11-08;2025-11-09;2025-11-10,2025-11-10,2,10800.0,42686.970665512774,-0.41106447304528765,0.9580382170242956,1.0,9
2025-11-12,2025-11-13,2025-11-11,2025-10-16;2025-10-23;2025-10-30;2025-11-06,2025-11-05;2025-11-06;2025-11-07;2025-11-08;2025-11-09;2025-11-10;2025-11-11,2025-11-11,2,1200.0,47178.35250513581,-0.4544192997661961,0.7992968171747634,1.0,10
2025-11-12,2025-11-13,2025-11-11,2025-10-16;2025-10-23;2025-10-30;2025-11-06,2025-11-05;2025-11-06;2025-11-07;2025-11-08;2025-11-09;2025-11-10;2025-11-11,2025-11-11,2,2850.385326518956,46429.093894048,-0.4534706164681456,0.7992968171747634,1.0,10
2025-11-12,2025-11-13,2025-11-11,2025-10-16;2025-10-23;2025-10-30;2025-11-06,2025-11-05;2025-11-06;2025-11-07;2025-11-08;2025-11-09;2025-11-10;2025-11-11,2025-11-11,2,3709.580558838857,46039.58087321473,-0.4525219331700951,0.7992968171747634,1.0,10
2025-11-12,2025-11-13,2025-11-11,2025-10-16;2025-10-23;2025-10-30;2025-11-06,2025-11-05;2025-11-06;2025-11-07;2025-11-08;2025-11-09;2025-11-10;2025-11-11,2025-11-11,2,5876.908642691462,45060.385560714094,-0.45104620359534986,0.7992968171747634,1.0,10
2025-11-12,2025-11-13,2025-11-11,2025-10-16;2025-10-23;2025-10-30;2025-11-06,2025-11-05;2025-11-06;2025-11-07;2025-11-08;2025-11-09;2025-11-10;2025-11-11,2025-11-11,2,7916.746839258588,44141.86840385076,-0.4499921110419604,0.7992968171747634,1.0,10
2025-11-12,2025-11-13,2025-11-11,2025-10-16;2025-10-23;2025-10-30;2025-11-06,2025-11-05;2025-11-06;2025-11-07;2025-11-08;2025-11-09;2025-11-10;2025-11-11,2025-11-11,2,8527.11293175291,43867.42722738081,-0.44777851667984253,0.7992968171747634,1.0,10
2025-11-12,2025-11-13,2025-11-11,2025-10-16;2025-10-23;2025-10-30;2025-11-06,2025-11-05;2025-11-06;2025-11-07;2025-11-08;2025-11-09;2025-11-10;2025-11-11,2025-11-11,2,9724.917293088603,43331.236196186575,-0.44746228891382567,0.7992968171747634,1.0,10
2025-11-12,2025-11-13,2025-11-11,2025-10-16;2025-10-23;2025-10-30;2025-11-06,2025-11-05;2025-11-06;2025-11-07;2025-11-08;2025-11-09;2025-11-10;2025-11-11,2025-11-11,2,10009.430584957972,43203.9272273803,-0.4211205160046231,0.7992968171747634,1.0,10
2025-11-12,2025-11-13,2025-11-11,2025-10-16;2025-10-23;2025-10-30;2025-11-06,2025-11-05;2025-11-06;2025-11-07;2025-11-08;2025-11-09;2025-11-10;2025-11-11,2025-11-11,2,10327.023909793705,43070.182162545854,-0.4211205160046231,0.7992968171747634,1.0,10
2025-11-12,2025-11-13,2025-11-11,2025-10-16;2025-10-23;2025-10-30;2025-11-06,2025-11-05;2025-11-06;2025-11-07;2025-11-08;2025-11-09;2025-11-10;2025-11-11,2025-11-11,2,10800.0,42871.20651241771,-0.4030006650118583,0.7992968171747634,1.0,10
2025-11-13,2025-11-14,2025-11-12,2025-10-17;2025-10-24;2025-10-31;2025-11-07,2025-11-06;2025-11-07;2025-11-08;2025-11-09;2025-11-10;2025-11-11;2025-11-12,2025-11-12,2,1200.0,17705.219059545772,-0.4525219331700951,0.7035686864928721,1.0,10
2025-11-13,2025-11-14,2025-11-12,2025-10-17;2025-10-24;2025-10-31;2025-11-07,2025-11-06;2025-11-07;2025-11-08;2025-11-09;2025-11-10;2025-11-11;2025-11-12,2025-11-12,2,2646.634627705012,17051.304858195595,-0.45104620359534986,0.7035686864928721,1.0,10
2025-11-13,2025-11-14,2025-11-12,2025-10-17;2025-10-24;2025-10-31;2025-11-07,2025-11-06;2025-11-07;2025-11-08;2025-11-09;2025-11-10;2025-11-11;2025-11-12,2025-11-12,2,4356.540445845808,16280.780552639812,-0.45020292955263824,0.7035686864928721,1.0,10
2025-11-13,2025-11-14,2025-11-12,2025-10-17;2025-10-24;2025-10-31;2025-11-07,2025-11-06;2025-11-07;2025-11-08;2025-11-09;2025-11-10;2025-11-11;2025-11-12,2025-11-12,2,5803.383830426516,15629.647806913108,-0.44777851667984253,0.7035686864928721,1.0,10
2025-11-13,2025-11-14,2025-11-12,2025-10-17;2025-10-24;2025-10-31;2025-11-07,2025-11-06;2025-11-07;2025-11-08;2025-11-09;2025-11-10;2025-11-11;2025-11-12,2025-11-12,2,6918.811803160525,15130.295468499655,-0.44746228891382567,0.7035686864928721,1.0,10
2025-11-13,2025-11-14,2025-11-12,2025-10-17;2025-10-24;2025-10-31;2025-11-07,2025-11-06;2025-11-07;2025-11-08;2025-11-09;2025-11-10;2025-11-11;2025-11-12,2025-11-12,2,7382.571324846448,14923.530131318015,-0.4211205160046231,0.7035686864928721,1.0,10
2025-11-13,2025-11-14,2025-11-12,2025-10-17;2025-10-24;2025-10-31;2025-11-07,2025-11-06;2025-11-07;2025-11-08;2025-11-09;2025-11-10;2025-11-11;2025-11-12,2025-11-12,2,8058.188355423339,14639.353988090177,-0.41950775439793714,0.7035686864928721,1.0,10
2025-11-13,2025-11-14,2025-11-12,2025-10-17;2025-10-24;2025-10-31;2025-11-07,2025-11-06;2025-11-07;2025-11-08;2025-11-09;2025-11-10;2025-11-11;2025-11-12,2025-11-12,2,8987.713677360201,14250.893137555951,-0.4169463094932008,0.7035686864928721,1.0,10
2025-11-13,2025-11-14,2025-11-12,2025-10-17;2025-10-24;2025-10-31;2025-11-07,2025-11-06;2025-11-07;2025-11-08;2025-11-09;2025-11-10;2025-11-11;2025-11-12,2025-11-12,2,10336.941459948983,13689.031345778769,-0.41533354788651494,0.7035686864928721,1.0,10
2025-11-13,2025-11-14,2025-11-12,2025-10-17;2025-10-24;2025-10-31;2025-11-07,2025-11-06;2025-11-07;2025-11-08;2025-11-09;2025-11-10;2025-11-11;2025-11-12,2025-11-12,2,10800.0,13496.786490803315,-0.4030006650118583,0.7035686864928721,1.0,10
2025-11-14,2025-11-15,2025-11-13,2025-10-18;2025-10-25;2025-11-01;2025-11-08,2025-11-07;2025-11-08;2025-11-09;2025-11-10;2025-11-11;2025-11-12;2025-11-13,2025-11-13,2,1200.0,17573.878588986063,-0.4525219331700951,0.5171906482646591,1.0,11
2025-11-14,2025-11-15,2025-11-13,2025-10-18;2025-10-25;2025-11-01;2025-11-08,2025-11-07;2025-11-08;2025-11-09;2025-11-10;2025-11-11;2025-11-12;2025-11-13,2025-11-13,2,2475.968261089708,16997.19466178376,-0.45104620359534986,0.5171906482646591,1.0,11
2025-11-14,2025-11-15,2025-11-13,2025-10-18;2025-10-25;2025-11-01;2025-11-08,2025-11-07;2025-11-08;2025-11-09;2025-11-10;2025-11-11;2025-11-12;2025-11-13,2025-11-13,2,4185.874079229914,16226.670356228242,-0.45020292955263824,0.5171906482646591,1.0,11
2025-11-14,2025-11-15,2025-11-13,2025-10-18;2025-10-25;2025-11-01;2025-11-08,2025-11-07;2025-11-08;2025-11-09;2025-11-10;2025-11-11;2025-11-12;2025-11-13,2025-11-13,2,5632.717463810122,15575.537610501762,-0.44777851667984253,0.5171906482646591,1.0,11
2025-11-14,2025-11-15,2025-11-13,2025-10-18;2025-10-25;2025-11-01;2025-11-08,2025-11-07;2025-11-08;2025-11-09;2025-11-10;2025-11-11;2025-11-12;2025-11-13,2025-11-13,2,6700.456714696564,15097.524176721598,-0.44746228891382567,0.5171906482646591,1.0,11
2025-11-14,2025-11-15,2025-11-13,2025-10-18;2025-10-25;2025-11-01;2025-11-08,2025-11-07;2025-11-08;2025-11-09;2025-11-10;2025-11-11;2025-11-12;2025-11-13,2025-11-13,2,7183.449777931456,14881.402995117012,-0.4211205160046231,0.5171906482646591,1.0,11
2025-11-14,2025-11-15,2025-11-13,2025-10-18;2025-10-25;2025-11-01;2025-11-08,2025-11-07;2025-11-08;2025-11-09;2025-11-10;2025-11-11;2025-11-12;2025-11-13,2025-11-13,2,7367.525881908367,14803.884771226134,-0.4211205160046231,0.5171906482646591,1.0,11
2025-11-14,2025-11-15,2025-11-13,2025-10-18;2025-10-25;2025-11-01;2025-11-08,2025-11-07;2025-11-08;2025-11-09;2025-11-10;2025-11-11;2025-11-12;2025-11-13,2025-11-13,2,8051.991854761893,14516.25782857022,-0.41950775439793714,0.5171906482646591,1.0,11
2025-11-14,2025-11-15,2025-11-13,2025-10-18;2025-10-25;2025-11-01;2025-11-08,2025-11-07;2025-11-08;2025-11-09;2025-11-10;2025-11-11;2025-11-12;2025-11-13,2025-11-13,2,9450.543753107497,13932.786411466024,-0.4167565728335907,0.5171906482646591,1.0,11
2025-11-14,2025-11-15,2025-11-13,2025-10-18;2025-10-25;2025-11-01;2025-11-08,2025-11-07;2025-11-08;2025-11-09;2025-11-10;2025-11-11;2025-11-12;2025-11-13,2025-11-13,2,10522.766875172474,13487.008704185573,-0.4149540745672947,0.5171906482646591,1.0,11
2025-11-14,2025-11-15,2025-11-13,2025-10-18;2025-10-25;2025-11-01;2025-11-08,2025-11-07;2025-11-08;2025-11-09;2025-11-10;2025-11-11;2025-11-12;2025-11-13,2025-11-13,2,10800.0,13371.969689433367,-0.41106447304528765,0.5171906482646591,1.0,11
2025-11-15,2025-11-16,2025-11-14,2025-10-19;2025-10-26;2025-11-02;2025-11-09,2025-11-08;2025-11-09;2025-11-10;2025-11-11;2025-11-12;2025-11-13;2025-11-14,2025-11-14,2,1200.0,48155.9669231682,-0.4544192997661961,0.7992968171674875,1.0,10
2025-11-15,2025-11-16,2025-11-14,2025-10-19;2025-10-26;2025-11-02;2025-11-09,2025-11-08;2025-11-09;2025-11-10;2025-11-11;2025-11-12;2025-11-13;2025-11-14,2025-11-14,2,2850.385326518956,47406.70831208038,-0.4534706164681456,0.7992968171674875,1.0,10
2025-11-15,2025-11-16,2025-11-14,2025-10-19;2025-10-26;2025-11-02;2025-11-09,2025-11-08;2025-11-09;2025-11-10;2025-11-11;2025-11-12;2025-11-13;2025-11-14,2025-11-14,2,3709.580558841014,47017.19529124614,-0.4525219331700951,0.7992968171674875,1.0,10
2025-11-15,2025-11-16,2025-11-14,2025-10-19;2025-10-26;2025-11-02;2025-11-09,2025-11-08;2025-11-09;2025-11-10;2025-11-11;2025-11-12;2025-11-13;2025-11-14,2025-11-14,2,5876.908642691462,46037.99997874648,-0.45104620359534986,0.7992968171674875,1.0,10
2025-11-15,2025-11-16,2025-11-14,2025-10-19;2025-10-26;2025-11-02;2025-11-09,2025-11-08;2025-11-09;2025-11-10;2025-11-11;2025-11-12;2025-11-13;2025-11-14,2025-11-14,2,7916.746839256558,45119.48282188407,-0.4499921110419604,0.7992968171674875,1.0,10
2025-11-15,2025-11-16,2025-11-14,2025-10-19;2025-10-26;2025-11-02;2025-11-09,2025-11-08;2025-11-09;2025-11-10;2025-11-11;2025-11-12;2025-11-13;2025-11-14,2025-11-14,2,8527.112931755786,44845.04164541191,-0.44777851667984253,0.7992968171674875,1.0,10
2025-11-15,2025-11-16,2025-11-14,2025-10-19;2025-10-26;2025-11-02;2025-11-09,2025-11-08;2025-11-09;2025-11-10;2025-11-11;2025-11-12;2025-11-13;2025-11-14,2025-11-14,2,9724.886096999713,44308.8645732923,-0.44746228891382567,0.7992968171674875,1.0,10
2025-11-15,2025-11-16,2025-11-14,2025-10-19;2025-10-26;2025-11-02;2025-11-09,2025-11-08;2025-11-09;2025-11-10;2025-11-11;2025-11-12;2025-11-13;2025-11-14,2025-11-14,2,10009.430584958249,44181.541645412566,-0.4211205160046231,0.7992968171674875,1.0,10
2025-11-15,2025-11-16,2025-11-14,2025-10-19;2025-10-26;2025-11-02;2025-11-09,2025-11-08;2025-11-09;2025-11-10;2025-11-11;2025-11-12;2025-11-13;2025-11-14,2025-11-14,2,10326.987832382229,44047.811773516376,-0.4211205160046231,0.7992968171674875,1.0,10
2025-11-15,2025-11-16,2025-11-14,2025-10-19;2025-10-26;2025-11-02;2025-11-09,2025-11-08;2025-11-09;2025-11-10;2025-11-11;2025-11-12;2025-11-13;2025-11-14,2025-11-14,2,10800.0,43848.8225345104,-0.4030006650118583,0.7992968171674875,1.0,10
2025-11-16,2025-11-17,2025-11-15,2025-10-20;2025-10-27;2025-11-03;2025-11-10,2025-11-09;2025-11-10;2025-11-11;2025-11-12;2025-11-13;2025-11-14;2025-11-15,2025-11-15,2,1200.0,47940.88214181961,-0.4544192997661961,0.7992968171674875,1.0,10
2025-11-16,2025-11-17,2025-11-15,2025-10-20;2025-10-27;2025-11-03;2025-11-10,2025-11-09;2025-11-10;2025-11-11;2025-11-12;2025-11-13;2025-11-14;2025-11-15,2025-11-15,2,2850.385326518956,47191.62353073179,-0.4534706164681456,0.7992968171674875,1.0,10
2025-11-16,2025-11-17,2025-11-15,2025-10-20;2025-10-27;2025-11-03;2025-11-10,2025-11-09;2025-11-10;2025-11-11;2025-11-12;2025-11-13;2025-11-14;2025-11-15,2025-11-15,2,3709.580558841014,46802.11050989755,-0.4525219331700951,0.7992968171674875,1.0,10
2025-11-16,2025-11-17,2025-11-15,2025-10-20;2025-10-27;2025-11-03;2025-11-10,2025-11-09;2025-11-10;2025-11-11;2025-11-12;2025-11-13;2025-11-14;2025-11-15,2025-11-15,2,5876.908642692508,45822.915197397415,-0.45104620359534986,0.7992968171674875,1.0,10
2025-11-16,2025-11-17,2025-11-15,2025-10-20;2025-10-27;2025-11-03;2025-11-10,2025-11-09;2025-11-10;2025-11-11;2025-11-12;2025-11-13;2025-11-14;2025-11-15,2025-11-15,2,7916.746839258588,44904.39804053456,-0.4499921110419604,0.7992968171674875,1.0,10
2025-11-16,2025-11-17,2025-11-15,2025-10-20;2025-10-27;2025-11-03;2025-11-10,2025-11-09;2025-11-10;2025-11-11;2025-11-12;2025-11-13;2025-11-14;2025-11-15,2025-11-15,2,8527.11293175291,44629.9568640646,-0.44777851667984253,0.7992968171674875,1.0,10
2025-11-16,2025-11-17,2025-11-15,2025-10-20;2025-10-27;2025-11-03;2025-11-10,2025-11-09;2025-11-10;2025-11-11;2025-11-12;2025-11-13;2025-11-14;2025-11-15,2025-11-15,2,9724.199313959498,44094.087101454876,-0.44746228891382567,0.7992968171674875,1.0,10
2025-11-16,2025-11-17,2025-11-15,2025-10-20;2025-10-27;2025-11-03;2025-11-10,2025-11-09;2025-11-10;2025-11-11;2025-11-12;2025-11-13;2025-11-14;2025-11-15,2025-11-15,2,10009.430584958249,43966.45686406398,-0.4211205160046231,0.7992968171674875,1.0,10
2025-11-16,2025-11-17,2025-11-15,2025-10-20;2025-10-27;2025-11-03;2025-11-10,2025-11-09;2025-11-10;2025-11-11;2025-11-12;2025-11-13;2025-11-14;2025-11-15,2025-11-15,2,10326.193586846226,43833.061465257735,-0.4211205160046231,0.7992968171674875,1.0,10
2025-11-16,2025-11-17,2025-11-15,2025-10-20;2025-10-27;2025-11-03;2025-11-10,2025-11-09;2025-11-10;2025-11-11;2025-11-12;2025-11-13;2025-11-14;2025-11-15,2025-11-15,2,10800.0,43633.77306660811,-0.4030006650118583,0.7992968171674875,1.0,10
2025-11-17,2025-11-18,2025-11-16,2025-10-21;2025-10-28;2025-11-04;2025-11-11,2025-11-10;2025-11-11;2025-11-12;2025-11-13;2025-11-14;2025-11-15;2025-11-16,2025-11-16,2,1200.0,47995.49785167689,-0.4544192997661961,0.7992968171747634,1.0,10
2025-11-17,2025-11-18,2025-11-16,2025-10-21;2025-10-28;2025-11-04;2025-11-11,2025-11-10;2025-11-11;2025-11-12;2025-11-13;2025-11-14;2025-11-15;2025-11-16,2025-11-16,2,2850.385326518956,47246.23924058907,-0.4534706164681456,0.7992968171747634,1.0,10
2025-11-17,2025-11-18,2025-11-16,2025-10-21;2025-10-28;2025-11-04;2025-11-11,2025-11-10;2025-11-11;2025-11-12;2025-11-13;2025-11-14;2025-11-15;2025-11-16,2025-11-16,2,3709.580558838857,46856.72621975581,-0.4525219331700951,0.7992968171747634,1.0,10
2025-11-17,2025-11-18,2025-11-16,2025-10-21;2025-10-28;2025-11-04;2025-11-11,2025-11-10;2025-11-11;2025-11-12;2025-11-13;2025-11-14;2025-11-15;2025-11-16,2025-11-16,2,5876.908642692508,45877.5309072547,-0.45104620359534986,0.7992968171747634,1.0,10
2025-11-17,2025-11-18,2025-11-16,2025-10-21;2025-10-28;2025-11-04;2025-11-11,2025-11-10;2025-11-11;2025-11-12;2025-11-13;2025-11-14;2025-11-15;2025-11-16,2025-11-16,2,7916.746839260618,44959.01375039093,-0.4499921110419604,0.7992968171747634,1.0,10
2025-11-17,2025-11-18,2025-11-16,2025-10-21;2025-10-28;2025-11-04;2025-11-11,2025-11-10;2025-11-11;2025-11-12;2025-11-13;2025-11-14;2025-11-15;2025-11-16,2025-11-16,2,8527.112931755786,44684.5725739206,-0.44777851667984253,0.7992968171747634,1.0,10
2025-11-17,2025-11-18,2025-11-16,2025-10-21;2025-10-28;2025-11-04;2025-11-11,2025-11-10;2025-11-11;2025-11-12;2025-11-13;2025-11-14;2025-11-15;2025-11-16,2025-11-16,2,9725.432697182978,44148.15091883187,-0.44746228891382567,0.7992968171747634,1.0,10
2025-11-17,2025-11-18,2025-11-16,2025-10-21;2025-10-28;2025-11-04;2025-11-11,2025-11-10;2025-11-11;2025-11-12;2025-11-13;2025-11-14;2025-11-15;2025-11-16,2025-11-16,2,10009.430584957698,44021.0725739215,-0.4211205160046231,0.7992968171747634,1.0,10
2025-11-17,2025-11-18,2025-11-16,2025-10-21;2025-10-28;2025-11-04;2025-11-11,2025-11-10;2025-11-11;2025-11-12;2025-11-13;2025-11-14;2025-11-15;2025-11-16,2025-11-16,2,10327.61996033227,43887.07649997657,-0.4211205160046231,0.7992968171747634,1.0,10
2025-11-17,2025-11-18,2025-11-16,2025-10-21;2025-10-28;2025-11-04;2025-11-11,2025-11-10;2025-11-11;2025-11-12;2025-11-13;2025-11-14;2025-11-15;2025-11-16,2025-11-16,2,10800.0,43688.32535758391,-0.4030006650118583,0.7992968171747634,1.0,10
2025-11-18,2025-11-19,2025-11-17,2025-10-22;2025-10-29;2025-11-05;2025-11-12,2025-11-11;2025-11-12;2025-11-13;2025-11-14;2025-11-15;2025-11-16;2025-11-17,2025-11-17,2,1200.0,48077.352114348396,-0.4544192997661961,0.7992968171674875,1.0,10
2025-11-18,2025-11-19,2025-11-17,2025-10-22;2025-10-29;2025-11-05;2025-11-12,2025-11-11;2025-11-12;2025-11-13;2025-11-14;2025-11-15;2025-11-16;2025-11-17,2025-11-17,2,2850.385326515121,47328.093503262324,-0.4534706164681456,0.7992968171674875,1.0,10
2025-11-18,2025-11-19,2025-11-17,2025-10-22;2025-10-29;2025-11-05;2025-11-12,2025-11-11;2025-11-12;2025-11-13;2025-11-14;2025-11-15;2025-11-16;2025-11-17,2025-11-17,2,3709.580558841014,46938.58048242635,-0.4525219331700951,0.7992968171674875,1.0,10
2025-11-18,2025-11-19,2025-11-17,2025-10-22;2025-10-29;2025-11-05;2025-11-12,2025-11-11;2025-11-12;2025-11-13;2025-11-14;2025-11-15;2025-11-16;2025-11-17,2025-11-17,2,5876.908642690416,45959.38516992715,-0.45104620359534986,0.7992968171674875,1.0,10
2025-11-18,2025-11-19,2025-11-17,2025-10-22;2025-10-29;2025-11-05;2025-11-12,2025-11-11;2025-11-12;2025-11-13;2025-11-14;2025-11-15;2025-11-16;2025-11-17,2025-11-17,2,7916.746839254528,45040.86801306518,-0.4499921110419604,0.7992968171674875,1.0,10
2025-11-18,2025-11-19,2025-11-17,2025-10-22;2025-10-29;2025-11-05;2025-11-12,2025-11-11;2025-11-12;2025-11-13;2025-11-14;2025-11-15;2025-11-16;2025-11-17,2025-11-17,2,8527.112931750033,44766.42683659469,-0.44777851667984253,0.7992968171674875,1.0,10
2025-11-18,2025-11-19,2025-11-17,2025-10-22;2025-10-29;2025-11-05;2025-11-12,2025-11-11;2025-11-12;2025-11-13;2025-11-14;2025-11-15;2025-11-16;2025-11-17,2025-11-17,2,9724.968885916905,44230.212719554125,-0.44746228891382567,0.7992968171674875,1.0,10
2025-11-18,2025-11-19,2025-11-17,2025-10-22;2025-10-29;2025-11-05;2025-11-12,2025-11-11;2025-11-12;2025-11-13;2025-11-14;2025-11-15;2025-11-16;2025-11-17,2025-11-17,2,10009.430584958249,44102.92683659277,-0.4211205160046231,0.7992968171674875,1.0,10
2025-11-18,2025-11-19,2025-11-17,2025-10-22;2025-10-29;2025-11-05;2025-11-12,2025-11-11;2025-11-12;2025-11-13;2025-11-14;2025-11-15;2025-11-16;2025-11-17,2025-11-17,2,10327.083575468705,43969.156645318595,-0.4211205160046231,0.7992968171674875,1.0,10
2025-11-18,2025-11-19,2025-11-17,2025-10-22;2025-10-29;2025-11-05;2025-11-12,2025-11-11;2025-11-12;2025-11-13;2025-11-14;2025-11-15;2025-11-16;2025-11-17,2025-11-17,2,10800.0,43770.2034687975,-0.4030006650118583,0.7992968171674875,1.0,10
2025-11-19,2025-11-20,2025-11-18,2025-10-23;2025-10-30;2025-11-06;2025-11-13,2025-11-12;2025-11-13;2025-11-14;2025-11-15;2025-11-16;2025-11-17;2025-11-18,2025-11-18,2,1200.0,47692.42356172265,-0.4544192997661961,0.7992968171747634,1.0,10
2025-11-19,2025-11-20,2025-11-18,2025-10-23;2025-10-30;2025-11-06;2025-11-13,2025-11-12;2025-11-13;2025-11-14;2025-11-15;2025-11-16;2025-11-17;2025-11-18,2025-11-18,2,2850.3853265227904,46943.16495063309,-0.4534706164681456,0.7992968171747634,1.0,10
2025-11-19,2025-11-20,2025-11-18,2025-10-23;2025-10-30;2025-11-06;2025-11-13,2025-11-12;2025-11-13;2025-11-14;2025-11-15;2025-11-16;2025-11-17;2025-11-18,2025-11-18,2,3709.580558841014,46553.65192980059,-0.4525219331700951,0.7992968171747634,1.0,10
2025-11-19,2025-11-20,2025-11-18,2025-10-23;2025-10-30;2025-11-06;2025-11-13,2025-11-12;2025-11-13;2025-11-14;2025-11-15;2025-11-16;2025-11-17;2025-11-18,2025-11-18,2,5876.908642692508,45574.45661730046,-0.45104620359534986,0.7992968171747634,1.0,10
2025-11-19,2025-11-20,2025-11-18,2025-10-23;2025-10-30;2025-11-06;2025-11-13,2025-11-12;2025-11-13;2025-11-14;2025-11-15;2025-11-16;2025-11-17;2025-11-18,2025-11-18,2,7916.746839258588,44655.940772686285,-0.4499921110419604,0.7992968171747634,1.0,10
2025-11-19,2025-11-20,2025-11-18,2025-10-23;2025-10-30;2025-11-06;2025-11-13,2025-11-12;2025-11-13;2025-11-14;2025-11-15;2025-11-16;2025-11-17;2025-11-18,2025-11-18,2,8527.631643590665,44381.26601595034,-0.44777851667984253,0.7992968171747634,1.0,10
2025-11-19,2025-11-20,2025-11-18,2025-10-23;2025-10-30;2025-11-06;2025-11-13,2025-11-12;2025-11-13;2025-11-14;2025-11-15;2025-11-16;2025-11-17;2025-11-18,2025-11-18,2,9717.427391015726,43848.65870149868,-0.44746228891382567,0.7992968171747634,1.0,10
2025-11-19,2025-11-20,2025-11-18,2025-10-23;2025-10-30;2025-11-06;2025-11-13,2025-11-12;2025-11-13;2025-11-14;2025-11-15;2025-11-16;2025-11-17;2025-11-18,2025-11-18,2,10009.430584957972,43717.99828396714,-0.4211205160046231,0.7992968171747634,1.0,10
2025-11-19,2025-11-20,2025-11-18,2025-10-23;2025-10-30;2025-11-06;2025-11-13,2025-11-12;2025-11-13;2025-11-14;2025-11-15;2025-11-16;2025-11-17;2025-11-18,2025-11-18,2,10318.362045803144,43587.90090776596,-0.4211205160046231,0.7992968171747634,1.0,10
2025-11-19,2025-11-20,2025-11-18,2025-10-23;2025-10-30;2025-11-06;2025-11-13,2025-11-12;2025-11-13;2025-11-14;2025-11-15;2025-11-16;2025-11-17;2025-11-18,2025-11-18,2,10800.0,43385.662689543584,-0.4030006650118583,0.7992968171747634,1.0,10
2025-11-20,2025-11-21,2025-11-19,2025-10-24;2025-10-31;2025-11-07;2025-11-14,2025-11-13;2025-11-14;2025-11-15;2025-11-16;2025-11-17;2025-11-18;2025-11-19,2025-11-19,2,1200.0,18027.28146065543,-0.4525219331700951,0.6731107150208118,1.0,10
2025-11-20,2025-11-21,2025-11-19,2025-10-24;2025-10-31;2025-11-07;2025-11-14,2025-11-13;2025-11-14;2025-11-15;2025-11-16;2025-11-17;2025-11-18;2025-11-19,2025-11-19,2,2323.7064922553795,17519.499323433938,-0.45104620359534986,0.6731107150208118,1.0,10
2025-11-20,2025-11-21,2025-11-19,2025-10-24;2025-10-31;2025-11-07;2025-11-14,2025-11-13;2025-11-14;2025-11-15;2025-11-16;2025-11-17;2025-11-18;2025-11-19,2025-11-19,2,4033.6123103963023,16748.975017878096,-0.45020292955263824,0.6731107150208118,1.0,10
2025-11-20,2025-11-21,2025-11-19,2025-10-24;2025-10-31;2025-11-07;2025-11-14,2025-11-13;2025-11-14;2025-11-15;2025-11-16;2025-11-17;2025-11-18;2025-11-19,2025-11-19,2,5480.455694977118,16097.842272151343,-0.44777851667984253,0.6731107150208118,1.0,10
2025-11-20,2025-11-21,2025-11-19,2025-10-24;2025-10-31;2025-11-07;2025-11-14,2025-11-13;2025-11-14;2025-11-15;2025-11-16;2025-11-17;2025-11-18;2025-11-19,2025-11-19,2,6594.771913487849,15598.987401827348,-0.44746228891382567,0.6731107150208118,1.0,10
2025-11-20,2025-11-21,2025-11-19,2025-10-24;2025-10-31;2025-11-07;2025-11-14,2025-11-13;2025-11-14;2025-11-15;2025-11-16;2025-11-17;2025-11-18;2025-11-19,2025-11-19,2,7058.33021268994,15392.27751798465,-0.4211205160046231,0.6731107150208118,1.0,10
2025-11-20,2025-11-21,2025-11-19,2025-10-24;2025-10-31;2025-11-07;2025-11-14,2025-11-13;2025-11-14;2025-11-15;2025-11-16;2025-11-17;2025-11-18;2025-11-19,2025-11-19,2,7813.347495441127,15074.826939402798,-0.41950775439793714,0.6731107150208118,1.0,10
2025-11-20,2025-11-21,2025-11-19,2025-10-24;2025-10-31;2025-11-07;2025-11-14,2025-11-13;2025-11-14;2025-11-15;2025-11-16;2025-11-17;2025-11-18;2025-11-19,2025-11-19,2,8671.637238735299,14716.274363939627,-0.4169463094932008,0.6731107150208118,1.0,10
2025-11-20,2025-11-21,2025-11-19,2025-10-24;2025-10-31;2025-11-07;2025-11-14,2025-11-13;2025-11-14;2025-11-15;2025-11-16;2025-11-17;2025-11-18;2025-11-19,2025-11-19,2,10250.498659347699,14059.013621126585,-0.41533354788651494,0.6731107150208118,1.0,10
2025-11-20,2025-11-21,2025-11-19,2025-10-24;2025-10-31;2025-11-07;2025-11-14,2025-11-13;2025-11-14;2025-11-15;2025-11-16;2025-11-17;2025-11-18;2025-11-19,2025-11-19,2,10800.0,13830.973721796248,-0.4030006650118583,0.6731107150208118,1.0,10
2025-11-21,2025-11-22,2025-11-20,2025-10-25;2025-11-01;2025-11-08;2025-11-15,2025-11-14;2025-11-15;2025-11-16;2025-11-17;2025-11-18;2025-11-19;2025-11-20,2025-11-20,2,1200.0,17986.33676164119,-0.4525219331700951,0.6591080362359207,1.0,10
2025-11-21,2025-11-22,2025-11-20,2025-10-25;2025-11-01;2025-11-08;2025-11-15,2025-11-14;2025-11-15;2025-11-16;2025-11-17;2025-11-18;2025-11-19;2025-11-20,2025-11-20,2,2345.6043358200423,17468.645369917558,-0.45104620359534986,0.6591080362359207,1.0,10
2025-11-21,2025-11-22,2025-11-20,2025-10-25;2025-11-01;2025-11-08;2025-11-15,2025-11-14;2025-11-15;2025-11-16;2025-11-17;2025-11-18;2025-11-19;2025-11-20,2025-11-20,2,4055.510153960246,16698.12106436204,-0.45020292955263824,0.6591080362359207,1.0,10
2025-11-21,2025-11-22,2025-11-20,2025-10-25;2025-11-01;2025-11-08;2025-11-15,2025-11-14;2025-11-15;2025-11-16;2025-11-17;2025-11-18;2025-11-19;2025-11-20,2025-11-20,2,5502.353538540454,16046.98831863556,-0.44777851667984253,0.6591080362359207,1.0,10
2025-11-21,2025-11-22,2025-11-20,2025-10-25;2025-11-01;2025-11-08;2025-11-15,2025-11-14;2025-11-15;2025-11-16;2025-11-17;2025-11-18;2025-11-19;2025-11-20,2025-11-20,2,6616.1609837229325,15548.361105189564,-0.44746228891382567,0.6591080362359207,1.0,10
2025-11-21,2025-11-22,2025-11-20,2025-10-25;2025-11-01;2025-11-08;2025-11-15,2025-11-14;2025-11-15;2025-11-16;2025-11-17;2025-11-18;2025-11-19;2025-11-20,2025-11-20,2,7079.627197254641,15341.676598520406,-0.4211205160046231,0.6591080362359207,1.0,10
2025-11-21,2025-11-22,2025-11-20,2025-10-25;2025-11-01;2025-11-08;2025-11-15,2025-11-14;2025-11-15;2025-11-16;2025-11-17;2025-11-18;2025-11-19;2025-11-20,2025-11-20,2,7829.13257248426,15026.554135576682,-0.41950775439793714,0.6591080362359207,1.0,10
2025-11-21,2025-11-22,2025-11-20,2025-10-25;2025-11-01;2025-11-08;2025-11-15,2025-11-14;2025-11-15;2025-11-16;2025-11-17;2025-11-18;2025-11-19;2025-11-20,2025-11-20,2,8688.189326666106,14667.69419545757,-0.4169463094932008,0.6591080362359207,1.0,10
2025-11-21,2025-11-22,2025-11-20,2025-10-25;2025-11-01;2025-11-08;2025-11-15,2025-11-14;2025-11-15;2025-11-16;2025-11-17;2025-11-18;2025-11-19;2025-11-20,2025-11-20,2,10255.075750006932,14015.392668388118,-0.41533354788651494,0.6591080362359207,1.0,10
2025-11-21,2025-11-22,2025-11-20,2025-10-25;2025-11-01;2025-11-08;2025-11-15,2025-11-14;2025-11-15;2025-11-16;2025-11-17;2025-11-18;2025-11-19;2025-11-20,2025-11-20,2,10800.0,13789.247325748853,-0.4030006650118583,0.6591080362359207,1.0,10
2025-11-22,2025-11-23,2025-11-21,2025-10-26;2025-11-02;2025-11-09;2025-11-16,2025-11-15;2025-11-16;2025-11-17;2025-11-18;2025-11-19;2025-11-20;2025-11-21,2025-11-21,2,1200.0,49211.9020082177,-0.4544192997661961,0.7921819843759295,1.0,11
2025-11-22,2025-11-23,2025-11-21,2025-10-26;2025-11-02;2025-11-09;2025-11-16,2025-11-15;2025-11-16;2025-11-17;2025-11-18;2025-11-19;2025-11-20;2025-11-21,2025-11-21,2,2891.54197341517,48443.93458537283,-0.4534706164681456,0.7921819843759295,1.0,11
2025-11-22,2025-11-23,2025-11-21,2025-10-26;2025-11-02;2025-11-09;2025-11-16,2025-11-15;2025-11-16;2025-11-17;2025-11-18;2025-11-19;2025-11-20;2025-11-21,2025-11-21,2,3746.363444266932,48056.40722462811,-0.4525219331700951,0.7921819843759295,1.0,11
2025-11-22,2025-11-23,2025-11-21,2025-10-26;2025-11-02;2025-11-09;2025-11-16,2025-11-15;2025-11-16;2025-11-17;2025-11-18;2025-11-19;2025-11-20;2025-11-21,2025-11-21,2,5894.74276895962,47085.766976638304,-0.45104620359534986,0.7921819843759295,1.0,11
2025-11-22,2025-11-23,2025-11-21,2025-10-26;2025-11-02;2025-11-09;2025-11-16,2025-11-15;2025-11-16;2025-11-17;2025-11-18;2025-11-19;2025-11-20;2025-11-21,2025-11-21,2,7916.746839258588,46175.293834722666,-0.4499921110419604,0.7921819843759295,1.0,11
2025-11-22,2025-11-23,2025-11-21,2025-10-26;2025-11-02;2025-11-09;2025-11-16,2025-11-15;2025-11-16;2025-11-17;2025-11-18;2025-11-19;2025-11-20;2025-11-21,2025-11-21,2,8527.11293175291,45900.85265825271,-0.44777851667984253,0.7921819843759295,1.0,11
2025-11-22,2025-11-23,2025-11-21,2025-10-26;2025-11-02;2025-11-09;2025-11-16,2025-11-15;2025-11-16;2025-11-17;2025-11-18;2025-11-19;2025-11-20;2025-11-21,2025-11-21,2,9656.155743641144,45395.4298273635,-0.44746228891382567,0.7921819843759295,1.0,11
2025-11-22,2025-11-23,2025-11-21,2025-10-26;2025-11-02;2025-11-09;2025-11-16,2025-11-15;2025-11-16;2025-11-17;2025-11-18;2025-11-19;2025-11-20;2025-11-21,2025-11-21,2,10009.430584957972,45237.3526582522,-0.4211205160046231,0.7921819843759295,1.0,11
2025-11-22,2025-11-23,2025-11-21,2025-10-26;2025-11-02;2025-11-09;2025-11-16,2025-11-15;2025-11-16;2025-11-17;2025-11-18;2025-11-19;2025-11-20;2025-11-21,2025-11-21,2,10276.47872297393,45124.89320857285,-0.4211205160046231,0.7921819843759295,1.0,11
2025-11-22,2025-11-23,2025-11-21,2025-10-26;2025-11-02;2025-11-09;2025-11-16,2025-11-15;2025-11-16;2025-11-17;2025-11-18;2025-11-19;2025-11-20;2025-11-21,2025-11-21,2,10720.492892569324,44938.17759395696,-0.41106447304528765,0.7921819843759295,1.0,11
2025-11-22,2025-11-23,2025-11-21,2025-10-26;2025-11-02;2025-11-09;2025-11-16,2025-11-15;2025-11-16;2025-11-17;2025-11-18;2025-11-19;2025-11-20;2025-11-21,2025-11-21,2,10800.0,44905.68729023599,-0.4052775049271795,0.7921819843759295,1.0,11
2025-11-23,2025-11-24,2025-11-22,2025-10-27;2025-11-03;2025-11-10;2025-11-17,2025-11-16;2025-11-17;2025-11-18;2025-11-19;2025-11-20;2025-11-21;2025-11-22,2025-11-22,2,1200.0,49098.061048288946,-0.4544192997661961,0.8339073296228889,1.0,12
2025-11-23,2025-11-24,2025-11-22,2025-10-27;2025-11-03;2025-11-10;2025-11-17,2025-11-16;2025-11-17;2025-11-18;2025-11-19;2025-11-20;2025-11-21;2025-11-22,2025-11-22,2,2508.8955150831557,48503.97865429837,-0.4534706164681456,0.8339073296228889,1.0,12
2025-11-23,2025-11-24,2025-11-22,2025-10-27;2025-11-03;2025-11-10;2025-11-17,2025-11-16;2025-11-17;2025-11-18;2025-11-19;2025-11-20;2025-11-21;2025-11-22,2025-11-22,2,3841.0343443709894,47900.451626577466,-0.4525219331700951,0.8339073296228889,1.0,12
2025-11-23,2025-11-24,2025-11-22,2025-10-27;2025-11-03;2025-11-10;2025-11-17,2025-11-16;2025-11-17;2025-11-18;2025-11-19;2025-11-20;2025-11-21;2025-11-22,2025-11-22,2,4930.966113788282,47407.94721201452,-0.45104620359534986,0.8339073296228889,1.0,12
2025-11-23,2025-11-24,2025-11-22,2025-10-27;2025-11-03;2025-11-10;2025-11-17,2025-11-16;2025-11-17;2025-11-18;2025-11-19;2025-11-20;2025-11-21;2025-11-22,2025-11-22,2,7081.118331594492,46439.22876781679,-0.45020292955263824,0.8339073296228889,1.0,12
2025-11-23,2025-11-24,2025-11-22,2025-10-27;2025-11-03;2025-11-10;2025-11-17,2025-11-16;2025-11-17;2025-11-18;2025-11-19;2025-11-20;2025-11-21;2025-11-22,2025-11-22,2,8025.603959662995,46014.252600008826,-0.44777851667984253,0.8339073296228889,1.0,12
2025-11-23,2025-11-24,2025-11-22,2025-10-27;2025-11-03;2025-11-10;2025-11-17,2025-11-16;2025-11-17;2025-11-18;2025-11-19;2025-11-20;2025-11-21;2025-11-22,2025-11-22,2,8962.700205708032,45594.703339952124,-0.44746228891382567,0.8339073296228889,1.0,12
2025-11-23,2025-11-24,2025-11-22,2025-10-27;2025-11-03;2025-11-10;2025-11-17,2025-11-16;2025-11-17;2025-11-18;2025-11-19;2025-11-20;2025-11-21;2025-11-22,2025-11-22,2,9603.80319550878,45308.163437385614,-0.44294234004489164,0.8339073296228889,1.0,12
2025-11-23,2025-11-24,2025-11-22,2025-10-27;2025-11-03;2025-11-10;2025-11-17,2025-11-16;2025-11-17;2025-11-18;2025-11-19;2025-11-20;2025-11-21;2025-11-22,2025-11-22,2,9837.365174928773,45205.172534169826,-0.43867326520366434,0.8339073296228889,1.0,12
2025-11-23,2025-11-24,2025-11-22,2025-10-27;2025-11-03;2025-11-10;2025-11-17,2025-11-16;2025-11-17;2025-11-18;2025-11-19;2025-11-20;2025-11-21;2025-11-22,2025-11-22,2,9980.237090911296,45143.23427142635,-0.4302782378656811,0.8339073296228889,1.0,12
2025-11-23,2025-11-24,2025-11-22,2025-10-27;2025-11-03;2025-11-10;2025-11-17,2025-11-16;2025-11-17;2025-11-18;2025-11-19;2025-11-20;2025-11-21;2025-11-22,2025-11-22,2,10328.678968714179,44994.68890350584,-0.4211205160046231,0.8339073296228889,1.0,12
2025-11-23,2025-11-24,2025-11-22,2025-10-27;2025-11-03;2025-11-10;2025-11-17,2025-11-16;2025-11-17;2025-11-18;2025-11-19;2025-11-20;2025-11-21;2025-11-22,2025-11-22,2,10800.0,44797.142577117906,-0.4030006650118583,0.8339073296228889,1.0,12
2025-11-24,2025-11-25,2025-11-23,2025-10-28;2025-11-04;2025-11-11;2025-11-18,2025-11-17;2025-11-18;2025-11-19;2025-11-20;2025-11-21;2025-11-22;2025-11-23,2025-11-23,2,1200.0,49386.892616173456,-0.4544192997661961,0.7921819740440696,1.0,11
2025-11-24,2025-11-25,2025-11-23,2025-10-28;2025-11-04;2025-11-11;2025-11-18,2025-11-17;2025-11-18;2025-11-19;2025-11-20;2025-11-21;2025-11-22;2025-11-23,2025-11-23,2,2891.5420253685847,48618.92516971996,-0.4534706164681456,0.7921819740440696,1.0,11
2025-11-24,2025-11-25,2025-11-23,2025-10-28;2025-11-04;2025-11-11;2025-11-18,2025-11-17;2025-11-18;2025-11-19;2025-11-20;2025-11-21;2025-11-22;2025-11-23,2025-11-23,2,3746.3634962196284,48231.397808975555,-0.4525219331700951,0.7921819740440696,1.0,11
2025-11-24,2025-11-25,2025-11-23,2025-10-28;2025-11-04;2025-11-11;2025-11-18,2025-11-17;2025-11-18;2025-11-19;2025-11-20;2025-11-21;2025-11-22;2025-11-23,2025-11-23,2,5894.742794148805,47260.75757305733,-0.45104620359534986,0.7921819740440696,1.0,11
2025-11-24,2025-11-25,2025-11-23,2025-10-28;2025-11-04;2025-11-11;2025-11-18,2025-11-17;2025-11-18;2025-11-19;2025-11-20;2025-11-21;2025-11-22;2025-11-23,2025-11-23,2,7916.746839258588,46350.28444250318,-0.4499921110419604,0.7921819740440696,1.0,11
2025-11-24,2025-11-25,2025-11-23,2025-10-28;2025-11-04;2025-11-11;2025-11-18,2025-11-17;2025-11-18;2025-11-19;2025-11-20;2025-11-21;2025-11-22;2025-11-23,2025-11-23,2,8527.11293175291,46075.84326603323,-0.44777851667984253,0.7921819740440696,1.0,11
2025-11-24,2025-11-25,2025-11-23,2025-10-28;2025-11-04;2025-11-11;2025-11-18,2025-11-17;2025-11-18;2025-11-19;2025-11-20;2025-11-21;2025-11-22;2025-11-23,2025-11-23,2,9706.894571686185,45547.71672301018,-0.44746228891382567,0.7921819740440696,1.0,11
2025-11-24,2025-11-25,2025-11-23,2025-10-28;2025-11-04;2025-11-11;2025-11-18,2025-11-17;2025-11-18;2025-11-19;2025-11-20;2025-11-21;2025-11-22;2025-11-23,2025-11-23,2,10009.430584957698,45412.34326603284,-0.4211205160046231,0.7921819740440696,1.0,11
2025-11-24,2025-11-25,2025-11-23,2025-10-28;2025-11-04;2025-11-11;2025-11-18,2025-11-17;2025-11-18;2025-11-19;2025-11-20;2025-11-21;2025-11-22;2025-11-23,2025-11-23,2,10303.390582396161,45288.550680226836,-0.4211205160046231,0.7921819740440696,1.0,11
2025-11-24,2025-11-25,2025-11-23,2025-10-28;2025-11-04;2025-11-11;2025-11-18,2025-11-17;2025-11-18;2025-11-19;2025-11-20;2025-11-21;2025-11-22;2025-11-23,2025-11-23,2,10730.735569946317,45108.95628166283,-0.40907223811938154,0.7921819740440696,1.0,11
2025-11-24,2025-11-25,2025-11-23,2025-10-28;2025-11-04;2025-11-11;2025-11-18,2025-11-17;2025-11-18;2025-11-19;2025-11-20;2025-11-21;2025-11-22;2025-11-23,2025-11-23,2,10800.0,45080.67332718443,-0.4030006650118583,0.7921819740440696,1.0,11
2025-11-25,2025-11-26,2025-11-24,2025-10-29;2025-11-05;2025-11-12;2025-11-19,2025-11-18;2025-11-19;2025-11-20;2025-11-21;2025-11-22;2025-11-23;2025-11-24,2025-11-24,2,1200.0,49187.10739239505,-0.4544192997661961,0.7992968171674875,1.0,10
2025-11-25,2025-11-26,2025-11-24,2025-10-29;2025-11-05;2025-11-12;2025-11-19,2025-11-18;2025-11-19;2025-11-20;2025-11-21;2025-11-22;2025-11-23;2025-11-24,2025-11-24,2,2850.385326518956,48437.848781307235,-0.4534706164681456,0.7992968171674875,1.0,10
2025-11-25,2025-11-26,2025-11-24,2025-10-29;2025-11-05;2025-11-12;2025-11-19,2025-11-18;2025-11-19;2025-11-20;2025-11-21;2025-11-22;2025-11-23;2025-11-24,2025-11-24,2,3709.580558841014,48048.335760473,-0.4525219331700951,0.7992968171674875,1.0,10
2025-11-25,2025-11-26,2025-11-24,2025-10-29;2025-11-05;2025-11-12;2025-11-19,2025-11-18;2025-11-19;2025-11-20;2025-11-21;2025-11-22;2025-11-23;2025-11-24,2025-11-24,2,5876.908642691462,47069.14044797333,-0.45104620359534986,0.7992968171674875,1.0,10
2025-11-25,2025-11-26,2025-11-24,2025-10-29;2025-11-05;2025-11-12;2025-11-19,2025-11-18;2025-11-19;2025-11-20;2025-11-21;2025-11-22;2025-11-23;2025-11-24,2025-11-24,2,7916.746839256558,46150.62329111092,-0.4499921110419604,0.7992968171674875,1.0,10
2025-11-25,2025-11-26,2025-11-24,2025-10-29;2025-11-05;2025-11-12;2025-11-19,2025-11-18;2025-11-19;2025-11-20;2025-11-21;2025-11-22;2025-11-23;2025-11-24,2025-11-24,2,8527.11293175291,45876.18211464005,-0.44777851667984253,0.7992968171674875,1.0,10
2025-11-25,2025-11-26,2025-11-24,2025-10-29;2025-11-05;2025-11-12;2025-11-19,2025-11-18;2025-11-19;2025-11-20;2025-11-21;2025-11-22;2025-11-23;2025-11-24,2025-11-24,2,9675.620561169177,45362.04951194646,-0.44746228891382567,0.7992968171674875,1.0,10
2025-11-25,2025-11-26,2025-11-24,2025-10-29;2025-11-05;2025-11-12;2025-11-19,2025-11-18;2025-11-19;2025-11-20;2025-11-21;2025-11-22;2025-11-23;2025-11-24,2025-11-24,2,10009.430584958249,45212.68211463943,-0.4211205160046231,0.7992968171674875,1.0,10
2025-11-25,2025-11-26,2025-11-24,2025-10-29;2025-11-05;2025-11-12;2025-11-19,2025-11-18;2025-11-19;2025-11-20;2025-11-21;2025-11-22;2025-11-23;2025-11-24,2025-11-24,2,10302.094790603283,45089.435213342105,-0.4211205160046231,0.7992968171674875,1.0,10
2025-11-25,2025-11-26,2025-11-24,2025-10-29;2025-11-05;2025-11-12;2025-11-19,2025-11-18;2025-11-19;2025-11-20;2025-11-21;2025-11-22;2025-11-23;2025-11-24,2025-11-24,2,10800.0,44879.9361383438,-0.4052775049271795,0.7992968171674875,1.0,10
2025-11-26,2025-11-27,2025-11-25,2025-10-30;2025-11-06;2025-11-13;2025-11-20,2025-11-19;2025-11-20;2025-11-21;2025-11-22;2025-11-23;2025-11-24;2025-11-25,2025-11-25,2,1200.0,49110.153837472375,-0.4544192997661961,0.7991610073877382,1.0,10
2025-11-26,2025-11-27,2025-11-25,2025-10-30;2025-11-06;2025-11-13;2025-11-20,2025-11-19;2025-11-20;2025-11-21;2025-11-22;2025-11-23;2025-11-24;2025-11-25,2025-11-25,2,2826.101312480749,48371.92717482292,-0.4534706164681456,0.7991610073877382,1.0,10
2025-11-26,2025-11-27,2025-11-25,2025-10-30;2025-11-06;2025-11-13;2025-11-20,2025-11-19;2025-11-20;2025-11-21;2025-11-22;2025-11-23;2025-11-24;2025-11-25,2025-11-25,2,3688.644570839898,47980.90227499047,-0.4525219331700951,0.7991610073877382,1.0,10
2025-11-26,2025-11-27,2025-11-25,2025-10-30;2025-11-06;2025-11-13;2025-11-20,2025-11-19;2025-11-20;2025-11-21;2025-11-22;2025-11-23;2025-11-24;2025-11-25,2025-11-25,2,5855.97265469368,47001.70061005653,-0.45104620359534986,0.7991610073877382,1.0,10
2025-11-26,2025-11-27,2025-11-25,2025-10-30;2025-11-06;2025-11-13;2025-11-20,2025-11-19;2025-11-20;2025-11-21;2025-11-22;2025-11-23;2025-11-24;2025-11-25,2025-11-25,2,7895.810851261913,46083.1834531927,-0.4499921110419604,0.7991610073877382,1.0,10
2025-11-26,2025-11-27,2025-11-25,2025-10-30;2025-11-06;2025-11-13;2025-11-20,2025-11-19;2025-11-20;2025-11-21;2025-11-22;2025-11-23;2025-11-24;2025-11-25,2025-11-25,2,8506.176943758264,45808.742276721845,-0.44777851667984253,0.7991610073877382,1.0,10
2025-11-26,2025-11-27,2025-11-25,2025-10-30;2025-11-06;2025-11-13;2025-11-20,2025-11-19;2025-11-20;2025-11-21;2025-11-22;2025-11-23;2025-11-24;2025-11-25,2025-11-25,2,9706.667062464072,45271.34947038731,-0.44746228891382567,0.7991610073877382,1.0,10
2025-11-26,2025-11-27,2025-11-25,2025-10-30;2025-11-06;2025-11-13;2025-11-20,2025-11-19;2025-11-20;2025-11-21;2025-11-22;2025-11-23;2025-11-24;2025-11-25,2025-11-25,2,9987.82578354793,45145.58402038188,-0.44140828401552556,0.7991610073877382,1.0,10
2025-11-26,2025-11-27,2025-11-25,2025-10-30;2025-11-06;2025-11-13;2025-11-20,2025-11-19;2025-11-20;2025-11-21;2025-11-22;2025-11-23;2025-11-24;2025-11-25,2025-11-25,2,10309.19392569984,45010.20682765258,-0.4211205160046231,0.7991610073877382,1.0,10
2025-11-26,2025-11-27,2025-11-25,2025-10-30;2025-11-06;2025-11-13;2025-11-20,2025-11-19;2025-11-20;2025-11-21;2025-11-22;2025-11-23;2025-11-24;2025-11-25,2025-11-25,2,10800.0,44803.94624669694,-0.4030006650118583,0.7991610073877382,1.0,10
2025-11-27,2025-11-28,2025-11-26,2025-10-31;2025-11-07;2025-11-14;2025-11-21,2025-11-20;2025-11-21;2025-11-22;2025-11-23;2025-11-24;2025-11-25;2025-11-26,2025-11-26,2,1200.0,18126.111452124744,-0.4525219331700951,0.6630931064228207,1.0,10
2025-11-27,2025-11-28,2025-11-26,2025-10-31;2025-11-07;2025-11-14;2025-11-21,2025-11-20;2025-11-21;2025-11-22;2025-11-23;2025-11-24;2025-11-25;2025-11-26,2025-11-26,2,2506.450328846912,17535.63372069393,-0.45104620359534986,0.6630931064228207,1.0,10
2025-11-27,2025-11-28,2025-11-26,2025-10-31;2025-11-07;2025-11-14;2025-11-21,2025-11-20;2025-11-21;2025-11-22;2025-11-23;2025-11-24;2025-11-25;2025-11-26,2025-11-26,2,4216.356146987184,16765.10941513838,-0.45020292955263824,0.6630931064228207,1.0,10
2025-11-27,2025-11-28,2025-11-26,2025-10-31;2025-11-07;2025-11-14;2025-11-21,2025-11-20;2025-11-21;2025-11-22;2025-11-23;2025-11-24;2025-11-25;2025-11-26,2025-11-26,2,5663.199531567448,16113.976669411875,-0.44777851667984253,0.6630931064228207,1.0,10
2025-11-27,2025-11-28,2025-11-26,2025-10-31;2025-11-07;2025-11-14;2025-11-21,2025-11-20;2025-11-21;2025-11-22;2025-11-23;2025-11-24;2025-11-25;2025-11-26,2025-11-26,2,6777.15162127573,15615.284732995286,-0.44746228891382567,0.6630931064228207,1.0,10
2025-11-27,2025-11-28,2025-11-26,2025-10-31;2025-11-07;2025-11-14;2025-11-21,2025-11-20;2025-11-21;2025-11-22;2025-11-23;2025-11-24;2025-11-25;2025-11-26,2025-11-26,2,7240.644014812119,15408.593011582303,-0.4211205160046231,0.6630931064228207,1.0,10
2025-11-27,2025-11-28,2025-11-26,2025-10-31;2025-11-07;2025-11-14;2025-11-21,2025-11-20;2025-11-21;2025-11-22;2025-11-23;2025-11-24;2025-11-25;2025-11-26,2025-11-26,2,7958.238351856554,15106.852976787159,-0.41950775439793714,0.6630931064228207,1.0,10
2025-11-27,2025-11-28,2025-11-26,2025-10-31;2025-11-07;2025-11-14;2025-11-21,2025-11-20;2025-11-21;2025-11-22;2025-11-23;2025-11-24;2025-11-25;2025-11-26,2025-11-26,2,8918.317449703038,14705.688412036292,-0.4169463094932008,0.6630931064228207,1.0,10
2025-11-27,2025-11-28,2025-11-26,2025-10-31;2025-11-07;2025-11-14;2025-11-21,2025-11-20;2025-11-21;2025-11-22;2025-11-23;2025-11-24;2025-11-25;2025-11-26,2025-11-26,2,10320.41181301822,14121.755524017804,-0.41533354788651494,0.6630931064228207,1.0,10
2025-11-27,2025-11-28,2025-11-26,2025-10-31;2025-11-07;2025-11-14;2025-11-21,2025-11-20;2025-11-21;2025-11-22;2025-11-23;2025-11-24;2025-11-25;2025-11-26,2025-11-26,2,10800.0,13922.628534311334,-0.4030006650118583,0.6630931064228207,1.0,10
2025-11-28,2025-11-29,2025-11-27,2025-11-01;2025-11-08;2025-11-15;2025-11-22,2025-11-21;2025-11-22;2025-11-23;2025-11-24;2025-11-25;2025-11-26;2025-11-27,2025-11-27,2,1200.0,18414.910292746827,-0.4525219331700951,0.7326780838720879,1.0,10
2025-11-28,2025-11-29,2025-11-27,2025-11-01;2025-11-08;2025-11-15;2025-11-22,2025-11-21;2025-11-22;2025-11-23;2025-11-24;2025-11-25;2025-11-26;2025-11-27,2025-11-27,2,2713.29879003719,17730.82909578493,-0.45104620359534986,0.7326780838720879,1.0,10
2025-11-28,2025-11-29,2025-11-27,2025-11-01;2025-11-08;2025-11-15;2025-11-22,2025-11-21;2025-11-22;2025-11-23;2025-11-24;2025-11-25;2025-11-26;2025-11-27,2025-11-27,2,4423.204608176615,16960.304790229762,-0.45020292955263824,0.7326780838720879,1.0,10
2025-11-28,2025-11-29,2025-11-27,2025-11-01;2025-11-08;2025-11-15;2025-11-22,2025-11-21;2025-11-22;2025-11-23;2025-11-24;2025-11-25;2025-11-26;2025-11-27,2025-11-27,2,5870.047992756162,16309.172044503583,-0.44777851667984253,0.7326780838720879,1.0,10
2025-11-28,2025-11-29,2025-11-27,2025-11-01;2025-11-08;2025-11-15;2025-11-22,2025-11-21;2025-11-22;2025-11-23;2025-11-24;2025-11-25;2025-11-26;2025-11-27,2025-11-27,2,6986.545111594128,15809.341303527268,-0.44746228891382567,0.7326780838720879,1.0,10
2025-11-28,2025-11-29,2025-11-27,2025-11-01;2025-11-08;2025-11-15;2025-11-22,2025-11-21;2025-11-22;2025-11-23;2025-11-24;2025-11-25;2025-11-26;2025-11-27,2025-11-27,2,7450.498143886892,15602.522638262893,-0.4211205160046231,0.7326780838720879,1.0,10
2025-11-28,2025-11-29,2025-11-27,2025-11-01;2025-11-08;2025-11-15;2025-11-22,2025-11-21;2025-11-22;2025-11-23;2025-11-24;2025-11-25;2025-11-26;2025-11-27,2025-11-27,2,8118.855499810486,15321.358724230187,-0.41950775439793714,0.7326780838720879,1.0,10
2025-11-28,2025-11-29,2025-11-27,2025-11-01;2025-11-08;2025-11-15;2025-11-22,2025-11-21;2025-11-22;2025-11-23;2025-11-24;2025-11-25;2025-11-26;2025-11-27,2025-11-27,2,9152.83800150741,14889.17682122692,-0.4169463094932008,0.7326780838720879,1.0,10
2025-11-28,2025-11-29,2025-11-27,2025-11-01;2025-11-08;2025-11-15;2025-11-22,2025-11-21;2025-11-22;2025-11-23;2025-11-24;2025-11-25;2025-11-26;2025-11-27,2025-11-27,2,10383.47627624322,14376.469686045586,-0.41533354788651494,0.7326780838720879,1.0,10
2025-11-28,2025-11-29,2025-11-27,2025-11-01;2025-11-08;2025-11-15;2025-11-22,2025-11-21;2025-11-22;2025-11-23;2025-11-24;2025-11-25;2025-11-26;2025-11-27,2025-11-27,2,10800.0,14203.47341007878,-0.4030006650118583,0.7326780838720879,1.0,10
2025-11-29,2025-11-30,2025-11-28,2025-11-02;2025-11-09;2025-11-16;2025-11-23,2025-11-22;2025-11-23;2025-11-24;2025-11-25;2025-11-26;2025-11-27;2025-11-28,2025-11-28,2,1200.0,50222.200932290056,-0.4544192997661961,0.9096502092797891,1.0,12
2025-11-29,2025-11-30,2025-11-28,2025-11-02;2025-11-09;2025-11-16;2025-11-23,2025-11-22;2025-11-23;2025-11-24;2025-11-25;2025-11-26;2025-11-27;2025-11-28,2025-11-28,2,2508.896183674672,49628.11823447859,-0.4534706164681456,0.9096502092797891,1.0,12
2025-11-29,2025-11-30,2025-11-28,2025-11-02;2025-11-09;2025-11-16;2025-11-23,2025-11-22;2025-11-23;2025-11-24;2025-11-25;2025-11-26;2025-11-27;2025-11-28,2025-11-28,2,3841.0350129686417,49024.59120675491,-0.4525219331700951,0.9096502092797891,1.0,12
2025-11-29,2025-11-30,2025-11-28,2025-11-02;2025-11-09;2025-11-16;2025-11-23,2025-11-22;2025-11-23;2025-11-24;2025-11-25;2025-11-26;2025-11-27;2025-11-28,2025-11-28,2,4930.966782390954,48532.0867921897,-0.45104620359534986,0.9096502092797891,1.0,12
2025-11-29,2025-11-30,2025-11-28,2025-11-02;2025-11-09;2025-11-16;2025-11-23,2025-11-22;2025-11-23;2025-11-24;2025-11-25;2025-11-26;2025-11-27;2025-11-28,2025-11-28,2,6941.63095255788,47626.16627567675,-0.45020292955263824,0.9096502092797891,1.0,12
2025-11-29,2025-11-30,2025-11-28,2025-11-02;2025-11-09;2025-11-16;2025-11-23,2025-11-22;2025-11-23;2025-11-24;2025-11-25;2025-11-26;2025-11-27;2025-11-28,2025-11-28,2,8025.604628254807,47138.392180188894,-0.44777851667984253,0.9096502092797891,1.0,12
2025-11-29,2025-11-30,2025-11-28,2025-11-02;2025-11-09;2025-11-16;2025-11-23,2025-11-22;2025-11-23;2025-11-24;2025-11-25;2025-11-26;2025-11-27;2025-11-28,2025-11-28,2,8907.766614948016,46743.42392956154,-0.44746228891382567,0.9096502092797891,1.0,12
2025-11-29,2025-11-30,2025-11-28,2025-11-02;2025-11-09;2025-11-16;2025-11-23,2025-11-22;2025-11-23;2025-11-24;2025-11-25;2025-11-26;2025-11-27;2025-11-28,2025-11-28,2,9600.818794589928,46433.60037248482,-0.4435537137258575,0.9096502092797891,1.0,12
2025-11-29,2025-11-30,2025-11-28,2025-11-02;2025-11-09;2025-11-16;2025-11-23,2025-11-22;2025-11-23;2025-11-24;2025-11-25;2025-11-26;2025-11-27;2025-11-28,2025-11-28,2,9821.302791035956,46336.30909486455,-0.43867326520366434,0.9096502092797891,1.0,12
2025-11-29,2025-11-30,2025-11-28,2025-11-02;2025-11-09;2025-11-16;2025-11-23,2025-11-22;2025-11-23;2025-11-24;2025-11-25;2025-11-26;2025-11-27;2025-11-28,2025-11-28,2,9966.107099475052,46273.4061520876,-0.4309106933977147,0.9096502092797891,1.0,12
2025-11-29,2025-11-30,2025-11-28,2025-11-02;2025-11-09;2025-11-16;2025-11-23,2025-11-22;2025-11-23;2025-11-24;2025-11-25;2025-11-26;2025-11-27;2025-11-28,2025-11-28,2,10313.308612526778,46125.36170793847,-0.4211205160046231,0.9096502092797891,1.0,12
2025-11-29,2025-11-30,2025-11-28,2025-11-02;2025-11-09;2025-11-16;2025-11-23,2025-11-22;2025-11-23;2025-11-24;2025-11-25;2025-11-26;2025-11-27;2025-11-28,2025-11-28,2,10800.0,45921.43591493982,-0.4030006650118583,0.9096502092797891,1.0,12
2025-11-30,2025-12-01,2025-11-29,2025-11-03;2025-11-10;2025-11-17;2025-11-24,2025-11-23;2025-11-24;2025-11-25;2025-11-26;2025-11-27;2025-11-28;2025-11-29,2025-11-29,2,1200.0,50802.11193828872,-0.4544192997661961,0.9519716219219845,1.0,9
2025-11-30,2025-12-01,2025-11-29,2025-11-03;2025-11-10;2025-11-17;2025-11-24,2025-11-23;2025-11-24;2025-11-25;2025-11-26;2025-11-27;2025-11-28;2025-11-29,2025-11-29,2,3303.9949318139497,49847.58334378432,-0.4525219331700951,0.9519716219219845,1.0,9
2025-11-30,2025-12-01,2025-11-29,2025-11-03;2025-11-10;2025-11-17;2025-11-24,2025-11-23;2025-11-24;2025-11-25;2025-11-26;2025-11-27;2025-11-28;2025-11-29,2025-11-29,2,5428.382118985133,48887.819258922034,-0.45104620359534986,0.9519716219219845,1.0,9
2025-11-30,2025-12-01,2025-11-29,2025-11-03;2025-11-10;2025-11-17;2025-11-24,2025-11-23;2025-11-24;2025-11-25;2025-11-26;2025-11-27;2025-11-28;2025-11-29,2025-11-29,2,7427.805353969747,47987.53444143929,-0.44999211104196035,0.9519716219219845,1.0,9
2025-11-30,2025-12-01,2025-11-29,2025-11-03;2025-11-10;2025-11-17;2025-11-24,2025-11-23;2025-11-24;2025-11-25;2025-11-26;2025-11-27;2025-11-28;2025-11-29,2025-11-29,2,8039.485527129603,47712.50746246822,-0.44777851667984253,0.9519716219219845,1.0,9
2025-11-30,2025-12-01,2025-11-29,2025-11-03;2025-11-10;2025-11-17;2025-11-24,2025-11-23;2025-11-24;2025-11-25;2025-11-26;2025-11-27;2025-11-28;2025-11-29,2025-11-29,2,9523.476208511744,47048.253322018536,-0.44746228891382567,0.9519716219219845,1.0,9
2025-11-30,2025-12-01,2025-11-29,2025-11-03;2025-11-10;2025-11-17;2025-11-24,2025-11-23;2025-11-24;2025-11-25;2025-11-26;2025-11-27;2025-11-28;2025-11-29,2025-11-29,2,9750.479016809186,46947.51740529189,-0.44105551437432455,0.9519716219219845,1.0,9
2025-11-30,2025-12-01,2025-11-29,2025-11-03;2025-11-10;2025-11-17;2025-11-24,2025-11-23;2025-11-24;2025-11-25;2025-11-26;2025-11-27;2025-11-28;2025-11-29,2025-11-29,2,10164.244842719321,46772.432847715536,-0.4211205160046231,0.9519716219219845,1.0,9
2025-11-30,2025-12-01,2025-11-29,2025-11-03;2025-11-10;2025-11-17;2025-11-24,2025-11-23;2025-11-24;2025-11-25;2025-11-26;2025-11-27;2025-11-28;2025-11-29,2025-11-29,2,10800.0,46505.323771122996,-0.4030006650118583,0.9519716219219845,1.0,9
2025-12-01,2025-12-02,2025-11-30,2025-11-04;2025-11-11;2025-11-18;2025-11-25,2025-11-24;2025-11-25;2025-11-26;2025-11-27;2025-11-28;2025-11-29;2025-11-30,2025-11-30,2,1200.0,51161.30336707177,-0.4544192997661961,0.9519716219292604,1.0,9
2025-12-01,2025-12-02,2025-11-30,2025-11-04;2025-11-11;2025-11-18;2025-11-25,2025-11-24;2025-11-25;2025-11-26;2025-11-27;2025-11-28;2025-11-29;2025-11-30,2025-11-30,2,3303.9949318161066,50206.774772566394,-0.4525219331700951,0.9519716219292604,1.0,9
2025-12-01,2025-12-02,2025-11-30,2025-11-04;2025-11-11;2025-11-18;2025-11-25,2025-11-24;2025-11-25;2025-11-26;2025-11-27;2025-11-28;2025-11-29;2025-11-30,2025-11-30,2,5428.382118986179,49247.010687704606,-0.45104620359534986,0.9519716219292604,1.0,9
2025-12-01,2025-12-02,2025-11-30,2025-11-04;2025-11-11;2025-11-18;2025-11-25,2025-11-24;2025-11-25;2025-11-26;2025-11-27;2025-11-28;2025-11-29;2025-11-30,2025-11-30,2,7427.805353969747,48346.72587022234,-0.44999211104196035,0.9519716219292604,1.0,9
2025-12-01,2025-12-02,2025-11-30,2025-11-04;2025-11-11;2025-11-18;2025-11-25,2025-11-24;2025-11-25;2025-11-26;2025-11-27;2025-11-28;2025-11-29;2025-11-30,2025-11-30,2,8039.485527132479,48071.69889124998,-0.44777851667984253,0.9519716219292604,1.0,9
2025-12-01,2025-12-02,2025-11-30,2025-11-04;2025-11-11;2025-11-18;2025-11-25,2025-11-24;2025-11-25;2025-11-26;2025-11-27;2025-11-28;2025-11-29;2025-11-30,2025-11-30,2,9523.467086733875,47407.448832453185,-0.44746228891382567,0.9519716219292604,1.0,9
2025-12-01,2025-12-02,2025-11-30,2025-11-04;2025-11-11;2025-11-18;2025-11-25,2025-11-24;2025-11-25;2025-11-26;2025-11-27;2025-11-28;2025-11-29;2025-11-30,2025-11-30,2,9750.479016809186,47306.70883407493,-0.44105551437432455,0.9519716219292604,1.0,9
2025-12-01,2025-12-02,2025-11-30,2025-11-04;2025-11-11;2025-11-18;2025-11-25,2025-11-24;2025-11-25;2025-11-26;2025-11-27;2025-11-28;2025-11-29;2025-11-30,2025-11-30,2,10164.234293636076,47131.628718933964,-0.4211205160046231,0.9519716219292604,1.0,9
2025-12-01,2025-12-02,2025-11-30,2025-11-04;2025-11-11;2025-11-18;2025-11-25,2025-11-24;2025-11-25;2025-11-26;2025-11-27;2025-11-28;2025-11-29;2025-11-30,2025-11-30,2,10800.0,46864.51566893541,-0.4030006650118583,0.9519716219292604,1.0,9
2025-12-02,2025-12-03,2025-12-01,2025-11-05;2025-11-12;2025-11-19;2025-11-26,2025-11-25;2025-11-26;2025-11-27;2025-11-28;2025-11-29;2025-11-30;2025-12-01,2025-12-01,2,1200.0,51736.09822393523,-0.4544192997661961,0.9520083196766791,1.0,9
2025-12-02,2025-12-03,2025-12-01,2025-11-05;2025-11-12;2025-11-19;2025-11-26,2025-11-25;2025-11-26;2025-11-27;2025-11-28;2025-11-29;2025-11-30;2025-12-01,2025-12-01,2,3304.0558249808537,50781.5420463458,-0.4525219331700951,0.9520083196766791,1.0,9
2025-12-02,2025-12-03,2025-12-01,2025-11-05;2025-11-12;2025-11-19;2025-11-26,2025-11-25;2025-11-26;2025-11-27;2025-11-28;2025-11-29;2025-11-30;2025-12-01,2025-12-01,2,5428.499566732425,49821.7523648095,-0.45104620359534986,0.9520083196766791,1.0,9
2025-12-02,2025-12-03,2025-12-01,2025-11-05;2025-11-12;2025-11-19;2025-11-26,2025-11-25;2025-11-26;2025-11-27;2025-11-28;2025-11-29;2025-11-30;2025-12-01,2025-12-01,2,7427.976029557402,48921.443719019306,-0.44999211104196035,0.9520083196766791,1.0,9
2025-12-02,2025-12-03,2025-12-01,2025-11-05;2025-11-12;2025-11-19;2025-11-26,2025-11-25;2025-11-26;2025-11-27;2025-11-28;2025-11-29;2025-11-30;2025-12-01,2025-12-01,2,8039.727317548325,48646.38484330456,-0.44777851667984253,0.9520083196766791,1.0,9
2025-12-02,2025-12-03,2025-12-01,2025-11-05;2025-11-12;2025-11-19;2025-11-26,2025-11-25;2025-11-26;2025-11-27;2025-11-28;2025-11-29;2025-11-30;2025-12-01,2025-12-01,2,9523.315266266336,47982.310806165304,-0.44746228891382567,0.9520083196766791,1.0,9
2025-12-02,2025-12-03,2025-12-01,2025-11-05;2025-11-12;2025-11-19;2025-11-26,2025-11-25;2025-11-26;2025-11-27;2025-11-28;2025-11-29;2025-11-30;2025-12-01,2025-12-01,2,9750.47910072262,47881.500837551626,-0.441065001207305,0.9520083196766791,1.0,9
2025-12-02,2025-12-03,2025-12-01,2025-11-05;2025-11-12;2025-11-19;2025-11-26,2025-11-25;2025-11-26;2025-11-27;2025-11-28;2025-11-29;2025-11-30;2025-12-01,2025-12-01,2,10164.040340162113,47706.504434288785,-0.4211205160046231,0.9520083196766791,1.0,9
2025-12-02,2025-12-03,2025-12-01,2025-11-05;2025-11-12;2025-11-19;2025-11-26,2025-11-25;2025-11-26;2025-11-27;2025-11-28;2025-11-29;2025-11-30;2025-12-01,2025-12-01,2,10800.0,47439.31833220004,-0.4030006650118583,0.9520083196766791,1.0,9
2025-12-03,2025-12-04,2025-12-02,2025-11-06;2025-11-13;2025-11-20;2025-11-27,2025-11-26;2025-11-27;2025-11-28;2025-11-29;2025-11-30;2025-12-01;2025-12-02,2025-12-02,2,1200.0,52229.91460559251,-0.4544192997661961,0.9520083196766791,1.0,9
2025-12-03,2025-12-04,2025-12-02,2025-11-06;2025-11-13;2025-11-20;2025-11-27,2025-11-26;2025-11-27;2025-11-28;2025-11-29;2025-11-30;2025-12-01;2025-12-02,2025-12-02,2,3304.0558249808537,51275.35842800308,-0.4525219331700951,0.9520083196766791,1.0,9
2025-12-03,2025-12-04,2025-12-02,2025-11-06;2025-11-13;2025-11-20;2025-11-27,2025-11-26;2025-11-27;2025-11-28;2025-11-29;2025-11-30;2025-12-01;2025-12-02,2025-12-02,2,5428.499566733471,50315.568746466306,-0.45104620359534986,0.9520083196766791,1.0,9
2025-12-03,2025-12-04,2025-12-02,2025-11-06;2025-11-13;2025-11-20;2025-11-27,2025-11-26;2025-11-27;2025-11-28;2025-11-29;2025-11-30;2025-12-01;2025-12-02,2025-12-02,2,7427.976029559432,49415.26010067567,-0.44999211104196035,0.9520083196766791,1.0,9
2025-12-03,2025-12-04,2025-12-02,2025-11-06;2025-11-13;2025-11-20;2025-11-27,2025-11-26;2025-11-27;2025-11-28;2025-11-29;2025-11-30;2025-12-01;2025-12-02,2025-12-02,2,8039.727317548325,49140.201224961835,-0.44777851667984253,0.9520083196766791,1.0,9
2025-12-03,2025-12-04,2025-12-02,2025-11-06;2025-11-13;2025-11-20;2025-11-27,2025-11-26;2025-11-27;2025-11-28;2025-11-29;2025-11-30;2025-12-01;2025-12-02,2025-12-02,2,9523.222220275107,48476.168822394786,-0.44746228891382567,0.9520083196766791,1.0,9
2025-12-03,2025-12-04,2025-12-02,2025-11-06;2025-11-13;2025-11-20;2025-11-27,2025-11-26;2025-11-27;2025-11-28;2025-11-29;2025-11-30;2025-12-01;2025-12-02,2025-12-02,2,9750.479100722068,48375.31721920915,-0.441065001207305,0.9520083196766791,1.0,9
2025-12-03,2025-12-04,2025-12-02,2025-11-06;2025-11-13;2025-11-20;2025-11-27,2025-11-26;2025-11-27;2025-11-28;2025-11-29;2025-11-30;2025-12-01;2025-12-02,2025-12-02,2,10163.932735054028,48200.36613066471,-0.4211205160046231,0.9520083196766791,1.0,9
2025-12-03,2025-12-04,2025-12-02,2025-11-06;2025-11-13;2025-11-20;2025-11-27,2025-11-26;2025-11-27;2025-11-28;2025-11-29;2025-11-30;2025-12-01;2025-12-02,2025-12-02,2,10800.0,47933.13949815516,-0.4030006650118583,0.9520083196766791,1.0,9
2025-12-04,2025-12-05,2025-12-03,2025-11-07;2025-11-14;2025-11-21;2025-11-28,2025-11-27;2025-11-28;2025-11-29;2025-11-30;2025-12-01;2025-12-02;2025-12-03,2025-12-03,2,1200.0,19572.816265046444,-0.4534706164681456,0.9073558349191444,1.0,11
2025-12-04,2025-12-05,2025-12-03,2025-11-07;2025-11-14;2025-11-21;2025-11-28,2025-11-27;2025-11-28;2025-11-29;2025-11-30;2025-12-01;2025-12-02;2025-12-03,2025-12-03,2,3588.7026792460006,18490.915344085202,-0.45167865912738353,0.9073558349191444,1.0,11
2025-12-04,2025-12-05,2025-12-03,2025-11-07;2025-11-14;2025-11-21;2025-11-28,2025-11-27;2025-11-28;2025-11-29;2025-11-30;2025-12-01;2025-12-02;2025-12-03,2025-12-03,2,5169.841509329641,17777.609788529895,-0.45030833880797727,0.9073558349191444,1.0,11
2025-12-04,2025-12-05,2025-12-03,2025-11-07;2025-11-14;2025-11-21;2025-11-28,2025-11-27;2025-11-28;2025-11-29;2025-11-30;2025-12-01;2025-12-02;2025-12-03,2025-12-03,2,7146.265046934147,16887.901455196894,-0.4499921110419604,0.9073558349191444,1.0,11
2025-12-04,2025-12-05,2025-12-03,2025-11-07;2025-11-14;2025-11-21;2025-11-28,2025-11-27;2025-11-28;2025-11-29;2025-11-30;2025-12-01;2025-12-02;2025-12-03,2025-12-03,2,7792.524171929874,16598.228836148824,-0.44777851667984253,0.9073558349191444,1.0,11
2025-12-04,2025-12-05,2025-12-03,2025-11-07;2025-11-14;2025-11-21;2025-11-28,2025-11-27;2025-11-28;2025-11-29;2025-11-30;2025-12-01;2025-12-02;2025-12-03,2025-12-03,2,8841.597236969967,16128.72089964084,-0.44746228891382567,0.9073558349191444,1.0,11
2025-12-04,2025-12-05,2025-12-03,2025-11-07;2025-11-14;2025-11-21;2025-11-28,2025-11-27;2025-11-28;2025-11-29;2025-11-30;2025-12-01;2025-12-02;2025-12-03,2025-12-03,2,9169.633949684267,15986.256706818149,-0.4335482672090848,0.9073558349191444,1.0,11
2025-12-04,2025-12-05,2025-12-03,2025-11-07;2025-11-14;2025-11-21;2025-11-28,2025-11-27;2025-11-28;2025-11-29;2025-11-30;2025-12-01;2025-12-02;2025-12-03,2025-12-03,2,9300.250362493922,15930.287356233966,-0.4211205160046231,0.9073558349191444,1.0,11
2025-12-04,2025-12-05,2025-12-03,2025-11-07;2025-11-14;2025-11-21;2025-11-28,2025-11-27;2025-11-28;2025-11-29;2025-11-30;2025-12-01;2025-12-02;2025-12-03,2025-12-03,2,10067.749022132786,15607.656548166928,-0.41950775439793714,0.9073558349191444,1.0,11
2025-12-04,2025-12-05,2025-12-03,2025-11-07;2025-11-14;2025-11-21;2025-11-28,2025-11-27;2025-11-28;2025-11-29;2025-11-30;2025-12-01;2025-12-02;2025-12-03,2025-12-03,2,10720.563974009527,15334.903400245194,-0.4169463094932008,0.9073558349191444,1.0,11
2025-12-04,2025-12-05,2025-12-03,2025-11-07;2025-11-14;2025-11-21;2025-11-28,2025-11-27;2025-11-28;2025-11-29;2025-11-30;2025-12-01;2025-12-02;2025-12-03,2025-12-03,2,10800.0,15301.78284236766,-0.4030006650118583,0.9073558349191444,1.0,11
2025-12-05,2025-12-06,2025-12-04,2025-11-08;2025-11-15;2025-11-22;2025-11-29,2025-11-28;2025-11-29;2025-11-30;2025-12-01;2025-12-02;2025-12-03;2025-12-04,2025-12-04,2,1200.0,19808.142020740244,-0.4544192997661961,0.9176745211443631,1.0,10
2025-12-05,2025-12-06,2025-12-04,2025-11-08;2025-11-15;2025-11-22;2025-11-29,2025-11-28;2025-11-29;2025-11-30;2025-12-01;2025-12-02;2025-12-03;2025-12-04,2025-12-04,2,3144.3059691177627,18926.24207205585,-0.4525219331700951,0.9176745211443631,1.0,10
2025-12-05,2025-12-06,2025-12-04,2025-11-08;2025-11-15;2025-11-22;2025-11-29,2025-11-28;2025-11-29;2025-11-30;2025-12-01;2025-12-02;2025-12-03;2025-12-04,2025-12-04,2,5311.634052968608,17947.046759556008,-0.45104620359534986,0.9176745211443631,1.0,10
2025-12-05,2025-12-06,2025-12-04,2025-11-08;2025-11-15;2025-11-22;2025-11-29,2025-11-28;2025-11-29;2025-11-30;2025-12-01;2025-12-02;2025-12-03;2025-12-04,2025-12-04,2,7351.472249534077,17028.52960269343,-0.4499921110419604,0.9176745211443631,1.0,10
2025-12-05,2025-12-06,2025-12-04,2025-11-08;2025-11-15;2025-11-22;2025-11-29,2025-11-28;2025-11-29;2025-11-30;2025-12-01;2025-12-02;2025-12-03;2025-12-04,2025-12-04,2,7961.838342031108,16754.088426222257,-0.44777851667984253,0.9176745211443631,1.0,10
2025-12-05,2025-12-06,2025-12-04,2025-11-08;2025-11-15;2025-11-22;2025-11-29,2025-11-28;2025-11-29;2025-11-30;2025-12-01;2025-12-02;2025-12-03;2025-12-04,2025-12-04,2,9341.491146367425,16136.52707448755,-0.44746228891382567,0.9176745211443631,1.0,10
2025-12-05,2025-12-06,2025-12-04,2025-11-08;2025-11-15;2025-11-22;2025-11-29,2025-11-28;2025-11-29;2025-11-30;2025-12-01;2025-12-02;2025-12-03;2025-12-04,2025-12-04,2,9628.595566438104,16010.624969722394,-0.4335482672090848,0.9176745211443631,1.0,10
2025-12-05,2025-12-06,2025-12-04,2025-11-08;2025-11-15;2025-11-22;2025-11-29,2025-11-28;2025-11-29;2025-11-30;2025-12-01;2025-12-02;2025-12-03;2025-12-04,2025-12-04,2,9835.092796284825,15921.098453538874,-0.4211205160046231,0.9176745211443631,1.0,10
2025-12-05,2025-12-06,2025-12-04,2025-11-08;2025-11-15;2025-11-22;2025-11-29,2025-11-28;2025-11-29;2025-11-30;2025-12-01;2025-12-02;2025-12-03;2025-12-04,2025-12-04,2,10026.100073431318,15840.661370426304,-0.4211205160046231,0.9176745211443631,1.0,10
2025-12-05,2025-12-06,2025-12-04,2025-11-08;2025-11-15;2025-11-22;2025-11-29,2025-11-28;2025-11-29;2025-11-30;2025-12-01;2025-12-02;2025-12-03;2025-12-04,2025-12-04,2,10800.0,15515.591723954512,-0.4065107932146451,0.9176745211443631,1.0,10
2025-12-06,2025-12-07,2025-12-05,2025-11-09;2025-11-16;2025-11-23;2025-11-30,2025-11-29;2025-11-30;2025-12-01;2025-12-02;2025-12-03;2025-12-04;2025-12-05,2025-12-05,2,1200.0,53509.67742481851,-0.4544192997661961,0.7992968171747634,1.0,10
2025-12-06,2025-12-07,2025-12-05,2025-11-09;2025-11-16;2025-11-23;2025-11-30,2025-11-29;2025-11-30;2025-12-01;2025-12-02;2025-12-03;2025-12-04;2025-12-05,2025-12-05,2,2850.3853265227904,52760.41881372895,-0.4534706164681456,0.7992968171747634,1.0,10
2025-12-06,2025-12-07,2025-12-05,2025-11-09;2025-11-16;2025-11-23;2025-11-30,2025-11-29;2025-11-30;2025-12-01;2025-12-02;2025-12-03;2025-12-04;2025-12-05,2025-12-05,2,3709.580558841014,52370.90579289645,-0.4525219331700951,0.7992968171747634,1.0,10
2025-12-06,2025-12-07,2025-12-05,2025-11-09;2025-11-16;2025-11-23;2025-11-30,2025-11-29;2025-11-30;2025-12-01;2025-12-02;2025-12-03;2025-12-04;2025-12-05,2025-12-05,2,5876.908642692508,51391.710480396316,-0.45104620359534986,0.7992968171747634,1.0,10
2025-12-06,2025-12-07,2025-12-05,2025-11-09;2025-11-16;2025-11-23;2025-11-30,2025-11-29;2025-11-30;2025-12-01;2025-12-02;2025-12-03;2025-12-04;2025-12-05,2025-12-05,2,7916.746839258588,50473.19332353346,-0.4499921110419604,0.7992968171747634,1.0,10
2025-12-06,2025-12-07,2025-12-05,2025-11-09;2025-11-16;2025-11-23;2025-11-30,2025-11-29;2025-11-30;2025-12-01;2025-12-02;2025-12-03;2025-12-04;2025-12-05,2025-12-05,2,8527.11293175291,50198.752147063504,-0.44777851667984253,0.7992968171747634,1.0,10
2025-12-06,2025-12-07,2025-12-05,2025-11-09;2025-11-16;2025-11-23;2025-11-30,2025-11-29;2025-11-30;2025-12-01;2025-12-02;2025-12-03;2025-12-04;2025-12-05,2025-12-05,2,9724.496827486955,49662.7492583698,-0.44746228891382567,0.7992968171747634,1.0,10
2025-12-06,2025-12-07,2025-12-05,2025-11-09;2025-11-16;2025-11-23;2025-11-30,2025-11-29;2025-11-30;2025-12-01;2025-12-02;2025-12-03;2025-12-04;2025-12-05,2025-12-05,2,10009.430584957972,49535.252147063,-0.4211205160046231,0.7992968171747634,1.0,10
2025-12-06,2025-12-07,2025-12-05,2025-11-09;2025-11-16;2025-11-23;2025-11-30,2025-11-29;2025-11-30;2025-12-01;2025-12-02;2025-12-03;2025-12-04;2025-12-05,2025-12-05,2,10326.53765298822,49401.71185494539,-0.4211205160046231,0.7992968171747634,1.0,10
2025-12-06,2025-12-07,2025-12-05,2025-11-09;2025-11-16;2025-11-23;2025-11-30,2025-11-29;2025-11-30;2025-12-01;2025-12-02;2025-12-03;2025-12-04;2025-12-05,2025-12-05,2,10800.0,49202.55305186761,-0.4030006650118583,0.7992968171747634,1.0,10
2025-12-07,2025-12-08,2025-12-06,2025-11-10;2025-11-17;2025-11-24;2025-12-01,2025-11-30;2025-12-01;2025-12-02;2025-12-03;2025-12-04;2025-12-05;2025-12-06,2025-12-06,2,1200.0,54929.28958212251,-0.4544192997661961,0.7992968171674875,1.0,10
2025-12-07,2025-12-08,2025-12-06,2025-11-10;2025-11-17;2025-11-24;2025-12-01,2025-11-30;2025-12-01;2025-12-02;2025-12-03;2025-12-04;2025-12-05;2025-12-06,2025-12-06,2,2850.385326518956,54180.0309710347,-0.4534706164681456,0.7992968171674875,1.0,10
2025-12-07,2025-12-08,2025-12-06,2025-11-10;2025-11-17;2025-11-24;2025-12-01,2025-11-30;2025-12-01;2025-12-02;2025-12-03;2025-12-04;2025-12-05;2025-12-06,2025-12-06,2,3709.580558841014,53790.517950200454,-0.4525219331700951,0.7992968171674875,1.0,10
2025-12-07,2025-12-08,2025-12-06,2025-11-10;2025-11-17;2025-11-24;2025-12-01,2025-11-30;2025-12-01;2025-12-02;2025-12-03;2025-12-04;2025-12-05;2025-12-06,2025-12-06,2,5876.908642692508,52811.322637700316,-0.45104620359534986,0.7992968171674875,1.0,10
2025-12-07,2025-12-08,2025-12-06,2025-11-10;2025-11-17;2025-11-24;2025-12-01,2025-11-30;2025-12-01;2025-12-02;2025-12-03;2025-12-04;2025-12-05;2025-12-06,2025-12-06,2,7916.746839258588,51892.80548083746,-0.4499921110419604,0.7992968171674875,1.0,10
2025-12-07,2025-12-08,2025-12-06,2025-11-10;2025-11-17;2025-11-24;2025-12-01,2025-11-30;2025-12-01;2025-12-02;2025-12-03;2025-12-04;2025-12-05;2025-12-06,2025-12-06,2,8527.11293175291,51618.364304367504,-0.44777851667984253,0.7992968171674875,1.0,10
2025-12-07,2025-12-08,2025-12-06,2025-11-10;2025-11-17;2025-11-24;2025-12-01,2025-11-30;2025-12-01;2025-12-02;2025-12-03;2025-12-04;2025-12-05;2025-12-06,2025-12-06,2,9725.182920949575,51082.0544147226,-0.44746228891382567,0.7992968171674875,1.0,10
2025-12-07,2025-12-08,2025-12-06,2025-11-10;2025-11-17;2025-11-24;2025-12-01,2025-11-30;2025-12-01;2025-12-02;2025-12-03;2025-12-04;2025-12-05;2025-12-06,2025-12-06,2,10009.430584957698,50954.86430436712,-0.4211205160046231,0.7992968171674875,1.0,10
2025-12-07,2025-12-08,2025-12-06,2025-11-10;2025-11-17;2025-11-24;2025-12-01,2025-11-30;2025-12-01;2025-12-02;2025-12-03;2025-12-04;2025-12-05;2025-12-06,2025-12-06,2,10327.331101046699,50820.98987499358,-0.4211205160046231,0.7992968171674875,1.0,10
2025-12-07,2025-12-08,2025-12-06,2025-11-10;2025-11-17;2025-11-24;2025-12-01,2025-11-30;2025-12-01;2025-12-02;2025-12-03;2025-12-04;2025-12-05;2025-12-06,2025-12-06,2,10800.0,50622.12993118245,-0.4030006650118583,0.7992968171674875,1.0,10
2025-12-08,2025-12-09,2025-12-07,2025-11-11;2025-11-18;2025-11-25;2025-12-02,2025-12-01;2025-12-02;2025-12-03;2025-12-04;2025-12-05;2025-12-06;2025-12-07,2025-12-07,2,1200.0,54967.383713127376,-0.4544192997661961,0.7992968171747634,1.0,10
2025-12-08,2025-12-09,2025-12-07,2025-11-11;2025-11-18;2025-11-25;2025-12-02,2025-12-01;2025-12-02;2025-12-03;2025-12-04;2025-12-05;2025-12-06;2025-12-07,2025-12-07,2,2850.3853265227904,54218.125102037826,-0.4534706164681456,0.7992968171747634,1.0,10
2025-12-08,2025-12-09,2025-12-07,2025-11-11;2025-11-18;2025-11-25;2025-12-02,2025-12-01;2025-12-02;2025-12-03;2025-12-04;2025-12-05;2025-12-06;2025-12-07,2025-12-07,2,3709.580558841014,53828.61208120531,-0.4525219331700951,0.7992968171747634,1.0,10
2025-12-08,2025-12-09,2025-12-07,2025-11-11;2025-11-18;2025-11-25;2025-12-02,2025-12-01;2025-12-02;2025-12-03;2025-12-04;2025-12-05;2025-12-06;2025-12-07,2025-12-07,2,5876.908642692508,52849.41676870518,-0.45104620359534986,0.7992968171747634,1.0,10
2025-12-08,2025-12-09,2025-12-07,2025-11-11;2025-11-18;2025-11-25;2025-12-02,2025-12-01;2025-12-02;2025-12-03;2025-12-04;2025-12-05;2025-12-06;2025-12-07,2025-12-07,2,7916.746839258588,51930.899611842324,-0.4499921110419604,0.7992968171747634,1.0,10
2025-12-08,2025-12-09,2025-12-07,2025-11-11;2025-11-18;2025-11-25;2025-12-02,2025-12-01;2025-12-02;2025-12-03;2025-12-04;2025-12-05;2025-12-06;2025-12-07,2025-12-07,2,8527.11293175291,51656.45843537238,-0.44777851667984253,0.7992968171747634,1.0,10
2025-12-08,2025-12-09,2025-12-07,2025-11-11;2025-11-18;2025-11-25;2025-12-02,2025-12-01;2025-12-02;2025-12-03;2025-12-04;2025-12-05;2025-12-06;2025-12-07,2025-12-07,2,9725.18599722576,51120.147169209886,-0.44746228891382567,0.7992968171747634,1.0,10
2025-12-08,2025-12-09,2025-12-07,2025-11-11;2025-11-18;2025-11-25;2025-12-02,2025-12-01;2025-12-02;2025-12-03;2025-12-04;2025-12-05;2025-12-06;2025-12-07,2025-12-07,2,10009.430584957972,50992.95843537187,-0.4211205160046231,0.7992968171747634,1.0,10
2025-12-08,2025-12-09,2025-12-07,2025-11-11;2025-11-18;2025-11-25;2025-12-02,2025-12-01;2025-12-02;2025-12-03;2025-12-04;2025-12-05;2025-12-06;2025-12-07,2025-12-07,2,10327.334658674776,50859.08250780827,-0.4211205160046231,0.7992968171747634,1.0,10
2025-12-08,2025-12-09,2025-12-07,2025-11-11;2025-11-18;2025-11-25;2025-12-02,2025-12-01;2025-12-02;2025-12-03;2025-12-04;2025-12-05;2025-12-06;2025-12-07,2025-12-07,2,10800.0,50660.22390400939,-0.4030006650118583,0.7992968171747634,1.0,10
2025-12-09,2025-12-10,2025-12-08,2025-11-12;2025-11-19;2025-11-26;2025-12-03,2025-12-02;2025-12-03;2025-12-04;2025-12-05;2025-12-06;2025-12-07;2025-12-08,2025-12-08,2,1200.0,57980.686858677094,-0.4544192997661961,0.7992968171747634,1.0,10
2025-12-09,2025-12-10,2025-12-08,2025-11-12;2025-11-19;2025-11-26;2025-12-03,2025-12-02;2025-12-03;2025-12-04;2025-12-05;2025-12-06;2025-12-07;2025-12-08,2025-12-08,2,2850.385326518956,57231.42824758928,-0.4534706164681456,0.7992968171747634,1.0,10
2025-12-09,2025-12-10,2025-12-08,2025-11-12;2025-11-19;2025-11-26;2025-12-03,2025-12-02;2025-12-03;2025-12-04;2025-12-05;2025-12-06;2025-12-07;2025-12-08,2025-12-08,2,3709.580558838857,56841.91522675601,-0.4525219331700951,0.7992968171747634,1.0,10
2025-12-09,2025-12-10,2025-12-08,2025-11-12;2025-11-19;2025-11-26;2025-12-03,2025-12-02;2025-12-03;2025-12-04;2025-12-05;2025-12-06;2025-12-07;2025-12-08,2025-12-08,2,5876.908642691462,55862.71991425538,-0.45104620359534986,0.7992968171747634,1.0,10
2025-12-09,2025-12-10,2025-12-08,2025-11-12;2025-11-19;2025-11-26;2025-12-03,2025-12-02;2025-12-03;2025-12-04;2025-12-05;2025-12-06;2025-12-07;2025-12-08,2025-12-08,2,7916.746839258588,54944.20275739205,-0.4499921110419604,0.7992968171747634,1.0,10
2025-12-09,2025-12-10,2025-12-08,2025-11-12;2025-11-19;2025-11-26;2025-12-03,2025-12-02;2025-12-03;2025-12-04;2025-12-05;2025-12-06;2025-12-07;2025-12-08,2025-12-08,2,8527.11293175291,54669.761580922095,-0.44777851667984253,0.7992968171747634,1.0,10
2025-12-09,2025-12-10,2025-12-08,2025-11-12;2025-11-19;2025-11-26;2025-12-03,2025-12-02;2025-12-03;2025-12-04;2025-12-05;2025-12-06;2025-12-07;2025-12-08,2025-12-08,2,9728.063332713227,54132.16281563642,-0.44746228891382567,0.7992968171747634,1.0,10
2025-12-09,2025-12-10,2025-12-08,2025-11-12;2025-11-19;2025-11-26;2025-12-03,2025-12-02;2025-12-03;2025-12-04;2025-12-05;2025-12-06;2025-12-07;2025-12-08,2025-12-08,2,10009.430584957972,54006.26158092159,-0.4211205160046231,0.7992968171747634,1.0,10
2025-12-09,2025-12-10,2025-12-08,2025-11-12;2025-11-19;2025-11-26;2025-12-03,2025-12-02;2025-12-03;2025-12-04;2025-12-05;2025-12-06;2025-12-07;2025-12-08,2025-12-08,2,10330.662217353902,53870.984350130006,-0.4211205160046231,0.7992968171747634,1.0,10
2025-12-09,2025-12-10,2025-12-08,2025-11-12;2025-11-19;2025-11-26;2025-12-03,2025-12-02;2025-12-03;2025-12-04;2025-12-05;2025-12-06;2025-12-07;2025-12-08,2025-12-08,2,10800.0,53673.379100896615,-0.4030006650118583,0.7992968171747634,1.0,10
2025-12-10,2025-12-11,2025-12-09,2025-11-13;2025-11-20;2025-11-27;2025-12-04,2025-12-03;2025-12-04;2025-12-05;2025-12-06;2025-12-07;2025-12-08;2025-12-09,2025-12-09,2,1200.0,58131.801763704505,-0.4544192997661961,0.7992968171674875,1.0,10
2025-12-10,2025-12-11,2025-12-09,2025-11-13;2025-11-20;2025-11-27;2025-12-04,2025-12-03;2025-12-04;2025-12-05;2025-12-06;2025-12-07;2025-12-08;2025-12-09,2025-12-09,2,2850.385326518956,57382.54315261669,-0.4534706164681456,0.7992968171674875,1.0,10
2025-12-10,2025-12-11,2025-12-09,2025-11-13;2025-11-20;2025-11-27;2025-12-04,2025-12-03;2025-12-04;2025-12-05;2025-12-06;2025-12-07;2025-12-08;2025-12-09,2025-12-09,2,3709.580558841014,56993.03013178245,-0.4525219331700951,0.7992968171674875,1.0,10
2025-12-10,2025-12-11,2025-12-09,2025-11-13;2025-11-20;2025-11-27;2025-12-04,2025-12-03;2025-12-04;2025-12-05;2025-12-06;2025-12-07;2025-12-08;2025-12-09,2025-12-09,2,5876.908642692508,56013.83481928231,-0.45104620359534986,0.7992968171674875,1.0,10
2025-12-10,2025-12-11,2025-12-09,2025-11-13;2025-11-20;2025-11-27;2025-12-04,2025-12-03;2025-12-04;2025-12-05;2025-12-06;2025-12-07;2025-12-08;2025-12-09,2025-12-09,2,7916.746839258588,55095.31766241945,-0.4499921110419604,0.7992968171674875,1.0,10
2025-12-10,2025-12-11,2025-12-09,2025-11-13;2025-11-20;2025-11-27;2025-12-04,2025-12-03;2025-12-04;2025-12-05;2025-12-06;2025-12-07;2025-12-08;2025-12-09,2025-12-09,2,8527.11293175291,54820.8764859495,-0.44777851667984253,0.7992968171674875,1.0,10
2025-12-10,2025-12-11,2025-12-09,2025-11-13;2025-11-20;2025-11-27;2025-12-04,2025-12-03;2025-12-04;2025-12-05;2025-12-06;2025-12-07;2025-12-08;2025-12-09,2025-12-09,2,9728.225444101356,54283.20518193103,-0.44746228891382567,0.7992968171674875,1.0,10
2025-12-10,2025-12-11,2025-12-09,2025-11-13;2025-11-20;2025-11-27;2025-12-04,2025-12-03;2025-12-04;2025-12-05;2025-12-06;2025-12-07;2025-12-08;2025-12-09,2025-12-09,2,10009.430584957698,54157.376485949106,-0.4211205160046231,0.7992968171674875,1.0,10
2025-12-10,2025-12-11,2025-12-09,2025-11-13;2025-11-20;2025-11-27;2025-12-04,2025-12-03;2025-12-04;2025-12-05;2025-12-06;2025-12-07;2025-12-08;2025-12-09,2025-12-09,2,10330.849694677421,54022.020304610196,-0.4211205160046231,0.7992968171674875,1.0,10
2025-12-10,2025-12-11,2025-12-09,2025-11-13;2025-11-20;2025-11-27;2025-12-04,2025-12-03;2025-12-04;2025-12-05;2025-12-06;2025-12-07;2025-12-08;2025-12-09,2025-12-09,2,10800.0,53824.48567037777,-0.4030006650118583,0.7992968171674875,1.0,10
2025-12-11,2025-12-12,2025-12-10,2025-11-14;2025-11-21;2025-11-28;2025-12-05,2025-12-04;2025-12-05;2025-12-06;2025-12-07;2025-12-08;2025-12-09;2025-12-10,2025-12-10,2,1200.0,23793.549124528432,-0.4544192997661961,0.7992968171711254,1.0,10
2025-12-11,2025-12-12,2025-12-10,2025-11-14;2025-11-21;2025-11-28;2025-12-05,2025-12-04;2025-12-05;2025-12-06;2025-12-07;2025-12-08;2025-12-09;2025-12-10,2025-12-10,2,2850.385326518956,23044.290513440617,-0.4534706164681456,0.7992968171711254,1.0,10
2025-12-11,2025-12-12,2025-12-10,2025-11-14;2025-11-21;2025-11-28;2025-12-05,2025-12-04;2025-12-05;2025-12-06;2025-12-07;2025-12-08;2025-12-09;2025-12-10,2025-12-10,2,3709.5805588399353,22654.777492606863,-0.4525219331700951,0.7992968171711254,1.0,10
2025-12-11,2025-12-12,2025-12-10,2025-11-14;2025-11-21;2025-11-28;2025-12-05,2025-12-04;2025-12-05;2025-12-06;2025-12-07;2025-12-08;2025-12-09;2025-12-10,2025-12-10,2,5876.908642691985,21675.582180106478,-0.45104620359534986,0.7992968171711254,1.0,10
2025-12-11,2025-12-12,2025-12-10,2025-11-14;2025-11-21;2025-11-28;2025-12-05,2025-12-04;2025-12-05;2025-12-06;2025-12-07;2025-12-08;2025-12-09;2025-12-10,2025-12-10,2,7916.746839258588,20757.065023243384,-0.4499921110419604,0.7992968171711254,1.0,10
2025-12-11,2025-12-12,2025-12-10,2025-11-14;2025-11-21;2025-11-28;2025-12-05,2025-12-04;2025-12-05;2025-12-06;2025-12-07;2025-12-08;2025-12-09;2025-12-10,2025-12-10,2,8527.11293175291,20482.62384677343,-0.44777851667984253,0.7992968171711254,1.0,10
2025-12-11,2025-12-12,2025-12-10,2025-11-14;2025-11-21;2025-11-28;2025-12-05,2025-12-04;2025-12-05;2025-12-06;2025-12-07;2025-12-08;2025-12-09;2025-12-10,2025-12-10,2,9722.753216075107,19947.401158433044,-0.44746228891382567,0.7992968171711254,1.0,10
2025-12-11,2025-12-12,2025-12-10,2025-11-14;2025-11-21;2025-11-28;2025-12-05,2025-12-04;2025-12-05;2025-12-06;2025-12-07;2025-12-08;2025-12-09;2025-12-10,2025-12-10,2,10009.430584957972,19819.123846772924,-0.4211205160046231,0.7992968171711254,1.0,10
2025-12-11,2025-12-12,2025-12-10,2025-11-14;2025-11-21;2025-11-28;2025-12-05,2025-12-04;2025-12-05;2025-12-06;2025-12-07;2025-12-08;2025-12-09;2025-12-10,2025-12-10,2,10324.521214755256,19686.43271816447,-0.4211205160046231,0.7992968171711254,1.0,10
2025-12-11,2025-12-12,2025-12-10,2025-11-14;2025-11-21;2025-11-28;2025-12-05,2025-12-04;2025-12-05;2025-12-06;2025-12-07;2025-12-08;2025-12-09;2025-12-10,2025-12-10,2,10800.0,19486.514405695867,-0.4030006650118583,0.7992968171711254,1.0,10
2025-12-12,2025-12-13,2025-12-11,2025-11-15;2025-11-22;2025-11-29;2025-12-06,2025-12-05;2025-12-06;2025-12-07;2025-12-08;2025-12-09;2025-12-10;2025-12-11,2025-12-11,2,1200.0,24007.66472865742,-0.4544192997661961,0.7992968171711254,1.0,10
2025-12-12,2025-12-13,2025-12-11,2025-11-15;2025-11-22;2025-11-29;2025-12-06,2025-12-05;2025-12-06;2025-12-07;2025-12-08;2025-12-09;2025-12-10;2025-12-11,2025-12-11,2,2850.385326518956,23258.4061175696,-0.4534706164681456,0.7992968171711254,1.0,10
2025-12-12,2025-12-13,2025-12-11,2025-11-15;2025-11-22;2025-11-29;2025-12-06,2025-12-05;2025-12-06;2025-12-07;2025-12-08;2025-12-09;2025-12-10;2025-12-11,2025-12-11,2,3709.5805588399353,22868.89309673585,-0.4525219331700951,0.7992968171711254,1.0,10
2025-12-12,2025-12-13,2025-12-11,2025-11-15;2025-11-22;2025-11-29;2025-12-06,2025-12-05;2025-12-06;2025-12-07;2025-12-08;2025-12-09;2025-12-10;2025-12-11,2025-12-11,2,5876.908642691462,21889.6977842357,-0.45104620359534986,0.7992968171711254,1.0,10
2025-12-12,2025-12-13,2025-12-11,2025-11-15;2025-11-22;2025-11-29;2025-12-06,2025-12-05;2025-12-06;2025-12-07;2025-12-08;2025-12-09;2025-12-10;2025-12-11,2025-12-11,2,7916.746839257573,20971.18062737283,-0.4499921110419604,0.7992968171711254,1.0,10
2025-12-12,2025-12-13,2025-12-11,2025-11-15;2025-11-22;2025-11-29;2025-12-06,2025-12-05;2025-12-06;2025-12-07;2025-12-08;2025-12-09;2025-12-10;2025-12-11,2025-12-11,2,8527.11293175291,20696.739450902416,-0.44777851667984253,0.7992968171711254,1.0,10
2025-12-12,2025-12-13,2025-12-11,2025-11-15;2025-11-22;2025-11-29;2025-12-06,2025-12-05;2025-12-06;2025-12-07;2025-12-08;2025-12-09;2025-12-10;2025-12-11,2025-12-11,2,9723.007992238641,20161.402759836736,-0.44746228891382567,0.7992968171711254,1.0,10
2025-12-12,2025-12-13,2025-12-11,2025-11-15;2025-11-22;2025-11-29;2025-12-06,2025-12-05;2025-12-06;2025-12-07;2025-12-08;2025-12-09;2025-12-10;2025-12-11,2025-12-11,2,10009.430584957972,20033.23945090191,-0.4211205160046231,0.7992968171711254,1.0,10
2025-12-12,2025-12-13,2025-12-11,2025-11-15;2025-11-22;2025-11-29;2025-12-06,2025-12-05;2025-12-06;2025-12-07;2025-12-08;2025-12-09;2025-12-10;2025-12-11,2025-12-11,2,10324.815856321417,19900.42424268508,-0.4211205160046231,0.7992968171711254,1.0,10
2025-12-12,2025-12-13,2025-12-11,2025-11-15;2025-11-22;2025-11-29;2025-12-06,2025-12-05;2025-12-06;2025-12-07;2025-12-08;2025-12-09;2025-12-10;2025-12-11,2025-12-11,2,10800.0,19700.616909582357,-0.4030006650118583,0.7992968171711254,1.0,10
2025-12-13,2025-12-14,2025-12-12,2025-11-16;2025-11-23;2025-11-30;2025-12-07,2025-12-06;2025-12-07;2025-12-08;2025-12-09;2025-12-10;2025-12-11;2025-12-12,2025-12-12,2,1200.0,58667.74480588406,-0.4544192997661961,0.7992968171674875,1.0,10
2025-12-13,2025-12-14,2025-12-12,2025-11-16;2025-11-23;2025-11-30;2025-12-07,2025-12-06;2025-12-07;2025-12-08;2025-12-09;2025-12-10;2025-12-11;2025-12-12,2025-12-12,2,2850.385326518956,57918.48619479625,-0.4534706164681456,0.7992968171674875,1.0,10
2025-12-13,2025-12-14,2025-12-12,2025-11-16;2025-11-23;2025-11-30;2025-12-07,2025-12-06;2025-12-07;2025-12-08;2025-12-09;2025-12-10;2025-12-11;2025-12-12,2025-12-12,2,3709.580558841014,57528.973173962004,-0.4525219331700951,0.7992968171674875,1.0,10
2025-12-13,2025-12-14,2025-12-12,2025-11-16;2025-11-23;2025-11-30;2025-12-07,2025-12-06;2025-12-07;2025-12-08;2025-12-09;2025-12-10;2025-12-11;2025-12-12,2025-12-12,2,5876.908642691462,56549.77786146234,-0.45104620359534986,0.7992968171674875,1.0,10
2025-12-13,2025-12-14,2025-12-12,2025-11-16;2025-11-23;2025-11-30;2025-12-07,2025-12-06;2025-12-07;2025-12-08;2025-12-09;2025-12-10;2025-12-11;2025-12-12,2025-12-12,2,7916.746839256558,55631.260704599925,-0.4499921110419604,0.7992968171674875,1.0,10
2025-12-13,2025-12-14,2025-12-12,2025-11-16;2025-11-23;2025-11-30;2025-12-07,2025-12-06;2025-12-07;2025-12-08;2025-12-09;2025-12-10;2025-12-11;2025-12-12,2025-12-12,2,8527.11293175291,55356.819528129054,-0.44777851667984253,0.7992968171674875,1.0,10
2025-12-13,2025-12-14,2025-12-12,2025-11-16;2025-11-23;2025-11-30;2025-12-07,2025-12-06;2025-12-07;2025-12-08;2025-12-09;2025-12-10;2025-12-11;2025-12-12,2025-12-12,2,9728.890269779884,54818.850739690744,-0.44746228891382567,0.7992968171674875,1.0,10
2025-12-13,2025-12-14,2025-12-12,2025-11-16;2025-11-23;2025-11-30;2025-12-07,2025-12-06;2025-12-07;2025-12-08;2025-12-09;2025-12-10;2025-12-11;2025-12-12,2025-12-12,2,10009.430584958249,54693.31952812843,-0.44746228891382567,0.7992968171674875,1.0,10
2025-12-13,2025-12-14,2025-12-12,2025-11-16;2025-11-23;2025-11-30;2025-12-07,2025-12-06;2025-12-07;2025-12-08;2025-12-09;2025-12-10;2025-12-11;2025-12-12,2025-12-12,2,10331.618547133692,54557.63956724663,-0.4211205160046231,0.7992968171674875,1.0,10
2025-12-13,2025-12-14,2025-12-12,2025-11-16;2025-11-23;2025-11-30;2025-12-07,2025-12-06;2025-12-07;2025-12-08;2025-12-09;2025-12-10;2025-12-11;2025-12-12,2025-12-12,2,10800.0,54360.394528128585,-0.4030006650118583,0.7992968171674875,1.0,10
2025-12-14,2025-12-15,2025-12-13,2025-11-17;2025-11-24;2025-12-01;2025-12-08,2025-12-07;2025-12-08;2025-12-09;2025-12-10;2025-12-11;2025-12-12;2025-12-13,2025-12-13,2,1200.0,59356.441120315474,-0.4544192997661961,0.7992968171747634,1.0,10
2025-12-14,2025-12-15,2025-12-13,2025-11-17;2025-11-24;2025-12-01;2025-12-08,2025-12-07;2025-12-08;2025-12-09;2025-12-10;2025-12-11;2025-12-12;2025-12-13,2025-12-13,2,2850.3853265227904,58607.18250922591,-0.4534706164681456,0.7992968171747634,1.0,10
2025-12-14,2025-12-15,2025-12-13,2025-11-17;2025-11-24;2025-12-01;2025-12-08,2025-12-07;2025-12-08;2025-12-09;2025-12-10;2025-12-11;2025-12-12;2025-12-13,2025-12-13,2,3709.580558843171,58217.669488392436,-0.4525219331700951,0.7992968171747634,1.0,10
2025-12-14,2025-12-15,2025-12-13,2025-11-17;2025-11-24;2025-12-01;2025-12-08,2025-12-07;2025-12-08;2025-12-09;2025-12-10;2025-12-11;2025-12-12;2025-12-13,2025-12-13,2,5876.908642692508,57238.47417589327,-0.45104620359534986,0.7992968171747634,1.0,10
2025-12-14,2025-12-15,2025-12-13,2025-11-17;2025-11-24;2025-12-01;2025-12-08,2025-12-07;2025-12-08;2025-12-09;2025-12-10;2025-12-11;2025-12-12;2025-12-13,2025-12-13,2,7916.746839256558,56319.95701903133,-0.4499921110419604,0.7992968171747634,1.0,10
2025-12-14,2025-12-15,2025-12-13,2025-11-17;2025-11-24;2025-12-01;2025-12-08,2025-12-07;2025-12-08;2025-12-09;2025-12-10;2025-12-11;2025-12-12;2025-12-13,2025-12-13,2,8527.11293175291,56045.51584256046,-0.44777851667984253,0.7992968171747634,1.0,10
2025-12-14,2025-12-15,2025-12-13,2025-11-17;2025-11-24;2025-12-01;2025-12-08,2025-12-07;2025-12-08;2025-12-09;2025-12-10;2025-12-11;2025-12-12;2025-12-13,2025-12-13,2,9728.186638058409,55507.861902782795,-0.44746228891382567,0.7992968171747634,1.0,10
2025-12-14,2025-12-15,2025-12-13,2025-11-17;2025-11-24;2025-12-01;2025-12-08,2025-12-07;2025-12-08;2025-12-09;2025-12-10;2025-12-11;2025-12-12;2025-12-13,2025-12-13,2,10009.430584957972,55382.01584255996,-0.4211205160046231,0.7992968171747634,1.0,10
2025-12-14,2025-12-15,2025-12-13,2025-11-17;2025-11-24;2025-12-01;2025-12-08,2025-12-07;2025-12-08;2025-12-09;2025-12-10;2025-12-11;2025-12-12;2025-12-13,2025-12-13,2,10330.804816565165,55246.67856031495,-0.4211205160046231,0.7992968171747634,1.0,10
2025-12-14,2025-12-15,2025-12-13,2025-11-17;2025-11-24;2025-12-01;2025-12-08,2025-12-07;2025-12-08;2025-12-09;2025-12-10;2025-12-11;2025-12-12;2025-12-13,2025-12-13,2,10800.0,55049.12702234249,-0.4030006650118583,0.7992968171747634,1.0,10
2025-12-15,2025-12-16,2025-12-14,2025-11-18;2025-11-25;2025-12-02;2025-12-09,2025-12-08;2025-12-09;2025-12-10;2025-12-11;2025-12-12;2025-12-13;2025-12-14,2025-12-14,2,1200.0,58920.08646684858,-0.4544192997661961,0.7992968171674875,1.0,10
2025-12-15,2025-12-16,2025-12-14,2025-11-18;2025-11-25;2025-12-02;2025-12-09,2025-12-08;2025-12-09;2025-12-10;2025-12-11;2025-12-12;2025-12-13;2025-12-14,2025-12-14,2,2850.385326518956,58170.82785576077,-0.4534706164681456,0.7992968171674875,1.0,10
2025-12-15,2025-12-16,2025-12-14,2025-11-18;2025-11-25;2025-12-02;2025-12-09,2025-12-08;2025-12-09;2025-12-10;2025-12-11;2025-12-12;2025-12-13;2025-12-14,2025-12-14,2,3709.580558841014,57781.314834926525,-0.4525219331700951,0.7992968171674875,1.0,10
2025-12-15,2025-12-16,2025-12-14,2025-11-18;2025-11-25;2025-12-02;2025-12-09,2025-12-08;2025-12-09;2025-12-10;2025-12-11;2025-12-12;2025-12-13;2025-12-14,2025-12-14,2,5876.908642691462,56802.11952242686,-0.45104620359534986,0.7992968171674875,1.0,10
2025-12-15,2025-12-16,2025-12-14,2025-11-18;2025-11-25;2025-12-02;2025-12-09,2025-12-08;2025-12-09;2025-12-10;2025-12-11;2025-12-12;2025-12-13;2025-12-14,2025-12-14,2,7916.746839256558,55883.602365564446,-0.4499921110419604,0.7992968171674875,1.0,10
2025-12-15,2025-12-16,2025-12-14,2025-11-18;2025-11-25;2025-12-02;2025-12-09,2025-12-08;2025-12-09;2025-12-10;2025-12-11;2025-12-12;2025-12-13;2025-12-14,2025-12-14,2,8527.11293175291,55609.161189093575,-0.44777851667984253,0.7992968171674875,1.0,10
2025-12-15,2025-12-16,2025-12-14,2025-11-18;2025-11-25;2025-12-02;2025-12-09,2025-12-08;2025-12-09;2025-12-10;2025-12-11;2025-12-12;2025-12-13;2025-12-14,2025-12-14,2,9727.288047632159,55071.909334644835,-0.44746228891382567,0.7992968171674875,1.0,10
2025-12-15,2025-12-16,2025-12-14,2025-11-18;2025-11-25;2025-12-02;2025-12-09,2025-12-08;2025-12-09;2025-12-10;2025-12-11;2025-12-12;2025-12-13;2025-12-14,2025-12-14,2,10009.430584957972,54945.66118909307,-0.44746228891382567,0.7992968171674875,1.0,10
2025-12-15,2025-12-16,2025-12-14,2025-11-18;2025-11-25;2025-12-02;2025-12-09,2025-12-08;2025-12-09;2025-12-10;2025-12-11;2025-12-12;2025-12-13;2025-12-14,2025-12-14,2,10329.76562166271,54810.76153314162,-0.4211205160046231,0.7992968171674875,1.0,10
2025-12-15,2025-12-16,2025-12-14,2025-11-18;2025-11-25;2025-12-02;2025-12-09,2025-12-08;2025-12-09;2025-12-10;2025-12-11;2025-12-12;2025-12-13;2025-12-14,2025-12-14,2,10800.0,54612.818573168515,-0.4030006650118583,0.7992968171674875,1.0,10
2025-12-16,2025-12-17,2025-12-15,2025-11-19;2025-11-26;2025-12-03;2025-12-10,2025-12-09;2025-12-10;2025-12-11;2025-12-12;2025-12-13;2025-12-14;2025-12-15,2025-12-15,2,1200.0,58809.57992000622,-0.4544192997661961,0.7992968171747634,1.0,10
2025-12-16,2025-12-17,2025-12-15,2025-11-19;2025-11-26;2025-12-03;2025-12-10,2025-12-09;2025-12-10;2025-12-11;2025-12-12;2025-12-13;2025-12-14;2025-12-15,2025-12-15,2,2850.385326518956,58060.3213089184,-0.4534706164681456,0.7992968171747634,1.0,10
2025-12-16,2025-12-17,2025-12-15,2025-11-19;2025-11-26;2025-12-03;2025-12-10,2025-12-09;2025-12-10;2025-12-11;2025-12-12;2025-12-13;2025-12-14;2025-12-15,2025-12-15,2,3709.580558841014,57670.80828808416,-0.4525219331700951,0.7992968171747634,1.0,10
2025-12-16,2025-12-17,2025-12-15,2025-11-19;2025-11-26;2025-12-03;2025-12-10,2025-12-09;2025-12-10;2025-12-11;2025-12-12;2025-12-13;2025-12-14;2025-12-15,2025-12-15,2,5876.908642691462,56691.612975584496,-0.45104620359534986,0.7992968171747634,1.0,10
2025-12-16,2025-12-17,2025-12-15,2025-11-19;2025-11-26;2025-12-03;2025-12-10,2025-12-09;2025-12-10;2025-12-11;2025-12-12;2025-12-13;2025-12-14;2025-12-15,2025-12-15,2,7916.746839256558,55773.09581872208,-0.4499921110419604,0.7992968171747634,1.0,10
2025-12-16,2025-12-17,2025-12-15,2025-11-19;2025-11-26;2025-12-03;2025-12-10,2025-12-09;2025-12-10;2025-12-11;2025-12-12;2025-12-13;2025-12-14;2025-12-15,2025-12-15,2,8527.11293175291,55498.65464225122,-0.44777851667984253,0.7992968171747634,1.0,10
2025-12-16,2025-12-17,2025-12-15,2025-11-19;2025-11-26;2025-12-03;2025-12-10,2025-12-09;2025-12-10;2025-12-11;2025-12-12;2025-12-13;2025-12-14;2025-12-15,2025-12-15,2,9726.575901357883,54961.7214464044,-0.44746228891382567,0.7992968171747634,1.0,10
2025-12-16,2025-12-17,2025-12-15,2025-11-19;2025-11-26;2025-12-03;2025-12-10,2025-12-09;2025-12-10;2025-12-11;2025-12-12;2025-12-13;2025-12-14;2025-12-15,2025-12-15,2,10009.430584957972,54835.15464225071,-0.4211205160046231,0.7992968171747634,1.0,10
2025-12-16,2025-12-17,2025-12-15,2025-11-19;2025-11-26;2025-12-03;2025-12-10,2025-12-09;2025-12-10;2025-12-11;2025-12-12;2025-12-13;2025-12-14;2025-12-15,2025-12-15,2,10328.942044250212,54700.60181164417,-0.4211205160046231,0.7992968171747634,1.0,10
2025-12-16,2025-12-17,2025-12-15,2025-11-19;2025-11-26;2025-12-03;2025-12-10,2025-12-09;2025-12-10;2025-12-11;2025-12-12;2025-12-13;2025-12-14;2025-12-15,2025-12-15,2,10800.0,54502.34864391532,-0.4030006650118583,0.7992968171747634,1.0,10
2025-12-17,2025-12-18,2025-12-16,2025-11-20;2025-11-27;2025-12-04;2025-12-11,2025-12-10;2025-12-11;2025-12-12;2025-12-13;2025-12-14;2025-12-15;2025-12-16,2025-12-16,2,1200.0,59129.6363712413,-0.4544192997661961,0.7992968171747634,1.0,10
2025-12-17,2025-12-18,2025-12-16,2025-11-20;2025-11-27;2025-12-04;2025-12-11,2025-12-10;2025-12-11;2025-12-12;2025-12-13;2025-12-14;2025-12-15;2025-12-16,2025-12-16,2,2850.3853265227904,58380.37776015175,-0.4534706164681456,0.7992968171747634,1.0,10
2025-12-17,2025-12-18,2025-12-16,2025-11-20;2025-11-27;2025-12-04;2025-12-11,2025-12-10;2025-12-11;2025-12-12;2025-12-13;2025-12-14;2025-12-15;2025-12-16,2025-12-16,2,3709.580558841014,57990.86473931924,-0.4525219331700951,0.7992968171747634,1.0,10
2025-12-17,2025-12-18,2025-12-16,2025-11-20;2025-11-27;2025-12-04;2025-12-11,2025-12-10;2025-12-11;2025-12-12;2025-12-13;2025-12-14;2025-12-15;2025-12-16,2025-12-16,2,5876.908642693554,57011.66942681863,-0.45104620359534986,0.7992968171747634,1.0,10
2025-12-17,2025-12-18,2025-12-16,2025-11-20;2025-11-27;2025-12-04;2025-12-11,2025-12-10;2025-12-11;2025-12-12;2025-12-13;2025-12-14;2025-12-15;2025-12-16,2025-12-16,2,7916.746839260618,56093.15226995533,-0.4499921110419604,0.7992968171747634,1.0,10
2025-12-17,2025-12-18,2025-12-16,2025-11-20;2025-11-27;2025-12-04;2025-12-11,2025-12-10;2025-12-11;2025-12-12;2025-12-13;2025-12-14;2025-12-15;2025-12-16,2025-12-16,2,8527.112931755786,55818.711093485006,-0.44777851667984253,0.7992968171747634,1.0,10
2025-12-17,2025-12-18,2025-12-16,2025-11-20;2025-11-27;2025-12-04;2025-12-11,2025-12-10;2025-12-11;2025-12-12;2025-12-13;2025-12-14;2025-12-15;2025-12-16,2025-12-16,2,9726.908355731275,55281.629136844596,-0.44746228891382567,0.7992968171747634,1.0,10
2025-12-17,2025-12-18,2025-12-16,2025-11-20;2025-11-27;2025-12-04;2025-12-11,2025-12-10;2025-12-11;2025-12-12;2025-12-13;2025-12-14;2025-12-15;2025-12-16,2025-12-16,2,10009.430584957421,55155.211093486025,-0.4211205160046231,0.7992968171747634,1.0,10
2025-12-17,2025-12-18,2025-12-16,2025-11-20;2025-11-27;2025-12-04;2025-12-11,2025-12-10;2025-12-11;2025-12-12;2025-12-13;2025-12-14;2025-12-15;2025-12-16,2025-12-16,2,10329.326518511005,55020.49635288016,-0.4211205160046231,0.7992968171747634,1.0,10
2025-12-17,2025-12-18,2025-12-16,2025-11-20;2025-11-27;2025-12-04;2025-12-11,2025-12-10;2025-12-11;2025-12-12;2025-12-13;2025-12-14;2025-12-15;2025-12-16,2025-12-16,2,10800.0,54822.388000800405,-0.4030006650118583,0.7992968171747634,1.0,10
2025-12-18,2025-12-19,2025-12-17,2025-11-21;2025-11-28;2025-12-05;2025-12-12,2025-12-11;2025-12-12;2025-12-13;2025-12-14;2025-12-15;2025-12-16;2025-12-17,2025-12-17,2,1200.0,24277.759375047015,-0.4544192997661961,0.7992968171711254,1.0,10
2025-12-18,2025-12-19,2025-12-17,2025-11-21;2025-11-28;2025-12-05;2025-12-12,2025-12-11;2025-12-12;2025-12-13;2025-12-14;2025-12-15;2025-12-16;2025-12-17,2025-12-17,2,2850.385326520873,23528.500763958327,-0.4534706164681456,0.7992968171711254,1.0,10
2025-12-18,2025-12-19,2025-12-17,2025-11-21;2025-11-28;2025-12-05;2025-12-12,2025-12-11;2025-12-12;2025-12-13;2025-12-14;2025-12-15;2025-12-16;2025-12-17,2025-12-17,2,3709.580558841014,23138.987743124955,-0.4525219331700951,0.7992968171711254,1.0,10
2025-12-18,2025-12-19,2025-12-17,2025-11-21;2025-11-28;2025-12-05;2025-12-12,2025-12-11;2025-12-12;2025-12-13;2025-12-14;2025-12-15;2025-12-16;2025-12-17,2025-12-17,2,5876.908642692508,22159.79243062482,-0.45104620359534986,0.7992968171711254,1.0,10
2025-12-18,2025-12-19,2025-12-17,2025-11-21;2025-11-28;2025-12-05;2025-12-12,2025-12-11;2025-12-12;2025-12-13;2025-12-14;2025-12-15;2025-12-16;2025-12-17,2025-12-17,2,7916.746839258588,21241.275273761967,-0.4499921110419604,0.7992968171711254,1.0,10
2025-12-18,2025-12-19,2025-12-17,2025-11-21;2025-11-28;2025-12-05;2025-12-12,2025-12-11;2025-12-12;2025-12-13;2025-12-14;2025-12-15;2025-12-16;2025-12-17,2025-12-17,2,8527.112931754347,20966.83409729137,-0.44777851667984253,0.7992968171711254,1.0,10
2025-12-18,2025-12-19,2025-12-17,2025-11-21;2025-11-28;2025-12-05;2025-12-12,2025-12-11;2025-12-12;2025-12-13;2025-12-14;2025-12-15;2025-12-16;2025-12-17,2025-12-17,2,9721.2882128402,20432.26694265238,-0.44746228891382567,0.7992968171711254,1.0,10
2025-12-18,2025-12-19,2025-12-17,2025-11-21;2025-11-28;2025-12-05;2025-12-12,2025-12-11;2025-12-12;2025-12-13;2025-12-14;2025-12-15;2025-12-16;2025-12-17,2025-12-17,2,10009.430584957834,20303.33409729156,-0.4211205160046231,0.7992968171711254,1.0,10
2025-12-18,2025-12-19,2025-12-17,2025-11-21;2025-11-28;2025-12-05;2025-12-12,2025-12-11;2025-12-12;2025-12-13;2025-12-14;2025-12-15;2025-12-16;2025-12-17,2025-12-17,2,10322.82697915065,20171.356446055095,-0.4211205160046231,0.7992968171711254,1.0,10
2025-12-18,2025-12-19,2025-12-17,2025-11-21;2025-11-28;2025-12-05;2025-12-12,2025-12-11;2025-12-12;2025-12-13;2025-12-14;2025-12-15;2025-12-16;2025-12-17,2025-12-17,2,10800.0,19970.7999846807,-0.4030006650118583,0.7992968171711254,1.0,10
2025-12-19,2025-12-20,2025-12-18,2025-11-22;2025-11-29;2025-12-06;2025-12-13,2025-12-12;2025-12-13;2025-12-14;2025-12-15;2025-12-16;2025-12-17;2025-12-18,2025-12-18,2,1200.0,24508.406804449303,-0.4544192997661961,0.7992968171711254,1.0,10
2025-12-19,2025-12-20,2025-12-18,2025-11-22;2025-11-29;2025-12-06;2025-12-13,2025-12-12;2025-12-13;2025-12-14;2025-12-15;2025-12-16;2025-12-17;2025-12-18,2025-12-18,2,2850.385326518956,23759.148193361485,-0.4534706164681456,0.7992968171711254,1.0,10
2025-12-19,2025-12-20,2025-12-18,2025-11-22;2025-11-29;2025-12-06;2025-12-13,2025-12-12;2025-12-13;2025-12-14;2025-12-15;2025-12-16;2025-12-17;2025-12-18,2025-12-18,2,3709.5805588399353,23369.635172527735,-0.4525219331700951,0.7992968171711254,1.0,10
2025-12-19,2025-12-20,2025-12-18,2025-11-22;2025-11-29;2025-12-06;2025-12-13,2025-12-12;2025-12-13;2025-12-14;2025-12-15;2025-12-16;2025-12-17;2025-12-18,2025-12-18,2,5876.908642691985,22390.43986002735,-0.45104620359534986,0.7992968171711254,1.0,10
2025-12-19,2025-12-20,2025-12-18,2025-11-22;2025-11-29;2025-12-06;2025-12-13,2025-12-12;2025-12-13;2025-12-14;2025-12-15;2025-12-16;2025-12-17;2025-12-18,2025-12-18,2,7916.746839258588,21471.92270316426,-0.4499921110419604,0.7992968171711254,1.0,10
2025-12-19,2025-12-20,2025-12-18,2025-11-22;2025-11-29;2025-12-06;2025-12-13,2025-12-12;2025-12-13;2025-12-14;2025-12-15;2025-12-16;2025-12-17;2025-12-18,2025-12-18,2,8527.112931754347,21197.481526693657,-0.44777851667984253,0.7992968171711254,1.0,10
2025-12-19,2025-12-20,2025-12-18,2025-11-22;2025-11-29;2025-12-06;2025-12-13,2025-12-12;2025-12-13;2025-12-14;2025-12-15;2025-12-16;2025-12-17;2025-12-18,2025-12-18,2,9722.226819927524,20662.494380778986,-0.44746228891382567,0.7992968171711254,1.0,10
2025-12-19,2025-12-20,2025-12-18,2025-11-22;2025-11-29;2025-12-06;2025-12-13,2025-12-12;2025-12-13;2025-12-14;2025-12-15;2025-12-16;2025-12-17;2025-12-18,2025-12-18,2,10009.430584957834,20533.981526693853,-0.4211205160046231,0.7992968171711254,1.0,10
2025-12-19,2025-12-20,2025-12-18,2025-11-22;2025-11-29;2025-12-06;2025-12-13,2025-12-12;2025-12-13;2025-12-14;2025-12-15;2025-12-16;2025-12-17;2025-12-18,2025-12-18,2,10323.912452211891,20401.546760481728,-0.4211205160046231,0.7992968171711254,1.0,10
2025-12-19,2025-12-20,2025-12-18,2025-11-22;2025-11-29;2025-12-06;2025-12-13,2025-12-12;2025-12-13;2025-12-14;2025-12-15;2025-12-16;2025-12-17;2025-12-18,2025-12-18,2,10800.0,20201.399152187987,-0.4030006650118583,0.7992968171711254,1.0,10
2025-12-20,2025-12-21,2025-12-19,2025-11-23;2025-11-30;2025-12-07;2025-12-14,2025-12-13;2025-12-14;2025-12-15;2025-12-16;2025-12-17;2025-12-18;2025-12-19,2025-12-19,2,1200.0,59459.306552755996,-0.4544192997661961,0.7992968171747634,1.0,10
2025-12-20,2025-12-21,2025-12-19,2025-11-23;2025-11-30;2025-12-07;2025-12-14,2025-12-13;2025-12-14;2025-12-15;2025-12-16;2025-12-17;2025-12-18;2025-12-19,2025-12-19,2,2850.385326518956,58710.047941668185,-0.4534706164681456,0.7992968171747634,1.0,10
2025-12-20,2025-12-21,2025-12-19,2025-11-23;2025-11-30;2025-12-07;2025-12-14,2025-12-13;2025-12-14;2025-12-15;2025-12-16;2025-12-17;2025-12-18;2025-12-19,2025-12-19,2,3709.580558841014,58320.53492083394,-0.4525219331700951,0.7992968171747634,1.0,10
2025-12-20,2025-12-21,2025-12-19,2025-11-23;2025-11-30;2025-12-07;2025-12-14,2025-12-13;2025-12-14;2025-12-15;2025-12-16;2025-12-17;2025-12-18;2025-12-19,2025-12-19,2,5876.908642691462,57341.339608334274,-0.45104620359534986,0.7992968171747634,1.0,10
2025-12-20,2025-12-21,2025-12-19,2025-11-23;2025-11-30;2025-12-07;2025-12-14,2025-12-13;2025-12-14;2025-12-15;2025-12-16;2025-12-17;2025-12-18;2025-12-19,2025-12-19,2,7916.746839256558,56422.82245147186,-0.4499921110419604,0.7992968171747634,1.0,10
2025-12-20,2025-12-21,2025-12-19,2025-11-23;2025-11-30;2025-12-07;2025-12-14,2025-12-13;2025-12-14;2025-12-15;2025-12-16;2025-12-17;2025-12-18;2025-12-19,2025-12-19,2,8527.11293175291,56148.381275001,-0.44777851667984253,0.7992968171747634,1.0,10
2025-12-20,2025-12-21,2025-12-19,2025-11-23;2025-11-30;2025-12-07;2025-12-14,2025-12-13;2025-12-14;2025-12-15;2025-12-16;2025-12-17;2025-12-18;2025-12-19,2025-12-19,2,9727.959180978507,55610.82911368893,-0.44746228891382567,0.7992968171747634,1.0,10
2025-12-20,2025-12-21,2025-12-19,2025-11-23;2025-11-30;2025-12-07;2025-12-14,2025-12-13;2025-12-14;2025-12-15;2025-12-16;2025-12-17;2025-12-18;2025-12-19,2025-12-19,2,10009.430584957972,55484.88127500049,-0.4211205160046231,0.7992968171747634,1.0,10
2025-12-20,2025-12-21,2025-12-19,2025-11-23;2025-11-30;2025-12-07;2025-12-14,2025-12-13;2025-12-14;2025-12-15;2025-12-16;2025-12-17;2025-12-18;2025-12-19,2025-12-19,2,10330.541768761686,55349.654767582215,-0.4211205160046231,0.7992968171747634,1.0,10
2025-12-20,2025-12-21,2025-12-19,2025-11-23;2025-11-30;2025-12-07;2025-12-14,2025-12-13;2025-12-14;2025-12-15;2025-12-16;2025-12-17;2025-12-18;2025-12-19,2025-12-19,2,10800.0,55152.00415031552,-0.4030006650118583,0.7992968171747634,1.0,10
2025-12-21,2025-12-22,2025-12-20,2025-11-24;2025-12-01;2025-12-08;2025-12-15,2025-12-14;2025-12-15;2025-12-16;2025-12-17;2025-12-18;2025-12-19;2025-12-20,2025-12-20,2,1200.0,60437.689373065514,-0.4544192997661961,0.7992968171747634,1.0,10
2025-12-21,2025-12-22,2025-12-20,2025-11-24;2025-12-01;2025-12-08;2025-12-15,2025-12-14;2025-12-15;2025-12-16;2025-12-17;2025-12-18;2025-12-19;2025-12-20,2025-12-20,2,2850.3853265227904,59688.43076197596,-0.4534706164681456,0.7992968171747634,1.0,10
2025-12-21,2025-12-22,2025-12-20,2025-11-24;2025-12-01;2025-12-08;2025-12-15,2025-12-14;2025-12-15;2025-12-16;2025-12-17;2025-12-18;2025-12-19;2025-12-20,2025-12-20,2,3709.580558841014,59298.91774114345,-0.4525219331700951,0.7992968171747634,1.0,10
2025-12-21,2025-12-22,2025-12-20,2025-11-24;2025-12-01;2025-12-08;2025-12-15,2025-12-14;2025-12-15;2025-12-16;2025-12-17;2025-12-18;2025-12-19;2025-12-20,2025-12-20,2,5876.908642692508,58319.72242864332,-0.45104620359534986,0.7992968171747634,1.0,10
2025-12-21,2025-12-22,2025-12-20,2025-11-24;2025-12-01;2025-12-08;2025-12-15,2025-12-14;2025-12-15;2025-12-16;2025-12-17;2025-12-18;2025-12-19;2025-12-20,2025-12-20,2,7916.746839258588,57401.20527178046,-0.4499921110419604,0.7992968171747634,1.0,10
2025-12-21,2025-12-22,2025-12-20,2025-11-24;2025-12-01;2025-12-08;2025-12-15,2025-12-14;2025-12-15;2025-12-16;2025-12-17;2025-12-18;2025-12-19;2025-12-20,2025-12-20,2,8527.11293175291,57126.764095310515,-0.44777851667984253,0.7992968171747634,1.0,10
2025-12-21,2025-12-22,2025-12-20,2025-11-24;2025-12-01;2025-12-08;2025-12-15,2025-12-14;2025-12-15;2025-12-16;2025-12-17;2025-12-18;2025-12-19;2025-12-20,2025-12-20,2,9728.890269780026,56588.79530687213,-0.44746228891382567,0.7992968171747634,1.0,10
2025-12-21,2025-12-22,2025-12-20,2025-11-24;2025-12-01;2025-12-08;2025-12-15,2025-12-14;2025-12-15;2025-12-16;2025-12-17;2025-12-18;2025-12-19;2025-12-20,2025-12-20,2,10009.430584957972,56463.264095310005,-0.4211205160046231,0.7992968171747634,1.0,10
2025-12-21,2025-12-22,2025-12-20,2025-11-24;2025-12-01;2025-12-08;2025-12-15,2025-12-14;2025-12-15;2025-12-16;2025-12-17;2025-12-18;2025-12-19;2025-12-20,2025-12-20,2,10331.618547133692,56327.584134428085,-0.4211205160046231,0.7992968171747634,1.0,10
2025-12-21,2025-12-22,2025-12-20,2025-11-24;2025-12-01;2025-12-08;2025-12-15,2025-12-14;2025-12-15;2025-12-16;2025-12-17;2025-12-18;2025-12-19;2025-12-20,2025-12-20,2,10800.0,56130.33909531003,-0.4030006650118583,0.7992968171747634,1.0,10
2025-12-22,2025-12-23,2025-12-21,2025-11-25;2025-12-02;2025-12-09;2025-12-16,2025-12-15;2025-12-16;2025-12-17;2025-12-18;2025-12-19;2025-12-20;2025-12-21,2025-12-21,2,1200.0,60460.94603106141,-0.4544192997661961,0.7992968171747634,1.0,10
2025-12-22,2025-12-23,2025-12-21,2025-11-25;2025-12-02;2025-12-09;2025-12-16,2025-12-15;2025-12-16;2025-12-17;2025-12-18;2025-12-19;2025-12-20;2025-12-21,2025-12-21,2,2850.385326518956,59711.68741997359,-0.4534706164681456,0.7992968171747634,1.0,10
2025-12-22,2025-12-23,2025-12-21,2025-11-25;2025-12-02;2025-12-09;2025-12-16,2025-12-15;2025-12-16;2025-12-17;2025-12-18;2025-12-19;2025-12-20;2025-12-21,2025-12-21,2,3709.580558838857,59322.17439914033,-0.4525219331700951,0.7992968171747634,1.0,10
2025-12-22,2025-12-23,2025-12-21,2025-11-25;2025-12-02;2025-12-09;2025-12-16,2025-12-15;2025-12-16;2025-12-17;2025-12-18;2025-12-19;2025-12-20;2025-12-21,2025-12-21,2,5876.908642691462,58342.979086639694,-0.45104620359534986,0.7992968171747634,1.0,10
2025-12-22,2025-12-23,2025-12-21,2025-11-25;2025-12-02;2025-12-09;2025-12-16,2025-12-15;2025-12-16;2025-12-17;2025-12-18;2025-12-19;2025-12-20;2025-12-21,2025-12-21,2,7916.746839258588,57424.461929776364,-0.4499921110419604,0.7992968171747634,1.0,10
2025-12-22,2025-12-23,2025-12-21,2025-11-25;2025-12-02;2025-12-09;2025-12-16,2025-12-15;2025-12-16;2025-12-17;2025-12-18;2025-12-19;2025-12-20;2025-12-21,2025-12-21,2,8527.11293175291,57150.02075330641,-0.44777851667984253,0.7992968171747634,1.0,10
2025-12-22,2025-12-23,2025-12-21,2025-11-25;2025-12-02;2025-12-09;2025-12-16,2025-12-15;2025-12-16;2025-12-17;2025-12-18;2025-12-19;2025-12-20;2025-12-21,2025-12-21,2,9727.972049100248,56612.46283399513,-0.44746228891382567,0.7992968171747634,1.0,10
2025-12-22,2025-12-23,2025-12-21,2025-11-25;2025-12-02;2025-12-09;2025-12-16,2025-12-15;2025-12-16;2025-12-17;2025-12-18;2025-12-19;2025-12-20;2025-12-21,2025-12-21,2,10009.430584957972,56486.5207533059,-0.44746228891382567,0.7992968171747634,1.0,10
2025-12-22,2025-12-23,2025-12-21,2025-11-25;2025-12-02;2025-12-09;2025-12-16,2025-12-15;2025-12-16;2025-12-17;2025-12-18;2025-12-19;2025-12-20;2025-12-21,2025-12-21,2,10330.55665038754,56351.28797892967,-0.4211205160046231,0.7992968171747634,1.0,10
2025-12-22,2025-12-23,2025-12-21,2025-11-25;2025-12-02;2025-12-09;2025-12-16,2025-12-15;2025-12-16;2025-12-17;2025-12-18;2025-12-19;2025-12-20;2025-12-21,2025-12-21,2,10800.0,56153.642966959684,-0.4030006650118583,0.7992968171747634,1.0,10
2025-12-23,2025-12-24,2025-12-22,2025-11-26;2025-12-03;2025-12-10;2025-12-17,2025-12-16;2025-12-17;2025-12-18;2025-12-19;2025-12-20;2025-12-21;2025-12-22,2025-12-22,2,1200.0,60029.33969171168,-0.4544192997661961,0.7992968171747634,1.0,10
2025-12-23,2025-12-24,2025-12-22,2025-11-26;2025-12-03;2025-12-10;2025-12-17,2025-12-16;2025-12-17;2025-12-18;2025-12-19;2025-12-20;2025-12-21;2025-12-22,2025-12-22,2,2850.3853265227904,59280.08108062212,-0.4534706164681456,0.7992968171747634,1.0,10
2025-12-23,2025-12-24,2025-12-22,2025-11-26;2025-12-03;2025-12-10;2025-12-17,2025-12-16;2025-12-17;2025-12-18;2025-12-19;2025-12-20;2025-12-21;2025-12-22,2025-12-22,2,3709.580558841014,58890.56805978961,-0.4525219331700951,0.7992968171747634,1.0,10
2025-12-23,2025-12-24,2025-12-22,2025-11-26;2025-12-03;2025-12-10;2025-12-17,2025-12-16;2025-12-17;2025-12-18;2025-12-19;2025-12-20;2025-12-21;2025-12-22,2025-12-22,2,5876.908642693554,57911.37274728901,-0.45104620359534986,0.7992968171747634,1.0,10
2025-12-23,2025-12-24,2025-12-22,2025-11-26;2025-12-03;2025-12-10;2025-12-17,2025-12-16;2025-12-17;2025-12-18;2025-12-19;2025-12-20;2025-12-21;2025-12-22,2025-12-22,2,7916.746839260618,56992.85559042571,-0.4499921110419604,0.7992968171747634,1.0,10
2025-12-23,2025-12-24,2025-12-22,2025-11-26;2025-12-03;2025-12-10;2025-12-17,2025-12-16;2025-12-17;2025-12-18;2025-12-19;2025-12-20;2025-12-21;2025-12-22,2025-12-22,2,8527.112931755786,56718.41441395538,-0.44777851667984253,0.7992968171747634,1.0,10
2025-12-23,2025-12-24,2025-12-22,2025-11-26;2025-12-03;2025-12-10;2025-12-17,2025-12-16;2025-12-17;2025-12-18;2025-12-19;2025-12-20;2025-12-21;2025-12-22,2025-12-22,2,9727.693715200092,56180.981038569436,-0.44746228891382567,0.7992968171747634,1.0,10
2025-12-23,2025-12-24,2025-12-22,2025-11-26;2025-12-03;2025-12-10;2025-12-17,2025-12-16;2025-12-17;2025-12-18;2025-12-19;2025-12-20;2025-12-21;2025-12-22,2025-12-22,2,10009.430584957698,56054.91441395628,-0.4211205160046231,0.7992968171747634,1.0,10
2025-12-23,2025-12-24,2025-12-22,2025-11-26;2025-12-03;2025-12-10;2025-12-17,2025-12-16;2025-12-17;2025-12-18;2025-12-19;2025-12-20;2025-12-21;2025-12-22,2025-12-22,2,10330.234764952182,55919.81719214056,-0.4211205160046231,0.7992968171747634,1.0,10
2025-12-23,2025-12-24,2025-12-22,2025-11-26;2025-12-03;2025-12-10;2025-12-17,2025-12-16;2025-12-17;2025-12-18;2025-12-19;2025-12-20;2025-12-21;2025-12-22,2025-12-22,2,10800.0,55722.050939159104,-0.4030006650118583,0.7992968171747634,1.0,10
2025-12-24,2025-12-25,2025-12-23,2025-11-27;2025-12-04;2025-12-11;2025-12-18,2025-12-17;2025-12-18;2025-12-19;2025-12-20;2025-12-21;2025-12-22;2025-12-23,2025-12-23,2,1200.0,60034.66997216976,-0.4544192997661961,0.7992968171747634,1.0,10
2025-12-24,2025-12-25,2025-12-23,2025-11-27;2025-12-04;2025-12-11;2025-12-18,2025-12-17;2025-12-18;2025-12-19;2025-12-20;2025-12-21;2025-12-22;2025-12-23,2025-12-23,2,2850.3853265227904,59285.4113610802,-0.4534706164681456,0.7992968171747634,1.0,10
2025-12-24,2025-12-25,2025-12-23,2025-11-27;2025-12-04;2025-12-11;2025-12-18,2025-12-17;2025-12-18;2025-12-19;2025-12-20;2025-12-21;2025-12-22;2025-12-23,2025-12-23,2,3709.580558843171,58895.89834024672,-0.4525219331700951,0.7992968171747634,1.0,10
2025-12-24,2025-12-25,2025-12-23,2025-11-27;2025-12-04;2025-12-11;2025-12-18,2025-12-17;2025-12-18;2025-12-19;2025-12-20;2025-12-21;2025-12-22;2025-12-23,2025-12-23,2,5876.908642692508,57916.70302774756,-0.45104620359534986,0.7992968171747634,1.0,10
2025-12-24,2025-12-25,2025-12-23,2025-11-27;2025-12-04;2025-12-11;2025-12-18,2025-12-17;2025-12-18;2025-12-19;2025-12-20;2025-12-21;2025-12-22;2025-12-23,2025-12-23,2,7916.746839256558,56998.185870885616,-0.4499921110419604,0.7992968171747634,1.0,10
2025-12-24,2025-12-25,2025-12-23,2025-11-27;2025-12-04;2025-12-11;2025-12-18,2025-12-17;2025-12-18;2025-12-19;2025-12-20;2025-12-21;2025-12-22;2025-12-23,2025-12-23,2,8527.11293175291,56723.744694414745,-0.44777851667984253,0.7992968171747634,1.0,10
2025-12-24,2025-12-25,2025-12-23,2025-11-27;2025-12-04;2025-12-11;2025-12-18,2025-12-17;2025-12-18;2025-12-19;2025-12-20;2025-12-21;2025-12-22;2025-12-23,2025-12-23,2,9727.694909976033,56186.31078441034,-0.44746228891382567,0.7992968171747634,1.0,10
2025-12-24,2025-12-25,2025-12-23,2025-11-27;2025-12-04;2025-12-11;2025-12-18,2025-12-17;2025-12-18;2025-12-19;2025-12-20;2025-12-21;2025-12-22;2025-12-23,2025-12-23,2,10009.430584957972,56060.24469441424,-0.4211205160046231,0.7992968171747634,1.0,10
2025-12-24,2025-12-25,2025-12-23,2025-11-27;2025-12-04;2025-12-11;2025-12-18,2025-12-17;2025-12-18;2025-12-19;2025-12-20;2025-12-21;2025-12-22;2025-12-23,2025-12-23,2,10330.23614667758,55925.14689072573,-0.4211205160046231,0.7992968171747634,1.0,10
2025-12-24,2025-12-25,2025-12-23,2025-11-27;2025-12-04;2025-12-11;2025-12-18,2025-12-17;2025-12-18;2025-12-19;2025-12-20;2025-12-21;2025-12-22;2025-12-23,2025-12-23,2,10800.0,55727.38115818344,-0.4030006650118583,0.7992968171747634,1.0,10
2025-12-25,2025-12-26,2025-12-24,2025-11-28;2025-12-05;2025-12-12;2025-12-19,2025-12-18;2025-12-19;2025-12-20;2025-12-21;2025-12-22;2025-12-23;2025-12-24,2025-12-24,2,1200.0,25181.013020382357,-0.4544192997661961,0.7992968171747634,1.0,10
2025-12-25,2025-12-26,2025-12-24,2025-11-28;2025-12-05;2025-12-12;2025-12-19,2025-12-18;2025-12-19;2025-12-20;2025-12-21;2025-12-22;2025-12-23;2025-12-24,2025-12-24,2,2850.385326520873,24431.75440929367,-0.4534706164681456,0.7992968171747634,1.0,10
2025-12-25,2025-12-26,2025-12-24,2025-11-28;2025-12-05;2025-12-12;2025-12-19,2025-12-18;2025-12-19;2025-12-20;2025-12-21;2025-12-22;2025-12-23;2025-12-24,2025-12-24,2,3709.5805588399353,24042.241388460785,-0.4525219331700951,0.7992968171747634,1.0,10
2025-12-25,2025-12-26,2025-12-24,2025-11-28;2025-12-05;2025-12-12;2025-12-19,2025-12-18;2025-12-19;2025-12-20;2025-12-21;2025-12-22;2025-12-23;2025-12-24,2025-12-24,2,5876.908642691985,23063.046075960403,-0.45104620359534986,0.7992968171747634,1.0,10
2025-12-25,2025-12-26,2025-12-24,2025-11-28;2025-12-05;2025-12-12;2025-12-19,2025-12-18;2025-12-19;2025-12-20;2025-12-21;2025-12-22;2025-12-23;2025-12-24,2025-12-24,2,7916.746839258588,22144.52891909731,-0.4499921110419604,0.7992968171747634,1.0,10
2025-12-25,2025-12-26,2025-12-24,2025-11-28;2025-12-05;2025-12-12;2025-12-19,2025-12-18;2025-12-19;2025-12-20;2025-12-21;2025-12-22;2025-12-23;2025-12-24,2025-12-24,2,8527.112931754347,21870.08774262671,-0.44777851667984253,0.7992968171747634,1.0,10
2025-12-25,2025-12-26,2025-12-24,2025-11-28;2025-12-05;2025-12-12;2025-12-19,2025-12-18;2025-12-19;2025-12-20;2025-12-21;2025-12-22;2025-12-23;2025-12-24,2025-12-24,2,9721.983454129435,21335.209493729097,-0.44746228891382567,0.7992968171747634,1.0,10
2025-12-25,2025-12-26,2025-12-24,2025-11-28;2025-12-05;2025-12-12;2025-12-19,2025-12-18;2025-12-19;2025-12-20;2025-12-21;2025-12-22;2025-12-23;2025-12-24,2025-12-24,2,10009.43058495811,21206.58774262679,-0.4211205160046231,0.7992968171747634,1.0,10
2025-12-25,2025-12-26,2025-12-24,2025-11-28;2025-12-05;2025-12-12;2025-12-19,2025-12-18;2025-12-19;2025-12-20;2025-12-21;2025-12-22;2025-12-23;2025-12-24,2025-12-24,2,10323.631006416947,21074.27149901317,-0.4211205160046231,0.7992968171747634,1.0,10
2025-12-25,2025-12-26,2025-12-24,2025-11-28;2025-12-05;2025-12-12;2025-12-19,2025-12-18;2025-12-19;2025-12-20;2025-12-21;2025-12-22;2025-12-23;2025-12-24,2025-12-24,2,10800.0,20874.017881658125,-0.4030006650118583,0.7992968171747634,1.0,10
2025-12-26,2025-12-27,2025-12-25,2025-11-29;2025-12-06;2025-12-13;2025-12-20,2025-12-19;2025-12-20;2025-12-21;2025-12-22;2025-12-23;2025-12-24;2025-12-25,2025-12-25,2,1200.0,25235.701055491656,-0.4544192997661961,0.7992968171711254,1.0,10
2025-12-26,2025-12-27,2025-12-25,2025-11-29;2025-12-06;2025-12-13;2025-12-20,2025-12-19;2025-12-20;2025-12-21;2025-12-22;2025-12-23;2025-12-24;2025-12-25,2025-12-25,2,2850.3853265227904,24486.4424444021,-0.4534706164681456,0.7992968171711254,1.0,10
2025-12-26,2025-12-27,2025-12-25,2025-11-29;2025-12-06;2025-12-13;2025-12-20,2025-12-19;2025-12-20;2025-12-21;2025-12-22;2025-12-23;2025-12-24;2025-12-25,2025-12-25,2,3709.580558841014,24096.929423569592,-0.4525219331700951,0.7992968171711254,1.0,10
2025-12-26,2025-12-27,2025-12-25,2025-11-29;2025-12-06;2025-12-13;2025-12-20,2025-12-19;2025-12-20;2025-12-21;2025-12-22;2025-12-23;2025-12-24;2025-12-25,2025-12-25,2,5876.908642693031,23117.734111069225,-0.45104620359534986,0.7992968171711254,1.0,10
2025-12-26,2025-12-27,2025-12-25,2025-11-29;2025-12-06;2025-12-13;2025-12-20,2025-12-19;2025-12-20;2025-12-21;2025-12-22;2025-12-23;2025-12-24;2025-12-25,2025-12-25,2,7916.746839259603,22199.216954206146,-0.4499921110419604,0.7992968171711254,1.0,10
2025-12-26,2025-12-27,2025-12-25,2025-11-29;2025-12-06;2025-12-13;2025-12-20,2025-12-19;2025-12-20;2025-12-21;2025-12-22;2025-12-23;2025-12-24;2025-12-25,2025-12-25,2,8527.112931754347,21924.775777736002,-0.44777851667984253,0.7992968171711254,1.0,10
2025-12-26,2025-12-27,2025-12-25,2025-11-29;2025-12-06;2025-12-13;2025-12-20,2025-12-19;2025-12-20;2025-12-21;2025-12-22;2025-12-23;2025-12-24;2025-12-25,2025-12-25,2,9722.009726527453,21389.885772931037,-0.44746228891382567,0.7992968171711254,1.0,10
2025-12-26,2025-12-27,2025-12-25,2025-11-29;2025-12-06;2025-12-13;2025-12-20,2025-12-19;2025-12-20;2025-12-21;2025-12-22;2025-12-23;2025-12-24;2025-12-25,2025-12-25,2,10009.430584957834,21261.2757777362,-0.4211205160046231,0.7992968171711254,1.0,10
2025-12-26,2025-12-27,2025-12-25,2025-11-29;2025-12-06;2025-12-13;2025-12-20,2025-12-19;2025-12-20;2025-12-21;2025-12-22;2025-12-23;2025-12-24;2025-12-25,2025-12-25,2,10323.661389716339,21128.94673909175,-0.4211205160046231,0.7992968171711254,1.0,10
2025-12-26,2025-12-27,2025-12-25,2025-11-29;2025-12-06;2025-12-13;2025-12-20,2025-12-19;2025-12-20;2025-12-21;2025-12-22;2025-12-23;2025-12-24;2025-12-25,2025-12-25,2,10800.0,20928.704565876586,-0.4030006650118583,0.7992968171711254,1.0,10
2025-12-27,2025-12-28,2025-12-26,2025-11-30;2025-12-07;2025-12-14;2025-12-21,2025-12-20;2025-12-21;2025-12-22;2025-12-23;2025-12-24;2025-12-25;2025-12-26,2025-12-26,2,1200.0,60450.39475907195,-0.4544192997661961,0.7992968171747634,1.0,10
2025-12-27,2025-12-28,2025-12-26,2025-11-30;2025-12-07;2025-12-14;2025-12-21,2025-12-20;2025-12-21;2025-12-22;2025-12-23;2025-12-24;2025-12-25;2025-12-26,2025-12-26,2,2850.3853265227904,59701.13614798239,-0.4534706164681456,0.7992968171747634,1.0,10
2025-12-27,2025-12-28,2025-12-26,2025-11-30;2025-12-07;2025-12-14;2025-12-21,2025-12-20;2025-12-21;2025-12-22;2025-12-23;2025-12-24;2025-12-25;2025-12-26,2025-12-26,2,3709.580558841014,59311.623127149884,-0.4525219331700951,0.7992968171747634,1.0,10
2025-12-27,2025-12-28,2025-12-26,2025-11-30;2025-12-07;2025-12-14;2025-12-21,2025-12-20;2025-12-21;2025-12-22;2025-12-23;2025-12-24;2025-12-25;2025-12-26,2025-12-26,2,5876.908642692508,58332.42781464975,-0.45104620359534986,0.7992968171747634,1.0,10
2025-12-27,2025-12-28,2025-12-26,2025-11-30;2025-12-07;2025-12-14;2025-12-21,2025-12-20;2025-12-21;2025-12-22;2025-12-23;2025-12-24;2025-12-25;2025-12-26,2025-12-26,2,7916.746839258588,57413.910657786895,-0.4499921110419604,0.7992968171747634,1.0,10
2025-12-27,2025-12-28,2025-12-26,2025-11-30;2025-12-07;2025-12-14;2025-12-21,2025-12-20;2025-12-21;2025-12-22;2025-12-23;2025-12-24;2025-12-25;2025-12-26,2025-12-26,2,8527.11293175291,57139.46948131694,-0.44777851667984253,0.7992968171747634,1.0,10
2025-12-27,2025-12-28,2025-12-26,2025-11-30;2025-12-07;2025-12-14;2025-12-21,2025-12-20;2025-12-21;2025-12-22;2025-12-23;2025-12-24;2025-12-25;2025-12-26,2025-12-26,2,9678.304406569869,56624.135959017265,-0.44746228891382567,0.7992968171747634,1.0,10
2025-12-27,2025-12-28,2025-12-26,2025-11-30;2025-12-07;2025-12-14;2025-12-21,2025-12-20;2025-12-21;2025-12-22;2025-12-23;2025-12-24;2025-12-25;2025-12-26,2025-12-26,2,10009.430584957972,56475.96948131644,-0.4211205160046231,0.7992968171747634,1.0,10
2025-12-27,2025-12-28,2025-12-26,2025-11-30;2025-12-07;2025-12-14;2025-12-21,2025-12-20;2025-12-21;2025-12-22;2025-12-23;2025-12-24;2025-12-25;2025-12-26,2025-12-26,2,10305.221249188326,56351.4059641664,-0.4211205160046231,0.7992968171747634,1.0,10
2025-12-27,2025-12-28,2025-12-26,2025-11-30;2025-12-07;2025-12-14;2025-12-21,2025-12-20;2025-12-21;2025-12-22;2025-12-23;2025-12-24;2025-12-25;2025-12-26,2025-12-26,2,10800.0,56143.091616040634,-0.4052775049271795,0.7992968171747634,1.0,10
2025-12-28,2025-12-29,2025-12-27,2025-12-01;2025-12-08;2025-12-15;2025-12-22,2025-12-21;2025-12-22;2025-12-23;2025-12-24;2025-12-25;2025-12-26;2025-12-27,2025-12-27,2,1200.0,61571.5472565244,-0.4544192997661961,0.7992968171747634,1.0,10
2025-12-28,2025-12-29,2025-12-27,2025-12-01;2025-12-08;2025-12-15;2025-12-22,2025-12-21;2025-12-22;2025-12-23;2025-12-24;2025-12-25;2025-12-26;2025-12-27,2025-12-27,2,2850.385326518956,60822.28864543658,-0.4534706164681456,0.7992968171747634,1.0,10
2025-12-28,2025-12-29,2025-12-27,2025-12-01;2025-12-08;2025-12-15;2025-12-22,2025-12-21;2025-12-22;2025-12-23;2025-12-24;2025-12-25;2025-12-26;2025-12-27,2025-12-27,2,3709.580558838857,60432.77562460332,-0.4525219331700951,0.7992968171747634,1.0,10
2025-12-28,2025-12-29,2025-12-27,2025-12-01;2025-12-08;2025-12-15;2025-12-22,2025-12-21;2025-12-22;2025-12-23;2025-12-24;2025-12-25;2025-12-26;2025-12-27,2025-12-27,2,5876.908642692508,59453.58031210221,-0.45104620359534986,0.7992968171747634,1.0,10
2025-12-28,2025-12-29,2025-12-27,2025-12-01;2025-12-08;2025-12-15;2025-12-22,2025-12-21;2025-12-22;2025-12-23;2025-12-24;2025-12-25;2025-12-26;2025-12-27,2025-12-27,2,7916.746839260618,58535.063155238444,-0.4499921110419604,0.7992968171747634,1.0,10
2025-12-28,2025-12-29,2025-12-27,2025-12-01;2025-12-08;2025-12-15;2025-12-22,2025-12-21;2025-12-22;2025-12-23;2025-12-24;2025-12-25;2025-12-26;2025-12-27,2025-12-27,2,8527.112931758662,58260.62197876682,-0.44777851667984253,0.7992968171747634,1.0,10
2025-12-28,2025-12-29,2025-12-27,2025-12-01;2025-12-08;2025-12-15;2025-12-22,2025-12-21;2025-12-22;2025-12-23;2025-12-24;2025-12-25;2025-12-26;2025-12-27,2025-12-27,2,9685.716940922714,57741.97162688154,-0.44746228891382567,0.7992968171747634,1.0,10
2025-12-28,2025-12-29,2025-12-27,2025-12-01;2025-12-08;2025-12-15;2025-12-22,2025-12-21;2025-12-22;2025-12-23;2025-12-24;2025-12-25;2025-12-26;2025-12-27,2025-12-27,2,10009.430584957698,57597.121978769006,-0.4211205160046231,0.7992968171747634,1.0,10
2025-12-28,2025-12-29,2025-12-27,2025-12-01;2025-12-08;2025-12-15;2025-12-22,2025-12-21;2025-12-22;2025-12-23;2025-12-24;2025-12-25;2025-12-26;2025-12-27,2025-12-27,2,10309.646818518131,57470.69476357907,-0.4211205160046231,0.7992968171747634,1.0,10
2025-12-28,2025-12-29,2025-12-27,2025-12-01;2025-12-08;2025-12-15;2025-12-22,2025-12-21;2025-12-22;2025-12-23;2025-12-24;2025-12-25;2025-12-26;2025-12-27,2025-12-27,2,10800.0,57264.196978768916,-0.40499289993776433,0.7992968171747634,1.0,10
2025-12-29,2025-12-30,2025-12-28,2025-12-02;2025-12-09;2025-12-16;2025-12-23,2025-12-22;2025-12-23;2025-12-24;2025-12-25;2025-12-26;2025-12-27;2025-12-28,2025-12-28,2,1200.0,61563.275676350735,-0.4544192997661961,0.7992968171747634,1.0,10
2025-12-29,2025-12-30,2025-12-28,2025-12-02;2025-12-09;2025-12-16;2025-12-23,2025-12-22;2025-12-23;2025-12-24;2025-12-25;2025-12-26;2025-12-27;2025-12-28,2025-12-28,2,2850.3853265227904,60814.01706526118,-0.4534706164681456,0.7992968171747634,1.0,10
2025-12-29,2025-12-30,2025-12-28,2025-12-02;2025-12-09;2025-12-16;2025-12-23,2025-12-22;2025-12-23;2025-12-24;2025-12-25;2025-12-26;2025-12-27;2025-12-28,2025-12-28,2,3709.580558841014,60424.50404442867,-0.4525219331700951,0.7992968171747634,1.0,10
2025-12-29,2025-12-30,2025-12-28,2025-12-02;2025-12-09;2025-12-16;2025-12-23,2025-12-22;2025-12-23;2025-12-24;2025-12-25;2025-12-26;2025-12-27;2025-12-28,2025-12-28,2,5876.908642692508,59445.30873192854,-0.45104620359534986,0.7992968171747634,1.0,10
2025-12-29,2025-12-30,2025-12-28,2025-12-02;2025-12-09;2025-12-16;2025-12-23,2025-12-22;2025-12-23;2025-12-24;2025-12-25;2025-12-26;2025-12-27;2025-12-28,2025-12-28,2,7916.746839258588,58526.79157506569,-0.4499921110419604,0.7992968171747634,1.0,10
2025-12-29,2025-12-30,2025-12-28,2025-12-02;2025-12-09;2025-12-16;2025-12-23,2025-12-22;2025-12-23;2025-12-24;2025-12-25;2025-12-26;2025-12-27;2025-12-28,2025-12-28,2,8527.112931755786,58252.35039859445,-0.44777851667984253,0.7992968171747634,1.0,10
2025-12-29,2025-12-30,2025-12-28,2025-12-02;2025-12-09;2025-12-16;2025-12-23,2025-12-22;2025-12-23;2025-12-24;2025-12-25;2025-12-26;2025-12-27;2025-12-28,2025-12-28,2,9678.831984208682,57736.78080519821,-0.44746228891382567,0.7992968171747634,1.0,10
2025-12-29,2025-12-30,2025-12-28,2025-12-02;2025-12-09;2025-12-16;2025-12-23,2025-12-22;2025-12-23;2025-12-24;2025-12-25;2025-12-26;2025-12-27;2025-12-28,2025-12-28,2,10009.430584957698,57588.85039859534,-0.4211205160046231,0.7992968171747634,1.0,10
2025-12-29,2025-12-30,2025-12-28,2025-12-02;2025-12-09;2025-12-16;2025-12-23,2025-12-22;2025-12-23;2025-12-24;2025-12-25;2025-12-26;2025-12-27;2025-12-28,2025-12-28,2,10305.835833634139,57464.02806732624,-0.4211205160046231,0.7992968171747634,1.0,10
2025-12-29,2025-12-30,2025-12-28,2025-12-02;2025-12-09;2025-12-16;2025-12-23,2025-12-22;2025-12-23;2025-12-24;2025-12-25;2025-12-26;2025-12-27;2025-12-28,2025-12-28,2,10800.0,57255.946607207334,-0.4052775049271795,0.7992968171747634,1.0,10
2025-12-30,2025-12-31,2025-12-29,2025-12-03;2025-12-10;2025-12-17;2025-12-24,2025-12-23;2025-12-24;2025-12-25;2025-12-26;2025-12-27;2025-12-28;2025-12-29,2025-12-29,2,1200.0,61083.252677157274,-0.4544192997661961,0.7992968171747634,1.0,10
2025-12-30,2025-12-31,2025-12-29,2025-12-03;2025-12-10;2025-12-17;2025-12-24,2025-12-23;2025-12-24;2025-12-25;2025-12-26;2025-12-27;2025-12-28;2025-12-29,2025-12-29,2,2850.3853265227904,60333.99406606772,-0.4534706164681456,0.7992968171747634,1.0,10
2025-12-30,2025-12-31,2025-12-29,2025-12-03;2025-12-10;2025-12-17;2025-12-24,2025-12-23;2025-12-24;2025-12-25;2025-12-26;2025-12-27;2025-12-28;2025-12-29,2025-12-29,2,3709.580558841014,59944.48104523521,-0.4525219331700951,0.7992968171747634,1.0,10
2025-12-30,2025-12-31,2025-12-29,2025-12-03;2025-12-10;2025-12-17;2025-12-24,2025-12-23;2025-12-24;2025-12-25;2025-12-26;2025-12-27;2025-12-28;2025-12-29,2025-12-29,2,5876.908642692508,58965.28573273508,-0.45104620359534986,0.7992968171747634,1.0,10
2025-12-30,2025-12-31,2025-12-29,2025-12-03;2025-12-10;2025-12-17;2025-12-24,2025-12-23;2025-12-24;2025-12-25;2025-12-26;2025-12-27;2025-12-28;2025-12-29,2025-12-29,2,7916.746839258588,58046.76857587222,-0.4499921110419604,0.7992968171747634,1.0,10
2025-12-30,2025-12-31,2025-12-29,2025-12-03;2025-12-10;2025-12-17;2025-12-24,2025-12-23;2025-12-24;2025-12-25;2025-12-26;2025-12-27;2025-12-28;2025-12-29,2025-12-29,2,8527.11293175291,57772.32739940226,-0.44777851667984253,0.7992968171747634,1.0,10
2025-12-30,2025-12-31,2025-12-29,2025-12-03;2025-12-10;2025-12-17;2025-12-24,2025-12-23;2025-12-24;2025-12-25;2025-12-26;2025-12-27;2025-12-28;2025-12-29,2025-12-29,2,9728.351524996524,57234.599678937855,-0.44746228891382567,0.7992968171747634,1.0,10
2025-12-30,2025-12-31,2025-12-29,2025-12-03;2025-12-10;2025-12-17;2025-12-24,2025-12-23;2025-12-24;2025-12-25;2025-12-26;2025-12-27;2025-12-28;2025-12-29,2025-12-29,2,10009.430584957972,57108.827399401765,-0.4211205160046231,0.7992968171747634,1.0,10
2025-12-30,2025-12-31,2025-12-29,2025-12-03;2025-12-10;2025-12-17;2025-12-24,2025-12-23;2025-12-24;2025-12-25;2025-12-26;2025-12-27;2025-12-28;2025-12-29,2025-12-29,2,10330.995503735418,56973.40981487722,-0.4211205160046231,0.7992968171747634,1.0,10
2025-12-30,2025-12-31,2025-12-29,2025-12-03;2025-12-10;2025-12-17;2025-12-24,2025-12-23;2025-12-24;2025-12-25;2025-12-26;2025-12-27;2025-12-28;2025-12-29,2025-12-29,2,10800.0,56775.93010092304,-0.4030006650118583,0.7992968171747634,1.0,10
